datetime,open,high,low,close,volume
2026-03-10 00:00,66.51,66.51,66.51,66.51,0
2026-03-10 01:00,66.51,66.51,66.51,66.51,0
2026-03-10 02:00,66.51,66.51,66.51,66.51,0
2026-03-10 03:00,66.51,66.51,66.51,66.51,0
2026-03-10 04:00,66.51,66.51,66.51,66.51,0
2026-03-10 05:00,66.51,66.51,66.51,66.51,0
2026-03-10 06:00,66.51,66.51,66.51,66.51,0
2026-03-10 07:00,66.51,66.51,66.51,66.51,0
2026-03-10 08:00,66.1,66.1,66.1,66.1,4
2026-03-10 09:00,66.1,66.1,66.1,66.1,0
2026-03-10 10:00,66.1,66.1,66.1,66.1,0
2026-03-10 11:00,66.1,66.1,66.1,66.1,0
2026-03-10 12:00,66.1,66.1,66.1,66.1,0
2026-03-10 13:00,66.1,66.1,66.1,66.1,0
2026-03-10 14:00,65.41,65.65,64.71,65.01,229
2026-03-10 15:00,64.91,66.19,64.81,65.71,303
2026-03-10 16:00,65.71,66.42,65.5,66.01,323
2026-03-10 17:00,66.01,66.01,66.01,66.01,0
2026-03-10 19:00,66.92,66.92,65.93,65.93,0
2026-03-10 20:00,65.93,65.93,65.93,65.93,0
2026-03-10 21:00,65.93,65.93,65.93,65.93,0
2026-03-10 22:00,65.93,65.93,65.93,65.93,0
2026-03-10 23:00,65.93,65.93,65.93,65.93,0
2026-03-11 00:00,65.93,65.93,65.93,65.93,0
2026-03-11 01:00,65.93,65.93,65.93,65.93,0
2026-03-11 02:00,65.93,65.93,65.93,65.93,0
2026-03-11 03:00,65.93,65.93,65.93,65.93,0
2026-03-11 04:00,65.93,65.93,65.93,65.93,0
2026-03-11 05:00,65.93,65.93,65.93,65.93,0
2026-03-11 06:00,65.93,65.93,65.93,65.93,0
2026-03-11 07:00,65.93,65.93,65.93,65.93,0
2026-03-11 08:00,65.93,65.93,65.93,65.93,0
2026-03-11 09:00,65.93,65.93,65.93,65.93,0
2026-03-11 10:00,65.93,65.93,65.93,65.93,0
2026-03-11 11:00,65.93,65.93,65.93,65.93,0
2026-03-11 12:00,65.93,65.93,65.93,65.93,0
2026-03-11 13:00,65.93,65.93,65.93,65.93,0
2026-03-11 14:00,65.93,65.93,65.93,65.93,0
2026-03-11 15:00,66.92,66.92,66.92,66.92,1
2026-03-11 16:00,66.92,66.92,66.92,66.92,0
2026-03-11 17:00,67.23,67.23,67.23,67.23,1
2026-03-11 19:00,68.22,68.22,67.16,67.16,0
2026-03-11 20:00,67.16,67.16,67.16,67.16,0
2026-03-11 21:00,67.16,67.16,67.16,67.16,0
2026-03-11 22:00,67.16,67.16,67.16,67.16,0
2026-03-11 23:00,67.16,67.16,67.16,67.16,0
2026-03-12 00:00,67.16,67.16,67.16,67.16,0
2026-03-12 01:00,67.16,67.16,67.16,67.16,0
2026-03-12 02:00,67.16,67.16,67.16,67.16,0
2026-03-12 03:00,67.16,67.16,67.16,67.16,0
2026-03-12 04:00,67.16,67.16,67.16,67.16,0
2026-03-12 05:00,67.16,67.16,67.16,67.16,0
2026-03-12 06:00,67.16,67.16,67.16,67.16,0
2026-03-12 07:00,67.16,67.16,67.16,67.16,0
2026-03-12 08:00,67.16,67.16,67.16,67.16,0
2026-03-12 09:00,67.16,67.16,67.16,67.16,0
2026-03-12 10:00,67.16,67.16,67.16,67.16,0
2026-03-12 11:00,67.16,67.16,67.16,67.16,0
2026-03-12 12:00,67.16,67.16,67.16,67.16,0
2026-03-12 13:00,67.16,67.16,67.16,67.16,0
2026-03-12 14:00,67.16,67.16,67.16,67.16,0
2026-03-12 15:00,68.22,68.51,68.22,68.51,2
2026-03-12 16:00,69.29,69.29,69.29,69.29,3
2026-03-12 17:00,69.29,69.29,69.29,69.29,0
2026-03-12 19:00,68.97,68.97,68.63,68.63,0
2026-03-12 20:00,68.63,68.63,68.63,68.63,0
2026-03-12 21:00,68.63,68.63,68.63,68.63,0
2026-03-12 22:00,68.63,68.63,68.63,68.63,0
2026-03-12 23:00,68.63,68.63,68.63,68.63,0
2026-03-13 00:00,68.63,68.63,68.63,68.63,0
2026-03-13 01:00,68.63,68.63,68.63,68.63,0
2026-03-13 02:00,68.63,68.63,68.63,68.63,0
2026-03-13 03:00,68.63,68.63,68.63,68.63,0
2026-03-13 04:00,68.63,68.63,68.63,68.63,0
2026-03-13 05:00,68.63,68.63,68.63,68.63,0
2026-03-13 06:00,68.63,68.63,68.63,68.63,0
2026-03-13 07:00,68.63,68.63,68.63,68.63,0
2026-03-13 08:00,68.97,68.97,68.97,68.97,1
2026-03-13 09:00,68.97,68.97,68.97,68.97,0
2026-03-13 10:00,69.04,69.04,69.04,69.04,1
2026-03-13 11:00,69.04,69.04,69.04,69.04,0
2026-03-13 12:00,69.04,69.04,69.04,69.04,0
2026-03-13 13:00,69.04,69.04,69.04,69.04,0
2026-03-13 14:00,69.04,69.04,69.04,69.04,0
2026-03-13 15:00,69.04,69.04,69.04,69.04,0
2026-03-13 16:00,69.04,69.04,69.04,69.04,0
2026-03-13 17:00,69.04,69.04,69.04,69.04,0
2026-03-15 19:00,69.54,69.54,69.52,69.52,14
2026-03-15 20:00,69.52,69.52,69.52,69.52,0
2026-03-15 21:00,69.52,69.52,69.52,69.52,0
2026-03-15 22:00,69.52,69.52,69.52,69.52,0
2026-03-15 23:00,69.52,69.52,69.52,69.52,0
2026-03-16 00:00,69.52,69.52,69.52,69.52,0
2026-03-16 01:00,69.52,69.52,69.52,69.52,0
2026-03-16 02:00,69.52,69.52,69.52,69.52,0
2026-03-16 03:00,69.52,69.52,69.52,69.52,0
2026-03-16 04:00,69.52,69.52,69.52,69.52,0
2026-03-16 05:00,69.52,69.52,69.52,69.52,0
2026-03-16 06:00,69.52,69.52,69.52,69.52,0
2026-03-16 07:00,69.52,69.52,69.52,69.52,0
2026-03-16 08:00,69.52,69.52,69.52,69.52,0
2026-03-16 09:00,69.52,69.52,69.52,69.52,0
2026-03-16 10:00,69.52,69.52,69.52,69.52,0
2026-03-16 11:00,69.52,69.52,69.52,69.52,0
2026-03-16 12:00,69.52,69.52,69.52,69.52,0
2026-03-16 13:00,69.52,69.52,69.52,69.52,0
2026-03-16 14:00,69.52,69.52,69.52,69.52,0
2026-03-16 15:00,69.21,69.21,69.21,69.21,2
2026-03-16 16:00,69.47,69.47,69.47,69.47,20
2026-03-16 17:00,69.47,69.47,69.47,69.47,0
2026-03-16 19:00,70.55,70.55,69.39,69.39,0
2026-03-16 20:00,69.39,69.39,69.39,69.39,0
2026-03-16 21:00,69.39,69.39,69.39,69.39,0
2026-03-16 22:00,69.39,69.39,69.39,69.39,0
2026-03-16 23:00,69.39,69.39,69.39,69.39,0
2026-03-17 00:00,69.39,69.39,69.39,69.39,0
2026-03-17 01:00,69.39,69.39,69.39,69.39,0
2026-03-17 02:00,69.39,69.39,69.39,69.39,0
2026-03-17 03:00,69.39,69.39,69.39,69.39,0
2026-03-17 04:00,69.39,69.39,69.39,69.39,0
2026-03-17 05:00,69.39,69.39,69.39,69.39,0
2026-03-17 06:00,69.39,69.39,69.39,69.39,0
2026-03-17 07:00,69.39,69.39,69.39,69.39,0
2026-03-17 08:00,69.39,69.39,69.39,69.39,0
2026-03-17 09:00,70.55,70.55,70.55,70.55,1
2026-03-17 10:00,70.55,70.55,70.55,70.55,0
2026-03-17 11:00,70.55,70.55,70.55,70.55,0
2026-03-17 12:00,70.55,70.55,70.55,70.55,0
2026-03-17 13:00,70.55,70.55,70.55,70.55,0
2026-03-17 14:00,70.55,70.55,70.55,70.55,0
2026-03-17 15:00,70.12,70.17,70.12,70.17,17
2026-03-17 16:00,70.17,70.17,70.17,70.17,0
2026-03-17 17:00,70.17,70.17,70.17,70.17,0
2026-03-17 19:00,71.1,71.1,70.19,70.19,0
2026-03-17 20:00,70.19,70.19,70.19,70.19,0
2026-03-17 21:00,70.19,70.19,70.19,70.19,0
2026-03-17 22:00,70.19,70.19,70.19,70.19,0
2026-03-17 23:00,70.19,70.19,70.19,70.19,0
2026-03-18 00:00,70.19,70.19,70.19,70.19,0
2026-03-18 01:00,70.19,70.19,70.19,70.19,0
2026-03-18 02:00,70.19,70.19,70.19,70.19,0
2026-03-18 03:00,70.19,70.19,70.19,70.19,0
2026-03-18 04:00,70.19,70.19,70.19,70.19,0
2026-03-18 05:00,70.19,70.19,70.19,70.19,0
2026-03-18 06:00,70.19,70.19,70.19,70.19,0
2026-03-18 07:00,70.19,70.19,70.19,70.19,0
2026-03-18 08:00,70.19,70.19,70.19,70.19,0
2026-03-18 09:00,71.1,71.1,71.1,71.1,130
2026-03-18 10:00,71.1,71.1,71.1,71.1,0
2026-03-18 11:00,71.1,71.1,71.1,71.1,0
2026-03-18 12:00,71.86,71.86,71.86,71.86,5
2026-03-18 13:00,71.73,71.73,71.73,71.73,3
2026-03-18 14:00,71.73,71.73,71.73,71.73,0
2026-03-18 15:00,71.87,72,71.71,71.71,8
2026-03-18 16:00,72.3,72.3,72.3,72.3,1
2026-03-18 17:00,72.3,72.3,72.3,72.3,0
2026-03-18 19:00,73.29,73.29,72.06,72.06,0
2026-03-18 20:00,72.06,72.06,72.06,72.06,0
2026-03-18 21:00,72.06,72.06,72.06,72.06,0
2026-03-18 22:00,72.06,72.06,72.06,72.06,0
2026-03-18 23:00,72.06,72.06,72.06,72.06,0
2026-03-19 00:00,72.06,72.06,72.06,72.06,0
2026-03-19 01:00,72.06,72.06,72.06,72.06,0
2026-03-19 02:00,72.06,72.06,72.06,72.06,0
2026-03-19 03:00,72.06,72.06,72.06,72.06,0
2026-03-19 04:00,72.06,72.06,72.06,72.06,0
2026-03-19 05:00,73.29,73.29,73.29,73.29,1
2026-03-19 06:00,73.29,73.29,73.29,73.29,0
2026-03-19 07:00,73.29,73.29,73.29,73.29,0
2026-03-19 08:00,72.41,72.41,72.4,72.4,8
2026-03-19 09:00,72.4,72.4,72.4,72.4,0
2026-03-19 10:00,72.4,72.4,72.4,72.4,0
2026-03-19 11:00,72.4,72.4,72.4,72.4,0
2026-03-19 12:00,72.4,72.4,72.4,72.4,0
2026-03-19 13:00,72.4,72.4,72.4,72.4,0
2026-03-19 14:00,72.4,72.4,72.4,72.4,0
2026-03-19 15:00,72.4,72.4,72.4,72.4,0
2026-03-19 16:00,72.55,72.55,72.55,72.55,1
2026-03-19 17:00,72.55,72.55,72.55,72.55,0
2026-03-19 19:00,73,73.43,73,73.43,0
2026-03-19 20:00,73.43,73.43,73.43,73.43,0
2026-03-19 21:00,73.43,73.43,73.43,73.43,0
2026-03-19 22:00,73.43,73.43,73.43,73.43,0
2026-03-19 23:00,73.43,73.43,73.43,73.43,0
2026-03-20 00:00,73,73.1,73,73.1,2
2026-03-20 01:00,73.1,73.1,73.1,73.1,0
2026-03-20 02:00,73.1,73.1,73.1,73.1,0
2026-03-20 03:00,73.1,73.1,73.1,73.1,0
2026-03-20 04:00,73.1,73.1,73.1,73.1,0
2026-03-20 05:00,73.1,73.1,73.1,73.1,0
2026-03-20 06:00,73.1,73.1,73.1,73.1,0
2026-03-20 07:00,73.1,73.1,73.1,73.1,0
2026-03-20 08:00,73.38,73.38,73.38,73.38,2
2026-03-20 09:00,73.38,73.38,73.38,73.38,0
2026-03-20 10:00,73.38,73.38,73.38,73.38,0
2026-03-20 11:00,73.19,73.19,73.19,73.19,1
2026-03-20 12:00,72.99,72.99,72.99,72.99,1
2026-03-20 13:00,73,73,72.98,72.98,5
2026-03-20 14:00,72.98,72.98,72.98,72.98,0
2026-03-20 15:00,73.57,73.57,73.57,73.57,2
2026-03-20 16:00,73.57,73.57,73.57,73.57,0
2026-03-20 17:00,72.72,72.72,72.72,72.72,3
2026-03-22 19:00,73.85,73.85,73.53,73.53,0
2026-03-22 20:00,73.53,73.53,73.53,73.53,0
2026-03-22 21:00,73.53,73.53,73.53,73.53,0
2026-03-22 22:00,73.53,73.53,73.53,73.53,0
2026-03-22 23:00,73.53,73.53,73.53,73.53,0
2026-03-23 00:00,73.53,73.53,73.53,73.53,0
2026-03-23 01:00,73.53,73.53,73.53,73.53,0
2026-03-23 02:00,73.85,73.85,73.82,73.82,3
2026-03-23 03:00,74.3,74.45,74.3,74.45,7
2026-03-23 04:00,74.45,74.45,74.45,74.45,0
2026-03-23 05:00,74.45,74.45,74.45,74.45,0
2026-03-23 06:00,74.45,74.45,74.45,74.45,0
2026-03-23 07:00,74.39,74.39,74.39,74.39,1
2026-03-23 08:00,74.39,74.39,74.39,74.39,0
2026-03-23 09:00,74.39,74.39,74.39,74.39,0
2026-03-23 10:00,74.39,74.39,74.39,74.39,0
2026-03-23 11:00,74.39,74.39,74.39,74.39,0
2026-03-23 12:00,74.39,74.39,74.39,74.39,0
2026-03-23 13:00,74.39,74.39,74.39,74.39,0
2026-03-23 14:00,74.39,74.39,74.39,74.39,0
2026-03-23 15:00,74.39,74.39,74.39,74.39,0
2026-03-23 16:00,74.39,74.39,74.39,74.39,0
2026-03-23 17:00,74.39,74.39,74.39,74.39,0
2026-03-23 19:00,72.5,72.5,70.28,70.28,0
2026-03-23 20:00,70.28,70.28,70.28,70.28,0
2026-03-23 21:00,70.28,70.28,70.28,70.28,0
2026-03-23 22:00,70.28,70.28,70.28,70.28,0
2026-03-23 23:00,70.28,70.28,70.28,70.28,0
2026-03-24 00:00,70.28,70.28,70.28,70.28,0
2026-03-25 16:00,71.7,71.7,71.7,71.7,0
2026-03-25 17:00,71.7,71.7,71.7,71.7,0
2026-03-25 19:00,71.65,71.65,71.65,71.65,0
2026-03-25 20:00,71.65,71.65,71.65,71.65,0
2026-03-25 21:00,71.65,71.65,71.65,71.65,0
2026-03-25 22:00,71.65,71.65,71.65,71.65,0
2026-03-25 23:00,71.65,71.65,71.65,71.65,0
2026-03-26 00:00,71.65,71.65,71.65,71.65,0
2026-03-26 01:00,71.65,71.65,71.65,71.65,0
2026-03-26 02:00,71.65,71.65,71.65,71.65,0
2026-03-26 03:00,71.65,71.65,71.65,71.65,0
2026-03-26 04:00,71.65,71.65,71.65,71.65,0
2026-03-26 05:00,71.65,71.65,71.65,71.65,0
2026-03-26 06:00,71.65,71.65,71.65,71.65,0
2026-03-26 07:00,71.65,71.65,71.65,71.65,0
2026-03-26 08:00,71.65,71.65,71.65,71.65,0
2026-03-26 09:00,71.65,71.65,71.65,71.65,0
2026-03-26 10:00,71.65,71.65,71.65,71.65,0
2026-03-26 11:00,71.65,71.65,71.65,71.65,0
2026-03-26 12:00,71.65,71.65,71.65,71.65,0
2026-03-26 13:00,71.65,71.65,71.65,71.65,0
2026-03-26 14:00,71.65,71.65,71.65,71.65,0
2026-03-26 15:00,71.65,71.65,71.65,71.65,0
2026-03-26 16:00,71.65,71.65,71.65,71.65,0
2026-03-26 17:00,71.65,71.65,71.65,71.65,0
2026-03-26 19:00,72.97,72.97,72.76,72.76,0
2026-03-26 20:00,72.76,72.76,72.76,72.76,0
2026-03-26 21:00,72.76,72.76,72.76,72.76,0
2026-03-26 22:00,72.76,72.76,72.76,72.76,0
2026-03-26 23:00,72.76,72.76,72.76,72.76,0
2026-03-27 00:00,72.76,72.76,72.76,72.76,0
2026-03-27 01:00,72.76,72.76,72.76,72.76,0
2026-03-27 02:00,72.76,72.76,72.76,72.76,0
2026-03-27 03:00,72.76,72.76,72.76,72.76,0
2026-03-27 04:00,72.76,72.76,72.76,72.76,0
2026-03-27 05:00,72.76,72.76,72.76,72.76,0
2026-03-27 06:00,72.76,72.76,72.76,72.76,0
2026-03-27 07:00,72.76,72.76,72.76,72.76,0
2026-03-27 08:00,72.76,72.76,72.76,72.76,0
2026-03-27 09:00,72.76,72.76,72.76,72.76,0
2026-03-27 10:00,72.97,72.97,72.96,72.96,3
2026-03-27 11:00,72.96,72.96,72.96,72.96,0
2026-03-27 12:00,72.96,72.96,72.96,72.96,0
2026-03-27 13:00,72.96,72.96,72.96,72.96,0
2026-03-27 14:00,72.96,72.96,72.96,72.96,0
2026-03-27 15:00,72.33,72.33,72.33,72.33,2
2026-03-27 16:00,72.33,72.33,72.33,72.33,0
2026-03-27 17:00,72.33,72.33,72.33,72.33,0
2026-03-29 19:00,72.49,72.49,72.47,72.47,0
2026-03-29 20:00,72.47,72.47,72.47,72.47,0
2026-03-29 21:00,72.47,72.47,72.47,72.47,0
2026-03-29 22:00,72.47,72.47,72.47,72.47,0
2026-03-29 23:00,72.47,72.47,72.47,72.47,0
2026-03-30 00:00,72.47,72.47,72.47,72.47,0
2026-03-30 01:00,72.47,72.47,72.47,72.47,0
2026-03-30 02:00,72.47,72.47,72.47,72.47,0
2026-03-30 03:00,72.47,72.47,72.47,72.47,0
2026-03-30 04:00,72.49,72.49,72.49,72.49,6
2026-03-30 05:00,72.49,72.49,72.49,72.49,0
2026-03-30 06:00,72.49,72.49,72.49,72.49,0
2026-03-30 07:00,72.49,72.49,72.49,72.49,0
2026-03-30 08:00,72.47,72.47,72.47,72.47,5
2026-03-30 09:00,72.47,72.47,72.47,72.47,0
2026-03-30 10:00,72.47,72.47,72.47,72.47,0
2026-03-30 11:00,72.47,72.47,72.47,72.47,0
2026-03-30 12:00,72.47,72.47,72.47,72.47,0
2026-03-30 13:00,72.47,72.47,72.47,72.47,0
2026-03-30 14:00,72.47,72.47,72.47,72.47,0
2026-03-30 15:00,72.47,72.47,72.47,72.47,0
2026-03-30 16:00,72.47,72.47,72.47,72.47,0
2026-03-30 17:00,72.47,72.47,72.47,72.47,0
2026-03-30 19:00,72.07,72.07,72.07,72.07,0
2026-03-30 20:00,72.07,72.07,72.07,72.07,0
2026-03-30 21:00,72.07,72.07,72.07,72.07,0
2026-03-30 22:00,72.07,72.07,72.07,72.07,0
2026-03-30 23:00,72.07,72.07,72.07,72.07,0
2026-03-31 00:00,72.07,72.07,72.07,72.07,0
2026-03-31 01:00,72.07,72.07,72.07,72.07,0
2026-03-31 02:00,72.07,72.07,72.07,72.07,0
2026-03-31 03:00,72.07,72.07,72.07,72.07,0
2026-03-31 04:00,72.07,72.07,72.07,72.07,0
2026-03-31 05:00,72.07,72.07,72.07,72.07,0
2026-03-31 06:00,72.07,72.07,72.07,72.07,1
2026-03-31 07:00,72.07,72.07,72.07,72.07,0
2026-03-31 08:00,72.07,72.07,72.07,72.07,0
2026-03-31 09:00,72.07,72.07,72.07,72.07,0
2026-03-31 10:00,71.67,71.67,71.66,71.66,4
2026-03-31 11:00,71.66,71.66,71.66,71.66,0
2026-03-31 12:00,71.66,71.66,71.66,71.66,0
2026-03-31 13:00,71.66,71.66,71.66,71.66,0
2026-03-31 14:00,71.66,71.66,71.66,71.66,0
2026-03-31 15:00,70.28,70.28,69.41,69.41,135
2026-03-31 16:00,69.41,69.41,69.41,69.41,0
2026-03-31 17:00,69.41,69.41,69.41,69.41,0
2026-03-31 19:00,68.99,68.99,68.96,68.96,0
2026-03-31 20:00,68.96,68.96,68.96,68.96,0
2026-03-31 21:00,68.96,68.96,68.96,68.96,0
2026-03-31 22:00,68.96,68.96,68.96,68.96,0
2026-03-31 23:00,68.96,68.96,68.96,68.96,0
2026-04-01 00:00,68.96,68.96,68.96,68.96,0
2026-04-01 01:00,68.96,68.96,68.96,68.96,0
2026-04-01 02:00,68.96,68.96,68.96,68.96,0
2026-04-01 03:00,68.96,68.96,68.96,68.96,0
2026-04-01 04:00,68.96,68.96,68.96,68.96,0
2026-04-01 05:00,68.99,69.06,68.99,69.06,6
2026-04-01 06:00,69.06,69.06,69.06,69.06,0
2026-04-01 07:00,69.06,69.06,69.06,69.06,0
2026-04-01 08:00,69.06,69.06,69.06,69.06,0
2026-04-01 09:00,69.06,69.06,69.06,69.06,0
2026-04-01 10:00,69.06,69.06,69.06,69.06,0
2026-04-01 11:00,67.91,67.91,67.91,67.91,6
2026-04-01 12:00,68.06,68.06,68.06,68.06,19
2026-04-01 13:00,68.06,68.06,68.06,68.06,0
2026-04-01 14:00,68.06,68.06,68.06,68.06,0
2026-04-01 15:00,67.99,67.99,67.99,67.99,6
2026-04-01 16:00,67.99,67.99,67.99,67.99,0
2026-04-01 17:00,67.99,67.99,67.99,67.99,0
2026-04-01 19:00,69.06,69.06,68.11,68.11,0
2026-04-01 20:00,68.11,68.11,68.11,68.11,0
2026-04-01 21:00,68.11,68.11,68.11,68.11,0
2026-04-01 22:00,68.11,68.11,68.11,68.11,0
2026-04-01 23:00,68.11,68.11,68.11,68.11,0
2026-04-02 00:00,68.11,68.11,68.11,68.11,0
2026-04-02 01:00,68.11,68.11,68.11,68.11,0
2026-04-02 02:00,68.11,68.11,68.11,68.11,0
2026-04-02 03:00,68.11,68.11,68.11,68.11,0
2026-04-02 04:00,68.11,68.11,68.11,68.11,0
2026-04-02 05:00,68.11,68.11,68.11,68.11,0
2026-04-02 06:00,68.11,68.11,68.11,68.11,0
2026-04-02 07:00,68.11,68.11,68.11,68.11,0
2026-04-02 08:00,68.11,68.11,68.11,68.11,0
2026-04-02 09:00,68.11,68.11,68.11,68.11,0
2026-04-02 10:00,69.06,69.06,69.06,69.06,1
2026-04-02 11:00,69.06,69.06,69.06,69.06,0
2026-04-02 12:00,69.06,69.06,69.06,69.06,0
2026-04-02 13:00,67.44,67.44,67.44,67.44,1
2026-04-02 14:00,67.44,67.44,67.44,67.44,0
2026-04-02 15:00,68.14,68.14,68.14,68.14,2
2026-04-02 16:00,68.28,68.28,68.24,68.24,23
2026-04-02 17:00,68.37,68.37,68.37,68.37,4
2026-04-05 19:00,68.8,68.8,68.64,68.7,3
2026-04-05 20:00,68.7,68.7,68.7,68.7,0
2026-04-05 21:00,68.4,68.45,68.2,68.32,4
2026-04-05 22:00,68.32,68.32,68.32,68.32,0
2026-04-05 23:00,68.32,68.32,68.32,68.32,0
2026-04-06 00:00,68.32,68.32,68.32,68.32,0
2026-04-06 01:00,68.32,68.32,68.32,68.32,0
2026-04-06 02:00,68.32,68.32,68.32,68.32,0
2026-04-06 03:00,68.32,68.32,68.32,68.32,0
2026-04-06 04:00,68.32,68.32,68.32,68.32,0
2026-04-06 05:00,68.32,68.32,68.32,68.32,0
2026-04-06 06:00,68.32,68.32,68.32,68.32,0
2026-04-06 07:00,68.32,68.32,68.32,68.32,0
2026-04-06 08:00,68.32,68.32,68.32,68.32,0
2026-04-06 09:00,68.9,68.9,68.9,68.9,34
2026-04-06 10:00,68.9,68.9,68.7,68.7,14
2026-04-06 11:00,68.69,68.95,68.67,68.95,150
2026-04-06 12:00,68.96,68.96,68.96,68.96,50
2026-04-06 13:00,68.96,68.96,68.96,68.96,0
2026-04-06 14:00,68.96,68.96,68.96,68.96,0
2026-04-06 15:00,68.96,68.96,68.96,68.96,0
2026-04-06 16:00,68.96,68.96,68.96,68.96,0
2026-04-06 17:00,68.96,68.96,68.96,68.96,0
2026-04-06 19:00,70.51,70.51,69.87,69.87,0
2026-04-06 20:00,69.87,69.87,69.87,69.87,0
2026-04-06 21:00,69.87,69.87,69.87,69.87,0
2026-04-06 22:00,69.87,69.87,69.87,69.87,0
2026-04-06 23:00,69.87,69.87,69.87,69.87,0
2026-04-07 00:00,69.87,69.87,69.87,69.87,0
2026-04-07 01:00,69.87,69.87,69.87,69.87,0
2026-04-07 02:00,69.87,69.87,69.87,69.87,0
2026-04-07 03:00,69.87,69.87,69.87,69.87,0
2026-04-07 04:00,69.87,69.87,69.87,69.87,0
2026-04-07 05:00,69.87,69.87,69.87,69.87,0
2026-04-07 06:00,69.87,69.87,69.87,69.87,0
2026-04-07 07:00,69.87,69.87,69.87,69.87,0
2026-04-07 08:00,69.87,69.87,69.87,69.87,0
2026-04-07 09:00,69.87,69.87,69.87,69.87,0
2026-04-07 10:00,69.87,69.87,69.87,69.87,0
2026-04-07 11:00,70.51,70.51,70.5,70.5,15
2026-04-07 12:00,70.5,70.5,70.5,70.5,0
2026-04-07 13:00,70.5,70.5,70.5,70.5,0
2026-04-07 14:00,70.5,70.5,70.5,70.5,0
2026-04-07 15:00,70.85,70.85,70.85,70.85,31
2026-04-07 16:00,70.85,70.85,70.85,70.85,0
2026-04-07 17:00,70.85,70.85,70.85,70.85,0
2026-04-07 19:00,68.4,70.83,68.4,70.83,0
2026-04-07 20:00,70.83,70.83,70.83,70.83,0
2026-04-07 21:00,70.83,70.83,70.83,70.83,0
2026-04-07 22:00,70.83,70.83,70.83,70.83,0
2026-04-07 23:00,70.83,70.83,70.83,70.83,0
2026-04-08 00:00,70.83,70.83,70.83,70.83,0
2026-04-08 01:00,70.83,70.83,70.83,70.83,0
2026-04-08 02:00,70.83,70.83,70.83,70.83,0
2026-04-08 03:00,70.83,70.83,70.83,70.83,0
2026-04-08 04:00,70.83,70.83,70.83,70.83,0
2026-04-08 05:00,70.83,70.83,70.83,70.83,0
2026-04-08 06:00,70.83,70.83,70.83,70.83,0
2026-04-08 07:00,70.83,70.83,70.83,70.83,0
2026-04-08 08:00,70.83,70.83,70.83,70.83,0
2026-04-08 09:00,70.83,70.83,70.83,70.83,0
2026-04-08 10:00,68.4,68.4,68.4,68.4,5
2026-04-08 11:00,68.75,68.94,68.75,68.94,7
2026-04-08 12:00,69.02,69.02,69.02,69.02,5
2026-04-08 13:00,69.02,69.02,69.02,69.02,0
2026-04-08 14:00,69.02,69.02,69.02,69.02,0
2026-04-08 15:00,70.42,70.42,70.36,70.36,4
2026-04-08 16:00,70.69,70.69,70.69,70.69,3
2026-04-08 17:00,70.69,70.69,70.69,70.69,0
2026-04-08 19:00,70.19,70.44,70.19,70.44,0
2026-04-08 20:00,70.44,70.44,70.44,70.44,0
2026-04-08 21:00,70.44,70.44,70.44,70.44,0
2026-04-08 22:00,70.44,70.44,70.44,70.44,0
2026-04-08 23:00,70.44,70.44,70.44,70.44,0
2026-04-09 00:00,70.44,70.44,70.44,70.44,0
2026-04-09 01:00,70.44,70.44,70.44,70.44,0
2026-04-09 02:00,70.44,70.44,70.44,70.44,0
2026-04-09 03:00,70.44,70.44,70.44,70.44,0
2026-04-09 04:00,70.44,70.44,70.44,70.44,0
2026-04-09 05:00,70.44,70.44,70.44,70.44,0
2026-04-09 06:00,70.44,70.44,70.44,70.44,0
2026-04-09 07:00,70.44,70.44,70.44,70.44,0
2026-04-09 08:00,70.44,70.44,70.44,70.44,0
2026-04-09 09:00,70.19,70.68,70,70.46,14
2026-04-09 10:00,70.46,70.46,70.46,70.46,0
2026-04-09 11:00,70.46,70.46,70.46,70.46,0
2026-04-09 12:00,70.46,70.46,70.46,70.46,0
2026-04-09 13:00,70.46,70.46,70.46,70.46,0
2026-04-09 14:00,69.68,69.68,69.46,69.46,4
2026-04-09 15:00,70.12,70.22,70.12,70.22,3
2026-04-09 16:00,70.22,70.22,70.22,70.22,0
2026-04-09 17:00,70.22,70.22,70.22,70.22,0
2026-04-09 19:00,70.55,70.55,70.34,70.34,0
2026-04-09 20:00,70.34,70.34,70.34,70.34,0
2026-04-09 21:00,70.34,70.34,70.34,70.34,0
2026-04-09 22:00,70.34,70.34,70.34,70.34,0
2026-04-09 23:00,70.34,70.34,70.34,70.34,0
2026-04-10 00:00,70.34,70.34,70.34,70.34,0
2026-04-10 01:00,70.34,70.34,70.34,70.34,0
2026-04-10 02:00,70.34,70.34,70.34,70.34,0
2026-04-10 03:00,70.34,70.34,70.34,70.34,0
2026-04-10 04:00,70.34,70.34,70.34,70.34,0
2026-04-10 05:00,70.34,70.34,70.34,70.34,0
2026-04-10 06:00,70.34,70.34,70.34,70.34,0
2026-04-10 07:00,70.34,70.34,70.34,70.34,0
2026-04-10 08:00,70.34,70.34,70.34,70.34,0
2026-04-10 09:00,70.55,70.55,70.1,70.1,6
2026-04-10 10:00,70.1,70.1,70.1,70.1,0
2026-04-10 11:00,70.1,70.1,70.1,70.1,0
2026-04-10 12:00,70.1,70.1,70.1,70.1,0
2026-04-10 13:00,71.18,71.18,71.18,71.18,3
2026-04-10 14:00,71.27,71.27,71.27,71.27,11
2026-04-10 15:00,71.36,71.36,71.16,71.22,12
2026-04-10 16:00,71.22,71.22,71.22,71.22,0
2026-04-10 17:00,71.22,71.22,71.22,71.22,0
2026-04-12 19:00,71.85,71.85,71.15,71.15,0
2026-04-12 20:00,71.15,71.15,71.15,71.15,0
2026-04-12 21:00,71.15,71.15,71.15,71.15,0
2026-04-12 22:00,71.15,71.15,71.15,71.15,0
2026-04-12 23:00,71.15,71.15,71.15,71.15,0
2026-04-13 00:00,71.15,71.15,71.15,71.15,0
2026-04-13 01:00,71.15,71.15,71.15,71.15,0
2026-04-13 02:00,71.15,71.15,71.15,71.15,0
2026-04-13 03:00,71.15,71.15,71.15,71.15,0
2026-04-13 04:00,71.15,71.15,71.15,71.15,0
2026-04-13 05:00,71.15,71.15,71.15,71.15,0
2026-04-13 06:00,71.15,71.15,71.15,71.15,0
2026-04-13 07:00,71.15,71.15,71.15,71.15,0
2026-04-13 08:00,71.15,71.15,71.15,71.15,0
2026-04-13 09:00,71.15,71.15,71.15,71.15,0
2026-04-13 10:00,71.15,71.15,71.15,71.15,0
2026-04-13 11:00,71.15,71.15,71.15,71.15,0
2026-04-13 12:00,71.15,71.15,71.15,71.15,0
2026-04-13 13:00,71.85,71.85,71.85,71.85,2
2026-04-13 14:00,71.85,71.85,71.85,71.85,0
2026-04-13 15:00,71.85,71.85,71.85,71.85,0
2026-04-13 16:00,71.85,71.85,71.85,71.85,0
2026-04-13 17:00,71.85,71.85,71.85,71.85,0
2026-04-13 19:00,72.42,72.42,72.01,72.01,0
2026-04-13 20:00,72.01,72.01,72.01,72.01,0
2026-04-13 21:00,72.01,72.01,72.01,72.01,0
2026-04-13 22:00,72.01,72.01,72.01,72.01,0
2026-04-13 23:00,72.01,72.01,72.01,72.01,0
2026-04-14 00:00,72.01,72.01,72.01,72.01,0
2026-04-14 01:00,72.01,72.01,72.01,72.01,0
2026-04-14 02:00,72.01,72.01,72.01,72.01,0
2026-04-14 03:00,72.01,72.01,72.01,72.01,0
2026-04-14 04:00,72.01,72.01,72.01,72.01,0
2026-04-14 05:00,72.42,72.42,72.42,72.42,4
2026-04-14 06:00,72.42,72.42,72.42,72.42,0
2026-04-14 07:00,72.42,72.42,72.42,72.42,0
2026-04-14 08:00,72.42,72.42,72.42,72.42,0
2026-04-14 09:00,72.05,72.05,72.05,72.05,6
2026-04-14 10:00,72.05,72.05,72.05,72.05,0
2026-04-14 11:00,71.24,71.24,71.24,71.24,4
2026-04-14 12:00,71.24,71.24,71.24,71.24,0
2026-04-14 13:00,71.24,71.24,71.24,71.24,0
2026-04-14 14:00,71.16,71.16,71.16,71.16,70
2026-04-14 15:00,71.09,71.12,71.02,71.06,21
2026-04-14 16:00,71.04,71.04,70.74,70.85,121
2026-04-14 17:00,70.85,70.85,70.85,70.85,0
2026-04-14 19:00,71.69,71.69,71.21,71.21,0
2026-04-14 20:00,71.21,71.21,71.21,71.21,0
2026-04-14 21:00,71.21,71.21,71.21,71.21,0
2026-04-14 22:00,71.21,71.21,71.21,71.21,0
2026-04-14 23:00,71.21,71.21,71.21,71.21,0
2026-04-15 00:00,71.21,71.21,71.21,71.21,0
2026-04-15 01:00,71.21,71.21,71.21,71.21,0
2026-04-15 02:00,71.21,71.21,71.21,71.21,0
2026-04-15 03:00,71.21,71.21,71.21,71.21,0
2026-04-15 04:00,71.21,71.21,71.21,71.21,0
2026-04-15 05:00,71.21,71.21,71.21,71.21,0
2026-04-15 06:00,71.21,71.21,71.21,71.21,0
2026-04-15 07:00,71.69,71.69,71.69,71.69,1
2026-04-15 08:00,71.49,71.49,71.37,71.37,4
2026-04-15 09:00,71.37,71.37,71.37,71.37,0
2026-04-15 10:00,71.49,71.65,71.49,71.65,4
2026-04-15 11:00,71.6,71.96,71.5,71.95,14
2026-04-15 12:00,72.04,72.29,71.93,72.29,159
2026-04-15 13:00,72.33,72.49,72.33,72.43,335
2026-04-15 14:00,72.42,72.75,72.34,72.7,60
2026-04-15 15:00,72.71,72.71,72.34,72.44,53
2026-04-15 16:00,72.41,72.41,72.3,72.3,11
2026-04-15 17:00,72.28,72.35,72.28,72.35,4
2026-04-15 19:00,72.51,72.51,72.5,72.5,0
2026-04-15 20:00,72.5,72.5,72.5,72.5,0
2026-04-15 21:00,72.5,72.5,72.5,72.5,0
2026-04-15 22:00,72.5,72.5,72.5,72.5,0
2026-04-15 23:00,72.5,72.5,72.5,72.5,0
2026-04-16 00:00,72.5,72.5,72.5,72.5,0
2026-04-16 01:00,72.5,72.5,72.5,72.5,0
2026-04-16 02:00,72.5,72.5,72.5,72.5,0
2026-04-16 03:00,72.5,72.5,72.5,72.5,0
2026-04-16 04:00,72.51,72.51,72.51,72.51,3
2026-04-16 05:00,72.51,72.51,72.51,72.51,0
2026-04-16 06:00,72.51,72.51,72.51,72.51,0
2026-04-16 07:00,72.51,72.51,72.51,72.51,0
2026-04-16 08:00,72.51,72.51,72.51,72.51,0
2026-04-16 09:00,72.51,72.51,72.51,72.51,0
2026-04-16 10:00,72.4,72.6,72.4,72.6,3
2026-04-16 11:00,72.61,72.61,72.58,72.6,4
2026-04-16 12:00,72.48,72.65,72.46,72.46,5
2026-04-16 13:00,72.46,72.46,72.46,72.46,0
2026-04-16 14:00,72.46,72.46,72.46,72.46,0
2026-04-16 15:00,72.49,72.49,72.49,72.49,1
2026-04-16 16:00,72.49,72.49,72.49,72.49,0
2026-04-16 17:00,72.49,72.49,72.49,72.49,0
2026-04-16 19:00,71.39,72.52,71.39,72.52,0
2026-04-16 20:00,72.52,72.52,72.52,72.52,0
2026-04-16 21:00,72.52,72.52,72.52,72.52,0
2026-04-16 22:00,72.52,72.52,72.52,72.52,0
2026-04-16 23:00,72.52,72.52,72.52,72.52,0
2026-04-17 00:00,72.52,72.52,72.52,72.52,0
2026-04-17 01:00,72.52,72.52,72.52,72.52,0
2026-04-17 02:00,72.52,72.52,72.52,72.52,0
2026-04-17 03:00,72.52,72.52,72.52,72.52,0
2026-04-17 04:00,72.52,72.52,72.52,72.52,0
2026-04-17 05:00,72.52,72.52,72.52,72.52,0
2026-04-17 06:00,72.52,72.52,72.52,72.52,0
2026-04-17 07:00,72.52,72.52,72.52,72.52,0
2026-04-17 08:00,72.52,72.52,72.52,72.52,0
2026-04-17 09:00,71.39,71.39,70.63,70.63,3
2026-04-17 10:00,69.42,69.42,69.42,69.42,1
2026-04-17 11:00,69.28,69.28,69.28,69.28,11
2026-04-17 12:00,68.94,69.25,68.94,69.04,4
2026-04-17 13:00,69.13,69.15,69.13,69.15,12
2026-04-17 14:00,69.15,69.15,69.15,69.15,0
2026-04-17 15:00,69.76,69.83,69.76,69.83,13
2026-04-17 16:00,69.83,69.83,69.83,69.83,0
2026-04-17 17:00,69.75,69.75,69.74,69.74,2
2026-04-20 23:00,70.79,70.79,70.79,70.79,0
2026-04-21 00:00,70.79,70.79,70.79,70.79,0
2026-04-21 01:00,70.79,70.79,70.79,70.79,0
2026-04-21 02:00,70.79,70.79,70.79,70.79,0
2026-04-21 03:00,70.79,70.79,70.79,70.79,0
2026-04-21 04:00,70.79,70.79,70.79,70.79,0
2026-04-21 05:00,70.79,70.79,70.79,70.79,0
2026-04-21 06:00,70.79,70.79,70.79,70.79,0
2026-04-21 07:00,70.79,70.79,70.79,70.79,0
2026-04-21 08:00,70.79,70.79,70.79,70.79,0
2026-04-21 09:00,70.79,70.79,70.79,70.79,0
2026-04-21 10:00,70.79,70.79,70.79,70.79,0
2026-04-21 11:00,70.79,70.79,70.79,70.79,0
2026-04-21 12:00,70.79,70.79,70.79,70.79,0
2026-04-21 13:00,71.12,71.16,71.12,71.16,21
2026-04-21 14:00,71.35,71.35,71.35,71.35,15
2026-04-21 15:00,70.65,70.87,70.65,70.87,8
2026-04-21 16:00,70.7,70.71,70.7,70.71,3
2026-04-21 17:00,70.71,70.71,70.71,70.71,0
2026-04-21 19:00,71.27,71.27,70.83,70.83,0
2026-04-21 20:00,70.83,70.83,70.83,70.83,0
2026-04-21 21:00,70.83,70.83,70.83,70.83,0
2026-04-21 22:00,70.83,70.83,70.83,70.83,0
2026-04-21 23:00,70.83,70.83,70.83,70.83,0
2026-04-22 00:00,70.83,70.83,70.83,70.83,0
2026-04-22 01:00,70.83,70.83,70.83,70.83,0
2026-04-22 02:00,70.83,70.83,70.83,70.83,0
2026-04-22 03:00,70.83,70.83,70.83,70.83,0
2026-04-22 04:00,70.83,70.83,70.83,70.83,0
2026-04-22 05:00,70.83,70.83,70.83,70.83,0
2026-04-22 06:00,70.83,70.83,70.83,70.83,0
2026-04-22 07:00,70.83,70.83,70.83,70.83,0
2026-04-22 08:00,70.83,70.83,70.83,70.83,0
2026-04-22 09:00,70.83,70.83,70.83,70.83,0
2026-04-22 10:00,70.83,70.83,70.83,70.83,0
2026-04-22 11:00,71.27,71.27,71.27,71.27,11
2026-04-22 12:00,71.27,71.27,71.27,71.27,0
2026-04-22 13:00,71.26,71.26,71.26,71.26,1
2026-04-22 14:00,71.29,71.29,71.29,71.29,3
2026-04-22 15:00,71.29,71.29,71.29,71.29,0
2026-04-22 16:00,71.29,71.29,71.29,71.29,0
2026-04-22 17:00,71.48,71.52,71.45,71.45,5
2026-04-22 19:00,71.51,71.51,71.4,71.4,0
2026-04-22 20:00,71.4,71.4,71.4,71.4,0
2026-04-22 21:00,71.4,71.4,71.4,71.4,0
2026-04-22 22:00,71.4,71.4,71.4,71.4,0
2026-04-22 23:00,71.4,71.4,71.4,71.4,0
2026-04-23 00:00,71.4,71.4,71.4,71.4,0
2026-04-23 01:00,71.4,71.4,71.4,71.4,0
2026-04-23 02:00,71.4,71.4,71.4,71.4,0
2026-04-23 03:00,71.4,71.4,71.4,71.4,0
2026-04-23 04:00,71.4,71.4,71.4,71.4,0
2026-04-23 05:00,71.4,71.4,71.4,71.4,0
2026-04-23 06:00,71.4,71.4,71.4,71.4,0
2026-04-23 07:00,71.51,71.51,71.51,71.51,1
2026-04-23 08:00,71.51,71.51,71.51,71.51,0
2026-04-23 09:00,71.11,71.72,71.11,71.72,11
2026-04-23 10:00,71.72,71.72,71.72,71.72,0
2026-04-23 11:00,71.72,71.72,71.72,71.72,0
2026-04-23 12:00,71.72,71.72,71.72,71.72,0
2026-04-23 13:00,71.72,71.72,71.72,71.72,0
2026-04-23 14:00,71.83,71.83,71.46,71.46,3
2026-04-23 15:00,72.1,72.1,72.1,72.1,1
2026-04-23 16:00,72.1,72.1,72.1,72.1,0
2026-04-23 17:00,72.1,72.1,72.1,72.1,0
2026-04-23 19:00,71.91,72.14,71.91,72.14,0
2026-04-23 20:00,72.14,72.14,72.14,72.14,0
2026-04-23 21:00,72.14,72.14,72.14,72.14,0
2026-04-23 22:00,72.14,72.14,72.14,72.14,0
2026-04-23 23:00,72.14,72.14,72.14,72.14,0
2026-04-24 00:00,71.91,71.94,71.84,71.94,6
2026-04-24 01:00,71.81,71.81,71.71,71.71,2
2026-04-24 02:00,71.61,71.61,71.61,71.61,1
2026-04-24 03:00,71.61,71.61,71.61,71.61,0
2026-04-24 04:00,71.61,71.61,71.61,71.61,0
2026-04-24 05:00,71.61,71.61,71.61,71.61,0
2026-04-24 06:00,71.61,71.61,71.61,71.61,0
2026-04-24 07:00,71.61,71.61,71.61,71.61,0
2026-04-24 08:00,71.61,71.61,71.61,71.61,0
2026-04-24 09:00,71.61,71.61,71.61,71.61,0
2026-04-24 10:00,71.61,71.61,71.61,71.61,0
2026-04-24 11:00,71.61,71.61,71.61,71.61,0
2026-04-24 12:00,72.21,72.21,71.67,71.67,8
2026-04-24 13:00,71.67,71.67,71.67,71.67,0
2026-04-24 14:00,71.72,71.72,71.2,71.2,11
2026-04-24 15:00,71.74,71.74,71.74,71.74,3
2026-04-24 16:00,71.75,71.75,71.69,71.69,9
2026-04-24 17:00,71.69,71.69,71.69,71.69,0
2026-04-26 19:00,72.21,72.21,71.76,71.76,0
2026-04-26 20:00,71.76,71.76,71.76,71.76,0
2026-04-26 21:00,71.76,71.76,71.76,71.76,0
2026-04-26 22:00,71.76,71.76,71.76,71.76,0
2026-04-26 23:00,71.76,71.76,71.76,71.76,0
2026-04-27 00:00,71.76,71.76,71.76,71.76,0
2026-04-27 01:00,71.76,71.76,71.76,71.76,0
2026-04-27 02:00,71.76,71.76,71.76,71.76,0
2026-04-27 03:00,71.76,71.76,71.76,71.76,0
2026-04-27 04:00,71.76,71.76,71.76,71.76,0
2026-04-27 05:00,71.76,71.76,71.76,71.76,0
2026-04-27 06:00,71.76,71.76,71.76,71.76,0
2026-04-27 07:00,71.76,71.76,71.76,71.76,0
2026-04-27 08:00,71.76,71.76,71.76,71.76,0
2026-04-27 09:00,71.76,71.76,71.76,71.76,0
2026-04-27 10:00,71.76,71.76,71.76,71.76,0
2026-04-27 11:00,72.21,72.21,72.18,72.18,2
2026-04-27 12:00,72.18,72.18,72.18,72.18,0
2026-04-27 13:00,72.18,72.18,72.18,72.18,0
2026-04-27 14:00,72.18,72.18,72.18,72.18,0
2026-04-27 15:00,72.27,72.27,72.27,72.27,9
2026-04-27 16:00,72.27,72.27,72.27,72.27,0
2026-04-27 17:00,72.27,72.27,72.27,72.27,0
2026-04-27 19:00,73.7,73.7,72.22,72.22,0
2026-04-27 20:00,72.22,72.22,72.22,72.22,0
2026-04-27 21:00,72.22,72.22,72.22,72.22,0
2026-04-27 22:00,72.22,72.22,72.22,72.22,0
2026-04-27 23:00,72.22,72.22,72.22,72.22,0
2026-04-28 00:00,72.22,72.22,72.22,72.22,0
2026-04-28 01:00,72.22,72.22,72.22,72.22,0
2026-04-28 02:00,72.22,72.22,72.22,72.22,0
2026-04-28 03:00,72.22,72.22,72.22,72.22,0
2026-04-28 04:00,72.22,72.22,72.22,72.22,0
2026-04-28 05:00,72.22,72.22,72.22,72.22,0
2026-04-28 06:00,72.22,72.22,72.22,72.22,0
2026-04-28 07:00,72.22,72.22,72.22,72.22,0
2026-04-28 08:00,73.7,73.7,73.7,73.7,15
2026-04-28 09:00,73.4,73.4,73.4,73.4,1
2026-04-28 10:00,73.4,73.4,73.4,73.4,0
2026-04-28 11:00,72.24,72.24,72.24,72.24,1
2026-04-28 12:00,72.24,72.24,72.24,72.24,0
2026-04-28 13:00,72.24,72.24,72.24,72.24,0
2026-04-28 14:00,72.24,72.24,72.24,72.24,0
2026-04-28 15:00,72.24,72.24,72.24,72.24,0
2026-04-28 16:00,72.24,72.24,72.24,72.24,0
2026-04-28 17:00,72.24,72.24,72.24,72.24,0
2026-04-28 19:00,71.87,71.87,71.6,71.6,0
2026-04-28 20:00,71.6,71.6,71.6,71.6,0
2026-04-28 21:00,71.6,71.6,71.6,71.6,0
2026-04-28 22:00,71.6,71.6,71.6,71.6,0
2026-04-28 23:00,71.6,71.6,71.6,71.6,0
2026-04-29 00:00,71.6,71.6,71.6,71.6,0
2026-04-29 01:00,71.6,71.6,71.6,71.6,0
2026-04-29 02:00,71.6,71.6,71.6,71.6,0
2026-04-29 03:00,71.6,71.6,71.6,71.6,0
2026-04-29 04:00,71.6,71.6,71.6,71.6,0
2026-04-29 05:00,71.6,71.6,71.6,71.6,0
2026-04-29 06:00,71.6,71.6,71.6,71.6,0
2026-04-29 07:00,71.6,71.6,71.6,71.6,0
2026-04-29 08:00,71.6,71.6,71.6,71.6,0
2026-04-29 09:00,71.6,71.6,71.6,71.6,0
2026-04-29 10:00,71.6,71.6,71.6,71.6,0
2026-04-29 11:00,71.6,71.6,71.6,71.6,0
2026-04-29 12:00,71.87,71.87,71.87,71.87,1
2026-04-29 13:00,71.87,71.87,71.87,71.87,0
2026-04-29 14:00,71.87,71.87,71.87,71.87,0
2026-04-29 15:00,71.74,71.8,71.74,71.8,11
2026-04-29 16:00,71.97,71.97,71.97,71.97,1
2026-04-29 17:00,71.97,71.97,71.97,71.97,0
2026-04-29 19:00,71.64,71.73,71.64,71.73,0
2026-04-29 20:00,71.73,71.73,71.73,71.73,0
2026-04-29 21:00,71.73,71.73,71.73,71.73,0
2026-04-29 22:00,71.73,71.73,71.73,71.73,0
2026-04-29 23:00,71.73,71.73,71.73,71.73,0
2026-04-30 00:00,71.73,71.73,71.73,71.73,0
2026-04-30 01:00,71.73,71.73,71.73,71.73,0
2026-04-30 02:00,71.73,71.73,71.73,71.73,0
2026-04-30 03:00,71.73,71.73,71.73,71.73,0
2026-04-30 04:00,71.73,71.73,71.73,71.73,0
2026-04-30 05:00,71.73,71.73,71.73,71.73,0
2026-04-30 06:00,71.64,71.64,71.64,71.64,2
2026-04-30 07:00,71.64,71.64,71.64,71.64,0
2026-04-30 08:00,71.64,71.64,71.64,71.64,0
2026-04-30 09:00,71.64,71.64,71.64,71.64,0
2026-04-30 10:00,71.64,71.64,71.64,71.64,0
2026-04-30 11:00,71.97,71.99,71.96,71.99,6
2026-04-30 12:00,71.93,72.33,71.91,72.14,23
2026-04-30 13:00,72.21,72.52,72.18,72.36,22
2026-04-30 14:00,72.3,72.55,72.28,72.55,29
2026-04-30 15:00,72.52,72.67,72.44,72.61,8
2026-04-30 16:00,72.5,72.5,72.5,72.5,1
2026-04-30 17:00,72.6,72.6,72.6,72.6,1
2026-04-30 19:00,72.51,72.56,72.51,72.56,0
2026-04-30 20:00,72.56,72.56,72.56,72.56,0
2026-04-30 21:00,72.56,72.56,72.56,72.56,0
2026-04-30 22:00,72.56,72.56,72.56,72.56,0
2026-04-30 23:00,72.56,72.56,72.56,72.56,0
2026-05-01 00:00,72.56,72.56,72.56,72.56,0
2026-05-01 01:00,72.56,72.56,72.56,72.56,0
2026-05-01 02:00,72.56,72.56,72.56,72.56,0
2026-05-01 03:00,72.56,72.56,72.56,72.56,0
2026-05-01 04:00,72.56,72.56,72.56,72.56,0
2026-05-01 05:00,72.56,72.56,72.56,72.56,0
2026-05-01 06:00,72.56,72.56,72.56,72.56,0
2026-05-01 07:00,72.56,72.56,72.56,72.56,0
2026-05-01 08:00,72.56,72.56,72.56,72.56,0
2026-05-01 09:00,72.56,72.56,72.56,72.56,0
2026-05-01 10:00,72.51,72.51,72.51,72.51,2
2026-05-01 11:00,72.51,72.51,72.51,72.51,0
2026-05-01 12:00,72.51,72.51,72.51,72.51,0
2026-05-01 13:00,72.3,72.66,72.16,72.66,6
2026-05-01 14:00,72.39,72.39,72.39,72.39,1
2026-05-01 15:00,72.51,72.51,72.51,72.51,4
2026-05-01 16:00,72.51,72.51,72.51,72.51,0
2026-05-01 17:00,72.51,72.51,72.51,72.51,0
2026-05-03 19:00,74.06,74.06,72.5,72.5,0
2026-05-03 20:00,72.5,72.5,72.5,72.5,0
2026-05-03 21:00,72.5,72.5,72.5,72.5,0
2026-05-03 22:00,72.5,72.5,72.5,72.5,0
2026-05-03 23:00,72.5,72.5,72.5,72.5,0
2026-05-04 00:00,72.5,72.5,72.5,72.5,0
2026-05-04 01:00,72.5,72.5,72.5,72.5,0
2026-05-04 02:00,72.5,72.5,72.5,72.5,0
2026-05-04 03:00,72.5,72.5,72.5,72.5,0
2026-05-04 04:00,72.5,72.5,72.5,72.5,0
2026-05-04 05:00,72.5,72.5,72.5,72.5,0
2026-05-04 06:00,72.5,72.5,72.5,72.5,0
2026-05-04 07:00,74.06,74.06,73.93,73.93,3
2026-05-04 08:00,73.93,73.93,73.93,73.93,0
2026-05-04 09:00,74.19,74.19,74.19,74.19,3
2026-05-04 10:00,74.65,74.65,74.65,74.65,1
2026-05-04 11:00,74.65,74.65,74.65,74.65,0
2026-05-04 12:00,74.74,74.74,74.74,74.74,1
2026-05-04 13:00,74.85,74.99,74.85,74.99,7
2026-05-04 14:00,74.99,74.99,74.99,74.99,0
2026-05-04 15:00,75.01,75.05,75.01,75.04,48
2026-05-04 16:00,75.17,75.17,75.17,75.17,4
2026-05-04 17:00,75.01,75.01,75.01,75.01,1
2026-05-04 19:00,74.32,75.01,74.32,75.01,0
2026-05-04 20:00,75.01,75.01,75.01,75.01,0
2026-05-04 21:00,75.01,75.01,75.01,75.01,0
2026-05-04 22:00,75.01,75.01,75.01,75.01,0
2026-05-04 23:00,75.01,75.01,75.01,75.01,0
2026-05-05 00:00,75.01,75.01,75.01,75.01,0
2026-05-05 01:00,75.01,75.01,75.01,75.01,0
2026-05-05 02:00,75.01,75.01,75.01,75.01,0
2026-05-05 03:00,75.01,75.01,75.01,75.01,0
2026-05-05 04:00,75.01,75.01,75.01,75.01,0
2026-05-05 05:00,75.01,75.01,75.01,75.01,0
2026-05-05 06:00,75.01,75.01,75.01,75.01,0
2026-05-05 07:00,74.32,74.32,74.32,74.32,1
2026-05-05 08:00,74.32,74.32,74.32,74.32,0
2026-05-05 09:00,74.32,74.32,74.32,74.32,0
2026-05-05 10:00,73.52,73.52,73.52,73.52,3
2026-05-05 11:00,73.95,73.95,73.95,73.95,1
2026-05-05 12:00,73.95,73.95,73.95,73.95,0
2026-05-05 13:00,73.95,73.95,73.95,73.95,0
2026-05-05 14:00,73.95,73.95,73.95,73.95,0
2026-05-05 15:00,74.28,74.28,74.22,74.22,10
2026-05-05 16:00,74.22,74.22,74.22,74.22,0
2026-05-05 17:00,74.22,74.22,74.22,74.22,0
2026-05-05 19:00,72.56,74.25,72.56,74.25,0
2026-05-05 20:00,74.25,74.25,74.25,74.25,0
2026-05-05 21:00,74.25,74.25,74.25,74.25,0
2026-05-05 22:00,74.25,74.25,74.25,74.25,0
2026-05-05 23:00,74.25,74.25,74.25,74.25,0
2026-05-06 00:00,74.25,74.25,74.25,74.25,0
2026-05-06 01:00,74.25,74.25,74.25,74.25,0
2026-05-06 02:00,74.25,74.25,74.25,74.25,0
2026-05-06 03:00,74.25,74.25,74.25,74.25,0
2026-05-06 04:00,74.25,74.25,74.25,74.25,0
2026-05-06 05:00,72.56,72.56,72.56,72.56,1
2026-05-06 06:00,72.56,72.56,72.56,72.56,0
2026-05-06 07:00,72.56,72.56,72.56,72.56,0
2026-05-06 08:00,69.75,69.75,69.75,69.75,1
2026-05-06 09:00,69.75,69.75,69.75,69.75,0
2026-05-06 10:00,69.75,69.75,69.75,69.75,0
2026-05-06 11:00,69.75,69.75,69.75,69.75,0
2026-05-06 12:00,69.75,69.75,69.75,69.75,0
2026-05-06 13:00,69.75,69.75,69.75,69.75,0
2026-05-06 14:00,69.75,69.75,69.75,69.75,0
2026-05-06 15:00,69.75,69.75,69.75,69.75,0
2026-05-06 16:00,69.75,69.75,69.75,69.75,0
2026-05-06 17:00,71.31,71.31,71.31,71.31,3
2026-05-06 19:00,71.15,71.32,71.15,71.32,0
2026-05-06 20:00,71.32,71.32,71.32,71.32,0
2026-05-06 21:00,71.32,71.32,71.32,71.32,0
2026-05-06 22:00,71.32,71.32,71.32,71.32,0
2026-05-06 23:00,71.32,71.32,71.32,71.32,0
2026-05-07 00:00,71.32,71.32,71.32,71.32,0
2026-05-07 01:00,71.32,71.32,71.32,71.32,0
2026-05-07 02:00,71.32,71.32,71.32,71.32,0
2026-05-07 03:00,71.15,71.15,71.15,71.15,1
2026-05-07 04:00,71.15,71.15,71.15,71.15,0
2026-05-07 05:00,71.33,71.33,71.33,71.33,4
2026-05-07 06:00,71.33,71.33,71.33,71.33,0
2026-05-07 07:00,71.33,71.33,71.33,71.33,0
2026-05-07 08:00,71.33,71.33,71.33,71.33,0
2026-05-07 09:00,71.33,71.33,71.33,71.33,0
2026-05-07 10:00,71.33,71.33,71.33,71.33,0
2026-05-07 11:00,71.33,71.33,71.33,71.33,0
2026-05-07 12:00,70.47,70.47,70.47,70.47,2
2026-05-07 13:00,70.47,70.47,70.47,70.47,0
2026-05-07 14:00,70.88,70.88,70.87,70.87,4
2026-05-07 15:00,71.47,71.47,71.36,71.36,55
2026-05-07 16:00,71.91,71.91,71.91,71.91,2
2026-05-07 17:00,71.71,71.71,71.48,71.48,2
2026-05-07 19:00,72,72,71.39,71.39,0
2026-05-07 20:00,71.39,71.39,71.39,71.39,0
2026-05-07 21:00,71.39,71.39,71.39,71.39,0
2026-05-07 22:00,71.39,71.39,71.39,71.39,0
2026-05-07 23:00,71.39,71.39,71.39,71.39,0
2026-05-08 00:00,71.39,71.39,71.39,71.39,0
2026-05-08 01:00,71.39,71.39,71.39,71.39,0
2026-05-08 02:00,71.39,71.39,71.39,71.39,0
2026-05-08 03:00,71.39,71.39,71.39,71.39,0
2026-05-08 04:00,71.39,71.39,71.39,71.39,0
2026-05-08 05:00,71.39,71.39,71.39,71.39,0
2026-05-08 06:00,71.39,71.39,71.39,71.39,0
2026-05-08 07:00,71.39,71.39,71.39,71.39,0
2026-05-08 08:00,71.39,71.39,71.39,71.39,0
2026-05-08 09:00,71.39,71.39,71.39,71.39,0
2026-05-08 10:00,72,72,72,72,5
2026-05-08 11:00,72,72,72,72,0
2026-05-08 12:00,72,72,72,72,0
2026-05-08 13:00,72,72,72,72,0
2026-05-08 14:00,72,72,72,72,0
2026-05-08 15:00,72.81,72.81,72.81,72.81,2
2026-05-08 16:00,72.81,72.81,72.81,72.81,0
2026-05-08 17:00,72.94,72.94,72.94,72.94,4
2026-05-10 19:00,74.64,74.64,73.18,73.18,0
2026-05-10 20:00,73.18,73.18,73.18,73.18,0
2026-05-10 21:00,73.18,73.18,73.18,73.18,0
2026-05-10 22:00,73.18,73.18,73.18,73.18,0
2026-05-10 23:00,73.18,73.18,73.18,73.18,0
2026-05-11 00:00,73.18,73.18,73.18,73.18,0
2026-05-11 01:00,73.18,73.18,73.18,73.18,0
2026-05-11 02:00,73.18,73.18,73.18,73.18,0
2026-05-11 03:00,73.18,73.18,73.18,73.18,0
2026-05-11 04:00,73.18,73.18,73.18,73.18,0
2026-05-11 05:00,73.18,73.18,73.18,73.18,0
2026-05-11 06:00,73.18,73.18,73.18,73.18,0
2026-05-11 07:00,73.18,73.18,73.18,73.18,0
2026-05-11 08:00,73.18,73.18,73.18,73.18,0
2026-05-11 09:00,73.18,73.18,73.18,73.18,0
2026-05-11 10:00,73.18,73.18,73.18,73.18,0
2026-05-11 11:00,73.18,73.18,73.18,73.18,0
2026-05-11 12:00,73.18,73.18,73.18,73.18,0
2026-05-11 13:00,74.64,74.83,74.64,74.83,3
2026-05-11 14:00,74.83,74.83,74.83,74.83,0
2026-05-11 15:00,74.99,74.99,74.99,74.99,1
2026-05-11 16:00,74.99,74.99,74.99,74.99,9
2026-05-11 17:00,75,75,75,75,10
2026-05-11 19:00,75.78,75.78,74.98,74.98,0
2026-05-11 20:00,74.98,74.98,74.98,74.98,0
2026-05-11 21:00,74.98,74.98,74.98,74.98,0
2026-05-11 22:00,74.98,74.98,74.98,74.98,0
2026-05-11 23:00,74.98,74.98,74.98,74.98,0
2026-05-12 00:00,74.98,74.98,74.98,74.98,0
2026-05-12 01:00,74.98,74.98,74.98,74.98,0
2026-05-12 02:00,74.98,74.98,74.98,74.98,0
2026-05-12 03:00,74.98,74.98,74.98,74.98,0
2026-05-12 04:00,74.98,74.98,74.98,74.98,0
2026-05-12 05:00,74.98,74.98,74.98,74.98,0
2026-05-12 06:00,74.98,74.98,74.98,74.98,0
2026-05-12 07:00,74.98,74.98,74.98,74.98,0
2026-05-12 08:00,74.98,74.98,74.98,74.98,0
2026-05-12 09:00,74.98,74.98,74.98,74.98,0
2026-05-12 10:00,75.78,75.78,75.78,75.78,3
2026-05-12 11:00,75.71,75.71,75.71,75.71,6
2026-05-12 12:00,75.89,75.89,75.4,75.4,51
2026-05-12 13:00,75.46,75.46,75.46,75.46,1
2026-05-12 14:00,75.57,75.71,75.57,75.65,23
2026-05-12 15:00,75.61,75.71,75.6,75.71,9
2026-05-12 16:00,75.8,75.8,75.78,75.78,12
2026-05-12 17:00,75.78,75.78,75.78,75.78,0
2026-05-12 19:00,74.56,75.85,74.56,75.85,0
2026-05-12 20:00,75.85,75.85,75.85,75.85,0
2026-05-12 21:00,75.85,75.85,75.85,75.85,0
2026-05-12 22:00,75.85,75.85,75.85,75.85,0
2026-05-12 23:00,75.85,75.85,75.85,75.85,0
2026-05-13 00:00,75.85,75.85,75.85,75.85,0
2026-05-14 14:00,74.61,74.61,74.61,74.61,0
2026-05-14 15:00,74.61,74.61,74.61,74.61,0
2026-05-14 16:00,74.61,74.61,74.61,74.61,0
2026-05-14 17:00,74.61,74.61,74.61,74.61,0
2026-05-14 19:00,74.83,74.83,74.38,74.38,0
2026-05-14 20:00,74.38,74.38,74.38,74.38,0
2026-05-14 21:00,74.38,74.38,74.38,74.38,0
2026-05-14 22:00,74.83,74.83,74.83,74.83,2
2026-05-14 23:00,74.83,74.83,74.83,74.83,0
2026-05-15 00:00,74.83,74.83,74.83,74.83,0
2026-05-15 01:00,74.83,74.83,74.83,74.83,0
2026-05-15 02:00,74.83,74.83,74.83,74.83,0
2026-05-15 03:00,74.83,74.83,74.83,74.83,0
2026-05-15 04:00,74.83,74.83,74.83,74.83,0
2026-05-15 05:00,75.19,75.19,75.13,75.13,4
2026-05-15 06:00,75.13,75.13,75.13,75.13,0
2026-05-15 07:00,75.13,75.13,75.13,75.13,0
2026-05-15 08:00,75.13,75.13,75.13,75.13,0
2026-05-15 09:00,75.13,75.13,75.13,75.13,0
2026-05-15 10:00,75.13,75.13,75.13,75.13,0
2026-05-15 11:00,74.94,74.94,74.8,74.8,6
2026-05-15 12:00,74.8,74.8,74.8,74.8,0
2026-05-15 13:00,74.8,74.8,74.8,74.8,0
2026-05-15 14:00,74.8,74.8,74.8,74.8,0
2026-05-15 15:00,74.8,74.8,74.8,74.8,0
2026-05-15 16:00,74.8,74.8,74.8,74.8,0
2026-05-15 17:00,74.8,74.8,74.8,74.8,0
2026-05-17 19:00,75.39,75.39,75.22,75.22,0
2026-05-17 20:00,75.22,75.22,75.22,75.22,0
2026-05-17 21:00,75.22,75.22,75.22,75.22,0
2026-05-17 22:00,75.22,75.22,75.22,75.22,0
2026-05-17 23:00,75.22,75.22,75.22,75.22,0
2026-05-18 00:00,75.22,75.22,75.22,75.22,0
2026-05-18 01:00,75.22,75.22,75.22,75.22,0
2026-05-18 02:00,75.22,75.22,75.22,75.22,0
2026-05-18 03:00,75.22,75.22,75.22,75.22,0
2026-05-18 04:00,75.22,75.22,75.22,75.22,0
2026-05-18 05:00,75.22,75.22,75.22,75.22,0
2026-05-18 06:00,75.22,75.22,75.22,75.22,0
2026-05-18 07:00,75.22,75.22,75.22,75.22,0
2026-05-18 08:00,75.39,75.39,75.27,75.27,8
2026-05-18 09:00,75.27,75.27,75.27,75.27,0
2026-05-18 10:00,75.27,75.27,75.27,75.27,0
2026-05-18 11:00,75.27,75.27,75.27,75.27,0
2026-05-18 12:00,75.66,75.66,75.49,75.49,60
2026-05-18 13:00,75.81,75.85,75.81,75.85,2
2026-05-18 14:00,75.85,75.85,75.85,75.85,0
2026-05-18 15:00,75.85,75.85,75.85,75.85,0
2026-05-18 16:00,75.58,75.67,75.58,75.59,4
2026-05-18 17:00,75.59,75.59,75.59,75.59,0
2026-05-18 19:00,74.79,75.91,74.79,75.91,0
2026-05-18 20:00,75.91,75.91,75.91,75.91,0
2026-05-18 21:00,75.91,75.91,75.91,75.91,0
2026-05-18 22:00,75.91,75.91,75.91,75.91,0
2026-05-18 23:00,75.91,75.91,75.91,75.91,0
2026-05-19 00:00,75.91,75.91,75.91,75.91,0
2026-05-19 01:00,75.91,75.91,75.91,75.91,0
2026-05-19 02:00,75.91,75.91,75.91,75.91,0
2026-05-19 03:00,75.91,75.91,75.91,75.91,0
2026-05-19 04:00,75.91,75.91,75.91,75.91,0
2026-05-19 05:00,75.91,75.91,75.91,75.91,0
2026-05-19 06:00,75.91,75.91,75.91,75.91,0
2026-05-19 07:00,75.91,75.91,75.91,75.91,0
2026-05-19 08:00,75.91,75.91,75.91,75.91,0
2026-05-19 09:00,75.91,75.91,75.91,75.91,0
2026-05-19 10:00,75.91,75.91,75.91,75.91,0
2026-05-19 11:00,75.91,75.91,75.91,75.91,0
2026-05-19 12:00,75.91,75.91,75.91,75.91,0
2026-05-19 13:00,75.91,75.91,75.91,75.91,0
2026-05-19 14:00,74.79,74.79,74.79,74.79,1
2026-05-19 15:00,75.32,75.38,75.32,75.38,9
2026-05-19 16:00,75.15,75.15,75.15,75.15,3
2026-05-19 17:00,75.15,75.15,75.15,75.15,0
2026-05-19 19:00,74.69,75.36,74.69,75.36,0
2026-05-19 20:00,75.36,75.36,75.36,75.36,0
2026-05-19 21:00,75.36,75.36,75.36,75.36,0
2026-05-19 22:00,75.36,75.36,75.36,75.36,0
2026-05-19 23:00,75.36,75.36,75.36,75.36,0
2026-05-20 00:00,75.36,75.36,75.36,75.36,0
2026-05-20 01:00,75.36,75.36,75.36,75.36,0
2026-05-20 02:00,75.36,75.36,75.36,75.36,0
2026-05-20 03:00,75.36,75.36,75.36,75.36,0
2026-05-20 04:00,75.36,75.36,75.36,75.36,0
2026-05-20 05:00,75.36,75.36,75.36,75.36,0
2026-05-20 06:00,75.36,75.36,75.36,75.36,0
2026-05-20 07:00,75.36,75.36,75.36,75.36,0
2026-05-20 08:00,75.36,75.36,75.36,75.36,0
2026-05-20 09:00,75.36,75.36,75.36,75.36,0
2026-05-20 10:00,75.36,75.36,75.36,75.36,0
2026-05-20 11:00,74.69,74.69,73.94,74.04,8
2026-05-20 12:00,73.28,73.28,73.28,73.28,4
2026-05-20 13:00,73.28,73.28,73.28,73.28,0
2026-05-20 14:00,73.38,73.38,73.36,73.36,3
2026-05-20 15:00,73.63,73.63,73.63,73.63,4
2026-05-20 16:00,73.78,73.78,73.78,73.78,5
2026-05-20 17:00,73.78,73.78,73.78,73.78,0
2026-05-20 19:00,75.67,75.67,73.64,73.64,0
2026-05-20 20:00,73.64,73.64,73.64,73.64,0
2026-05-20 21:00,73.64,73.64,73.64,73.64,0
2026-05-20 22:00,73.64,73.64,73.64,73.64,0
2026-05-20 23:00,73.64,73.64,73.64,73.64,0
2026-05-21 00:00,73.64,73.64,73.64,73.64,0
2026-05-21 01:00,73.64,73.64,73.64,73.64,0
2026-05-21 02:00,73.64,73.64,73.64,73.64,0
2026-05-21 03:00,73.64,73.64,73.64,73.64,0
2026-05-21 04:00,73.64,73.64,73.64,73.64,0
2026-05-21 05:00,73.64,73.64,73.64,73.64,0
2026-05-21 06:00,73.64,73.64,73.64,73.64,0
2026-05-21 07:00,73.64,73.64,73.64,73.64,0
2026-05-21 08:00,73.64,73.64,73.64,73.64,0
2026-05-21 09:00,73.64,73.64,73.64,73.64,0
2026-05-21 10:00,75.67,75.67,75.26,75.26,3
2026-05-21 11:00,75.22,75.22,75.22,75.22,3
2026-05-21 12:00,75.35,75.35,75.35,75.35,2
2026-05-21 13:00,75.35,75.35,75.35,75.35,0
2026-05-21 14:00,75.35,75.35,75.35,75.35,0
2026-05-21 15:00,73.7,74.13,73.67,74.13,28
2026-05-21 16:00,73.98,73.98,73.89,73.89,11
2026-05-21 17:00,73.89,73.89,73.89,73.89,0
2026-05-21 19:00,74.06,74.06,73.6,73.6,0
2026-05-21 20:00,73.6,73.6,73.6,73.6,0
2026-05-21 21:00,73.6,73.6,73.6,73.6,0
2026-05-21 22:00,73.6,73.6,73.6,73.6,0
2026-05-21 23:00,73.6,73.6,73.6,73.6,0
2026-05-22 00:00,73.6,73.6,73.6,73.6,0
2026-05-22 01:00,73.6,73.6,73.6,73.6,0
2026-05-22 02:00,73.6,73.6,73.6,73.6,0
2026-05-22 03:00,73.6,73.6,73.6,73.6,0
2026-05-22 04:00,73.6,73.6,73.6,73.6,0
2026-05-22 05:00,73.6,73.6,73.6,73.6,0
2026-05-22 06:00,73.6,73.6,73.6,73.6,0
2026-05-22 07:00,73.6,73.6,73.6,73.6,0
2026-05-22 08:00,73.6,73.6,73.6,73.6,0
2026-05-22 09:00,73.6,73.6,73.6,73.6,0
2026-05-22 10:00,74.06,74.06,73.87,73.87,4
2026-05-22 11:00,73.87,73.87,73.87,73.87,0
2026-05-22 12:00,73.87,73.87,73.87,73.87,0
2026-05-22 13:00,73.87,73.87,73.87,73.87,0
2026-05-22 14:00,73.87,73.87,73.87,73.87,0
2026-05-22 15:00,73.52,73.58,73.52,73.58,39
2026-05-22 16:00,73.58,73.58,73.58,73.58,0
2026-05-22 17:00,73.58,73.58,73.58,73.58,0
2026-05-24 19:00,73.7,73.7,73.56,73.56,0
2026-05-24 20:00,73.56,73.56,73.56,73.56,0
2026-05-24 21:00,73.56,73.56,73.56,73.56,0
2026-05-24 22:00,73.56,73.56,73.56,73.56,0
2026-05-24 23:00,73.56,73.56,73.56,73.56,0
2026-05-25 00:00,73.56,73.56,73.56,73.56,0
2026-05-25 01:00,73.56,73.56,73.56,73.56,0
2026-05-25 02:00,73.56,73.56,73.56,73.56,0
2026-05-25 03:00,73.56,73.56,73.56,73.56,0
2026-05-25 04:00,73.56,73.56,73.56,73.56,0
2026-05-25 05:00,73.56,73.56,73.56,73.56,0
2026-05-25 06:00,73.56,73.56,73.56,73.56,0
2026-05-25 07:00,73.56,73.56,73.56,73.56,0
2026-05-25 08:00,73.56,73.56,73.56,73.56,0
2026-05-25 09:00,73.56,73.56,73.56,73.56,0
2026-05-25 10:00,73.56,73.56,73.56,73.56,0
2026-05-25 11:00,73.56,73.56,73.56,73.56,0
2026-05-25 12:00,73.56,73.56,73.56,73.56,0
2026-05-25 13:00,73.56,73.56,73.56,73.56,0
2026-05-25 14:00,73.56,73.56,73.56,73.56,0
2026-05-25 14:30,73.56,73.56,73.56,73.56,0
2026-05-25 19:00,73.56,73.56,73.56,73.56,0
2026-05-25 20:00,73.56,73.56,73.56,73.56,0
2026-05-25 21:00,73.56,73.56,73.56,73.56,0
2026-05-25 22:00,73.56,73.56,73.56,73.56,0
2026-05-25 23:00,73.56,73.56,73.56,73.56,0
2026-05-26 00:00,73.56,73.56,73.56,73.56,0
2026-05-26 01:00,73.56,73.56,73.56,73.56,0
2026-05-26 02:00,73.56,73.56,73.56,73.56,0
2026-05-26 03:00,73.56,73.56,73.56,73.56,0
2026-05-26 04:00,73.56,73.56,73.56,73.56,0
2026-05-26 05:00,73.56,73.56,73.56,73.56,0
2026-05-26 06:00,73.56,73.56,73.56,73.56,0
2026-05-26 07:00,73.56,73.56,73.56,73.56,0
2026-05-26 08:00,73.56,73.56,73.56,73.56,0
2026-05-26 09:00,73.56,73.56,73.56,73.56,0
2026-05-26 10:00,73.7,73.7,73.7,73.7,2
2026-05-26 11:00,73.7,73.7,73.7,73.7,0
2026-05-26 12:00,73.7,73.7,73.7,73.7,0
2026-05-26 13:00,73.38,73.38,73.38,73.38,1
2026-05-26 14:00,73.38,73.38,73.38,73.38,0
2026-05-26 15:00,73.18,73.19,73.18,73.19,6
2026-05-26 16:00,73.19,73.19,73.19,73.19,0
2026-05-26 17:00,73.19,73.19,73.19,73.19,0
2026-05-26 19:00,72.41,73.13,72.41,73.13,0
2026-05-26 20:00,73.13,73.13,73.13,73.13,0
2026-05-26 21:00,73.13,73.13,73.13,73.13,0
2026-05-26 22:00,73.13,73.13,73.13,73.13,0
2026-05-26 23:00,73.13,73.13,73.13,73.13,0
2026-05-27 00:00,73.13,73.13,73.13,73.13,0
2026-05-27 01:00,73.13,73.13,73.13,73.13,0
2026-05-27 02:00,73.13,73.13,73.13,73.13,0
2026-05-27 03:00,73.13,73.13,73.13,73.13,0
2026-05-27 04:00,73.13,73.13,73.13,73.13,0
2026-05-27 05:00,73.13,73.13,73.13,73.13,0
2026-05-27 06:00,73.13,73.13,73.13,73.13,0
2026-05-27 07:00,72.41,72.41,72.41,72.41,1
2026-05-27 08:00,72.41,72.41,72.41,72.41,0
2026-05-27 09:00,72.41,72.41,72.41,72.41,0
2026-05-27 10:00,72.41,72.41,72.41,72.41,0
2026-05-27 11:00,72.71,72.71,72.71,72.71,1
2026-05-27 12:00,73.13,73.13,73.13,73.13,5
2026-05-27 13:00,73.13,73.13,73.13,73.13,0
2026-05-27 14:00,73.13,73.13,73.13,73.13,0
2026-05-27 15:00,73.13,73.13,73.13,73.13,0
2026-05-27 16:00,73.13,73.13,73.13,73.13,0
2026-05-27 17:00,73.13,73.13,73.13,73.13,0
2026-05-27 19:00,73.5,73.5,72.44,72.44,0
2026-05-27 20:00,72.44,72.44,72.44,72.44,0
2026-05-27 21:00,72.44,72.44,72.44,72.44,0
2026-05-27 22:00,72.44,72.44,72.44,72.44,0
2026-05-27 23:00,72.44,72.44,72.44,72.44,0
2026-05-28 00:00,73.5,73.5,73.34,73.34,2
2026-05-28 01:00,73.34,73.34,73.34,73.34,0
2026-05-28 02:00,73.34,73.34,73.34,73.34,0
2026-05-28 03:00,73.34,73.34,73.34,73.34,0
2026-05-28 04:00,73.34,73.34,73.34,73.34,0
2026-05-28 05:00,73.34,73.34,73.34,73.34,0
2026-05-28 06:00,73.34,73.34,73.34,73.34,0
2026-05-28 07:00,73.34,73.34,73.34,73.34,0
2026-05-28 08:00,73.34,73.34,73.34,73.34,0
2026-05-28 09:00,73.34,73.34,73.34,73.34,0
2026-05-28 10:00,73.34,73.34,73.34,73.34,0
2026-05-28 11:00,73.65,73.65,73.1,73.1,6
2026-05-28 12:00,73.1,73.1,73.1,73.1,0
2026-05-28 13:00,73.1,73.1,73.1,73.1,0
2026-05-28 14:00,73.1,73.1,73.1,73.1,0
2026-05-28 15:00,73.54,73.64,73.54,73.64,34
2026-05-28 16:00,73.64,73.64,73.64,73.64,0
2026-05-28 17:00,73.64,73.64,73.64,73.64,0
2026-05-28 19:00,73.32,73.49,73.32,73.49,0
2026-05-28 20:00,73.49,73.49,73.49,73.49,0
2026-05-28 21:00,73.49,73.49,73.49,73.49,0
2026-05-28 22:00,73.49,73.49,73.49,73.49,0
2026-05-28 23:00,73.49,73.49,73.49,73.49,0
2026-05-29 00:00,73.49,73.49,73.49,73.49,0
2026-05-29 01:00,73.49,73.49,73.49,73.49,0
2026-05-29 02:00,73.49,73.49,73.49,73.49,0
2026-05-29 03:00,73.49,73.49,73.49,73.49,0
2026-05-29 04:00,73.49,73.49,73.49,73.49,0
2026-05-29 05:00,73.49,73.49,73.49,73.49,0
2026-05-29 06:00,73.49,73.49,73.49,73.49,0
2026-05-29 07:00,73.49,73.49,73.49,73.49,0
2026-05-29 08:00,73.49,73.49,73.49,73.49,0
2026-05-29 09:00,73.49,73.49,73.49,73.49,0
2026-05-29 10:00,73.49,73.49,73.49,73.49,0
2026-05-29 11:00,73.32,73.32,73.07,73.07,5
2026-05-29 12:00,73.07,73.07,73.07,73.07,0
2026-05-29 13:00,73.07,73.07,73.07,73.07,0
2026-05-29 14:00,72.85,72.94,72.84,72.94,47
2026-05-29 15:00,72.56,72.68,72.56,72.68,11
2026-05-29 16:00,72.68,72.68,72.68,72.68,0
2026-05-29 17:00,72.68,72.68,72.68,72.68,0
2026-05-31 19:00,73.49,73.49,73.49,73.49,1
2026-05-31 20:00,73.49,73.49,73.49,73.49,0
2026-05-31 21:00,73.49,73.49,73.49,73.49,0
2026-05-31 22:00,73.49,73.49,73.49,73.49,0
2026-05-31 23:00,73.49,73.49,73.49,73.49,0
2026-06-01 00:00,73.49,73.49,73.49,73.49,0
2026-06-01 01:00,73.49,73.49,73.49,73.49,0
2026-06-01 02:00,73.49,73.49,73.49,73.49,0
2026-06-01 03:00,73.49,73.49,73.49,73.49,0
2026-06-01 04:00,73.49,73.49,73.49,73.49,0
2026-06-01 05:00,73.49,73.49,73.49,73.49,0
2026-06-01 06:00,73.49,73.49,73.49,73.49,0
2026-06-01 07:00,73.49,73.49,73.49,73.49,0
2026-06-01 08:00,73.49,73.49,73.49,73.49,0
2026-06-01 09:00,73.49,73.49,73.49,73.49,0
2026-06-01 10:00,73.96,74.13,73.72,74.13,5
2026-06-01 11:00,73.99,73.99,73.88,73.88,17
2026-06-01 12:00,74.15,74.2,74.11,74.11,3
2026-06-01 13:00,73.99,74.15,73.99,74.1,5
2026-06-01 14:00,73.34,73.35,73.3,73.35,5
2026-06-01 15:00,73.76,73.76,73.76,73.76,18
2026-06-01 16:00,73.76,73.76,73.76,73.76,0
2026-06-01 17:00,73.76,73.76,73.76,73.76,0
2026-06-01 19:00,74,74,73.75,73.75,0
2026-06-01 20:00,73.75,73.75,73.75,73.75,0
2026-06-01 21:00,73.75,73.75,73.75,73.75,0
2026-06-01 22:00,73.75,73.75,73.75,73.75,0
2026-06-01 23:00,73.75,73.75,73.75,73.75,0
2026-06-02 00:00,73.75,73.75,73.75,73.75,0
2026-06-02 01:00,73.75,73.75,73.75,73.75,0
2026-06-02 02:00,73.75,73.75,73.75,73.75,0
2026-06-02 03:00,73.75,73.75,73.75,73.75,0
2026-06-02 04:00,73.75,73.75,73.75,73.75,0
2026-06-02 05:00,73.75,73.75,73.75,73.75,0
2026-06-02 06:00,73.75,73.75,73.75,73.75,0
2026-06-02 07:00,73.75,73.75,73.75,73.75,0
2026-06-02 08:00,73.75,73.75,73.75,73.75,0
2026-06-02 09:00,73.75,73.75,73.75,73.75,0
2026-06-02 10:00,74,74,73.9,73.9,50
2026-06-02 11:00,74,74,73.95,73.95,20
2026-06-02 12:00,73.95,73.95,73.95,73.95,0
2026-06-02 13:00,74.17,74.21,74.17,74.21,15
2026-06-02 14:00,74.21,74.21,74.21,74.21,0
2026-06-02 15:00,74.67,74.67,74.67,74.67,12
2026-06-02 16:00,74.67,74.67,74.67,74.67,0
2026-06-02 17:00,74.67,74.67,74.67,74.67,0
2026-06-02 19:00,75.34,75.34,74.63,74.63,0
2026-06-02 20:00,74.63,74.63,74.63,74.63,0
2026-06-02 21:00,74.63,74.63,74.63,74.63,0
2026-06-02 22:00,74.63,74.63,74.63,74.63,0
2026-06-02 23:00,74.63,74.63,74.63,74.63,0
2026-06-03 00:00,74.63,74.63,74.63,74.63,0
2026-06-03 01:00,74.63,74.63,74.63,74.63,0
2026-06-03 02:00,74.63,74.63,74.63,74.63,0
2026-06-03 03:00,74.63,74.63,74.63,74.63,0
2026-06-03 04:00,74.63,74.63,74.63,74.63,0
2026-06-03 05:00,74.63,74.63,74.63,74.63,0
2026-06-03 06:00,74.63,74.63,74.63,74.63,0
2026-06-03 07:00,74.63,74.63,74.63,74.63,0
2026-06-03 08:00,74.63,74.63,74.63,74.63,0
2026-06-03 09:00,74.63,74.63,74.63,74.63,0
2026-06-03 10:00,74.63,74.63,74.63,74.63,0
2026-06-03 11:00,74.63,74.63,74.63,74.63,0
2026-06-03 12:00,75.34,75.34,75.34,75.34,2
2026-06-03 13:00,75.31,75.31,75.2,75.2,7
2026-06-03 14:00,75.2,75.28,75.2,75.2,27
2026-06-03 15:00,75.52,75.66,75.52,75.66,2
2026-06-03 16:00,75.38,75.41,75.32,75.32,21
2026-06-03 17:00,75.32,75.32,75.32,75.32,0
2026-06-03 19:00,74.14,75.55,74.14,75.55,0
2026-06-03 20:00,75.55,75.55,75.55,75.55,0
2026-06-03 21:00,75.55,75.55,75.55,75.55,0
2026-06-03 22:00,75.55,75.55,75.55,75.55,0
2026-06-03 23:00,75.55,75.55,75.55,75.55,0
2026-06-04 00:00,75.55,75.55,75.55,75.55,0
2026-06-04 01:00,75.55,75.55,75.55,75.55,0
2026-06-04 02:00,75.55,75.55,75.55,75.55,0
2026-06-04 03:00,75.55,75.55,75.55,75.55,0
2026-06-04 04:00,75.55,75.55,75.55,75.55,0
2026-06-04 05:00,75.55,75.55,75.55,75.55,0
2026-06-04 06:00,75.55,75.55,75.55,75.55,0
2026-06-04 07:00,75.55,75.55,75.55,75.55,0
2026-06-04 08:00,75.55,75.55,75.55,75.55,0
2026-06-04 09:00,75.55,75.55,75.55,75.55,0
2026-06-04 10:00,74.14,74.14,74.14,74.14,5
2026-06-04 11:00,74.09,74.09,74.09,74.09,1
2026-06-04 12:00,74.25,74.25,74.25,74.25,2
2026-06-04 13:00,74.25,74.25,74.25,74.25,0
2026-06-04 14:00,74.01,74.01,73.97,73.97,3
2026-06-04 15:00,74.11,74.17,74.11,74.17,7
2026-06-04 16:00,74.21,74.21,74.21,74.21,1
2026-06-04 17:00,74.21,74.21,74.21,74.21,0
2026-06-04 19:00,73.59,74.22,73.59,74.22,0
2026-06-04 20:00,74.22,74.22,74.22,74.22,0
2026-06-04 21:00,74.22,74.22,74.22,74.22,0
2026-06-04 22:00,74.22,74.22,74.22,74.22,0
2026-06-04 23:00,74.22,74.22,74.22,74.22,0
2026-06-05 00:00,74.22,74.22,74.22,74.22,0
2026-06-05 01:00,74.22,74.22,74.22,74.22,0
2026-06-05 02:00,74.22,74.22,74.22,74.22,0
2026-06-05 03:00,74.22,74.22,74.22,74.22,0
2026-06-05 04:00,74.22,74.22,74.22,74.22,0
2026-06-05 05:00,74.22,74.22,74.22,74.22,0
2026-06-05 06:00,74.22,74.22,74.22,74.22,0
2026-06-05 07:00,74.22,74.22,74.22,74.22,0
2026-06-05 08:00,74.22,74.22,74.22,74.22,0
2026-06-05 09:00,74.22,74.22,74.22,74.22,0
2026-06-05 10:00,73.59,73.59,73.59,73.59,1
2026-06-05 11:00,73.43,73.43,73.43,73.43,1
2026-06-05 12:00,73.55,73.6,73.52,73.6,3
2026-06-05 13:00,73.42,73.5,73.38,73.38,14
2026-06-05 14:00,73.38,73.38,73.38,73.38,0
2026-06-05 15:00,73.38,73.38,73.38,73.38,0
2026-06-05 16:00,73.38,73.38,73.38,73.38,0
2026-06-05 17:00,73.38,73.38,73.38,73.38,0
2026-06-08 19:00,74.21,75.15,74.21,75.15,0
2026-06-08 20:00,75.15,75.15,75.15,75.15,0
2026-06-08 21:00,75.15,75.15,75.15,75.15,0
2026-06-08 22:00,75.15,75.15,75.15,75.15,0
2026-06-08 23:00,75.15,75.15,75.15,75.15,0
2026-06-09 00:00,75.15,75.15,75.15,75.15,0
2026-06-09 01:00,75.15,75.15,75.15,75.15,0
2026-06-09 02:00,75.15,75.15,75.15,75.15,0
2026-06-09 03:00,75.15,75.15,75.15,75.15,0
2026-06-09 04:00,75.15,75.15,75.15,75.15,0
2026-06-09 05:00,75.15,75.15,75.15,75.15,0
2026-06-09 06:00,75.15,75.15,75.15,75.15,0
2026-06-09 07:00,75.15,75.15,75.15,75.15,0
2026-06-09 08:00,75.15,75.15,75.15,75.15,0
2026-06-09 09:00,75.15,75.15,75.15,75.15,0
2026-06-09 10:00,74.21,74.21,74.21,74.21,2
2026-06-09 11:00,74.21,74.21,74.21,74.21,0
2026-06-09 12:00,74.21,74.21,74.21,74.21,0
2026-06-09 13:00,73.89,74.91,73.89,74.52,29
2026-06-09 14:00,74.45,74.45,74.45,74.45,1
2026-06-09 15:00,74.5,74.56,74.42,74.42,17
2026-06-09 16:00,74.2,74.2,74.2,74.2,1
2026-06-09 17:00,74.3,74.3,74.3,74.3,1
2026-06-09 19:00,75.14,75.14,74.3,74.3,0
2026-06-09 20:00,74.3,74.3,74.3,74.3,0
2026-06-09 21:00,74.3,74.3,74.3,74.3,0
2026-06-09 22:00,74.3,74.3,74.3,74.3,0
2026-06-09 23:00,74.3,74.3,74.3,74.3,0
2026-06-10 00:00,74.3,74.3,74.3,74.3,0
2026-06-10 01:00,74.3,74.3,74.3,74.3,0
2026-06-10 02:00,74.3,74.3,74.3,74.3,0
2026-06-10 03:00,74.3,74.3,74.3,74.3,0
2026-06-10 04:00,74.3,74.3,74.3,74.3,0
2026-06-10 05:00,74.3,74.3,74.3,74.3,0
2026-06-10 06:00,74.3,74.3,74.3,74.3,0
2026-06-10 07:00,74.3,74.3,74.3,74.3,0
2026-06-10 08:00,74.3,74.3,74.3,74.3,0
2026-06-10 09:00,74.3,74.3,74.3,74.3,0
2026-06-10 10:00,74.3,74.3,74.3,74.3,0
2026-06-10 11:00,75.14,75.14,75.14,75.14,2
2026-06-10 12:00,75.1,75.4,75.06,75.4,164
2026-06-10 13:00,75.43,75.44,75.39,75.4,60
2026-06-10 14:00,75.43,75.5,75.43,75.5,4
2026-06-10 15:00,75.5,75.5,75.5,75.5,0
2026-06-10 16:00,75.24,75.24,75.24,75.24,10
2026-06-10 17:00,75.61,75.61,75.61,75.61,2
2026-06-10 19:00,75.91,75.91,75.18,75.18,0
2026-06-10 20:00,75.18,75.18,75.18,75.18,0
2026-06-10 21:00,75.18,75.18,75.18,75.18,0
2026-06-10 22:00,75.18,75.18,75.18,75.18,0
2026-06-10 23:00,75.18,75.18,75.18,75.18,0
2026-06-11 00:00,75.18,75.18,75.18,75.18,0
2026-06-11 01:00,75.18,75.18,75.18,75.18,0
2026-06-11 02:00,75.18,75.18,75.18,75.18,0
2026-06-11 03:00,75.18,75.18,75.18,75.18,0
2026-06-11 04:00,75.18,75.18,75.18,75.18,0
2026-06-11 05:00,75.18,75.18,75.18,75.18,0
2026-06-11 06:00,75.18,75.18,75.18,75.18,0
2026-06-11 07:00,75.18,75.18,75.18,75.18,0
2026-06-11 08:00,75.18,75.18,75.18,75.18,0
2026-06-11 09:00,75.18,75.18,75.18,75.18,0
2026-06-11 10:00,75.18,75.18,75.18,75.18,0
2026-06-11 11:00,75.18,75.18,75.18,75.18,0
2026-06-11 12:00,75.18,75.18,75.18,75.18,0
2026-06-11 13:00,75.18,75.18,75.18,75.18,0
2026-06-11 14:00,75.91,75.91,74.35,74.35,19
2026-06-11 15:00,74.54,74.7,74.54,74.7,2
2026-06-11 16:00,74.7,74.7,74.7,74.7,0
2026-06-11 17:00,74.7,74.7,74.7,74.7,0
2026-06-11 19:00,72.87,74.76,72.87,74.76,0
2026-06-11 20:00,74.76,74.76,74.76,74.76,0
2026-06-11 21:00,74.76,74.76,74.76,74.76,0
2026-06-11 22:00,74.76,74.76,74.76,74.76,0
2026-06-11 23:00,74.76,74.76,74.76,74.76,0
2026-06-12 00:00,74.76,74.76,74.76,74.76,0
2026-06-12 01:00,74.76,74.76,74.76,74.76,0
2026-06-12 02:00,74.76,74.76,74.76,74.76,0
2026-06-12 03:00,74.76,74.76,74.76,74.76,0
2026-06-12 04:00,74.76,74.76,74.76,74.76,0
2026-06-12 05:00,74.76,74.76,74.76,74.76,0
2026-06-12 06:00,74.76,74.76,74.76,74.76,0
2026-06-12 07:00,72.87,72.9,72.87,72.9,3
2026-06-12 08:00,72.9,72.9,72.9,72.9,0
2026-06-12 09:00,72.9,72.9,72.9,72.9,0
2026-06-12 10:00,72.9,72.9,72.9,72.9,0
2026-06-12 11:00,73.74,73.77,72.89,72.89,7
2026-06-12 12:00,72.95,72.95,72.66,72.66,4
2026-06-12 13:00,72.66,72.66,72.66,72.66,0
2026-06-12 14:00,72.46,72.46,72.46,72.46,1
2026-06-12 15:00,72.65,72.65,72.65,72.65,2
2026-06-12 16:00,72.65,72.65,72.65,72.65,0
2026-06-12 17:00,72.65,72.65,72.65,72.65,0
2026-06-14 19:00,71.36,72.67,71.36,72.67,0
2026-06-14 20:00,72.67,72.67,72.67,72.67,0
2026-06-14 21:00,72.67,72.67,72.67,72.67,0
2026-06-14 22:00,72.67,72.67,72.67,72.67,0
2026-06-14 23:00,72.67,72.67,72.67,72.67,0
2026-06-15 00:00,72.67,72.67,72.67,72.67,0
2026-06-15 01:00,72.67,72.67,72.67,72.67,0
2026-06-15 02:00,72.67,72.67,72.67,72.67,0
2026-06-15 03:00,72.67,72.67,72.67,72.67,0
2026-06-15 04:00,72.67,72.67,72.67,72.67,0
2026-06-15 05:00,72.67,72.67,72.67,72.67,0
2026-06-15 06:00,72.67,72.67,72.67,72.67,0
2026-06-15 07:00,72.67,72.67,72.67,72.67,0
2026-06-15 08:00,72.67,72.67,72.67,72.67,0
2026-06-15 09:00,72.67,72.67,72.67,72.67,0
2026-06-15 10:00,71.36,71.36,71.29,71.34,28
2026-06-15 11:00,71.34,71.34,71.34,71.34,0
2026-06-15 12:00,71.34,71.34,71.34,71.34,0
2026-06-15 13:00,71.34,71.34,71.34,71.34,0
2026-06-15 14:00,71.34,71.34,71.34,71.34,0
2026-06-15 15:00,71.34,71.34,71.34,71.34,0
2026-06-15 16:00,71.25,71.29,71.25,71.29,2
2026-06-15 17:00,71.29,71.29,71.29,71.29,0
2026-06-15 19:00,70.81,71,70.81,71,0
2026-06-15 20:00,71,71,71,71,0
2026-06-15 21:00,71,71,71,71,0
2026-06-15 22:00,71,71,71,71,0
2026-06-15 23:00,71,71,71,71,0
2026-06-16 00:00,71,71,71,71,0
2026-06-16 01:00,71,71,71,71,0
2026-06-16 02:00,70.81,70.81,70.81,70.81,1
2026-06-16 03:00,70.81,70.81,70.81,70.81,0
2026-06-16 04:00,70.81,70.81,70.81,70.81,0
2026-06-16 05:00,70.81,70.81,70.81,70.81,0
2026-06-16 06:00,70.81,70.81,70.81,70.81,0
2026-06-16 07:00,70.81,70.81,70.81,70.81,0
2026-06-16 08:00,70.81,70.81,70.81,70.81,0
2026-06-16 09:00,70.81,70.81,70.81,70.81,0
2026-06-16 10:00,70.81,70.81,70.81,70.81,0
2026-06-16 11:00,70.31,70.31,70.09,70.09,2
2026-06-16 12:00,70.32,70.32,70.07,70.07,8
2026-06-16 13:00,70.07,70.07,70.07,70.07,0
2026-06-16 14:00,70.07,70.07,70.07,70.07,0
2026-06-16 15:00,69.59,69.6,69.59,69.6,17
2026-06-16 16:00,69.65,70.05,69.65,70.05,9
2026-06-16 17:00,70.05,70.05,70.05,70.05,0
2026-06-16 19:00,69.72,69.72,69.57,69.57,0
2026-06-16 20:00,69.57,69.57,69.57,69.57,0
2026-06-16 21:00,69.57,69.57,69.57,69.57,0
2026-06-16 22:00,69.57,69.57,69.57,69.57,0
2026-06-16 23:00,69.57,69.57,69.57,69.57,0
2026-06-17 00:00,69.57,69.57,69.57,69.57,0
2026-06-17 01:00,69.57,69.57,69.57,69.57,0
2026-06-17 02:00,69.57,69.57,69.57,69.57,0
2026-06-17 03:00,69.57,69.57,69.57,69.57,0
2026-06-17 04:00,69.57,69.57,69.57,69.57,0
2026-06-17 05:00,69.57,69.57,69.57,69.57,0
2026-06-17 06:00,69.57,69.57,69.57,69.57,0
2026-06-17 07:00,69.72,69.72,69.72,69.72,1
2026-06-17 08:00,69.72,69.72,69.72,69.72,0
2026-06-17 09:00,69.72,69.72,69.72,69.72,0
2026-06-17 10:00,69.72,69.72,69.72,69.72,0
2026-06-17 11:00,69.79,69.81,69.69,69.81,3
2026-06-17 12:00,69.24,69.24,69.24,69.24,20
2026-06-17 13:00,69.24,69.24,69.24,69.24,0
2026-06-17 14:00,69.24,69.24,69.24,69.24,0
2026-06-17 15:00,69.24,69.24,69.24,69.24,0
2026-06-17 16:00,69.26,69.26,69.26,69.26,4
2026-06-17 17:00,69.26,69.26,69.26,69.26,0
2026-06-17 19:00,67.72,69.35,67.72,69.35,0
2026-06-17 20:00,69.35,69.35,69.35,69.35,0
2026-06-17 21:00,69.35,69.35,69.35,69.35,0
2026-06-17 22:00,69.35,69.35,69.35,69.35,0
2026-06-17 23:00,69.35,69.35,69.35,69.35,0
2026-06-18 00:00,69.35,69.35,69.35,69.35,0
2026-06-18 01:00,69.35,69.35,69.35,69.35,0
2026-06-18 02:00,69.35,69.35,69.35,69.35,0
2026-06-18 03:00,69.35,69.35,69.35,69.35,0
2026-06-18 04:00,69.35,69.35,69.35,69.35,0
2026-06-18 05:00,69.35,69.35,69.35,69.35,0
2026-06-18 06:00,69.35,69.35,69.35,69.35,0
2026-06-18 07:00,69.35,69.35,69.35,69.35,0
2026-06-18 08:00,69.35,69.35,69.35,69.35,0
2026-06-18 09:00,69.35,69.35,69.35,69.35,0
2026-06-18 10:00,69.35,69.35,69.35,69.35,0
2026-06-18 11:00,67.72,67.81,67.72,67.81,3
2026-06-18 12:00,67.81,67.81,67.81,67.81,0
2026-06-18 13:00,67.81,67.81,67.81,67.81,0
2026-06-18 14:00,67.81,67.81,67.81,67.81,0
2026-06-18 15:00,68.39,68.79,68.39,68.79,10
2026-06-18 16:00,68.79,68.82,68.79,68.82,2
2026-06-18 17:00,68.82,68.82,68.82,68.82,0
2026-06-18 19:00,69.22,69.22,69,69,0
2026-06-18 20:00,69,69,69,69,0
2026-06-18 21:00,69,69,69,69,0
2026-06-18 22:00,69,69,69,69,0
2026-06-18 23:00,69,69,69,69,0
2026-06-19 00:00,69,69,69,69,0
2026-06-19 01:00,69,69,69,69,0
2026-06-19 02:00,69,69,69,69,0
2026-06-19 03:00,69,69,69,69,0
2026-06-19 04:00,69,69,69,69,0
2026-06-19 05:00,69,69,69,69,0
2026-06-19 06:00,69,69,69,69,0
2026-06-19 07:00,69,69,69,69,0
2026-06-19 08:00,69,69,69,69,0
2026-06-19 09:00,69.22,69.22,69,69,2
2026-06-19 10:00,69,69,69,69,0
2026-06-19 11:00,69,69,69,69,0
2026-06-19 12:00,69,69,69,69,0
2026-06-19 13:00,69,69,69,69,0
2026-06-21 19:00,69,69,69,69,0
2026-06-21 20:00,69,69,69,69,0
2026-06-21 21:00,69,69,69,69,0
2026-06-21 22:00,69,69,69,69,0
2026-06-21 23:00,69,69,69,69,0
2026-06-22 00:00,69,69,69,69,0
2026-06-22 01:00,69,69,69,69,0
2026-06-22 02:00,69,69,69,69,0
2026-06-22 03:00,69,69,69,69,0
2026-06-22 04:00,69,69,69,69,0
2026-06-22 05:00,69,69,69,69,0
2026-06-22 06:00,69,69,69,69,0
2026-06-22 07:00,69,69,69,69,0
2026-06-22 08:00,69,69,69,69,0
2026-06-22 09:00,69,69,69,69,0
2026-06-22 10:00,69,69,69,69,0
2026-06-22 11:00,68.11,68.11,68.11,68.11,1
2026-06-22 12:00,68.11,68.11,68.11,68.11,0
2026-06-22 13:00,68.11,68.11,68.11,68.11,0
2026-06-22 14:00,68.13,68.13,68.13,68.13,9
2026-06-22 15:00,67.99,67.99,67.9,67.9,22
2026-06-22 16:00,68.2,68.2,68.2,68.2,1
2026-06-22 17:00,68.2,68.2,68.2,68.2,0
2026-06-22 19:00,68.14,68.14,68.08,68.08,0
2026-06-22 20:00,68.08,68.08,68.08,68.08,0
2026-06-22 21:00,68.08,68.08,68.08,68.08,0
2026-06-22 22:00,68.08,68.08,68.08,68.08,0
2026-06-22 23:00,68.08,68.08,68.08,68.08,0
2026-06-23 00:00,68.08,68.08,68.08,68.08,0
2026-06-23 01:00,68.08,68.08,68.08,68.08,0
2026-06-23 02:00,68.08,68.08,68.08,68.08,0
2026-06-23 03:00,68.08,68.08,68.08,68.08,0
2026-06-23 04:00,68.08,68.08,68.08,68.08,0
2026-06-23 05:00,68.08,68.08,68.08,68.08,0
2026-06-23 06:00,68.08,68.08,68.08,68.08,0
2026-06-23 07:00,68.08,68.08,68.08,68.08,0
2026-06-23 08:00,68.08,68.08,68.08,68.08,0
2026-06-23 09:00,68.08,68.08,68.08,68.08,0
2026-06-23 10:00,68.14,68.14,68.14,68.14,3
2026-06-23 11:00,67.76,67.76,67.74,67.74,2
2026-06-23 12:00,67.74,67.74,67.74,67.74,0
2026-06-23 13:00,67.89,67.89,67.89,67.89,3
2026-06-23 14:00,67.89,67.89,67.89,67.89,0
2026-06-23 15:00,67.98,68.07,67.95,68.07,31
2026-06-23 16:00,68.08,68.12,68.04,68.06,40
2026-06-23 17:00,68.08,68.08,68.08,68.08,5
2026-06-23 19:00,66.5,67.97,66.5,67.97,0
2026-06-23 20:00,67.97,67.97,67.97,67.97,0
2026-06-23 21:00,67.97,67.97,67.97,67.97,0
2026-06-23 22:00,67.97,67.97,67.97,67.97,0
2026-06-23 23:00,67.97,67.97,67.97,67.97,0
2026-06-24 00:00,67.97,67.97,67.97,67.97,0
2026-06-24 01:00,67.97,67.97,67.97,67.97,0
2026-06-24 02:00,67.97,67.97,67.97,67.97,0
2026-06-24 03:00,67.97,67.97,67.97,67.97,0
2026-06-24 04:00,67.97,67.97,67.97,67.97,0
2026-06-24 05:00,67.97,67.97,67.97,67.97,0
2026-06-24 06:00,67.97,67.97,67.97,67.97,0
2026-06-24 07:00,67.97,67.97,67.97,67.97,0
2026-06-24 08:00,67.97,67.97,67.97,67.97,0
2026-06-24 09:00,67.97,67.97,67.97,67.97,0
2026-06-24 10:00,66.5,66.5,66.5,66.5,1
2026-06-24 11:00,66.33,66.42,66.21,66.27,38
2026-06-24 12:00,66.25,66.5,66.13,66.43,118
2026-06-24 13:00,66.45,66.69,66.43,66.69,18
2026-06-24 14:00,66.64,66.64,66.37,66.5,14
2026-06-24 15:00,66.48,66.52,66.35,66.45,8
2026-06-24 16:00,66.27,66.36,66.24,66.36,125
2026-06-24 17:00,66.36,66.36,66.36,66.36,0
2026-06-24 19:00,66.76,66.76,66.41,66.41,0
2026-06-24 20:00,66.41,66.41,66.41,66.41,0
2026-06-24 21:00,66.41,66.41,66.41,66.41,0
2026-06-24 22:00,66.41,66.41,66.41,66.41,0
2026-06-24 23:00,66.41,66.41,66.41,66.41,0
2026-06-25 00:00,66.41,66.41,66.41,66.41,0
2026-06-25 01:00,66.41,66.41,66.41,66.41,0
2026-06-25 02:00,66.41,66.41,66.41,66.41,0
2026-06-25 03:00,66.41,66.41,66.41,66.41,0
2026-06-25 04:00,66.41,66.41,66.41,66.41,0
2026-06-25 05:00,66.41,66.41,66.41,66.41,0
2026-06-25 06:00,66.41,66.41,66.41,66.41,0
2026-06-25 07:00,66.41,66.41,66.41,66.41,0
2026-06-25 08:00,66.41,66.41,66.41,66.41,0
2026-06-25 09:00,66.41,66.41,66.41,66.41,0
2026-06-25 10:00,66.41,66.41,66.41,66.41,0
2026-06-25 11:00,66.76,66.81,66.76,66.81,27
2026-06-25 12:00,66.81,66.81,66.81,66.81,0
2026-06-25 13:00,66.98,66.98,66.98,66.98,3
2026-06-25 14:00,66.96,66.96,66.96,66.96,2
2026-06-25 15:00,67.01,67.48,67.01,67.44,31
2026-06-25 16:00,67.44,67.44,67.44,67.44,0
2026-06-25 17:00,67.44,67.44,67.44,67.44,0
2026-06-25 19:00,65.79,67.34,65.79,67.34,0
2026-06-25 20:00,67.34,67.34,67.34,67.34,0
2026-06-25 21:00,67.34,67.34,67.34,67.34,0
2026-06-25 22:00,67.34,67.34,67.34,67.34,0
2026-06-25 23:00,67.34,67.34,67.34,67.34,0
2026-06-26 00:00,67.34,67.34,67.34,67.34,0
2026-06-26 01:00,67.34,67.34,67.34,67.34,0
2026-06-26 02:00,67.34,67.34,67.34,67.34,0
2026-06-26 03:00,67.34,67.34,67.34,67.34,0
2026-06-26 04:00,67.34,67.34,67.34,67.34,0
2026-06-26 05:00,67.34,67.34,67.34,67.34,0
2026-06-26 06:00,67.34,67.34,67.34,67.34,0
2026-06-26 07:00,67.34,67.34,67.34,67.34,0
2026-06-26 08:00,67.34,67.34,67.34,67.34,0
2026-06-26 09:00,67.34,67.34,67.34,67.34,0
2026-06-26 10:00,67.34,67.34,67.34,67.34,0
2026-06-26 11:00,65.79,65.79,65.71,65.71,11
2026-06-26 12:00,66.07,66.07,66.07,66.07,2
2026-06-26 13:00,65.88,65.9,65.88,65.9,2
2026-06-26 14:00,65.9,65.9,65.9,65.9,0
2026-06-26 15:00,65.93,65.96,65.93,65.96,20
2026-06-26 16:00,65.99,65.99,65.99,65.99,2
2026-06-26 17:00,66.15,66.6,66.15,66.6,10
2026-06-28 19:00,66.2,66.2,66,66,0
2026-06-28 20:00,66,66,66,66,0
2026-06-28 21:00,66,66,66,66,0
2026-06-28 22:00,66,66,66,66,0
2026-06-28 23:00,66,66,66,66,0
2026-06-29 00:00,66,66,66,66,0
2026-06-29 01:00,66,66,66,66,0
2026-06-29 02:00,66.2,66.2,66.2,66.2,1
2026-06-29 03:00,66.2,66.2,66.2,66.2,0
2026-06-29 04:00,66.2,66.2,66.2,66.2,0
2026-06-29 05:00,66.2,66.2,66.2,66.2,0
2026-06-29 06:00,66.2,66.2,66.2,66.2,0
2026-06-29 07:00,66.2,66.2,66.2,66.2,0
2026-06-29 08:00,66.2,66.2,66.2,66.2,0
2026-06-29 09:00,66.2,66.2,66.2,66.2,0
2026-06-29 10:00,66.2,66.2,66.2,66.2,0
2026-06-29 11:00,66.2,66.2,66.2,66.2,0
2026-06-29 12:00,66.2,66.2,66.2,66.2,0
2026-06-29 13:00,66.73,66.73,66.73,66.73,5
2026-06-29 14:00,66.73,66.73,66.73,66.73,0
2026-06-29 15:00,66.6,66.6,66.45,66.46,30
2026-06-29 16:00,66.51,66.51,66.42,66.45,24
2026-06-29 17:00,66.46,66.46,66.39,66.39,5
2026-06-29 19:00,66.62,66.62,66.56,66.56,0
2026-06-29 20:00,66.56,66.56,66.56,66.56,0
2026-06-29 21:00,66.56,66.56,66.56,66.56,0
2026-06-29 22:00,66.56,66.56,66.56,66.56,0
2026-06-29 23:00,66.56,66.56,66.56,66.56,0
2026-06-30 00:00,66.56,66.56,66.56,66.56,0
2026-06-30 01:00,66.56,66.56,66.56,66.56,0
2026-06-30 02:00,66.56,66.56,66.56,66.56,0
2026-06-30 03:00,66.56,66.56,66.56,66.56,0
2026-06-30 04:00,66.56,66.56,66.56,66.56,0
2026-06-30 05:00,66.56,66.56,66.56,66.56,0
2026-06-30 06:00,66.56,66.56,66.56,66.56,0
2026-06-30 07:00,66.56,66.56,66.56,66.56,0
2026-06-30 08:00,66.62,66.72,66.61,66.72,3
2026-06-30 09:00,66.76,66.88,66.68,66.87,16
2026-06-30 10:00,66.8,66.8,66.78,66.78,2
2026-06-30 11:00,66.79,66.8,66.76,66.76,13
2026-06-30 12:00,66.28,66.28,66.28,66.28,1
2026-06-30 13:00,66.39,66.39,66.39,66.39,9
2026-06-30 14:00,66.39,66.39,66.39,66.39,0
2026-06-30 15:00,66.25,66.34,66.25,66.34,7
2026-06-30 16:00,66.32,66.45,66.31,66.45,41
2026-06-30 17:00,66.46,66.47,66.45,66.45,9
2026-06-30 19:00,66.37,66.37,66.12,66.12,0
2026-06-30 20:00,66.12,66.12,66.12,66.12,0
2026-06-30 21:00,66.12,66.12,66.12,66.12,0
2026-06-30 22:00,66.12,66.12,66.12,66.12,0
2026-06-30 23:00,66.12,66.12,66.12,66.12,0
2026-07-01 00:00,66.12,66.12,66.12,66.12,0
2026-07-02 12:00,66.2,66.2,66.2,66.2,0
2026-07-02 13:00,66.24,66.24,66.24,66.24,1
2026-07-02 14:00,66.24,66.24,66.24,66.24,0
2026-07-02 15:00,66.24,66.24,66.24,66.24,0
2026-07-02 16:00,66.24,66.24,66.24,66.24,0
2026-07-02 17:00,66.24,66.24,66.24,66.24,0
2026-07-02 19:00,66.84,66.84,66.84,66.84,0
2026-07-02 20:00,66.84,66.84,66.84,66.84,0
2026-07-02 21:00,66.84,66.84,66.84,66.84,0
2026-07-02 22:00,66.84,66.84,66.84,66.84,0
2026-07-02 23:00,66.84,66.84,66.84,66.84,0
2026-07-03 00:00,66.84,66.84,66.84,66.84,0
2026-07-03 01:00,66.84,66.84,66.84,66.84,0
2026-07-03 02:00,66.84,66.84,66.84,66.84,0
2026-07-03 03:00,66.84,66.84,66.84,66.84,0
2026-07-03 04:00,66.84,66.84,66.84,66.84,0
2026-07-03 05:00,66.84,66.84,66.84,66.84,0
2026-07-03 06:00,66.84,66.84,66.84,66.84,0
2026-07-03 07:00,66.84,66.84,66.84,66.84,0
2026-07-03 08:00,66.84,66.84,66.84,66.84,0
2026-07-03 09:00,66.84,66.84,66.84,66.84,0
2026-07-03 10:00,66.84,66.84,66.84,66.84,0
2026-07-03 11:00,66.84,66.84,66.84,66.84,0
2026-07-03 12:00,66.84,66.84,66.84,66.84,0
2026-07-03 13:00,66.84,66.84,66.84,66.84,0
2026-07-05 19:00,66.84,66.84,66.84,66.84,0
2026-07-05 20:00,66.84,66.84,66.84,66.84,0
2026-07-05 21:00,66.84,66.84,66.84,66.84,0
2026-07-05 22:00,66.84,66.84,66.84,66.84,0
2026-07-05 23:00,66.84,66.84,66.84,66.84,0
2026-07-06 00:00,66.84,66.84,66.84,66.84,0
2026-07-06 01:00,66.84,66.84,66.84,66.84,0
2026-07-06 02:00,66.84,66.84,66.84,66.84,0
2026-07-06 03:00,66.84,66.84,66.84,66.84,0
2026-07-06 04:00,66.84,66.84,66.84,66.84,0
2026-07-06 05:00,66.84,66.84,66.84,66.84,0
2026-07-06 06:00,66.84,66.84,66.84,66.84,0
2026-07-06 07:00,66.84,66.84,66.84,66.84,0
2026-07-06 08:00,66.84,66.84,66.84,66.84,0
2026-07-06 09:00,66.84,66.84,66.84,66.84,0
2026-07-06 10:00,66.72,66.72,66.72,66.72,5
2026-07-06 11:00,66.72,66.72,66.72,66.72,0
2026-07-06 12:00,66.72,66.72,66.72,66.72,0
2026-07-06 13:00,66.72,66.72,66.72,66.72,0
2026-07-06 14:00,66.72,66.72,66.72,66.72,0
2026-07-06 15:00,66.96,67.18,66.96,67.18,30
2026-07-06 16:00,67.18,67.18,67.18,67.18,0
2026-07-06 17:00,67.18,67.18,67.18,67.18,0
2026-07-06 19:00,67.83,67.83,67.15,67.15,0
2026-07-06 20:00,67.15,67.15,67.15,67.15,0
2026-07-06 21:00,67.15,67.15,67.15,67.15,0
2026-07-06 22:00,67.15,67.15,67.15,67.15,0
2026-07-06 23:00,67.15,67.15,67.15,67.15,0
2026-07-07 00:00,67.15,67.15,67.15,67.15,0
2026-07-07 01:00,67.15,67.15,67.15,67.15,0
2026-07-07 02:00,67.15,67.15,67.15,67.15,0
2026-07-07 03:00,67.15,67.15,67.15,67.15,0
2026-07-07 04:00,67.15,67.15,67.15,67.15,0
2026-07-07 05:00,67.15,67.15,67.15,67.15,0
2026-07-07 06:00,67.15,67.15,67.15,67.15,0
2026-07-07 07:00,67.15,67.15,67.15,67.15,0
2026-07-07 08:00,67.15,67.15,67.15,67.15,0
2026-07-07 09:00,67.15,67.15,67.15,67.15,0
2026-07-07 10:00,67.15,67.15,67.15,67.15,0
2026-07-07 11:00,67.15,67.15,67.15,67.15,0
2026-07-07 12:00,67.15,67.15,67.15,67.15,0
2026-07-07 13:00,67.15,67.15,67.15,67.15,0
2026-07-07 14:00,67.15,67.15,67.15,67.15,0
2026-07-07 15:00,67.83,67.89,67.83,67.89,28
2026-07-07 16:00,68.47,68.47,68.47,68.47,1
2026-07-07 17:00,68.28,68.33,68.28,68.33,4
2026-07-07 19:00,68.78,68.78,67.83,67.83,0
2026-07-07 20:00,67.83,67.83,67.83,67.83,0
2026-07-07 21:00,67.83,67.83,67.83,67.83,0
2026-07-07 22:00,67.83,67.83,67.83,67.83,0
2026-07-07 23:00,67.83,67.83,67.83,67.83,0
2026-07-08 00:00,67.83,67.83,67.83,67.83,0
2026-07-08 01:00,67.83,67.83,67.83,67.83,0
2026-07-08 02:00,67.83,67.83,67.83,67.83,0
2026-07-08 03:00,67.83,67.83,67.83,67.83,0
2026-07-08 04:00,67.83,67.83,67.83,67.83,0
2026-07-08 05:00,67.83,67.83,67.83,67.83,0
2026-07-08 06:00,67.83,67.83,67.83,67.83,0
2026-07-08 07:00,67.83,67.83,67.83,67.83,0
2026-07-08 08:00,67.83,67.83,67.83,67.83,0
2026-07-08 09:00,67.83,67.83,67.83,67.83,0
2026-07-08 10:00,68.78,68.98,68.77,68.77,13
2026-07-08 11:00,69.48,69.49,69.48,69.49,5
2026-07-08 12:00,69.6,69.6,69.53,69.53,7
2026-07-08 13:00,69.49,69.59,69.41,69.41,10
2026-07-08 14:00,69.17,69.17,68.98,68.98,26
2026-07-08 15:00,69.02,69.25,69,69.25,114
2026-07-08 16:00,69.22,69.22,69.19,69.21,7
2026-07-08 17:00,69.21,69.21,69.21,69.21,0
2026-07-08 19:00,68.73,69.04,68.73,69.04,0
2026-07-08 20:00,69.04,69.04,69.04,69.04,0
2026-07-08 21:00,69.04,69.04,69.04,69.04,0
2026-07-08 22:00,69.04,69.04,69.04,69.04,0
2026-07-08 23:00,69.04,69.04,69.04,69.04,0
2026-07-09 00:00,69.04,69.04,69.04,69.04,0
2026-07-09 01:00,69.04,69.04,69.04,69.04,0
2026-07-09 02:00,69.04,69.04,69.04,69.04,0
2026-07-09 03:00,69.04,69.04,69.04,69.04,0
2026-07-09 04:00,69.04,69.04,69.04,69.04,0
2026-07-09 05:00,69.04,69.04,69.04,69.04,0
2026-07-09 06:00,69.04,69.04,69.04,69.04,0
2026-07-09 07:00,69.04,69.04,69.04,69.04,0
2026-07-09 08:00,69.04,69.04,69.04,69.04,0
2026-07-09 09:00,69.04,69.04,69.04,69.04,0
2026-07-09 10:00,69.04,69.04,69.04,69.04,0
2026-07-09 11:00,68.73,68.73,68.73,68.73,1
2026-07-09 12:00,68.73,68.73,68.73,68.73,0
2026-07-09 13:00,68.4,68.43,68.4,68.43,13
2026-07-09 14:00,68.43,68.7,68.43,68.44,13
2026-07-09 15:00,68.47,68.53,68.44,68.53,90
2026-07-09 16:00,68.25,68.25,68.25,68.25,1
2026-07-09 17:00,68.25,68.25,68.25,68.25,0
2026-07-09 19:00,68.25,68.45,68.25,68.45,0
2026-07-09 20:00,68.45,68.45,68.45,68.45,0
2026-07-09 21:00,68.45,68.45,68.45,68.45,0
2026-07-09 22:00,68.45,68.45,68.45,68.45,0
2026-07-09 23:00,68.45,68.45,68.45,68.45,0
2026-07-10 00:00,68.45,68.45,68.45,68.45,0
2026-07-10 01:00,68.45,68.45,68.45,68.45,0
2026-07-10 02:00,68.45,68.45,68.45,68.45,0
2026-07-10 03:00,68.45,68.45,68.45,68.45,0
2026-07-10 04:00,68.45,68.45,68.45,68.45,0
2026-07-10 05:00,68.45,68.45,68.45,68.45,0
2026-07-10 06:00,68.45,68.45,68.45,68.45,0
2026-07-10 07:00,68.45,68.45,68.45,68.45,0
2026-07-10 08:00,68.45,68.45,68.45,68.45,0
2026-07-10 09:00,68.25,68.25,68.25,68.25,15
2026-07-10 10:00,68.25,68.25,68.25,68.25,0
2026-07-10 11:00,68.25,68.25,68.25,68.25,0
2026-07-10 12:00,67.69,67.69,67.69,67.69,2
2026-07-10 13:00,67.88,67.88,67.88,67.88,1
2026-07-10 14:00,67.88,67.88,67.88,67.88,0
2026-07-10 15:00,68.27,68.48,68.27,68.39,106
2026-07-10 16:00,68.33,68.33,68.31,68.31,3
2026-07-10 17:00,68.31,68.31,68.31,68.31,0
2026-07-12 19:00,69.45,69.45,69.45,69.45,105
2026-07-12 20:00,69.45,69.45,69.45,69.45,0
2026-07-12 21:00,69.45,69.45,69.45,69.45,0
2026-07-12 22:00,69.45,69.45,69.45,69.45,0
2026-07-12 23:00,69.45,69.45,69.45,69.45,0
2026-07-13 00:00,69.45,69.45,69.45,69.45,0
2026-07-13 01:00,69.45,69.45,69.45,69.45,0
2026-07-13 02:00,69.45,69.45,69.45,69.45,0
2026-07-13 03:00,69.45,69.45,69.45,69.45,0
2026-07-13 04:00,69.45,69.45,69.45,69.45,0
2026-07-13 05:00,69.45,69.45,69.45,69.45,0
2026-07-13 06:00,69.45,69.45,69.45,69.45,0
2026-07-13 07:00,69.45,69.45,69.45,69.45,0
2026-07-13 08:00,69.45,69.45,69.45,69.45,0
2026-07-13 09:00,69.45,69.45,69.45,69.45,0
2026-07-13 10:00,69.45,69.45,69.45,69.45,0
2026-07-13 11:00,69.13,69.55,69.13,69.55,2
2026-07-13 12:00,69.47,69.47,69.47,69.47,1
2026-07-13 13:00,69.47,69.47,69.47,69.47,0
2026-07-13 14:00,70.25,70.25,70.25,70.25,1
2026-07-13 15:00,70.75,71.04,70.75,70.91,123
2026-07-13 16:00,70.91,70.91,70.91,70.91,0
2026-07-13 17:00,70.91,70.91,70.91,70.91,0
2026-07-13 19:00,70.35,70.87,70.35,70.87,0
2026-07-13 20:00,70.87,70.87,70.87,70.87,0
2026-07-13 21:00,70.87,70.87,70.87,70.87,0
2026-07-13 22:00,70.87,70.87,70.87,70.87,0
2026-07-13 23:00,70.87,70.87,70.87,70.87,0
2026-07-14 00:00,70.87,70.87,70.87,70.87,0
2026-07-14 01:00,70.87,70.87,70.87,70.87,0
2026-07-14 02:00,70.87,70.87,70.87,70.87,0
2026-07-14 03:00,70.87,70.87,70.87,70.87,0
2026-07-14 04:00,70.87,70.87,70.87,70.87,0
2026-07-14 05:00,70.87,70.87,70.87,70.87,0
2026-07-14 06:00,70.87,70.87,70.87,70.87,0
2026-07-14 07:00,70.35,70.35,70.35,70.35,15
2026-07-14 08:00,70.35,70.35,70.35,70.35,0
2026-07-14 09:00,70.35,70.35,70.35,70.35,0
2026-07-14 10:00,70.17,70.17,70.17,70.17,3
2026-07-14 11:00,70.01,70.21,69.62,69.63,17
2026-07-14 12:00,69.63,69.63,69.63,69.63,0
2026-07-14 13:00,69.95,69.95,69.95,69.95,30
2026-07-14 14:00,70.39,70.48,70.39,70.43,13
2026-07-14 15:00,70.48,70.6,70.32,70.6,141
2026-07-14 16:00,70.6,70.6,70.6,70.6,0
2026-07-14 17:00,70.6,70.6,70.6,70.6,0
2026-07-14 19:00,70.5,70.5,70.34,70.34,0
2026-07-14 20:00,70.34,70.34,70.34,70.34,0
2026-07-14 21:00,70.34,70.34,70.34,70.34,0
2026-07-14 22:00,70.34,70.34,70.34,70.34,0
2026-07-14 23:00,70.34,70.34,70.34,70.34,0
2026-07-15 00:00,70.34,70.34,70.34,70.34,0
2026-07-15 01:00,70.34,70.34,70.34,70.34,0
2026-07-15 02:00,70.34,70.34,70.34,70.34,0
2026-07-15 03:00,70.5,70.5,70.5,70.5,3
2026-07-15 04:00,70.5,70.5,70.5,70.5,0
2026-07-15 05:00,70.5,70.5,70.5,70.5,0
2026-07-15 06:00,70.5,70.5,70.5,70.5,0
2026-07-15 07:00,70.5,70.5,70.5,70.5,0
2026-07-15 08:00,70.5,70.5,70.5,70.5,0
2026-07-15 09:00,70.5,70.5,70.5,70.5,0
2026-07-15 10:00,71,71,71,71,1
2026-07-15 11:00,71.19,71.19,70.51,70.51,19
2026-07-15 12:00,70.67,70.79,70.34,70.74,13
2026-07-15 13:00,70.66,70.78,70.6,70.72,38
2026-07-15 14:00,70.63,70.72,70.57,70.61,10
2026-07-15 15:00,70.6,70.68,70.53,70.6,9
2026-07-15 16:00,70.69,70.69,70.66,70.66,5
2026-07-15 17:00,70.87,70.87,70.84,70.84,2
2026-07-15 19:00,70.88,70.88,70.54,70.54,0
2026-07-15 20:00,70.54,70.54,70.54,70.54,0
2026-07-15 21:00,70.54,70.54,70.54,70.54,0
2026-07-15 22:00,70.54,70.54,70.54,70.54,0
2026-07-15 23:00,70.54,70.54,70.54,70.54,0
2026-07-16 00:00,70.54,70.54,70.54,70.54,0
2026-07-16 01:00,70.54,70.54,70.54,70.54,0
2026-07-16 02:00,70.54,70.54,70.54,70.54,0
2026-07-16 03:00,70.54,70.54,70.54,70.54,0
2026-07-16 04:00,70.54,70.54,70.54,70.54,0
2026-07-16 05:00,70.54,70.54,70.54,70.54,0
2026-07-16 06:00,70.54,70.54,70.54,70.54,0
2026-07-16 07:00,70.88,70.88,70.65,70.66,3
2026-07-16 08:00,70.88,71.08,70.62,70.82,6
2026-07-16 09:00,70.82,70.82,70.82,70.82,0
2026-07-16 10:00,70.82,70.82,70.82,70.82,0
2026-07-16 11:00,70.83,70.83,70.83,70.83,2
2026-07-16 12:00,70.83,70.83,70.83,70.83,0
2026-07-16 13:00,70.83,70.83,70.83,70.83,0
2026-07-16 14:00,70.49,70.49,70.41,70.41,2
2026-07-16 15:00,70.4,70.4,70.4,70.4,10
2026-07-16 16:00,70.4,70.4,70.4,70.4,0
2026-07-16 17:00,70.57,70.61,70.57,70.61,2
2026-07-16 19:00,70.43,70.43,70.42,70.42,0
2026-07-16 20:00,70.42,70.42,70.42,70.42,0
2026-07-16 21:00,70.42,70.42,70.42,70.42,0
2026-07-16 22:00,70.42,70.42,70.42,70.42,0
2026-07-16 23:00,70.42,70.42,70.42,70.42,0
2026-07-17 00:00,70.42,70.42,70.42,70.42,0
2026-07-17 01:00,70.42,70.42,70.42,70.42,0
2026-07-17 02:00,70.42,70.42,70.42,70.42,0
2026-07-17 03:00,70.43,70.43,70.43,70.43,1
2026-07-17 04:00,70.43,70.43,70.43,70.43,0
2026-07-17 05:00,70.43,70.43,70.43,70.43,0
2026-07-17 06:00,70.43,70.43,70.43,70.43,0
2026-07-17 07:00,70.43,70.43,70.43,70.43,0
2026-07-17 08:00,70.43,70.43,70.43,70.43,0
2026-07-17 09:00,70.43,70.43,70.43,70.43,0
2026-07-17 10:00,70.43,70.43,70.43,70.43,0
2026-07-17 11:00,71.8,71.8,71.73,71.79,28
2026-07-17 12:00,71.5,71.76,71.5,71.76,49
2026-07-17 13:00,71.74,72,71.74,72,96
2026-07-17 14:00,72.03,72.03,72.03,72.03,4
2026-07-17 15:00,71.8,71.8,71.48,71.52,30
2026-07-17 16:00,71.4,71.4,71.4,71.4,1
2026-07-17 17:00,71.4,71.4,71.4,71.4,0
2026-07-19 19:00,71.95,71.95,71.66,71.66,0
2026-07-19 20:00,71.95,71.95,71.95,71.95,1
2026-07-19 21:00,71.95,71.95,71.95,71.95,0
2026-07-19 22:00,71.95,71.95,71.95,71.95,0
2026-07-19 23:00,71.95,71.95,71.95,71.95,0
2026-07-20 00:00,71.95,71.95,71.95,71.95,0
2026-07-20 01:00,71.95,71.95,71.95,71.95,0
2026-07-20 02:00,71.95,71.95,71.95,71.95,0
2026-07-20 03:00,71.95,71.95,71.95,71.95,0
2026-07-20 04:00,71.88,71.88,71.87,71.87,2
2026-07-20 05:00,71.19,71.19,71.19,71.19,1
2026-07-20 06:00,71.19,71.19,71.19,71.19,0
2026-07-20 07:00,71.19,71.19,71.19,71.19,0
2026-07-20 08:00,71.07,71.07,70.75,70.75,3
2026-07-20 09:00,70.99,71.18,70.99,71.18,2
2026-07-20 10:00,71.29,71.29,71.23,71.23,26
2026-07-20 11:00,71.23,71.23,71.23,71.23,0
2026-07-20 12:00,71.23,71.23,71.23,71.23,0
2026-07-20 13:00,71.29,71.52,71.29,71.52,6
2026-07-20 14:00,71.52,71.52,71.52,71.52,0
2026-07-20 15:00,71.41,71.41,71.31,71.4,51
2026-07-20 16:00,71.31,71.33,71.28,71.33,15
2026-07-20 17:00,71.29,71.29,71.28,71.28,4
2026-07-20 19:00,71.84,71.84,71.34,71.34,0
2026-07-20 20:00,71.84,71.84,71.3,71.3,2
2026-07-20 21:00,71.3,71.3,71.3,71.3,0
2026-07-20 22:00,71.3,71.3,71.3,71.3,0
2026-07-20 23:00,71.3,71.3,71.3,71.3,0
2026-07-21 00:00,71.3,71.3,71.3,71.3,0
2026-07-21 01:00,71.3,71.3,71.3,71.3,0
2026-07-21 02:00,71.3,71.3,71.3,71.3,0
2026-07-21 03:00,71.3,71.3,71.3,71.3,0
2026-07-21 04:00,71.3,71.3,71.3,71.3,0
2026-07-21 05:00,71.3,71.3,71.3,71.3,0
2026-07-21 06:00,71.3,71.3,71.3,71.3,0
2026-07-21 07:00,71.3,71.3,71.3,71.3,0
2026-07-21 08:00,71.3,71.3,71.3,71.3,0
2026-07-21 09:00,71.25,71.32,71.23,71.32,47
2026-07-21 10:00,71.34,71.61,71.34,71.61,64
2026-07-21 11:00,71.58,71.69,71.41,71.41,33
2026-07-21 12:00,71.6,71.7,71.4,71.7,8
2026-07-21 13:00,71.61,71.61,71.57,71.57,3
2026-07-21 14:00,71.52,71.54,71.52,71.54,2
2026-07-21 15:00,71.54,71.54,71.54,71.54,0
2026-07-21 16:00,71.54,71.54,71.54,71.54,0
2026-07-21 17:00,71.26,71.26,71.26,71.26,5
2026-07-21 19:00,71.38,71.38,71.36,71.36,0
2026-07-21 20:00,71.36,71.36,71.36,71.36,0
2026-07-21 21:00,71.38,71.38,71.17,71.17,3
2026-07-21 22:00,71.17,71.17,71.17,71.17,0
2026-07-21 23:00,71.17,71.17,71.17,71.17,0
2026-07-22 00:00,71.17,71.17,71.17,71.17,0
2026-07-22 01:00,71.17,71.17,71.17,71.17,0
2026-07-22 02:00,71.17,71.17,71.17,71.17,0
2026-07-22 03:00,71.17,71.17,71.17,71.17,0
2026-07-22 04:00,71.17,71.17,71.17,71.17,0
2026-07-22 05:00,71.17,71.17,71.17,71.17,0
2026-07-22 06:00,71.17,71.17,71.17,71.17,0
2026-07-22 07:00,71.17,71.17,71.17,71.17,0
2026-07-22 08:00,71.17,71.17,71.17,71.17,0
2026-07-22 09:00,71.17,71.17,71.17,71.17,0
2026-07-22 10:00,71.49,71.49,71.4,71.42,24
2026-07-22 11:00,71.47,71.54,71.47,71.54,21
2026-07-22 12:00,71.31,71.31,71.3,71.3,111
2026-07-22 13:00,71.39,71.44,71.39,71.41,3
2026-07-22 14:00,71.48,71.48,71.48,71.48,1
2026-07-22 15:00,71.42,71.48,71.39,71.4,30
2026-07-22 16:00,71.52,71.52,71.49,71.5,32
2026-07-22 17:00,71.5,71.5,71.5,71.5,0
2026-07-22 19:00,72.75,72.75,71.42,71.42,0
2026-07-22 20:00,71.42,71.42,71.42,71.42,0
2026-07-22 21:00,71.42,71.42,71.42,71.42,0
2026-07-22 22:00,71.42,71.42,71.42,71.42,0
2026-07-22 23:00,71.42,71.42,71.42,71.42,0
2026-07-23 00:00,71.42,71.42,71.42,71.42,0
2026-07-23 01:00,71.42,71.42,71.42,71.42,0
2026-07-23 02:00,71.42,71.42,71.42,71.42,0
2026-07-23 03:00,71.42,71.42,71.42,71.42,0
2026-07-23 04:00,71.42,71.42,71.42,71.42,0
2026-07-23 05:00,71.42,71.42,71.42,71.42,0
2026-07-23 06:00,71.42,71.42,71.42,71.42,0
2026-07-23 07:00,71.42,71.42,71.42,71.42,0
2026-07-23 08:00,71.42,71.42,71.42,71.42,0
2026-07-23 09:00,72.75,72.75,72.74,72.75,7
2026-07-23 10:00,72.54,72.69,72.54,72.69,2
2026-07-23 11:00,72.6,72.6,72.6,72.6,1
2026-07-23 12:00,72.11,72.11,72.11,72.11,1
2026-07-23 13:00,72.12,72.12,72.12,72.12,1
2026-07-23 14:00,72.33,72.42,72.31,72.41,191
2026-07-23 15:00,72.41,72.41,72.41,72.41,0
2026-07-23 16:00,71.82,71.82,71.8,71.8,37
2026-07-23 17:00,71.8,71.8,71.8,71.8,0
2026-07-23 19:00,71.98,72,71.98,72,0
2026-07-23 20:00,72,72,72,72,0
2026-07-23 21:00,72,72,72,72,0
2026-07-23 22:00,72,72,72,72,0
2026-07-23 23:00,72,72,72,72,0
2026-07-24 00:00,72,72,72,72,0
2026-07-24 01:00,72,72,72,72,0
2026-07-24 02:00,72,72,72,72,0
2026-07-24 03:00,72,72,72,72,0
2026-07-24 04:00,72,72,72,72,0
2026-07-24 05:00,72,72,72,72,0
2026-07-24 06:00,72,72,72,72,0
2026-07-24 07:00,72,72,72,72,0
2026-07-24 08:00,72,72,72,72,0
2026-07-24 09:00,71.98,71.98,71.83,71.84,4
2026-07-24 10:00,71.88,72,71.88,71.88,40
2026-07-24 11:00,71.87,71.87,71.84,71.84,2
2026-07-24 12:00,71.98,71.98,71.93,71.93,2
2026-07-24 13:00,72.08,72.08,72,72,3
2026-07-24 14:00,72.18,72.24,72.18,72.19,5
2026-07-24 15:00,72.09,72.18,72.08,72.16,82
2026-07-24 16:00,72.17,72.24,72.17,72.24,2
2026-07-24 17:00,72.35,72.35,72.35,72.35,1
2026-07-26 23:00,72.17,72.17,72.17,72.17,0
2026-07-27 00:00,72.17,72.17,72.17,72.17,0
2026-07-27 01:00,72.17,72.17,72.17,72.17,0
2026-07-27 02:00,72.17,72.17,72.17,72.17,0
2026-07-27 03:00,72.17,72.17,72.17,72.17,0
2026-07-27 04:00,72.17,72.17,72.17,72.17,0
2026-07-27 05:00,72.17,72.17,72.17,72.17,0
2026-07-27 06:00,72.17,72.17,72.17,72.17,0
2026-07-27 07:00,72.17,72.17,72.17,72.17,0
2026-07-27 08:00,72.17,72.17,72.17,72.17,0
2026-07-27 09:00,70.98,70.98,70.98,70.98,2
2026-07-27 10:00,70.89,70.98,70.89,70.96,3
2026-07-27 11:00,70.63,70.66,70.63,70.66,23
2026-07-27 12:00,70.66,70.66,70.66,70.66,0
2026-07-27 13:00,70.34,70.34,70.2,70.2,2
2026-07-27 14:00,70.2,70.2,70.2,70.2,0
2026-07-27 15:00,70.3,70.67,70.3,70.67,152
2026-07-27 16:00,70.67,70.67,70.67,70.67,0
2026-07-27 17:00,70.67,70.67,70.67,70.67,0
2026-07-27 19:00,70,70.71,70,70.71,0
2026-07-27 20:00,70.71,70.71,70.71,70.71,0
2026-07-27 21:00,70.71,70.71,70.71,70.71,0
2026-07-27 22:00,70.71,70.71,70.71,70.71,0
2026-07-27 23:00,70,70,70,70,3
2026-07-28 00:00,70,70,70,70,0
2026-07-28 01:00,70,70,70,70,0
2026-07-28 02:00,70,70,70,70,0
2026-07-28 03:00,70,70,70,70,0
2026-07-28 04:00,70,70,70,70,0
2026-07-28 05:00,69.46,69.47,69.46,69.47,4
2026-07-28 06:00,69.4,69.41,69.4,69.41,3
2026-07-28 07:00,69.41,69.41,69.41,69.41,0
2026-07-28 08:00,69.41,69.41,69.41,69.41,0
2026-07-28 09:00,69.41,69.41,69.41,69.41,0
2026-07-28 10:00,69.41,69.41,69.41,69.41,0
2026-07-28 11:00,69.73,69.73,69.64,69.64,37
2026-07-28 12:00,69.52,69.66,68.74,68.82,56
2026-07-28 13:00,68.62,68.62,68.39,68.5,5
2026-07-28 14:00,68.62,68.74,68.62,68.74,3
2026-07-28 15:00,68.63,68.67,68.63,68.67,3
2026-07-28 16:00,68.67,68.67,68.67,68.67,0
2026-07-28 17:00,68.67,68.67,68.67,68.67,0
2026-07-28 19:00,70.89,70.89,68.66,68.66,0
2026-07-28 20:00,68.66,68.66,68.66,68.66,0
2026-07-28 21:00,68.66,68.66,68.66,68.66,0
2026-07-28 22:00,68.66,68.66,68.66,68.66,0
2026-07-28 23:00,68.66,68.66,68.66,68.66,0
2026-07-29 00:00,68.66,68.66,68.66,68.66,0
2026-07-29 01:00,68.66,68.66,68.66,68.66,0
2026-07-29 02:00,68.66,68.66,68.66,68.66,0
2026-07-29 03:00,68.66,68.66,68.66,68.66,0
2026-07-29 04:00,68.66,68.66,68.66,68.66,0
2026-07-29 05:00,68.66,68.66,68.66,68.66,0
2026-07-29 06:00,68.66,68.66,68.66,68.66,0
2026-07-29 07:00,68.66,68.66,68.66,68.66,0
2026-07-29 08:00,68.66,68.66,68.66,68.66,0
2026-07-29 09:00,68.66,68.66,68.66,68.66,0
2026-07-29 10:00,68.66,68.66,68.66,68.66,0
2026-07-29 11:00,68.66,68.66,68.66,68.66,0
2026-07-29 12:00,68.66,68.66,68.66,68.66,0
2026-07-29 13:00,68.66,68.66,68.66,68.66,0
2026-07-29 14:00,70.89,70.89,70.62,70.81,66
2026-07-29 15:00,70.82,71.04,70.69,70.72,113
2026-07-29 16:00,70.8,71.13,70.68,71.09,125
2026-07-29 17:00,71.09,71.09,71.09,71.09,0
2026-07-29 19:00,69.83,70.87,69.83,70.87,0
2026-07-29 20:00,70.87,70.87,70.87,70.87,0
2026-07-29 21:00,70.87,70.87,70.87,70.87,0
2026-07-29 22:00,70.87,70.87,70.87,70.87,0
2026-07-29 23:00,70.87,70.87,70.87,70.87,0
2026-07-30 00:00,70.87,70.87,70.87,70.87,0
2026-07-30 01:00,70.87,70.87,70.87,70.87,0
2026-07-30 02:00,70.87,70.87,70.87,70.87,0
2026-07-30 03:00,70.87,70.87,70.87,70.87,0
2026-07-30 04:00,70.87,70.87,70.87,70.87,0
2026-07-30 05:00,70.87,70.87,70.87,70.87,0
2026-07-30 06:00,69.83,69.9,69.83,69.9,11
2026-07-30 07:00,69.9,69.9,69.9,69.9,0
2026-07-30 08:00,69.9,69.9,69.9,69.9,0
2026-07-30 09:00,69.9,69.9,69.9,69.9,0
2026-07-30 10:00,69.9,69.9,69.9,69.9,0
2026-07-30 11:00,69.72,69.72,69.72,69.72,1
2026-07-30 12:00,69.72,69.72,69.72,69.72,0
2026-07-30 13:00,69.72,69.72,69.72,69.72,0
2026-07-30 14:00,69.72,69.72,69.72,69.72,0
2026-07-30 15:00,69.81,69.81,69.81,69.81,4
2026-07-30 16:00,69.77,69.77,69.77,69.77,1
2026-07-30 17:00,69.94,69.95,69.94,69.95,6
2026-07-30 19:00,69.33,69.8,69.33,69.8,0
2026-07-30 20:00,69.8,69.8,69.8,69.8,0
2026-07-30 21:00,69.8,69.8,69.8,69.8,0
2026-07-30 22:00,69.8,69.8,69.8,69.8,0
2026-07-30 23:00,69.8,69.8,69.8,69.8,0
2026-07-31 00:00,69.8,69.8,69.8,69.8,0
2026-07-31 01:00,69.8,69.8,69.8,69.8,0
2026-07-31 02:00,69.8,69.8,69.8,69.8,0
2026-07-31 03:00,69.8,69.8,69.8,69.8,0
2026-07-31 04:00,69.33,69.33,69.33,69.33,1
2026-07-31 05:00,69.33,69.33,69.33,69.33,0
2026-07-31 06:00,69.33,69.33,69.33,69.33,0
2026-07-31 07:00,69.33,69.33,69.33,69.33,0
2026-07-31 08:00,69.33,69.33,69.33,69.33,0
2026-07-31 09:00,69.33,69.33,69.33,69.33,0
2026-07-31 10:00,69.33,69.33,69.33,69.33,0
2026-07-31 11:00,69.33,69.33,69.33,69.33,0
2026-07-31 12:00,69.33,69.33,69.33,69.33,0
2026-07-31 13:00,69.33,69.33,69.33,69.33,0
2026-07-31 14:00,69.33,69.33,69.33,69.33,0
2026-07-31 15:00,69.91,69.91,69.91,69.91,8
2026-07-31 16:00,70.39,70.39,70.39,70.39,1
2026-07-31 17:00,70.39,70.39,70.39,70.39,0
2026-08-02 19:00,69.33,69.9,69.32,69.32,9
2026-08-02 20:00,69.32,69.32,69.32,69.32,0
2026-08-02 21:00,69.32,69.32,69.32,69.32,0
2026-08-02 22:00,69.32,69.32,69.32,69.32,0
2026-08-02 23:00,69.32,69.32,69.32,69.32,0
2026-08-03 00:00,68.77,68.77,68.77,68.77,1
2026-08-03 01:00,68.77,68.77,68.77,68.77,0
2026-08-03 02:00,68.77,68.77,68.77,68.77,0
2026-08-03 03:00,69.09,69.09,68.82,69.09,3
2026-08-03 04:00,69.09,69.09,69.09,69.09,0
2026-08-03 05:00,69.09,69.09,69.09,69.09,0
2026-08-03 06:00,69.28,69.3,69.06,69.3,3
2026-08-03 07:00,69.3,69.3,69.3,69.3,0
2026-08-03 08:00,69.3,69.3,69.3,69.3,0
2026-08-03 09:00,69.28,69.28,69.09,69.09,2
2026-08-03 10:00,68.99,69,68.69,68.69,6
2026-08-03 11:00,68.91,68.91,68.91,68.91,2
2026-08-03 12:00,69.07,69.32,69.07,69.09,12
2026-08-03 13:00,69.09,69.09,69.09,69.09,0
2026-08-03 14:00,68.81,68.81,68.81,68.81,1
2026-08-03 15:00,68.87,68.87,68.87,68.87,12
2026-08-03 16:00,68.95,68.95,68.95,68.95,1
2026-08-03 17:00,68.95,68.95,68.95,68.95,0
2026-08-03 19:00,69.9,69.9,68.92,68.92,0
2026-08-03 20:00,68.92,68.92,68.92,68.92,0
2026-08-03 21:00,68.92,68.92,68.92,68.92,0
2026-08-03 22:00,68.92,68.92,68.92,68.92,0
2026-08-03 23:00,68.92,68.92,68.92,68.92,0
2026-08-04 00:00,68.92,68.92,68.92,68.92,0
2026-08-04 01:00,68.92,68.92,68.92,68.92,0
2026-08-04 02:00,68.92,68.92,68.92,68.92,0
2026-08-04 03:00,68.92,68.92,68.92,68.92,0
2026-08-04 04:00,68.92,68.92,68.92,68.92,0
2026-08-04 05:00,68.92,68.92,68.92,68.92,0
2026-08-04 06:00,69.9,69.9,69.9,69.9,2
2026-08-04 07:00,69.9,69.9,69.9,69.9,0
2026-08-04 08:00,69.03,69.03,69.02,69.03,9
2026-08-04 09:00,69.03,69.03,69.03,69.03,0
2026-08-04 10:00,69.03,69.03,69.03,69.03,0
2026-08-04 11:00,69.03,69.03,69.03,69.03,0
2026-08-04 12:00,68.37,68.37,67.68,67.71,21
2026-08-04 13:00,67.71,67.71,67.71,67.71,0
2026-08-04 14:00,67.71,67.71,67.71,67.71,0
2026-08-04 15:00,68.23,68.33,68.17,68.33,17
2026-08-04 16:00,68.33,68.33,68.33,68.33,0
2026-08-04 17:00,68.33,68.33,68.33,68.33,0
2026-08-04 19:00,67.71,68.28,67.71,68.28,0
2026-08-04 20:00,68.28,68.28,68.28,68.28,0
2026-08-04 21:00,67.71,67.71,67.71,67.71,1
2026-08-04 22:00,67.71,67.71,67.71,67.71,0
2026-08-04 23:00,67.71,67.71,67.71,67.71,1
2026-08-05 00:00,67.71,67.71,67.71,67.71,0
2026-08-05 01:00,67.71,67.71,67.71,67.71,0
2026-08-05 02:00,67.71,67.71,67.71,67.71,0
2026-08-05 03:00,67.71,67.71,67.71,67.71,0
2026-08-05 04:00,68.3,68.3,68.3,68.3,9
2026-08-05 05:00,68.5,68.5,68.5,68.5,25
2026-08-05 06:00,68.59,68.59,68.41,68.41,2
2026-08-05 07:00,68.35,68.35,68.35,68.35,4
2026-08-05 08:00,68.35,68.35,68.35,68.35,0
2026-08-05 09:00,68.35,68.35,68.35,68.35,0
2026-08-05 10:00,68.35,68.35,68.35,68.35,0
2026-08-05 11:00,68.35,68.35,68.35,68.35,0
2026-08-05 12:00,67.74,67.74,67.74,67.74,2
2026-08-05 13:00,67.65,67.7,67.65,67.7,2
2026-08-05 14:00,67.7,67.7,67.7,67.7,0
2026-08-05 15:00,68.12,68.12,67.99,68.05,54
2026-08-05 16:00,67.91,67.91,67.91,67.91,1
2026-08-05 17:00,67.91,67.91,67.91,67.91,0
2026-08-05 19:00,68.21,68.21,68.1,68.1,0
2026-08-05 20:00,68.1,68.1,68.1,68.1,0
2026-08-05 21:00,68.1,68.1,68.1,68.1,0
2026-08-05 22:00,68.1,68.1,68.1,68.1,0
2026-08-05 23:00,68.1,68.1,68.1,68.1,0
2026-08-06 00:00,68.1,68.1,68.1,68.1,0
2026-08-06 01:00,68.1,68.1,68.1,68.1,0
2026-08-06 02:00,68.1,68.1,68.1,68.1,0
2026-08-06 03:00,68.1,68.1,68.1,68.1,0
2026-08-06 04:00,68.1,68.1,68.1,68.1,0
2026-08-06 05:00,68.1,68.1,68.1,68.1,0
2026-08-06 06:00,68.1,68.1,68.1,68.1,0
2026-08-06 07:00,68.1,68.1,68.1,68.1,0
2026-08-06 08:00,68.1,68.1,68.1,68.1,0
2026-08-06 09:00,68.1,68.1,68.1,68.1,0
2026-08-06 10:00,68.21,68.21,68.18,68.18,2
2026-08-06 11:00,68.18,68.18,68.18,68.18,0
2026-08-06 12:00,68.75,68.75,68.65,68.65,26
2026-08-06 13:00,68.65,68.65,68.65,68.65,0
2026-08-06 14:00,68.65,68.65,68.65,68.65,0
2026-08-06 15:00,68.66,68.66,68.54,68.6,17
2026-08-06 16:00,68.84,68.84,68.79,68.79,4
2026-08-06 17:00,68.79,68.79,68.79,68.79,0
2026-08-06 19:00,68.29,68.59,68.29,68.59,0
2026-08-06 20:00,68.59,68.59,68.59,68.59,0
2026-08-06 21:00,68.59,68.59,68.59,68.59,0
2026-08-06 22:00,68.59,68.59,68.59,68.59,0
2026-08-06 23:00,68.59,68.59,68.59,68.59,0
2026-08-07 00:00,68.59,68.59,68.59,68.59,0
2026-08-07 01:00,68.59,68.59,68.59,68.59,0
2026-08-07 02:00,68.59,68.59,68.59,68.59,0
2026-08-07 03:00,68.59,68.59,68.59,68.59,0
2026-08-07 04:00,68.59,68.59,68.59,68.59,0
2026-08-07 05:00,68.59,68.59,68.59,68.59,0
2026-08-07 06:00,68.59,68.59,68.59,68.59,0
2026-08-07 07:00,68.59,68.59,68.59,68.59,0
2026-08-07 08:00,68.59,68.59,68.59,68.59,0
2026-08-07 09:00,68.29,68.29,68.28,68.28,13
2026-08-07 10:00,68.31,68.56,68.29,68.4,49
2026-08-07 11:00,68.31,68.67,68.3,68.59,76
2026-08-07 12:00,68.7,69.07,68.61,69,77
2026-08-07 13:00,69,69.05,68.81,68.94,81
2026-08-07 14:00,69.04,69.15,68.9,69.15,75
2026-08-07 15:00,69.17,69.23,68.88,69.13,165
2026-08-07 16:00,68.71,69.18,68.41,68.44,74
2026-08-07 17:00,68.44,68.44,68.44,68.44,0
2026-08-09 19:00,69.68,69.68,69.11,69.11,0
2026-08-09 20:00,69.11,69.11,69.11,69.11,0
2026-08-09 21:00,69.11,69.11,69.11,69.11,0
2026-08-09 22:00,69.11,69.11,69.11,69.11,0
2026-08-09 23:00,69.11,69.11,69.11,69.11,0
2026-08-10 00:00,69.11,69.11,69.11,69.11,0
2026-08-10 01:00,69.11,69.11,69.11,69.11,0
2026-08-10 02:00,69.11,69.11,69.11,69.11,0
2026-08-10 03:00,69.11,69.11,69.11,69.11,0
2026-08-10 04:00,69.11,69.11,69.11,69.11,0
2026-08-10 05:00,69.68,69.68,69.68,69.68,21
2026-08-10 06:00,69.68,69.68,69.68,69.68,0
2026-08-10 07:00,69.68,69.68,69.68,69.68,0
2026-08-10 08:00,69.68,69.68,69.68,69.68,0
2026-08-10 09:00,69.68,69.68,69.68,69.68,0
2026-08-10 10:00,69.68,69.68,69.68,69.68,0
2026-08-10 11:00,70.72,70.72,70.7,70.7,3
2026-08-10 12:00,70.95,70.95,70.95,70.95,1
2026-08-10 13:00,71.16,71.16,71.16,71.16,1
2026-08-10 14:00,71.47,71.47,71.39,71.39,5
2026-08-10 15:00,71.38,71.38,71.12,71.12,87
2026-08-10 16:00,71.06,71.06,71.06,71.06,1
2026-08-10 17:00,71.2,71.2,71.2,71.2,1
2026-08-10 19:00,71.61,71.61,71.37,71.37,0
2026-08-10 20:00,71.37,71.37,71.37,71.37,0
2026-08-10 21:00,71.37,71.37,71.37,71.37,0
2026-08-10 22:00,71.37,71.37,71.37,71.37,0
2026-08-10 23:00,71.37,71.37,71.37,71.37,0
2026-08-11 00:00,71.37,71.37,71.37,71.37,0
2026-08-11 01:00,71.37,71.37,71.37,71.37,0
2026-08-11 02:00,71.37,71.37,71.37,71.37,0
2026-08-11 03:00,71.37,71.37,71.37,71.37,0
2026-08-11 04:00,71.37,71.37,71.37,71.37,0
2026-08-11 05:00,71.37,71.37,71.37,71.37,0
2026-08-11 06:00,71.61,71.61,71.61,71.61,2
2026-08-11 07:00,71.61,71.61,71.61,71.61,0
2026-08-11 08:00,71.61,71.61,71.61,71.61,0
2026-08-11 09:00,71.05,71.05,71.05,71.05,1
2026-08-11 10:00,70.7,70.84,70.7,70.84,8
2026-08-11 11:00,70.84,70.84,70.84,70.84,0
2026-08-11 12:00,71.29,71.32,71.29,71.32,2
2026-08-11 13:00,71.38,71.4,71.38,71.39,17
2026-08-11 14:00,71.39,71.39,71.39,71.39,0
2026-08-11 15:00,71.46,71.5,71.35,71.42,201
2026-08-11 16:00,71.42,71.42,71.42,71.42,0
2026-08-11 17:00,71.57,71.57,71.57,71.57,1
2026-08-11 19:00,71.47,71.48,71.47,71.48,0
2026-08-11 20:00,71.48,71.48,71.48,71.48,0
2026-08-11 21:00,71.48,71.48,71.48,71.48,0
2026-08-11 22:00,71.48,71.48,71.48,71.48,0
2026-08-11 23:00,71.48,71.48,71.48,71.48,0
2026-08-12 00:00,71.48,71.48,71.48,71.48,0
2026-08-12 01:00,71.48,71.48,71.48,71.48,0
2026-08-12 02:00,71.48,71.48,71.48,71.48,0
2026-08-12 03:00,71.48,71.48,71.48,71.48,0
2026-08-12 04:00,71.47,71.47,71.47,71.47,1
2026-08-12 05:00,71.47,71.47,71.47,71.47,0
2026-08-12 06:00,71.29,71.29,71.29,71.29,1
2026-08-12 07:00,71.29,71.29,71.29,71.29,0
2026-08-12 08:00,71.29,71.29,71.29,71.29,0
2026-08-12 09:00,71.52,71.52,71.52,71.52,1
2026-08-12 10:00,71.33,71.33,71.33,71.33,5
2026-08-12 11:00,71.25,71.39,70.97,71.39,10
2026-08-12 12:00,71.39,71.39,71.39,71.39,0
2026-08-12 13:00,71.39,71.39,71.39,71.39,0
2026-08-12 14:00,71.39,71.39,71.39,71.39,0
2026-08-12 15:00,71.48,71.53,71.48,71.53,8
2026-08-12 16:00,71.53,71.53,71.53,71.53,0
2026-08-12 17:00,71.53,71.53,71.53,71.53,0
2026-08-12 19:00,71.2,71.5,71.2,71.5,0
2026-08-12 20:00,71.5,71.5,71.5,71.5,0
2026-08-12 21:00,71.5,71.5,71.5,71.5,0
2026-08-12 22:00,71.5,71.5,71.5,71.5,0
2026-08-12 23:00,71.5,71.5,71.5,71.5,0
2026-08-13 00:00,71.5,71.5,71.5,71.5,0
2026-08-13 01:00,71.5,71.5,71.5,71.5,0
2026-08-13 02:00,71.5,71.5,71.5,71.5,0
2026-08-13 03:00,71.5,71.5,71.5,71.5,0
2026-08-13 04:00,71.2,71.2,71.2,71.2,1
2026-08-13 05:00,71.49,71.49,71.49,71.49,1
2026-08-13 06:00,71.49,71.49,71.49,71.49,0
2026-08-13 07:00,71.49,71.49,71.49,71.49,0
2026-08-13 08:00,71.49,71.49,71.49,71.49,0
2026-08-13 09:00,71.49,71.49,71.49,71.49,0
2026-08-13 10:00,70.66,70.75,70.66,70.75,2
2026-08-13 11:00,71.08,71.08,71.08,71.08,1
2026-08-13 12:00,71.22,71.68,71.22,71.68,8
2026-08-13 13:00,71.78,71.78,71.78,71.78,1
2026-08-13 14:00,71.78,71.78,71.78,71.78,0
2026-08-13 15:00,71.11,71.11,70.93,70.94,28
2026-08-13 16:00,71.07,71.07,71.07,71.07,1
2026-08-13 17:00,71.07,71.07,71.07,71.07,0
2026-08-13 19:00,71.72,71.72,71,71,0
2026-08-13 20:00,71,71,71,71,0
2026-08-13 21:00,71,71,71,71,0
2026-08-13 22:00,71,71,71,71,0
2026-08-13 23:00,71,71,71,71,0
2026-08-14 00:00,71,71,71,71,0
2026-08-14 01:00,71,71,71,71,0
2026-08-14 02:00,71,71,71,71,0
2026-08-14 03:00,71,71,71,71,0
2026-08-14 04:00,71.72,71.72,71.72,71.72,1
2026-08-14 05:00,71.72,71.72,71.72,71.72,0
2026-08-14 06:00,71.72,71.72,71.72,71.72,0
2026-08-14 07:00,71.72,71.72,71.72,71.72,0
2026-08-14 08:00,71.72,71.72,71.72,71.72,0
2026-08-14 09:00,71.01,71.09,71.01,71.09,4
2026-08-14 10:00,71.01,71.11,70.99,71.06,23
2026-08-14 11:00,71.12,71.26,71.08,71.26,8
2026-08-14 12:00,71.26,71.26,71.26,71.26,0
2026-08-14 13:00,71.26,71.26,71.26,71.26,0
2026-08-14 14:00,71.26,71.26,71.26,71.26,0
2026-08-14 15:00,71.49,71.49,71.44,71.44,4
2026-08-14 16:00,71.44,71.44,71.44,71.44,0
2026-08-14 17:00,71.44,71.44,71.44,71.44,0
2026-08-16 19:00,71.54,71.54,71.45,71.45,0
2026-08-16 20:00,71.45,71.45,71.45,71.45,0
2026-08-16 21:00,71.45,71.45,71.45,71.45,0
2026-08-16 22:00,71.45,71.45,71.45,71.45,0
2026-08-16 23:00,71.45,71.45,71.45,71.45,0
2026-08-17 00:00,71.45,71.45,71.45,71.45,0
2026-08-17 01:00,71.45,71.45,71.45,71.45,0
2026-08-17 02:00,71.45,71.45,71.45,71.45,0
2026-08-17 03:00,71.45,71.45,71.45,71.45,0
2026-08-17 04:00,71.54,71.54,71.54,71.54,1
2026-08-17 05:00,71.54,71.54,71.54,71.54,0
2026-08-17 06:00,71.54,71.54,71.54,71.54,0
2026-08-17 07:00,72,72,71.89,71.89,4
2026-08-17 08:00,71.89,71.89,71.89,71.89,0
2026-08-17 09:00,71.89,71.89,71.89,71.89,0
2026-08-17 10:00,71.89,71.89,71.89,71.89,0
2026-08-17 11:00,71.95,71.95,71.95,71.95,1
2026-08-17 12:00,71.95,71.95,71.95,71.95,0
2026-08-17 13:00,72.47,72.47,72.47,72.47,79
2026-08-17 14:00,72.47,72.83,72.47,72.83,464
2026-08-17 15:00,73.02,73.13,73.02,73.13,2
2026-08-17 16:00,72.9,72.9,72.9,72.9,1
2026-08-17 17:00,72.98,72.98,72.98,72.98,1
2026-08-17 19:00,72.98,72.98,72.95,72.95,0
2026-08-17 20:00,72.95,72.95,72.95,72.95,0
2026-08-17 21:00,72.98,72.98,72.98,72.98,2
2026-08-17 22:00,72.91,72.91,72.91,72.91,1
2026-08-17 23:00,72.91,72.91,72.91,72.91,0
2026-08-18 00:00,72.91,72.91,72.91,72.91,0
2026-08-19 21:00,72.73,72.73,72.73,72.73,0
2026-08-19 22:00,72.73,72.73,72.73,72.73,0
2026-08-19 23:00,72.73,72.73,72.73,72.73,0
2026-08-20 00:00,72.73,72.73,72.73,72.73,0
2026-08-20 01:00,72.73,72.73,72.73,72.73,0
2026-08-20 02:00,72.79,72.79,72.79,72.79,2
2026-08-20 03:00,72.79,72.79,72.79,72.79,0
2026-08-20 04:00,72.74,72.74,72.74,72.74,2
2026-08-20 05:00,72.74,72.74,72.74,72.74,0
2026-08-20 06:00,72.74,72.74,72.74,72.74,0
2026-08-20 07:00,73.3,73.36,73.3,73.36,3
2026-08-20 08:00,73.4,73.4,73.4,73.4,2
2026-08-20 09:00,73.4,73.4,73.4,73.4,0
2026-08-20 10:00,73.4,73.4,73.4,73.4,0
2026-08-20 11:00,72.59,72.93,72.59,72.93,3
2026-08-20 12:00,72.93,72.93,72.93,72.93,0
2026-08-20 13:00,72.93,72.93,72.93,72.93,0
2026-08-20 14:00,72.93,72.93,72.93,72.93,0
2026-08-20 15:00,72.93,72.93,72.93,72.93,0
2026-08-20 16:00,72.93,72.93,72.93,72.93,0
2026-08-20 17:00,72.93,72.93,72.93,72.93,0
2026-08-20 19:00,73.62,73.62,73.39,73.39,0
2026-08-20 20:00,73.39,73.39,73.39,73.39,0
2026-08-20 21:00,73.39,73.39,73.39,73.39,0
2026-08-20 22:00,73.39,73.39,73.39,73.39,0
2026-08-20 23:00,73.39,73.39,73.39,73.39,0
2026-08-21 00:00,73.39,73.39,73.39,73.39,0
2026-08-21 01:00,73.39,73.39,73.39,73.39,0
2026-08-21 02:00,73.39,73.39,73.39,73.39,0
2026-08-21 03:00,73.39,73.39,73.39,73.39,0
2026-08-21 04:00,73.39,73.39,73.39,73.39,0
2026-08-21 05:00,73.39,73.39,73.39,73.39,0
2026-08-21 06:00,73.39,73.39,73.39,73.39,0
2026-08-21 07:00,73.39,73.39,73.39,73.39,0
2026-08-21 08:00,73.39,73.39,73.39,73.39,0
2026-08-21 09:00,73.39,73.39,73.39,73.39,0
2026-08-21 10:00,73.39,73.39,73.39,73.39,0
2026-08-21 11:00,73.62,73.62,73.62,73.62,1
2026-08-21 12:00,73.67,73.67,73.55,73.6,6
2026-08-21 13:00,73.6,73.6,73.6,73.6,0
2026-08-21 14:00,73.35,73.44,72.99,73.42,132
2026-08-21 15:00,73.56,73.83,73.39,73.39,8
2026-08-21 16:00,73.39,73.39,73.39,73.39,0
2026-08-21 17:00,73.39,73.39,73.39,73.39,0
2026-08-23 19:00,72.7,73.42,72.7,73.42,0
2026-08-23 20:00,73.42,73.42,73.42,73.42,0
2026-08-23 21:00,72.7,72.7,72.7,72.7,1
2026-08-23 22:00,72.7,72.7,72.7,72.7,0
2026-08-23 23:00,72.52,72.57,72.52,72.57,2
2026-08-24 00:00,72.68,72.68,72.57,72.62,5
2026-08-24 01:00,72.62,72.62,72.62,72.62,0
2026-08-24 02:00,72.62,72.62,72.62,72.62,0
2026-08-24 03:00,72.62,72.62,72.62,72.62,0
2026-08-24 04:00,72.36,72.49,72.33,72.43,5
2026-08-24 05:00,72.47,72.47,72.47,72.47,1
2026-08-24 06:00,72.47,72.47,72.39,72.39,2
2026-08-24 07:00,72.45,72.46,72.45,72.46,3
2026-08-24 08:00,72.5,72.5,72.5,72.5,1
2026-08-24 09:00,72.62,72.62,72.62,72.62,1
2026-08-24 10:00,72.74,72.78,72.36,72.63,95
2026-08-24 11:00,72.57,72.57,72.39,72.39,3
2026-08-24 12:00,72.2,72.21,72.17,72.17,3
2026-08-24 13:00,72.21,72.33,72.21,72.33,5
2026-08-24 14:00,72.47,72.55,72.33,72.55,9
2026-08-24 15:00,72.51,72.72,72.51,72.65,9
2026-08-24 16:00,72.65,72.65,72.65,72.65,0
2026-08-24 17:00,72.62,72.64,72.58,72.63,21
2026-08-24 19:00,72.78,72.78,72.7,72.7,0
2026-08-24 20:00,72.7,72.7,72.7,72.7,0
2026-08-24 21:00,72.7,72.7,72.7,72.7,0
2026-08-24 22:00,72.7,72.7,72.7,72.7,0
2026-08-24 23:00,72.7,72.7,72.7,72.7,0
2026-08-25 00:00,72.7,72.7,72.7,72.7,0
2026-08-25 01:00,72.78,72.78,72.78,72.78,1
2026-08-25 02:00,72.78,72.78,72.78,72.78,0
2026-08-25 03:00,72.32,72.32,72.32,72.32,1
2026-08-25 04:00,72.35,72.53,72.35,72.47,13
2026-08-25 05:00,72.11,72.11,71.92,71.95,3
2026-08-25 06:00,71.95,71.95,71.95,71.95,0
2026-08-25 07:00,71.72,71.76,71.71,71.72,5
2026-08-25 08:00,71.88,71.88,71.54,71.6,5
2026-08-25 09:00,71.84,71.93,71.84,71.93,2
2026-08-25 10:00,71.79,71.96,71.71,71.81,9
2026-08-25 11:00,71.88,72.24,71.79,71.85,14
2026-08-25 12:00,71.87,72.04,71.59,71.71,23
2026-08-25 13:00,71.76,71.83,71.72,71.79,8
2026-08-25 14:00,71.66,71.77,71.62,71.62,9
2026-08-25 15:00,71.63,71.89,71.36,71.82,17
2026-08-25 16:00,71.62,71.62,71.62,71.62,1
2026-08-25 17:00,71.05,71.05,71.05,71.05,5
2026-08-25 19:00,71.01,71.76,71.01,71.76,0
2026-08-25 20:00,71.76,71.76,71.76,71.76,0
2026-08-25 21:00,71.76,71.76,71.76,71.76,0
2026-08-25 22:00,71.01,71.01,71.01,71.01,2
2026-08-25 23:00,71.01,71.01,71.01,71.01,0
2026-08-26 00:00,71.01,71.01,71.01,71.01,0
2026-08-26 01:00,71.01,71.01,71.01,71.01,0
2026-08-26 02:00,71.01,71.01,71.01,71.01,0
2026-08-26 03:00,71.07,71.07,71.07,71.07,1
2026-08-26 04:00,71.06,71.14,71.06,71.14,12
2026-08-26 05:00,71.05,71.05,70.83,70.83,4
2026-08-26 06:00,70.92,70.92,70.92,70.92,1
2026-08-26 07:00,70.92,70.92,70.92,70.92,0
2026-08-26 08:00,70.92,70.92,70.92,70.92,0
2026-08-26 09:00,70.92,70.92,70.92,70.92,0
2026-08-26 10:00,70.76,71.37,70.76,71.37,5
2026-08-26 11:00,71.63,71.83,71.63,71.83,3
2026-08-26 12:00,71.81,72.26,71.81,72.26,13
2026-08-26 13:00,72.24,72.36,72.12,72.12,97
2026-08-26 14:00,71.8,71.8,71.71,71.71,7
2026-08-26 15:00,71.66,71.66,71.16,71.63,28
2026-08-26 16:00,71.63,71.63,71.63,71.63,0
2026-08-26 17:00,71.63,71.63,71.63,71.63,0
2026-08-26 19:00,71.48,71.61,71.48,71.61,0
2026-08-26 20:00,71.61,71.61,71.61,71.61,0
2026-08-26 21:00,71.61,71.61,71.61,71.61,0
2026-08-26 22:00,71.48,71.48,71.25,71.25,3
2026-08-26 23:00,71.25,71.25,71.25,71.25,0
2026-08-27 00:00,71.25,71.25,71.25,71.25,0
2026-08-27 01:00,71.25,71.25,71.25,71.25,0
2026-08-27 02:00,71.25,71.25,71.25,71.25,0
2026-08-27 03:00,71.25,71.25,71.25,71.25,0
2026-08-27 04:00,70.8,70.81,70.79,70.79,5
2026-08-27 05:00,70.79,70.79,70.79,70.79,0
2026-08-27 06:00,70.79,70.79,70.79,70.79,0
2026-08-27 07:00,70.79,70.79,70.79,70.79,0
2026-08-27 08:00,71.48,71.48,71.48,71.48,1
2026-08-27 09:00,71.28,71.47,71.28,71.47,2
2026-08-27 10:00,71.35,71.4,71.22,71.4,11
2026-08-27 11:00,71.42,71.42,70.91,70.91,41
2026-08-27 12:00,71.12,71.12,71.03,71.03,55
2026-08-27 13:00,71.26,71.36,71.26,71.36,4
2026-08-27 14:00,71.32,71.69,71.32,71.69,4
2026-08-27 15:00,71.98,71.98,71.16,71.46,14
2026-08-27 16:00,71.48,71.48,71.42,71.43,5
2026-08-27 17:00,71.43,71.43,71.43,71.43,0
2026-08-27 19:00,71.28,71.49,71.28,71.49,0
2026-08-27 20:00,71.49,71.49,71.49,71.49,0
2026-08-27 21:00,71.49,71.49,71.49,71.49,0
2026-08-27 22:00,71.28,71.36,71.28,71.36,2
2026-08-27 23:00,71.36,71.36,71.36,71.36,0
2026-08-28 00:00,71.36,71.36,71.36,71.36,0
2026-08-28 01:00,71.36,71.36,71.36,71.36,0
2026-08-28 02:00,71.36,71.36,71.36,71.36,0
2026-08-28 03:00,71.36,71.36,71.36,71.36,0
2026-08-28 04:00,71.07,71.07,71,71,2
2026-08-28 05:00,71.05,71.05,71.05,71.05,1
2026-08-28 06:00,71.05,71.05,71.05,71.05,0
2026-08-28 07:00,71.05,71.05,71.05,71.05,0
2026-08-28 08:00,71.05,71.05,71.05,71.05,0
2026-08-28 09:00,70.92,70.92,70.92,70.92,1
2026-08-28 10:00,70.56,71.1,70.56,71.04,101
2026-08-28 11:00,70.99,71.24,70.99,71.15,5
2026-08-28 12:00,71.28,71.35,71.28,71.35,2
2026-08-28 13:00,71.37,71.42,71.36,71.42,4
2026-08-28 14:00,71.46,71.46,71.33,71.33,2
2026-08-28 15:00,71.41,71.59,71.38,71.49,38
2026-08-28 16:00,71.51,71.52,71.5,71.52,5
2026-08-28 17:00,71.52,71.52,71.52,71.52,0
2026-08-30 19:00,72.02,72.14,71.58,72.08,41
2026-08-30 20:00,72.07,72.11,72.07,72.07,57
2026-08-30 21:00,71.88,71.88,71.88,71.88,1
2026-08-30 22:00,72.22,72.53,72.22,72.53,3
2026-08-30 23:00,72.52,72.52,72.48,72.48,2
2026-08-31 00:00,72.42,72.42,72.42,72.42,1
2026-08-31 01:00,72.42,72.42,72.42,72.42,0
2026-08-31 02:00,72.49,72.49,72.49,72.49,1
2026-08-31 03:00,72.49,72.49,72.49,72.49,0
2026-08-31 04:00,72.38,72.38,72.38,72.38,1
2026-08-31 05:00,72.66,72.82,72.65,72.82,5
2026-08-31 06:00,72.79,72.79,72.79,72.79,1
2026-08-31 07:00,72.75,72.75,72.75,72.75,1
2026-08-31 08:00,72.6,72.6,72.6,72.6,1
2026-08-31 09:00,72.55,72.55,72.2,72.21,94
2026-08-31 10:00,72.27,72.53,71.96,72.45,7
2026-08-31 11:00,72.27,72.36,72.23,72.23,23
2026-08-31 12:00,72.17,72.5,72.17,72.42,15
2026-08-31 13:00,71.96,72.42,71.96,72.27,8
2026-08-31 14:00,72.27,72.27,72.14,72.17,10
2026-08-31 15:00,72.23,72.27,72.16,72.16,32
2026-08-31 16:00,72.1,72.24,72.1,72.18,8
2026-08-31 17:00,72.18,72.18,72.18,72.18,0
2026-08-31 19:00,72.27,72.27,72.25,72.25,0
2026-08-31 20:00,72.25,72.25,72.25,72.25,0
2026-08-31 21:00,72.25,72.25,72.25,72.25,0
2026-08-31 22:00,72.27,72.3,72.27,72.3,4
2026-08-31 23:00,72.42,72.42,72.42,72.42,1
2026-09-01 00:00,72.42,72.42,72.42,72.42,0
2026-09-01 01:00,72.42,72.42,72.42,72.42,0
2026-09-01 02:00,72.2,72.2,72.18,72.18,3
2026-09-01 03:00,72.37,72.39,72.37,72.39,2
2026-09-01 04:00,72.51,72.51,72.49,72.5,7
2026-09-01 05:00,72.89,72.89,72.89,72.89,2
2026-09-01 06:00,72.78,72.78,72.78,72.78,1
2026-09-01 07:00,72.79,72.79,72.79,72.79,1
2026-09-01 08:00,72.67,72.67,72.56,72.56,2
2026-09-01 09:00,72.59,72.59,72.51,72.54,4
2026-09-01 10:00,72.56,72.56,71.96,72.51,61
2026-09-01 11:00,72.3,72.71,72.28,72.71,23
2026-09-01 12:00,72.76,72.76,72.48,72.48,6
2026-09-01 13:00,72.51,72.98,72.51,72.88,6
2026-09-01 14:00,72.98,73.03,72.93,73.03,6
2026-09-01 15:00,73,73,72.56,72.8,96
2026-09-01 16:00,72.75,72.78,72.75,72.78,13
2026-09-01 17:00,72.84,72.84,72.67,72.67,12
2026-09-01 19:00,72.97,72.97,72.84,72.84,0
2026-09-01 20:00,72.84,72.84,72.84,72.84,0
2026-09-01 21:00,72.97,73,72.89,72.89,48
2026-09-01 22:00,73.04,73.15,73,73,34
2026-09-01 23:00,72.83,72.83,72.67,72.67,6
2026-09-02 00:00,72.63,72.63,72.61,72.61,4
2026-09-02 01:00,72.61,72.61,72.61,72.61,0
2026-09-02 02:00,72.68,72.68,72.68,72.68,1
2026-09-02 03:00,72.68,72.68,72.68,72.68,0
2026-09-02 04:00,72.59,72.66,72.59,72.6,12
2026-09-02 05:00,72.6,72.6,72.6,72.6,0
2026-09-02 06:00,72.6,72.6,72.6,72.6,0
2026-09-02 07:00,72.6,72.6,72.6,72.6,0
2026-09-02 08:00,72.6,72.6,72.6,72.6,0
2026-09-02 09:00,72.61,72.61,72.61,72.61,1
2026-09-02 10:00,72.56,72.6,72.16,72.6,8
2026-09-02 11:00,72.7,72.7,72.58,72.58,38
2026-09-02 12:00,72.6,72.67,72.6,72.64,75
2026-09-02 13:00,72.6,72.62,72.55,72.58,112
2026-09-02 14:00,72.46,72.52,72.27,72.27,6
2026-09-02 15:00,72.28,72.38,72.27,72.28,8
2026-09-02 16:00,72.25,72.29,72.22,72.28,6
2026-09-02 17:00,72.23,72.35,72.23,72.25,7
2026-09-02 19:00,72.29,72.32,72.29,72.32,0
2026-09-02 20:00,72.32,72.32,72.32,72.32,0
2026-09-02 21:00,72.32,72.32,72.32,72.32,0
2026-09-02 22:00,72.29,72.29,72.29,72.29,1
2026-09-02 23:00,72.29,72.29,72.29,72.29,0
2026-09-03 00:00,72.29,72.29,72.29,72.29,0
2026-09-03 01:00,72.29,72.29,72.29,72.29,0
2026-09-03 02:00,72.29,72.29,72.29,72.29,0
2026-09-03 03:00,72.29,72.29,72.29,72.29,0
2026-09-03 04:00,71.9,71.9,71.89,71.89,9
2026-09-03 05:00,71.87,71.87,71.6,71.84,6
2026-09-03 06:00,71.88,71.94,71.85,71.85,6
2026-09-03 07:00,71.7,71.84,71.7,71.84,2
2026-09-03 08:00,71.7,71.7,71.7,71.7,3
2026-09-03 09:00,71.6,71.6,71.5,71.5,2
2026-09-03 10:00,71.54,71.67,71.16,71.62,20
2026-09-03 11:00,71.73,71.89,71.68,71.71,35
2026-09-03 12:00,71.69,71.79,71.35,71.47,36
2026-09-03 13:00,71.46,71.7,71.34,71.68,59
2026-09-03 14:00,71.73,71.83,71.67,71.69,98
2026-09-03 15:00,71.67,71.67,71.38,71.52,134
2026-09-03 16:00,71.56,71.6,71.46,71.5,101
2026-09-03 17:00,71.56,71.6,71.54,71.6,5
2026-09-03 19:00,71.45,71.45,71.38,71.38,0
2026-09-03 20:00,71.38,71.38,71.38,71.38,0
2026-09-03 21:00,71.38,71.38,71.38,71.38,0
2026-09-03 22:00,71.38,71.38,71.38,71.38,0
2026-09-03 23:00,71.38,71.38,71.38,71.38,0
2026-09-04 00:00,71.38,71.38,71.38,71.38,0
2026-09-04 01:00,71.45,71.45,71.45,71.45,1
2026-09-04 02:00,71.45,71.45,71.45,71.45,0
2026-09-04 03:00,71.48,71.48,71.48,71.48,1
2026-09-04 04:00,71.54,71.54,71.36,71.36,16
2026-09-04 05:00,71.43,71.53,71.43,71.51,4
2026-09-04 06:00,71.75,71.83,71.75,71.83,33
2026-09-04 07:00,71.81,71.81,71.59,71.69,22
2026-09-04 08:00,71.7,71.7,71.7,71.7,1
2026-09-04 09:00,71.88,71.93,71.85,71.93,5
2026-09-04 10:00,71.92,72.08,71.35,71.35,19
2026-09-04 11:00,71.6,72.42,71.59,72.38,45
2026-09-04 12:00,72.16,72.18,72.16,72.17,79
2026-09-04 13:00,72.2,72.25,72.13,72.25,37
2026-09-04 14:00,72.34,72.34,72.06,72.06,16
2026-09-04 15:00,72.17,72.59,72.17,72.47,140
2026-09-04 16:00,72.27,72.29,72.23,72.23,3
2026-09-04 17:00,72.21,72.29,72.21,72.29,2
2026-09-06 19:00,72.66,72.66,72.53,72.53,0
2026-09-06 20:00,72.53,72.53,72.53,72.53,0
2026-09-06 21:00,72.66,72.66,72.66,72.66,1
2026-09-06 22:00,72.73,72.73,72.51,72.61,12
2026-09-06 23:00,72.61,72.61,72.61,72.61,0
2026-09-07 00:00,72.61,72.61,72.61,72.61,0
2026-09-07 01:00,72.87,72.87,72.87,72.87,1
2026-09-07 02:00,72.87,72.87,72.87,72.87,0
2026-09-07 03:00,72.8,72.8,72.77,72.77,2
2026-09-07 04:00,72.73,72.73,72.73,72.73,1
2026-09-07 05:00,72.68,72.7,72.6,72.6,3
2026-09-07 06:00,72.6,72.6,72.6,72.6,0
2026-09-07 07:00,72.79,73.02,72.74,73.02,12
2026-09-07 08:00,72.93,72.93,72.93,72.93,1
2026-09-07 09:00,72.94,72.94,72.94,72.94,1
2026-09-07 10:00,72.88,72.88,72.8,72.8,6
2026-09-07 11:00,72.88,72.88,72.85,72.85,2
2026-09-07 12:00,72.76,72.76,72.76,72.76,1
2026-09-07 13:00,72.71,72.71,72.71,72.71,1
2026-09-07 14:00,72.71,72.71,72.71,72.71,0
2026-09-07 14:30,72.71,72.71,72.71,72.71,0
2026-09-07 19:00,72.71,72.71,72.71,72.71,0
2026-09-07 20:00,72.71,72.71,72.71,72.71,0
2026-09-07 21:00,72.71,72.71,72.71,72.71,0
2026-09-07 22:00,72.81,72.81,72.81,72.81,1
2026-09-07 23:00,72.81,72.81,72.81,72.81,0
2026-09-08 00:00,72.84,72.84,72.84,72.84,1
2026-09-08 01:00,72.84,72.84,72.84,72.84,0
2026-09-08 02:00,72.84,72.84,72.84,72.84,0
2026-09-08 03:00,72.84,72.84,72.84,72.84,0
2026-09-08 04:00,73.05,73.05,72.92,72.94,7
2026-09-08 05:00,72.97,73.1,72.94,73.1,7
2026-09-08 06:00,73.03,73.03,73.03,73.03,2
2026-09-08 07:00,73.03,73.03,72.79,72.8,7
2026-09-08 08:00,73.14,73.2,73.13,73.2,4
2026-09-08 09:00,73.29,73.29,73.05,73.05,11
2026-09-08 10:00,72.84,72.96,72.72,72.92,8
2026-09-08 11:00,72.98,73.03,72.89,72.98,80
2026-09-08 12:00,73,73.1,72.91,73.05,146
2026-09-08 13:00,72.93,72.95,72.93,72.95,6
2026-09-08 14:00,72.82,72.83,72.79,72.79,32
2026-09-08 15:00,72.84,73.4,72.76,73.4,927
2026-09-08 16:00,73.25,73.31,73.16,73.16,11
2026-09-08 17:00,73.25,73.36,73.22,73.32,152
2026-09-08 19:00,73.33,73.33,73.2,73.2,0
2026-09-08 20:00,73.2,73.2,73.2,73.2,0
2026-09-08 21:00,73.2,73.2,73.2,73.2,0
2026-09-08 22:00,73.33,73.33,73.28,73.28,3
2026-09-08 23:00,73.28,73.28,73.28,73.28,0
2026-09-09 00:00,73.28,73.28,73.28,73.28,0
2026-09-09 01:00,73.28,73.28,73.28,73.28,0
2026-09-09 02:00,73.2,73.2,73.2,73.2,1
2026-09-09 03:00,73.2,73.2,73.2,73.2,0
2026-09-09 04:00,73.47,73.5,73.44,73.5,136
2026-09-09 05:00,73.53,73.6,73.53,73.6,32
2026-09-09 06:00,73.6,73.71,73.59,73.71,7
2026-09-09 07:00,73.74,73.82,73.74,73.82,3
2026-09-09 08:00,73.77,73.83,73.57,73.6,38
2026-09-09 09:00,73.6,73.6,73.11,73.17,225
2026-09-09 10:00,73.18,73.25,72.96,73,429
2026-09-09 11:00,73,73.17,73,73.15,124
2026-09-09 12:00,73.07,73.32,73.07,73.3,134
2026-09-09 13:00,73.3,73.3,73,73,88
2026-09-09 14:00,72.95,73.18,72.85,73.17,118
2026-09-09 15:00,73.18,73.28,73.12,73.17,336
2026-09-09 16:00,73.14,73.16,72.99,73.11,24
2026-09-09 17:00,73.09,73.2,73.09,73.15,6
2026-09-09 19:00,73.08,73.2,73.08,73.2,0
2026-09-09 20:00,73.2,73.2,73.2,73.2,0
2026-09-09 21:00,73.08,73.08,72.95,72.95,2
2026-09-09 22:00,73.03,73.12,73.03,73.07,10
2026-09-09 23:00,73.07,73.07,73.07,73.07,0
2026-09-10 00:00,73.07,73.07,73.07,73.07,0
2026-09-10 01:00,73.07,73.07,73.07,73.07,0
2026-09-10 02:00,72.9,72.9,72.73,72.73,7
2026-09-10 03:00,72.72,72.78,72.71,72.76,6
2026-09-10 04:00,72.78,72.83,72.74,72.76,18
2026-09-10 05:00,72.76,72.76,72.76,72.76,0
2026-09-10 06:00,72.9,73.17,72.9,73.17,5
2026-09-10 07:00,72.91,72.92,72.74,72.92,15
2026-09-10 08:00,73.16,73.32,73.09,73.32,9
2026-09-10 09:00,73.32,73.55,73.26,73.37,137
2026-09-10 10:00,73.32,73.41,73.06,73.11,57
2026-09-10 11:00,73.16,73.33,72.86,73.24,175
2026-09-10 12:00,73.24,73.58,73.19,73.55,110
2026-09-10 13:00,73.57,73.57,73.3,73.48,84
2026-09-10 14:00,73.48,73.77,73.48,73.7,100
2026-09-10 15:00,73.71,73.89,73.51,73.51,70
2026-09-10 16:00,73.56,73.56,73.2,73.28,148
2026-09-10 17:00,73.26,73.38,73.22,73.24,98
2026-09-10 19:00,73.19,73.77,73.19,73.77,0
2026-09-10 20:00,73.19,73.25,73.19,73.23,5
2026-09-10 21:00,73.21,73.21,73.21,73.21,4
2026-09-10 22:00,73.08,73.22,73.08,73.22,20
2026-09-10 23:00,73.24,73.27,73.23,73.27,4
2026-09-11 00:00,73.37,73.37,73.29,73.29,7
