date,open,high,low,close,volume,adj_close
1995-01-03,23.5,23.5625,23.0625,23.375,1299200,14.11199951171875
1995-01-04,23.375,23.5625,23.25,23.3125,1227600,14.074273109436035
1995-01-05,23.3125,23.5,23.1875,23.375,1744000,14.11199951171875
1995-01-06,23.375,24.125,23.3125,23.8125,2084200,14.376129150390625
1995-01-09,23.8125,24,23.6875,23.8125,1178600,14.376129150390625
1995-01-10,23.8125,24.125,23.6875,23.6875,1416000,14.3006591796875
1995-01-11,23.6875,23.9375,23.5625,23.625,1507400,14.262931823730469
1995-01-12,23.625,24.625,23.625,24.5625,2536600,14.828920364379883
1995-01-13,24.5625,24.875,24.3125,24.6875,2677200,14.904386520385742
1995-01-16,24.6875,24.6875,24.1875,24.375,2499400,14.715719223022461
1995-01-17,24.375,24.875,24.3125,24.8125,2814600,14.979850769042969
1995-01-18,24.8125,24.875,24.5625,24.625,1789600,14.866656303405762
1995-01-19,24.5,24.5,24.0625,24.125,1499200,14.564793586730957
1995-01-20,24,24,23.375,23.8125,2776200,14.376129150390625
1995-01-23,23.8125,23.8125,23.375,23.6875,1464800,14.3006591796875
1995-01-24,23.6875,24.0625,23.6875,23.875,1474200,14.413864135742188
1995-01-25,23.8125,23.8125,23.25,23.3125,2125000,14.074273109436035
1995-01-26,23.125,23.125,22.625,22.9375,3379200,13.847871780395508
1995-01-27,22.9375,23,22.5625,22.875,2348800,13.810141563415527
1995-01-30,22.8125,22.8125,22.3125,22.4375,2337600,13.546006202697754
1995-01-31,22.4375,22.4375,22.1875,22.25,2882000,13.432812690734863
1995-02-01,22.25,23.25,22.1875,22.9375,3605400,13.847871780395508
1995-02-02,23.125,23.5,23.125,23.125,3031600,13.961075782775879
1995-02-03,23.3125,24.125,23.3125,23.3125,4942600,14.074273109436035
1995-02-06,23.5625,23.9375,23.5625,23.5625,3344400,14.301883697509766
1995-02-07,23.5625,23.9375,23.5625,23.875,2337000,14.491567611694336
1995-02-08,23.875,24.0625,23.8125,23.9375,2182800,14.529505729675293
1995-02-09,23.9375,24.0625,23.75,23.8125,2903200,14.453625679016113
1995-02-10,23.8125,23.8125,23.3125,23.375,2711600,14.18807315826416
1995-02-13,23.375,23.5625,23.125,23.125,1732000,14.036336898803711
1995-02-14,23.125,23.25,22.875,22.9375,2740800,13.922524452209473
1995-02-15,22.9375,23.375,22.9375,23.25,3231400,14.112204551696777
1995-02-16,23.25,23.375,23,23.125,1176400,14.036336898803711
1995-02-17,23.125,23.1875,22.875,23,2203600,13.960454940795898
1995-02-21,23,23.25,23,23.25,1417600,14.112204551696777
1995-02-22,23.25,23.375,23,23.125,1403200,14.036336898803711
1995-02-23,23.125,23.5,23.0625,23.5,1748400,14.263947486877441
1995-02-24,23.5,23.5,23.0625,23.25,4859400,14.112204551696777
1995-02-27,23.25,23.4375,23.0625,23.125,2391400,14.036336898803711
1995-02-28,23.125,23.1875,23,23.0625,2497400,13.998406410217285
1995-03-01,23.0625,23.1875,22.9375,23.0625,2532600,13.998406410217285
1995-03-02,23.0625,23.1875,23.0625,23.0625,1279800,13.998406410217285
1995-03-03,23.0625,23.1875,23,23.125,1242600,14.036336898803711
1995-03-06,23.0625,23.0625,22.875,22.9375,2315800,13.922524452209473
1995-03-07,22.9375,23.0625,22.75,22.75,1722400,13.808712005615234
1995-03-08,22.75,22.9375,22.75,22.75,1248000,13.808712005615234
1995-03-09,22.75,23.125,22.75,23.0625,1337800,13.998406410217285
1995-03-10,23.1875,23.4375,23.1875,23.4375,1496000,14.2260103225708
1995-03-13,23.4375,23.5625,23.3125,23.375,887200,14.18807315826416
1995-03-14,23.9375,24.875,23.9375,24.4375,5557000,14.832987785339355
1995-03-15,24.375,24.375,24,24,1804600,14.567435264587402
1995-03-16,24,24.6875,24,24.625,2979400,14.946800231933594
1995-03-17,24.625,24.9375,24.5625,24.8125,3218200,15.060606956481934
1995-03-20,24.8125,25.0625,24.625,24.625,2273200,14.946800231933594
1995-03-21,24.625,24.875,24.5625,24.625,1403800,14.946800231933594
1995-03-22,24.625,24.625,24.3125,24.3125,882800,14.75711441040039
1995-03-23,24.3125,24.5625,24.125,24.5625,1353400,14.90886116027832
1995-03-24,24.5625,25.0625,24.5,24.875,2689600,15.098543167114258
1995-03-27,25.375,25.9375,25.375,25.8125,4302000,15.667581558227539
1995-03-28,25.8125,25.875,25.5625,25.8125,2087400,15.667581558227539
1995-03-29,25.8125,26.9375,25.8125,26.25,6144800,15.933130264282227
1995-03-30,26.25,26.625,25.875,26.5625,4178400,16.122814178466797
1995-03-31,26.5625,27,26,26.875,3813200,16.3124942779541
1995-04-03,26.8125,26.8125,26.3125,26.4375,3261000,16.046937942504883
1995-04-04,26.4375,26.75,26.3125,26.75,3501200,16.23661994934082
1995-04-05,26.75,27,26.5,26.625,2164200,16.16074562072754
1995-04-06,26.625,26.8125,26.5625,26.6875,1524800,16.198684692382812
1995-04-07,26.6875,26.875,26.625,26.6875,1698000,16.198684692382812
1995-04-10,26.6875,26.9375,26.625,26.9375,1344600,16.350435256958008
1995-04-11,26.9375,27.1875,26.75,26.9375,2529400,16.350435256958008
1995-04-12,27,28.25,27,27.9375,4944600,16.957399368286133
1995-04-13,27.9375,27.9375,27.3125,27.5625,2348000,16.729799270629883
1995-04-17,27.5625,27.8125,27.5625,27.625,1821000,16.76772689819336
1995-04-18,27.5,27.5,26.5625,26.75,2406200,16.23661994934082
1995-04-19,26.75,27.25,26.75,26.875,2038200,16.3124942779541
1995-04-20,27,27.5,27,27.4375,2169600,16.653911590576172
1995-04-21,27.4375,28,27.375,27.875,2630800,16.91947364807129
1995-04-24,27.875,28.5,27.625,28.4375,2645400,17.26089096069336
1995-04-25,28.3125,28.3125,27.875,28.0625,2572800,17.033283233642578
1995-04-26,28.0625,28.3125,27.875,28.0625,3009400,17.033283233642578
1995-04-27,28.0625,28.1875,27.75,27.9375,1996400,16.957399368286133
1995-04-28,27.875,27.875,27.3125,27.5,2270800,16.69185447692871
1995-05-01,27.5,27.6875,27.4375,27.4375,1840800,16.653911590576172
1995-05-02,27.4375,27.875,27.3125,27.8125,1414600,16.88153076171875
1995-05-03,27.8125,28.125,27.75,28,1807800,16.995342254638672
1995-05-04,28,28.3125,27.6875,27.75,2710400,16.843595504760742
1995-05-05,27.75,27.8125,27.3125,27.4375,1825400,16.653911590576172
1995-05-08,27.375,27.375,26.875,27.3125,1889000,16.653919219970703
1995-05-09,27.375,27.875,27.375,27.875,2035600,16.996912002563477
1995-05-10,27.875,28.125,27.25,27.25,1651000,16.61581039428711
1995-05-11,27.25,27.25,27.0625,27.1875,1814600,16.57769775390625
1995-05-12,27.1875,27.375,27,27.3125,1783800,16.653919219970703
1995-05-15,27.3125,27.6875,27,27.4375,2025400,16.73013687133789
1995-05-16,27.4375,27.875,27.4375,27.8125,1503200,16.958799362182617
1995-05-17,27.875,28.6875,27.875,28.5,3838800,17.37799835205078
1995-05-18,28.5,28.75,27.8125,27.8125,2491800,16.958799362182617
1995-05-19,27.8125,27.9375,27.375,27.5625,2817400,16.806364059448242
1995-05-22,27.8125,28.625,27.8125,28.125,2918200,17.149341583251953
1995-05-23,28.125,28.5,28.0625,28.4375,2859600,17.339893341064453
1995-05-24,28.5,29.25,28.5,28.75,3740600,17.530437469482422
1995-05-25,28.5625,28.5625,28.125,28.375,2279400,17.301786422729492
1995-05-26,28.375,28.5625,28.125,28.25,1692400,17.22555923461914
1995-05-30,28.375,29.25,28.375,29.125,1826000,17.75909423828125
1995-05-31,29.125,29.4375,28.8125,29.4375,2142200,17.949644088745117
1995-06-01,29.4375,29.4375,29,29.3125,1723200,17.873430252075195
1995-06-02,29.3125,29.5,29,29.5,2000000,17.987751007080078
1995-06-05,30.1875,31.375,30.1875,30.8125,6654600,18.788057327270508
1995-06-06,30.8125,30.8125,29.9375,30.375,3074400,18.521299362182617
1995-06-07,30.375,30.8125,30,30.5625,2676400,18.635622024536133
1995-06-08,30.6875,31.375,30.6875,31.125,3309400,18.978609085083008
1995-06-09,31.125,31.1875,30.9375,31.1875,2260400,19.0167179107666
1995-06-12,31.1875,31.3125,31.0625,31.1875,2318000,19.0167179107666
1995-06-13,31.1875,32.4375,31.1875,32.4375,5254800,19.778913497924805
1995-06-14,32.3125,32.3125,32,32,3878200,19.512144088745117
1995-06-15,32,32.4375,31.9375,31.9375,3020400,19.474029541015625
1995-06-16,31.9375,32.25,31.875,32.1875,2720800,19.626466751098633
1995-06-19,32.25,32.5625,32.25,32.5,3721200,19.817014694213867
1995-06-20,32.4375,32.4375,32,32.125,2416400,19.588363647460938
1995-06-21,32.125,32.375,32,32.25,1949600,19.664579391479492
1995-06-22,32.25,32.5625,32.125,32.25,1555600,19.664579391479492
1995-06-23,32.25,32.6875,32.0625,32.6875,1740600,19.931344985961914
1995-06-26,32.5625,32.5625,31.75,31.8125,1551400,19.397808074951172
1995-06-27,31.6875,31.6875,31.125,31.5625,2603800,19.24537467956543
1995-06-28,31.5625,31.9375,31.4375,31.875,1552400,19.4359188079834
1995-06-29,31.875,32.3125,31.875,32.25,1731400,19.664579391479492
1995-06-30,32.25,32.25,30.875,31.3125,3975400,19.092933654785156
1995-07-03,31.125,31.125,30.5625,30.8125,1624000,18.788057327270508
1995-07-05,30.8125,32.125,30.6875,31.5625,4221600,19.24537467956543
1995-07-06,31.625,32.375,31.625,32.375,2675400,19.740798950195312
1995-07-07,32.375,33,32.1875,32.3125,4339200,19.702693939208984
1995-07-10,32.3125,32.375,31.9375,32.125,1863200,19.588363647460938
1995-07-11,32.125,32.125,31.625,32.0625,1381400,19.55025291442871
1995-07-12,32.0625,32.25,31.9375,32.125,1689600,19.588363647460938
1995-07-13,32.125,32.75,32,32.75,1972000,19.969451904296875
1995-07-14,32.75,32.8125,32.25,32.375,1610400,19.740798950195312
1995-07-17,32.375,32.4375,32.1875,32.4375,1461000,19.778913497924805
1995-07-18,32.3125,32.3125,31.5,31.875,2598600,19.4359188079834
1995-07-19,31.875,31.875,30.1875,31.375,3569400,19.13104248046875
1995-07-20,31.375,31.5625,31.125,31.375,2222000,19.13104248046875
1995-07-21,31.375,31.875,31.25,31.5,3036200,19.207265853881836
1995-07-24,31.5,32,31.25,32,1816600,19.512144088745117
1995-07-25,33,33.5,33,33,5517600,20.121896743774414
1995-07-26,33,33.375,32.625,32.6875,4929400,19.931344985961914
1995-07-27,32.75,33.8125,32.75,33.75,3030000,20.57921028137207
1995-07-28,33.75,34.0625,33.3125,34.0625,1961600,20.769756317138672
1995-07-31,33.8125,33.8125,33.4375,33.5,1553200,20.426776885986328
1995-08-01,33.5,33.6875,33.375,33.5625,2234800,20.46488380432129
1995-08-02,33.5625,34.0625,32.9375,33.125,2215000,20.198118209838867
1995-08-03,33.125,33.6875,32.8125,33.5,1801600,20.426776885986328
1995-08-04,33.5,33.75,33.1875,33.25,877800,20.27433204650879
1995-08-07,33.25,33.375,33,33.1875,2145200,20.236225128173828
1995-08-08,33.1875,33.1875,32.875,32.9375,1273400,20.08378791809082
1995-08-09,32.875,32.875,32.625,32.6875,1238000,20.007286071777344
1995-08-10,32.6875,32.8125,32,32.25,3020600,19.739501953125
1995-08-11,32.1875,32.1875,31.75,32.0625,1788600,19.624731063842773
1995-08-14,32.0625,32.4375,31.8125,32.3125,1564800,19.777753829956055
1995-08-15,32.3125,32.4375,31.8125,31.9375,1357800,19.548219680786133
1995-08-16,31.9375,32.25,31.5,31.625,1814200,19.356948852539062
1995-08-17,31.5625,31.5625,31.125,31.3125,1874200,19.16567039489746
1995-08-18,31.3125,31.8125,31.25,31.625,2312200,19.356948852539062
1995-08-21,32.0625,32.625,32.0625,32.4375,2511000,19.8542537689209
1995-08-22,32.4375,32.5625,32.25,32.4375,1546400,19.8542537689209
1995-08-23,32.4375,32.4375,31.8125,31.8125,2221000,19.471704483032227
1995-08-24,31.8125,32.0625,31.5625,31.5625,1412000,19.318683624267578
1995-08-25,31.5625,32.0625,31.5625,31.625,1250600,19.356948852539062
1995-08-28,31.625,31.875,31.3125,31.875,999800,19.509960174560547
1995-08-29,31.875,32.25,31.8125,32,1245000,19.58647346496582
1995-08-30,32,32.1875,31.875,32,888400,19.58647346496582
1995-08-31,32,32.0625,31.875,32,843800,19.58647346496582
1995-09-01,32,33.1875,31.9375,32.6875,2275600,20.007286071777344
1995-09-05,32.8125,33.9375,32.8125,33.6875,3209600,20.619359970092773
1995-09-06,33.8125,34.4375,33.8125,34,2322000,20.81062889099121
1995-09-07,33.875,33.875,33.1875,33.3125,1709200,20.389829635620117
1995-09-08,33.3125,34.375,33.3125,34.25,2217800,20.96365737915039
1995-09-11,34.25,34.8125,34.125,34.6875,2282800,21.231428146362305
1995-09-12,34.6875,35,34.5625,34.9375,1421800,21.384456634521484
1995-09-13,34.9375,35.4375,34.75,35.375,2358400,21.652244567871094
1995-09-14,35.375,35.5625,34.9375,35.5,1770200,21.728742599487305
1995-09-15,35.5,35.5625,34.875,34.9375,2914800,21.384456634521484
1995-09-18,34.9375,35.375,34.25,35.375,2271200,21.652244567871094
1995-09-19,35.375,35.375,35,35.3125,1691400,21.613977432250977
1995-09-20,35.3125,36,35.25,35.875,1324800,21.958271026611328
1995-09-21,35.875,36.1875,35.5,35.8125,2144000,21.92001724243164
1995-09-22,35.375,35.375,34.75,35.0625,1683800,21.46096420288086
1995-09-25,35.0625,35.125,34.625,34.625,1434200,21.19317626953125
1995-09-26,34.5,34.5,34.25,34.3125,1934800,21.00190544128418
1995-09-27,33.9375,33.9375,33.4375,33.875,2568800,20.734119415283203
1995-09-28,33.875,34.375,33.75,34.3125,2088600,21.00190544128418
1995-09-29,34.3125,34.6875,34.0625,34.125,1833000,20.887136459350586
1995-10-02,34,34,33.3125,33.5625,1371400,20.542844772338867
1995-10-03,33.5,33.5,32.25,32.8125,3377200,20.08378028869629
1995-10-04,32.75,32.75,32.25,32.375,2162000,19.815998077392578
1995-10-05,32.375,32.375,31.9375,32.3125,2410600,19.777753829956055
1995-10-06,32.3125,32.8125,32.0625,32.6875,1584000,20.007286071777344
1995-10-09,32.6875,32.6875,31.9375,32,1435000,19.58647346496582
1995-10-10,32,32.4375,31,32.375,3505000,19.815998077392578
1995-10-11,32.375,33.0625,32.375,33,2300400,20.19855499267578
1995-10-12,33,33.5625,32.875,33.3125,2292000,20.389829635620117
1995-10-13,33.3125,33.8125,33.3125,33.75,2362600,20.65761375427246
1995-10-16,33.75,34.0625,33.6875,33.8125,1350800,20.69585609436035
1995-10-17,33.8125,33.8125,33.125,33.3125,1505600,20.389829635620117
1995-10-18,33.3125,33.375,32.5625,32.8125,2373200,20.08378028869629
1995-10-19,32.8125,32.875,32.5,32.75,1830600,20.0455379486084
1995-10-20,32.8125,33.375,32.8125,33.125,1624600,20.275066375732422
1995-10-23,33.125,33.25,32.625,33.25,1222200,20.351566314697266
1995-10-24,33.25,33.5625,33.0625,33.4375,1098800,20.46633529663086
1995-10-25,33.4375,33.875,33.4375,33.625,2125000,20.581106185913086
1995-10-26,33.625,33.8125,32.875,33.125,1914800,20.275066375732422
1995-10-27,33.125,33.875,33.125,33.875,1280000,20.734119415283203
1995-10-30,33.875,33.875,33.375,33.5625,1192600,20.542844772338867
1995-10-31,33.5625,33.5625,32.75,32.75,1509800,20.0455379486084
1995-11-01,32.9375,34.25,32.9375,34,4305800,20.81062889099121
1995-11-02,34,35.1875,33.875,34.6875,3594200,21.231428146362305
1995-11-03,34.6875,35.0625,34.375,34.6875,1843400,21.231428146362305
1995-11-06,34.6875,34.9375,34.3125,34.875,2061800,21.34619140625
1995-11-07,34.875,35.0625,34.625,34.875,1717000,21.34619140625
1995-11-08,34.875,35,34.6875,34.9375,2433000,21.46138572692871
1995-11-09,34.9375,35.125,34.9375,35,1275000,21.499767303466797
1995-11-10,35,35.8125,34.875,35.625,1637400,21.88369369506836
1995-11-13,35.625,36.0625,35.3125,35.875,1746200,22.03725242614746
1995-11-14,35.875,36.5,35.625,35.75,2108800,21.960479736328125
1995-11-15,35.75,37.1875,35.625,37,3008800,22.72832679748535
1995-11-16,37.3125,37.9375,37.3125,37.9375,4572800,23.304208755493164
1995-11-17,37.9375,38,36.75,36.875,3332400,22.65153694152832
1995-11-20,36.875,37.1875,36.5625,36.625,1530800,22.497961044311523
1995-11-21,36.625,36.8125,36.3125,36.6875,1414200,22.53636360168457
1995-11-22,36.6875,37.1875,36.375,37.0625,4764600,22.76671600341797
1995-11-24,36.9375,36.9375,36.625,36.75,1167600,22.574758529663086
1995-11-27,36.75,36.9375,36.4375,36.625,2035000,22.497961044311523
1995-11-28,36.625,36.6875,36,36,1672400,22.11405372619629
1995-11-29,36.125,36.6875,36.125,36.6875,2461800,22.53636360168457
1995-11-30,36.625,36.625,36.3125,36.4375,2314000,22.382793426513672
1995-12-01,36.4375,37.0625,36.4375,36.75,2329800,22.574758529663086
1995-12-04,36.5,36.5,36.3125,36.375,1600800,22.344411849975586
1995-12-05,36.375,37.1875,36.1875,37,1906600,22.72832679748535
1995-12-06,37.1875,37.625,37.1875,37.5625,1682800,23.073862075805664
1995-12-07,37.5,37.5,36.6875,37.0234375,1605000,22.74273109436035
1995-12-08,37.0234375,37.0625,36.5,36.6875,1042800,22.53636360168457
1995-12-11,36.6875,36.6875,36.3125,36.4375,1373200,22.382793426513672
1995-12-12,36.75,37.4375,36.75,37.1875,1974000,22.843505859375
1995-12-13,37.25,38.4375,37.25,38.25,2416200,23.496171951293945
1995-12-14,38.1875,38.1875,36.5625,36.75,2024800,22.574758529663086
1995-12-15,37.25,37.8125,37.25,37.6875,4464400,23.150634765625
1995-12-18,37.625,37.625,36.25,36.4375,1852600,22.382793426513672
1995-12-19,36.625,38.0625,36.625,37.6875,3989400,23.150634765625
1995-12-20,38.0625,40,38.0625,39,4334000,23.956876754760742
1995-12-21,38.75,38.75,37.5625,38.375,2448600,23.572954177856445
1995-12-22,38.375,39.1875,38.25,38.75,2277600,23.803314208984375
1995-12-26,38.75,39.0625,38.6875,38.875,854400,23.88010025024414
1995-12-27,38.875,39.3125,38.8125,38.9375,1232800,23.91849136352539
1995-12-28,38.9375,39.125,38.6875,38.875,1213400,23.88010025024414
1995-12-29,38.875,39.4375,38.8125,39.1875,1155600,24.07206153869629
1996-01-02,39.1875,40.5625,38.9375,39.9375,2617800,24.532773971557617
1996-01-03,39.9375,40.5,39.4375,39.5625,3186800,24.30243492126465
1996-01-04,39.5625,40.125,38.375,38.5625,3216000,23.688129425048828
1996-01-05,38.5625,39.4375,38.0625,39.25,2847000,24.110443115234375
1996-01-08,39.875,40.25,39.875,40.125,2094200,24.6479434967041
1996-01-09,40.125,40.6875,38.8125,39.6796875,3313000,24.374393463134766
1996-01-10,39.5625,39.5625,38.1875,38.375,2397200,23.572954177856445
1996-01-11,38.375,39,38.0625,38.875,2674400,23.88010025024414
1996-01-12,38.875,39.375,38.375,38.875,2282800,23.88010025024414
1996-01-15,38.875,38.875,38.375,38.5,1189200,23.649747848510742
1996-01-16,38.25,38.25,37.6875,38,2304800,23.34260368347168
1996-01-17,38,38.375,37.75,38.1875,2303200,23.457780838012695
1996-01-18,38.8125,39.375,38.8125,39.375,2360400,24.187244415283203
1996-01-19,39.25,39.25,38.1875,39.1875,2845600,24.07206153869629
1996-01-22,39.1875,40,39,39.5625,2294800,24.30243492126465
1996-01-23,39.3125,39.3125,38.5,38.8125,2756400,23.841703414916992
1996-01-24,38.8125,39.1875,38.25,38.5,2396200,23.649747848510742
1996-01-25,38.5,39.375,38.4375,38.5,3407000,23.649747848510742
1996-01-26,38.5,38.8125,38.375,38.375,1779200,23.572954177856445
1996-01-29,38.375,38.875,38.3125,38.5625,2240800,23.688129425048828
1996-01-30,38.5625,39.1875,38.5625,38.8125,2306000,23.841703414916992
1996-01-31,38.8125,38.875,38.125,38.75,2871000,23.803314208984375
1996-02-01,38.75,39,38.625,38.9375,2712600,23.91849136352539
1996-02-02,39,39.375,39,39,1753200,23.956876754760742
1996-02-05,39,39.875,39,39.75,1777600,24.417604446411133
1996-02-06,39.75,40.0625,39.3125,40.0625,3018200,24.609548568725586
1996-02-07,40.0625,40.125,39.625,39.9375,2374600,24.609556198120117
1996-02-08,39.9375,40,39.6875,39.75,2302000,24.49402618408203
1996-02-09,40.125,41.5625,40.125,41.3125,3846200,25.456823348999023
1996-02-12,41.3125,41.9375,41.0625,41.625,2403800,25.649381637573242
1996-02-13,41.5625,41.5625,41,41.5625,3139800,25.610877990722656
1996-02-14,41.5625,41.8125,41.1875,41.6875,1516800,25.687910079956055
1996-02-15,41.6875,41.6875,41.1875,41.25,1396000,25.418310165405273
1996-02-16,41.1875,41.1875,40.75,40.8125,2232200,25.148731231689453
1996-02-20,40.8125,40.875,39.75,40.375,1779000,24.879140853881836
1996-02-21,40.4375,41.8125,40.4375,41.5,2494400,25.572368621826172
1996-02-22,41.5,42.3125,41.1875,41.75,2374200,25.726423263549805
1996-02-23,41.75,42.25,41.5625,41.8125,1602400,25.76493263244629
1996-02-26,41.375,41.375,40.625,40.875,1788400,25.187244415283203
1996-02-27,40.875,40.9375,40,40.5625,1644600,24.994691848754883
1996-02-28,40.5625,41.4375,40.3125,40.375,1744600,24.879140853881836
1996-02-29,40.375,41,40.25,40.5625,2033600,24.994691848754883
1996-03-01,40.5625,40.75,39,40.25,4937800,24.802125930786133
1996-03-04,40.25,41.0625,40,40.75,2021800,25.110218048095703
1996-03-05,40.75,40.9375,40.4375,40.625,1495000,25.033193588256836
1996-03-06,40.625,40.6875,40.125,40.375,2560600,24.879140853881836
1996-03-07,40.25,40.25,39.8125,40.1875,1221200,24.763601303100586
1996-03-08,39.875,39.875,38.125,39.3125,3967800,24.22443199157715
1996-03-11,39.3125,41.75,39.3125,41.5,3542200,25.572368621826172
1996-03-12,41.1875,41.1875,40.375,40.875,3488000,25.187244415283203
1996-03-13,40.875,40.9375,40.1875,40.375,2033600,24.879140853881836
1996-03-14,40.5,41.4375,40.5,41.125,1896800,25.3413028717041
1996-03-15,41.125,41.125,40.3125,40.4375,2237000,24.917652130126953
1996-03-18,40.75,43,40.75,42.8125,5073800,26.38114356994629
1996-03-19,42.8125,44.3125,42.8125,44,5682800,27.112863540649414
1996-03-20,43.875,43.875,43.4375,43.625,2471800,26.88179588317871
1996-03-21,43.625,44.0625,43.375,43.8125,1847000,26.997343063354492
1996-03-22,43.8125,44.5625,43.5,44.4375,1229600,27.382469177246094
1996-03-25,44.4375,44.5625,43.4375,43.9375,1674000,27.074363708496094
1996-03-26,43.9375,44.4375,43.5,43.9375,1922400,27.074363708496094
1996-03-27,43.9375,44.375,43.6875,44.3125,2467200,27.305452346801758
1996-03-28,44.3125,44.375,43.625,44.1875,1647200,27.228408813476562
1996-03-29,44.1875,44.3125,43.1875,43.3125,2282800,26.689241409301758
1996-04-01,43.3125,43.5625,42.25,42.4375,3356400,26.150054931640625
1996-04-02,42.4375,43.1875,42.25,43.125,3937800,26.573701858520508
1996-04-03,43.125,43.5,42.4375,43.4375,1811600,26.76626205444336
1996-04-04,43.375,43.375,42.3125,42.6875,1999800,26.304113388061523
1996-04-08,42.125,42.125,41,41.5,3356800,25.572368621826172
1996-04-09,41.5,41.625,40.625,41.0625,2829800,25.302785873413086
1996-04-10,41,41,39.875,40.25,5297800,24.802125930786133
1996-04-11,40.25,40.3125,38.4375,39.5625,7066800,24.378496170043945
1996-04-12,40,40.875,40,40.75,4510800,25.110218048095703
1996-04-15,40.75,40.9375,40.625,40.75,2108400,25.110218048095703
1996-04-16,40.75,40.8125,40.3125,40.375,2004800,24.879140853881836
1996-04-17,40.375,40.375,39.6875,39.75,2258000,24.49402618408203
1996-04-18,39.75,41,39.75,40.6875,3157800,25.071691513061523
1996-04-19,40.6875,40.8125,40.25,40.5625,2297400,24.994691848754883
1996-04-22,40.75,41.375,40.75,41.125,1931800,25.3413028717041
1996-04-23,41.125,41.3125,40.5625,40.6875,1496200,25.071691513061523
1996-04-24,40.6875,41,39.9375,40.25,2412000,24.802125930786133
1996-04-25,40.25,40.6875,40.0625,40.25,1800400,24.802125930786133
1996-04-26,40.25,40.5625,40.1875,40.375,1002200,24.879140853881836
1996-04-29,40.375,40.8125,39.5,40.375,2724000,24.879140853881836
1996-04-30,40.375,41.0625,40.375,41.0625,1631600,25.302785873413086
1996-05-01,40.9375,40.9375,40.3125,40.3125,1405400,24.840633392333984
1996-05-02,40.1875,40.1875,38.0625,38.75,4722800,23.87781524658203
1996-05-03,38.8125,39.625,38.8125,39,3665800,24.031858444213867
1996-05-06,39,39.1875,37.875,38.375,3125000,23.646739959716797
1996-05-07,38.375,38.375,37.4375,37.4375,3914400,23.069049835205078
1996-05-08,37.4375,38.25,37.0625,38.1875,5769000,23.531198501586914
1996-05-09,38.25,39,38.25,38.625,2490200,23.800790786743164
1996-05-10,39,39.75,39,39.6875,2344400,24.45550537109375
1996-05-13,39.6875,39.9375,39,39.6875,3566600,24.45550537109375
1996-05-14,40,40.875,40,40.875,2569800,25.187244415283203
1996-05-15,40.875,41.0625,40.5625,40.6875,3934000,25.15786361694336
1996-05-16,41,41.5625,41,41.1875,2635200,25.467021942138672
1996-05-17,41.3125,41.9375,41.3125,41.5,2401800,25.660259246826172
1996-05-20,41.5,41.5,40.8125,41.3125,1757400,25.544321060180664
1996-05-21,41.3125,42,41.1875,41.9375,1520800,25.930788040161133
1996-05-22,41.9375,43.1875,41.625,42.6875,2793400,26.39450454711914
1996-05-23,42.6875,42.75,42.25,42.625,2241000,26.355867385864258
1996-05-24,42.625,43,41.9375,41.9375,1203800,25.930788040161133
1996-05-28,42.5,43.125,42.5,42.8125,2098000,26.471805572509766
1996-05-29,42.8125,42.9375,41.875,42.4375,1882800,26.23992347717285
1996-05-30,42.4375,43.375,42.25,42.875,1954000,26.510435104370117
1996-05-31,42.875,42.9375,42.4375,42.625,1772200,26.355867385864258
1996-06-03,42.625,42.75,42,42.1875,1957200,26.085363388061523
1996-06-04,42.1875,42.375,41.75,42.0625,2548600,26.008058547973633
1996-06-05,42.0625,42.6875,42,42.4375,1922000,26.23992347717285
1996-06-06,42.4375,42.6875,42.25,42.25,1682600,26.123992919921875
1996-06-07,42.25,43.1875,41.3125,42.9375,2590600,26.54908561706543
1996-06-10,42.9375,43.375,42.8125,43.1875,1600800,26.70366859436035
1996-06-11,43.1875,43.1875,42.375,42.4375,1646200,26.23992347717285
1996-06-12,42.4375,42.5625,41.875,42,1886200,25.96941566467285
1996-06-13,42,42.25,41.625,41.625,1447400,25.737533569335938
1996-06-14,41.625,41.75,41.5,41.6875,1158400,25.776201248168945
1996-06-17,41.6875,41.8125,41.4375,41.5625,1326800,25.698909759521484
1996-06-18,41.5625,41.9375,41.3125,41.5625,1860400,25.698909759521484
1996-06-19,41.625,42.6875,41.625,42.375,2604600,26.201278686523438
1996-06-20,42.625,43.75,42.625,43.6875,3588400,27.012826919555664
1996-06-21,43.6875,44.625,43.5,44.5625,4541200,27.553863525390625
1996-06-24,44.5625,44.6875,44.1875,44.5,1903200,27.515220642089844
1996-06-25,44.5,45.1875,44.1875,45.1875,3589200,27.940317153930664
1996-06-26,45.1875,45.25,44.4375,44.5,3044000,27.515220642089844
1996-06-27,44.5,44.875,44.375,44.875,1633600,27.7470703125
1996-06-28,44.8125,44.8125,43.5625,43.5625,2044200,26.935546875
1996-07-01,44,44.9375,44,44.9375,2636600,27.78573226928711
1996-07-02,44.9375,47.0625,44.6875,46,3368800,28.442691802978516
1996-07-03,46,46.5,45.3125,45.6875,2589600,28.249465942382812
1996-07-05,45.3125,45.3125,44.625,44.9375,1122600,27.78573226928711
1996-07-08,44.9375,45.0625,44.4375,44.875,2376400,27.7470703125
1996-07-09,44.9375,45.375,44.9375,45.1875,2544800,27.940317153930664
1996-07-10,45.125,45.125,43.8125,45.125,2068000,27.90166473388672
1996-07-11,45,45,43.5625,44.0625,3020400,27.24470329284668
1996-07-12,44.0625,44.5625,43.5625,44.1328125,1743600,27.288175582885742
1996-07-15,44.0625,44.0625,42.5,43.375,1847200,26.81961441040039
1996-07-16,43.125,43.125,39.9375,42.375,4820400,26.201278686523438
1996-07-17,42.375,43,42,42.625,2562000,26.355867385864258
1996-07-18,42.625,44.0625,42.5625,44.0625,3220600,27.24470329284668
1996-07-19,44.0625,44.25,43.5625,43.625,2171000,26.97418212890625
1996-07-22,43.4375,43.4375,42.9375,43.1875,1303400,26.70366859436035
1996-07-23,43.1875,43.625,41.9375,42,2570200,25.96941566467285
1996-07-24,42,43,41.25,42.9375,2345200,26.54908561706543
1996-07-25,43.3125,44.1875,43.3125,44.0625,2967600,27.24470329284668
1996-07-26,44.0625,44.375,43.8125,44.1875,1939600,27.321990966796875
1996-07-29,44.0625,44.0625,43.25,43.25,1195400,26.7423152923584
1996-07-30,43.3125,44,43.3125,43.875,1730400,27.128761291503906
1996-07-31,43.875,44.5625,43.8125,44.25,1588600,27.360645294189453
1996-08-01,44.25,45.4375,44.1875,44.5625,3596400,27.553863525390625
1996-08-02,45,45.875,45,45.8125,2391600,28.326744079589844
1996-08-05,45.8125,45.8125,44.75,44.75,1236600,27.669784545898438
1996-08-06,44.75,45.9375,44.625,45.375,1625400,28.056249618530273
1996-08-07,45.5,46.25,45.5,46.125,2026400,28.51999282836914
1996-08-08,46.125,46.75,45.75,46.25,1903200,28.597272872924805
1996-08-09,46.25,46.25,45.5,45.5,1031400,28.13353729248047
1996-08-12,45.5,45.625,45.1875,45.5,1409000,28.13353729248047
1996-08-13,45.4375,45.4375,45,45.125,1796000,27.90166473388672
1996-08-14,45.125,46,45.125,45.3125,2558400,28.10480499267578
1996-08-15,45.375,45.9375,45.375,45.6875,1287200,28.337385177612305
1996-08-16,45.6875,46.1875,45.5,45.875,1648800,28.45368194580078
1996-08-19,45.875,46.0625,45.75,45.8125,871200,28.41490936279297
1996-08-20,45.8125,46,45.75,45.875,1412400,28.45368194580078
1996-08-21,45.875,45.875,45.375,45.5625,983800,28.259843826293945
1996-08-22,45.5625,45.75,44.6875,44.8125,3697400,27.79466438293457
1996-08-23,44.8125,45.3125,44.8125,45.1875,2264400,28.027271270751953
1996-08-26,45.1875,45.6875,45.1875,45.1875,1487800,28.027271270751953
1996-08-27,45.375,45.6875,45.375,45.625,1627200,28.29862403869629
1996-08-28,45.9375,46.5,45.9375,46.0625,2662400,28.569988250732422
1996-08-29,46.0625,46.3125,45.6875,45.8125,1990800,28.41490936279297
1996-08-30,45.6875,45.6875,45.25,45.25,1711400,28.06602668762207
1996-09-03,45.25,45.9375,44.8125,45.3125,2441200,28.10480499267578
1996-09-04,45.375,45.9375,45.375,45.6875,3143800,28.337385177612305
1996-09-05,45.6875,45.6875,45.125,45.25,2191600,28.06602668762207
1996-09-06,45.25,45.5625,45,45.125,3066400,27.98850440979004
1996-09-09,45.125,45.3125,45,45.0625,2590800,27.949731826782227
1996-09-10,45.0625,45.25,44.9375,44.9375,2430200,27.872194290161133
1996-09-11,44.9375,45.25,44.875,45.125,2184400,27.98850440979004
1996-09-12,45.125,45.5625,45.125,45.25,2094200,28.06602668762207
1996-09-13,45.375,45.75,45.375,45.5,3018400,28.221097946166992
1996-09-16,45.5625,45.875,45.5625,45.5625,1858200,28.259843826293945
1996-09-17,45.5625,45.75,45.4375,45.5,1946600,28.221097946166992
1996-09-18,45.5,45.75,45.375,45.5625,1718600,28.259843826293945
1996-09-19,45.5625,46.375,45.5,46.1875,2160400,28.647504806518555
1996-09-20,46.375,47.4375,46.375,47.4375,3545400,29.422815322875977
1996-09-23,47.4375,47.4375,47.125,47.3125,1331600,29.34527587890625
1996-09-24,47.3125,47.6875,46.8125,47.125,2069800,29.228979110717773
1996-09-25,47.125,47.8125,47.125,47.375,2028000,29.384057998657227
1996-09-26,47.375,48,47.3125,47.6875,1718200,29.577871322631836
1996-09-27,47.6875,47.75,47.25,47.4375,1026200,29.422815322875977
1996-09-30,47.4375,47.625,47.1875,47.25,1267000,29.30649757385254
1996-10-01,47.3125,47.8125,47.3125,47.625,1613600,29.539112091064453
1996-10-02,47.6875,48.1875,47.6875,48.1875,1222800,29.88798713684082
1996-10-03,48.3125,48.75,48.3125,48.5,2436000,30.081836700439453
1996-10-04,48.5625,49.0625,48.5625,48.9375,1761400,30.353187561035156
1996-10-07,49,49.4375,49,49.3125,1405600,30.585779190063477
1996-10-08,49.3125,49.375,48.9375,49,1642600,30.391950607299805
1996-10-09,49,49.0625,48.625,48.75,1530800,30.23687744140625
1996-10-10,48.75,49.125,48.4375,48.8125,2412400,30.275634765625
1996-10-11,48.875,49.0625,48.875,48.9375,1294800,30.353187561035156
1996-10-14,49,49.625,49,49.0625,1869200,30.430707931518555
1996-10-15,49.0625,49.5,48.9375,49.0625,1813600,30.430707931518555
1996-10-16,49.0625,49.0625,48.5,48.625,2572200,30.159343719482422
1996-10-17,48.625,49.1875,48.4375,49,1982400,30.391950607299805
1996-10-18,49,49.1875,48.8125,49.125,1565600,30.469472885131836
1996-10-21,49.125,49.4375,49,49.375,1605200,30.624540328979492
1996-10-22,49.375,49.4375,49.125,49.1875,1219400,30.50823211669922
1996-10-23,49.125,49.125,48,48.5,2468200,30.081836700439453
1996-10-24,48.375,48.375,47.25,47.75,2474600,29.616649627685547
1996-10-25,47.75,47.9375,47.0625,47.0625,1795000,29.190227508544922
1996-10-28,47.0625,47.625,46.6875,46.8125,1860000,29.0351619720459
1996-10-29,46.8125,47.3125,46.75,46.75,2022200,28.996400833129883
1996-10-30,46.875,47.1875,46.875,47.125,1277400,29.228979110717773
1996-10-31,47.1875,48.1875,47.1875,47.6875,2625800,29.577871322631836
1996-11-01,47,47,45.5,45.9375,6697000,28.492446899414062
1996-11-04,45.9375,46.8125,45.875,46.375,2822000,28.7637939453125
1996-11-05,46.375,47,46.125,46.3125,1981200,28.72503089904785
1996-11-06,46.3125,46.875,45.125,45.75,3819200,28.376161575317383
1996-11-07,45.8125,46.75,45.8125,46.4375,4072400,28.802568435668945
1996-11-08,46.5,47.5,46.5,46.9375,1665000,29.11269760131836
1996-11-11,46.9375,47.375,46.4375,46.5,1387400,28.84133529663086
1996-11-12,46.5,46.6875,45.8125,45.875,2585200,28.45368194580078
1996-11-13,45.875,46,45.5,45.8125,2606200,28.501882553100586
1996-11-14,45.8125,46.25,45.6875,46.1875,1979000,28.735200881958008
1996-11-15,46.1875,46.6875,45.875,45.875,3501600,28.540782928466797
1996-11-18,46.0625,47.3125,46.0625,46.625,3668800,29.007389068603516
1996-11-19,46.8125,47.125,46.8125,47,2298800,29.24067497253418
1996-11-20,47.625,48.4375,47.625,48.1875,3302000,29.979482650756836
1996-11-21,48.375,49.1875,48.375,48.75,2943600,30.329448699951172
1996-11-22,48.9375,49.625,48.9375,49.3125,2640200,30.679397583007812
1996-11-25,49.3125,49.4375,49.0625,49.3125,1896000,30.679397583007812
1996-11-26,49.3125,50.125,49.25,49.625,3076000,30.873823165893555
1996-11-27,49.625,50.1875,49.625,49.8125,1668600,30.990463256835938
1996-11-29,49.8125,49.9375,49.6875,49.6875,509800,30.912691116333008
1996-12-02,49.5,49.5,48.75,48.75,1671600,30.329448699951172
1996-12-03,48.75,49.1875,48.125,48.1875,1716000,29.979482650756836
1996-12-04,48.1875,48.8125,47.6875,48.3203125,2270400,30.06210708618164
1996-12-05,48.3203125,48.8125,48,48.1875,1785400,29.979482650756836
1996-12-06,48.0625,48.0625,47.1875,47.8125,2668200,29.74617576599121
1996-12-09,47.9375,48.3125,47.9375,48.1875,1892800,29.979482650756836
1996-12-10,48.1875,48.5625,47.5625,47.75,3284200,29.70730209350586
1996-12-11,47.75,47.8125,47,47.6875,2997600,29.66842269897461
1996-12-12,47.75,48.6875,47.75,48.125,2863400,29.940584182739258
1996-12-13,48.125,48.5,47.6875,48.375,2569600,30.09613609313965
1996-12-16,50.0625,51.9375,50.0625,50.375,13965400,31.34041404724121
1996-12-17,50.375,50.8125,50.25,50.5,5352200,31.418180465698242
1996-12-18,50.5,50.75,50.0625,50.75,3111000,31.573720932006836
1996-12-19,50.75,51.75,50.5625,51.5625,3716200,32.079219818115234
1996-12-20,51.75,52.6875,51.75,52.6875,6055000,32.779136657714844
1996-12-23,52.5625,52.5625,51.5625,52,2162000,32.351402282714844
1996-12-24,51.9375,51.9375,51.4375,51.5625,666000,32.079219818115234
1996-12-26,51.5625,52.1875,51.5625,52.125,1434200,32.42918395996094
1996-12-27,52.125,52.4375,52.125,52.1875,911000,32.46806335449219
1996-12-30,52.3125,53.75,52.3125,53.3125,2090000,33.16797637939453
1996-12-31,53.3125,53.75,52.75,53.25,1537000,33.12908172607422
1997-01-02,52.9375,52.9375,51.625,51.9375,2786800,32.31251525878906
1997-01-03,51.9375,53.4375,51.9375,53.1875,3941800,33.09018325805664
1997-01-06,53.1875,53.75,52.875,53.125,3088400,33.05132293701172
1997-01-07,53.125,53.125,52.6875,53.0625,2066800,33.012428283691406
1997-01-08,53.0625,53.25,52.5,52.5625,2538200,32.701351165771484
1997-01-09,52.5625,52.9375,51.5,52.5,4451200,32.66248321533203
1997-01-10,52.5,52.625,51.8125,52.5625,2971000,32.701351165771484
1997-01-13,52.6875,53.375,52.6875,53.375,2069800,33.20684814453125
1997-01-14,53.375,54,53.125,53.1875,2590400,33.09018325805664
1997-01-15,53.1875,53.375,52.8125,52.875,2231400,32.89577865600586
1997-01-16,52.875,53.3125,52.625,52.875,2180800,32.89577865600586
1997-01-17,52.875,53.3125,52.75,53.0625,1995800,33.012428283691406
1997-01-20,53.0625,53.25,52.5,53.25,1509400,33.12908172607422
1997-01-21,54.25,57.25,54.25,56.9375,6969400,35.4232292175293
1997-01-22,56.9375,57.125,55.875,56.125,3202400,34.9177360534668
1997-01-23,56.125,56.1875,55.25,55.25,4379400,34.37335968017578
1997-01-24,55,55,54.1875,54.9375,3874000,34.17893600463867
1997-01-27,54.9375,55.25,54.5625,54.8125,2290000,34.10118865966797
1997-01-28,54.8125,55.125,52.75,52.875,5263000,32.89577865600586
1997-01-29,52.875,53.4375,52.0625,52.4375,4496400,32.623592376708984
1997-01-30,52.4375,52.875,52.4375,52.875,3909600,32.89577865600586
1997-01-31,53,54.4375,53,53.5625,3401000,33.32350158691406
1997-02-03,53.5625,54.25,52.875,53.9375,2579200,33.55681610107422
1997-02-04,53.9375,54.1875,53.5,53.75,1314400,33.44015884399414
1997-02-05,53.75,54.25,52.875,52.9375,2977600,32.934669494628906
1997-02-06,52.9375,53.25,52.625,53.25,1969600,33.12908172607422
1997-02-07,53.4375,54.8125,53.4375,54.75,2557600,34.06230545043945
1997-02-10,54.6875,54.6875,53.625,53.625,1269800,33.36237716674805
1997-02-11,53.625,54,52.625,53.5625,2033800,33.32350158691406
1997-02-12,53.5625,54.8125,53.4375,54.8125,3253400,34.190555572509766
1997-02-13,54.8125,54.9375,54.375,54.5625,2119600,34.034610748291016
1997-02-14,54.5625,54.625,53.75,53.875,1742200,33.605770111083984
1997-02-18,54,55,54,55,1913600,34.307498931884766
1997-02-19,55,55.5625,54.625,54.9375,2646200,34.268516540527344
1997-02-20,54.9375,55.125,53.1875,53.75,1750800,33.52777862548828
1997-02-21,53.75,54.375,53.25,53.9375,3126000,33.64474868774414
1997-02-24,53.875,53.875,52.5625,52.75,2166600,32.90399932861328
1997-02-25,52.75,53.5625,52.75,53.0625,3148200,33.09893798828125
1997-02-26,53.0625,53.4375,51.1875,52.0625,5063400,32.47517013549805
1997-02-27,52.0625,52.375,50.8125,50.875,2686400,31.734439849853516
1997-02-28,50.875,51.6875,50.5625,50.875,3482600,31.734439849853516
1997-03-03,50.875,51.25,50.1875,51.0625,2361000,31.851388931274414
1997-03-04,51.0625,51.5,50.0625,50.125,3936200,31.266618728637695
1997-03-05,50.75,52.3125,50.75,52.3125,5194400,32.6311149597168
1997-03-06,52.3125,52.4375,52,52.1875,3311200,32.55314254760742
1997-03-07,52.3125,53.3125,52.3125,53.1875,2553000,33.176902770996094
1997-03-10,53.1875,53.3125,52.5625,53.0625,2212000,33.09893798828125
1997-03-11,53.5625,54.3125,53.5625,54.0625,4211400,33.722713470458984
1997-03-12,54,54,53.375,53.5,1948400,33.37185287475586
1997-03-13,53.5,53.5,51.125,51.5625,3170800,32.163272857666016
1997-03-14,51.5625,52.8125,51.5,51.5,3332600,32.12429428100586
1997-03-17,51.5625,53.5625,51.5625,53.25,2284200,33.215911865234375
1997-03-18,53.25,53.4375,51.3125,51.875,2618800,32.358219146728516
1997-03-19,51.875,52.3125,51.125,52,2960400,32.43616485595703
1997-03-20,52.1875,52.9375,52.1875,52.5,3586200,32.74806213378906
1997-03-21,52.6875,53,52.6875,52.875,3079600,32.98197937011719
1997-03-24,52.875,53.1875,52.375,52.875,2848800,32.98197937011719
1997-03-25,52.875,53.625,52.75,52.8125,2360000,32.942996978759766
1997-03-26,52.625,52.625,52.125,52.625,1910600,32.826045989990234
1997-03-27,52.625,52.75,50.5,50.875,3934800,31.734439849853516
1997-03-31,50.5,50.5,49.3125,49.3125,4558200,30.759798049926758
1997-04-01,49.3125,50.0625,49.25,50,3739000,31.18863296508789
1997-04-02,49.8125,49.8125,49.0625,49.125,2676600,30.642841339111328
1997-04-03,49,49,47,47.9375,4712600,29.90210723876953
1997-04-04,47.9375,49.1875,47.625,49,3791600,30.56485939025879
1997-04-07,49.875,50.9375,49.875,50.0625,3257200,31.227632522583008
1997-04-08,50.0625,50.75,49.8125,50.75,2559600,31.656435012817383
1997-04-09,50.75,51.4375,50.625,50.75,2275200,31.656435012817383
1997-04-10,50.75,51.125,50.6875,51.0625,1694000,31.851388931274414
1997-04-11,50.875,50.875,49.8125,50.1875,2717600,31.305591583251953
1997-04-14,50.1875,50.4375,49.25,50.375,2189800,31.42256736755371
1997-04-15,50.375,51.125,49.875,50.4375,2080000,31.461565017700195
1997-04-16,50.4375,50.625,48.875,49.8125,3842600,31.071680068969727
1997-04-17,49.8125,50,48.9375,49.6875,2689600,30.99370574951172
1997-04-18,49.6875,50.1875,49.5,49.8125,2278000,31.071680068969727
1997-04-21,49.8125,50,49.1875,49.375,1435200,30.798763275146484
1997-04-22,49.375,50.4375,49.375,50.4375,2137200,31.461565017700195
1997-04-23,50.4375,51.4375,50.3125,50.75,2560800,31.656435012817383
1997-04-24,50.8125,51.25,50.8125,50.9375,2261000,31.7734375
1997-04-25,50.9375,51.4375,50.5625,51,1349600,31.812419891357422
1997-04-28,48.4375,48.4375,47.1875,47.6875,15615400,29.746156692504883
1997-04-29,47.875,48.75,47.875,48.125,11618400,30.019058227539062
1997-04-30,48.5625,49.5625,48.5625,49.3125,7583400,30.759798049926758
1997-05-01,49.3125,50.125,49.125,49.5,5395400,30.876731872558594
1997-05-02,49.5,50.5,49.375,50.25,4712200,31.344594955444336
1997-05-05,50.25,50.25,49.5,50,5847400,31.18863296508789
1997-05-06,50,50.8125,49.875,50.375,4792800,31.42256736755371
1997-05-07,50.375,50.5625,48.8125,49,3439200,30.56485939025879
1997-05-08,49,49.5625,48.375,48.6875,4576200,30.369930267333984
1997-05-09,48.6875,49.3125,48.5625,48.9375,4454600,30.525876998901367
1997-05-12,48.9375,50,48.875,49.75,4759400,31.032703399658203
1997-05-13,49.75,50.4375,49.6875,50.1875,3721600,31.305591583251953
1997-05-14,50.1875,50.8125,49.6875,49.8125,3445200,31.15861701965332
1997-05-15,49.8125,50.1875,49.6875,49.9375,3084400,31.236787796020508
1997-05-16,49.9375,50.1875,49.1875,49.375,4725200,30.884931564331055
1997-05-19,49.25,49.25,48.5625,48.625,3760800,30.415788650512695
1997-05-20,48.625,50.1875,48.375,50,3962200,31.2758731842041
1997-05-21,50.5625,51.25,50.5625,51.25,4317400,32.05778121948242
1997-05-22,51.25,51.5,49.8125,50.1875,5146200,31.393169403076172
1997-05-23,50.1875,50.25,49.8125,50.125,3100200,31.35407829284668
1997-05-27,50.125,51.25,50.125,50.875,3597800,31.82320785522461
1997-05-28,50.875,51.9375,50.875,51.8125,4259800,32.409645080566406
1997-05-29,51.8125,52.875,51.625,52.6875,3275800,32.95697784423828
1997-05-30,52.6875,53.125,51.875,52.6875,3004600,32.95697784423828
1997-06-02,52.6875,52.875,52.375,52.6875,1818000,32.95697784423828
1997-06-03,52.6875,52.875,52.25,52.4375,2213600,32.800567626953125
1997-06-04,52.4375,53.875,52.25,53.5,2907800,33.4652099609375
1997-06-05,53.5,54.25,53.375,54,2127000,33.77797317504883
1997-06-06,54,55,53.75,54.9375,2594200,34.36437225341797
1997-06-09,56,56,54.875,56,3968000,35.028995513916016
1997-06-10,56.5,57.75,56.5,57.5,5806000,35.96726989746094
1997-06-11,57.5,57.75,56.25,56.75,3843700,35.498138427734375
1997-06-12,56.75,57.625,56.625,57.5,2584400,35.96726989746094
1997-06-13,57.5,57.875,57.25,57.375,2293100,35.88908386230469
1997-06-16,57.375,58,57.125,57.875,2024900,36.20183563232422
1997-06-17,57.875,57.875,56.5,56.75,2564600,35.498138427734375
1997-06-18,56.75,57.625,56.375,56.625,2209200,35.419944763183594
1997-06-19,56.625,57,56.125,56.5,2332600,35.341758728027344
1997-06-20,56.5,57.125,56.5,56.875,3850600,35.576324462890625
1997-06-23,56.875,56.875,53.875,54.625,4282000,34.168907165527344
1997-06-24,54.625,56.25,54.625,55.0625,4091900,34.44256591796875
1997-06-25,55.0625,56.375,54,54.75,5457200,34.24709701538086
1997-06-26,54.4375,54.4375,53.125,53.75,3554700,33.6215705871582
1997-06-27,53.75,54.25,53,53,2388100,33.15243911743164
1997-06-30,53.0625,53.9375,53.0625,53.0625,2338600,33.191524505615234
1997-07-01,53.375,54.8125,53.375,54.0625,4999200,33.817054748535156
1997-07-02,54.0625,54.875,53.875,54.8125,3536400,34.28620529174805
1997-07-03,54.875,56.4375,54.875,55.1875,2905800,34.520748138427734
1997-07-07,55.25,56.25,55.25,55.5625,3036200,34.755332946777344
1997-07-08,55.8125,56.25,55.8125,56.125,2676400,35.107177734375
1997-07-09,56.125,56.875,55.5,56.25,2837500,35.18536376953125
1997-07-10,56.25,56.25,54.9375,55.3125,2189100,34.598960876464844
1997-07-11,55.3125,56.5,55.3125,56.5,2095500,35.341758728027344
1997-07-14,56.5,57.625,56.5,57.125,2701600,35.732688903808594
1997-07-15,57.125,58.25,56.3125,58.0625,3545000,36.31911849975586
1997-07-16,58.125,60.5,58.125,59.6875,3938100,37.33559036254883
1997-07-17,59.5625,59.5625,56.5,56.75,3477400,35.498138427734375
1997-07-18,56.75,56.75,55.75,56.0625,3922200,35.068077087402344
1997-07-21,55.25,55.25,53.375,54.375,4417000,34.01253128051758
1997-07-22,54.375,56.8125,53.625,56.375,6109600,35.2635612487793
1997-07-23,58.5,60.125,58.5,59.0625,8875900,36.94463348388672
1997-07-24,59.0625,60.5,58.0625,60,6228800,37.53104019165039
1997-07-25,59.875,59.875,57.6875,58.875,4653000,36.827362060546875
1997-07-28,58.625,58.625,57.625,58.0625,2802300,36.31911849975586
1997-07-29,58.0625,58.625,57,58.5625,3427500,36.63187789916992
1997-07-30,58.5625,59.375,58.3125,58.6875,2576400,36.710079193115234
1997-07-31,58.6875,59.1875,58.1875,58.6875,2345800,36.710079193115234
1997-08-01,58.6875,59.1875,58.125,58.5,2506000,36.592777252197266
1997-08-04,58.5,58.5625,57.75,58.4375,3279200,36.553680419921875
1997-08-05,58.4375,58.8125,58,58.125,4523500,36.35821533203125
1997-08-06,58.125,58.5625,57.8125,58.3125,3090700,36.47549819946289
1997-08-07,58.4375,59.4375,58.4375,59.125,2657400,36.98373031616211
1997-08-08,58.9375,58.9375,57.25,58.5,2490200,36.592777252197266
1997-08-11,58.5,59.25,57.4375,59.0625,3060100,36.94463348388672
1997-08-12,59.0625,59.125,56.625,56.6875,2824900,35.45903778076172
1997-08-13,57.125,59,57.125,58.0625,4927200,36.409034729003906
1997-08-14,58.0625,58.6875,56.875,57.9375,3366400,36.330657958984375
1997-08-15,57.75,57.75,55.375,55.4375,3069200,34.763004302978516
1997-08-18,55.4375,56.1875,55.0625,56,2929700,35.115718841552734
1997-08-19,56,57.375,56,57.375,2605400,35.977935791015625
1997-08-20,57.375,57.625,56.9375,57.25,1924400,35.89955520629883
1997-08-21,57.25,57.5,56.125,56.5,1894200,35.429256439208984
1997-08-22,56,56,54.75,55.625,2705200,34.88056945800781
1997-08-25,55.625,56.25,55.0625,55.5,2250700,34.802188873291016
1997-08-26,55.5,55.5,54.1875,54.375,3091600,34.096736907958984
1997-08-27,54.5,55.625,54.5,55.3125,2707500,34.68461990356445
1997-08-28,55.3125,55.8125,54.625,55.125,2407200,34.567039489746094
1997-08-29,55,55,54.3125,54.5,2130200,34.17510223388672
1997-09-02,55.5,57,55.5,57,2503800,35.74279022216797
1997-09-03,57.25,58.1875,57.25,57.4375,2415100,36.017120361328125
1997-09-04,57.4375,57.5,55.375,56.25,5142600,35.27247619628906
1997-09-05,56.25,57.125,55,55.375,3472800,34.723793029785156
1997-09-08,55.375,55.5625,54.625,55,3405000,34.488643646240234
1997-09-09,54.8125,54.8125,54,54.125,3894000,33.93994903564453
1997-09-10,54.0625,54.0625,52.5,52.875,6062900,33.1561279296875
1997-09-11,52.75,52.75,51.3125,51.6875,4983400,32.4114875793457
1997-09-12,51.6875,52.9375,51.5,52.9375,4730000,33.19532012939453
1997-09-15,52.75,52.75,51.375,51.4375,2805900,32.25472640991211
1997-09-16,51.5625,53.25,51.5625,52.25,4960500,32.764225006103516
1997-09-17,52.875,53.875,52.875,53.25,4187900,33.39127731323242
1997-09-18,53.25,54.5625,53,53.125,4442700,33.31289291381836
1997-09-19,52.375,52.375,51.375,52.375,8333600,32.84260559082031
1997-09-22,52.375,53.4375,52.0625,52.8125,4929600,33.116943359375
1997-09-23,52.875,54.25,52.875,54.25,5076400,34.01834487915039
1997-09-24,54.4375,55.125,54.4375,54.625,3957400,34.253501892089844
1997-09-25,54.625,54.875,53.875,54.25,3735500,34.01834487915039
1997-09-26,54.25,54.875,54,54.5625,3255500,34.214317321777344
1997-09-29,54.5625,55,54.125,55,2515000,34.488643646240234
1997-09-30,55,55,54.25,54.4375,2673400,34.135929107666016
1997-10-01,54.4375,54.9375,53.5,53.9375,2412100,33.822383880615234
1997-10-02,53.9375,54,52.25,52.5,5311900,32.92097473144531
1997-10-03,52.125,52.125,50.125,52,16657900,32.6074333190918
1997-10-06,52.0625,53.25,52.0625,52.625,5635500,32.99937438964844
1997-10-07,53.25,54,53.25,53.8125,6056600,33.74401092529297
1997-10-08,53.8125,55.25,53.8125,54.25,4917700,34.01834487915039
1997-10-09,54.25,54.3125,53.5,53.875,2831600,33.7832145690918
1997-10-10,53.875,54.6875,53.6875,54.3125,2709500,34.05753707885742
1997-10-13,54.5,55,54.5,54.75,2081400,34.331886291503906
1997-10-14,54.75,55.1875,54.1875,54.8125,2568100,34.371089935302734
1997-10-15,54.8125,55,54.3125,54.6875,2237700,34.29269790649414
1997-10-16,54.6875,54.9375,52.3125,52.5,4086200,32.92097473144531
1997-10-17,52.5,52.5625,51,51.875,5195200,32.529075622558594
1997-10-20,51.875,53.6875,51.75,53.5625,6158500,33.58723831176758
1997-10-21,53.5625,54.4375,52.875,54,3643600,33.86159896850586
1997-10-22,51.125,51.125,49,49.875,31887200,31.274925231933594
1997-10-23,49.625,49.625,47.75,49.0625,15908200,30.765451431274414
1997-10-24,49.0625,51,47.75,48.4375,14017300,30.373531341552734
1997-10-27,47.9375,47.9375,43,43,11777200,26.963865280151367
1997-10-28,43.0625,49,43.0625,48,15980600,30.09918975830078
1997-10-29,48,48.75,46.5625,47.4375,8757100,29.7464542388916
1997-10-30,47.4375,47.5,46.5,47.046875,6023900,29.501506805419922
1997-10-31,47.25,48.5,47.25,48,4705400,30.09918975830078
1997-11-03,48,48.625,47.25,47.6875,4825300,29.903223037719727
1997-11-04,47.6875,47.9375,46.8125,47,5099400,29.47209930419922
1997-11-05,47,47.1875,45.9375,46.125,5140400,28.923437118530273
1997-11-06,46.125,46.625,45.5,46.0625,4232200,28.884233474731445
1997-11-07,45.875,45.875,44.5625,45.75,6583400,28.68829345703125
1997-11-10,45.75,46.8125,45.75,46.625,5063300,29.236968994140625
1997-11-11,46.625,47,46.0625,46.25,2965900,29.001821517944336
1997-11-12,46.25,47.1875,46.125,46.4375,3602000,29.207799911499023
1997-11-13,46.4375,47.4375,46.1875,47.3125,3843100,29.758153915405273
1997-11-14,47.3125,48.125,47.0625,48,3919100,30.190580368041992
1997-11-17,48.3125,49.8125,48.3125,49.6875,4355100,31.251951217651367
1997-11-18,49.6875,49.9375,49.3125,49.5625,2688400,31.17333984375
1997-11-19,49.5625,50.625,49.25,50,3946300,31.44849967956543
1997-11-20,50,50.375,49.5625,49.9375,3177300,31.409202575683594
1997-11-21,49.9375,50.125,49.5625,50.125,3798300,31.52712631225586
1997-11-24,50.125,50.6875,49.25,49.625,3096700,31.212646484375
1997-11-25,49.9375,52.1875,49.9375,51.375,6443500,32.313331604003906
1997-11-26,51.5,52.1875,51.5,51.875,3478500,32.62782669067383
1997-11-28,52.3125,53.375,52.3125,53.125,1962900,33.4140510559082
1997-12-01,53.75,54.625,53.75,53.9375,4706600,33.92509841918945
1997-12-02,53.9375,54.375,53.4375,54,2954800,33.964393615722656
1997-12-03,54,54.25,52.9375,53.875,2572400,33.88577651977539
1997-12-04,53.75,53.75,51.875,52.4375,3959100,32.98162078857422
1997-12-05,52.4375,53.875,52.25,52.375,4368000,32.94231033325195
1997-12-08,52.3125,52.3125,51.1875,51.4375,4181500,32.35265350341797
1997-12-09,51.4375,51.4375,50.5625,50.75,2731200,31.92024803161621
1997-12-10,50.625,50.625,49.1875,49.9375,3411300,31.409202575683594
1997-12-11,49.5625,49.5625,48.3125,48.625,3343700,30.58367156982422
1997-12-12,48.625,49.625,48.25,49,2215000,30.819543838500977
1997-12-15,49,49.3125,48.75,48.9375,2781400,30.78022003173828
1997-12-16,49.5625,50.75,49.5625,50.625,4083100,31.841629028320312
1997-12-17,50.625,51.75,50.1875,50.5625,3634400,31.80230140686035
1997-12-18,50.1875,50.1875,49.3125,49.8125,2764400,31.33057403564453
1997-12-19,49.1875,49.1875,47.375,48.5625,4228700,30.54438018798828
1997-12-22,48.5625,49.1875,48,48.75,2201100,30.66230010986328
1997-12-23,48.75,49.1875,47.8125,48.125,2353800,30.269195556640625
1997-12-24,48.125,48.375,47.4375,47.8125,1268400,30.072647094726562
1997-12-26,47.8125,48,47.625,47.8125,730400,30.072647094726562
1997-12-29,48,48.75,48,48.1875,2148600,30.30850601196289
1997-12-30,48.1875,48.6875,47.875,48.375,2707700,30.42642593383789
1997-12-31,48.4375,49.3125,48.4375,48.9375,3524300,30.78022003173828
1998-01-02,48.9375,49.8125,48.125,48.875,2761300,30.740921020507812
1998-01-05,48.875,49.75,48.1875,48.625,3816100,30.58367156982422
1998-01-06,48.625,48.9375,47.5,47.875,4050900,30.11195182800293
1998-01-07,47.875,48.125,47.375,48.125,3230600,30.269195556640625
1998-01-08,47.5625,47.5625,46,46.375,6732800,29.168495178222656
1998-01-09,46.375,46.4375,45,45.125,4708500,28.38228416442871
1998-01-12,45.125,45.5625,43.9375,45.375,4064500,28.53952980041504
1998-01-13,45.375,46.1875,44.6875,45.0625,3722700,28.342967987060547
1998-01-14,45.125,46.25,45.125,46.25,3398400,29.089872360229492
1998-01-15,45.5625,45.5625,44.125,44.125,5409100,27.753311157226562
1998-01-16,44.125,44.625,43,43.4375,11645700,27.320898056030273
1998-01-20,43.4375,44.25,42.8125,43.5,7730300,27.360204696655273
1998-01-21,43.5,44.625,43.0625,44,5895800,27.6746826171875
1998-01-22,44.0625,45.625,44.0625,45.25,6578900,28.460899353027344
1998-01-23,45.25,45.6875,44.25,44.3125,4566600,27.871253967285156
1998-01-26,44.3125,45,44.0625,44.4375,2783600,27.949857711791992
1998-01-27,44.4375,45.25,44,45,3596600,28.30365753173828
1998-01-28,45.1875,47.4375,45.1875,47.0625,5464000,29.60091209411621
1998-01-29,47.25,48.1875,47.25,47.5,4830400,29.8760929107666
1998-01-30,47.5,48.125,47.3125,47.625,3066400,29.954702377319336
1998-02-02,48.0625,48.875,48.0625,48.3125,3850300,30.38713264465332
1998-02-03,48.3125,48.625,48.0625,48.3125,3081700,30.38713264465332
1998-02-04,48.25,48.25,47.3125,47.4375,3659600,29.83677864074707
1998-02-05,47.4375,47.875,46.0625,46.8125,4183500,29.443668365478516
1998-02-06,46.8125,46.9375,46.3125,46.4375,2808000,29.207799911499023
1998-02-09,46.4375,47.25,46.375,46.375,3156500,29.168495178222656
1998-02-10,46.625,48.875,46.625,48.625,5252000,30.58367156982422
1998-02-11,48.625,49.3125,48.5,49.1875,4367900,31.026809692382812
1998-02-12,49.1875,49.4375,48.5,49.25,3043600,31.066232681274414
1998-02-13,49.25,50.75,48.5625,50.375,4985900,31.775880813598633
1998-02-17,50.9375,52.75,50.9375,52.5,7416300,33.11628723144531
1998-02-18,52.1875,52.1875,51.3125,51.75,3700200,32.64320755004883
1998-02-19,51.625,51.625,50.25,50.8125,4816900,32.05184555053711
1998-02-20,50.75,50.75,49.9375,50.125,4432000,31.61817169189453
1998-02-23,50.25,50.9375,50.25,50.6875,3165400,31.972993850708008
1998-02-24,50.6875,50.75,49.0625,50.3125,3105700,31.736431121826172
1998-02-25,50.375,51.75,50.375,51.25,4188400,32.32781219482422
1998-02-26,51.25,53.9375,51.25,53.9375,6629900,34.0230598449707
1998-02-27,53.9375,54.75,53.5,54.25,5533700,34.22015380859375
1998-03-02,54.25,54.25,52.5,52.75,4099800,33.27396774291992
1998-03-03,52.75,53.375,52.0625,52.375,3489300,33.03742980957031
1998-03-04,52.375,53.6875,51.5,53.3125,4055300,33.6287956237793
1998-03-05,52.8125,52.8125,51.9375,52.25,3356300,32.958587646484375
1998-03-06,52.3125,53.1875,52.3125,52.4375,2231100,33.07685470581055
1998-03-09,52.4375,53.0625,52,52.5625,2073700,33.15571212768555
1998-03-10,52.5625,53.0625,52.0625,52.375,1897400,33.03742980957031
1998-03-11,52.375,52.625,52.125,52.1875,2351400,32.919166564941406
1998-03-12,52.1875,52.25,50.1875,51.5,2579700,32.48551559448242
1998-03-13,51.5625,52.375,51.5625,51.8125,2544700,32.6826171875
1998-03-16,51.8125,52.875,51.1875,51.4375,2645900,32.44607925415039
1998-03-17,51.6875,52.625,51.6875,52,2643400,32.80089569091797
1998-03-18,52,52.25,50.875,50.875,3661600,32.09126281738281
1998-03-19,50.875,51.625,50.5625,51.4375,3254700,32.44607925415039
1998-03-20,51.9375,53.4375,51.9375,53.4375,6339200,33.70764923095703
1998-03-23,52.5,52.5,51.4375,51.625,4640400,32.564353942871094
1998-03-24,51.625,52.6875,51.625,52.375,3429300,33.03742980957031
1998-03-25,52.375,52.9375,52.0625,52.875,4618300,33.35281753540039
1998-03-26,52.625,52.625,51.5,52.125,3229100,32.87973403930664
1998-03-27,52.125,52.625,51.125,51.25,2912900,32.32781219482422
1998-03-30,51.0625,51.0625,50.25,50.5,2608100,31.854719161987305
1998-03-31,50.5625,52.25,50.5625,52.125,3792100,32.87973403930664
1998-04-01,52.125,52.875,51.8125,52.75,3869000,33.27396774291992
1998-04-02,52.75,55,52.25,54.9375,6873800,34.65382766723633
1998-04-03,54.9375,55.875,54.25,54.9375,6328600,34.65382766723633
1998-04-06,55.25,56.1875,55.25,56.0625,5509600,35.36346435546875
1998-04-07,56.0625,56.25,55.4375,55.625,4022300,35.08749771118164
1998-04-08,55.625,55.875,54.8125,55.25,4386300,34.850948333740234
1998-04-09,55.25,55.625,54.5,55.1875,3547700,34.8115234375
1998-04-13,54.875,54.875,52.5625,53.625,5075300,33.825923919677734
1998-04-14,53.625,53.625,52.9375,53.125,3113200,33.510536193847656
1998-04-15,53.125,53.4375,52.5,52.5625,3336100,33.15571212768555
1998-04-16,52.5625,53.5625,52.0625,53,3005600,33.431671142578125
1998-04-17,53,53.875,52.8125,53.6875,3597400,33.865352630615234
1998-04-20,53.5625,53.5625,52.875,53.25,2388200,33.58938217163086
1998-04-21,53.0625,53.0625,52.5,53.0625,2982500,33.47110366821289
1998-04-22,53.0625,53.4375,52.6875,53,3105700,33.431671142578125
1998-04-23,52.375,52.375,51.25,51.5,5830200,32.48551559448242
1998-04-24,51.1875,51.1875,50.375,50.6875,4193000,31.972993850708008
1998-04-27,50.25,50.25,48.375,50.25,5656400,31.697019577026367
1998-04-28,50.25,50.3125,49.5,49.6875,3045800,31.342193603515625
1998-04-29,49.75,50.4375,49.75,50.0625,2323500,31.57875633239746
1998-04-30,50.0625,50.9375,50.0625,50.0625,3025700,31.57875633239746
1998-05-01,51.1875,52.375,51.1875,51.75,3191100,32.64320755004883
1998-05-04,51.75,52.3125,51.0625,51.125,2046700,32.24896240234375
1998-05-05,51.125,51.75,50.6875,50.9375,1687700,32.130699157714844
1998-05-06,50.75,50.75,50.0625,50.3125,2138300,31.736431121826172
1998-05-07,50.3125,50.375,49.5,49.875,2299200,31.460474014282227
1998-05-08,49.875,50.875,49.625,50.5,1866700,31.854719161987305
1998-05-11,50.5,50.625,49,49.625,2396500,31.30277442932129
1998-05-12,49.625,50.3125,49.1875,49.5,2857300,31.22391128540039
1998-05-13,49.5,50.1875,49.0625,49.75,2246300,31.470630645751953
1998-05-14,49.75,50.125,49.5,49.875,1959200,31.54970359802246
1998-05-15,49.875,49.875,49.4375,49.625,2070700,31.391559600830078
1998-05-18,49.375,49.375,48.0625,48.625,3885500,30.758975982666016
1998-05-19,48.625,49.125,48.125,48.375,2161700,30.600828170776367
1998-05-20,48.375,48.6875,47.625,48,3393700,30.36363410949707
1998-05-21,48,48.375,47.625,48.1875,3282800,30.482234954833984
1998-05-22,48.1875,48.875,48.125,48.375,1403000,30.600828170776367
1998-05-26,48.375,48.6875,47.1875,47.25,2523900,29.889179229736328
1998-05-27,46.8125,46.8125,45.25,46.5,6231600,29.414775848388672
1998-05-28,46.5,47.5,45.75,46.875,4718300,29.65199089050293
1998-05-29,47.125,47.9375,47.125,47.75,2842900,30.205482482910156
1998-06-01,47.75,47.75,47.125,47.625,2216900,30.12640380859375
1998-06-02,47.5625,47.5625,45.625,45.875,3891300,29.019405364990234
1998-06-03,45.875,46.375,45.3125,45.875,4171300,29.019405364990234
1998-06-04,45.8125,45.8125,45,45.0625,4740900,28.50543212890625
1998-06-05,45.125,45.6875,45.125,45.5,3782500,28.782184600830078
1998-06-08,45.5,46.25,45.4375,45.75,2963300,28.94032859802246
1998-06-09,45.8125,46.375,45.8125,46,3338300,29.09847640991211
1998-06-10,45.9375,45.9375,45,45.4375,3948700,28.742652893066406
1998-06-11,45.4375,45.5625,45,45.0625,3272300,28.50543212890625
1998-06-12,45.0625,45.125,44.25,44.9375,4826200,28.426349639892578
1998-06-15,44.375,44.375,43.375,43.5,3866000,27.51703453063965
1998-06-16,43.5,44.1875,42.9375,43.4375,5026500,27.477502822875977
1998-06-17,43.5,44.5625,43.5,43.75,3733700,27.67517852783203
1998-06-18,43.75,44.25,43.25,43.9375,3247900,27.793798446655273
1998-06-19,43.875,43.875,42.5625,42.9375,5569000,27.161211013793945
1998-06-22,42.9375,43.9375,42.125,42.75,3343500,27.04261016845703
1998-06-23,42.75,43.4375,42.75,43.375,3964100,27.437969207763672
1998-06-24,43.375,44.6875,43.3125,44.6875,3662500,28.26820945739746
1998-06-25,44.6875,45.5,44.5625,44.625,3365000,28.228687286376953
1998-06-26,45.125,46.125,45.125,45.6875,2761500,28.90079116821289
1998-06-29,45.6875,45.75,44.375,44.625,3031700,28.228687286376953
1998-06-30,44.625,45,44.125,44.5625,2594700,28.189136505126953
1998-07-01,45.25,47.5,45.25,47.4375,5321700,30.00780487060547
1998-07-02,47.4375,49.25,47.0625,48.4375,5158100,30.640377044677734
1998-07-06,48.5625,49.4375,48.5625,48.625,3234200,30.758975982666016
1998-07-07,48.625,49.25,47.6875,47.8125,2810700,30.245023727416992
1998-07-08,47.8125,48.75,47.8125,48.6875,2396000,30.798519134521484
1998-07-09,48.6875,48.6875,47.875,48.0625,1716700,30.403160095214844
1998-07-10,48.0625,48.375,47.125,47.875,1993500,30.284555435180664
1998-07-13,47.875,48.4375,47.1875,47.5625,1990500,30.086877822875977
1998-07-14,47.5625,48.6875,47.3125,48.5,2787600,30.67991828918457
1998-07-15,48.625,49.6875,48.625,49.3125,4386300,31.19388771057129
1998-07-16,49.3125,49.6875,48.5,48.75,2887500,30.838056564331055
1998-07-17,48.75,50.125,48.6875,50,3247600,31.628768920898438
1998-07-20,50,50,48.625,49.25,2741400,31.15434455871582
1998-07-21,49.25,49.25,47.625,48.1875,3586000,30.482234954833984
1998-07-22,48.1875,48.4375,47.4375,47.75,2888100,30.205482482910156
1998-07-23,44,44,40.0625,41.1875,27589500,26.05420684814453
1998-07-24,41.1875,42.125,40,40.3125,13116500,25.500696182250977
1998-07-27,40.25,40.25,37.9375,39,12854200,24.67045021057129
1998-07-28,39,39.25,38.625,39,9369800,24.67045021057129
1998-07-29,39,39.375,38.5625,38.75,7578000,24.512310028076172
1998-07-30,39,39.4375,39,39.125,5497700,24.749515533447266
1998-07-31,39.125,39.25,38.75,38.8125,6369400,24.551843643188477
1998-08-03,38.6875,38.6875,37.8125,37.875,5944200,23.95879554748535
1998-08-04,37.875,38.375,36.75,36.875,6537200,23.32621955871582
1998-08-05,36.875,38,36.0625,36.5,6621700,23.08900260925293
1998-08-06,36.5,37.1875,36.0625,37.0625,5701300,23.4448299407959
1998-08-07,37.0625,39.4375,36.8125,39.25,12764300,24.828584671020508
1998-08-10,39.25,39.375,38.25,39.25,5927300,24.828584671020508
1998-08-11,38.5,38.5,37.25,38,5340100,24.037866592407227
1998-08-12,38,38.875,37.6875,38.875,5168100,24.682313919067383
1998-08-13,38.75,38.75,37.125,37.1875,5264100,23.61089515686035
1998-08-14,37.1875,37.75,36.3125,36.8125,4811200,23.372800827026367
1998-08-17,36.8125,37.125,36.0625,36.9375,3425800,23.45216178894043
1998-08-18,37,37.9375,37,37.5625,3628100,23.848983764648438
1998-08-19,37.5625,37.75,36.5625,36.75,3916300,23.333114624023438
1998-08-20,36.625,36.625,36.0625,36.3125,4070500,23.055334091186523
1998-08-21,36.3125,36.4375,35.8125,36.375,3533800,23.09502410888672
1998-08-24,36.375,36.8125,35.5,35.6875,4131800,22.658525466918945
1998-08-25,35.6875,36.375,35.125,35.375,4105300,22.460105895996094
1998-08-26,35.375,35.625,35,35.5,3528300,22.539472579956055
1998-08-27,35.4375,35.4375,34.25,35,4723800,22.22201919555664
1998-08-28,35,35.25,33.5,33.9375,4223500,21.547420501708984
1998-08-31,33.9375,34.1875,29,30.9375,6486200,19.642671585083008
1998-09-01,32.125,33.9375,32.125,33.0625,15698200,20.99186134338379
1998-09-02,33.5625,34.4375,33.5625,34,8434200,21.58710479736328
1998-09-03,34,34.5625,33.0625,34.5625,6228900,21.944238662719727
1998-09-04,34.5625,35,33.8125,33.9375,3880800,21.547420501708984
1998-09-08,35.5,37.75,35.5,36.1875,4994100,22.975982666015625
1998-09-09,36.1875,36.1875,35.0625,35.25,4004300,22.3807373046875
1998-09-10,34.5625,34.5625,33.625,33.875,4718300,21.507728576660156
1998-09-11,33.875,34.0625,33.5625,34,4035200,21.58710479736328
1998-09-14,34.0625,34.75,34.0625,34.375,3756900,21.825197219848633
1998-09-15,34.375,34.9375,34.125,34.25,3785000,21.74582862854004
1998-09-16,34.25,34.6875,34,34.5,5677100,21.90455436706543
1998-09-17,34.375,34.375,33.5625,34.0625,3066700,21.626781463623047
1998-09-18,34.1875,34.625,34.1875,34.4375,3619000,21.864870071411133
1998-09-21,34.4375,34.75,33.875,34,3469000,21.58710479736328
1998-09-22,34,34.625,34,34.1875,3439900,21.706148147583008
1998-09-23,34.1875,34.6875,33.6875,33.8125,7053800,21.468055725097656
1998-09-24,33.8125,34.5,33.6875,34.5,3805200,21.90455436706543
1998-09-25,34.5,34.9375,34.125,34.6875,2180000,22.02359962463379
1998-09-28,34.75,35.375,34.75,34.9375,3180000,22.182327270507812
1998-09-29,34.9375,35.9375,34.75,35.5625,2519100,22.579166412353516
1998-09-30,35.5625,36.25,34.3125,34.3125,3869700,21.7855167388916
1998-10-01,34.3125,34.3125,32.25,32.3125,4304000,20.51567840576172
1998-10-02,32.3125,32.9375,31.75,32.5625,4589900,20.674415588378906
1998-10-05,32.5625,33.5,31.5625,33.25,3027100,21.11091423034668
1998-10-06,33.25,33.5,32.625,32.9375,2942400,20.912494659423828
1998-10-07,32.9375,33,31.375,32.125,3290600,20.396636962890625
1998-10-08,31.8125,31.8125,29.5,30.875,5766100,19.602994918823242
1998-10-09,31.1875,32.125,31.1875,32,3823000,20.31727409362793
1998-10-12,32.75,33.4375,32.75,33.125,3521000,21.03154182434082
1998-10-13,33.125,33.5,32.9375,33.375,3637000,21.19027328491211
1998-10-14,33.375,34,33.1875,33.5,2980200,21.26964569091797
1998-10-15,33.5,34.375,32.5,33.9375,2764000,21.547420501708984
1998-10-16,33.9375,34.875,31.75,32.25,5088500,20.475997924804688
1998-10-19,32.5625,34.5625,32.5625,34.4375,4619200,21.864870071411133
1998-10-20,34.8125,36.3125,34.8125,35.9375,5357700,22.817245483398438
1998-10-21,35.9375,36.375,35.0625,36,3382900,22.8569278717041
1998-10-22,36,37.5,36,36.4375,5217900,23.134700775146484
1998-10-23,36.4375,36.8125,35.1875,35.6875,3504900,22.658525466918945
1998-10-26,35.6875,36,35.0625,35.125,2241000,22.301374435424805
1998-10-27,35.1875,35.8125,35.1875,35.5,2404200,22.539472579956055
1998-10-28,35.5625,36.5,35.5625,35.9375,3326400,22.817245483398438
1998-10-29,35.9375,36.5,35.1875,36.25,2882000,23.015666961669922
1998-10-30,36.4375,37.875,36.4375,37.5625,4298400,23.848983764648438
1998-11-02,37.8125,41.375,37.8125,41.3125,7983400,26.229917526245117
1998-11-03,41.3125,41.8125,40.125,41.3125,5115500,26.229917526245117
1998-11-04,41.3125,42.4375,40.375,40.9375,5144800,25.991825103759766
1998-11-05,40.9375,41.25,39.3125,40.9375,5554700,25.991825103759766
1998-11-06,40.9375,42.25,40.4375,41.875,4334300,26.58705711364746
1998-11-09,41.875,42.75,41.3125,42.5625,3803100,27.0235595703125
1998-11-10,42.25,42.25,41.1875,41.1875,4064800,26.23685646057129
1998-11-11,41.3125,41.875,41.3125,41.5,3042800,26.435914993286133
1998-11-12,41.5,41.875,41,41.4375,2596500,26.396108627319336
1998-11-13,41.4375,42.375,41.3125,42.125,2912900,26.834033966064453
1998-11-16,42.125,42.75,42.125,42.75,3570000,27.232173919677734
1998-11-17,42.75,42.9375,42.1875,42.75,3992000,27.232173919677734
1998-11-18,42.75,42.8125,42.0625,42.8125,3023200,27.271991729736328
1998-11-19,42.8125,43.1875,42.5625,43.125,2735200,27.4710636138916
1998-11-20,43.125,43.5625,43.125,43.5625,2974900,27.749755859375
1998-11-23,43.5625,44,43.1875,43.8125,3508300,27.909000396728516
1998-11-24,43.75,43.75,42.25,42.25,2975800,26.913671493530273
1998-11-25,42.25,42.8125,41.0625,42.75,2578600,27.232173919677734
1998-11-27,42,42,41.1875,41.4375,1660000,26.396108627319336
1998-11-30,41.25,41.25,40.0625,40.625,3757300,25.878541946411133
1998-12-01,40.625,40.6875,39.5,40.375,3711900,25.719280242919922
1998-12-02,34.875,34.875,32.5,33.6875,36727200,21.45927619934082
1998-12-03,33.6875,33.8125,31.5,31.875,17352300,20.3046932220459
1998-12-04,32.25,33.375,32.25,32.9375,9623900,20.981517791748047
1998-12-07,33.25,34.875,33.25,34.75,8053700,22.1361026763916
1998-12-08,34.75,34.75,34.0625,34.4375,6137200,21.93703842163086
1998-12-09,34.4375,34.9375,34,34.5625,5614600,22.016664505004883
1998-12-10,34.5625,34.625,34,34.0625,4428600,21.698152542114258
1998-12-11,34.0625,34.1875,33,33.125,5135400,21.100954055786133
1998-12-14,33.125,34.4375,33.0625,33.5625,5463800,21.3796443939209
1998-12-15,33.5625,34.125,32.6875,33.3125,4951800,21.220394134521484
1998-12-16,33,33,31.875,32.125,6401100,20.46394920349121
1998-12-17,32.125,32.6875,31.625,31.9375,5301800,20.344507217407227
1998-12-18,31.9375,31.9375,31.5,31.75,5111600,20.22507095336914
1998-12-21,31.75,32.1875,31.625,31.8125,5886500,20.264881134033203
1998-12-22,31.8125,32.0625,31.5625,31.8125,5419800,20.264881134033203
1998-12-23,31.8125,32.125,31.5625,31.875,4874000,20.3046932220459
1998-12-24,31.875,32.9375,31.75,32.25,2798700,20.543575286865234
1998-12-28,32.25,32.5,32.0625,32.5,4957900,20.70281410217285
1998-12-29,32.375,32.375,32,32.0625,4290500,20.42413330078125
1998-12-30,32.0625,32.0625,31,31.8125,4284700,20.264881134033203
1998-12-31,31.8125,33.125,31.625,32.625,7343500,20.782447814941406
1999-01-04,32.8125,33.5625,32.8125,32.9375,6610200,20.981517791748047
1999-01-05,33.5,35.375,33.5,35.25,8202900,22.45460319519043
1999-01-06,35.75,36.5,35.75,36.0625,8631400,22.97218132019043
1999-01-07,35.9375,35.9375,35.125,35.8125,4039000,22.81291961669922
1999-01-08,35.8125,36.75,35.5625,35.8125,4381200,22.81291961669922
1999-01-11,35.8125,35.875,34.875,35.125,3920800,22.374969482421875
1999-01-12,34.875,34.875,34,34.0625,3577500,21.698152542114258
1999-01-13,34.0625,34.375,32.8125,33.6875,3922300,21.45927619934082
1999-01-14,33.6875,34,33.25,33.5,3127700,21.339828491210938
1999-01-15,33.5,33.8125,33.3125,33.6875,2754300,21.45927619934082
1999-01-19,33.6875,33.9375,32.5625,33.4375,3834400,21.300018310546875
1999-01-20,33.4375,34.625,32.75,34.25,4558800,21.817590713500977
1999-01-21,34.25,34.75,33.1875,33.375,3757300,21.260210037231445
1999-01-22,33.375,34.6875,32.75,34.5,4964300,21.976844787597656
1999-01-25,34.8125,36.125,34.8125,36,6318000,22.93235969543457
1999-01-26,36,36.4375,34.75,35,6950800,22.29535484313965
1999-01-27,35,36,35,35.125,5216600,22.374969482421875
1999-01-28,35.125,35.5625,34.625,34.625,2576800,22.056480407714844
1999-01-29,34.625,34.875,34.25,34.6875,2368500,22.096275329589844
1999-02-01,34.6875,34.9375,33.9375,34.0625,3267600,21.698152542114258
1999-02-02,34.0625,34.5625,33.75,34.1875,2638100,21.777782440185547
1999-02-03,34.25,37.1875,34.25,36.8125,7444400,23.449928283691406
1999-02-04,36.8125,37.6875,36.5,36.5,5900900,23.250869750976562
1999-02-05,36.875,37.5,36.875,37.25,2931200,23.72861671447754
1999-02-08,37.25,37.375,36,36.375,2550200,23.25864601135254
1999-02-09,36.3125,36.3125,35.5,35.5,2132600,22.69916534423828
1999-02-10,35.5,35.875,35,35.625,4483100,22.779090881347656
1999-02-11,35.625,36.5,35.25,35.875,1681100,22.938949584960938
1999-02-12,35.875,36.1875,35.1875,35.5625,2320100,22.739131927490234
1999-02-16,35.5625,36.6875,35.5,35.8125,3024800,22.898983001708984
1999-02-17,35.8125,36.25,35.5,35.5625,2870900,22.739131927490234
1999-02-18,35.5625,36.125,35.25,35.875,2394500,22.938949584960938
1999-02-19,35.875,36.0625,35.5625,35.6875,2243100,22.819059371948242
1999-02-22,35.6875,36.6875,35.140625,36.25,2944500,23.178728103637695
1999-02-23,36.25,37.5,35.5625,37.375,4848100,23.8980655670166
1999-02-24,37.1875,37.1875,35.5625,35.625,4485800,22.779090881347656
1999-02-25,35.5625,35.5625,34.4375,35,3901000,22.379465103149414
1999-02-26,35.125,36,35.125,35.625,3333500,22.779090881347656
1999-03-01,35.5,35.5,34.875,35.5,2647600,22.69916534423828
1999-03-02,35.5,35.5,34.4375,34.5625,2648000,22.099721908569336
1999-03-03,34.375,34.375,33.5,33.9375,4001000,21.700075149536133
1999-03-04,33.9375,35.25,33.875,34.875,3594100,22.299535751342773
1999-03-05,35,36,35,35.5625,3217900,22.739131927490234
1999-03-08,35.5625,35.625,34.375,34.8125,2604800,22.259580612182617
1999-03-09,34.625,34.625,33.875,33.9375,3509600,21.700075149536133
1999-03-10,33.9375,34.25,33.8125,34.1875,2399400,21.859941482543945
1999-03-11,34.1875,34.75,33.75,34.5625,3246900,22.099721908569336
1999-03-12,34.5625,35.25,34.5,35.125,2731800,22.459379196166992
1999-03-15,35.125,35.5,34.6875,34.6875,2655400,22.179636001586914
1999-03-16,35.0625,36.5625,35.0625,36.25,4115900,23.178728103637695
1999-03-17,36.25,36.3125,35.3125,35.75,4277800,22.85902976989746
1999-03-18,35.625,35.625,34.875,35.125,3498500,22.459379196166992
1999-03-19,35.125,35.3125,34,34,6185100,21.74004554748535
1999-03-22,34.1875,35.125,34.1875,34.875,3631000,22.299535751342773
1999-03-23,34.75,34.75,34.0625,34.125,3522300,21.81997299194336
1999-03-24,34.125,34.8125,34,34.3125,3438300,21.93986701965332
1999-03-25,34.375,35,34.375,34.625,3146600,22.139686584472656
1999-03-26,34.625,34.9375,34.1875,34.8125,2760100,22.259580612182617
1999-03-29,34.8125,35.25,34.6875,34.75,2245200,22.21961212158203
1999-03-30,34.5,34.5,33.875,34,3222600,21.74004554748535
1999-03-31,34,34.6875,33.9375,34,3245300,21.74004554748535
1999-04-01,34,35,33.5,33.9375,2276200,21.700075149536133
1999-04-05,33.9375,34.75,33.875,34.3125,2878700,21.93986701965332
1999-04-06,34.3125,34.6875,34,34.375,2733900,21.979829788208008
1999-04-07,34.5,34.9375,34.5,34.875,3305400,22.299535751342773
1999-04-08,34.875,34.9375,34.25,34.625,3048500,22.139686584472656
1999-04-09,34.75,35.4375,34.75,35.0625,2752500,22.41942024230957
1999-04-12,35.0625,35.0625,34.4375,34.8125,3527000,22.259580612182617
1999-04-13,34.8125,35.375,34.4375,34.625,3715300,22.139686584472656
1999-04-14,35.25,39.25,35.25,38,10998300,24.297704696655273
1999-04-15,39.3125,43,39.3125,41.6875,18320800,26.655540466308594
1999-04-16,41.6875,41.6875,39.25,39.625,10934000,25.336746215820312
1999-04-19,39.625,41.25,39.375,39.5625,9097900,25.29677391052246
1999-04-20,39.5625,39.75,39.1875,39.25,4087700,25.09696388244629
1999-04-21,39.375,40.5625,39.375,40.375,3753400,25.81631088256836
1999-04-22,40.375,40.5,39.625,40.3125,2870300,25.77635383605957
1999-04-23,40.3125,40.6875,40.0625,40.5,2200700,25.896236419677734
1999-04-26,40.375,40.375,39.375,39.5625,2128100,25.29677391052246
1999-04-27,39.5625,39.625,38.8125,39.375,2465300,25.17688751220703
1999-04-28,39.375,40.875,39.375,40.5,4730700,25.896236419677734
1999-04-29,40.5,41.875,40.25,40.375,4436000,25.81631088256836
1999-04-30,40.625,41.625,40.625,40.625,2890500,25.976171493530273
1999-05-03,40.625,43.1875,40.5,43,4344100,27.49475860595703
1999-05-04,43,44.5,42.5625,43.125,5772100,27.5747013092041
1999-05-05,43.125,44.25,42.75,44.125,3084600,28.21410369873047
1999-05-06,44.125,45.1875,43.375,44.9375,6133100,28.733619689941406
1999-05-07,44.9375,45.875,44.75,45.75,4543600,29.25315284729004
1999-05-10,45.75,45.8125,43.75,44.0625,2506800,28.174163818359375
1999-05-11,44.0625,44.25,42.5,43.4375,2359100,27.774503707885742
1999-05-12,43,43,41,42.5625,2263400,27.30300521850586
1999-05-13,42.5625,43.375,42.375,42.8125,2145900,27.463390350341797
1999-05-14,42.8125,43.125,41.5,43,3257800,27.58366584777832
1999-05-17,43,43,41.875,42.5,2160000,27.262922286987305
1999-05-18,42.8125,43.9375,42.8125,43.6875,3331600,28.024690628051758
1999-05-19,43.6875,44.75,43.5625,44.375,3445500,28.465707778930664
1999-05-20,44.375,45,44.0625,44.625,2910200,28.626081466674805
1999-05-21,44.8125,45.25,44.8125,44.9375,2507800,28.826534271240234
1999-05-24,44.9375,45.8125,44.375,44.375,3034600,28.465707778930664
1999-05-25,44.375,44.5625,43,43.0625,2982400,27.623754501342773
1999-05-26,43.0625,43.4375,40,41.3125,5324100,26.501161575317383
1999-05-27,41.3125,42.875,40.8125,41.3125,3520100,26.501161575317383
1999-05-28,41.3125,42.4375,41.125,42.0625,1747600,26.982280731201172
1999-06-01,42.0625,42.875,41.25,42.625,2074200,27.34311294555664
1999-06-02,42.625,42.9375,41.8125,42.1875,1525400,27.06247329711914
1999-06-03,42.1875,43.375,42.0625,42.5625,1916500,27.30300521850586
1999-06-04,42.75,43.9375,42.75,43.9375,2454900,28.18505096435547
1999-06-07,43.875,43.875,42.9375,43.75,2749300,28.064767837524414
1999-06-08,43.75,43.875,43.0625,43.8125,2777100,28.10487174987793
1999-06-09,43.4375,43.4375,42,42.25,2578800,27.102563858032227
1999-06-10,42.25,42.8125,41.3125,42.8125,1921500,27.463390350341797
1999-06-11,42.8125,42.9375,41.9375,42.625,2130500,27.34311294555664
1999-06-14,42.25,42.25,40.8125,41.8125,2621700,26.8218994140625
1999-06-15,42,43.375,42,42.5625,2431000,27.30300521850586
1999-06-16,42.5625,43.125,42.4375,42.75,1773700,27.423282623291016
1999-06-17,43.0625,43.75,43.0625,43.625,2481300,27.984600067138672
1999-06-18,43.8125,44.75,43.8125,44.625,4107200,28.626081466674805
1999-06-21,44.0625,44.0625,42.5625,43,3266400,27.58366584777832
1999-06-22,43,43.4375,42.375,43.25,1993300,27.744047164916992
1999-06-23,42.6875,42.6875,41.8125,42.6875,1858600,27.383197784423828
1999-06-24,42.6875,42.8125,41.8125,42.8125,2579900,27.463390350341797
1999-06-25,42.8125,44.625,42.5,43.5625,3707400,27.944509506225586
1999-06-28,43.5625,44.375,43.1875,43.25,3410400,27.744047164916992
1999-06-29,43.25,44,42.9375,43.8125,2303800,28.10487174987793
1999-06-30,43.8125,44.1875,42.5,44,2761600,28.225139617919922
1999-07-01,44,44.1875,43.25,44.0625,2541000,28.265241622924805
1999-07-02,44.0625,44.0625,43.5625,44.0625,1072400,28.265241622924805
1999-07-06,43.375,43.375,42.6875,43.375,1888700,27.824222564697266
1999-07-07,43.375,43.625,42.25,43.625,2184900,27.984600067138672
1999-07-08,43.625,44.9375,43.1875,44.375,3406800,28.465707778930664
1999-07-09,44.375,44.8125,44.25,44.5625,2632300,28.585973739624023
1999-07-12,44.5625,44.75,43.8125,44.6875,2061400,28.66617202758789
1999-07-13,44.6875,46.4375,44.3125,46.3125,5483800,29.708566665649414
1999-07-14,46.375,48.5,46.375,47.625,7032000,30.55051612854004
1999-07-15,47.625,48.4375,46.625,46.75,5803500,29.989219665527344
1999-07-16,46.75,47.375,45.875,46,4722100,29.508098602294922
1999-07-19,46,46.4375,45.0625,45.4375,3454800,29.14728355407715
1999-07-20,45.4375,45.75,44.75,45.25,3279700,29.02700424194336
1999-07-21,45.25,45.6875,44.75,44.875,1773800,28.786439895629883
1999-07-22,44.875,46.8125,44.3125,45.875,3213300,29.42792510986328
1999-07-23,45.9375,46.8125,45.9375,46.625,2103400,29.909032821655273
1999-07-26,46.25,46.25,45.1875,45.25,2273000,29.02700424194336
1999-07-27,45.25,46.25,44.9375,46.25,2187100,29.66849708557129
1999-07-28,46.25,46.5625,46.0625,46.4375,1894400,29.78875160217285
1999-07-29,46,46,44.875,45.25,1787700,29.02700424194336
1999-07-30,45.25,45.375,44.4375,45.375,3200300,29.1071834564209
1999-08-02,45.375,46.5,45,45.8125,2641100,29.387853622436523
1999-08-03,46,47.0625,46,47.0625,2854000,30.1896915435791
1999-08-04,47.0625,47.125,46.4375,46.625,3130700,29.909032821655273
1999-08-05,46.625,46.75,45.6875,46.25,2900500,29.66849708557129
1999-08-06,46.25,46.875,45.75,46.5625,1766700,29.86894989013672
1999-08-09,46.5625,46.8125,46.25,46.6875,1450100,29.949132919311523
1999-08-10,46.375,46.375,45.75,46.0625,2320900,29.54819107055664
1999-08-11,46.0625,46.3125,45.8125,46.046875,2132400,29.628223419189453
1999-08-12,46.046875,46.25,45.5625,45.75,1326400,29.43720054626465
1999-08-13,45.6875,45.6875,45.1875,45.375,2446600,29.1959171295166
1999-08-16,45.375,46.125,45.1875,46.125,1628800,29.678489685058594
1999-08-17,46.125,46.5,46.0625,46.5,1918900,29.919782638549805
1999-08-18,46.25,46.25,45.8125,46.125,1646600,29.678489685058594
1999-08-19,45.75,45.75,45.125,45.1875,2043600,29.07527732849121
1999-08-20,45.1875,45.875,45.0625,45.75,2239900,29.43720054626465
1999-08-23,45.875,46.3125,45.875,45.9375,1896800,29.557846069335938
1999-08-24,45.9375,46.375,44.75,45.125,3204500,29.03506088256836
1999-08-25,44.875,44.875,43.9375,44.3125,4394600,28.512271881103516
1999-08-26,44.3125,44.4375,43.625,44.375,2004700,28.5524959564209
1999-08-27,44.3125,44.3125,43.6875,43.8125,1788900,28.190547943115234
1999-08-30,44.4375,46,44.4375,44.75,3727800,28.793771743774414
1999-08-31,44.75,45.375,44.3125,45.3125,3323700,29.15568733215332
1999-09-01,45.3125,45.5,44.75,45,3900600,28.95464515686035
1999-09-02,45,45,44.125,44.9375,2686500,28.914411544799805
1999-09-03,45.1875,45.625,45.1875,45.4375,2191300,29.23614501953125
1999-09-07,45.4375,45.625,44.875,44.9375,1906600,28.914411544799805
1999-09-08,44.8125,44.8125,44.3125,44.5625,2095200,28.673126220703125
1999-09-09,44.5625,45.25,44.375,45.125,2109000,29.03506088256836
1999-09-10,45.125,45.75,44.875,45.25,1724900,29.115497589111328
1999-09-13,45,45,44.625,44.8125,2270700,28.833986282348633
1999-09-14,44.8125,44.8125,44.375,44.5625,1697600,28.673126220703125
1999-09-15,44.5625,45.0625,44.1875,44.4375,1955200,28.592697143554688
1999-09-16,44.4375,44.625,43.625,43.9375,2291800,28.27097511291504
1999-09-17,43.9375,44.25,43.625,43.625,3014000,28.069915771484375
1999-09-20,43.625,43.625,42.75,42.875,2683500,27.587339401245117
1999-09-21,42.875,43.125,42.5625,42.75,2523000,27.50688362121582
1999-09-22,42.875,43.9375,42.875,43.5,2453900,27.989473342895508
1999-09-23,43.5,43.5,42.5625,42.75,2721300,27.50688362121582
1999-09-24,42.5625,42.5625,41.0625,42.0625,3349900,27.064542770385742
1999-09-27,42.0625,42.3125,41.625,41.6875,2005600,26.82324981689453
1999-09-28,41.6875,42.0625,41.4375,41.875,2279700,26.94390296936035
1999-09-29,41.875,42.8125,41.5625,42.1875,2497300,27.144973754882812
1999-09-30,42.25,43.3125,42.25,42.625,1998000,27.426471710205078
1999-10-01,42.6875,43.1875,42.6875,42.875,1564400,27.587339401245117
1999-10-04,43.0625,44.0625,43.0625,43.6875,1687400,28.110126495361328
1999-10-05,43.6875,44.125,43.3125,43.8125,1894500,28.190547943115234
1999-10-06,43.8125,44,43.3125,43.4375,2536000,27.949268341064453
1999-10-07,43.25,43.25,42.0625,42.75,2624500,27.50688362121582
1999-10-08,42.75,42.9375,41.9375,42,1532300,27.024328231811523
1999-10-11,42,42.75,41.75,41.9375,2612000,26.984098434448242
1999-10-12,41.875,41.875,39.125,39.625,3953000,25.496164321899414
1999-10-13,39.625,41.1875,39.625,40.5,4278700,26.059175491333008
1999-10-14,41.4375,44.375,41.4375,43.625,7686800,28.069915771484375
1999-10-15,43.625,43.625,41.25,42.5,6747700,27.346033096313477
1999-10-18,42.5,42.875,41.625,42.125,3713100,27.10474395751953
1999-10-19,42.5,43,42.5,42.75,3785500,27.50688362121582
1999-10-20,42.75,44.4375,42.5,44.125,3345500,28.391620635986328
1999-10-21,44.125,44.9375,43.6875,44.6875,3385200,28.753564834594727
1999-10-22,44.6875,45.4375,44.625,44.625,2850300,28.71335792541504
1999-10-25,44.625,45.1875,44.0625,44.1875,2276000,28.431852340698242
1999-10-26,44.1875,45.25,44.1875,44.875,2340300,28.874197006225586
1999-10-27,44.875,45.1875,44.75,44.875,2375700,28.874197006225586
1999-10-28,45.3125,46.25,45.3125,45.75,4077500,29.43720054626465
1999-10-29,45.875,46.4375,45.875,46.0625,3389200,29.638269424438477
1999-11-01,44.9375,44.9375,43.875,44.625,6052600,28.71335792541504
1999-11-02,43.6875,43.6875,42.375,43.375,6561200,27.909048080444336
1999-11-03,43.375,44.125,42.25,43.25,5700800,27.828624725341797
1999-11-04,43.25,43.9375,43.0625,43.375,2729000,27.909048080444336
1999-11-05,44.0625,44.9375,44.0625,44.3125,3640900,28.512271881103516
1999-11-08,44.3125,44.875,43.75,44.1875,2888200,28.431852340698242
1999-11-09,44.1875,44.3125,41.125,41.4375,6795300,26.74713134765625
1999-11-10,41.4375,42.3125,40.9375,41.75,5828600,26.948841094970703
1999-11-11,41.75,41.9375,41.125,41.125,3360400,26.54543113708496
1999-11-12,41.125,41.4375,40.8125,41.3125,3694000,26.66644859313965
1999-11-15,40.875,40.875,39.8125,40.125,5245900,25.899930953979492
1999-11-16,40.1875,41.625,40.1875,41.375,4393600,26.706790924072266
1999-11-17,41.375,42.75,41.25,42.5625,3386400,27.473289489746094
1999-11-18,42.75,43.5625,42.75,43,3236000,27.75570297241211
1999-11-19,43.125,44,43.125,43.6875,3257000,28.199464797973633
1999-11-22,43.5,43.5,41.6875,41.875,3352100,27.029539108276367
1999-11-23,41.875,41.9375,40.9375,41.6875,2808600,26.908510208129883
1999-11-24,41.4375,41.4375,40.6875,41.0625,2090000,26.50507164001465
1999-11-26,41.0625,41.125,40.75,41.0625,1069100,26.50507164001465
1999-11-29,41.0625,41.0625,40.25,40.875,2237400,26.384057998657227
1999-11-30,40.875,41.1875,40.375,40.625,3112900,26.222684860229492
1999-12-01,40.625,42.125,40.4375,41.5,3386600,26.787473678588867
1999-12-02,41.5,41.5625,39.875,40.125,3239800,25.899930953979492
1999-12-03,40.125,40.375,39.625,40.375,3823100,26.061315536499023
1999-12-06,40.0625,40.0625,38.4375,38.5625,4131400,24.891374588012695
1999-12-07,38.5625,38.6875,37.875,37.9375,3469300,24.487953186035156
1999-12-08,37.9375,38,37.0625,37.25,5503200,24.044179916381836
1999-12-09,37.375,39.5625,37.375,37.8125,6141500,24.407264709472656
1999-12-10,38.0625,39.625,38.0625,39.125,3690000,25.254444122314453
1999-12-13,39.0625,39.0625,38,38.1875,3816100,24.649322509765625
1999-12-14,38.1875,38.5625,37.25,38.5,4790000,24.851024627685547
1999-12-15,38.6875,40.5625,38.6875,38.75,6212300,25.012407302856445
1999-12-16,38.75,39.8125,38.625,39.6875,4341800,25.61754035949707
1999-12-17,39.6875,40,38.1875,38.3125,5959200,24.730003356933594
1999-12-20,38.3125,39.25,37.875,38.40625,3186300,24.790510177612305
1999-12-21,38.40625,38.9375,38.25,38.6875,3435900,24.97205924987793
1999-12-22,38.875,39.9375,38.875,39.375,3719100,25.415821075439453
1999-12-23,40.25,41.3125,40.25,41.1875,4027700,26.585756301879883
1999-12-27,41.1875,41.9375,41,41.4375,2722100,26.74713134765625
1999-12-28,41.375,41.375,40.8125,41.3125,1631900,26.66644859313965
1999-12-29,41.3125,41.5,40.9375,41,1981200,26.46474266052246
1999-12-30,41,41.625,40.9375,41.25,1934600,26.626115798950195
1999-12-31,41.25,41.625,41.0625,41.4375,1111200,26.74713134765625
2000-01-03,41.4375,41.6875,39.8125,40.1875,2638200,25.940303802490234
2000-01-04,40.1875,41.125,39.75,40.125,3592100,25.899930953979492
2000-01-05,41.375,43.3125,41.375,42.625,7631700,27.513643264770508
2000-01-06,42.625,43.4375,41.125,43.0625,4922200,27.79604721069336
2000-01-07,43.6875,44.875,43.6875,44.3125,6008300,28.602903366088867
2000-01-10,44.3125,44.5,43.5,43.6875,2403500,28.199464797973633
2000-01-11,43.6875,43.9375,42.75,42.875,2450000,27.675025939941406
2000-01-12,42.875,44.1875,42.5,43.0625,2327800,27.79604721069336
2000-01-13,43.0625,43.375,42,42.375,3035100,27.35227394104004
2000-01-14,42.9375,44.25,42.9375,44,3834900,28.401165008544922
2000-01-18,44,45,43.125,45,5859800,29.046672821044922
2000-01-19,45.25,48.125,45.25,47.625,11463600,30.741050720214844
2000-01-20,47.625,47.875,45.75,46.5,8941100,30.014875411987305
2000-01-21,46.5,46.9375,45,45.6875,4392500,29.490428924560547
2000-01-24,45.6875,46.1875,43.625,44.3125,3306200,28.602903366088867
2000-01-25,44.75,46,44.75,45.6875,5057200,29.490428924560547
2000-01-26,45.6875,46.5,45,46.1875,3090100,29.813169479370117
2000-01-27,46.1875,46.875,44.875,45.0625,3339100,29.086999893188477
2000-01-28,45.0625,45.625,44.5,44.625,2288100,28.804607391357422
2000-01-31,44.5625,44.5625,43.9375,44.5,2411800,28.723920822143555
2000-02-01,44.1875,44.1875,43.3125,43.75,2675800,28.239797592163086
2000-02-02,43.75,45.1875,43.375,44.625,3295500,28.804607391357422
2000-02-03,44.625,45.0625,43.125,43.4375,2889100,28.038103103637695
2000-02-04,43.4375,44.1875,42.5625,44,2927200,28.401165008544922
2000-02-07,43.875,43.875,41.6875,41.8125,3029400,26.989187240600586
2000-02-08,41.8125,42.0625,40,41,5102700,26.46474266052246
2000-02-09,40.25,40.25,38.375,39,5525000,25.26003074645996
2000-02-10,39,40.1875,38.75,39.75,4060600,25.745798110961914
2000-02-11,39.75,40.375,39.125,39.875,3132800,25.826763153076172
2000-02-14,39.6875,39.6875,38.0625,38.25,2606300,24.77426528930664
2000-02-15,38.25,38.6875,37.375,38.5,3961300,24.936180114746094
2000-02-16,37.9375,37.9375,36.875,37.25,3423000,24.126558303833008
2000-02-17,37.25,37.875,36.5625,37.5,3400500,24.288490295410156
2000-02-18,37.5,37.5,35.875,36,5559500,23.316944122314453
2000-02-22,36,39.9375,35.875,38.875,4771400,25.179075241088867
2000-02-23,38.6875,38.6875,37.0625,37.125,3880800,24.04560089111328
2000-02-24,37,37,35.875,36.5625,4210800,23.681278228759766
2000-02-25,36.8125,38,36.8125,37.8125,3170600,24.490890502929688
2000-02-28,37.625,37.625,36.5625,37,3573300,23.96463966369629
2000-02-29,37,37.625,36.125,36.9375,3513100,23.924163818359375
2000-03-01,36.625,36.625,35.9375,36.3125,2838000,23.519350051879883
2000-03-02,36.3125,37.1875,35.375,35.9375,4058200,23.27646827697754
2000-03-03,35.9375,36.5,35.6875,35.9375,3884100,23.27646827697754
2000-03-06,35.9375,36.1875,35,35.125,2882000,22.750211715698242
2000-03-07,35.125,35.125,34.125,34.75,3565000,22.507333755493164
2000-03-08,34.1875,34.1875,33.375,33.375,4134600,21.61675453186035
2000-03-09,33.375,34.5,33.25,33.75,3236800,21.859630584716797
2000-03-10,33.75,33.9375,32.3125,32.375,5114300,20.96906089782715
2000-03-13,32.375,33.125,32,32.625,3422700,21.1309871673584
2000-03-14,32.625,33.8125,32.4375,33.0625,3727900,21.414350509643555
2000-03-15,33.0625,35.5,32.875,34.875,4859300,22.588293075561523
2000-03-16,34.875,35.9375,34.6875,35.625,4725200,23.07405662536621
2000-03-17,35.625,38.9375,35.375,38,15304900,24.612333297729492
2000-03-20,37.6875,37.6875,36.375,37,5786400,23.96463966369629
2000-03-21,37,37.4375,36.1875,36.5625,4165400,23.681278228759766
2000-03-22,36.5625,37.1875,35.75,36.25,3359600,23.478872299194336
2000-03-23,35.9375,35.9375,34.8125,35.125,4080400,22.750211715698242
2000-03-24,35.5,36.4375,35.5,36,5797500,23.316944122314453
2000-03-27,36.125,37.3125,36.125,37.125,2534000,24.04560089111328
2000-03-28,37.125,38.1875,36.875,38,5056400,24.612333297729492
2000-03-29,38,38.1875,37.3125,37.875,2731000,24.5313720703125
2000-03-30,37.875,38.9375,37.625,38.625,3311100,25.01714324951172
2000-03-31,38.625,38.8125,37.8125,37.8125,4640100,24.490890502929688
2000-04-03,37.75,37.75,37.0625,37.1875,3234700,24.086088180541992
2000-04-04,37.1875,38.25,36.5625,37.3125,4004200,24.167036056518555
2000-04-05,37.25,37.25,36,36.0625,2919900,23.3574275970459
2000-04-06,36.0625,36.4375,35.625,36.125,2970400,23.39791488647461
2000-04-07,36.125,36.3125,35.375,35.6875,2381600,23.114545822143555
2000-04-10,35.625,35.625,35,35.0625,2452600,22.70973777770996
2000-04-11,35.0625,36.375,35,35.6875,2251100,23.114545822143555
2000-04-12,35.875,38.375,35.875,37.625,4620200,24.36945343017578
2000-04-13,37.625,37.625,36.5,37,2916700,23.96463966369629
2000-04-14,36.75,36.75,34.75,35.375,3744900,22.912145614624023
2000-04-17,35.375,35.375,34.0625,35.3125,3761600,22.871658325195312
2000-04-18,35.0625,35.0625,34.3125,34.75,3379100,22.507333755493164
2000-04-19,35.5625,37.75,35.5625,37.25,5749000,24.126558303833008
2000-04-20,37.5,40.25,37.5,40.0625,8110700,25.94820213317871
2000-04-24,40.0625,41.25,37.5,37.875,10279700,24.5313720703125
2000-04-25,38.25,39.5625,38.25,39,5399600,25.26003074645996
2000-04-26,39,40.5625,39,39.9375,5338300,25.86724281311035
2000-04-27,39.9375,40.25,38.9375,39.8125,3176700,25.78627586364746
2000-04-28,39.8125,40.0625,38.9375,39.6875,1853600,25.705324172973633
2000-05-01,39.6875,40.1875,39,39.0625,2886100,25.300512313842773
2000-05-02,39.0625,39.0625,37.8125,37.9375,2552200,24.57185935974121
2000-05-03,37.9375,38.1875,36.8125,37.3125,3311300,24.167036056518555
2000-05-04,37.8125,39.3125,37.8125,38.1875,2981100,24.73377799987793
2000-05-05,38.1875,39.875,37.9375,39.5,2794900,25.583866119384766
2000-05-08,39.5,39.5,38.1875,38.25,3146400,24.77426528930664
2000-05-09,38.25,39.1875,38.125,38.3125,2567300,24.814735412597656
2000-05-10,37.9375,37.9375,36.5625,36.875,4880400,23.971271514892578
2000-05-11,37.0625,38.1875,37.0625,37.3125,2947200,24.255672454833984
2000-05-12,37.3125,37.625,37.0625,37.1875,2455200,24.17442512512207
2000-05-15,37.1875,37.5,36.4375,37.1875,2913500,24.17442512512207
2000-05-16,37.1875,37.875,36.75,37.375,3815700,24.296308517456055
2000-05-17,37.375,37.5,36.5625,37.375,2739800,24.296308517456055
2000-05-18,37.375,37.75,37.125,37.625,2050100,24.458829879760742
2000-05-19,37.375,37.375,36.25,36.9375,2193900,24.011911392211914
2000-05-22,36.9375,37.6875,36.25,36.5625,2984100,23.768123626708984
2000-05-23,36.625,37.9375,36.625,37.125,2851600,24.133792877197266
2000-05-24,37.1875,39,37.1875,38.875,4642600,25.271419525146484
2000-05-25,38.6875,38.6875,37.875,38.375,3027300,24.946378707885742
2000-05-26,38.375,38.9375,38,38.25,2102100,24.86512565612793
2000-05-30,38.5625,39.6875,38.5625,39.5625,2325300,25.71833610534668
2000-05-31,39.5625,39.625,39,39.0625,2198600,25.39330291748047
2000-06-01,39.3125,40.25,39.3125,40.25,2322800,26.16524314880371
2000-06-02,40.25,40.5625,39.5,39.875,3449500,25.921480178833008
2000-06-05,39.4375,39.4375,38.5625,38.9375,2478000,25.312047958374023
2000-06-06,39.0625,40.1875,39.0625,39.875,2945300,25.921480178833008
2000-06-07,39.875,40,38.5,38.5625,2843100,25.068265914916992
2000-06-08,38.5625,38.625,37.6875,38.1875,2481700,24.824491500854492
2000-06-09,38.625,39.6875,38.625,39.1875,2714200,25.474563598632812
2000-06-12,39.0625,39.0625,38.0625,38.125,1553800,24.783857345581055
2000-06-13,38.125,38.875,37.6875,38.8125,2599400,25.23077964782715
2000-06-14,38.8125,39.375,38.375,38.8125,2836500,25.23077964782715
2000-06-15,39.25,41,39.25,40.375,6346900,26.246522903442383
2000-06-16,40.375,40.375,38.8125,39.25,4919000,25.51519012451172
2000-06-19,39.25,39.5625,38.5625,39,3962300,25.352670669555664
2000-06-20,39,39.6875,38.3125,39.3125,2827400,25.555818557739258
2000-06-21,39.3125,40.125,39.0625,39.8125,2538000,25.880844116210938
2000-06-22,39.8125,39.9375,38.75,38.9375,2102400,25.312047958374023
2000-06-23,39.375,40.125,39.375,39.875,1984700,25.921480178833008
2000-06-26,39.875,40,39.5,39.75,2666600,25.840221405029297
2000-06-27,39.75,40.25,39.3125,40,2845500,26.002737045288086
2000-06-28,40.25,41.625,40.25,40.53125,3847800,26.34809684753418
2000-06-29,40.53125,41.5,40.5,40.9375,3364100,26.6121826171875
2000-06-30,41,42.25,41,41.8125,4823600,27.180980682373047
2000-07-03,41.8125,41.9375,41.4375,41.6875,1232300,27.099735260009766
2000-07-05,42.0625,43.375,42.0625,42.8125,4990900,27.831056594848633
2000-07-06,42.8125,43.1875,42.5625,43,3665200,27.95294189453125
2000-07-07,43.0625,44.0625,43.0625,43.75,4256800,28.440486907958984
2000-07-10,43.75,44,43,43,2834200,27.95294189453125
2000-07-11,43.0625,44.75,43.0625,44.3125,3815200,28.806175231933594
2000-07-12,44.3125,44.375,43.6875,43.875,2228800,28.521745681762695
2000-07-13,44.125,45,44.125,44.5625,3452700,28.96867561340332
2000-07-14,44.5625,45.125,44.3125,44.4375,3472100,28.887409210205078
2000-07-17,44.4375,44.4375,43.4375,43.96875,2497700,28.58269500732422
2000-07-18,43.96875,45.25,43.3125,45.125,4783100,29.334331512451172
2000-07-19,45.125,46.1875,44.0625,45.875,7490900,29.821897506713867
2000-07-20,45.875,46.25,45.1875,46.0625,5034000,29.943769454956055
2000-07-21,46.0625,47.3125,45.8125,46.8125,7622000,30.43133544921875
2000-07-24,46.8125,48.25,46.6875,48.125,5027400,31.284515380859375
2000-07-25,48.125,50.25,47.875,48.625,8836600,31.609582901000977
2000-07-26,48.625,49.4375,47.6875,48,5444400,31.203289031982422
2000-07-27,48.1875,49.4375,48.1875,48.25,3898500,31.365812301635742
2000-07-28,48.25,49.125,47.9375,48.8125,3930300,31.731460571289062
2000-07-31,48.8125,49.25,48.4375,48.8125,4481100,31.731460571289062
2000-08-01,48.8125,49.5,48.6875,48.6875,3226800,31.650211334228516
2000-08-02,48.875,49.9375,48.875,49.875,4383700,32.42216110229492
2000-08-03,49.875,49.9375,48.8125,49,3226900,31.853363037109375
2000-08-04,49,49.125,48.3125,49,2419800,31.853363037109375
2000-08-07,49,49.5,48.5,49.0625,2113900,31.893970489501953
2000-08-08,49.0625,49.1875,48.375,48.5625,3384000,31.56894874572754
2000-08-09,48.5625,48.625,47.125,47.75,4282500,31.13050651550293
2000-08-10,47.75,48.875,47.5625,48.875,2544700,31.86396598815918
2000-08-11,48.875,49.9375,48.5,49.625,3283700,32.35292053222656
2000-08-14,49.625,49.875,49.3125,49.5,2855800,32.27142333984375
2000-08-15,48.75,48.75,47.25,47.25,3963800,30.804542541503906
2000-08-16,46.875,46.875,45.875,46.1875,6353200,30.111848831176758
2000-08-17,46.125,46.125,45.75,45.875,2810800,29.908103942871094
2000-08-18,45.875,46.0625,45.3125,45.6875,4070600,29.785877227783203
2000-08-21,45.6875,48.25,45.5,47.75,4090800,31.13050651550293
2000-08-22,47.75,49.4375,47.625,49.3125,4683200,32.1491813659668
2000-08-23,49.3125,50.9375,48.875,50.5625,6971500,32.96411895751953
2000-08-24,50.5625,54,50.1875,53.625,10890300,34.9607048034668
2000-08-25,53.625,54.5,53.375,54.125,7671400,35.286678314208984
2000-08-28,54,54,52.9375,53.25,4972200,34.71623611450195
2000-08-29,53.125,53.125,52.25,52.3125,4000400,34.10502624511719
2000-08-30,52.3125,53,51.9375,52.5,3673400,34.22727584838867
2000-08-31,52.5,54.875,52.25,53.640625,3762800,34.97089767456055
2000-09-01,53.75,56.25,53.75,54.75,5092500,35.69413757324219
2000-09-05,54.75,56.25,54,55.4375,3704900,36.14236068725586
2000-09-06,55.5625,58.625,55.5625,57.8125,7974100,37.69072341918945
2000-09-07,57.8125,59.9375,57,58.5,10908200,38.138946533203125
2000-09-08,58.5,59,57.625,58.125,6699000,37.89448928833008
2000-09-11,58.125,59.4375,57.6875,58.625,4335700,38.2204475402832
2000-09-12,58.625,60.0625,58.125,59,5650100,38.46492385864258
2000-09-13,59,60.125,58.75,59.4375,4108800,38.75016784667969
2000-09-14,58.875,58.875,57.6875,58.375,4277100,38.057464599609375
2000-09-15,58.375,59.1875,56.75,56.875,5906200,37.079551696777344
2000-09-18,56.875,58.5625,56.625,56.9375,3178700,37.12030029296875
2000-09-19,56.9375,57.5625,56.25,56.75,4221300,36.998050689697266
2000-09-20,56.9375,60.0625,56.9375,59.0625,6389400,38.505680084228516
2000-09-21,59.25,60.6875,59.25,60,6181200,39.11687469482422
2000-09-22,60,64.3125,59,63.5,6837500,41.3986930847168
2000-09-25,63.5,64.3125,61.75,63.875,5343300,41.64318084716797
2000-09-26,63.875,66.9375,62.8125,66.0625,7072100,43.06931686401367
2000-09-27,66.0625,66.5,63.375,64.5625,7540100,42.09138488769531
2000-09-28,64.5625,65.375,63.625,64.5,6746600,42.05065155029297
2000-09-29,64.5,64.5,60.625,64.5,5010700,42.05065155029297
2000-10-02,61.25,61.25,57.25,58.4375,9280800,38.098209381103516
2000-10-03,59,60.3125,59,59.875,5017300,39.035396575927734
2000-10-04,59.875,62.4375,59.5,61.125,5019200,39.85031509399414
2000-10-05,61.125,63,60.25,61.0625,4121900,39.809574127197266
2000-10-06,61.0625,62.1875,60.5,61,3067100,39.768821716308594
2000-10-09,60.6875,60.6875,59.25,59.4375,2180100,38.75016784667969
2000-10-10,59.4375,60.125,59.0625,59.5625,2501200,38.83164978027344
2000-10-11,59.5625,61.25,58.8125,60.1875,2960800,39.239105224609375
2000-10-12,60.1875,60.3125,54,56.125,8935800,36.590572357177734
2000-10-13,56.125,60.3125,55.9375,58.75,4701200,38.30194091796875
2000-10-16,59.4375,61.0625,59.4375,60.1875,2649100,39.239105224609375
2000-10-17,60.1875,61.4375,58.625,60.5,2909800,39.44285583496094
2000-10-18,60.5,61.5,58.375,60.75,4731100,39.605838775634766
2000-10-19,60.75,61.1875,57.3125,58.4375,6481600,38.098209381103516
2000-10-20,58.4375,60.25,57.8125,60,3795000,39.11687469482422
2000-10-23,60.0625,62,60.0625,61.25,5692500,39.931819915771484
2000-10-24,61.25,61.9375,60.625,61,4174700,39.768821716308594
2000-10-25,61.125,63.9375,61.125,62.5625,5929900,40.78749465942383
2000-10-26,62.5625,63.625,61.875,63.0625,4459800,41.113460540771484
2000-10-27,63.0625,63.8125,63,63.75,2632700,41.561683654785156
2000-10-30,63.75,65.1875,63.6875,64.6875,4779200,42.17287826538086
2000-10-31,64.6875,67.875,64.0625,67.8125,4700800,44.21025085449219
2000-11-01,67.8125,67.8125,65.125,65.75,5589600,42.86558532714844
2000-11-02,65.75,67,63.8125,66.125,5114500,43.11005401611328
2000-11-03,66.125,66.75,65.5,66.0625,2743700,43.06931686401367
2000-11-06,66.0625,66.375,64,66.0625,3610300,43.06931686401367
2000-11-07,65.9375,65.9375,65.0625,65.1875,3030800,42.49884796142578
2000-11-08,65.1875,66.125,64.5,65,1600600,42.46782302856445
2000-11-09,65,65.9375,64.4375,65.6875,2060100,42.917015075683594
2000-11-10,65.6875,65.75,63.25,63.5,2847400,41.487796783447266
2000-11-13,63.5,63.625,61.9375,62.8125,2943400,41.03862380981445
2000-11-14,63.0625,64.8125,63.0625,64.375,3553800,42.059486389160156
2000-11-15,63.8125,63.8125,62.6875,63.5625,3139900,41.52865219116211
2000-11-16,63.5625,66.375,63.5625,65.8125,3557500,42.99867248535156
2000-11-17,65.8125,66.8125,65.0625,65.375,3529100,42.71282958984375
2000-11-20,65.375,66.5,65,65.5625,2503900,42.83534240722656
2000-11-21,65.5625,69.5,65.3125,68.625,5734000,44.836219787597656
2000-11-22,68.4375,68.4375,64.875,65.125,4296000,42.549503326416016
2000-11-24,65.5625,66.8125,65.5625,65.6875,1122400,42.917015075683594
2000-11-27,67,68,67,67.375,2781400,44.019554138183594
2000-11-28,67.375,68.1875,66.25,67.5,3248900,44.10121536254883
2000-11-29,67.5,70,66.1875,69.9375,6378700,45.6937370300293
2000-11-30,69.6875,69.6875,67.5625,69.0625,4248500,45.122074127197266
2000-12-01,68.6875,68.6875,65.1875,65.8125,4419900,42.99867248535156
2000-12-04,65.8125,65.8125,63.6875,64.8125,5211000,42.345314025878906
2000-12-05,64.8125,70.1875,64.5,68.9375,6336500,45.040382385253906
2000-12-06,68.9375,69.4375,66.8125,67.375,4597700,44.019554138183594
2000-12-07,67.375,68.125,66.8125,66.8125,2295400,43.65202331542969
2000-12-08,67.4375,70.9375,67.4375,69.9375,5179900,45.6937370300293
2000-12-11,69.9375,70.625,68.375,68.375,3801300,44.672882080078125
2000-12-12,68.375,70.4375,68.125,69.125,3167400,45.16292190551758
2000-12-13,69.125,69.8125,67.75,67.875,2366600,44.346195220947266
2000-12-14,67.875,68.9375,66.5,67.25,3369700,43.93787384033203
2000-12-15,66.6875,66.6875,64.75,64.875,6340900,42.38616180419922
2000-12-18,66,69.9375,66,68.5,4230000,44.75455856323242
2000-12-19,68.5,68.625,66.125,66.375,4316400,43.36618423461914
2000-12-20,66.375,66.4375,64.0625,65,4112700,42.46782302856445
2000-12-21,65,65,62.5625,64.625,4725400,42.22281265258789
2000-12-22,64.625,65,61.4375,63.4375,4071700,41.44696044921875
2000-12-26,63.4375,64.5,62.25,63,2366700,41.1611213684082
2000-12-27,63,64.875,62.25,64.0625,2725700,41.855308532714844
2000-12-28,64.0625,67,63.75,65.4375,2486100,42.7536735534668
2000-12-29,65.625,66.75,65.625,66,2554100,43.12118148803711
2001-01-02,65.3125,65.3125,60.5625,62,3762500,40.507774353027344
2001-01-03,62,63.75,59.1875,62.5625,6428600,40.87527847290039
2001-01-04,62.5625,64.1875,60.25,61,3868900,39.85441970825195
2001-01-05,61,61.5,58.125,58.75,4012600,38.38438034057617
2001-01-08,58.75,60.5,58.6875,59,3055100,38.54771041870117
2001-01-09,59,59,57.1875,58.9375,4372800,38.50687789916992
2001-01-10,58.9375,60.875,58.3125,60.375,3674200,39.44607162475586
2001-01-11,60.375,60.75,59,59.125,3385300,38.62939453125
2001-01-12,59.125,60.6875,58.5625,60.625,3161000,39.60942840576172
2001-01-16,60.625,61.625,59.5,61,3274400,39.85441970825195
2001-01-17,61,62.6875,58.25,58.75,6608400,38.38438034057617
2001-01-18,58,58,55.625,57.375,6047900,37.48603439331055
2001-01-19,57.375,57.4375,55.5,55.6875,4295900,36.383480072021484
2001-01-22,55.6875,56.875,55.6875,56,3605600,36.587669372558594
2001-01-23,56.1875,58,56.1875,57.5,4417400,37.56769561767578
2001-01-24,57.5,58,56.875,57.4375,2998400,37.5268669128418
2001-01-25,57.4375,59.6875,56.5,59.25,3684000,38.711055755615234
2001-01-26,59.25,59.6875,57.5,58.0625,2300200,37.93520736694336
2001-01-29,57.9900016784668,57.9900016784668,56.310001373291016,56.459999084472656,2364700,36.88819885253906
2001-01-30,56.459999084472656,56.59000015258789,54.560001373291016,56.150001525878906,3703800,36.6856689453125
2001-01-31,56.5,58.90999984741211,56.5,58.5,3614900,38.221031188964844
2001-02-01,58.5,58.5,56.060001373291016,56.52000045776367,4105500,36.92741012573242
2001-02-02,56.52000045776367,57.5,56.040000915527344,56.849998474121094,2121700,37.14301681518555
2001-02-05,56.849998474121094,58.040000915527344,56.41999816894531,57.93000030517578,2188100,37.848636627197266
2001-02-06,57.93000030517578,58.459999084472656,56.470001220703125,56.72999954223633,2367000,37.06460952758789
2001-02-07,56.72999954223633,57.88999938964844,56.650001525878906,57.45000076293945,2182900,37.64784240722656
2001-02-08,57.45000076293945,58.2599983215332,57.119998931884766,57.5099983215332,2802100,37.68715286254883
2001-02-09,57.5099983215332,58.16999816894531,56.779998779296875,57.34000015258789,2017300,37.57575988769531
2001-02-12,58.209999084472656,59.099998474121094,58.209999084472656,59.06999969482422,2875500,38.7094612121582
2001-02-13,59.09000015258789,61.380001068115234,59.09000015258789,60.720001220703125,4984900,39.79071807861328
2001-02-14,60.720001220703125,61.939998626708984,60.34000015258789,60.59000015258789,3697900,39.705543518066406
2001-02-15,60.59000015258789,60.7599983215332,58.84000015258789,60.150001525878906,2569700,39.41718673706055
2001-02-16,60.150001525878906,60.61000061035156,59.630001068115234,59.9900016784668,2934600,39.31234359741211
2001-02-20,60.150001525878906,62.79999923706055,60.150001525878906,61.849998474121094,3144600,40.531227111816406
2001-02-21,61.849998474121094,62.380001068115234,60.150001525878906,60.20000076293945,2299500,39.449951171875
2001-02-22,60.20000076293945,62.22999954223633,60.20000076293945,61.279998779296875,2767600,40.1577033996582
2001-02-23,61.279998779296875,61.75,60.54999923706055,61.61000061035156,2267000,40.373958587646484
2001-02-26,61.61000061035156,62.970001220703125,61.02000045776367,62.7599983215332,1854600,41.12755584716797
2001-02-27,62.7599983215332,63.900001525878906,62,63.70000076293945,2993000,41.74354934692383
2001-02-28,63.70000076293945,63.83000183105469,61.9900016784668,62.20000076293945,3053200,40.76058578491211
2001-03-01,61.86000061035156,61.86000061035156,58.599998474121094,59.650001525878906,4226100,39.08953857421875
2001-03-02,59.650001525878906,61.45000076293945,58.29999923706055,60.099998474121094,3796100,39.384437561035156
2001-03-05,60.099998474121094,62.150001525878906,59.880001068115234,61.90999984741211,2814700,40.5705451965332
2001-03-06,61.90999984741211,62.59000015258789,61.290000915527344,62.130001068115234,2783400,40.71472930908203
2001-03-07,62.130001068115234,64.20999908447266,61.869998931884766,64.0999984741211,3475800,42.00568771362305
2001-03-08,64.0999984741211,65.19999694824219,63.54999923706055,64.75,4227400,42.43164825439453
2001-03-09,64.75,65.5999984741211,64.19999694824219,65.5,2721500,42.923126220703125
2001-03-12,64.31999969482422,64.31999969482422,60.959999084472656,61,4324900,39.97421646118164
2001-03-13,61,62.9900016784668,60.060001373291016,60.56999969482422,4802100,39.69243240356445
2001-03-14,59.5099983215332,59.5099983215332,56.83000183105469,58.02000045776367,6086000,38.02136993408203
2001-03-15,58.02000045776367,58.02000045776367,55.5099983215332,56.099998474121094,5186800,36.76316833496094
2001-03-16,56.099998474121094,56.20000076293945,52.849998474121094,53.75,11244000,35.22318649291992
2001-03-19,53.75,56.25,53.75,56.02000045776367,6193500,36.71073532104492
2001-03-20,56.02000045776367,57.189998626708984,54.7599983215332,55,4360500,36.04231643676758
2001-03-21,55,55.400001525878906,53.20000076293945,53.849998474121094,3758400,35.28868865966797
2001-03-22,53.349998474121094,53.349998474121094,49.70000076293945,52,6703700,34.07637023925781
2001-03-23,52,53.439998626708984,51.599998474121094,53,4632500,34.73169708251953
2001-03-26,53.54999923706055,56.16999816894531,53.54999923706055,55.439998626708984,4780200,36.33064651489258
2001-03-27,55.439998626708984,56.2400016784668,54.25,55.20000076293945,3634800,36.173377990722656
2001-03-28,55.18000030517578,55.18000030517578,54,55,2861600,36.04231643676758
2001-03-29,55,56.29999923706055,54.25,55.95000076293945,2814300,36.66486358642578
2001-03-30,55.95000076293945,57.27000045776367,55.310001373291016,55.709999084472656,3742700,36.5075798034668
2001-04-02,55.709999084472656,56.599998474121094,54.529998779296875,55.02000045776367,3182600,36.055423736572266
2001-04-03,55.02000045776367,55.45000076293945,54.11000061035156,54.61000061035156,3337500,35.78676223754883
2001-04-04,54.61000061035156,55.20000076293945,53.91999816894531,54.630001068115234,2954700,35.79983901977539
2001-04-05,55.84000015258789,57.5,55.84000015258789,56.810001373291016,2704800,37.22844696044922
2001-04-06,56.650001525878906,56.650001525878906,55.31999969482422,55.97999954223633,2785500,36.68452072143555
2001-04-09,56,57.7400016784668,56,56.869998931884766,2549800,37.267757415771484
2001-04-10,57.83000183105469,60.189998626708984,57.83000183105469,59.81999969482422,4486300,39.200950622558594
2001-04-11,59.81999969482422,61,58.5,59.119998931884766,3980800,38.74221420288086
2001-04-12,59.119998931884766,60.5,58.619998931884766,60.5,1607300,39.64656066894531
2001-04-16,60.5,60.97999954223633,59.18000030517578,59.75,2145500,39.15507507324219
2001-04-17,59.75,60.599998474121094,59,60.599998474121094,2258600,39.71208190917969
2001-04-18,60.70000076293945,63.72999954223633,60.70000076293945,61.29999923706055,3078200,40.17080307006836
2001-04-19,61.29999923706055,61.619998931884766,59.54999923706055,60.630001068115234,3551000,39.731746673583984
2001-04-20,60.630001068115234,64.91000366210938,60.5,61.70000076293945,7352100,40.43291473388672
2001-04-23,61.279998779296875,61.279998779296875,59.61000061035156,60.13999938964844,4319900,39.41062927246094
2001-04-24,60.13999938964844,62.130001068115234,60,60.79999923706055,3094100,39.84314727783203
2001-04-25,60.40999984741211,60.40999984741211,59.900001525878906,60.34000015258789,3228400,39.54169845581055
2001-04-26,60.34000015258789,61.20000076293945,59.77000045776367,60.97999954223633,3036600,39.961097717285156
2001-04-27,60.97999954223633,61.79999923706055,60.84000015258789,61.61000061035156,2141800,40.373958587646484
2001-04-30,61.79999923706055,64.16000366210938,61.79999923706055,61.79999923706055,3112800,40.49845504760742
2001-05-01,62.70000076293945,64.4800033569336,62.70000076293945,63.43000030517578,4773800,41.566627502441406
2001-05-02,63.43000030517578,64.30000305175781,63.25,64,3346200,41.94015884399414
2001-05-03,64,64.19999694824219,62.709999084472656,64,2171400,41.94015884399414
2001-05-04,64,65,63,64.5,2391200,42.267822265625
2001-05-07,64.5,65.2699966430664,64.25,64.69000244140625,2149200,42.3923225402832
2001-05-08,64.69000244140625,65.19999694824219,64.30000305175781,64.62999725341797,2663200,42.35298538208008
2001-05-09,64.62999725341797,65.51000213623047,64,65,2575400,42.70779037475586
2001-05-10,65.16000366210938,66,65.16000366210938,65.94999694824219,2441900,43.33199691772461
2001-05-11,65.94999694824219,66.43000030517578,65.30000305175781,66.01000213623047,1659000,43.37141418457031
2001-05-14,66.01000213623047,66.75,65.87000274658203,66.73999786376953,1399700,43.8510627746582
2001-05-15,66.69999694824219,66.69999694824219,65.44000244140625,66.58999633789062,2684000,43.75250244140625
2001-05-16,66.58999633789062,66.75,65.6500015258789,66.75,3985800,43.857643127441406
2001-05-17,66.75,69.8499984741211,66.55999755859375,68.79000091552734,6050600,45.197998046875
2001-05-18,68.79000091552734,68.9000015258789,67.97000122070312,68.3499984741211,3360700,44.90891647338867
2001-05-21,68.3499984741211,68.75,67.87000274658203,68.69000244140625,1554800,45.13230895996094
2001-05-22,68.69000244140625,68.94999694824219,67.5,68,2812700,44.678932189941406
2001-05-23,67.6500015258789,67.6500015258789,66,66,3687500,43.36485290527344
2001-05-24,66,67.45999908447266,64.05000305175781,65.19999694824219,4253400,42.83921432495117
2001-05-25,64.9000015258789,64.9000015258789,62.900001525878906,63.33000183105469,3187800,41.61055374145508
2001-05-29,63.33000183105469,63.900001525878906,63.20000076293945,63.529998779296875,2271400,41.741947174072266
2001-05-30,63.529998779296875,63.95000076293945,62.79999923706055,63.04999923706055,3197700,41.426578521728516
2001-05-31,63.04999923706055,63.400001525878906,62.33000183105469,62.88999938964844,2653000,41.32145309448242
2001-06-01,62.900001525878906,65.56999969482422,62.900001525878906,65,3301500,42.70779037475586
2001-06-04,65,66.69999694824219,64.9000015258789,66.02999877929688,2465900,43.384552001953125
2001-06-05,66.69999694824219,67.55000305175781,66.69999694824219,66.93000030517578,3385500,43.975894927978516
2001-06-06,66.26000213623047,66.26000213623047,65.72000122070312,66.0999984741211,3493500,43.43056106567383
2001-06-07,66.05999755859375,66.05999755859375,65.12000274658203,65.6500015258789,2176200,43.134883880615234
2001-06-08,65.62000274658203,65.62000274658203,64.0999984741211,64.58999633789062,2250000,42.438411712646484
2001-06-11,64.58999633789062,64.75,63.66999816894531,64.5,1662300,42.379295349121094
2001-06-12,64.5,66.13999938964844,64.19999694824219,65.70999908447266,3116800,43.17430114746094
2001-06-13,65.70999908447266,66.48999786376953,65.4000015258789,65.48999786376953,2164000,43.02973937988281
2001-06-14,65.48999786376953,65.48999786376953,63.31999969482422,63.560001373291016,3756600,41.761653900146484
2001-06-15,63.720001220703125,64.51000213623047,63.720001220703125,64.25,5906700,42.21501159667969
2001-06-18,64.41000366210938,64.98999786376953,64.41000366210938,64.87999725341797,2425600,42.62895965576172
2001-06-19,64.87999725341797,64.87999725341797,61.540000915527344,61.79999923706055,4464100,40.605262756347656
2001-06-20,61.79999923706055,62.849998474121094,60.380001068115234,61.11000061035156,5950700,40.151893615722656
2001-06-21,60,60,56.70000076293945,57.75,9721900,37.94425582885742
2001-06-22,57.75,57.880001068115234,55.400001525878906,57,6131500,37.45146560668945
2001-06-25,57,57.779998779296875,56.38999938964844,56.959999084472656,5424700,37.4251708984375
2001-06-26,56.959999084472656,57.81999969482422,56.04999923706055,57.02000045776367,4629500,37.464595794677734
2001-06-27,57.02000045776367,58.040000915527344,56.880001068115234,57.70000076293945,3117600,37.91139602661133
2001-06-28,57.70000076293945,58.380001068115234,56.880001068115234,57.2400016784668,4013500,37.609153747558594
2001-06-29,56.88999938964844,57.5,55.58000183105469,55.599998474121094,4835800,36.531585693359375
2001-07-02,56.29999923706055,57.220001220703125,56.29999923706055,56.36000061035156,3333200,37.03095626831055
2001-07-03,56.36000061035156,57.060001373291016,56.150001525878906,56.33000183105469,2202600,37.0112419128418
2001-07-05,56.33000183105469,56.720001220703125,55.150001525878906,55.22999954223633,3141600,36.288482666015625
2001-07-06,55.22999954223633,55.47999954223633,53.77000045776367,54.29999923706055,4111300,35.67744064331055
2001-07-09,54.02000045776367,54.02000045776367,52.54999923706055,52.83000183105469,5602100,34.711578369140625
2001-07-10,53.189998626708984,54.619998931884766,53.189998626708984,54.150001525878906,4709600,35.57889175415039
2001-07-11,54.150001525878906,54.209999084472656,52.900001525878906,52.900001525878906,3300000,34.757591247558594
2001-07-12,53.2599983215332,54.790000915527344,53.2599983215332,54.5,3217800,35.80886459350586
2001-07-13,54.5,55.209999084472656,53.77000045776367,55.06999969482422,1639000,36.18336486816406
2001-07-16,55.06999969482422,55.38999938964844,54.08000183105469,55.279998779296875,1950800,36.32135009765625
2001-07-17,55.400001525878906,56.720001220703125,55.400001525878906,56.29999923706055,3848400,36.991519927978516
2001-07-18,56.29999923706055,57.599998474121094,55.04999923706055,57.130001068115234,5456400,37.536888122558594
2001-07-19,57.130001068115234,57.95000076293945,55.70000076293945,56.38999938964844,3427200,37.0506706237793
2001-07-20,56.38999938964844,57.150001525878906,56.27000045776367,56.790000915527344,1834100,37.31349563598633
2001-07-23,56.790000915527344,57.25,56.04999923706055,56.25,2123900,36.958675384521484
2001-07-24,56.25,56.599998474121094,55.189998626708984,55.2599983215332,2178000,36.30821228027344
2001-07-25,55.81999969482422,56.849998474121094,55.81999969482422,56.66999816894531,1590500,37.234642028808594
2001-07-26,56.66999816894531,58.18000030517578,56.52000045776367,58.11000061035156,2311300,38.1807861328125
2001-07-27,58.11000061035156,58.900001525878906,57.95000076293945,58.13999938964844,2612400,38.20047378540039
2001-07-30,58.63999938964844,58.900001525878906,57.400001525878906,57.400001525878906,2634300,37.71427917480469
2001-07-31,57.20000076293945,58.790000915527344,57.119998931884766,58.529998779296875,2661300,38.45672607421875
2001-08-01,58.650001525878906,59.34000015258789,58.52000045776367,59,2175100,38.765541076660156
2001-08-02,59.5,59.75,58.31999969482422,58.81999969482422,2348200,38.64728546142578
2001-08-03,58.81999969482422,59.25,58.560001373291016,59.209999084472656,1947300,38.90351104736328
2001-08-06,59,59.79999923706055,58.34000015258789,58.400001525878906,2732600,38.371307373046875
2001-08-07,57.439998626708984,57.72999954223633,56.5,57.5,4131900,37.779964447021484
2001-08-08,57.150001525878906,57.68000030517578,56.31999969482422,56.61000061035156,2982800,37.19521713256836
2001-08-09,56.5099983215332,57.040000915527344,55.880001068115234,56.36000061035156,3755500,37.03095626831055
2001-08-10,56.5099983215332,56.93000030517578,56.11000061035156,56.849998474121094,2330500,37.352901458740234
2001-08-13,56.54999923706055,57.2400016784668,56.150001525878906,56.45000076293945,1641800,37.09009552001953
2001-08-14,56.45000076293945,56.70000076293945,55.849998474121094,55.88999938964844,2119000,36.72214126586914
2001-08-15,55.54999923706055,56.099998474121094,54.38999938964844,54.439998626708984,3336500,35.87855911254883
2001-08-16,54.099998474121094,55.130001068115234,53.790000915527344,55.130001068115234,2962100,36.33330535888672
2001-08-17,55,55,53.400001525878906,54,2413700,35.588584899902344
2001-08-20,53.75,53.79999923706055,52.79999923706055,53.34000015258789,3248000,35.153594970703125
2001-08-21,53.27000045776367,53.310001373291016,51.939998626708984,51.939998626708984,3330300,34.23093795776367
2001-08-22,51.939998626708984,52.599998474121094,51.779998779296875,52.29999923706055,4197800,34.468196868896484
2001-08-23,52.099998474121094,52.5,52,52.16999816894531,1604200,34.38252258300781
2001-08-24,52.34000015258789,53.95000076293945,52.29999923706055,53.630001068115234,2351900,35.34474563598633
2001-08-27,53.90999984741211,53.90999984741211,53.0099983215332,53.060001373291016,1694300,34.96907043457031
2001-08-28,53,53.209999084472656,51.54999923706055,51.650001525878906,4484400,34.03981018066406
2001-08-29,51.79999923706055,52,50.5099983215332,50.70000076293945,3541600,33.41372299194336
2001-08-30,50.70000076293945,51.150001525878906,50.16999816894531,50.5,2545200,33.281917572021484
2001-08-31,50.5,51.20000076293945,50.2599983215332,51.20000076293945,1939700,33.74324035644531
2001-09-04,49.75,51.970001220703125,49.45000076293945,49.95000076293945,3245700,32.9194450378418
2001-09-05,50.20000076293945,51.25,49.900001525878906,50.61000061035156,3355600,33.35439682006836
2001-09-06,50.099998474121094,50.45000076293945,48.45000076293945,48.84000015258789,3942700,32.187896728515625
2001-09-07,47.79999923706055,48,44.790000915527344,45.18000030517578,8116200,29.775785446166992
2001-09-10,44.900001525878906,45.95000076293945,43.459999084472656,43.459999084472656,6618500,28.6422176361084
2001-09-17,35.650001525878906,38.70000076293945,35.45000076293945,35.79999923706055,21271400,23.59390640258789
2001-09-18,35.79999923706055,36.15999984741211,32,33.13999938964844,16794700,21.840843200683594
2001-09-19,32,33.810001373291016,31.93000030517578,32.61000061035156,15145000,21.491548538208008
2001-09-20,32.029998779296875,32.2400016784668,29.75,29.760000228881836,12043800,19.613264083862305
2001-09-21,28.25,30.299999237060547,27.600000381469727,30.100000381469727,13526500,19.837337493896484
2001-09-24,30.09000015258789,33.38999938964844,30.09000015258789,32.79999923706055,14101600,21.616769790649414
2001-09-25,33.25,34.47999954223633,32.7599983215332,34.33000183105469,10210700,22.625112533569336
2001-09-26,34.54999923706055,34.650001525878906,33.349998474121094,34.290000915527344,6368500,22.5987491607666
2001-09-27,33.900001525878906,34.59000015258789,32.099998474121094,34.400001525878906,9015900,22.671239852905273
2001-09-28,34.40999984741211,34.40999984741211,32.900001525878906,33.5,6780600,22.078094482421875
2001-10-01,33.5,34.25,32.04999923706055,32.400001525878906,6921500,21.353147506713867
2001-10-02,33.47999954223633,34.47999954223633,33.130001068115234,34.25,7077800,22.57239532470703
2001-10-03,34.5099983215332,37.52000045776367,34.400001525878906,36.59000015258789,8582000,24.114564895629883
2001-10-04,36.59000015258789,36.880001068115234,35.25,36.380001068115234,6461800,23.97614860534668
2001-10-05,36.5,37.040000915527344,34.95000076293945,36.2599983215332,3972600,23.897071838378906
2001-10-08,36.20000076293945,37.63999938964844,35.939998626708984,36.619998931884766,5169600,24.13433265686035
2001-10-09,36.900001525878906,36.970001220703125,35.619998931884766,36,3430100,23.725719451904297
2001-10-10,36.04999923706055,36.59000015258789,35.400001525878906,35.7599983215332,4520000,23.567543029785156
2001-10-11,35.900001525878906,36.689998626708984,35.88999938964844,36.18000030517578,5386900,23.844345092773438
2001-10-12,36.0099983215332,36.0099983215332,34.900001525878906,35.900001525878906,5105700,23.659814834594727
2001-10-15,35.599998474121094,35.75,34.779998779296875,35.27000045776367,4322600,23.244611740112305
2001-10-16,35.27000045776367,35.54999923706055,34.880001068115234,35.119998931884766,3418500,23.145755767822266
2001-10-17,35.29999923706055,35.45000076293945,33.5099983215332,33.70000076293945,4089900,22.209915161132812
2001-10-18,33.95000076293945,34.08000183105469,32.5099983215332,32.86000061035156,5471800,21.65630531311035
2001-10-19,33.36000061035156,33.75,32.79999923706055,33.45000076293945,3233100,22.045150756835938
2001-10-22,33.79999923706055,34.599998474121094,33.540000915527344,33.70000076293945,3398700,22.209915161132812
2001-10-23,34.02000045776367,34.54999923706055,33.79999923706055,33.88999938964844,3913300,22.33513069152832
2001-10-24,34.650001525878906,34.959999084472656,33.9900016784668,34.2400016784668,3792900,22.565799713134766
2001-10-25,34.099998474121094,35.95000076293945,33.630001068115234,35.900001525878906,5211400,23.659814834594727
2001-10-26,36.099998474121094,38.099998474121094,36.04999923706055,37.68000030517578,11519900,24.832923889160156
2001-10-29,35.880001068115234,35.900001525878906,33.5,33.75,10025200,22.242862701416016
2001-10-30,33.650001525878906,34.189998626708984,33.029998779296875,33.029998779296875,5458600,21.768346786499023
2001-10-31,33.04999923706055,33.54999923706055,32.41999816894531,32.599998474121094,4590700,21.484954833984375
2001-11-01,32.5,33.5,32.310001373291016,33.189998626708984,4550500,21.873804092407227
2001-11-02,33.4900016784668,34.54999923706055,33.209999084472656,34.349998474121094,4565100,22.638296127319336
2001-11-05,35,35.52000045776367,34.599998474121094,35.04999923706055,4373700,23.099611282348633
2001-11-06,34.900001525878906,35.7400016784668,34.29999923706055,35.52000045776367,3370700,23.409378051757812
2001-11-07,35.22999954223633,35.52000045776367,34.77000045776367,34.88999938964844,2988900,22.994178771972656
2001-11-08,35,35.75,34.599998474121094,34.900001525878906,2847200,23.000761032104492
2001-11-09,35.13999938964844,35.220001220703125,32.79999923706055,33.2400016784668,13761900,21.906749725341797
2001-11-12,33,33.279998779296875,31.579999923706055,33.060001373291016,6359200,21.788127899169922
2001-11-13,33.95000076293945,33.959999084472656,33.20000076293945,33.61000061035156,3117800,22.150588989257812
2001-11-14,33.95000076293945,34.25,33.63999938964844,34.099998474121094,3694600,22.587770462036133
2001-11-15,34.099998474121094,34.54999923706055,34.08000183105469,34.2400016784668,2919500,22.68052101135254
2001-11-16,34.79999923706055,35.0099983215332,34.599998474121094,34.9900016784668,3909700,23.177316665649414
2001-11-19,35.0099983215332,35.45000076293945,34.70000076293945,35.099998474121094,3807800,23.250173568725586
2001-11-20,35.20000076293945,35.20000076293945,34.86000061035156,34.970001220703125,3457000,23.1640625
2001-11-21,34.970001220703125,34.970001220703125,34.34000015258789,34.70000076293945,1957800,22.985219955444336
2001-11-23,35.09000015258789,35.650001525878906,34.900001525878906,35.630001068115234,1168100,23.601245880126953
2001-11-26,36,36.150001525878906,35.599998474121094,35.88999938964844,3381500,23.773469924926758
2001-11-27,36.150001525878906,36.25,35.150001525878906,35.5,3347500,23.515134811401367
2001-11-28,35.13999938964844,35.13999938964844,33.95000076293945,34.16999816894531,3843000,22.634151458740234
2001-11-29,34.70000076293945,35.20000076293945,34.310001373291016,35.150001525878906,3437100,23.283296585083008
2001-11-30,34.95000076293945,35.099998474121094,34.599998474121094,35.099998474121094,3630700,23.250173568725586
2001-12-03,35.099998474121094,35.099998474121094,34.029998779296875,35,3092700,23.183927536010742
2001-12-04,35.0099983215332,35.38999938964844,34.79999923706055,35.380001068115234,3200400,23.435651779174805
2001-12-05,35.5,36.220001220703125,35.43000030517578,35.88999938964844,4650500,23.773469924926758
2001-12-06,36.18000030517578,37.20000076293945,36.060001373291016,37.11000061035156,6270700,24.58159637451172
2001-12-07,37.400001525878906,37.54999923706055,36.599998474121094,37.29999923706055,4499800,24.707460403442383
2001-12-10,37.31999969482422,38.290000915527344,36.709999084472656,36.900001525878906,3852900,24.44248390197754
2001-12-11,37.20000076293945,37.650001525878906,36.650001525878906,37.06999969482422,2886500,24.55510139465332
2001-12-12,37.29999923706055,37.29999923706055,36.65999984741211,36.79999923706055,3972100,24.376262664794922
2001-12-13,36.45000076293945,37.79999923706055,36,37,2712800,24.50873565673828
2001-12-14,37.150001525878906,37.650001525878906,36.81999969482422,37.54999923706055,2517000,24.8730525970459
2001-12-17,37.349998474121094,37.66999816894531,36.9900016784668,37.060001373291016,2757400,24.548479080200195
2001-12-18,36.599998474121094,37.43000030517578,36.27000045776367,37.25,3166000,24.674318313598633
2001-12-19,36.349998474121094,37.880001068115234,36.310001373291016,37.5099983215332,4767700,24.8465633392334
2001-12-20,37.849998474121094,39.08000183105469,37.459999084472656,38.13999938964844,4437900,25.263858795166016
2001-12-21,38.400001525878906,39.20000076293945,38.150001525878906,38.63999938964844,6929100,25.595064163208008
2001-12-24,38.540000915527344,38.900001525878906,38.279998779296875,38.41999816894531,1245800,25.449321746826172
2001-12-26,38.45000076293945,38.849998474121094,38.15999984741211,38.599998474121094,1921200,25.56856346130371
2001-12-27,38.72999954223633,38.84000015258789,38.54999923706055,38.689998626708984,2171900,25.628183364868164
2001-12-28,38.93000030517578,39.119998931884766,38.689998626708984,39.099998474121094,2348000,25.899761199951172
2001-12-31,39.189998626708984,39.41999816894531,38.779998779296875,38.779998779296875,2308900,25.687808990478516
2002-01-02,38.540000915527344,38.66999816894531,37.849998474121094,38.099998474121094,3545800,25.23736000061035
2002-01-03,38.400001525878906,39,38.31999969482422,38.75,3491900,25.667926788330078
2002-01-04,39.650001525878906,40.400001525878906,39.41999816894531,40.36000061035156,4081100,26.734376907348633
2002-01-07,41,41.88999938964844,40.91999816894531,41,6111900,27.158327102661133
2002-01-08,41.470001220703125,41.70000076293945,40.02000045776367,40.33000183105469,4211000,26.714509963989258
2002-01-09,40.38999938964844,40.88999938964844,39.5,39.900001525878906,4574400,26.4296817779541
2002-01-10,40.099998474121094,40.25,39.630001068115234,39.84000015258789,2722800,26.389938354492188
2002-01-11,39.84000015258789,39.95000076293945,38.599998474121094,38.689998626708984,3433400,25.628183364868164
2002-01-14,38.689998626708984,38.70000076293945,38.06999969482422,38.25,2721400,25.336729049682617
2002-01-15,38.599998474121094,39.4900016784668,38.43000030517578,39.349998474121094,3246500,26.06536102294922
2002-01-16,38.650001525878906,39.099998474121094,38.02000045776367,38.02000045776367,3783300,25.184375762939453
2002-01-17,38.54999923706055,38.66999816894531,37.650001525878906,38.33000183105469,3092700,25.38972282409668
2002-01-18,38.33000183105469,39.619998931884766,38.029998779296875,39.150001525878906,2805300,25.932889938354492
2002-01-22,39.70000076293945,39.93000030517578,39.27000045776367,39.779998779296875,2796100,26.350189208984375
2002-01-23,40.060001373291016,40.83000183105469,38,39.33000183105469,8882200,26.052125930786133
2002-01-24,39.599998474121094,40.25,39.400001525878906,40,5671700,26.49592399597168
2002-01-25,40.029998779296875,40.47999954223633,39.7400016784668,40.47999954223633,3090800,26.813879013061523
2002-01-28,40.720001220703125,41,40.34000015258789,40.900001525878906,2010200,27.09207534790039
2002-01-29,41.16999816894531,41.290000915527344,40.09000015258789,40.22999954223633,2640900,26.64828109741211
2002-01-30,39.849998474121094,40.439998626708984,39.04999923706055,40,3244300,26.49592399597168
2002-01-31,40.04999923706055,40.95000076293945,39.869998931884766,40.95000076293945,4390700,27.125211715698242
2002-02-01,41,41.650001525878906,40.900001525878906,41.459999084472656,4728700,27.46302032470703
2002-02-04,41.54999923706055,41.810001373291016,40.79999923706055,41.099998474121094,4489400,27.224559783935547
2002-02-05,40.849998474121094,41.4900016784668,40.5,40.900001525878906,3253200,27.09207534790039
2002-02-06,40.72999954223633,41.5,40.560001373291016,40.97999954223633,3395100,27.258378982543945
2002-02-07,41.16999816894531,41.459999084472656,40.959999084472656,41.060001373291016,2139500,27.311586380004883
2002-02-08,41.04999923706055,41.900001525878906,40.810001373291016,41.70000076293945,2557500,27.737306594848633
2002-02-11,41.900001525878906,43.20000076293945,41.720001220703125,43,3976900,28.602006912231445
2002-02-12,42.75,43.349998474121094,42.61000061035156,43.150001525878906,4444100,28.70177459716797
2002-02-13,43.599998474121094,44.9900016784668,43.52000045776367,44.900001525878906,5587900,29.865814208984375
2002-02-14,44.70000076293945,44.79999923706055,44,44.77000045776367,3145300,29.779346466064453
2002-02-15,44.77000045776367,45.0099983215332,44.36000061035156,44.900001525878906,3735900,29.865814208984375
2002-02-19,44.099998474121094,44.130001068115234,43.400001525878906,43.709999084472656,5718300,29.07427978515625
2002-02-20,43.79999923706055,43.95000076293945,42.54999923706055,43.310001373291016,5053200,28.808210372924805
2002-02-21,43.25,45.099998474121094,43.20000076293945,44.209999084472656,5014600,29.406850814819336
2002-02-22,43.869998931884766,45.06999969482422,43.369998931884766,44.7599983215332,4148600,29.772682189941406
2002-02-25,44.75,45,43.900001525878906,44.939998626708984,3310500,29.89241600036621
2002-02-26,44.7400016784668,45.459999084472656,44.25,45.150001525878906,3880300,30.0321102142334
2002-02-27,45.650001525878906,46.869998931884766,45.41999816894531,45.900001525878906,4545300,30.530988693237305
2002-02-28,46.0099983215332,47.470001220703125,45.900001525878906,45.959999084472656,4099400,30.57088851928711
2002-03-01,46.54999923706055,47.84000015258789,46.5,47.84000015258789,3936800,31.8214111328125
2002-03-04,48,49.540000915527344,47.900001525878906,49.130001068115234,3743600,32.679443359375
2002-03-05,49.099998474121094,49.099998474121094,47.40999984741211,48.209999084472656,3606200,32.067508697509766
2002-03-06,48.220001220703125,49.86000061035156,47.7400016784668,49.86000061035156,3690700,33.16503143310547
2002-03-07,49.79999923706055,50,47.5,48.47999954223633,3859100,32.24709701538086
2002-03-08,49.5,49.88999938964844,48.93000030517578,49.400001525878906,4340100,32.85904312133789
2002-03-11,49.400001525878906,51.06999969482422,49.04999923706055,50.880001068115234,4624300,33.84348678588867
2002-03-12,49.880001068115234,50.47999954223633,49.45000076293945,50.279998779296875,4091100,33.444374084472656
2002-03-13,50.18000030517578,50.25,48.900001525878906,49.220001220703125,3415300,32.739315032958984
2002-03-14,49.22999954223633,49.22999954223633,47.34000015258789,47.61000061035156,5426700,31.66841697692871
2002-03-15,47.68000030517578,47.9900016784668,46.40999984741211,47.97999954223633,6360100,31.914512634277344
2002-03-18,48.27000045776367,48.439998626708984,46.77000045776367,47.630001068115234,3092900,31.681705474853516
2002-03-19,47.630001068115234,48.25,47.220001220703125,48.040000915527344,2768800,31.954423904418945
2002-03-20,47.599998474121094,47.650001525878906,46.900001525878906,47.029998779296875,2393600,31.28261947631836
2002-03-21,46.72999954223633,47.849998474121094,46.34000015258789,47.66999816894531,2708200,31.70832633972168
2002-03-22,47,47.25,46.119998931884766,46.38999938964844,2989000,30.856916427612305
2002-03-25,46.20000076293945,46.84000015258789,45.25,45.720001220703125,2528900,30.411239624023438
2002-03-26,45.849998474121094,46.650001525878906,45.540000915527344,45.790000915527344,2276100,30.457815170288086
2002-03-27,46.04999923706055,47.7599983215332,46.04999923706055,47.33000183105469,4907800,31.482160568237305
2002-03-28,47.56999969482422,48.720001220703125,47.5,48.25,4088900,32.09409713745117
2002-04-01,48.25,48.75,47.79999923706055,47.91999816894531,2996800,31.87460708618164
2002-04-02,47.91999816894531,49.54999923706055,47.619998931884766,49.09000015258789,3427600,32.65285873413086
2002-04-03,48.650001525878906,49.849998474121094,48.560001373291016,48.72999954223633,4754600,32.413394927978516
2002-04-04,48.72999954223633,49.5,48.560001373291016,49.08000183105469,2660000,32.64619445800781
2002-04-05,49.45000076293945,49.68000030517578,47.400001525878906,48.290000915527344,2654500,32.12071990966797
2002-04-08,47.900001525878906,49.119998931884766,47.59000015258789,49,2403200,32.592979431152344
2002-04-09,49,49.13999938964844,48.29999923706055,48.56999969482422,2183600,32.30696105957031
2002-04-10,48.56999969482422,49.72999954223633,48.38999938964844,49.58000183105469,3434200,32.97877883911133
2002-04-11,49.79999923706055,50.04999923706055,48.599998474121094,48.81999969482422,3757500,32.4732551574707
2002-04-12,49.25,49.290000915527344,48.22999954223633,48.54999923706055,2058800,32.29365158081055
2002-04-15,48.20000076293945,48.45000076293945,47.529998779296875,47.650001525878906,2017800,31.69501495361328
2002-04-16,48.45000076293945,48.97999954223633,48.189998626708984,48.70000076293945,2105400,32.3934440612793
2002-04-17,47.54999923706055,47.560001373291016,45,45.369998931884766,10684800,30.178447723388672
2002-04-18,45.380001068115234,45.380001068115234,41.9900016784668,43.70000076293945,16723200,29.067630767822266
2002-04-19,44.060001373291016,44.29999923706055,42.7400016784668,42.75,8358500,28.43572235107422
2002-04-22,42.79999923706055,43.380001068115234,42.400001525878906,43.13999938964844,4359100,28.695133209228516
2002-04-23,43.189998626708984,43.77000045776367,42,42.5,5398100,28.269420623779297
2002-04-24,42.900001525878906,43.22999954223633,42.349998474121094,42.400001525878906,3312500,28.202909469604492
2002-04-25,42.25,43,41,41.900001525878906,4308800,27.870332717895508
2002-04-26,42,42.459999084472656,41.29999923706055,41.5099983215332,2785300,27.610912322998047
2002-04-29,43.70000076293945,43.9900016784668,43.099998474121094,43.630001068115234,6451500,29.021059036254883
2002-04-30,43.79999923706055,45.72999954223633,43.47999954223633,44.599998474121094,5521100,29.666269302368164
2002-05-01,44.900001525878906,45.5,43.83000183105469,45.5,4288900,30.264909744262695
2002-05-02,45.4900016784668,45.5,44.47999954223633,44.869998931884766,2616800,29.845869064331055
2002-05-03,44.66999816894531,45.099998474121094,43.849998474121094,44.630001068115234,2119400,29.686229705810547
2002-05-06,45,45.209999084472656,43.33000183105469,43.380001068115234,2519200,28.854768753051758
2002-05-07,43.599998474121094,43.849998474121094,42.79999923706055,43.13999938964844,3633700,28.695133209228516
2002-05-08,43.29999923706055,44.7400016784668,43.29999923706055,44.40999984741211,2822100,29.539884567260742
2002-05-09,44.599998474121094,45.2400016784668,44.5,44.97999954223633,2411800,29.919031143188477
2002-05-10,44.400001525878906,44.75,43.54999923706055,43.630001068115234,4264800,29.021059036254883
2002-05-13,43.900001525878906,44.619998931884766,43.7599983215332,44.279998779296875,2412200,29.453414916992188
2002-05-14,45.58000183105469,45.7400016784668,44.63999938964844,45.47999954223633,3432200,30.251609802246094
2002-05-15,45.380001068115234,45.380001068115234,44.5099983215332,44.54999923706055,2210200,29.744192123413086
2002-05-16,44.849998474121094,45.18000030517578,44.52000045776367,45,2272100,30.044639587402344
2002-05-17,45.22999954223633,45.61000061035156,44.79999923706055,45.41999816894531,2418300,30.325044631958008
2002-05-20,45.63999938964844,46.029998779296875,44.869998931884766,45.130001068115234,2440400,30.131431579589844
2002-05-21,45.13999938964844,45.75,44.11000061035156,44.349998474121094,2608300,29.61066436767578
2002-05-22,44.25,44.59000015258789,43.290000915527344,44.40999984741211,2441000,29.650714874267578
2002-05-23,43.83000183105469,44.5,43.38999938964844,44.150001525878906,2628800,29.47713851928711
2002-05-24,44,44,43.04999923706055,43.349998474121094,2198100,28.943002700805664
2002-05-28,43.349998474121094,43.349998474121094,42.75,43,2429500,28.709318161010742
2002-05-29,42.70000076293945,43.5,42.650001525878906,43,2925800,28.709318161010742
2002-05-30,42.599998474121094,44.189998626708984,42.459999084472656,43.65999984741211,3062000,29.14997100830078
2002-05-31,43.81999969482422,44.09000015258789,42.650001525878906,42.650001525878906,2598400,28.475631713867188
2002-06-03,43.400001525878906,43.869998931884766,41.83000183105469,41.86000061035156,2926500,27.948190689086914
2002-06-04,41.869998931884766,42.400001525878906,41.45000076293945,41.849998474121094,2779900,27.94150733947754
2002-06-05,42.099998474121094,42.790000915527344,41.869998931884766,42.540000915527344,1642100,28.402193069458008
2002-06-06,42.540000915527344,42.77000045776367,41.91999816894531,41.959999084472656,1764200,28.01495933532715
2002-06-07,41.959999084472656,43.25,41.75,42.7599983215332,2987600,28.549072265625
2002-06-10,42.95000076293945,43.5,42.83000183105469,42.91999816894531,1850700,28.655895233154297
2002-06-11,43.099998474121094,43.79999923706055,42.29999923706055,42.5,1819500,28.375484466552734
2002-06-12,42.619998931884766,43.9900016784668,42.599998474121094,43.83000183105469,2183000,29.263473510742188
2002-06-13,43.29999923706055,43.75,42.38999938964844,42.5,2378900,28.375484466552734
2002-06-14,42.75,43,41.779998779296875,42.529998779296875,2537600,28.395517349243164
2002-06-17,42.540000915527344,44.349998474121094,42.540000915527344,44,3068400,29.37696647644043
2002-06-18,43.95000076293945,44.279998779296875,43.400001525878906,43.779998779296875,1984200,29.230091094970703
2002-06-19,43.470001220703125,44.099998474121094,43.099998474121094,43.130001068115234,1965500,28.796113967895508
2002-06-20,43.130001068115234,44.4900016784668,43.02000045776367,43.77000045776367,2671600,29.22341537475586
2002-06-21,43.029998779296875,43.720001220703125,42.7400016784668,42.970001220703125,3668300,28.689287185668945
2002-06-24,42.91999816894531,43.66999816894531,41.52000045776367,42.7400016784668,3751900,28.535737991333008
2002-06-25,43.29999923706055,44.119998931884766,42.81999969482422,42.869998931884766,3939000,28.622516632080078
2002-06-26,41.869998931884766,43.099998474121094,41.869998931884766,42.720001220703125,3375300,28.522384643554688
2002-06-27,43,44.880001068115234,42.959999084472656,44.79999923706055,3375500,29.911108016967773
2002-06-28,44.349998474121094,45.09000015258789,44.099998474121094,45,5541300,30.044639587402344
2002-07-01,44.970001220703125,45.279998779296875,44.560001373291016,44.599998474121094,3513300,29.777576446533203
2002-07-02,44.400001525878906,44.779998779296875,43.86000061035156,44.540000915527344,2878200,29.737516403198242
2002-07-03,44.13999938964844,44.45000076293945,43.16999816894531,43.77000045776367,3033300,29.22341537475586
2002-07-05,44.20000076293945,45.20000076293945,44.04999923706055,45,1805700,30.044639587402344
2002-07-08,44.720001220703125,45.09000015258789,43.869998931884766,44.099998474121094,2690300,29.4437313079834
2002-07-09,43.9900016784668,44.689998626708984,43.09000015258789,43.220001220703125,2634600,28.8562068939209
2002-07-10,43.52000045776367,43.70000076293945,40.459999084472656,40.79999923706055,6568600,27.240480422973633
2002-07-11,40.79999923706055,41.470001220703125,39.54999923706055,41.16999816894531,5696900,27.48750114440918
2002-07-12,41.2400016784668,41.4900016784668,39.130001068115234,40.150001525878906,3227900,26.80649757385254
2002-07-15,39.849998474121094,39.869998931884766,37.20000076293945,39.7599983215332,5209100,26.546106338500977
2002-07-16,40.04999923706055,41.79999923706055,40.04999923706055,40.869998931884766,5454200,27.287208557128906
2002-07-17,42.41999816894531,43.189998626708984,42.150001525878906,42.939998626708984,6341000,28.66925811767578
2002-07-18,43.09000015258789,43.099998474121094,41.22999954223633,41.290000915527344,3626200,27.567625045776367
2002-07-19,40.88999938964844,41,39.560001373291016,39.91999816894531,4261500,26.652929306030273
2002-07-22,39.79999923706055,40.150001525878906,37.58000183105469,38.529998779296875,5745600,25.724878311157227
2002-07-23,38.45000076293945,39.900001525878906,38.099998474121094,38.849998474121094,5608500,25.938539505004883
2002-07-24,37.5,41.369998931884766,37.099998474121094,41.189998626708984,5581600,27.50086212158203
2002-07-25,41,42.939998626708984,40.310001373291016,42.939998626708984,5145300,28.66925811767578
2002-07-26,42.5,42.5099983215332,40.13999938964844,42,3402100,28.041662216186523
2002-07-29,42.939998626708984,42.9900016784668,41.29999923706055,42.029998779296875,5596700,28.061691284179688
2002-07-30,41.9900016784668,42,40.599998474121094,41.650001525878906,5213200,27.8079833984375
2002-07-31,41.65999984741211,41.65999984741211,40.349998474121094,41.52000045776367,4392400,27.721174240112305
2002-08-01,41,41.400001525878906,40.349998474121094,40.630001068115234,3374200,27.126962661743164
2002-08-02,40.630001068115234,40.86000061035156,39.099998474121094,39.849998474121094,2937200,26.6061954498291
2002-08-05,39.650001525878906,40.27000045776367,38.529998779296875,38.61000061035156,3146300,25.778295516967773
2002-08-06,39.0099983215332,40.59000015258789,39.0099983215332,39.40999984741211,3076200,26.312419891357422
2002-08-07,39.849998474121094,41.130001068115234,39.70000076293945,41.099998474121094,3484100,27.440771102905273
2002-08-08,41,41.599998474121094,40.25,41.5,3806300,27.707828521728516
2002-08-09,41.099998474121094,41.650001525878906,40.40999984741211,41,3368000,27.374004364013672
2002-08-12,40.150001525878906,40.650001525878906,39.54999923706055,40.5,2871100,27.040164947509766
2002-08-13,39.900001525878906,39.90999984741211,37.099998474121094,37.22999954223633,9662900,24.856931686401367
2002-08-14,36.83000183105469,36.84000015258789,34.099998474121094,36.349998474121094,12130700,24.380725860595703
2002-08-15,36,37.95000076293945,35.400001525878906,37.4900016784668,7617800,25.145347595214844
2002-08-16,37.95000076293945,38.349998474121094,36.9900016784668,37.5,4675000,25.152050018310547
2002-08-19,37.5099983215332,38.560001373291016,37.40999984741211,38.5,3631600,25.82276725769043
2002-08-20,38.56999969482422,38.56999969482422,37.72999954223633,37.880001068115234,2990800,25.406925201416016
2002-08-21,38,38.43000030517578,36.90999984741211,37.56999969482422,2997600,25.198993682861328
2002-08-22,37.599998474121094,38.650001525878906,37.2599983215332,38.5,2858800,25.82276725769043
2002-08-23,38.5,38.5,36.900001525878906,37.130001068115234,3601900,24.90387535095215
2002-08-26,37.130001068115234,37.27000045776367,35.849998474121094,36.88999938964844,3026100,24.74290657043457
2002-08-27,37.099998474121094,37.689998626708984,36.59000015258789,37.029998779296875,2878600,24.83681297302246
2002-08-28,37.029998779296875,37.849998474121094,36.400001525878906,37.529998779296875,4135700,25.172164916992188
2002-08-29,36.72999954223633,37.79999923706055,36.33000183105469,37.16999816894531,3628200,24.930709838867188
2002-08-30,36.93000030517578,37.70000076293945,36.70000076293945,37.06999969482422,2162000,24.863628387451172
2002-09-03,36.79999923706055,36.849998474121094,35.22999954223633,35.459999084472656,3566600,23.783777236938477
2002-09-04,35.5,37.060001373291016,35.25,36.849998474121094,2867600,24.71607208251953
2002-09-05,36.45000076293945,36.95000076293945,36,36.029998779296875,2970800,24.166078567504883
2002-09-06,36.58000183105469,37.650001525878906,36.540000915527344,37.209999084472656,2403500,24.957530975341797
2002-09-09,37.209999084472656,37.7599983215332,36.5,37.349998474121094,3198600,25.05144691467285
2002-09-10,37.29999923706055,37.779998779296875,36.54999923706055,37.18000030517578,2616900,24.937414169311523
2002-09-11,37.43000030517578,37.79999923706055,36.91999816894531,37.08000183105469,2469500,24.870346069335938
2002-09-12,36.880001068115234,37.11000061035156,36.349998474121094,36.45000076293945,2923100,24.447790145874023
2002-09-13,35.869998931884766,36.16999816894531,35.0099983215332,35.58000183105469,3580800,23.8642635345459
2002-09-16,35.900001525878906,37.40999984741211,35.900001525878906,37.22999954223633,3316600,24.97095489501953
2002-09-17,37.400001525878906,37.59000015258789,36.06999969482422,36.290000915527344,3776900,24.340471267700195
2002-09-18,36.09000015258789,37.150001525878906,36.0099983215332,36.77000045776367,3420600,24.662425994873047
2002-09-19,36,36.70000076293945,35.45000076293945,35.52000045776367,3112500,23.824018478393555
2002-09-20,35.900001525878906,36.75,35.650001525878906,36.47999954223633,5104100,24.467906951904297
2002-09-23,35.900001525878906,36,34.86000061035156,35.400001525878906,3628200,23.743532180786133
2002-09-24,35.119998931884766,35.70000076293945,34.650001525878906,34.959999084472656,3722200,23.448413848876953
2002-09-25,35.099998474121094,35.5,34.5,35.40999984741211,3647900,23.750240325927734
2002-09-26,35.810001373291016,36.59000015258789,35.560001373291016,36.54999923706055,2328300,24.51485252380371
2002-09-27,36.29999923706055,36.29999923706055,34.65999984741211,34.70000076293945,3487900,23.274028778076172
2002-09-30,34.400001525878906,34.81999969482422,33.20000076293945,34.130001068115234,4105800,22.8917179107666
2002-10-01,34.31999969482422,36.02000045776367,34.25,36,3378800,24.14596176147461
2002-10-02,35.5,35.5,34.130001068115234,34.380001068115234,2978900,23.059396743774414
2002-10-03,34.779998779296875,35.29999923706055,34.189998626708984,34.310001373291016,3657400,23.01244354248047
2002-10-04,34.31999969482422,34.31999969482422,31.950000762939453,32.0099983215332,7794400,21.469789505004883
2002-10-07,32.220001220703125,32.900001525878906,31.6299991607666,32.380001068115234,4367100,21.717960357666016
2002-10-08,33,33.0099983215332,31.18000030517578,32.0099983215332,4257500,21.469789505004883
2002-10-09,31.399999618530273,31.75,29.950000762939453,30.440000534057617,6319100,20.416757583618164
2002-10-10,30.299999237060547,31.700000762939453,29.979999542236328,31.350000381469727,4591300,21.027109146118164
2002-10-11,31.75,32.650001525878906,31.34000015258789,32,4083100,21.46307945251465
2002-10-14,30.299999237060547,31.350000381469727,30.25,31.059999465942383,5326300,20.832595825195312
2002-10-15,31.530000686645508,32.40999984741211,31.139999389648438,32.150001525878906,4714700,21.56369400024414
2002-10-16,32.15999984741211,32.52000045776367,30.270000457763672,30.5,7308000,20.456998825073242
2002-10-17,30.75,31,29.459999084472656,29.979999542236328,8574700,20.108224868774414
2002-10-18,28.690000534057617,29.450000762939453,28.530000686645508,29,7007700,19.450916290283203
2002-10-21,29,30.5,28.579999923706055,30.360000610351562,6035500,20.363101959228516
2002-10-22,29.979999542236328,30.280000686645508,29.549999237060547,30.139999389648438,4045700,20.215539932250977
2002-10-23,29.969999313354492,30.709999084472656,29.850000381469727,30.700000762939453,3355100,20.591140747070312
2002-10-24,30.8700008392334,31.200000762939453,29.700000762939453,29.950000762939453,4167500,20.088111877441406
2002-10-25,29.989999771118164,30.350000381469727,29.350000381469727,30.31999969482422,3339500,20.336271286010742
2002-10-28,30.420000076293945,30.799999237060547,28.700000762939453,28.979999542236328,5213700,19.437496185302734
2002-10-29,28.899999618530273,29.899999618530273,28.540000915527344,29.700000762939453,4097200,19.92041778564453
2002-10-30,29.770000457763672,30.389999389648438,29.200000762939453,30.200000762939453,3086400,20.255781173706055
2002-10-31,30.399999618530273,30.520000457763672,29.549999237060547,29.75,2913300,19.95395851135254
2002-11-01,29.790000915527344,30.649999618530273,29.559999465942383,30.399999618530273,2946900,20.389921188354492
2002-11-04,30.40999984741211,30.860000610351562,29.6299991607666,29.670000076293945,4926600,19.900297164916992
2002-11-05,29.8700008392334,31.979999542236328,29.8700008392334,31.520000457763672,4752200,21.141132354736328
2002-11-06,32.040000915527344,34.43000030517578,32.0099983215332,33.58000183105469,8653700,22.5228214263916
2002-11-07,33.779998779296875,33.900001525878906,32.11000061035156,32.290000915527344,4378800,21.657590866088867
2002-11-08,32.849998474121094,33.599998474121094,32.5,33.18000030517578,4248000,22.25452995300293
2002-11-11,33.18000030517578,33.209999084472656,31,31.229999542236328,3693400,20.946626663208008
2002-11-12,31.799999237060547,32.099998474121094,31.25,31.65999984741211,4739000,21.235034942626953
2002-11-13,31.6299991607666,32.27000045776367,30.8700008392334,31.420000076293945,3404900,21.187814712524414
2002-11-14,32.099998474121094,32.400001525878906,30.8700008392334,31.350000381469727,3147700,21.140621185302734
2002-11-15,31.350000381469727,32,31.040000915527344,31.5,2646500,21.24176788330078
2002-11-18,31.540000915527344,31.780000686645508,30.899999618530273,30.920000076293945,3393400,20.85066032409668
2002-11-19,31.020000457763672,31.649999618530273,30.6200008392334,31.399999618530273,3520400,21.174345016479492
2002-11-20,31.200000762939453,32.25,31.200000762939453,31.729999542236328,3409500,21.396879196166992
2002-11-21,32.20000076293945,33.02000045776367,32.02000045776367,32.439998626708984,5260700,21.875661849975586
2002-11-22,32.84000015258789,34.43000030517578,32.79999923706055,34,5483700,22.927637100219727
2002-11-25,33.54999923706055,34.189998626708984,33.20000076293945,33.4900016784668,3172200,22.583711624145508
2002-11-26,33.70000076293945,34.04999923706055,33.2599983215332,33.66999816894531,3167200,22.705093383789062
2002-11-27,34,35.13999938964844,33.849998474121094,35.02000045776367,3806800,23.615468978881836
2002-11-29,35.029998779296875,35.029998779296875,33.79999923706055,34.04999923706055,2437900,22.961349487304688
2002-12-02,34.599998474121094,34.880001068115234,33.70000076293945,34.099998474121094,2643600,22.995059967041016
2002-12-03,34.25,34.5,33.810001373291016,34.2400016784668,2869600,23.089479446411133
2002-12-04,33.77000045776367,34.380001068115234,33.560001373291016,33.93000030517578,2678800,22.88042449951172
2002-12-05,33.75,33.7599983215332,32.43000030517578,32.959999084472656,3864400,22.226316452026367
2002-12-06,32.400001525878906,33.75,32.22999954223633,33.400001525878906,3733700,22.523025512695312
2002-12-09,32.630001068115234,33.25,32.310001373291016,32.400001525878906,2949700,21.848690032958984
2002-12-10,32.349998474121094,32.599998474121094,32,32.25,3097300,21.747541427612305
2002-12-11,32.04999923706055,32.63999938964844,31.75,32.529998779296875,3299700,21.93634796142578
2002-12-12,32,32.5,31.799999237060547,32.04999923706055,2645400,21.612668991088867
2002-12-13,32.04999923706055,32.04999923706055,31.399999618530273,31.399999618530273,2273900,21.174345016479492
2002-12-16,31.270000457763672,32.099998474121094,31.25,31.920000076293945,3094800,21.524999618530273
2002-12-17,32.060001373291016,32.7400016784668,31.84000015258789,31.850000381469727,2125900,21.47779083251953
2002-12-18,31.770000457763672,32.5,31.420000076293945,32.02000045776367,2176300,21.592430114746094
2002-12-19,31.729999542236328,32.47999954223633,31.729999542236328,32.25,2723700,21.747541427612305
2002-12-20,32.91999816894531,32.939998626708984,32.290000915527344,32.709999084472656,4569300,22.057727813720703
2002-12-23,32.709999084472656,32.95000076293945,32.400001525878906,32.790000915527344,2203300,22.111677169799805
2002-12-24,32.900001525878906,33.099998474121094,32.529998779296875,32.650001525878906,1085000,22.017271041870117
2002-12-26,32.849998474121094,33.279998779296875,32.52000045776367,32.630001068115234,1450000,22.0037841796875
2002-12-27,32.900001525878906,33.09000015258789,32.13999938964844,32.33000183105469,1662600,21.801477432250977
2002-12-30,32.33000183105469,33,32.33000183105469,32.900001525878906,2245100,22.185853958129883
2002-12-31,32.66999816894531,33.130001068115234,32.470001220703125,32.9900016784668,2092400,22.246551513671875
2003-01-02,33,33.91999816894531,33,33.880001068115234,2122500,22.84670639038086
2003-01-03,34.099998474121094,34.439998626708984,33.88999938964844,34.18000030517578,2303000,23.049015045166016
2003-01-06,34.04999923706055,34.560001373291016,33.959999084472656,34.130001068115234,2234100,23.015300750732422
2003-01-07,34.119998931884766,34.130001068115234,33.029998779296875,33.29999923706055,2969700,22.455591201782227
2003-01-08,33.369998931884766,33.5,33.029998779296875,33.5,3059200,22.59046173095703
2003-01-09,33.75,34.04999923706055,33.369998931884766,33.900001525878906,3166100,22.860200881958008
2003-01-10,33.90999984741211,34.099998474121094,33.43000030517578,33.849998474121094,3081100,22.826473236083984
2003-01-13,34.150001525878906,34.59000015258789,33.75,34.29999923706055,3040900,23.129932403564453
2003-01-14,34.150001525878906,34.2400016784668,33.81999969482422,34.150001525878906,1863500,23.02878761291504
2003-01-15,34.04999923706055,34.38999938964844,33.25,33.349998474121094,2209700,22.48931121826172
2003-01-16,33.79999923706055,34.2400016784668,33.279998779296875,33.459999084472656,2399800,22.563491821289062
2003-01-17,33.349998474121094,33.72999954223633,33.029998779296875,33.290000915527344,2034900,22.4488468170166
2003-01-21,33.290000915527344,33.310001373291016,32.27000045776367,32.400001525878906,2463800,21.848690032958984
2003-01-22,32.04999923706055,32.70000076293945,31.760000228881836,31.780000686645508,3308700,21.43058967590332
2003-01-23,31.799999237060547,32.27000045776367,31.780000686645508,31.850000381469727,2429400,21.47779083251953
2003-01-24,31.600000381469727,31.850000381469727,31,31.010000228881836,2470100,20.911348342895508
2003-01-27,31.010000228881836,31.25,30.600000381469727,30.6200008392334,2386400,20.648353576660156
2003-01-28,30.739999771118164,31.549999237060547,30.59000015258789,31.450000762939453,2411600,21.20806121826172
2003-01-29,31.459999084472656,31.459999084472656,30.5,30.610000610351562,2791500,20.641611099243164
2003-01-30,30.270000457763672,31.299999237060547,30.200000762939453,30.65999984741211,3790800,20.675323486328125
2003-01-31,31.3799991607666,32.220001220703125,31.200000762939453,31.59000015258789,3685800,21.302465438842773
2003-02-03,30.899999618530273,31.5,30.530000686645508,31.110000610351562,4019600,20.978778839111328
2003-02-04,30.799999237060547,31.420000076293945,30.5,31.239999771118164,3107700,21.066450119018555
2003-02-05,31.06999969482422,31.6299991607666,30.540000915527344,30.670000076293945,3074100,20.79524040222168
2003-02-06,30.65999984741211,30.969999313354492,30.329999923706055,30.549999237060547,2249800,20.713871002197266
2003-02-07,30.649999618530273,30.899999618530273,29.899999618530273,30,2295100,20.340953826904297
2003-02-10,30.100000381469727,30.479999542236328,29.889999389648438,30.270000457763672,2276900,20.524024963378906
2003-02-11,30.270000457763672,30.510000228881836,29.56999969482422,29.84000015258789,2732400,20.232465744018555
2003-02-12,29.799999237060547,29.889999389648438,29.360000610351562,29.6299991607666,2524400,20.090078353881836
2003-02-13,29.459999084472656,29.809999465942383,28.899999618530273,29.5,2867000,20.00193977355957
2003-02-14,29.450000762939453,30.469999313354492,29.43000030517578,30.149999618530273,3025100,20.442663192749023
2003-02-18,30.5,30.799999237060547,29.8799991607666,30,2662600,20.340953826904297
2003-02-19,30,30.18000030517578,29.59000015258789,30.18000030517578,2175900,20.46300506591797
2003-02-20,30.18000030517578,30.200000762939453,28.200000762939453,29.170000076293945,7121600,19.77818489074707
2003-02-21,29,29.639999389648438,28.43000030517578,29.639999389648438,4523300,20.096864700317383
2003-02-24,29.280000686645508,29.639999389648438,28.399999618530273,28.489999771118164,4341500,19.317123413085938
2003-02-25,28.440000534057617,28.5,27.989999771118164,28.190000534057617,4816200,19.11371612548828
2003-02-26,28.360000610351562,28.5,27.639999389648438,27.84000015258789,3843400,18.876405715942383
2003-02-27,28.110000610351562,28.309999465942383,27.65999984741211,27.950000762939453,3075800,18.950992584228516
2003-02-28,28,28.1200008392334,27.239999771118164,27.559999465942383,3961500,18.686555862426758
2003-03-03,27.700000762939453,27.799999237060547,27.020000457763672,27.110000610351562,4066300,18.381446838378906
2003-03-04,27.100000381469727,27.81999969482422,26.90999984741211,27.450000762939453,5462000,18.611976623535156
2003-03-05,27.450000762939453,27.450000762939453,26.530000686645508,26.739999771118164,5300600,18.130569458007812
2003-03-06,26.600000381469727,26.700000762939453,26,26.15999984741211,4497700,17.737306594848633
2003-03-07,25.799999237060547,25.940000534057617,25.399999618530273,25.84000015258789,6361900,17.520339965820312
2003-03-10,25.700000762939453,26.200000762939453,25.459999084472656,25.520000457763672,3705000,17.303375244140625
2003-03-11,25.6299991607666,25.84000015258789,25.110000610351562,25.219999313354492,3400400,17.099958419799805
2003-03-12,25.149999618530273,25.420000076293945,24.729999542236328,25.149999618530273,4288500,17.052501678466797
2003-03-13,25.420000076293945,25.520000457763672,24.899999618530273,25.350000381469727,6496300,17.188106536865234
2003-03-14,25.25,26.25,25.170000076293945,25.549999237060547,6480800,17.323713302612305
2003-03-17,25.5,27.09000015258789,25.31999969482422,26.899999618530273,5838600,18.239055633544922
2003-03-18,27.3700008392334,28.420000076293945,27,27.829999923706055,5973600,18.86962127685547
2003-03-19,27.899999618530273,28.350000381469727,27.549999237060547,27.950000762939453,3544200,18.950992584228516
2003-03-20,27.899999618530273,28.15999984741211,27.3700008392334,27.81999969482422,3723400,18.862850189208984
2003-03-21,28.239999771118164,28.25,27.010000228881836,28.100000381469727,6547300,19.052696228027344
2003-03-24,27.799999237060547,27.799999237060547,26.940000534057617,27.030000686645508,3703800,18.32720184326172
2003-03-25,27.25,27.649999618530273,26.829999923706055,27.3700008392334,3913900,18.5577335357666
2003-03-26,27.3700008392334,27.399999618530273,26.209999084472656,26.399999618530273,5804200,17.9000301361084
2003-03-27,26.399999618530273,26.559999465942383,25.899999618530273,26.520000457763672,4391200,17.981403350830078
2003-03-28,26.299999237060547,26.299999237060547,25.989999771118164,26.100000381469727,3035600,17.69663429260254
2003-03-31,25,25.59000015258789,24.850000381469727,25.059999465942383,5626000,16.991479873657227
2003-04-01,25.3700008392334,25.959999084472656,25.200000762939453,25.670000076293945,5666000,17.405067443847656
2003-04-02,25.979999542236328,26.760000228881836,25.899999618530273,26.65999984741211,4855500,18.076322555541992
2003-04-03,26.940000534057617,27.100000381469727,26.43000030517578,26.549999237060547,3491100,18.001745223999023
2003-04-04,26.790000915527344,26.850000381469727,26.100000381469727,26.5,3452200,17.96784210205078
2003-04-07,27.100000381469727,27.799999237060547,27.100000381469727,27.399999618530273,4935100,18.57807159423828
2003-04-08,27.149999618530273,27.719999313354492,26.899999618530273,27.360000610351562,3953700,18.55095672607422
2003-04-09,27.360000610351562,28.049999237060547,27.31999969482422,27.479999542236328,4074200,18.63231658935547
2003-04-10,27.479999542236328,27.479999542236328,26.420000076293945,27.09000015258789,4948600,18.367876052856445
2003-04-11,27.09000015258789,27.100000381469727,25.700000762939453,26.469999313354492,4940600,17.947507858276367
2003-04-14,26.479999542236328,27.25,26.350000381469727,27.25,3568800,18.47637176513672
2003-04-15,26.899999618530273,27.290000915527344,26.549999237060547,27.290000915527344,4156200,18.50348472595215
2003-04-16,27.360000610351562,27.459999084472656,26.559999465942383,26.639999389648438,3340000,18.062763214111328
2003-04-17,26.639999389648438,26.719999313354492,26.030000686645508,26.649999618530273,4471300,18.069543838500977
2003-04-21,26.649999618530273,27.110000610351562,26.649999618530273,26.780000686645508,3541400,18.157686233520508
2003-04-22,26.600000381469727,27.809999465942383,26.59000015258789,27.799999237060547,6410800,18.849285125732422
2003-04-23,28,28.65999984741211,27.649999618530273,28.139999389648438,9115300,19.079814910888672
2003-04-24,27.940000534057617,28.440000534057617,27.520000457763672,27.6299991607666,5179200,18.734020233154297
2003-04-25,27.829999923706055,27.850000381469727,27.15999984741211,27.190000534057617,3800600,18.435688018798828
2003-04-28,26.729999542236328,27.459999084472656,26.489999771118164,27.3799991607666,5494500,18.56451416015625
2003-04-29,27.3799991607666,27.84000015258789,27.3799991607666,27.760000228881836,4308500,18.822160720825195
2003-04-30,27.399999618530273,27.6200008392334,27.229999542236328,27.280000686645508,5511900,18.496715545654297
2003-05-01,27.170000076293945,27.299999237060547,27,27.110000610351562,3222300,18.381446838378906
2003-05-02,27.549999237060547,28.770000457763672,27.489999771118164,28.6200008392334,5679400,19.405275344848633
2003-05-05,28.1200008392334,28.389999389648438,27.450000762939453,27.6200008392334,7041100,18.727235794067383
2003-05-06,27.5,28.260000228881836,27.399999618530273,28.139999389648438,5460100,19.079814910888672
2003-05-07,28.139999389648438,28.969999313354492,28.010000228881836,28.3799991607666,4667700,19.242544174194336
2003-05-08,28,28.40999984741211,27.940000534057617,28.139999389648438,2937400,19.079814910888672
2003-05-09,28.549999237060547,29.100000381469727,28.299999237060547,29.100000381469727,4133600,19.730728149414062
2003-05-12,28.899999618530273,29.979999542236328,28.829999923706055,29.81999969482422,5077900,20.218915939331055
2003-05-13,29.780000686645508,29.780000686645508,29.290000915527344,29.549999237060547,3775600,20.03583335876465
2003-05-14,29.700000762939453,29.829999923706055,29.1299991607666,29.489999771118164,3427600,20.110862731933594
2003-05-15,29.549999237060547,30.25,29.5,30.15999984741211,4674300,20.567768096923828
2003-05-16,30.350000381469727,30.760000228881836,30.100000381469727,30.420000076293945,5223000,20.745067596435547
2003-05-19,30.049999237060547,30.059999465942383,28.950000762939453,29.06999969482422,4525600,19.82442855834961
2003-05-20,29.170000076293945,29.25,28.6200008392334,28.93000030517578,3770300,19.72895622253418
2003-05-21,28.799999237060547,29.299999237060547,28.549999237060547,28.799999237060547,3248700,19.64030647277832
2003-05-22,28.799999237060547,29.25,28.760000228881836,29.100000381469727,2495900,19.844892501831055
2003-05-23,29.020000457763672,30.610000610351562,28.760000228881836,29.989999771118164,5766800,20.45183563232422
2003-05-27,29.989999771118164,30,29.40999984741211,29.899999618530273,4648200,20.390457153320312
2003-05-28,29.950000762939453,30.649999618530273,29.899999618530273,30.3799991607666,4420500,20.717792510986328
2003-05-29,30.389999389648438,30.860000610351562,29.809999465942383,29.950000762939453,3599100,20.424556732177734
2003-05-30,30.200000762939453,30.860000610351562,30.149999618530273,30.670000076293945,4221300,20.915565490722656
2003-06-02,31.100000381469727,32.470001220703125,31,31.959999084472656,7347400,21.7952880859375
2003-06-03,31.959999084472656,32.150001525878906,31.700000762939453,32.11000061035156,4382800,21.897573471069336
2003-06-04,32.119998931884766,33.63999938964844,32.029998779296875,33.54999923706055,7432700,22.87958335876465
2003-06-05,33.54999923706055,33.95000076293945,33.2599983215332,33.68000030517578,4630100,22.968246459960938
2003-06-06,34.150001525878906,35.18000030517578,33.95000076293945,34.86000061035156,6821800,23.772951126098633
2003-06-09,34.400001525878906,34.70000076293945,32.83000183105469,33.16999816894531,5990200,22.620445251464844
2003-06-10,33.810001373291016,35.2400016784668,33,34.310001373291016,6225800,23.39788055419922
2003-06-11,34.310001373291016,35.400001525878906,34,35.400001525878906,5272900,24.141212463378906
2003-06-12,35.900001525878906,35.900001525878906,34.93000030517578,35.75,4915300,24.379899978637695
2003-06-13,35.75,35.939998626708984,35.029998779296875,35.34000015258789,5022400,24.100292205810547
2003-06-16,35.650001525878906,36.439998626708984,35.400001525878906,36.40999984741211,4441200,24.82997703552246
2003-06-17,35.900001525878906,37.36000061035156,35.529998779296875,36.150001525878906,5796100,24.65266990661621
2003-06-18,36,36.0099983215332,35.2599983215332,35.83000183105469,8157400,24.434452056884766
2003-06-19,35.45000076293945,35.720001220703125,35.099998474121094,35.5,4700200,24.20940399169922
2003-06-20,35.5,35.83000183105469,35.20000076293945,35.529998779296875,5822300,24.22986602783203
2003-06-23,34.84000015258789,35.20000076293945,34.349998474121094,34.459999084472656,4890800,23.50016975402832
2003-06-24,34.36000061035156,35.099998474121094,34.31999969482422,34.5,4073000,23.52744483947754
2003-06-25,34.540000915527344,35.150001525878906,34.2400016784668,34.40999984741211,2362500,23.46607208251953
2003-06-26,34.220001220703125,34.880001068115234,34.119998931884766,34.400001525878906,2801200,23.459253311157227
2003-06-27,34.29999923706055,34.79999923706055,34.20000076293945,34.220001220703125,2376000,23.336498260498047
2003-06-30,34.54999923706055,34.779998779296875,34.029998779296875,34.31999969482422,4958800,23.404695510864258
2003-07-01,34.099998474121094,34.75,33.900001525878906,34.650001525878906,5643300,23.62974739074707
2003-07-02,34.41999816894531,34.93000030517578,34.25,34.79999923706055,3997100,23.732030868530273
2003-07-03,34.29999923706055,34.65999984741211,34.22999954223633,34.58000183105469,2253500,23.58200454711914
2003-07-07,34.880001068115234,35.20000076293945,34.709999084472656,35.0099983215332,3692500,23.875240325927734
2003-07-08,35.119998931884766,35.20000076293945,34.380001068115234,34.9900016784668,3123500,23.861618041992188
2003-07-09,35,35.54999923706055,34.630001068115234,35.22999954223633,3452000,24.02527618408203
2003-07-10,34.83000183105469,35.150001525878906,34.5099983215332,34.689998626708984,2102900,23.657018661499023
2003-07-11,34.720001220703125,35.18000030517578,34.65999984741211,35.18000030517578,2088700,23.991178512573242
2003-07-14,35.400001525878906,35.43000030517578,34.5,34.58000183105469,4114700,23.58200454711914
2003-07-15,33.45000076293945,34.04999923706055,33,33.439998626708984,9281500,22.804576873779297
2003-07-16,33.400001525878906,33.95000076293945,33.06999969482422,33.38999938964844,3692800,22.770477294921875
2003-07-17,33.150001525878906,33.560001373291016,32.119998931884766,33.16999816894531,3626000,22.620445251464844
2003-07-18,33.209999084472656,33.349998474121094,32.52000045776367,33.349998474121094,4037600,22.74319839477539
2003-07-21,33,33,32.13999938964844,32.349998474121094,4525500,22.061243057250977
2003-07-22,32.20000076293945,32.75,32.20000076293945,32.56999969482422,4450000,22.211278915405273
2003-07-23,32.2400016784668,33.25,31.75,32.689998626708984,4801900,22.293115615844727
2003-07-24,32.599998474121094,32.849998474121094,32.189998626708984,32.20000076293945,5820600,21.958959579467773
2003-07-25,31.549999237060547,32.77000045776367,31.15999984741211,32.68000030517578,4221200,22.286291122436523
2003-07-28,32.68000030517578,32.9900016784668,32.5,32.77000045776367,3329700,22.34766387939453
2003-07-29,32.599998474121094,32.869998931884766,31.989999771118164,32.04999923706055,3513500,21.856658935546875
2003-07-30,32,32.560001373291016,32,32.52000045776367,3245200,22.177175521850586
2003-07-31,32.619998931884766,33.400001525878906,32.619998931884766,33.119998931884766,5215800,22.586345672607422
2003-08-01,32.709999084472656,33,32.380001068115234,32.41999816894531,3544300,22.10898780822754
2003-08-04,32.20000076293945,32.650001525878906,31.950000762939453,32.220001220703125,3233900,21.97258758544922
2003-08-05,31.959999084472656,32.18000030517578,31.219999313354492,31.219999313354492,3912600,21.29063606262207
2003-08-06,31.25,32.2599983215332,31,31.90999984741211,3255300,21.761184692382812
2003-08-07,31.719999313354492,31.979999542236328,31.350000381469727,31.93000030517578,1665500,21.774822235107422
2003-08-08,31.93000030517578,32.529998779296875,31.920000076293945,32.25,2745000,21.993053436279297
2003-08-11,32.400001525878906,32.54999923706055,31.709999084472656,32.220001220703125,2166300,21.97258758544922
2003-08-12,32.119998931884766,32.619998931884766,32.060001373291016,32.61000061035156,2119500,22.238557815551758
2003-08-13,32.439998626708984,32.72999954223633,32.22999954223633,32.380001068115234,1844800,22.197425842285156
2003-08-14,32.5,33.04999923706055,32.119998931884766,32.97999954223633,2276500,22.608741760253906
2003-08-15,33.150001525878906,33.150001525878906,32.65999984741211,32.939998626708984,1663800,22.581310272216797
2003-08-18,33.099998474121094,33.65999984741211,33,33.58000183105469,2986800,23.020057678222656
2003-08-19,33.630001068115234,34.349998474121094,33.529998779296875,34.33000183105469,4553700,23.534210205078125
2003-08-20,34.33000183105469,34.630001068115234,33.970001220703125,34.36000061035156,3063100,23.554773330688477
2003-08-21,34.5,35.25,34.47999954223633,34.939998626708984,3912000,23.952375411987305
2003-08-22,35.650001525878906,36.279998779296875,35.45000076293945,35.68000030517578,6420200,24.459667205810547
2003-08-25,35.66999816894531,35.77000045776367,35.130001068115234,35.29999923706055,2976200,24.199161529541016
2003-08-26,35.20000076293945,35.79999923706055,35.11000061035156,35.709999084472656,3392900,24.480239868164062
2003-08-27,35.650001525878906,36.349998474121094,35.34000015258789,36.13999938964844,3830900,24.77500343322754
2003-08-28,36.13999938964844,37.06999969482422,36.02000045776367,36.97999954223633,3999200,25.350862503051758
2003-08-29,36.90999984741211,37.459999084472656,36.58000183105469,37.38999938964844,2781100,25.631916046142578
2003-09-02,37.290000915527344,37.779998779296875,37.2400016784668,37.689998626708984,2984800,25.83759117126465
2003-09-03,37.79999923706055,38.900001525878906,37.5099983215332,38.369998931884766,4937300,26.30373764038086
2003-09-04,38.369998931884766,38.7599983215332,37.790000915527344,37.88999938964844,3161100,25.974687576293945
2003-09-05,37.88999938964844,37.88999938964844,36.79999923706055,37.15999984741211,3938900,25.474252700805664
2003-09-08,37.45000076293945,37.59000015258789,36.7400016784668,36.959999084472656,4605700,25.337158203125
2003-09-09,36.75,36.90999984741211,36.25,36.33000183105469,3460200,24.905256271362305
2003-09-10,36.18000030517578,36.4900016784668,35.33000183105469,35.619998931884766,4059000,24.418527603149414
2003-09-11,35.619998931884766,36.099998474121094,35.11000061035156,35.720001220703125,3921400,24.487085342407227
2003-09-12,35.720001220703125,36,35.470001220703125,35.65999984741211,3478300,24.445953369140625
2003-09-15,35.40999984741211,35.66999816894531,35.209999084472656,35.5,2238400,24.336271286010742
2003-09-16,35.47999954223633,35.95000076293945,35.47999954223633,35.810001373291016,3047000,24.548786163330078
2003-09-17,35.720001220703125,35.849998474121094,35.43000030517578,35.43000030517578,1595600,24.288286209106445
2003-09-18,35.68000030517578,36.34000015258789,35.47999954223633,36.13999938964844,3374000,24.77500343322754
2003-09-19,36.13999938964844,36.599998474121094,35.66999816894531,35.790000915527344,3482600,24.535079956054688
2003-09-22,35.45000076293945,35.45000076293945,34.709999084472656,34.88999938964844,2881500,23.91809844970703
2003-09-23,34.689998626708984,35.31999969482422,34.2599983215332,35.150001525878906,3356500,24.096328735351562
2003-09-24,34.900001525878906,35.08000183105469,34.08000183105469,34.20000076293945,3030300,23.445091247558594
2003-09-25,33.959999084472656,34.4900016784668,33.65999984741211,33.7599983215332,3055500,23.143449783325195
2003-09-26,33.81999969482422,34.380001068115234,33.70000076293945,34.0099983215332,3042000,23.314836502075195
2003-09-29,34.45000076293945,34.849998474121094,34.310001373291016,34.45000076293945,3373500,23.61646270751953
2003-09-30,34.150001525878906,34.599998474121094,33.88999938964844,34.33000183105469,2740400,23.534210205078125
2003-10-01,34.5,35.36000061035156,34.400001525878906,35.34000015258789,2726400,24.22658920288086
2003-10-02,35,35.45000076293945,34.810001373291016,35.33000183105469,2339300,24.219722747802734
2003-10-03,35.84000015258789,36.31999969482422,35.56999969482422,35.849998474121094,3515900,24.576200485229492
2003-10-06,35.599998474121094,35.91999816894531,35.2599983215332,35.810001373291016,2134000,24.548786163330078
2003-10-07,36.099998474121094,36.290000915527344,35.529998779296875,36.16999816894531,2188900,24.795576095581055
2003-10-08,35.900001525878906,36.439998626708984,35.75,36.279998779296875,2246800,24.870990753173828
2003-10-09,36.72999954223633,37.2599983215332,36.560001373291016,36.790000915527344,3631100,25.220609664916992
2003-10-10,37,37.2400016784668,36.880001068115234,36.95000076293945,2575900,25.330289840698242
2003-10-13,36.959999084472656,37.29999923706055,36.900001525878906,37.29999923706055,2160600,25.570222854614258
2003-10-14,37,37.22999954223633,36.81999969482422,37.150001525878906,2873800,25.467388153076172
2003-10-15,36.91999816894531,37.09000015258789,36.61000061035156,37,2814800,25.364564895629883
2003-10-16,36.79999923706055,37.68000030517578,36.709999084472656,37.45000076293945,2848300,25.673057556152344
2003-10-17,37.5,37.75,37.189998626708984,37.2400016784668,2148500,25.529090881347656
2003-10-20,37.04999923706055,37.61000061035156,36.91999816894531,37.27000045776367,1907700,25.549659729003906
2003-10-21,37.25,37.25,36.31999969482422,36.599998474121094,2314200,25.090364456176758
2003-10-22,36.20000076293945,36.38999938964844,35.95000076293945,36.15999984741211,2131400,24.78870964050293
2003-10-23,36.15999984741211,36.15999984741211,35.52000045776367,35.939998626708984,2305800,24.63789939880371
2003-10-24,35.45000076293945,36.279998779296875,35.45000076293945,36.279998779296875,2004400,24.870990753173828
2003-10-27,36.27000045776367,36.4900016784668,35.91999816894531,36.040000915527344,1524900,24.70646095275879
2003-10-28,36.04999923706055,36.380001068115234,35.310001373291016,36.040000915527344,3785900,24.70646095275879
2003-10-29,37.25,38.900001525878906,37.099998474121094,38.5,8121500,26.39286994934082
2003-10-30,39,39.209999084472656,38.68000030517578,38.77000045776367,5708600,26.577960968017578
2003-10-31,38.900001525878906,39,38.11000061035156,38.4900016784668,3036000,26.386003494262695
2003-11-03,38.540000915527344,39.25,38.540000915527344,38.90999984741211,2627100,26.673919677734375
2003-11-04,38.66999816894531,39.060001373291016,38.5099983215332,38.72999954223633,2155300,26.550519943237305
2003-11-05,38.95000076293945,39,38.310001373291016,38.599998474121094,2642100,26.461406707763672
2003-11-06,38.36000061035156,39.04999923706055,38.36000061035156,38.88999938964844,2929000,26.66021156311035
2003-11-07,39.20000076293945,39.22999954223633,38.709999084472656,38.900001525878906,2592000,26.66707420349121
2003-11-10,39,39,38.38999938964844,38.83000183105469,2263500,26.619083404541016
2003-11-11,38.599998474121094,38.790000915527344,38.060001373291016,38.31999969482422,2376000,26.26946449279785
2003-11-12,38.13999938964844,39.290000915527344,38.099998474121094,39.06999969482422,2911600,26.902965545654297
2003-11-13,39.0099983215332,40.150001525878906,39.0099983215332,39.900001525878906,4061400,27.474489212036133
2003-11-14,39.97999954223633,40,38.970001220703125,39.25,1889900,27.026906967163086
2003-11-17,39,39.970001220703125,38.900001525878906,39.7400016784668,3391600,27.36431312561035
2003-11-18,39.25,39.66999816894531,38.5099983215332,38.83000183105469,5336500,26.737701416015625
2003-11-19,38.599998474121094,39.619998931884766,38.529998779296875,39.400001525878906,2442000,27.130186080932617
2003-11-20,39.099998474121094,39.56999969482422,38.90999984741211,39.349998474121094,2614700,27.09575843811035
2003-11-21,39.349998474121094,39.47999954223633,38.5,38.86000061035156,2793600,26.758350372314453
2003-11-24,39.04999923706055,39.04999923706055,38.02000045776367,38.88999938964844,6189700,26.779014587402344
2003-11-25,38.66999816894531,38.900001525878906,38.20000076293945,38.2599983215332,3817300,26.345212936401367
2003-11-26,38.20000076293945,38.380001068115234,37.61000061035156,38.279998779296875,3481100,26.358983993530273
2003-11-28,38.380001068115234,38.75,38.2400016784668,38.38999938964844,1210600,26.434724807739258
2003-12-01,37.599998474121094,38.68000030517578,37.599998474121094,38.02000045776367,7158500,26.179941177368164
2003-12-02,38,38.470001220703125,37.599998474121094,37.83000183105469,6297800,26.04911994934082
2003-12-03,37.880001068115234,38.68000030517578,37.650001525878906,38.52000045776367,3782800,26.52423858642578
2003-12-04,38.52000045776367,39.20000076293945,38.349998474121094,39.11000061035156,3092300,26.930503845214844
2003-12-05,38.86000061035156,38.939998626708984,37.869998931884766,38,4324900,26.166168212890625
2003-12-08,38.18000030517578,39.119998931884766,38.150001525878906,39.119998931884766,2956200,26.9373779296875
2003-12-09,39.04999923706055,39.119998931884766,38.150001525878906,38.58000183105469,3342500,26.56556510925293
2003-12-10,38.5,39,38.290000915527344,38.869998931884766,3180500,26.765249252319336
2003-12-11,38.900001525878906,39.61000061035156,38.900001525878906,39.560001373291016,3057400,27.240373611450195
2003-12-12,39.4900016784668,39.4900016784668,38.900001525878906,39.369998931884766,2608500,27.109525680541992
2003-12-15,39.72999954223633,39.869998931884766,39.20000076293945,39.20000076293945,2758700,26.99247932434082
2003-12-16,39.16999816894531,39.9900016784668,39.16999816894531,39.93000030517578,2845500,27.495140075683594
2003-12-17,39.970001220703125,41.09000015258789,39.970001220703125,40.86000061035156,5534600,28.135534286499023
2003-12-18,40.97999954223633,41.380001068115234,40.689998626708984,41.349998474121094,3143500,28.472930908203125
2003-12-19,41.72999954223633,41.95000076293945,41.150001525878906,41.47999954223633,5971500,28.562450408935547
2003-12-22,41.4900016784668,41.880001068115234,41.290000915527344,41.599998474121094,2771000,28.645069122314453
2003-12-23,41.720001220703125,42,41.65999984741211,41.939998626708984,2127200,28.87919807434082
2003-12-24,41.599998474121094,41.86000061035156,41.290000915527344,41.36000061035156,1341300,28.479812622070312
2003-12-26,41.5,41.65999984741211,41.349998474121094,41.470001220703125,502900,28.555559158325195
2003-12-29,41.540000915527344,42.029998779296875,41.369998931884766,42,1873300,28.920516967773438
2003-12-30,42.650001525878906,43.369998931884766,42.16999816894531,42.279998779296875,4884800,29.113323211669922
2003-12-31,42.54999923706055,42.560001373291016,41.88999938964844,42.13999938964844,2432900,29.01692008972168
2004-01-02,42.5,42.70000076293945,41.709999084472656,41.9900016784668,3146700,28.913616180419922
2004-01-05,42.20000076293945,42.58000183105469,41.939998626708984,42.06999969482422,4115500,28.968711853027344
2004-01-06,42,42,41.470001220703125,41.93000030517578,2515800,28.872314453125
2004-01-07,41.93000030517578,42.650001525878906,41.689998626708984,42.279998779296875,4219200,29.113323211669922
2004-01-08,42.5,43.13999938964844,42.2599983215332,42.86000061035156,3114600,29.512699127197266
2004-01-09,42.79999923706055,44.529998779296875,42.540000915527344,42.63999938964844,4080900,29.3612060546875
2004-01-12,42.63999938964844,42.63999938964844,42.04999923706055,42.40999984741211,2449200,29.202836990356445
2004-01-13,42.29999923706055,42.470001220703125,41.599998474121094,42.2400016784668,2383600,29.08577537536621
2004-01-14,42.599998474121094,43.29999923706055,42.560001373291016,43.11000061035156,2968000,29.684833526611328
2004-01-15,43.20000076293945,43.400001525878906,42.709999084472656,43.040000915527344,2353500,29.636638641357422
2004-01-16,43.45000076293945,44.0099983215332,43.060001373291016,44.0099983215332,2644100,30.304569244384766
2004-01-20,44.54999923706055,44.709999084472656,42.97999954223633,43.18000030517578,5003600,29.733036041259766
2004-01-21,43.22999954223633,43.81999969482422,42.900001525878906,43.599998474121094,3585400,30.022245407104492
2004-01-22,43.400001525878906,43.630001068115234,42.880001068115234,42.900001525878906,2591800,29.540237426757812
2004-01-23,42.849998474121094,43.08000183105469,41.63999938964844,41.849998474121094,4071200,28.817224502563477
2004-01-26,41.849998474121094,42.540000915527344,41.650001525878906,42.439998626708984,2867500,29.223478317260742
2004-01-27,42.29999923706055,42.599998474121094,41.650001525878906,41.939998626708984,2111800,28.87919807434082
2004-01-28,41.95000076293945,42.599998474121094,41.5,41.540000915527344,3394700,28.603769302368164
2004-01-29,42.5,42.68000030517578,42,42.29999923706055,3339600,29.127094268798828
2004-01-30,42,42.150001525878906,41.52000045776367,41.75,2648800,28.74836540222168
2004-02-02,41.66999816894531,43.09000015258789,41.599998474121094,42.540000915527344,3297800,29.292346954345703
2004-02-03,42.540000915527344,43.47999954223633,42.209999084472656,43.099998474121094,3800700,29.677953720092773
2004-02-04,43.099998474121094,44.25,43.04999923706055,43.560001373291016,5417700,29.994701385498047
2004-02-05,43.630001068115234,44.45000076293945,43.58000183105469,44.36000061035156,3405300,30.54555892944336
2004-02-06,44.36000061035156,45.02000045776367,43.9900016784668,44.349998474121094,4877300,30.538686752319336
2004-02-09,44.20000076293945,44.349998474121094,43.720001220703125,43.959999084472656,3042800,30.27011489868164
2004-02-10,43.81999969482422,43.900001525878906,43.5,43.77000045776367,2803500,30.139301300048828
2004-02-11,43.599998474121094,44.61000061035156,43.31999969482422,44.4900016784668,3146000,30.754539489746094
2004-02-12,44.29999923706055,44.47999954223633,44.02000045776367,44.369998931884766,1798300,30.67157745361328
2004-02-13,44.20000076293945,44.65999984741211,44.16999816894531,44.45000076293945,1935900,30.726884841918945
2004-02-17,44.599998474121094,44.75,44.38999938964844,44.599998474121094,2101100,30.830564498901367
2004-02-18,44.900001525878906,45.099998474121094,44.380001068115234,44.59000015258789,2962600,30.823659896850586
2004-02-19,44.900001525878906,44.959999084472656,44.400001525878906,44.52000045776367,3531800,30.775279998779297
2004-02-20,44.650001525878906,44.939998626708984,44.29999923706055,44.34000015258789,3277100,30.650840759277344
2004-02-23,44.540000915527344,44.56999969482422,43.09000015258789,43.619998931884766,4039400,30.15313148498535
2004-02-24,43.29999923706055,43.72999954223633,42.900001525878906,43.220001220703125,3146900,29.876623153686523
2004-02-25,43.220001220703125,44.060001373291016,43.09000015258789,43.81999969482422,3079600,30.291393280029297
2004-02-26,43,43.720001220703125,41.970001220703125,42.439998626708984,7138600,29.33742332458496
2004-02-27,42.650001525878906,43.56999969482422,42.650001525878906,43.369998931884766,6752700,29.980308532714844
2004-03-01,43.380001068115234,43.869998931884766,43,43.77000045776367,2622000,30.256813049316406
2004-03-02,43.54999923706055,43.86000061035156,42.97999954223633,43.33000183105469,2843200,29.952655792236328
2004-03-03,43.06999969482422,43.400001525878906,42.959999084472656,43.060001373291016,2838400,29.766006469726562
2004-03-04,42.869998931884766,43,42.220001220703125,42.630001068115234,2423400,29.468761444091797
2004-03-05,42.54999923706055,42.900001525878906,42.13999938964844,42.720001220703125,3163700,29.530990600585938
2004-03-08,42.720001220703125,42.849998474121094,42.400001525878906,42.41999816894531,2552800,29.32360076904297
2004-03-09,42.20000076293945,42.70000076293945,41.40999984741211,41.68000030517578,3561800,28.812068939208984
2004-03-10,41.75,41.75,40.72999954223633,41.119998931884766,3745800,28.42496109008789
2004-03-11,41,41.119998931884766,40.06999969482422,40.150001525878906,3113400,27.754425048828125
2004-03-12,40.08000183105469,40.38999938964844,38.869998931884766,40.29999923706055,4599100,27.858108520507812
2004-03-15,39.95000076293945,40.459999084472656,39.43000030517578,39.779998779296875,3114000,27.498659133911133
2004-03-16,38.97999954223633,39.59000015258789,38.97999954223633,39.40999984741211,3629000,27.242887496948242
2004-03-17,39.54999923706055,39.88999938964844,39.47999954223633,39.79999923706055,2581800,27.51247787475586
2004-03-18,39.75,39.93000030517578,39.29999923706055,39.720001220703125,2352800,27.457178115844727
2004-03-19,39.720001220703125,40.04999923706055,39.369998931884766,39.43000030517578,2732400,27.2567195892334
2004-03-22,38.43000030517578,38.900001525878906,38.040000915527344,38.68000030517578,4475800,26.73826026916504
2004-03-23,38.93000030517578,39.88999938964844,38.93000030517578,39.11000061035156,3495900,27.035512924194336
2004-03-24,38.72999954223633,39.27000045776367,38.34000015258789,39.029998779296875,3381100,26.980199813842773
2004-03-25,39.25,39.900001525878906,39.099998474121094,39.720001220703125,2025300,27.457178115844727
2004-03-26,39.52000045776367,39.77000045776367,39.099998474121094,39.349998474121094,3591900,27.201406478881836
2004-03-29,39.79999923706055,40.02000045776367,39.599998474121094,39.93000030517578,2133500,27.602354049682617
2004-03-30,39.79999923706055,40.43000030517578,39.70000076293945,40.33000183105469,2467300,27.878854751586914
2004-03-31,40.5,41.349998474121094,40.31999969482422,41.06999969482422,3416500,28.390392303466797
2004-04-01,41.06999969482422,41.27000045776367,40.599998474121094,40.77000045776367,2315900,28.183012008666992
2004-04-02,41.099998474121094,42.040000915527344,41.04999923706055,41.84000015258789,3273200,28.922677993774414
2004-04-05,41.849998474121094,42.58000183105469,41.849998474121094,42.540000915527344,2391800,29.406558990478516
2004-04-06,42.349998474121094,42.400001525878906,42.11000061035156,42.36000061035156,1925000,29.282135009765625
2004-04-07,42.15999984741211,42.36000061035156,41.5099983215332,41.7599983215332,2845300,28.86736488342285
2004-04-08,41.95000076293945,42.22999954223633,41.20000076293945,41.349998474121094,2152000,28.58395767211914
2004-04-12,41.70000076293945,42.189998626708984,41.599998474121094,42.150001525878906,1606200,29.1369686126709
2004-04-13,42.16999816894531,42.599998474121094,41.68000030517578,41.779998779296875,2586000,28.881195068359375
2004-04-14,41.72999954223633,41.900001525878906,41.41999816894531,41.56999969482422,1666800,28.736026763916016
2004-04-15,41.849998474121094,42.029998779296875,41.11000061035156,41.529998779296875,1516200,28.7083797454834
2004-04-16,42.029998779296875,42.2400016784668,41.400001525878906,41.5,2625100,28.68764305114746
2004-04-19,41.630001068115234,41.709999084472656,41.38999938964844,41.4900016784668,1312800,28.680723190307617
2004-04-20,41.470001220703125,41.70000076293945,40.54999923706055,40.54999923706055,2292100,28.030954360961914
2004-04-21,40.4900016784668,41.220001220703125,40.310001373291016,40.849998474121094,2137500,28.23831558227539
2004-04-22,41.70000076293945,42.630001068115234,41.349998474121094,42.27000045776367,3583200,29.219913482666016
2004-04-23,42.15999984741211,42.75,41.869998931884766,42.45000076293945,2225600,29.344345092773438
2004-04-26,43.150001525878906,43.5,42.93000030517578,43.2400016784668,3311100,29.890457153320312
2004-04-27,43.2400016784668,44,43.2400016784668,43.54999923706055,2892200,30.104738235473633
2004-04-28,44.04999923706055,44.900001525878906,43.54999923706055,44.029998779296875,6048100,30.436546325683594
2004-04-29,44.029998779296875,44.150001525878906,43.06999969482422,43.25,2485400,29.897367477416992
2004-04-30,43.25,43.279998779296875,42.599998474121094,42.689998626708984,2675700,29.510238647460938
2004-05-03,43.25,44,43.20000076293945,43.58000183105469,2806900,30.12548065185547
2004-05-04,43.58000183105469,43.65999984741211,43.0099983215332,43.279998779296875,3223200,29.9180965423584
2004-05-05,43.130001068115234,44.09000015258789,43,43.7599983215332,2519100,30.24989891052246
2004-05-06,43.68000030517578,44.29999923706055,43.5,43.93000030517578,3401400,30.367443084716797
2004-05-07,43.599998474121094,44.04999923706055,43.310001373291016,43.400001525878906,2263900,30.001052856445312
2004-05-10,43,43.279998779296875,42.290000915527344,42.59000015258789,3666900,29.441129684448242
2004-05-11,42.5,43.36000061035156,42.40999984741211,43.18000030517578,3322000,29.84896469116211
2004-05-12,43.20000076293945,43.58000183105469,42.70000076293945,43.58000183105469,2763300,30.12548065185547
2004-05-13,43.630001068115234,43.84000015258789,43.18000030517578,43.619998931884766,2008300,30.15313148498535
2004-05-14,43.099998474121094,43.59000015258789,42.95000076293945,43.439998626708984,2710000,30.028697967529297
2004-05-17,42.70000076293945,43.61000061035156,42.4900016784668,42.72999954223633,2454500,29.537887573242188
2004-05-18,42.84000015258789,43.20000076293945,42.70000076293945,43.02000045776367,1477200,29.73836898803711
2004-05-19,43.099998474121094,44.11000061035156,43.040000915527344,43.380001068115234,3016800,30.12728500366211
2004-05-20,43.13999938964844,43.220001220703125,42.75,42.91999816894531,2281200,29.807809829711914
2004-05-21,43.150001525878906,43.459999084472656,43,43.400001525878906,2493000,30.141183853149414
2004-05-24,44.220001220703125,44.599998474121094,44.02000045776367,44.560001373291016,3803600,30.94678497314453
2004-05-25,44.54999923706055,44.91999816894531,44.25,44.70000076293945,3989900,31.04402732849121
2004-05-26,44.349998474121094,44.97999954223633,44.130001068115234,44.7599983215332,3432900,31.0856990814209
2004-05-27,45,46.619998931884766,44.90999984741211,46.20000076293945,6691500,32.08578109741211
2004-05-28,46,46.5,45.45000076293945,45.79999923706055,5323600,31.807966232299805
2004-06-01,45.900001525878906,46.29999923706055,45.5099983215332,45.880001068115234,4211300,31.8635311126709
2004-06-02,47.220001220703125,47.220001220703125,45.900001525878906,46.75,4115400,32.46773910522461
2004-06-03,46.45000076293945,46.650001525878906,46.099998474121094,46.099998474121094,2363100,32.01631164550781
2004-06-04,46.29999923706055,47.029998779296875,46.20000076293945,46.900001525878906,2832700,32.5718994140625
2004-06-07,47.5,48.400001525878906,47.470001220703125,48.130001068115234,5770800,33.4261474609375
2004-06-08,48,48.130001068115234,47.619998931884766,48.09000015258789,3664400,33.398372650146484
2004-06-09,48.09000015258789,48.81999969482422,48.04999923706055,48.65999984741211,3340400,33.79424285888672
2004-06-10,48.619998931884766,48.83000183105469,48.439998626708984,48.75,2532500,33.856746673583984
2004-06-14,48.5,48.97999954223633,48.369998931884766,48.83000183105469,4027300,33.91230773925781
2004-06-15,49.900001525878906,49.900001525878906,48.900001525878906,49.25,7011800,34.2039794921875
2004-06-16,49.470001220703125,50,49.310001373291016,49.900001525878906,3370100,34.65540313720703
2004-06-17,49.58000183105469,49.689998626708984,49.34000015258789,49.470001220703125,3540400,34.356773376464844
2004-06-18,49.31999969482422,49.95000076293945,49.2400016784668,49.79999923706055,4066600,34.58594512939453
2004-06-21,49.650001525878906,49.91999816894531,49.470001220703125,49.5,2346100,34.37760925292969
2004-06-22,49.349998474121094,49.790000915527344,49.33000183105469,49.66999816894531,2640700,34.49567413330078
2004-06-23,49.5,50.75,49.400001525878906,50.66999816894531,3559100,35.19016647338867
2004-06-24,50.2599983215332,50.779998779296875,50.11000061035156,50.349998474121094,2463300,34.96794509887695
2004-06-25,50.41999816894531,51.349998474121094,50.400001525878906,51.29999923706055,4449200,35.62771224975586
2004-06-28,51.29999923706055,51.4900016784668,50.099998474121094,50.209999084472656,2966400,34.87071228027344
2004-06-29,49.9900016784668,50.70000076293945,49.81999969482422,50.5099983215332,3127500,35.07904052734375
2004-06-30,50.5099983215332,51.22999954223633,50.41999816894531,51.09000015258789,2692000,35.481868743896484
2004-07-01,50.099998474121094,50.529998779296875,49.56999969482422,49.900001525878906,3591700,34.65540313720703
2004-07-02,49.52000045776367,49.689998626708984,48.84000015258789,49.52000045776367,2820700,34.39150619506836
2004-07-06,49.900001525878906,50.11000061035156,49.06999969482422,49.310001373291016,4004200,34.24565887451172
2004-07-07,49.54999923706055,49.83000183105469,49.130001068115234,49.38999938964844,2882300,34.301212310791016
2004-07-08,49.38999938964844,50.27000045776367,48.81999969482422,49.970001220703125,3536200,34.70402908325195
2004-07-09,49.939998626708984,50.25,49.880001068115234,50.040000915527344,2353100,34.75264358520508
2004-07-12,49.95000076293945,50.29999923706055,49.75,50.20000076293945,2947400,34.8637580871582
2004-07-13,50.20000076293945,50.369998931884766,49.91999816894531,50.2599983215332,2052000,34.90544128417969
2004-07-14,50.2599983215332,50.650001525878906,49.150001525878906,49.31999969482422,2811600,34.25260543823242
2004-07-15,49.099998474121094,49.470001220703125,48.34000015258789,49.13999938964844,3533600,34.12759017944336
2004-07-16,49.599998474121094,49.61000061035156,49,49.130001068115234,2191100,34.12064743041992
2004-07-19,49.349998474121094,49.529998779296875,48.47999954223633,48.66999816894531,2645900,33.80118179321289
2004-07-20,48.68000030517578,48.86000061035156,48.310001373291016,48.7599983215332,2419800,33.863677978515625
2004-07-21,48.70000076293945,49.09000015258789,47.720001220703125,47.720001220703125,3197200,33.141414642333984
2004-07-22,47.720001220703125,48.029998779296875,46.400001525878906,47.29999923706055,6510000,32.849708557128906
2004-07-23,47.310001373291016,47.380001068115234,46.61000061035156,47.060001373291016,2905500,32.68303680419922
2004-07-26,47.099998474121094,47.41999816894531,46.88999938964844,47,2238500,32.6413688659668
2004-07-27,47.349998474121094,48.349998474121094,47.11000061035156,48.220001220703125,2979300,33.488651275634766
2004-07-28,48.7400016784668,49.77000045776367,48.5099983215332,49.0099983215332,4192600,34.03730010986328
2004-07-29,49.400001525878906,49.95000076293945,49.209999084472656,49.68000030517578,2885700,34.502628326416016
2004-07-30,49.900001525878906,51.25,49.7400016784668,50.75,4844300,35.24573516845703
2004-08-02,50.20000076293945,51.04999923706055,50.15999984741211,50.90999984741211,2417200,35.35684585571289
2004-08-03,50.939998626708984,51.459999084472656,50.61000061035156,50.7599983215332,3477700,35.2526741027832
2004-08-04,50.599998474121094,51.04999923706055,50.29999923706055,51,3574400,35.41934585571289
2004-08-05,51,51.18000030517578,50,50.0099983215332,2862300,34.73179626464844
2004-08-06,49.970001220703125,49.970001220703125,48.27000045776367,48.33000183105469,3667000,33.5650520324707
2004-08-09,48.79999923706055,48.939998626708984,48.459999084472656,48.7599983215332,2382900,33.863677978515625
2004-08-10,48.5099983215332,49.61000061035156,48.5099983215332,49.61000061035156,3542600,34.454002380371094
2004-08-11,49.25,49.790000915527344,48.529998779296875,49.68000030517578,2992200,34.642276763916016
2004-08-12,49.439998626708984,49.75,48.63999938964844,49.33000183105469,2987600,34.39822769165039
2004-08-13,49.70000076293945,49.79999923706055,49.20000076293945,49.720001220703125,2226700,34.6701774597168
2004-08-16,49.720001220703125,51.06999969482422,49.63999938964844,50.95000076293945,4286400,35.52786636352539
2004-08-17,51.20000076293945,51.31999969482422,50.18000030517578,50.310001373291016,3607200,35.081573486328125
2004-08-18,50.290000915527344,50.75,49.93000030517578,50.7400016784668,2006100,35.38142395019531
2004-08-19,50.7400016784668,50.83000183105469,49.95000076293945,50.25,2199900,35.039737701416016
2004-08-20,50,50.560001373291016,49.970001220703125,50.459999084472656,3430000,35.186161041259766
2004-08-23,50.75,50.7599983215332,50.349998474121094,50.650001525878906,2112700,35.31866455078125
2004-08-24,50.72999954223633,51,50.38999938964844,50.90999984741211,1713800,35.499961853027344
2004-08-25,51.54999923706055,52.81999969482422,51.150001525878906,52.5,7318100,36.60869216918945
2004-08-26,52.5099983215332,52.650001525878906,51.93000030517578,52.06999969482422,3363600,36.30883026123047
2004-08-27,52.130001068115234,52.599998474121094,51.880001068115234,51.9900016784668,1457000,36.2530517578125
2004-08-30,51.9900016784668,52.5099983215332,51.810001373291016,51.869998931884766,1615000,36.16938018798828
2004-08-31,51.900001525878906,52.220001220703125,51.689998626708984,52.220001220703125,2246400,36.41344451904297
2004-09-01,52.099998474121094,52.58000183105469,51.939998626708984,52.38999938964844,2275100,36.531978607177734
2004-09-02,52.38999938964844,53.689998626708984,52.36000061035156,53.619998931884766,2894000,37.38967514038086
2004-09-03,53.68000030517578,53.95000076293945,53.099998474121094,53.099998474121094,2888500,37.02708435058594
2004-09-07,53.400001525878906,54.0099983215332,53.400001525878906,53.970001220703125,2965800,37.63372802734375
2004-09-08,53.61000061035156,54.31999969482422,53.599998474121094,54.04999923706055,3034500,37.68951416015625
2004-09-09,53.970001220703125,54.16999816894531,53.22999954223633,53.2599983215332,2572000,37.13863754272461
2004-09-10,52.849998474121094,54.20000076293945,52.650001525878906,54.150001525878906,3128100,37.759246826171875
2004-09-13,54.150001525878906,54.86000061035156,53.810001373291016,54.279998779296875,2988800,37.849891662597656
2004-09-14,54.290000915527344,54.4900016784668,53.720001220703125,53.91999816894531,1938800,37.5988655090332
2004-09-15,54.04999923706055,54.25,53.33000183105469,53.65999984741211,1709100,37.417564392089844
2004-09-16,53.79999923706055,54.56999969482422,53.66999816894531,54.52000045776367,2396600,38.01725387573242
2004-09-17,54.72999954223633,55.2400016784668,54.560001373291016,55.150001525878906,3318500,38.456546783447266
2004-09-20,54.75,55.189998626708984,54.41999816894531,54.7400016784668,2458000,38.17064666748047
2004-09-21,54.709999084472656,55.04999923706055,54.52000045776367,54.70000076293945,2631700,38.14276123046875
2004-09-22,54.29999923706055,54.439998626708984,53.40999984741211,53.68000030517578,2831300,37.43150329589844
2004-09-23,53.20000076293945,53.25,52.58000183105469,53,4001900,36.95733642578125
2004-09-24,52.97999954223633,53.400001525878906,52.790000915527344,53.13999938964844,2748300,37.054962158203125
2004-09-27,52.900001525878906,53,52.29999923706055,52.5099983215332,2092500,36.615657806396484
2004-09-28,52.5099983215332,52.720001220703125,51.75,52.31999969482422,3510700,36.48316955566406
2004-09-29,51.41999816894531,51.41999816894531,50.5,51.0099983215332,5992800,35.569679260253906
2004-09-30,50.849998474121094,51.9900016784668,50.619998931884766,51.619998931884766,3846000,35.99504089355469
2004-10-01,51.619998931884766,52.4900016784668,51.41999816894531,52.47999954223633,3384700,36.59474182128906
2004-10-04,52.54999923706055,52.869998931884766,50.880001068115234,52.31999969482422,4832900,36.48316955566406
2004-10-05,52,52.06999969482422,51.29999923706055,51.4900016784668,3402200,35.90440368652344
2004-10-06,51.4900016784668,52.36000061035156,51.13999938964844,52.36000061035156,2485700,36.511070251464844
2004-10-07,52.4900016784668,52.4900016784668,51.31999969482422,51.31999969482422,1998800,35.785858154296875
2004-10-08,51.119998931884766,51.2400016784668,49.88999938964844,50.099998474121094,3952100,34.93513107299805
2004-10-11,50.11000061035156,50.4900016784668,49.970001220703125,50.2599983215332,2236000,35.046730041503906
2004-10-12,50.27000045776367,50.560001373291016,49.810001373291016,50.400001525878906,2509300,35.144344329833984
2004-10-13,50.709999084472656,51.09000015258789,49.91999816894531,50.22999954223633,2272300,35.025794982910156
2004-10-14,50.150001525878906,51,50.150001525878906,50.25,3048600,35.039737701416016
2004-10-15,50.5,51.279998779296875,50.18000030517578,50.189998626708984,3467700,34.99790954589844
2004-10-18,49.54999923706055,49.83000183105469,49.25,49.59000015258789,3079100,34.57951354980469
2004-10-19,49.099998474121094,50,48.849998474121094,49.209999084472656,3186000,34.31452941894531
2004-10-20,49.29999923706055,49.54999923706055,48.29999923706055,48.959999084472656,3242100,34.140201568603516
2004-10-21,48.95000076293945,49.97999954223633,48.810001373291016,49.560001373291016,3704100,34.558589935302734
2004-10-22,49.5,50.099998474121094,49.06999969482422,49.5099983215332,2456400,34.52371597290039
2004-10-25,49.04999923706055,49.31999969482422,48.099998474121094,49,4022100,34.168094635009766
2004-10-26,48.81999969482422,50.16999816894531,48.650001525878906,49.97999954223633,3880000,34.851470947265625
2004-10-27,51,51.25,49.79999923706055,50.099998474121094,5435700,34.93513107299805
2004-10-28,50.11000061035156,50.45000076293945,49.540000915527344,49.869998931884766,4138500,34.77476501464844
2004-10-29,49.970001220703125,50.220001220703125,49.79999923706055,49.900001525878906,2720200,34.795677185058594
2004-11-01,50.099998474121094,50.16999816894531,49.650001525878906,49.95000076293945,2526500,34.83055114746094
2004-11-02,50.04999923706055,50.540000915527344,49.65999984741211,49.880001068115234,2806900,34.781734466552734
2004-11-03,51,52.099998474121094,50.939998626708984,51.150001525878906,5451100,35.66732406616211
2004-11-04,50.849998474121094,50.91999816894531,50.16999816894531,50.59000015258789,4875700,35.27683639526367
2004-11-05,50.79999923706055,51.369998931884766,50.40999984741211,51.150001525878906,4379900,35.66732406616211
2004-11-08,51.150001525878906,52.47999954223633,51.060001373291016,52.06999969482422,4025700,36.30883026123047
2004-11-09,51.849998474121094,52.88999938964844,51.599998474121094,52.5099983215332,4092700,36.75684356689453
2004-11-10,52.81999969482422,53.45000076293945,52.7400016784668,53.400001525878906,4082800,37.37984085083008
2004-11-11,53.40999984741211,54.31999969482422,53.40999984741211,54.29999923706055,4110600,38.00983810424805
2004-11-12,54.20000076293945,54.38999938964844,53.52000045776367,53.93000030517578,2654800,37.75083923339844
2004-11-15,53.849998474121094,54.22999954223633,53.61000061035156,54.029998779296875,3782300,37.82082748413086
2004-11-16,54,54.15999984741211,53.720001220703125,54,2752200,37.79982376098633
2004-11-17,54.29999923706055,55.220001220703125,54.2400016784668,54.75,4262400,38.3248291015625
2004-11-18,55.150001525878906,55.47999954223633,54.650001525878906,54.849998474121094,3064900,38.39482498168945
2004-11-19,54.849998474121094,54.849998474121094,53.77000045776367,53.77000045776367,2915200,37.63882827758789
2004-11-22,53.7599983215332,53.970001220703125,53.25,53.970001220703125,3036900,37.778831481933594
2004-11-23,53.959999084472656,54.34000015258789,53.40999984741211,54.33000183105469,3228500,38.030845642089844
2004-11-24,54.33000183105469,54.5,53.7599983215332,54.119998931884766,3231200,37.88383483886719
2004-11-26,54.130001068115234,54.2400016784668,53.900001525878906,54.02000045776367,1456100,37.813838958740234
2004-11-29,54.02000045776367,54.380001068115234,53.279998779296875,53.619998931884766,2666800,37.53384017944336
2004-11-30,53.45000076293945,54.040000915527344,53.439998626708984,53.56999969482422,2455500,37.498836517333984
2004-12-01,53.599998474121094,54.70000076293945,53.56999969482422,54.70000076293945,2976100,38.28982925415039
2004-12-02,54.5,54.900001525878906,54.29999923706055,54.86000061035156,2433500,38.401832580566406
2004-12-03,54.91999816894531,55.290000915527344,54.599998474121094,55.2599983215332,3358700,38.68183898925781
2004-12-06,55.2599983215332,55.2599983215332,54.52000045776367,54.75,2272900,38.3248291015625
2004-12-07,54.75,55,53.720001220703125,53.75,2738000,37.624847412109375
2004-12-08,53.95000076293945,53.97999954223633,52.41999816894531,52.79999923706055,4284000,36.959835052490234
2004-12-09,52.68000030517578,52.9900016784668,52.20000076293945,52.779998779296875,4347100,36.94585037231445
2004-12-10,52.630001068115234,52.9900016784668,52.33000183105469,52.41999816894531,4107600,36.69384765625
2004-12-13,54.369998931884766,54.369998931884766,52.2599983215332,52.66999816894531,2921900,36.868831634521484
2004-12-14,52.91999816894531,53.02000045776367,52.4900016784668,52.63999938964844,3101600,36.847843170166016
2004-12-15,52.779998779296875,52.779998779296875,52.290000915527344,52.400001525878906,3598200,36.67984390258789
2004-12-16,52.400001525878906,52.4900016784668,51.790000915527344,52.08000183105469,3512700,36.45582962036133
2004-12-17,52,53.400001525878906,51.97999954223633,53.099998474121094,5306600,37.16984558105469
2004-12-20,53.099998474121094,53.7599983215332,53.09000015258789,53.220001220703125,2348100,37.253841400146484
2004-12-21,53.2599983215332,53.68000030517578,52.720001220703125,53.41999816894531,2676400,37.39384078979492
2004-12-22,53.65999984741211,54.290000915527344,53.619998931884766,53.90999984741211,1999100,37.73683166503906
2004-12-23,53.75,53.849998474121094,53.31999969482422,53.529998779296875,1110900,37.47083282470703
2004-12-27,53.38999938964844,53.650001525878906,52.90999984741211,53.150001525878906,1467500,37.20484161376953
2004-12-28,52.970001220703125,53.540000915527344,52.970001220703125,53.25,996600,37.27483367919922
2004-12-29,52.650001525878906,52.65999984741211,51.77000045776367,52.06999969482422,4026500,36.4488410949707
2004-12-30,52.25,52.5,51.619998931884766,51.900001525878906,2591900,36.329837799072266
2004-12-31,51.77000045776367,52.09000015258789,51.689998626708984,51.77000045776367,1675700,36.23884201049805
2005-01-03,51.849998474121094,52.25,50.91999816894531,50.970001220703125,3749900,35.67884826660156
2005-01-04,51.150001525878906,51.150001525878906,49.880001068115234,49.97999954223633,4657900,34.98584747314453
2005-01-05,50,51.130001068115234,49.54999923706055,50.810001373291016,5336700,35.56685256958008
2005-01-06,50.68000030517578,51.119998931884766,50.34000015258789,50.47999954223633,3076700,35.335819244384766
2005-01-07,50.5,50.849998474121094,50.099998474121094,50.310001373291016,1957100,35.21684646606445
2005-01-10,50.130001068115234,51.33000183105469,50.099998474121094,50.97999954223633,2877800,35.68584060668945
2005-01-11,51.029998779296875,51.099998474121094,50.619998931884766,50.81999969482422,2044100,35.57383728027344
2005-01-12,51,51.959999084472656,50.95000076293945,51.939998626708984,4126100,36.357852935791016
2005-01-13,51.900001525878906,52.150001525878906,50.59000015258789,50.630001068115234,4252500,35.440834045410156
2005-01-14,50.599998474121094,50.9900016784668,50.099998474121094,50.90999984741211,3084500,35.63683319091797
2005-01-18,50.5,51.970001220703125,50.45000076293945,51.880001068115234,3537400,36.31583023071289
2005-01-19,51.599998474121094,51.86000061035156,51.310001373291016,51.40999984741211,2723200,35.986846923828125
2005-01-20,51.099998474121094,51.5099983215332,50.880001068115234,50.900001525878906,2457500,35.629844665527344
2005-01-21,50.650001525878906,50.97999954223633,50.0099983215332,50.06999969482422,2593000,35.04884338378906
2005-01-24,50.33000183105469,50.599998474121094,49.52000045776367,49.63999938964844,3019300,34.74785232543945
2005-01-25,50.150001525878906,50.209999084472656,49.52000045776367,49.84000015258789,2954600,34.887847900390625
2005-01-26,49.560001373291016,50.34000015258789,49.52000045776367,49.86000061035156,3530800,34.90184020996094
2005-01-27,49.540000915527344,51,49.540000915527344,50.970001220703125,4708800,35.67884826660156
2005-01-28,50.970001220703125,50.97999954223633,49.540000915527344,49.91999816894531,3717100,34.94384002685547
2005-01-31,50.25,50.630001068115234,50.06999969482422,50.599998474121094,3894400,35.41984176635742
2005-02-01,50.599998474121094,51.18000030517578,50.220001220703125,51.040000915527344,2684700,35.72785186767578
2005-02-02,52.20000076293945,52.88999938964844,51.41999816894531,52.22999954223633,6095300,36.56085968017578
2005-02-03,52.95000076293945,52.95000076293945,51.939998626708984,52,4199200,36.39982604980469
2005-02-04,51.95000076293945,52.900001525878906,51.900001525878906,52.58000183105469,3324900,36.80583953857422
2005-02-07,52.41999816894531,52.689998626708984,52.29999923706055,52.5,3731200,36.749839782714844
2005-02-08,52.650001525878906,53.619998931884766,52.38999938964844,53.5,6070700,37.4498291015625
2005-02-09,53.5,54.15999984741211,53.36000061035156,54.119998931884766,4835300,38.06169128417969
2005-02-10,54.119998931884766,54.43000030517578,53.630001068115234,53.86000061035156,3634700,37.87883758544922
2005-02-11,53.75,54.29999923706055,53.349998474121094,54.13999938964844,2204300,38.075740814208984
2005-02-14,54.0099983215332,54.33000183105469,53.720001220703125,54.040000915527344,2882800,38.00542449951172
2005-02-15,54.25,54.81999969482422,54.0099983215332,54.43000030517578,3302200,38.27971267700195
2005-02-16,54.150001525878906,54.290000915527344,53.79999923706055,53.91999816894531,2767500,37.9210319519043
2005-02-17,54.20000076293945,54.45000076293945,53.58000183105469,53.65999984741211,4133800,37.738182067871094
2005-02-18,53.66999816894531,53.66999816894531,52.54999923706055,52.779998779296875,4805100,37.11928939819336
2005-02-22,52.349998474121094,52.54999923706055,52.06999969482422,52.150001525878906,3327100,36.676231384277344
2005-02-23,52.79999923706055,53.11000061035156,52.560001373291016,52.720001220703125,4072900,37.07709884643555
2005-02-24,53.20000076293945,53.939998626708984,52.959999084472656,53.939998626708984,3890600,37.935096740722656
2005-02-25,53.599998474121094,55.029998779296875,53.33000183105469,54.9900016784668,4502800,38.673545837402344
2005-02-28,54.900001525878906,55.04999923706055,54.709999084472656,54.970001220703125,4608600,38.65949249267578
2005-03-01,54.97999954223633,55.22999954223633,54.2599983215332,54.4900016784668,4279200,38.32191848754883
2005-03-02,54.45000076293945,55.41999816894531,54.369998931884766,55.29999923706055,4414100,38.89156723022461
2005-03-03,55.45000076293945,58.06999969482422,55.31999969482422,57.41999816894531,8889100,40.38251876831055
2005-03-04,57.630001068115234,58.7400016784668,56.9900016784668,58.380001068115234,6625600,41.057674407958984
2005-03-07,57.52000045776367,58.41999816894531,57.25,58.29999923706055,6256100,41.00141143798828
2005-03-08,58.310001373291016,58.68000030517578,57.810001373291016,58.150001525878906,4604500,40.89592742919922
2005-03-09,57.849998474121094,58.04999923706055,57.439998626708984,57.75,3505800,40.6146240234375
2005-03-10,57.7599983215332,58.36000061035156,57.689998626708984,57.97999954223633,3411000,40.776371002197266
2005-03-11,57.849998474121094,58.220001220703125,57.20000076293945,57.4900016784668,3275100,40.43174743652344
2005-03-14,57.5,57.9900016784668,57.29999923706055,57.709999084472656,3272300,40.586490631103516
2005-03-15,57.849998474121094,58.939998626708984,57.630001068115234,58.47999954223633,4775300,41.12801742553711
2005-03-16,58.29999923706055,58.52000045776367,56.70000076293945,56.77000045776367,4868300,39.92538833618164
2005-03-17,56.75,57.310001373291016,56.709999084472656,56.88999938964844,3839200,40.00978088378906
2005-03-18,57.04999923706055,57.189998626708984,56.56999969482422,57.15999984741211,5497600,40.19968032836914
2005-03-21,57,57.20000076293945,56.58000183105469,56.84000015258789,2053200,39.97462844848633
2005-03-22,57,57.70000076293945,56.95000076293945,57.220001220703125,3646500,40.24187088012695
2005-03-23,57.22999954223633,57.400001525878906,56.619998931884766,56.849998474121094,3041300,39.98166275024414
2005-03-24,57.02000045776367,57.2400016784668,56.66999816894531,56.79999923706055,1806400,39.94649124145508
2005-03-28,57.29999923706055,58.130001068115234,57.2599983215332,58.099998474121094,3104100,40.86076736450195
2005-03-29,57.72999954223633,58.16999816894531,57,57.25,5307200,40.26296615600586
2005-03-30,57.25,58.79999923706055,57.25,58.790000915527344,3652600,41.346031188964844
2005-03-31,58.790000915527344,58.790000915527344,57.939998626708984,58.459999084472656,3385300,41.11393737792969
2005-04-01,58.54999923706055,59.119998931884766,58.29999923706055,58.779998779296875,3853800,41.33899688720703
2005-04-04,58.599998474121094,58.720001220703125,58.0099983215332,58.33000183105469,2961100,41.022518157958984
2005-04-05,58.31999969482422,59.45000076293945,58.04999923706055,58.33000183105469,4414900,41.022518157958984
2005-04-06,58.720001220703125,58.779998779296875,58.349998474121094,58.43000030517578,2595600,41.09284591674805
2005-04-07,58.45000076293945,59.13999938964844,58.29999923706055,59.0099983215332,3491900,41.50075149536133
2005-04-08,59,59.0099983215332,58.41999816894531,58.599998474121094,2527400,41.212398529052734
2005-04-11,58.75,59.810001373291016,58.75,59.400001525878906,4269300,41.77503204345703
2005-04-12,59.400001525878906,59.54999923706055,57.75,58.45000076293945,6787500,41.10690689086914
2005-04-13,58.650001525878906,59.04999923706055,58.45000076293945,58.66999816894531,3825800,41.26164245605469
2005-04-14,59.04999923706055,59.31999969482422,58.130001068115234,58.15999984741211,3730000,40.9029541015625
2005-04-15,58.04999923706055,58.4900016784668,57,57,3339600,40.087154388427734
2005-04-18,56.650001525878906,57.31999969482422,56.220001220703125,56.91999816894531,3497700,40.0308837890625
2005-04-19,56.93000030517578,58.36000061035156,56.619998931884766,58.09000015258789,3570000,40.85372543334961
2005-04-20,58.099998474121094,58.369998931884766,57.22999954223633,57.22999954223633,3940900,40.24890899658203
2005-04-21,57.849998474121094,59.08000183105469,57.720001220703125,59.08000183105469,3354900,41.54997634887695
2005-04-22,58.54999923706055,58.84000015258789,57.2400016784668,57.880001068115234,3050700,40.70602798461914
2005-04-25,58.79999923706055,59.7599983215332,58.79999923706055,59.58000183105469,3492300,41.90161895751953
2005-04-26,59.849998474121094,60,58.150001525878906,59,5073300,41.49371337890625
2005-04-27,58.4900016784668,60.099998474121094,58.25,59.65999984741211,7408000,41.9578857421875
2005-04-28,60,60,58.61000061035156,58.720001220703125,4778800,41.29679870605469
2005-04-29,59.029998779296875,59.599998474121094,58.2599983215332,59.52000045776367,3698600,41.85942459106445
2005-05-02,59.52000045776367,59.880001068115234,58.900001525878906,59.380001068115234,4266800,41.760963439941406
2005-05-03,59.650001525878906,60.400001525878906,59.22999954223633,59.869998931884766,4469400,42.105567932128906
2005-05-04,59.75,60.47999954223633,59.63999938964844,60.279998779296875,3287500,42.3939094543457
2005-05-05,60.099998474121094,60.380001068115234,59.59000015258789,59.7400016784668,3144000,42.01415252685547
2005-05-06,60.18000030517578,61.25,60.130001068115234,61.0099983215332,3279200,42.907318115234375
2005-05-09,60.75,60.959999084472656,60.15999984741211,60.560001373291016,3871300,42.59083557128906
2005-05-10,60.560001373291016,62.5,60.5,61.040000915527344,9135400,42.928409576416016
2005-05-11,61.04999923706055,61.380001068115234,59.5099983215332,60.400001525878906,5590900,42.65299987792969
2005-05-12,60.529998779296875,61.25,60.2599983215332,60.4900016784668,5362500,42.71656036376953
2005-05-13,60.88999938964844,60.88999938964844,58.619998931884766,59.5,4180500,42.01742935180664
2005-05-16,59.70000076293945,60.4900016784668,59.529998779296875,60.40999984741211,2244300,42.66007614135742
2005-05-17,60.5,60.970001220703125,60.220001220703125,60.90999984741211,3440300,43.01313781738281
2005-05-18,61.16999816894531,62.5099983215332,61.16999816894531,61.689998626708984,4602800,43.56397247314453
2005-05-19,62.04999923706055,62.27000045776367,60.97999954223633,61.349998474121094,3531700,43.3238639831543
2005-05-20,61.75,62.2400016784668,61.5099983215332,61.900001525878906,3716900,43.7122688293457
2005-05-23,61.95000076293945,62.119998931884766,61.540000915527344,61.63999938964844,3197700,43.528663635253906
2005-05-24,61.400001525878906,62.59000015258789,61.220001220703125,62.25,3656800,43.959442138671875
2005-05-25,61.72999954223633,61.79999923706055,61.119998931884766,61.45000076293945,3101500,43.39448928833008
2005-05-26,62.04999923706055,63,61.95000076293945,62.9900016784668,2998900,44.48200225830078
2005-05-27,63,63.400001525878906,62.81999969482422,63.02000045776367,2591500,44.5031852722168
2005-05-31,63.0099983215332,64.19999694824219,62.90999984741211,63.900001525878906,4241200,45.12461471557617
2005-06-01,63.95000076293945,64.05000305175781,63.349998474121094,63.79999923706055,3613800,45.05400848388672
2005-06-02,63.79999923706055,64.5,63.5099983215332,64.37999725341797,2667400,45.46357345581055
2005-06-03,64.16000366210938,64.98999786376953,64.0999984741211,64.66000366210938,4526900,45.66133117675781
2005-06-06,64.87999725341797,65.76000213623047,64.63999938964844,65.55000305175781,4055000,46.28981018066406
2005-06-07,65.58000183105469,66.08999633789062,65.27999877929688,65.27999877929688,6010100,46.09914779663086
2005-06-08,65.06999969482422,65.44999694824219,64.23999786376953,64.47000122070312,4191000,45.52714157104492
2005-06-09,64.4800033569336,65.19000244140625,64.04000091552734,65.11000061035156,3461400,45.979087829589844
2005-06-10,65.05000305175781,65.05999755859375,64.11000061035156,64.6500015258789,3192300,45.65424346923828
2005-06-13,65.05000305175781,65.3499984741211,63.91999816894531,64.62999725341797,5477400,45.6401252746582
2005-06-14,64.68000030517578,64.80000305175781,62.849998474121094,62.93000030517578,6143900,44.43962097167969
2005-06-15,63.400001525878906,64.41000366210938,63.209999084472656,64.41000366210938,3944800,45.48477554321289
2005-06-16,64.25,64.26000213623047,63.650001525878906,63.689998626708984,2825700,44.9763069152832
2005-06-17,64.1500015258789,64.77999877929688,63.70000076293945,64.62000274658203,4531600,45.633079528808594
2005-06-20,63.900001525878906,64.0999984741211,63.58000183105469,63.66999816894531,2991500,44.96220397949219
2005-06-21,63.400001525878906,63.40999984741211,62.689998626708984,62.779998779296875,4041000,44.33370590209961
2005-06-22,62.400001525878906,63.369998931884766,62.20000076293945,63.130001068115234,3498200,44.58086013793945
2005-06-23,63.13999938964844,63.189998626708984,61.790000915527344,61.86000061035156,2894100,43.68401336669922
2005-06-24,61.599998474121094,61.90999984741211,60.5,60.59000015258789,4432100,42.78717041015625
2005-06-27,60.349998474121094,61.810001373291016,59.70000076293945,61.7599983215332,6830500,43.613399505615234
2005-06-28,62.099998474121094,62.45000076293945,61.27000045776367,62.45000076293945,3937100,44.10066604614258
2005-06-29,62.45000076293945,62.630001068115234,61.400001525878906,61.66999816894531,3215800,43.549842834472656
2005-06-30,65.5,66.8499984741211,64.30000305175781,66,17247000,46.60758972167969
2005-07-01,65.77999877929688,65.95999908447266,64.44000244140625,64.68000030517578,6861500,45.67544937133789
2005-07-05,64.30000305175781,65.44000244140625,64.16999816894531,65.41999816894531,3317300,46.19800567626953
2005-07-06,65.5,66.11000061035156,64.19999694824219,64.29000091552734,3954300,45.40003204345703
2005-07-07,63.97999954223633,65.18000030517578,63.45000076293945,65.18000030517578,5567400,46.028533935546875
2005-07-08,65.06999969482422,65.23999786376953,64.51000213623047,65.06999969482422,3715300,45.95083236694336
2005-07-11,65.25,65.48999786376953,64.77999877929688,64.97000122070312,2037100,45.88022994995117
2005-07-12,64.95999908447266,64.97000122070312,64.1500015258789,64.30000305175781,2920800,45.40708541870117
2005-07-13,64.30000305175781,64.88999938964844,64.19999694824219,64.58000183105469,3112700,45.60481643676758
2005-07-14,64.94999694824219,65.2300033569336,64.37000274658203,64.58000183105469,2257000,45.60481643676758
2005-07-15,64.58000183105469,64.87999725341797,64.2300033569336,64.75,2023300,45.72487258911133
2005-07-18,64.75,64.86000061035156,64.25,64.73999786376953,1902500,45.71780776977539
2005-07-19,65,65.5,64.62999725341797,64.88999938964844,2226400,45.823734283447266
2005-07-20,64.88999938964844,66.27999877929688,64.62999725341797,66.08000183105469,2610000,46.66408920288086
2005-07-21,66.18000030517578,66.30999755859375,65.69000244140625,65.70999908447266,4864100,46.40279769897461
2005-07-22,65.4000015258789,66.29000091552734,65.26000213623047,66.19999694824219,2629100,46.74881362915039
2005-07-25,66,66.79000091552734,65.9800033569336,66.05000305175781,2962700,46.642906188964844
2005-07-26,66.61000061035156,67.12000274658203,66.12999725341797,66.3499984741211,4117700,46.85475158691406
2005-07-27,67.69999694824219,67.94999694824219,66.56999969482422,66.69999694824219,5188800,47.10192108154297
2005-07-28,66.70999908447266,66.7699966430664,65.5999984741211,66,4947300,46.60758972167969
2005-07-29,66.20999908447266,66.81999969482422,66.01000213623047,66.01000213623047,3560000,46.61465072631836
2005-08-01,66.30000305175781,66.48999786376953,65.63999938964844,65.75,2367900,46.43104934692383
2005-08-02,65.75,66.4000015258789,65.69000244140625,66.33000183105469,2318300,46.84062576293945
2005-08-03,65.9800033569336,66.68000030517578,65.8499984741211,66.6500015258789,2238100,47.06660461425781
2005-08-04,66.63999938964844,66.7699966430664,66.01000213623047,66.2699966430664,2651100,46.79826736450195
2005-08-05,66.12999725341797,66.5199966430664,66.01000213623047,66.19000244140625,2142300,46.74177551269531
2005-08-08,66.30000305175781,66.5,65.63999938964844,65.98999786376953,2242400,46.60051345825195
2005-08-09,66.30000305175781,67.48999786376953,65.97000122070312,67.12999725341797,3282400,47.40557098388672
2005-08-10,67.16000366210938,67.31999969482422,65.5999984741211,65.95999908447266,3096800,46.753440856933594
2005-08-11,66.11000061035156,67.30999755859375,66.04000091552734,67.30999755859375,3112400,47.710350036621094
2005-08-12,67.30999755859375,67.5,66.0999984741211,66.54000091552734,2823000,47.164573669433594
2005-08-15,66.4000015258789,67.68000030517578,66.3499984741211,67.45999908447266,2160100,47.816673278808594
2005-08-16,67.4000015258789,67.72000122070312,66.2699966430664,66.2699966430664,3280800,46.97317886352539
2005-08-17,66.38999938964844,67.58000183105469,66.37999725341797,67.0199966430664,2432800,47.50480651855469
2005-08-18,66.94000244140625,67.18000030517578,66.20999908447266,66.62999725341797,2912600,47.228355407714844
2005-08-19,66.69999694824219,67.44999694824219,66.5199966430664,67.1500015258789,2281600,47.596954345703125
2005-08-22,67.38999938964844,68.37999725341797,67.33999633789062,67.79000091552734,3433000,48.05058288574219
2005-08-23,67.6500015258789,67.9000015258789,67.1500015258789,67.43000030517578,2310200,47.795413970947266
2005-08-24,67.30000305175781,67.94999694824219,67.08000183105469,67.12999725341797,3524400,47.58277893066406
2005-08-25,67.12999725341797,67.4000015258789,67.05000305175781,67.20999908447266,2529100,47.63948059082031
2005-08-26,67.1500015258789,67.1500015258789,66.08999633789062,66.30999755859375,2822300,47.00153732299805
2005-08-29,66.0999984741211,67.66000366210938,66.06999969482422,67.58000183105469,2974400,47.9017333984375
2005-08-30,67.30000305175781,67.55000305175781,66.44999694824219,66.73999786376953,3158600,47.30632781982422
2005-08-31,66.9000015258789,67.0999984741211,66.04000091552734,67.0199966430664,3137700,47.50480651855469
2005-09-01,66.6500015258789,66.8499984741211,65.87000274658203,65.98999786376953,4073800,46.77472686767578
2005-09-02,64.87000274658203,64.93000030517578,63.95000076293945,64.33999633789062,6810400,45.605167388916016
2005-09-06,64.37000274658203,65.44999694824219,64.25,65.02999877929688,4783600,46.09425354003906
2005-09-07,64.80000305175781,64.81999969482422,64,64.5,4501900,45.71857833862305
2005-09-08,64.80000305175781,64.9000015258789,64.31999969482422,64.58999633789062,4331600,45.782371520996094
2005-09-09,64.83000183105469,65.62999725341797,64.7699966430664,65.4000015258789,4205100,46.356529235839844
2005-09-12,65.1500015258789,65.44999694824219,64.73999786376953,65.13999938964844,2733300,46.172218322753906
2005-09-13,65.13999938964844,65.6500015258789,65.11000061035156,65.4000015258789,2891500,46.356529235839844
2005-09-14,65.41000366210938,65.69000244140625,63.970001220703125,64.18000030517578,3534900,45.49176788330078
2005-09-15,64.19000244140625,65.19999694824219,63.95000076293945,65.08000183105469,4252500,46.129695892333984
2005-09-16,65.44999694824219,65.44999694824219,64.47000122070312,64.80000305175781,5205900,45.93121337890625
2005-09-19,64.5,64.5999984741211,63.029998779296875,64.0999984741211,3725400,45.435062408447266
2005-09-20,63.849998474121094,64.45999908447266,63.34000015258789,63.45000076293945,3842600,44.974327087402344
2005-09-21,62.470001220703125,63.31999969482422,62.0099983215332,62.40999984741211,4645800,44.23717498779297
2005-09-22,62.349998474121094,62.810001373291016,62.04999923706055,62.5099983215332,3215700,44.308040618896484
2005-09-23,62.560001373291016,63.45000076293945,62.400001525878906,63.20000076293945,3297800,44.797119140625
2005-09-26,65.5,65.94999694824219,64.23999786376953,64.66999816894531,5909100,45.839080810546875
2005-09-27,64.98999786376953,66.70999908447266,64.86000061035156,66.55000305175781,5461200,47.17166519165039
2005-09-28,66.5,67.33000183105469,66.30999755859375,67.20999908447266,4806800,47.63948059082031
2005-09-29,66.94999694824219,67.3499984741211,66.37000274658203,67.27999877929688,2482700,47.6890983581543
2005-09-30,67.1500015258789,68.25,66.80000305175781,67.94999694824219,3151400,48.16398620605469
2005-10-03,67.91999816894531,67.98999786376953,67,67.13999938964844,3238800,47.58985137939453
2005-10-04,67.44999694824219,68.4800033569336,67.44999694824219,67.94999694824219,3693600,48.16398620605469
2005-10-05,67.44999694824219,67.66000366210938,66.87000274658203,67.05000305175781,3579300,47.52607727050781
2005-10-06,67.55000305175781,68.23999786376953,67.31999969482422,67.93000030517578,3787900,48.149818420410156
2005-10-07,67.70999908447266,67.70999908447266,66.6500015258789,67.30000305175781,3607600,47.703285217285156
2005-10-10,67.05999755859375,68.06999969482422,66.72000122070312,67.9000015258789,2435400,48.12856674194336
2005-10-11,67.55000305175781,67.79000091552734,66.55999755859375,66.69999694824219,3213500,47.27796936035156
2005-10-12,66.80000305175781,67.9000015258789,66.69999694824219,67.6500015258789,4424500,47.951358795166016
2005-10-13,67.2699966430664,67.62000274658203,66.23999786376953,66.48999786376953,4219300,47.12913513183594
2005-10-14,66.61000061035156,67.77999877929688,66.5999984741211,67.5,4260700,47.84503173828125
2005-10-17,67.1500015258789,67.44999694824219,66.45999908447266,67.23999786376953,4333800,47.66073989868164
2005-10-18,67.11000061035156,67.33999633789062,66.55000305175781,67.12000274658203,4779400,47.57567596435547
2005-10-19,66.87000274658203,68.4000015258789,66.81999969482422,68.37000274658203,4449300,48.461708068847656
2005-10-20,68.5,68.9800033569336,67.19000244140625,67.30000305175781,4343600,47.703285217285156
2005-10-21,67.27999877929688,67.55000305175781,65.83000183105469,66.0199966430664,7277400,46.79599380493164
2005-10-24,66.5,67.77999877929688,66.25,67.31999969482422,4353200,47.71743392944336
2005-10-25,67.3499984741211,67.3499984741211,66.51000213623047,66.97000122070312,2899300,47.4693717956543
2005-10-26,65.4000015258789,66.19999694824219,64.22000122070312,65.0999984741211,10236200,46.143863677978516
2005-10-27,65.0999984741211,65.11000061035156,63.95000076293945,64.05000305175781,5328000,45.39962387084961
2005-10-28,64.25,65.75,63.70000076293945,65.63999938964844,5222300,46.526634216308594
2005-10-31,65.80000305175781,66.58000183105469,64.5999984741211,64.63999938964844,6685200,45.817806243896484
2005-11-01,65,65.69999694824219,64.68000030517578,65.05000305175781,5642600,46.10844421386719
2005-11-02,64.72000122070312,64.94999694824219,64.19999694824219,64.69999694824219,5864600,45.8603401184082
2005-11-03,64.4000015258789,65.5999984741211,64.4000015258789,65.5,5364800,46.42740249633789
2005-11-04,65.19999694824219,65.70999908447266,65.0199966430664,65.27999877929688,3560300,46.27145767211914
2005-11-07,65.4800033569336,65.70999908447266,65.30000305175781,65.69000244140625,2994000,46.562068939208984
2005-11-08,65.05000305175781,65.1500015258789,64.5199966430664,65.01000213623047,2808800,46.256126403808594
2005-11-09,65.0999984741211,65.31999969482422,64.55999755859375,64.70999908447266,3530500,46.04267501831055
2005-11-10,64.7699966430664,66.11000061035156,64.73999786376953,66.0999984741211,3237700,47.03168869018555
2005-11-11,65.80000305175781,65.93000030517578,65.30000305175781,65.3499984741211,2642000,46.49803161621094
2005-11-14,65.25,66.61000061035156,64.94000244140625,66.2300033569336,3942600,47.124176025390625
2005-11-15,66.20999908447266,67.08000183105469,66,67,5230400,47.67204666137695
2005-11-16,67.0999984741211,68.0999984741211,67.0999984741211,67.44000244140625,4628300,47.98512268066406
2005-11-17,67.91999816894531,68.19000244140625,67.51000213623047,67.6500015258789,4269200,48.13454055786133
2005-11-18,67.94999694824219,68.0999984741211,66.75,66.94999694824219,5623600,47.63646697998047
2005-11-21,68.12999725341797,69.4800033569336,67.9000015258789,69,7738600,49.09510040283203
2005-11-22,69.01000213623047,69.0999984741211,68.08999633789062,69.0999984741211,4238900,49.16624450683594
2005-11-23,68.94999694824219,69.9000015258789,68.88999938964844,69.44000244140625,2662700,49.408172607421875
2005-11-25,69.5999984741211,69.6500015258789,68.83000183105469,69.05999755859375,959700,49.137786865234375
2005-11-28,69.01000213623047,69.1500015258789,68.4000015258789,68.62999725341797,2581100,48.83183670043945
2005-11-29,69.0999984741211,69.68000030517578,69,69.12999725341797,2822100,49.18758010864258
2005-11-30,69.44999694824219,69.56999969482422,68.18000030517578,68.19000244140625,3781600,48.518775939941406
2005-12-01,68.3499984741211,69.7699966430664,68.31999969482422,69.66999816894531,3042000,49.57182312011719
2005-12-02,69.81999969482422,70,69.37000274658203,69.44000244140625,3237500,49.408172607421875
2005-12-05,69.44999694824219,69.5999984741211,68.69999694824219,69.19999694824219,3893300,49.23739242553711
2005-12-06,69.6500015258789,70,69.43000030517578,69.56999969482422,3730900,49.500667572021484
2005-12-07,69.61000061035156,69.95999908447266,69.08000183105469,69.6500015258789,3850400,49.55760192871094
2005-12-08,69.66000366210938,70.22000122070312,69.23999786376953,70.06999969482422,3958200,49.85643005371094
2005-12-09,70.06999969482422,70.16999816894531,69.5199966430664,69.6500015258789,4014600,49.55760192871094
2005-12-12,70,70.23999786376953,69.54000091552734,70.19000244140625,2654900,49.94181442260742
2005-12-13,70,70.94000244140625,69.9000015258789,70.58999633789062,2733800,50.226436614990234
2005-12-14,71,71.9800033569336,70.80999755859375,71.44999694824219,4900100,50.83833694458008
2005-12-15,71.44999694824219,71.9800033569336,70.7300033569336,70.79000091552734,3567700,50.36873245239258
2005-12-16,71.05000305175781,71.19999694824219,70.4800033569336,70.75,6021000,50.34027099609375
2005-12-19,70.75,70.75,69.5999984741211,69.97000122070312,3686100,49.78528594970703
2005-12-20,70.19999694824219,71.08999633789062,70.1500015258789,70.73999786376953,2657300,50.3331298828125
2005-12-21,70.97000122070312,71.51000213623047,70.37999725341797,70.38999938964844,2974700,50.08412551879883
2005-12-22,70.94999694824219,71.38999938964844,70.83000183105469,71.31999969482422,2235300,50.745819091796875
2005-12-23,71.94999694824219,72.05000305175781,71.41999816894531,71.48999786376953,2631300,50.866790771484375
2005-12-27,71.9000015258789,72.4000015258789,70.47000122070312,70.52999877929688,2676300,50.1837272644043
2005-12-28,70.86000061035156,71.2300033569336,70.69000244140625,70.95999908447266,1717000,50.489681243896484
2005-12-29,71.19999694824219,71.62000274658203,71.13999938964844,71.18000030517578,1939500,50.64619827270508
2005-12-30,71.05000305175781,71.05999755859375,70.16000366210938,70.23999786376953,1825400,49.97738265991211
2006-01-03,70.4000015258789,70.5999984741211,69.33000183105469,70.44000244140625,4943000,50.11969757080078
2006-01-04,70.08000183105469,71.2699966430664,69.86000061035156,71.16999816894531,3165000,50.639095306396484
2006-01-05,70.55000305175781,70.55000305175781,69.58000183105469,70.33000183105469,4598100,50.041419982910156
2006-01-06,70.33999633789062,70.5,69.05000305175781,69.3499984741211,4820000,49.34412384033203
2006-01-09,69.27999877929688,69.4000015258789,68.66000366210938,68.7699966430664,4567300,48.93144226074219
2006-01-10,68.80000305175781,69.23999786376953,68.56999969482422,69.0999984741211,3869000,49.16624450683594
2006-01-11,69.97000122070312,70.30000305175781,69.11000061035156,70.0999984741211,5011600,49.877769470214844
2006-01-12,70.25,70.44999694824219,69.54000091552734,69.69000244140625,2347000,49.58605194091797
2006-01-13,69.63999938964844,70.19999694824219,68.79000091552734,69.4800033569336,2963700,49.43662643432617
2006-01-17,69.06999969482422,69.4000015258789,68.66000366210938,68.69000244140625,2712900,48.87453842163086
2006-01-18,68.55000305175781,68.91999816894531,68.05000305175781,68.33000183105469,2650700,48.61837387084961
2006-01-19,68.16000366210938,68.48999786376953,67.72000122070312,68.16999816894531,2642700,48.50453186035156
2006-01-20,68.0999984741211,68.16000366210938,66.48999786376953,66.5,6433800,47.3162956237793
2006-01-23,65.9000015258789,67.33999633789062,65.9000015258789,67.0199966430664,4067400,47.6862907409668
2006-01-24,67.41000366210938,67.87999725341797,67.12999725341797,67.66000366210938,3581900,48.14166259765625
2006-01-25,67.70999908447266,67.91000366210938,66.91000366210938,66.91000366210938,3722700,47.608009338378906
2006-01-26,67.44000244140625,68.75,67.31999969482422,68.72000122070312,4768300,48.8958740234375
2006-01-27,68.38999938964844,69.25,67.98999786376953,68.55999755859375,3954700,48.78202438354492
2006-01-30,68.5199966430664,69.05000305175781,68.19999694824219,69.02999877929688,2048100,49.116432189941406
2006-01-31,69,69.05000305175781,68.30999755859375,68.30999755859375,4090500,48.604148864746094
2006-02-01,70,72.16999816894531,70,71.62000274658203,11806000,50.95929718017578
2006-02-02,71.3499984741211,72.30000305175781,71.30000305175781,71.69999694824219,6602900,51.016231536865234
2006-02-03,71.69999694824219,72.08999633789062,70.86000061035156,70.87000274658203,3786800,50.425636291503906
2006-02-06,70.6500015258789,71.63999938964844,70.30000305175781,71.13999938964844,3162900,50.61772918701172
2006-02-07,71.30000305175781,72.05000305175781,71.16000366210938,71.55000305175781,4246300,50.909481048583984
2006-02-08,71.25,71.93000030517578,71,71.76000213623047,2890800,51.27388381958008
2006-02-09,71.7699966430664,72.76000213623047,71.37000274658203,72.01000213623047,4149200,51.4525146484375
2006-02-10,72.0999984741211,72.69999694824219,72.02999877929688,72.52999877929688,2813100,51.82406234741211
2006-02-13,71.94999694824219,72.63999938964844,71.81999969482422,72.11000061035156,3294600,51.52396774291992
2006-02-14,72.3499984741211,72.86000061035156,71.93000030517578,72.70999908447266,4160300,51.95269012451172
2006-02-15,72.37000274658203,72.73999786376953,72.05000305175781,72.44999694824219,2797800,51.76691436767578
2006-02-16,72.6500015258789,72.93000030517578,72.19999694824219,72.55000305175781,2216800,51.83835983276367
2006-02-17,72.55000305175781,73,72.27999877929688,72.95999908447266,2670700,52.131309509277344
2006-02-21,73.1500015258789,73.4000015258789,72.6500015258789,73.05000305175781,3333000,52.19561767578125
2006-02-22,73.05999755859375,74.61000061035156,73.05999755859375,74.38999938964844,5008400,53.153076171875
2006-02-23,73.94999694824219,74.19999694824219,73.77999877929688,73.9000015258789,2574200,52.802955627441406
2006-02-24,73.6500015258789,74.58999633789062,73.30999755859375,74.30999755859375,2646200,53.09589385986328
2006-02-27,74.05000305175781,74.88999938964844,74,74.12999725341797,1974100,52.96729278564453
2006-02-28,73.9000015258789,74,72.36000061035156,72.69000244140625,3903000,51.93838882446289
2006-03-01,72.55999755859375,73.08000183105469,72.25,72.94999694824219,2047000,52.1241569519043
2006-03-02,72.75,73.3499984741211,72.33999633789062,72.80000305175781,1781000,52.016990661621094
2006-03-03,72.80999755859375,74.4000015258789,72.51000213623047,73.38999938964844,2707900,52.43855285644531
2006-03-06,73.69999694824219,73.70999908447266,72.30000305175781,72.62999725341797,2347000,51.89552307128906
2006-03-07,72.66000366210938,73.2300033569336,72.37000274658203,73.16000366210938,1919400,52.27421569824219
2006-03-08,72.8499984741211,72.86000061035156,71.9000015258789,72.81999969482422,3173300,52.03127670288086
2006-03-09,72.75,74.25,72.5,73.76000213623047,3000600,52.70292282104492
2006-03-10,73.7699966430664,74.9000015258789,73.19999694824219,74.79000091552734,3029100,53.43889617919922
2006-03-13,75.20999908447266,75.9000015258789,74.5,74.83999633789062,3658300,53.4745979309082
2006-03-14,74.83999633789062,75.62999725341797,74.72000122070312,75.44999694824219,2602500,53.91046142578125
2006-03-15,75.4000015258789,76.30000305175781,75.2699966430664,76.05000305175781,2594900,54.33917999267578
2006-03-16,76.25,77.05000305175781,76.0999984741211,76.7300033569336,2633500,54.82503890991211
2006-03-17,77.19999694824219,78.08000183105469,77.05000305175781,77.8499984741211,4535500,55.62530517578125
2006-03-20,78.5,78.86000061035156,77.83000183105469,78.18000030517578,3363400,55.861106872558594
2006-03-21,78.80000305175781,79.19999694824219,78.25,78.26000213623047,4118800,55.91825866699219
2006-03-22,78.5999984741211,78.80000305175781,78.3499984741211,78.61000061035156,2525300,56.1683464050293
2006-03-23,78.61000061035156,78.62000274658203,77.51000213623047,77.9000015258789,2285900,55.66105270385742
2006-03-24,78.05000305175781,79.11000061035156,78.05000305175781,78.7300033569336,2947500,56.25408935546875
2006-03-27,78.7300033569336,78.75,77.81999969482422,78.38999938964844,3137900,56.01114273071289
2006-03-28,78.51000213623047,79,77.37000274658203,77.51000213623047,2901700,55.38238525390625
2006-03-29,77.94999694824219,79.4800033569336,77.86000061035156,79.18000030517578,4044000,56.57563781738281
2006-03-30,78.94999694824219,79.5,78.05999755859375,78.41999816894531,3002400,56.032588958740234
2006-03-31,78.5999984741211,78.91999816894531,77.80999755859375,77.93000030517578,2294300,55.68245315551758
2006-04-03,78.25,79.12999725341797,78.01000213623047,78.01000213623047,3303500,55.739627838134766
2006-04-04,78.58000183105469,78.8499984741211,77.5,78.5999984741211,2598500,56.16118240356445
2006-04-05,78.8499984741211,79.19000244140625,77.81999969482422,79.11000061035156,3085100,56.52561950683594
2006-04-06,79.22000122070312,80.12999725341797,79.22000122070312,79.81999969482422,2910700,57.03291702270508
2006-04-07,79.98999786376953,80.37000274658203,78.72000122070312,79.56999969482422,2709900,56.854278564453125
2006-04-10,79.62000274658203,80.91999816894531,79.61000061035156,80.79000091552734,2808100,57.72599411010742
2006-04-11,80.62999725341797,80.70999908447266,79.70999908447266,80.56999969482422,2748000,57.56880569458008
2006-04-12,81.12000274658203,84.2300033569336,81.11000061035156,83.20999908447266,6518900,59.45512008666992
2006-04-13,83.69999694824219,83.69999694824219,82.80999755859375,82.93000030517578,3230700,59.25505828857422
2006-04-17,83.19999694824219,83.98999786376953,81.94999694824219,82.3499984741211,3318000,58.84064865112305
2006-04-18,82.41999816894531,83.37000274658203,81.87999725341797,83.30000305175781,4339800,59.519439697265625
2006-04-19,83.75,84.98999786376953,83.69999694824219,84.95999908447266,3359900,60.705543518066406
2006-04-20,84.70999908447266,86.26000213623047,84.70999908447266,85.5,4445900,61.09140396118164
2006-04-21,86.19999694824219,86.58000183105469,85.86000061035156,86.45999908447266,4202800,61.777313232421875
2006-04-24,86.66000366210938,87.25,86.0999984741211,86.0999984741211,3623600,61.52008056640625
2006-04-25,86.3499984741211,86.4800033569336,84.9000015258789,85.11000061035156,4649400,60.812721252441406
2006-04-26,84.16000366210938,86.0999984741211,83.19999694824219,84.91000366210938,6190800,60.66981887817383
2006-04-27,84.54000091552734,84.69999694824219,83.0999984741211,84.0999984741211,3906500,60.09103775024414
2006-04-28,84.27999877929688,84.66000366210938,83.01000213623047,83.44999694824219,3863800,59.626617431640625
2006-05-01,83.44999694824219,84.12000274658203,82.81999969482422,83.86000061035156,3928200,59.91957092285156
2006-05-02,84.26000213623047,85.81999969482422,83.86000061035156,85.33000183105469,3012300,60.969905853271484
2006-05-03,85.4000015258789,86.02999877929688,85.22000122070312,85.87000274658203,3040800,61.355743408203125
2006-05-04,85.88999938964844,87.1500015258789,85.80999755859375,86.63999938964844,3319700,61.90593719482422
2006-05-05,87.47000122070312,88.55000305175781,87.30000305175781,88.47000122070312,3349100,63.21348190307617
2006-05-08,88.4800033569336,89.30000305175781,87.36000061035156,87.58999633789062,3334800,62.58473587036133
2006-05-09,87.61000061035156,88,87.0999984741211,87.98999786376953,2231900,62.87054443359375
2006-05-10,88,89.58000183105469,87.6500015258789,88.94000244140625,3781600,63.76676559448242
2006-05-11,89.44999694824219,89.55000305175781,87.9000015258789,88.20999908447266,2652700,63.24336242675781
2006-05-12,88.20999908447266,89.01000213623047,86.94000244140625,87.01000213623047,2932000,62.38300323486328
2006-05-15,85.76000213623047,86.47000122070312,84.56999969482422,85.86000061035156,4170600,61.5584716796875
2006-05-16,85.88999938964844,86.9800033569336,85.3499984741211,86.4000015258789,3056600,61.94566345214844
2006-05-17,86.4000015258789,86.4000015258789,83.27999877929688,83.7699966430664,5267000,60.06003189086914
2006-05-18,84.25,84.83999633789062,82.5999984741211,82.7300033569336,3616900,59.31439971923828
2006-05-19,83,85.30000305175781,82.05999755859375,84.61000061035156,5575700,60.66229248046875
2006-05-22,84.45999908447266,86.02999877929688,84.0199966430664,85.70999908447266,4535100,61.450950622558594
2006-05-23,86.04000091552734,86.69999694824219,85.1500015258789,85.1500015258789,4044000,61.04943084716797
2006-05-24,84.97000122070312,85.1500015258789,81.62999725341797,82.37999725341797,6731600,59.063438415527344
2006-05-25,82.80000305175781,83.80000305175781,82.29000091552734,82.98999786376953,3295700,59.50079345703125
2006-05-26,83.5999984741211,83.80999755859375,83.05000305175781,83.5,2354600,59.8664436340332
2006-05-30,83.5,83.5,81.56999969482422,82.12999725341797,3935800,58.88422393798828
2006-05-31,81.20999908447266,83.44000244140625,81.20999908447266,83.25,3958200,59.68721008300781
2006-06-01,83.5999984741211,83.72000122070312,82.55000305175781,83.63999938964844,2373600,59.966827392578125
2006-06-02,84,84.58000183105469,83.16999816894531,83.80000305175781,3230300,60.0815544128418
2006-06-05,83.79000091552734,83.97000122070312,82.05999755859375,82.12999725341797,3421800,58.88422393798828
2006-06-06,82,82.33999633789062,79.47000122070312,80.6500015258789,6324700,57.823143005371094
2006-06-07,80.83000183105469,81.91999816894531,80.29000091552734,81.45999908447266,5014200,58.40384292602539
2006-06-08,81.45999908447266,81.83999633789062,79.01000213623047,81.19000244140625,7561100,58.21027755737305
2006-06-09,81.94999694824219,81.98999786376953,80,80.5,3927800,57.71556091308594
2006-06-12,80.5999984741211,80.75,77.47000122070312,77.87999725341797,5244400,55.83713150024414
2006-06-13,77.7699966430664,77.87999725341797,76.4000015258789,76.9800033569336,5184100,55.19187545776367
2006-06-14,79.4000015258789,82.01000213623047,79.19999694824219,82.01000213623047,9857200,58.79817581176758
2006-06-15,82.01000213623047,85.12999725341797,82.01000213623047,84.80999755859375,8055900,60.80567169189453
2006-06-16,85.0999984741211,85.8499984741211,84.75,85.54000091552734,6019900,61.32905197143555
2006-06-19,85.6500015258789,86.2300033569336,84.30999755859375,84.76000213623047,4342100,60.76982116699219
2006-06-20,85.25,85.4800033569336,84.05000305175781,84.8499984741211,3094400,60.83436584472656
2006-06-21,84.9000015258789,86.08000183105469,84.9000015258789,85.8499984741211,3589600,61.55131530761719
2006-06-22,85.55000305175781,85.68000030517578,83.87999725341797,84.05999755859375,3631100,60.2679557800293
2006-06-23,84.05999755859375,84.4800033569336,83.16000366210938,83.38999938964844,3066100,59.78757858276367
2006-06-26,83.4800033569336,84.27999877929688,82.80000305175781,83.88999938964844,1930000,60.146053314208984
2006-06-27,83.8499984741211,84.19999694824219,81.76000213623047,81.93000030517578,3214200,58.74082565307617
2006-06-28,81.94000244140625,82.69000244140625,80.83000183105469,82.63999938964844,3171600,59.2498664855957
2006-06-29,82.63999938964844,83.5,81.27999877929688,83,5236500,59.507957458496094
2006-06-30,82.98999786376953,83,81.56999969482422,81.91000366210938,4470800,58.726478576660156
2006-07-03,81.3499984741211,81.66999816894531,80.94000244140625,81.30000305175781,1629300,58.28915023803711
2006-07-05,81.27999877929688,81.29000091552734,79.26000213623047,80.16999816894531,5662800,57.47896194458008
2006-07-06,80.2699966430664,80.9800033569336,80,80.80999755859375,3195900,57.937808990478516
2006-07-07,80.4000015258789,81.29000091552734,79.52999877929688,79.98999786376953,2586400,57.349945068359375
2006-07-10,80.02999877929688,81.25,80.02999877929688,80.3499984741211,2665800,57.60801696777344
2006-07-11,80.0999984741211,81.80999755859375,78.86000061035156,81.62999725341797,3821900,58.525718688964844
2006-07-12,81.44999694824219,81.94999694824219,80.37000274658203,80.91999816894531,2659200,58.01669692993164
2006-07-13,80.69999694824219,81.04000091552734,79.47000122070312,79.58999633789062,3609900,57.063106536865234
2006-07-14,79.58999633789062,79.5999984741211,76.88999938964844,77.25,5436600,55.385414123535156
2006-07-17,78.11000061035156,79.7699966430664,77.80000305175781,78.94999694824219,4515600,56.60427474975586
2006-07-18,79.5,80.26000213623047,77.97000122070312,79.16999816894531,4306900,56.76200485229492
2006-07-19,79.31999969482422,82.56999969482422,78.36000061035156,82.29000091552734,5065700,58.998924255371094
2006-07-20,82.9000015258789,83,80.62000274658203,80.69000244140625,4605700,57.8517951965332
2006-07-21,80.69000244140625,80.69000244140625,78.55999755859375,79.08000183105469,4032200,56.69749069213867
2006-07-24,79.44999694824219,81.61000061035156,79.43000030517578,81.44000244140625,4023600,58.389503479003906
2006-07-25,80.75,84.05999755859375,80.69999694824219,83.75,4557400,60.04568862915039
2006-07-26,82.18000030517578,82.36000061035156,79.5999984741211,79.9000015258789,6634600,57.285377502441406
2006-07-27,80,80.29000091552734,78.1500015258789,78.70999908447266,5202100,56.43221664428711
2006-07-28,79.4000015258789,80.0999984741211,78.69999694824219,78.91000366210938,4317100,56.57559585571289
2006-07-31,78.45999908447266,78.5199966430664,77.30000305175781,77.41999816894531,5519200,55.50730895996094
2006-08-01,77.41999816894531,78.27999877929688,76.5199966430664,78.16999816894531,4504200,56.045040130615234
2006-08-02,78.69999694824219,79.6500015258789,78.4000015258789,78.62000274658203,3784500,56.36768341064453
2006-08-03,77.87999725341797,79.88999938964844,77.41999816894531,79.4000015258789,3681200,56.92689895629883
2006-08-04,80.16000366210938,80.69999694824219,79.1500015258789,79.48999786376953,3598400,56.991424560546875
2006-08-07,79.0999984741211,79.94999694824219,78.62000274658203,79.75,3230500,57.177852630615234
2006-08-08,79.55000305175781,80.83000183105469,77.83999633789062,78.1500015258789,5676600,56.03070831298828
2006-08-09,78.25,79.0199966430664,76.70999908447266,77.16000366210938,4175500,55.534114837646484
2006-08-10,76.80000305175781,76.80000305175781,75.06999969482422,76.19999694824219,5609200,54.84314727783203
2006-08-11,76.22000122070312,76.76000213623047,75.66000366210938,75.95999908447266,3274000,54.670413970947266
2006-08-14,76.6500015258789,77.19000244140625,75.1500015258789,75.38999938964844,3772100,54.260162353515625
2006-08-15,76,76.69999694824219,75.69000244140625,76.58000183105469,3516300,55.11663818359375
2006-08-16,77.19999694824219,78.94999694824219,76.86000061035156,78.83000183105469,4181600,56.73603820800781
2006-08-17,78.83000183105469,79.43000030517578,77.87999725341797,78.58999633789062,2893300,56.56329345703125
2006-08-18,78.68000030517578,78.68000030517578,77.16000366210938,77.62000274658203,3426400,55.86517333984375
2006-08-21,77.62000274658203,77.62000274658203,76.51000213623047,76.62999725341797,2537600,55.152626037597656
2006-08-22,77,77.8499984741211,76.25,76.94999694824219,2632700,55.3829460144043
2006-08-23,77,77.55000305175781,76.06999969482422,76.36000061035156,2493900,54.95830535888672
2006-08-24,76.8499984741211,77.04000091552734,75,75.23999786376953,3307900,54.152225494384766
2006-08-25,75.23999786376953,75.5999984741211,73.55000305175781,73.93000030517578,4604300,53.209381103515625
2006-08-28,74.04000091552734,75.0199966430664,73.05000305175781,74.72000122070312,4744200,53.7779541015625
2006-08-29,75.95999908447266,75.98999786376953,72.9000015258789,73.77999877929688,7186000,53.101417541503906
2006-08-30,74,75.30000305175781,73.63999938964844,75.0199966430664,3850800,53.993900299072266
2006-08-31,74.75,75.58000183105469,74.75,74.9000015258789,3056900,53.90752029418945
2006-09-01,75,75.91000366210938,74.45999908447266,75.43000030517578,3275400,54.28898620605469
2006-09-05,75.75,76.30000305175781,75.05000305175781,75.36000061035156,2674100,54.238582611083984
2006-09-06,75.36000061035156,75.55000305175781,74.19999694824219,74.44000244140625,3042700,53.57643508911133
2006-09-07,74.44000244140625,74.44000244140625,72.76000213623047,72.87000274658203,4272900,52.44647979736328
2006-09-08,73.30000305175781,73.62000274658203,72.16999816894531,72.80000305175781,4956300,52.396087646484375
2006-09-11,72.12999725341797,74.12999725341797,72.12999725341797,73.81999969482422,3535300,53.13022232055664
2006-09-12,73.79000091552734,74.37999725341797,73.61000061035156,74.26000213623047,3314800,53.44688415527344
2006-09-13,74.36000061035156,76.48999786376953,74.36000061035156,76.31999969482422,4886400,54.92953109741211
2006-09-14,75.06999969482422,75.63999938964844,74.6500015258789,75.01000213623047,5230800,53.98667907714844
2006-09-15,75.55999755859375,76,74.7300033569336,75.01000213623047,4108100,53.98667907714844
2006-09-18,75.0999984741211,75.63999938964844,74.80000305175781,75.20999908447266,2407200,54.130638122558594
2006-09-19,75.3499984741211,75.5,74.1500015258789,74.87000274658203,2351900,53.88592529296875
2006-09-20,75.51000213623047,76.4000015258789,75.51000213623047,76.19000244140625,4003700,54.83596420288086
2006-09-21,77.05000305175781,77.2699966430664,75.75,76.11000061035156,4435500,54.77836990356445
2006-09-22,76.19999694824219,77.7699966430664,75.73999786376953,77.25,4682000,55.59886169433594
2006-09-25,77.69999694824219,78.55000305175781,77.37000274658203,77.70999908447266,4622000,55.929954528808594
2006-09-26,78.1500015258789,79.29000091552734,77.37000274658203,79,4247500,56.8583869934082
2006-09-27,79.16999816894531,79.95999908447266,79.16999816894531,79.41000366210938,4288800,57.15348815917969
2006-09-28,79.56999969482422,80.3499984741211,79.25,79.27999877929688,4449700,57.05992126464844
2006-09-29,79.5,79.75,78.79000091552734,78.8499984741211,4041900,56.75041580200195
2006-10-02,79.3499984741211,80.27999877929688,78.83999633789062,79.97000122070312,5727300,57.556514739990234
2006-10-03,79.9800033569336,82.08999633789062,79.9800033569336,81.77999877929688,5901700,58.859222412109375
2006-10-04,82.5,83.9800033569336,82.01000213623047,83.95999908447266,7232700,60.42825698852539
2006-10-05,83.97000122070312,84.12000274658203,83.05999755859375,83.62000274658203,3688200,60.18352508544922
2006-10-06,83.62000274658203,84.38999938964844,83.13999938964844,83.68000030517578,3649900,60.226688385009766
2006-10-09,83.69000244140625,83.87000274658203,82.47000122070312,82.6500015258789,4452000,59.485374450683594
2006-10-10,82.5,82.66999816894531,81.80000305175781,82.12999725341797,4005000,59.11112976074219
2006-10-11,81.94999694824219,82,80.88999938964844,81.63999938964844,3258000,58.75847625732422
2006-10-12,82.19999694824219,83.86000061035156,82.0999984741211,83.63999938964844,4129800,60.19792556762695
2006-10-13,83.25,83.3499984741211,81.81999969482422,82.38999938964844,4005200,59.29826354980469
2006-10-16,82.38999938964844,82.8499984741211,81.80999755859375,82.66000366210938,2472600,59.492591857910156
2006-10-17,82.44999694824219,82.44999694824219,81.5,82.29000091552734,2918200,59.22627639770508
2006-10-18,82.5199966430664,83.45999908447266,81.94999694824219,82.73999786376953,3796200,59.5501823425293
2006-10-19,82.73999786376953,82.95999908447266,81.7699966430664,82.41000366210938,2425200,59.31263732910156
2006-10-20,82.9000015258789,82.9000015258789,81.69999694824219,81.73999786376953,3017200,58.83042907714844
2006-10-23,81.7300033569336,82.83999633789062,81.5,82.80000305175781,2818000,59.593360900878906
2006-10-24,83.0999984741211,83.88999938964844,82.72000122070312,83.58999633789062,3815100,60.16192626953125
2006-10-25,82.5999984741211,82.5999984741211,80.5999984741211,80.86000061035156,7074000,58.19707489013672
2006-10-26,80.75,80.75,77.7699966430664,79.13999938964844,10621400,56.95914840698242
2006-10-27,79.16999816894531,80.4000015258789,78.5199966430664,79.73999786376953,6880400,57.3910026550293
2006-10-30,80.25,81.04000091552734,80.01000213623047,80.22000122070312,3739800,57.736446380615234
2006-10-31,80.5999984741211,80.5999984741211,79.30999755859375,79.86000061035156,3943800,57.477378845214844
2006-11-01,80.01000213623047,80.75,79.72000122070312,80.05999755859375,3180100,57.62130355834961
2006-11-02,80.05999755859375,80.4000015258789,79.11000061035156,79.19999694824219,4044600,57.00231170654297
2006-11-03,79.47000122070312,80.3499984741211,79.38999938964844,79.97000122070312,2706700,57.556514739990234
2006-11-06,79.9800033569336,80.87000274658203,79.9800033569336,80.4800033569336,3082600,57.92359161376953
2006-11-07,80.7300033569336,84.9800033569336,80.5999984741211,84.8499984741211,11846400,61.068790435791016
2006-11-08,84.25,85.87000274658203,83.52999877929688,85.44999694824219,8496700,61.71883773803711
2006-11-09,85.75,86.5,85.05000305175781,85.11000061035156,6147800,61.47327423095703
2006-11-10,86.4000015258789,86.9800033569336,85.44000244140625,85.62000274658203,5496600,61.84162139892578
2006-11-13,85.69999694824219,86.33999633789062,85.29000091552734,85.69000244140625,3360100,61.892189025878906
2006-11-14,85.69000244140625,86.08999633789062,84.76000213623047,85.73999786376953,3463100,61.92828369140625
2006-11-15,86.4000015258789,87.58000183105469,86.3499984741211,87.08000183105469,5850900,62.89615249633789
2006-11-16,87.91999816894531,89.43000030517578,87.5,88.70999908447266,6966900,64.07347106933594
2006-11-17,89.05000305175781,89.62999725341797,88.56999969482422,89.5199966430664,5748600,64.65850067138672
2006-11-20,89.05000305175781,89.22000122070312,88.62000274658203,89.12000274658203,5571500,64.3696060180664
2006-11-21,89.8499984741211,92.05000305175781,89.56999969482422,91.0999984741211,8516400,65.79971313476562
2006-11-22,91.0999984741211,91.58999633789062,89.77999877929688,90.0999984741211,4480800,65.07743072509766
2006-11-24,89.25,90.08000183105469,89.1500015258789,89.7699966430664,1213700,64.83912658691406
2006-11-27,90,90.02999877929688,86.94999694824219,87.37000274658203,6282300,63.105628967285156
2006-11-28,88.1500015258789,88.73999786376953,87.05000305175781,87.94000244140625,4950600,63.517311096191406
2006-11-29,88.23999786376953,89.44999694824219,87.93000030517578,88.88999938964844,4427600,64.2034912109375
2006-11-30,89.0999984741211,89.44000244140625,87.0999984741211,88.52999877929688,4194000,63.943450927734375
2006-12-01,89.5999984741211,90.05000305175781,88.6500015258789,89.55000305175781,5154400,64.68019104003906
2006-12-04,89.55000305175781,90.5999984741211,89.41999816894531,89.58000183105469,3492900,64.70186614990234
2006-12-05,89.58999633789062,91.0999984741211,89.16999816894531,90.7300033569336,4385100,65.5324935913086
2006-12-06,91.5999984741211,91.8499984741211,90.76000213623047,90.83000183105469,4214800,65.60472869873047
2006-12-07,91.30000305175781,91.6500015258789,89.75,90.01000213623047,3784500,65.01244354248047
2006-12-08,90.06999969482422,90.72000122070312,89.52999877929688,90.12999725341797,2796300,65.09910583496094
2006-12-11,89.7699966430664,90.19999694824219,89.5199966430664,89.77999877929688,2365000,64.84630584716797
2006-12-12,90.02999877929688,90.75,89.75,90.30999755859375,3634800,65.22911834716797
2006-12-13,90.81999969482422,90.98999786376953,89.38999938964844,89.5999984741211,3695000,64.71629333496094
2006-12-14,89.30000305175781,90.12999725341797,89.08000183105469,89.93000030517578,3510400,64.95464324951172
2006-12-15,90.16999816894531,90.9000015258789,90.16999816894531,90.69999694824219,5305000,65.51079559326172
2006-12-18,90.75,90.9000015258789,89.41000366210938,89.55999755859375,2626500,64.68740844726562
2006-12-19,89,90.44000244140625,88.97000122070312,90.16999816894531,2628900,65.12799835205078
2006-12-20,90.18000030517578,90.5999984741211,89.18000030517578,90.0999984741211,3296000,65.07743072509766
2006-12-21,89.80000305175781,90.4000015258789,89.45999908447266,89.94000244140625,2834600,64.96187591552734
2006-12-22,89.6500015258789,89.66999816894531,88.3499984741211,88.76000213623047,2511700,64.10958099365234
2006-12-26,88.94999694824219,89,88.3499984741211,88.79000091552734,1566200,64.1312484741211
2006-12-27,89.1500015258789,89.44999694824219,88.73999786376953,88.87999725341797,2007400,64.19623565673828
2006-12-28,88.8499984741211,89.19999694824219,88.41000366210938,89,1274600,64.28291320800781
2006-12-29,89.25,89.45999908447266,88.75,88.83999633789062,1780300,64.1673583984375
2007-01-03,88.9000015258789,90.30000305175781,88.44999694824219,89.16999816894531,4871700,64.40572357177734
2007-01-04,88.33999633789062,89.83000183105469,87.01000213623047,89.52999877929688,2718900,64.66571807861328
2007-01-05,89.77999877929688,90,88.5,89.1500015258789,3285900,64.39129638671875
2007-01-08,88.61000061035156,89.41000366210938,87.55999755859375,88.94000244140625,2989000,64.23963165283203
2007-01-09,88.93000030517578,89.70999908447266,87.55999755859375,88,4193800,63.5606689453125
2007-01-10,88.04000091552734,89.33999633789062,88,89.2699966430664,3955200,64.47793579101562
2007-01-11,88.97000122070312,89.2699966430664,88.31999969482422,88.83999633789062,4048600,64.1673583984375
2007-01-12,88.54000091552734,88.8499984741211,87.5,88.12999725341797,3890500,63.65454864501953
2007-01-16,88.25,88.51000213623047,87.30000305175781,88,5537800,63.5606689453125
2007-01-17,88.0199966430664,89.54000091552734,87.22000122070312,88.83000183105469,4501400,64.16011810302734
2007-01-18,89.12999725341797,89.37999725341797,87.76000213623047,88,3348000,63.5606689453125
2007-01-19,88.44999694824219,89.0999984741211,87.80000305175781,88.62999725341797,4368900,64.01570129394531
2007-01-22,87.51000213623047,87.86000061035156,84.81999969482422,85.5999984741211,8426800,61.82718276977539
2007-01-23,85.01000213623047,88.18000030517578,85,87.36000061035156,6559700,63.09839630126953
2007-01-24,87.3499984741211,87.76000213623047,86.5199966430664,87.5999984741211,3368600,63.271751403808594
2007-01-25,87.30000305175781,87.45999908447266,86,86.16000366210938,2850300,62.23164749145508
2007-01-26,86,86.25,84.5999984741211,85.43000030517578,5149400,61.70436477661133
2007-01-29,85.05000305175781,86,85,85.5,3116500,61.754966735839844
2007-01-30,85.75,86.5999984741211,85.55000305175781,86,3151100,62.116092681884766
2007-01-31,89.30000305175781,90.33999633789062,89,89.55999755859375,11568600,64.68740844726562
2007-02-01,89.94999694824219,92.23999786376953,89.7300033569336,91.05000305175781,6622200,65.76361846923828
2007-02-02,91.05000305175781,91.4800033569336,89.94999694824219,90.05000305175781,5098100,65.04132843017578
2007-02-05,90.44999694824219,91.41999816894531,90.30999755859375,90.72000122070312,3028600,65.52528381347656
2007-02-06,91,91,89.9000015258789,90.9800033569336,3521700,65.71304321289062
2007-02-07,90.58999633789062,91.19999694824219,89.69999694824219,90.3499984741211,2813600,65.51004028320312
2007-02-08,89.63999938964844,90.36000061035156,88.55000305175781,89.5199966430664,5155600,64.9082260131836
2007-02-09,89.3499984741211,90.30000305175781,89.02999877929688,90,4282800,65.25625610351562
2007-02-12,89.55000305175781,89.88999938964844,88.77999877929688,89.19999694824219,3449200,64.67619323730469
2007-02-13,89.19999694824219,89.37000274658203,88.30000305175781,89.29000091552734,3009800,64.74143981933594
2007-02-14,89.2699966430664,90.16999816894531,89.2699966430664,89.94000244140625,3865800,65.2127456665039
2007-02-15,90.0199966430664,91.80000305175781,89.86000061035156,91.70999908447266,5702200,66.4961166381836
2007-02-16,91.9800033569336,92,90.7300033569336,90.94000244140625,4545500,65.93780517578125
2007-02-20,91.5,91.69000244140625,89.83999633789062,91.02999877929688,3940500,66.00308990478516
2007-02-21,90.30000305175781,92,90.05000305175781,90.95999908447266,4971700,65.95233154296875
2007-02-22,91.0999984741211,91.93000030517578,90.2699966430664,90.58000183105469,3176500,65.67681884765625
2007-02-23,90.20999908447266,90.8499984741211,90,90.27999877929688,2341700,65.45929718017578
2007-02-26,90.4800033569336,90.7300033569336,88.55999755859375,88.93000030517578,4537900,64.48038482666016
2007-02-27,88,88.69999694824219,85.23999786376953,87.19999694824219,5937900,63.226051330566406
2007-02-28,87.4000015258789,88.41000366210938,86.05000305175781,87.26000213623047,6093600,63.269569396972656
2007-03-01,86.5999984741211,88.80000305175781,85.91000366210938,87.8499984741211,5151800,63.697349548339844
2007-03-02,87.87000274658203,88.54000091552734,87.01000213623047,87.02999877929688,4307200,63.1027946472168
2007-03-05,86.95999908447266,88.19000244140625,86.38999938964844,87.0199966430664,3783200,63.095550537109375
2007-03-06,88.02999877929688,88.02999877929688,87.05000305175781,87.81999969482422,3321800,63.67559051513672
2007-03-07,87.81999969482422,89.25,87.81999969482422,88.70999908447266,5205900,64.32088470458984
2007-03-08,88.9800033569336,89.66999816894531,88.61000061035156,88.88999938964844,2811500,64.45142364501953
2007-03-09,89.69999694824219,90.08999633789062,89.13999938964844,89.51000213623047,2820600,64.90098571777344
2007-03-12,89,91.87000274658203,89,91.19999694824219,5964200,66.12633514404297
2007-03-13,90.9000015258789,91.0999984741211,89.44999694824219,89.44999694824219,5247800,64.8574447631836
2007-03-14,89.44999694824219,90.30000305175781,88.52999877929688,89.9800033569336,4027900,65.24176788330078
2007-03-15,89.9800033569336,91.05999755859375,89.56999969482422,91.04000091552734,3513900,66.01030731201172
2007-03-16,91.04000091552734,91.04000091552734,89.68000030517578,90,5815100,65.25625610351562
2007-03-19,90.5,90.94999694824219,89.9000015258789,90.31999969482422,3568400,65.48826599121094
2007-03-20,90.31999969482422,90.93000030517578,90.0199966430664,90.16000366210938,3485800,65.3722915649414
2007-03-21,90.16000366210938,90.94999694824219,89.44999694824219,90.80000305175781,4230100,65.83631134033203
2007-03-22,90.4000015258789,90.80000305175781,89.87999725341797,90.56999969482422,3561600,65.6695556640625
2007-03-23,89.79000091552734,91.30999755859375,89.79000091552734,90.9800033569336,2304700,65.96681213378906
2007-03-26,90.87999725341797,90.94000244140625,89.83999633789062,90.83000183105469,3273000,65.85806274414062
2007-03-27,90.5999984741211,91,90,90.5199966430664,2687900,65.63329315185547
2007-03-28,90.27999877929688,90.41000366210938,89.01000213623047,89.44999694824219,4497400,64.8574447631836
2007-03-29,90.11000061035156,90.54000091552734,89.16000366210938,89.76000213623047,3520500,65.08222961425781
2007-03-30,89.62000274658203,90.06999969482422,88.6500015258789,88.91000366210938,4588200,64.46595764160156
2007-04-02,88.9000015258789,89.01000213623047,88.08000183105469,88.83000183105469,3440200,64.40791320800781
2007-04-03,89.31999969482422,90.23999786376953,89.08999633789062,89.9000015258789,3931000,65.1837387084961
2007-04-04,89.91000366210938,90.61000061035156,89.80000305175781,90.2699966430664,2553900,65.4520034790039
2007-04-05,90.19999694824219,90.73999786376953,90.19999694824219,90.5,2997800,65.61878204345703
2007-04-09,90.97000122070312,90.97000122070312,90.0199966430664,90.02999877929688,3155400,65.27799224853516
2007-04-10,89.94999694824219,90.87000274658203,89.94999694824219,90.83999633789062,2860400,65.86528778076172
2007-04-11,90.9000015258789,90.98999786376953,89.6500015258789,89.97000122070312,3460000,65.23451232910156
2007-04-12,89.9800033569336,90.86000061035156,89.4000015258789,90.8499984741211,2635300,65.8725814819336
2007-04-13,91.0999984741211,91.0999984741211,90.18000030517578,91.02999877929688,3035700,66.00308990478516
2007-04-16,91,91.27999877929688,89.93000030517578,90.30999755859375,3747800,65.48101043701172
2007-04-17,90.30000305175781,91.13999938964844,90.05000305175781,90.44999694824219,3926800,65.58251953125
2007-04-18,90.44999694824219,94.16999816894531,90.33999633789062,93.87999725341797,9490500,68.06952667236328
2007-04-19,93.48999786376953,94.75,92.76000213623047,92.98999786376953,6192000,67.42422485351562
2007-04-20,93.7699966430664,94.12000274658203,93.05999755859375,93.29000091552734,6035200,67.6417236328125
2007-04-23,94.0999984741211,94.23999786376953,93.30999755859375,93.63999938964844,4900400,67.89550018310547
2007-04-24,94.9000015258789,94.95999908447266,93.37000274658203,93.66999816894531,5754000,67.91727447509766
2007-04-25,94.63999938964844,94.75,92.75,94.69000244140625,7745700,68.6568374633789
2007-04-26,94.54000091552734,95.58000183105469,94.04000091552734,94.26000213623047,4838400,68.34503936767578
2007-04-27,94.25,94.3499984741211,93.27999877929688,94.0199966430664,3526800,68.17102813720703
2007-04-30,94.0199966430664,94.11000061035156,92.8499984741211,93,3751400,67.43148040771484
2007-05-01,93.1500015258789,93.6500015258789,92.5,93.2300033569336,3241600,67.59823608398438
2007-05-02,93.08000183105469,94.45999908447266,92.83999633789062,93.83000183105469,3425000,68.03328704833984
2007-05-03,94.08000183105469,94.48999786376953,93.5,93.8499984741211,3065900,68.04776000976562
2007-05-04,94.3499984741211,94.37999725341797,93.12000274658203,93.61000061035156,3056000,67.8737564086914
2007-05-07,93.80000305175781,95,93.6500015258789,94.55999755859375,4018400,68.56257629394531
2007-05-08,94.41000366210938,94.41000366210938,93.69999694824219,94.20999908447266,4427700,68.30878448486328
2007-05-09,93.87000274658203,94.2699966430664,93.3499984741211,94.08000183105469,3009800,68.46891021728516
2007-05-10,93.75,94.16000366210938,92.69999694824219,92.80000305175781,2664000,67.53736114501953
2007-05-11,92.80999755859375,94.2300033569336,92.37999725341797,93.4000015258789,2702200,67.9740219116211
2007-05-14,93.4000015258789,94.13999938964844,93.31999969482422,93.55999755859375,2075400,68.09046173095703
2007-05-15,93.9800033569336,95.44999694824219,93.79000091552734,94.33999633789062,5005900,68.65811157226562
2007-05-16,94.5,95.45999908447266,94.5,95.33999633789062,4112600,69.38589477539062
2007-05-17,95.33999633789062,97.18000030517578,95.2300033569336,96.79000091552734,4858600,70.4411849975586
2007-05-18,97.06999969482422,97.5,96.2699966430664,96.62999725341797,4234600,70.32474517822266
2007-05-21,96.41999816894531,97.73999786376953,96.25,96.9000015258789,4525300,70.5212173461914
2007-05-22,97.23999786376953,97.5999984741211,96.36000061035156,96.4800033569336,3783900,70.215576171875
2007-05-23,95.94999694824219,96.44999694824219,95.36000061035156,95.56999969482422,4563700,69.55327606201172
2007-05-24,95.9000015258789,98.83999633789062,95.75,97.41999816894531,7449900,70.89965057373047
2007-05-25,98.30000305175781,98.63999938964844,97.37999725341797,98.25,3249200,71.50373077392578
2007-05-29,98.5199966430664,99.19999694824219,97.95999908447266,98.5,3295500,71.6856689453125
2007-05-30,98.47000122070312,100.63999938964844,98.30000305175781,100.55000305175781,5798300,73.1775894165039
2007-05-31,100.69000244140625,100.95999908447266,100.47000122070312,100.58999633789062,4235500,73.2066879272461
2007-06-01,101.44999694824219,101.44999694824219,99.44999694824219,99.83000183105469,4057000,72.65360260009766
2007-06-04,101,101,99.5,99.9800033569336,2718900,72.76275634765625
2007-06-05,99.94000244140625,99.95999908447266,98.83999633789062,99.5,3276300,72.41343688964844
2007-06-06,98.97000122070312,99.19999694824219,97.69000244140625,98.29000091552734,3428800,71.5328369140625
2007-06-07,98.29000091552734,99.08999633789062,96.80999755859375,96.83999633789062,4713100,70.47755432128906
2007-06-08,96.69999694824219,98.22000122070312,95.91000366210938,98.19000244140625,3951500,71.46005249023438
2007-06-11,98.25,98.79000091552734,97.41999816894531,97.55000305175781,3345300,70.9942855834961
2007-06-12,97.55000305175781,97.58999633789062,96.12000274658203,96.4800033569336,5023400,70.215576171875
2007-06-13,97.12000274658203,98.55000305175781,96.91999816894531,98.47000122070312,5333300,71.66382598876953
2007-06-14,99,99.5,98.7300033569336,98.97000122070312,3436000,72.02774047851562
2007-06-15,99.5199966430664,100,97.93000030517578,98.1500015258789,7178100,71.43094635009766
2007-06-18,98.02999877929688,98.58000183105469,97.29000091552734,97.4000015258789,4109300,70.88512420654297
2007-06-19,97.4000015258789,98.23999786376953,96.51000213623047,96.91999816894531,5120200,70.5357894897461
2007-06-20,97.0999984741211,97.72000122070312,96.01000213623047,96.08000183105469,4733900,69.92445373535156
2007-06-21,96.08000183105469,97.19999694824219,95.16999816894531,97.19999694824219,6288900,70.73956298828125
2007-06-22,96.63999938964844,96.9000015258789,95.5999984741211,95.91999816894531,5358900,69.8079833984375
2007-06-25,96,96.56999969482422,94.80000305175781,95.56999969482422,4334800,69.55327606201172
2007-06-26,95.4000015258789,96.47000122070312,94.87000274658203,94.9800033569336,4364100,69.12390899658203
2007-06-27,94.30999755859375,94.9000015258789,93.58000183105469,94.6500015258789,4492500,68.88373565673828
2007-06-28,95,95.58999633789062,94.26000213623047,95.16000366210938,3507700,69.25491333007812
2007-06-29,95.36000061035156,96.33999633789062,95.25,96.16000366210938,5786300,69.98265075683594
2007-07-02,96.72000122070312,97.05000305175781,96.2699966430664,96.7699966430664,2818400,70.42659759521484
2007-07-03,96.80000305175781,98.05999755859375,96.80000305175781,97.6500015258789,2132000,71.06706237792969
2007-07-05,97.5199966430664,98.4800033569336,97.2300033569336,98.36000061035156,2569600,71.58380889892578
2007-07-06,98.12999725341797,99.22000122070312,98.0199966430664,98.87999725341797,2591000,71.96221923828125
2007-07-09,100.98999786376953,101.31999969482422,99.5999984741211,99.9000015258789,5717500,72.70455169677734
2007-07-10,100.5999984741211,100.66000366210938,99.62999725341797,100.25,6681400,72.9592514038086
2007-07-11,100.4800033569336,100.83000183105469,99.55999755859375,100.12000274658203,4608100,72.86463928222656
2007-07-12,100.5,100.81999969482422,99.76000213623047,100.77999877929688,4571200,73.34498596191406
2007-07-13,101.18000030517578,102.43000030517578,100.5999984741211,101.87999725341797,4249800,74.14554595947266
2007-07-16,102,102.16999816894531,101,102.06999969482422,3406800,74.28382873535156
2007-07-17,101.91000366210938,102.7300033569336,101.4000015258789,102.05000305175781,3352800,74.2692642211914
2007-07-18,101.8499984741211,102.75,100.88999938964844,101.81999969482422,4331000,74.10185241699219
2007-07-19,101.62999725341797,102.81999969482422,101.62999725341797,102.4800033569336,2603200,74.58219909667969
2007-07-20,102.80000305175781,104.41999816894531,102.3499984741211,103.86000061035156,6651100,75.58653259277344
2007-07-23,104.4800033569336,104.55000305175781,103.22000122070312,104.04000091552734,4041200,75.71751403808594
2007-07-24,103.44999694824219,105.66999816894531,103.33999633789062,103.80000305175781,5535100,75.5428695678711
2007-07-25,106.9800033569336,107.83000183105469,106.37999725341797,107.2300033569336,10402700,78.03912353515625
2007-07-26,106.05999755859375,106.80000305175781,102.2300033569336,103.69999694824219,10480300,75.47010040283203
2007-07-27,103.5999984741211,106.38999938964844,103.5999984741211,103.70999908447266,7753200,75.47736358642578
2007-07-30,104.5999984741211,106.1500015258789,104,105.54000091552734,6300600,76.80919647216797
2007-07-31,106.54000091552734,106.54000091552734,103.30999755859375,103.43000030517578,6895500,75.27359771728516
2007-08-01,103.02999877929688,104.83999633789062,103,104.52999877929688,6943900,76.0741195678711
2007-08-02,105.0199966430664,106,104.51000213623047,105.93000030517578,4755700,77.09302520751953
2007-08-03,105.5,106.3499984741211,104.22000122070312,104.23999786376953,5466600,75.86309051513672
2007-08-06,104.48999786376953,104.8499984741211,102.08999633789062,104.33999633789062,6308200,75.93586730957031
2007-08-07,103.69999694824219,104.12000274658203,102.30000305175781,103.22000122070312,5250000,75.1207504272461
2007-08-08,103.0999984741211,104.19000244140625,100.70999908447266,102.72000122070312,5820700,75.01123046875
2007-08-09,100.79000091552734,102.2300033569336,98.0199966430664,98.30000305175781,8723900,71.78350067138672
2007-08-10,96.94999694824219,98.51000213623047,94,98.44000244140625,11406200,71.88572692871094
2007-08-13,99.45999908447266,100.91000366210938,99.25,100.05000305175781,6144600,73.06145477294922
2007-08-14,100.33000183105469,100.72000122070312,97.4000015258789,97.62999725341797,4854400,71.29423522949219
2007-08-15,97,98.80000305175781,95.20999908447266,95.51000213623047,5327200,69.74610137939453
2007-08-16,95.19999694824219,95.19999694824219,90.08000183105469,92.73999786376953,14712700,67.7232894897461
2007-08-17,94.79000091552734,97.7300033569336,94.63999938964844,95.93000030517578,8418600,70.05282592773438
2007-08-20,96.26000213623047,97.54000091552734,94.75,97.20999908447266,4813500,70.9875259399414
2007-08-21,96.83000183105469,97.23999786376953,96.06999969482422,96.94999694824219,3254700,70.79766082763672
2007-08-22,97.5,98.8499984741211,97,97.98999786376953,4185600,71.55713653564453
2007-08-23,98.94999694824219,98.94999694824219,96.22000122070312,96.73999786376953,4377100,70.64429473876953
2007-08-24,96.77999877929688,98.5999984741211,96.62999725341797,98.47000122070312,4350400,71.90764617919922
2007-08-27,98.06999969482422,98.94999694824219,97.12999725341797,98.54000091552734,3269800,71.95879364013672
2007-08-28,97.98999786376953,98.37999725341797,95.44000244140625,95.6500015258789,5336300,69.84834289550781
2007-08-29,96.5,97.55000305175781,95.83999633789062,96.9000015258789,5131700,70.76116180419922
2007-08-30,96.73999786376953,97.66999816894531,95.93000030517578,96.8499984741211,4113700,70.72466278076172
2007-08-31,98,98.58000183105469,96.69999694824219,96.69999694824219,3963100,70.6151351928711
2007-09-04,96.0999984741211,96.30999755859375,94.9000015258789,95.91999816894531,6767100,70.0455093383789
2007-09-05,95.19999694824219,97.73999786376953,94.0199966430664,95.83999633789062,10775200,69.98709106445312
2007-09-06,95.54000091552734,96.23999786376953,94.5,96.19999694824219,6660000,70.24996185302734
2007-09-07,95.19999694824219,96.0999984741211,94.66000366210938,94.83999633789062,5669400,69.2568588256836
2007-09-10,95.01000213623047,95.94000244140625,94.05000305175781,95.33000183105469,4741900,69.61465454101562
2007-09-11,95.9800033569336,97.87000274658203,95.5199966430664,97.44000244140625,4804700,71.15550994873047
2007-09-12,97.20999908447266,98.7300033569336,97,98.31999969482422,4407400,71.79808807373047
2007-09-13,98.5999984741211,99.37000274658203,98.3499984741211,98.94999694824219,3993400,72.25817108154297
2007-09-14,98.4000015258789,99.58000183105469,98.0199966430664,99.3499984741211,4217500,72.55025482177734
2007-09-17,98.80000305175781,99.7300033569336,98.06999969482422,98.63999938964844,3788300,72.03179168701172
2007-09-18,98.5999984741211,98.81999969482422,96.44000244140625,98.47000122070312,9975300,71.90764617919922
2007-09-19,99.4000015258789,100.70999908447266,99.05000305175781,100.0199966430664,6915400,73.03954315185547
2007-09-20,99.94000244140625,101.3499984741211,99.94000244140625,101.25,4723000,73.93771362304688
2007-09-21,102.3499984741211,103.2300033569336,101.25,102.58999633789062,6631000,74.91629791259766
2007-09-24,103,103.76000213623047,102.4000015258789,103.05000305175781,4912900,75.25220489501953
2007-09-25,102.73999786376953,105.0199966430664,102.54000091552734,104.93000030517578,5031100,76.62507629394531
2007-09-26,105.30000305175781,105.9800033569336,103.25,104.44999694824219,5036800,76.27454376220703
2007-09-27,104.44999694824219,106.1500015258789,104,105.45999908447266,3984200,77.01209259033203
2007-09-28,105.19999694824219,105.95999908447266,104.2300033569336,104.98999786376953,4549500,76.66889953613281
2007-10-01,105.44999694824219,107,105.22000122070312,106.6500015258789,3675700,77.88105773925781
2007-10-02,106.62000274658203,107.1500015258789,105.2699966430664,105.93000030517578,4595400,77.35530853271484
2007-10-03,105.33000183105469,105.7300033569336,104.25,104.72000122070312,3655500,76.47171783447266
2007-10-04,105.1500015258789,105.69999694824219,104.44999694824219,104.5,3450900,76.31104278564453
2007-10-05,105.4000015258789,105.5,101.08999633789062,102.25,8306000,74.66797637939453
2007-10-08,103.26000213623047,103.26000213623047,100.6500015258789,101.06999969482422,5318900,73.80628204345703
2007-10-09,101.31999969482422,101.76000213623047,99.66000366210938,101.44999694824219,5564600,74.08379364013672
2007-10-10,100.88999938964844,102.4000015258789,97.04000091552734,98.68000030517578,25303300,72.06098937988281
2007-10-11,99.5,99.58000183105469,94.95999908447266,96.26000213623047,13195900,70.29377746582031
2007-10-12,96.11000061035156,97.58999633789062,95.41999816894531,96.69000244140625,9506400,70.60779571533203
2007-10-15,95.9800033569336,96.5,94.44999694824219,94.83000183105469,8073500,69.24954986572266
2007-10-16,94.5,96.33999633789062,93.02999877929688,95.94000244140625,9845700,70.06013488769531
2007-10-17,96.5199966430664,97.05000305175781,94.62999725341797,95.58999633789062,8097500,69.80453491210938
2007-10-18,95.36000061035156,97.1500015258789,94.80000305175781,96.94000244140625,6762300,70.79039001464844
2007-10-19,96.54000091552734,97,93.79000091552734,93.9000015258789,9205200,68.5704345703125
2007-10-22,93.16000366210938,95.04000091552734,92.5999984741211,94.93000030517578,7938900,69.32257080078125
2007-10-23,95.76000213623047,95.95999908447266,94.16000366210938,94.94999694824219,6109100,69.33717346191406
2007-10-24,95.69000244140625,96.08000183105469,93.0199966430664,94.26000213623047,9715600,68.83329772949219
2007-10-25,94.87999725341797,98.97000122070312,92,96,8169100,70.10394287109375
2007-10-26,96.25,96.55000305175781,95.05000305175781,96.0199966430664,5185400,70.1185531616211
2007-10-29,95.77999877929688,97.5999984741211,95.56999969482422,96.98999786376953,8932800,70.82687377929688
2007-10-30,97.25,98.5999984741211,97,97.33000183105469,7543500,71.0751724243164
2007-10-31,98.1500015258789,98.70999908447266,97.33000183105469,98.58999633789062,5940300,71.99527740478516
2007-11-01,98.30000305175781,98.48999786376953,96.5,96.5999984741211,6408600,70.54208374023438
2007-11-02,96.62000274658203,97.87999725341797,96.33999633789062,97.76000213623047,5610600,71.38916778564453
2007-11-05,97.58999633789062,98.66999816894531,96.51000213623047,97.97000122070312,4459200,71.54251861572266
2007-11-06,98,98.43000030517578,96.94000244140625,97.69999694824219,4090000,71.3453598022461
2007-11-07,97,97.98999786376953,96.11000061035156,96.88999938964844,5730700,71.00824737548828
2007-11-08,96.97000122070312,97.25,94.9000015258789,96.27999877929688,6991700,70.56117248535156
2007-11-09,95.08000183105469,95.75,94.06999969482422,94.20999908447266,6131900,69.04414367675781
2007-11-12,94.25,94.41000366210938,92.69999694824219,92.86000061035156,6382400,68.0547866821289
2007-11-13,93.83000183105469,94.1500015258789,92.87000274658203,93.69999694824219,6512000,68.67034912109375
2007-11-14,94.13999938964844,94.25,92.5,92.79000091552734,6536800,68.0034408569336
2007-11-15,91.45999908447266,92.86000061035156,90.97000122070312,91.33999633789062,6693600,66.94078063964844
2007-11-16,92,92.05000305175781,89.44999694824219,89.98999786376953,9249100,65.95140838623047
2007-11-19,89.5999984741211,89.91999816894531,88.12000274658203,88.2699966430664,9344800,64.69084167480469
2007-11-20,88.30999755859375,88.94999694824219,86.91999816894531,87.86000061035156,8743700,64.39038848876953
2007-11-21,86.77999877929688,88.5,86.75,87.41000366210938,7088200,64.06058502197266
2007-11-23,88.5,89.66000366210938,88.06999969482422,89.54000091552734,3317300,65.62161254882812
2007-11-26,90.5,92.38999938964844,89.86000061035156,89.93000030517578,7087900,65.90743255615234
2007-11-27,90.56999969482422,92.55000305175781,90.5199966430664,91.7300033569336,7092300,67.22659301757812
2007-11-28,92.61000061035156,93.83000183105469,91.76000213623047,93.61000061035156,6937100,68.60443878173828
2007-11-29,93.61000061035156,94.2699966430664,92.61000061035156,93.20999908447266,4692100,68.3112564086914
2007-11-30,94.5999984741211,94.5999984741211,91.72000122070312,92.54000091552734,10111300,67.82022857666016
2007-12-03,92.5,93.19999694824219,91.66000366210938,91.79000091552734,5423400,67.27056884765625
2007-12-04,91.43000030517578,91.79000091552734,89.8499984741211,89.98999786376953,7080900,65.95140838623047
2007-12-05,90.9000015258789,92.16000366210938,90.36000061035156,90.69999694824219,9175900,66.47174835205078
2007-12-06,91.5,92.44000244140625,90.83000183105469,91.77999877929688,5813100,67.26326751708984
2007-12-07,92.36000061035156,93.63999938964844,92,93.16000366210938,5363800,68.27462005615234
2007-12-10,93.25,93.25,91.79000091552734,92.63999938964844,5971200,67.8935317993164
2007-12-11,92.63999938964844,93,88.12000274658203,88.69999694824219,10328400,65.0060043334961
2007-12-12,88,89.52999877929688,85.55000305175781,86.91999816894531,18701100,63.70146560668945
2007-12-13,86.66999816894531,88.91000366210938,86.4000015258789,88.55000305175781,7522100,64.89608001708984
2007-12-14,88.54000091552734,89.98999786376953,88.02999877929688,88.41999816894531,4988900,64.8008041381836
2007-12-17,88.20999908447266,88.9000015258789,87.19999694824219,87.4000015258789,4946000,64.05327606201172
2007-12-18,87.87000274658203,87.87000274658203,86.19999694824219,87.16999816894531,5732000,63.88468551635742
2007-12-19,87.75,88.16999816894531,86.47000122070312,86.62000274658203,8620600,63.48161315917969
2007-12-20,87.08000183105469,87.41000366210938,86.4800033569336,87.19000244140625,3333500,63.89936447143555
2007-12-21,88.04000091552734,89.33999633789062,87.80000305175781,89.06999969482422,7661800,65.27716064453125
2007-12-24,89.55000305175781,90.37999725341797,89.55000305175781,90.0199966430664,1946900,65.97339630126953
2007-12-26,90,90.12999725341797,89.27999877929688,90,2734400,65.95873260498047
2007-12-27,89.98999786376953,89.98999786376953,88.33000183105469,88.87999725341797,2890200,65.13792419433594
2007-12-28,89,89.11000061035156,87.4800033569336,88.25,2928100,64.67618560791016
2007-12-31,88.13999938964844,88.27999877929688,87.23999786376953,87.45999908447266,3184200,64.09722137451172
2008-01-02,87.56999969482422,87.83999633789062,86,86.62000274658203,4303000,63.48161315917969
2008-01-03,87.06999969482422,87.63999938964844,86.73999786376953,86.9800033569336,3427900,63.745445251464844
2008-01-04,86.31999969482422,87.16000366210938,85.69000244140625,85.81999969482422,5393400,62.89531326293945
2008-01-07,86.25,86.30000305175781,82.16999816894531,82.87000274658203,9961800,60.733341217041016
2008-01-08,83.11000061035156,83.37000274658203,79.6500015258789,79.91000366210938,9810600,58.564048767089844
2008-01-09,79.69999694824219,80.43000030517578,77.80999755859375,80.30000305175781,10307100,58.849849700927734
2008-01-10,79.86000061035156,83.19000244140625,79.86000061035156,82.36000061035156,9411400,60.359561920166016
2008-01-11,81.7699966430664,81.77999877929688,80,80.5199966430664,6556600,59.011077880859375
2008-01-14,81.33000183105469,82.37000274658203,80.1500015258789,81.66999816894531,7732600,59.85390090942383
2008-01-15,81.47000122070312,81.80000305175781,76,77.86000061035156,16467100,57.061641693115234
2008-01-16,77.80999755859375,81.30999755859375,76.5,79.87000274658203,13292400,58.53472900390625
2008-01-17,81.19999694824219,82.48999786376953,79.0199966430664,79.5199966430664,9303800,58.2781982421875
2008-01-18,80.25,80.81999969482422,77.76000213623047,78.4000015258789,7686800,57.457401275634766
2008-01-22,74.52999877929688,78.73999786376953,74.4000015258789,77.5999984741211,8503300,56.87107467651367
2008-01-23,75.5,77.19000244140625,74.12000274658203,76.56999969482422,13028100,56.11622619628906
2008-01-24,77.55999755859375,78.33999633789062,76.4800033569336,77.62000274658203,7449300,56.88573455810547
2008-01-25,78.6500015258789,79.66999816894531,76.97000122070312,77.02999877929688,7849500,56.45335006713867
2008-01-28,77.1500015258789,77.72000122070312,76.4800033569336,77.5999984741211,4864300,56.87107467651367
2008-01-29,78.56999969482422,81.05999755859375,78.2699966430664,80.95999908447266,9025500,59.33354187011719
2008-01-30,79.69999694824219,84.87000274658203,79.69000244140625,82.87000274658203,11331100,60.733341217041016
2008-01-31,81.77999877929688,83.83999633789062,80.80000305175781,83.18000030517578,7887700,60.960533142089844
2008-02-01,83.37000274658203,83.98999786376953,81.8499984741211,82.76000213623047,6685900,60.65271759033203
2008-02-04,82.77999877929688,83.36000061035156,81.91000366210938,82.9000015258789,3106300,60.75532150268555
2008-02-05,81.61000061035156,82.77999877929688,81.3499984741211,81.69000244140625,4691600,59.86853790283203
2008-02-06,81.9000015258789,81.94999694824219,79.5999984741211,79.91000366210938,5331700,58.85222625732422
2008-02-07,78.70999908447266,80.23999786376953,78.70999908447266,79.75,6779000,58.734352111816406
2008-02-08,79.4800033569336,80.13999938964844,78.80999755859375,79.33000183105469,4343300,58.42503356933594
2008-02-11,79.45999908447266,81.38999938964844,78.8499984741211,81.12999725341797,4898200,59.750709533691406
2008-02-12,81.80000305175781,84.52999877929688,81.44000244140625,83.55999755859375,7980000,61.540348052978516
2008-02-13,84.3499984741211,85.62999725341797,84.01000213623047,85.4800033569336,6405000,62.954410552978516
2008-02-14,85.66999816894531,86.05999755859375,84.9000015258789,85.22000122070312,6631600,62.762916564941406
2008-02-15,85.05999755859375,85.41999816894531,84.16999816894531,85.18000030517578,5749300,62.733455657958984
2008-02-19,86.11000061035156,86.87999725341797,84.83000183105469,85.37000274658203,4158300,62.87339782714844
2008-02-20,84.47000122070312,84.69000244140625,82.94999694824219,84,7526400,61.86442947387695
2008-02-21,84.12000274658203,84.95999908447266,81.87000274658203,82.01000213623047,6688300,60.3988037109375
2008-02-22,82.51000213623047,83.20999908447266,81.75,83.04000091552734,5229100,61.15739059448242
2008-02-25,83.26000213623047,84.73999786376953,83.12000274658203,84.66000366210938,5450600,62.350494384765625
2008-02-26,85.12000274658203,85.12000274658203,83.9000015258789,84.56999969482422,5171700,62.28419494628906
2008-02-27,84.22000122070312,85.19000244140625,83.4000015258789,83.94999694824219,4675100,61.82758331298828
2008-02-28,83.51000213623047,85,82.7300033569336,84.80000305175781,5727400,62.45357894897461
2008-02-29,84.02999877929688,84.5,82.4000015258789,82.79000091552734,7667800,60.973270416259766
2008-03-03,79.31999969482422,80.88999938964844,79.25,80.66999816894531,9575400,59.41192626953125
2008-03-04,79.77999877929688,79.98999786376953,78.33999633789062,79.62000274658203,8209200,58.63862609863281
2008-03-05,79.81999969482422,81.31999969482422,79.66999816894531,80.70999908447266,5669600,59.44136428833008
2008-03-06,80.55000305175781,80.72000122070312,79.37999725341797,79.51000213623047,4503500,58.5576057434082
2008-03-07,78.98999786376953,79,76.37000274658203,76.5999984741211,9657100,56.41444396972656
2008-03-10,76.52999877929688,76.70999908447266,74.37999725341797,74.37999725341797,9930500,54.779449462890625
2008-03-11,74.77999877929688,75.75,72.38999938964844,73.4000015258789,14137400,54.0577278137207
2008-03-12,73.70999908447266,74.75,72.12999725341797,72.44999694824219,8966800,53.35805130004883
2008-03-13,71.80999755859375,74.41999816894531,71.58999633789062,74.18000030517578,10850600,54.63216018676758
2008-03-14,75.79000091552734,77.19000244140625,75.12999725341797,76.2300033569336,13225400,56.14195251464844
2008-03-17,74.45999908447266,76.19999694824219,74.13999938964844,75.48999786376953,5463100,55.596954345703125
2008-03-18,77,77,75.26000213623047,76.52999877929688,5644000,56.362892150878906
2008-03-19,76.9800033569336,77,73.44999694824219,73.44999694824219,9195600,54.09455108642578
2008-03-20,73.55000305175781,75,72.72000122070312,74.80000305175781,8086000,55.08880615234375
2008-03-24,75.25,76.4800033569336,74.79000091552734,76.29000091552734,4853800,56.186134338378906
2008-03-25,76.87999725341797,76.87999725341797,75.13999938964844,75.9000015258789,5969200,55.898921966552734
2008-03-26,75.66000366210938,76.5,75.5999984741211,76.30000305175781,4350600,56.19350814819336
2008-03-27,75.86000061035156,76.36000061035156,74.13999938964844,74.22000122070312,7709400,54.661624908447266
2008-03-28,74.44000244140625,74.62999725341797,73.08000183105469,73.47000122070312,4616800,54.1092529296875
2008-03-31,74,74.58000183105469,73.4000015258789,74.37000274658203,7394800,54.7721061706543
2008-04-01,75.0199966430664,75.88999938964844,74.80000305175781,75.87999725341797,5956000,55.88420104980469
2008-04-02,76.0999984741211,77.19000244140625,75.7300033569336,76.8499984741211,6121500,56.59857177734375
2008-04-03,76.55000305175781,77.22000122070312,75.9000015258789,76.13999938964844,5597100,56.07566833496094
2008-04-04,76.04000091552734,76.62999725341797,75.33000183105469,75.6500015258789,5086600,55.71477127075195
2008-04-07,76.52999877929688,76.52999877929688,74.87999725341797,74.9800033569336,5388700,55.221343994140625
2008-04-08,74.51000213623047,75.38999938964844,74.04000091552734,75.0199966430664,5597200,55.25082015991211
2008-04-09,76.72000122070312,79.9000015258789,76.30999755859375,78.5999984741211,19513400,57.88740921020508
2008-04-10,78.44999694824219,79.05000305175781,77.79000091552734,78.43000030517578,7873800,57.76220703125
2008-04-11,77.6500015258789,78.41000366210938,76.72000122070312,76.86000061035156,5427700,56.60592269897461
2008-04-14,76.68000030517578,77.63999938964844,76.66999816894531,77.22000122070312,4926500,56.87106704711914
2008-04-15,77.55999755859375,77.66999816894531,75.5999984741211,75.69999694824219,6337700,55.751609802246094
2008-04-16,76.30999755859375,76.91999816894531,75.63999938964844,76.66999816894531,4895700,56.46601867675781
2008-04-17,76.4000015258789,77.26000213623047,76.4000015258789,76.91000366210938,3466400,56.64276885986328
2008-04-18,77.5,79.0999984741211,77.5,78.66000366210938,6742900,57.93159866333008
2008-04-21,78.70999908447266,79.37000274658203,78.16999816894531,79.08999633789062,4744200,58.24829864501953
2008-04-22,79.31999969482422,79.98999786376953,77.75,78.55999755859375,7615500,57.857933044433594
2008-04-23,80.6500015258789,83.36000061035156,79.56999969482422,82.08999633789062,15488400,60.457725524902344
2008-04-24,82.48999786376953,83.37000274658203,81.6500015258789,83,5755200,61.12792205810547
2008-04-25,83.37999725341797,85.25,83.37999725341797,84.83999633789062,8355000,62.48305892944336
2008-04-28,85.01000213623047,85.63999938964844,84.27999877929688,84.9800033569336,5378900,62.58616638183594
2008-04-29,84.54000091552734,86.44999694824219,84.54000091552734,85.52999877929688,4485300,62.99120330810547
2008-04-30,85.83000183105469,86.18000030517578,84.62999725341797,84.86000061035156,5220600,62.49781036376953
2008-05-01,84.86000061035156,85.4800033569336,84.56999969482422,85.41000366210938,5083200,62.90283203125
2008-05-02,86.31999969482422,86.5,84.9800033569336,85.69000244140625,3784500,63.10906982421875
2008-05-05,85.31999969482422,86.06999969482422,85,85.91999816894531,3886400,63.27846145629883
2008-05-06,85.58999633789062,86.20999908447266,85.12999725341797,86.1500015258789,5079200,63.44784164428711
2008-05-07,86.02999877929688,86.0999984741211,84.41999816894531,84.55000305175781,5060300,62.55996322631836
2008-05-08,84.70999908447266,85.19999694824219,84,84.76000213623047,3671600,62.71531295776367
2008-05-09,84.43000030517578,84.75,83.75,84.05999755859375,3328200,62.1973762512207
2008-05-12,84.4000015258789,85,83.27999877929688,84.80000305175781,5367400,62.74491882324219
2008-05-13,84.98999786376953,85.29000091552734,84.11000061035156,85.08000183105469,4292400,62.95211410522461
2008-05-14,85.30000305175781,86.66999816894531,85.08000183105469,85.69000244140625,4909900,63.40346145629883
2008-05-15,85.70999908447266,86.13999938964844,85,85.55000305175781,6006300,63.29984664916992
2008-05-16,85.83999633789062,85.83999633789062,84.73999786376953,85.16999816894531,7129900,63.018672943115234
2008-05-19,85.55999755859375,88.29000091552734,85,87.06999969482422,7176300,64.42454528808594
2008-05-20,87.05000305175781,87.05000305175781,84.61000061035156,85.13999938964844,5698000,62.99650192260742
2008-05-21,85.41000366210938,85.5999984741211,80.77999877929688,81.19000244140625,10847200,60.073814392089844
2008-05-22,81.05000305175781,81.72000122070312,80.55000305175781,81.41000366210938,6333300,60.23661422729492
2008-05-23,81.20999908447266,82.08999633789062,80.8499984741211,81.4800033569336,4476600,60.28839874267578
2008-05-27,81.5999984741211,83.30000305175781,81.5999984741211,82.87000274658203,4528900,61.316890716552734
2008-05-28,83.25,83.25,81.08000183105469,82.12999725341797,4135400,60.769344329833984
2008-05-29,81.81999969482422,83,81.05000305175781,82.11000061035156,3465200,60.754554748535156
2008-05-30,82.4000015258789,82.94000244140625,81.01000213623047,82.7699966430664,4660200,61.24289321899414
2008-06-02,82.61000061035156,82.61000061035156,80.47000122070312,81.1500015258789,4492000,60.04425048828125
2008-06-03,81.5,81.80000305175781,77.30000305175781,78.12000274658203,10185000,57.80228805541992
2008-06-04,77.54000091552734,78.81999969482422,77.4800033569336,78.0199966430664,6750100,57.72828674316406
2008-06-05,78.19000244140625,78.19999694824219,76.80000305175781,77.30999755859375,5787700,57.20295715332031
2008-06-06,76.54000091552734,76.56999969482422,73,73.16000366210938,12786400,54.13230895996094
2008-06-09,73.4000015258789,74.12000274658203,73.13999938964844,73.94999694824219,6629000,54.7168083190918
2008-06-10,73.45999908447266,74.11000061035156,72.76000213623047,73.66999816894531,5675000,54.50966262817383
2008-06-11,73.44000244140625,73.7699966430664,72.93000030517578,73.30999755859375,6544800,54.243289947509766
2008-06-12,74.01000213623047,77.05000305175781,73.79000091552734,74.12000274658203,9794900,54.84260940551758
2008-06-13,74.76000213623047,75.48999786376953,74.37999725341797,75.12000274658203,6087100,55.5825309753418
2008-06-16,74.7699966430664,75.44999694824219,74.02999877929688,75.0199966430664,3481100,55.508541107177734
2008-06-17,75.37999725341797,75.5,73.80999755859375,74.37999725341797,6503700,55.03498077392578
2008-06-18,73.37000274658203,76.33999633789062,73.37000274658203,74.6500015258789,11534700,55.23478698730469
2008-06-19,75.05000305175781,77.20999908447266,74.68000030517578,76.94999694824219,7539700,56.93658447265625
2008-06-20,77.80000305175781,77.80000305175781,75.66000366210938,75.83000183105469,8868600,56.107872009277344
2008-06-23,76.2300033569336,76.4800033569336,75.12000274658203,75.58999633789062,4036600,55.93031311035156
2008-06-24,75.23999786376953,75.61000061035156,74.12999725341797,74.79000091552734,4949800,55.33835983276367
2008-06-25,72.27999877929688,72.79000091552734,69.3499984741211,69.63999938964844,21124600,51.52778625488281
2008-06-26,68.75,70.38999938964844,68.05000305175781,68.20999908447266,10984200,50.4697151184082
2008-06-27,67.73999786376953,67.93000030517578,66.37999725341797,66.91999816894531,10369500,49.51520538330078
2008-06-30,66.62999725341797,66.75,65.55000305175781,65.72000122070312,8562400,48.627315521240234
2008-07-01,64.94999694824219,66.22000122070312,64.55999755859375,65.44999694824219,9758400,48.427547454833984
2008-07-02,65.81999969482422,65.98999786376953,63.900001525878906,63.900001525878906,10136400,47.280670166015625
2008-07-03,64.01000213623047,64.5999984741211,63.540000915527344,64.47000122070312,4058400,47.702415466308594
2008-07-07,64.66000366210938,65.69000244140625,63.56999969482422,64.29000091552734,6175400,47.569244384765625
2008-07-08,64.43000030517578,66,64.20999908447266,65.91999816894531,6689800,48.775299072265625
2008-07-09,66.05999755859375,67.2300033569336,65.31999969482422,65.58999633789062,9614900,48.53113555908203
2008-07-10,65.94999694824219,66.5,65.01000213623047,65.98999786376953,7304100,48.82709884643555
2008-07-11,65.3499984741211,65.3499984741211,62.86000061035156,63.279998779296875,9787400,46.82193374633789
2008-07-14,64.4000015258789,64.4000015258789,62.630001068115234,63.189998626708984,5545500,46.755332946777344
2008-07-15,62.060001373291016,64.36000061035156,62.02000045776367,63.880001068115234,7925200,47.265865325927734
2008-07-16,63.90999984741211,65.68000030517578,63.5,65.58000183105469,5644100,48.52372741699219
2008-07-17,66.05000305175781,67.22000122070312,65.05000305175781,66.91999816894531,7105200,49.51520538330078
2008-07-18,67.11000061035156,68.33999633789062,66.54000091552734,68.13999938964844,8452100,50.417911529541016
2008-07-21,68.5,68.91000366210938,67.30000305175781,68.23999786376953,5025700,50.491912841796875
2008-07-22,68.58000183105469,69.5,67.76000213623047,69.26000213623047,6168500,51.246612548828125
2008-07-23,67.31999969482422,68.01000213623047,65.62000274658203,66.72000122070312,11043900,49.36723327636719
2008-07-24,65.5999984741211,66.08999633789062,62.04999923706055,62.529998779296875,14072900,46.266990661621094
2008-07-25,63,64.13999938964844,62.34000015258789,63.83000183105469,9167400,47.2288703918457
2008-07-28,63.81999969482422,64.05999755859375,62.2599983215332,62.34000015258789,6253100,46.126399993896484
2008-07-29,62.63999938964844,63.5,62.31999969482422,63.209999084472656,5620700,46.77012252807617
2008-07-30,63.59000015258789,63.93000030517578,63,63.81999969482422,6011000,47.22148513793945
2008-07-31,63,63,61.0099983215332,61.11000061035156,10585300,45.21630096435547
2008-08-01,61.38999938964844,62.279998779296875,60.77000045776367,62.0099983215332,7016800,45.88221740722656
2008-08-04,62.08000183105469,62.33000183105469,61.130001068115234,61.36000061035156,6074500,45.401275634765625
2008-08-05,61.869998931884766,65.68000030517578,61.86000061035156,65.19999694824219,8941000,48.24254608154297
2008-08-06,64.9000015258789,66.0199966430664,64,65.4000015258789,6240000,48.689247131347656
2008-08-07,65.05999755859375,66.18000030517578,64.6500015258789,64.69000244140625,7389300,48.16065979003906
2008-08-08,64.87000274658203,68.75,64.30999755859375,67.86000061035156,10088400,50.52067947387695
2008-08-11,67.88999938964844,67.9000015258789,66.20999908447266,66.62000274658203,6875200,49.59751892089844
2008-08-12,66.88999938964844,66.94999694824219,65.56999969482422,65.93000030517578,6422200,49.08381652832031
2008-08-13,66.06999969482422,66.2300033569336,64,64.26000213623047,8990000,47.84054946899414
2008-08-14,63.7400016784668,65.43000030517578,63.45000076293945,64.7699966430664,9356600,48.22022247314453
2008-08-15,64.7699966430664,65.33000183105469,63.81999969482422,64.44999694824219,7672600,47.98198318481445
2008-08-18,64.5,65.22000122070312,63.18000030517578,63.63999938964844,4903400,47.37894058227539
2008-08-19,63.47999954223633,64.19000244140625,62.619998931884766,62.95000076293945,8101400,46.86526107788086
2008-08-20,62.9900016784668,63.970001220703125,62.209999084472656,63.209999084472656,3964400,47.0588264465332
2008-08-21,62.970001220703125,63.790000915527344,62.209999084472656,63.54999923706055,4048500,47.31195831298828
2008-08-22,63.939998626708984,65.70999908447266,63.5099983215332,65.55000305175781,5490800,48.80092239379883
2008-08-25,64.91000366210938,65.48999786376953,63.58000183105469,64.06999969482422,4578300,47.69910430908203
2008-08-26,64.08999633789062,64.38999938964844,62.869998931884766,63.459999084472656,4488800,47.24494934082031
2008-08-27,63.56999969482422,65.19999694824219,63.20000076293945,64.5199966430664,4034300,48.03410339355469
2008-08-28,64.77999877929688,66.9800033569336,64.26000213623047,66.33999633789062,4448600,49.38905715942383
2008-08-29,66.25,66.43000030517578,65.0999984741211,65.55999755859375,3912800,48.80836868286133
2008-09-02,67,68.47000122070312,65.43000030517578,65.87000274658203,6464200,49.039154052734375
2008-09-03,65.69000244140625,67.08000183105469,64.13999938964844,66.06999969482422,5252900,49.188053131103516
2008-09-04,65.01000213623047,65.30000305175781,62.040000915527344,63.029998779296875,10921800,46.92483139038086
2008-09-05,62.52000045776367,63.4900016784668,61.88999938964844,62.88999938964844,5608800,46.82059097290039
2008-09-08,62.470001220703125,64.06999969482422,61.86000061035156,63.90999984741211,8309100,47.57997512817383
2008-09-09,63.91999816894531,65.22000122070312,63.91999816894531,64.0199966430664,7752800,47.661869049072266
2008-09-10,63.58000183105469,63.810001373291016,61.58000183105469,61.709999084472656,9138500,45.94208908081055
2008-09-11,61.130001068115234,62.709999084472656,61.130001068115234,62.56999969482422,6101100,46.582374572753906
2008-09-12,62.380001068115234,63.41999816894531,61.70000076293945,63.29999923706055,5084500,47.12582015991211
2008-09-15,61.810001373291016,62.79999923706055,61,62.25,9809800,46.34413146972656
2008-09-16,61.02000045776367,63,60.15999984741211,61.720001220703125,8591700,45.94955062866211
2008-09-17,60.880001068115234,61,56.43000030517578,57,14830200,42.43558883666992
2008-09-18,57.689998626708984,58.65999984741211,54.20000076293945,58.11000061035156,14031600,43.261959075927734
2008-09-19,60.7400016784668,61,57.599998474121094,59.7599983215332,10863200,44.49036407470703
2008-09-22,59.33000183105469,60.40999984741211,58.2599983215332,58.810001373291016,6031400,43.78311538696289
2008-09-23,58.90999984741211,60.38999938964844,57.189998626708984,57.310001373291016,6634600,42.6663703918457
2008-09-24,57.540000915527344,58.869998931884766,56.93000030517578,57.36000061035156,5484100,42.7036018371582
2008-09-25,57.66999816894531,58.20000076293945,56.79999923706055,57.41999816894531,6381800,42.748268127441406
2008-09-26,56.7400016784668,58.5,56.0099983215332,58.31999969482422,5866500,43.41830825805664
2008-09-29,57.5,57.95000076293945,54.75,55.470001220703125,9604900,41.29652786254883
2008-09-30,56.290000915527344,57.650001525878906,55.619998931884766,57.349998474121094,6412200,42.6961555480957
2008-10-01,56.7599983215332,58,55.369998931884766,56.619998931884766,6221800,42.152679443359375
2008-10-02,56.33000183105469,56.970001220703125,53.34000015258789,53.58000183105469,8128100,39.889442443847656
2008-10-03,54,56.400001525878906,53.7599983215332,53.83000183105469,9312300,40.07556915283203
2008-10-06,51.77000045776367,53,47.880001068115234,51.290000915527344,12428500,38.184574127197266
2008-10-07,51.790000915527344,52.560001373291016,48.709999084472656,49.279998779296875,10927800,36.68816375732422
2008-10-08,48.40999984741211,50,47.18000030517578,47.70000076293945,11889300,35.511878967285156
2008-10-09,47.83000183105469,48.939998626708984,44.40999984741211,44.40999984741211,12239000,33.06252670288086
2008-10-10,40.130001068115234,44.25,40,41.79999923706055,20325600,31.119436264038086
2008-10-13,43.56999969482422,47.310001373291016,42.5,47.08000183105469,14290600,35.05030822753906
2008-10-14,48.630001068115234,49.470001220703125,43.61000061035156,45.06999969482422,12493900,33.553890228271484
2008-10-15,44.18000030517578,45.47999954223633,41.540000915527344,42.33000183105469,10146800,31.51400375366211
2008-10-16,42.63999938964844,45,39.9900016784668,44.790000915527344,11752000,33.34543991088867
2008-10-17,43.95000076293945,46.81999969482422,43.209999084472656,44.54999923706055,10045100,33.1667594909668
2008-10-20,44.7400016784668,46.77000045776367,43.720001220703125,46.709999084472656,7809200,34.774845123291016
2008-10-21,46.31999969482422,47.689998626708984,45.529998779296875,46.400001525878906,7357000,34.544063568115234
2008-10-22,44.15999984741211,44.900001525878906,41.79999923706055,42.90999984741211,10096700,31.945810317993164
2008-10-23,43.20000076293945,46.810001373291016,42.810001373291016,46.52000045776367,13971200,34.63340377807617
2008-10-24,42.5,47.2400016784668,41.75,45.2400016784668,9792200,33.68046188354492
2008-10-27,45.70000076293945,46.130001068115234,42.2599983215332,42.36000061035156,9236200,31.536346435546875
2008-10-28,46.45000076293945,49.04999923706055,43.630001068115234,48.90999984741211,14396800,36.4127082824707
2008-10-29,48.810001373291016,52.81999969482422,48.810001373291016,49.79999923706055,12835700,37.075294494628906
2008-10-30,52.279998779296875,52.79999923706055,48.58000183105469,50.70000076293945,9559100,37.745330810546875
2008-10-31,50.619998931884766,52.61000061035156,49.279998779296875,52.41999816894531,8419400,39.02584457397461
2008-11-03,51.900001525878906,53.18000030517578,50.81999969482422,52.849998474121094,8412300,39.345970153808594
2008-11-04,54.40999984741211,54.650001525878906,52.720001220703125,53.619998931884766,9284500,39.91923904418945
2008-11-05,52.5,52.59000015258789,49,49.54999923706055,10002100,37.16644287109375
2008-11-06,48.970001220703125,50.22999954223633,45.349998474121094,45.720001220703125,13721300,34.293636322021484
2008-11-07,46.58000183105469,47.29999923706055,45.349998474121094,46.58000183105469,7150800,34.93870544433594
2008-11-10,47.29999923706055,48.310001373291016,45.59000015258789,46.13999938964844,5304200,34.6086540222168
2008-11-11,45.5,45.5,42.75,43.970001220703125,7928100,32.98099899291992
2008-11-12,43.22999954223633,44.09000015258789,42,42.52000045776367,7739500,31.89337730407715
2008-11-13,42.029998779296875,43.31999969482422,39.06999969482422,43.15999984741211,13997600,32.373435974121094
2008-11-14,42.0099983215332,43.7599983215332,40.79999923706055,41.040000915527344,8908900,30.78325080871582
2008-11-17,40.61000061035156,42.79999923706055,40.5,41.18000030517578,7042600,30.888263702392578
2008-11-18,40.599998474121094,40.7599983215332,38.04999923706055,39.560001373291016,12209200,29.67315101623535
2008-11-19,39.279998779296875,40.130001068115234,37.45000076293945,37.47999954223633,10614300,28.112985610961914
2008-11-20,36.97999954223633,39.7400016784668,36.720001220703125,37.11000061035156,13406300,27.835439682006836
2008-11-21,37.18000030517578,39.93000030517578,36.16999816894531,39.58000183105469,13259700,29.68815040588379
2008-11-24,40.04999923706055,41.25,38.88999938964844,40.75,9682300,30.565731048583984
2008-11-25,40.54999923706055,40.79999923706055,39.540000915527344,40.18000030517578,9618700,30.138206481933594
2008-11-26,39.349998474121094,41.34000015258789,39.02000045776367,41.279998779296875,6256400,30.963285446166992
2008-11-28,41.16999816894531,42.79999923706055,41.099998474121094,42.630001068115234,2608200,31.975887298583984
2008-12-01,41.63999938964844,42,39.7400016784668,39.880001068115234,7817500,29.913166046142578
2008-12-02,40.540000915527344,41,39.25,40.70000076293945,6029400,30.528228759765625
2008-12-03,40.22999954223633,41.099998474121094,39.150001525878906,40.470001220703125,8007000,30.35572052001953
2008-12-04,39.84000015258789,41.33000183105469,38.5,39.189998626708984,7244200,29.395612716674805
2008-12-05,38,39.56999969482422,36.279998779296875,39.529998779296875,10564600,29.6506404876709
2008-12-08,40.349998474121094,43.689998626708984,40.040000915527344,42.849998474121094,13096400,32.140907287597656
2008-12-09,41.56999969482422,42.439998626708984,40.650001525878906,40.81999969482422,8306100,30.618249893188477
2008-12-10,41.4900016784668,42.689998626708984,40.939998626708984,41.68000030517578,5181000,31.2633056640625
2008-12-11,40.650001525878906,42.0099983215332,40.02000045776367,40.27000045776367,7691900,30.205699920654297
2008-12-12,39.560001373291016,39.7400016784668,38.20000076293945,39.20000076293945,10337400,29.403118133544922
2008-12-15,39.599998474121094,39.880001068115234,38.20000076293945,38.7400016784668,8228000,29.058082580566406
2008-12-16,39.209999084472656,42,38.20000076293945,41.900001525878906,11041400,31.42833137512207
2008-12-17,41.15999984741211,41.5,40.150001525878906,41.02000045776367,7270600,30.76826286315918
2008-12-18,41.310001373291016,41.75,40.689998626708984,41.06999969482422,8652600,30.80576515197754
2008-12-19,41.31999969482422,42.38999938964844,41,41.2400016784668,9903900,30.933277130126953
2008-12-22,40.650001525878906,41.560001373291016,40,41.119998931884766,5397200,30.843271255493164
2008-12-23,41.25,41.5,39.83000183105469,40.150001525878906,5270500,30.115678787231445
2008-12-24,40.2400016784668,40.790000915527344,40.040000915527344,40.119998931884766,1753500,30.09318733215332
2008-12-26,39.7599983215332,40.689998626708984,39.7599983215332,40.529998779296875,2803400,30.40071678161621
2008-12-29,40.380001068115234,40.54999923706055,39.5,39.9900016784668,3876600,29.99568748474121
2008-12-30,40.08000183105469,41.34000015258789,39.810001373291016,41.25,4549700,30.940784454345703
2008-12-31,41.59000015258789,43.04999923706055,41.5,42.66999816894531,5443100,32.005897521972656
2009-01-02,42.79999923706055,45.560001373291016,42.779998779296875,45.25,7010200,33.94108963012695
2009-01-05,45.5,46.810001373291016,44.79999923706055,46.16999816894531,6917400,34.63116455078125
2009-01-06,46.849998474121094,47,45.5,46.310001373291016,7180300,34.736183166503906
2009-01-07,45.099998474121094,45.61000061035156,44.16999816894531,44.7599983215332,6586200,33.57354736328125
2009-01-08,44.5,44.900001525878906,43.880001068115234,44.790000915527344,5477000,33.59606170654297
2009-01-09,44.79999923706055,45.150001525878906,43.93000030517578,44.45000076293945,5645100,33.341033935546875
2009-01-12,44.279998779296875,44.45000076293945,43.189998626708984,43.7400016784668,4989200,32.80848693847656
2009-01-13,43.380001068115234,43.619998931884766,41.79999923706055,42.459999084472656,6359400,31.84836769104004
2009-01-14,41.880001068115234,41.97999954223633,40.869998931884766,41.20000076293945,7354900,30.90327262878418
2009-01-15,41.06999969482422,41.599998474121094,39.5099983215332,40.959999084472656,8464900,30.72323989868164
2009-01-16,41.45000076293945,43.04999923706055,41.040000915527344,42.459999084472656,9310800,31.84836769104004
2009-01-20,42.08000183105469,42.7400016784668,40.20000076293945,40.36000061035156,9636800,30.27321434020996
2009-01-21,40.75,42.400001525878906,40,42.27000045776367,6933100,31.705860137939453
2009-01-22,41.72999954223633,42.75,41.16999816894531,42.2599983215332,6590800,31.698368072509766
2009-01-23,40.90999984741211,42.84000015258789,40.90999984741211,41.97999954223633,5755600,31.48834228515625
2009-01-26,42.459999084472656,43.77000045776367,42.060001373291016,43.0099983215332,4659200,32.26091766357422
2009-01-27,43.290000915527344,43.959999084472656,42.880001068115234,43.220001220703125,5218900,32.41843795776367
2009-01-28,43.470001220703125,44.400001525878906,42.7599983215332,43.2400016784668,8071100,32.433441162109375
2009-01-29,42.7599983215332,42.7599983215332,40.369998931884766,40.709999084472656,8446500,30.53573989868164
2009-01-30,40.7599983215332,42.4900016784668,40.630001068115234,42.310001373291016,9098000,31.735864639282227
2009-02-02,41.72999954223633,41.72999954223633,40.11000061035156,40.79999923706055,8107400,30.603239059448242
2009-02-03,41.45000076293945,42.43000030517578,40.7599983215332,42.09000015258789,7220800,31.570842742919922
2009-02-04,42.119998931884766,42.970001220703125,41.689998626708984,41.970001220703125,6729000,31.798133850097656
2009-02-05,41.75,43.11000061035156,40.619998931884766,42.720001220703125,9021100,32.366371154785156
2009-02-06,42.52000045776367,43.66999816894531,42.25,42.91999816894531,6334200,32.51789093017578
2009-02-09,42.79999923706055,43.41999816894531,42.439998626708984,42.79999923706055,5088300,32.426971435546875
2009-02-10,41.290000915527344,42.22999954223633,40.02000045776367,40.209999084472656,9999200,30.464689254760742
2009-02-11,40.5099983215332,40.7599983215332,39.86000061035156,40.33000183105469,6519300,30.555601119995117
2009-02-12,39.58000183105469,39.9900016784668,38.58000183105469,39.86000061035156,6028900,30.199520111083984
2009-02-13,39.88999938964844,41.189998626708984,39.88999938964844,40.47999954223633,5483500,30.669269561767578
2009-02-17,39.4900016784668,39.7400016784668,38.29999923706055,38.43000030517578,6949100,29.116085052490234
2009-02-18,38.77000045776367,38.77000045776367,37.7599983215332,37.97999954223633,6324500,28.77515411376953
2009-02-19,38.2400016784668,38.70000076293945,37.41999816894531,37.56999969482422,5466700,28.464521408081055
2009-02-20,36.72999954223633,37.20000076293945,35.31999969482422,36.310001373291016,10598900,27.509891510009766
2009-02-23,36.72999954223633,36.790000915527344,34.349998474121094,34.459999084472656,9519200,26.10826301574707
2009-02-24,34.439998626708984,35.83000183105469,33.88999938964844,35.439998626708984,10815100,26.850746154785156
2009-02-25,35.27000045776367,35.27000045776367,33.220001220703125,33.90999984741211,11683900,25.69156265258789
2009-02-26,34.5,34.619998931884766,32.63999938964844,32.709999084472656,8771600,24.782392501831055
2009-02-27,32.29999923706055,32.369998931884766,31.399999618530273,31.440000534057617,11789000,23.820188522338867
2009-03-02,30.959999084472656,31,29.31999969482422,29.510000228881836,13956800,22.357948303222656
2009-03-03,29.700000762939453,30.110000610351562,29.049999237060547,29.360000610351562,10433300,22.244300842285156
2009-03-04,29.860000610351562,30.780000686645508,29.110000610351562,30.309999465942383,11627500,22.96405601501465
2009-03-05,29.219999313354492,30.020000457763672,29.06999969482422,29.389999389648438,11675700,22.267030715942383
2009-03-06,29.610000610351562,30.200000762939453,29.389999389648438,30.100000381469727,13134300,22.804954528808594
2009-03-09,29.979999542236328,31.459999084472656,29.959999084472656,31,12407200,23.486833572387695
2009-03-10,31.420000076293945,33.02000045776367,31.31999969482422,33.0099983215332,11501700,25.009687423706055
2009-03-11,32.59000015258789,33.70000076293945,32.38999938964844,33.27000045776367,10823100,25.206668853759766
2009-03-12,33.0099983215332,33.75,32.38999938964844,33.630001068115234,6133200,25.479419708251953
2009-03-13,33.720001220703125,34.099998474121094,32.93000030517578,33.400001525878906,7434000,25.305164337158203
2009-03-16,33.7400016784668,34.959999084472656,33.380001068115234,33.83000183105469,7157200,25.630956649780273
2009-03-17,33.91999816894531,34.439998626708984,33.2599983215332,34.439998626708984,5270900,26.093109130859375
2009-03-18,34.290000915527344,34.75,32.5,33.75,15879900,25.57033348083496
2009-03-19,33.86000061035156,34.119998931884766,32.970001220703125,33.189998626708984,10427300,25.146059036254883
2009-03-20,33.220001220703125,33.5,32.540000915527344,32.54999923706055,11323000,24.661169052124023
2009-03-23,33.20000076293945,35.5,33.04999923706055,35.5,8223900,26.896211624145508
2009-03-24,34.880001068115234,36.720001220703125,34.81999969482422,36.099998474121094,8468300,27.35079002380371
2009-03-25,36.029998779296875,37.790000915527344,35.970001220703125,37.060001373291016,12446200,28.078128814697266
2009-03-26,37.31999969482422,38.68000030517578,36.90999984741211,38.65999984741211,9544600,29.290348052978516
2009-03-27,38.22999954223633,38.470001220703125,37.06999969482422,37.529998779296875,7329000,28.434207916259766
2009-03-30,36.630001068115234,36.97999954223633,35.11000061035156,35.52000045776367,10833800,26.911361694335938
2009-03-31,35.900001525878906,36.2400016784668,35.04999923706055,35.58000183105469,11549200,26.956811904907227
2009-04-01,34.52000045776367,35.599998474121094,34.209999084472656,35.439998626708984,9288800,26.850746154785156
2009-04-02,36.15999984741211,37.97999954223633,36.15999984741211,37.20000076293945,9449300,28.184185028076172
2009-04-03,37.22999954223633,38.119998931884766,36.38999938964844,37.689998626708984,8591300,28.55544662475586
2009-04-06,37.47999954223633,38.220001220703125,36.540000915527344,38.15999984741211,7390300,28.91153335571289
2009-04-07,37.5099983215332,37.689998626708984,36.5099983215332,36.63999938964844,6015900,27.759916305541992
2009-04-08,36.5,37.15999984741211,36.2400016784668,36.869998931884766,4477300,27.93416976928711
2009-04-09,37.68000030517578,39.18000030517578,37.68000030517578,39.150001525878906,9065400,29.661582946777344
2009-04-13,36.970001220703125,37.47999954223633,35.810001373291016,37.150001525878906,9531300,28.14630889892578
2009-04-14,36.5099983215332,37.5,36.29999923706055,37.040000915527344,5845300,28.06297492980957
2009-04-15,36.630001068115234,38.040000915527344,36.61000061035156,37.56999969482422,5452200,28.464521408081055
2009-04-16,37.619998931884766,38.75,37,38.38999938964844,6423900,29.085798263549805
2009-04-17,38.54999923706055,38.779998779296875,38.18000030517578,38.31999969482422,6152300,29.03274917602539
2009-04-20,37.650001525878906,37.86000061035156,36.36000061035156,36.47999954223633,7017000,27.638702392578125
2009-04-21,36.65999984741211,36.65999984741211,35.939998626708984,36.650001525878906,7352500,27.76750373840332
2009-04-22,37.849998474121094,38.31999969482422,36.540000915527344,37.29999923706055,11626000,28.259963989257812
2009-04-23,37.290000915527344,38.119998931884766,36.599998474121094,37.93000030517578,6400400,28.737276077270508
2009-04-24,38.099998474121094,39.0099983215332,37.75,38.720001220703125,8351000,29.33580207824707
2009-04-27,37.9900016784668,39.849998474121094,37.720001220703125,39.470001220703125,8546500,29.90403938293457
2009-04-28,39.11000061035156,39.41999816894531,38.31999969482422,38.849998474121094,6627200,29.434295654296875
2009-04-29,39.09000015258789,40.72999954223633,39.02000045776367,40.54999923706055,7775900,30.722278594970703
2009-04-30,41.06999969482422,41.7400016784668,39.900001525878906,40.04999923706055,7028100,30.343475341796875
2009-05-01,40.310001373291016,41.369998931884766,40.09000015258789,41.209999084472656,5508800,31.222328186035156
2009-05-04,41.900001525878906,42.18000030517578,41.5099983215332,42.18000030517578,5269800,31.957252502441406
2009-05-05,41.91999816894531,43.25,41.91999816894531,43.150001525878906,7683900,32.69215393066406
2009-05-06,43.29999923706055,44.209999084472656,43.08000183105469,44.20000076293945,7930300,33.81682586669922
2009-05-07,44.470001220703125,44.619998931884766,42.75,43.529998779296875,7106700,33.304222106933594
2009-05-08,43.959999084472656,45.84000015258789,43.77000045776367,45.83000183105469,7491100,35.06392288208008
2009-05-11,45.2599983215332,45.599998474121094,44.529998779296875,44.720001220703125,9595700,34.21467208862305
2009-05-12,44.540000915527344,45.06999969482422,43.290000915527344,44.099998474121094,7068700,33.74032211303711
2009-05-13,43.18000030517578,43.41999816894531,42.380001068115234,42.95000076293945,6323700,32.8604736328125
2009-05-14,42.939998626708984,43.810001373291016,42.720001220703125,43.439998626708984,5251600,33.23535919189453
2009-05-15,43.27000045776367,43.9900016784668,42.709999084472656,43,5189300,32.89872360229492
2009-05-18,44.25,44.529998779296875,43.810001373291016,44.369998931884766,7288000,33.9468879699707
2009-05-19,44.36000061035156,45.060001373291016,43.900001525878906,44.619998931884766,4792100,34.13816452026367
2009-05-20,45.04999923706055,45.7400016784668,44.540000915527344,44.58000183105469,4734200,34.10756301879883
2009-05-21,43.9900016784668,44,42.70000076293945,43.290000915527344,5785000,33.1205940246582
2009-05-22,43.470001220703125,43.61000061035156,42.86000061035156,42.939998626708984,2951600,32.852821350097656
2009-05-26,42.61000061035156,44.33000183105469,42.52000045776367,44.15999984741211,4718300,33.786224365234375
2009-05-27,43.88999938964844,44.33000183105469,43.45000076293945,43.56999969482422,4622300,33.3348274230957
2009-05-28,43.9900016784668,44.45000076293945,43.189998626708984,44.31999969482422,4559600,33.90864562988281
2009-05-29,44.61000061035156,45.08000183105469,43.95000076293945,44.849998474121094,5417400,34.31413650512695
2009-06-01,45.540000915527344,47.810001373291016,45.540000915527344,47.70000076293945,6920500,36.49464416503906
2009-06-02,47.70000076293945,49.43000030517578,47.310001373291016,49.20000076293945,7453200,37.642269134521484
2009-06-03,48.709999084472656,49.20000076293945,47.790000915527344,48.369998931884766,4700000,37.007232666015625
2009-06-04,48.630001068115234,50.90999984741211,48.56999969482422,50.56999969482422,7324600,38.69042205810547
2009-06-05,52.15999984741211,53.2599983215332,52.15999984741211,52.650001525878906,13724100,40.28182601928711
2009-06-08,52.4900016784668,53.33000183105469,51.130001068115234,52.83000183105469,7957400,40.41952896118164
2009-06-09,53.38999938964844,53.38999938964844,51.310001373291016,52.349998474121094,7723800,40.05228042602539
2009-06-10,52.81999969482422,53.20000076293945,51.099998474121094,52.29999923706055,6556200,40.0140266418457
2009-06-11,51.83000183105469,52.56999969482422,50.47999954223633,50.65999984741211,11852300,38.75929260253906
2009-06-12,50.7599983215332,51.560001373291016,50.11000061035156,51.439998626708984,5476700,39.35604476928711
2009-06-15,50.900001525878906,51.09000015258789,49.02000045776367,49.52000045776367,6363200,37.8870964050293
2009-06-16,49.56999969482422,50.150001525878906,48.70000076293945,48.83000183105469,5725700,37.35918045043945
2009-06-17,48.54999923706055,49.15999984741211,48.04999923706055,48.54999923706055,4870800,37.14495849609375
2009-06-18,48.43000030517578,49.279998779296875,48.150001525878906,48.959999084472656,3098700,37.45864486694336
2009-06-19,49.18000030517578,49.529998779296875,48.11000061035156,48.439998626708984,7032600,37.06079864501953
2009-06-22,47.83000183105469,48.029998779296875,46.529998779296875,46.900001525878906,5198500,35.88256072998047
2009-06-23,44.38999938964844,44.5,42.52000045776367,43.869998931884766,27281100,33.5643424987793
2009-06-24,43.13999938964844,43.54999923706055,41.09000015258789,41.31999969482422,21282800,31.613380432128906
2009-06-25,41.400001525878906,42.599998474121094,41.11000061035156,42.529998779296875,14005100,32.539127349853516
2009-06-26,42.11000061035156,42.779998779296875,41.5,41.880001068115234,15578800,32.04182434082031
2009-06-29,42.150001525878906,43.02000045776367,42.08000183105469,42.650001525878906,5514600,32.630950927734375
2009-06-30,43.630001068115234,43.790000915527344,42.099998474121094,42.5,8321200,32.51618576049805
2009-07-01,42.630001068115234,42.95000076293945,42.150001525878906,42.22999954223633,6346700,32.30959701538086
2009-07-02,41.810001373291016,41.810001373291016,40.619998931884766,40.83000183105469,7201500,31.23848533630371
2009-07-06,40.380001068115234,40.7599983215332,39.91999816894531,40.560001373291016,7132800,31.031909942626953
2009-07-07,40.5,40.689998626708984,38.939998626708984,39.040000915527344,7701600,29.868982315063477
2009-07-08,39.119998931884766,39.83000183105469,38.91999816894531,39.54999923706055,8800400,30.25917625427246
2009-07-09,39.75,40,39.02000045776367,39.29999923706055,5432600,30.067916870117188
2009-07-10,39.20000076293945,39.709999084472656,38.91999816894531,39.650001525878906,5833500,30.33568000793457
2009-07-13,39.68000030517578,40.83000183105469,39.2599983215332,40.439998626708984,6549000,30.940107345581055
2009-07-14,40.38999938964844,40.900001525878906,40.11000061035156,40.40999984741211,5748500,30.91714096069336
2009-07-15,40.77000045776367,41.459999084472656,40.5099983215332,41.36000061035156,7867100,31.64398956298828
2009-07-16,41.0099983215332,42.220001220703125,41.0099983215332,42.04999923706055,5356800,32.17189407348633
2009-07-17,42.25,42.400001525878906,41.099998474121094,41.36000061035156,5691600,31.64398956298828
2009-07-20,41.709999084472656,42.2599983215332,41.15999984741211,42.20000076293945,5535200,32.28665542602539
2009-07-21,42.81999969482422,43.709999084472656,42.5,43.02000045776367,9161800,32.91402816772461
2009-07-22,42.400001525878906,43.459999084472656,41.95000076293945,42,12052300,32.13364028930664
2009-07-23,42,42.189998626708984,40.779998779296875,41.95000076293945,13617700,32.09537887573242
2009-07-24,41.95000076293945,42.4900016784668,41.720001220703125,42.369998931884766,5068000,32.41672134399414
2009-07-27,42,42.369998931884766,41.43000030517578,42.2400016784668,5671700,32.317256927490234
2009-07-28,41.9900016784668,43.349998474121094,41.79999923706055,43.25,7831200,33.09000015258789
2009-07-29,43,43.5,42.63999938964844,43.369998931884766,5078100,33.181819915771484
2009-07-30,43.939998626708984,44.5,43.130001068115234,43.2400016784668,8279800,33.08235168457031
2009-07-31,43.31999969482422,43.4900016784668,42.79999923706055,42.90999984741211,6029200,32.82986068725586
2009-08-03,43.18000030517578,44.02000045776367,42.5099983215332,43.790000915527344,6064800,33.50314712524414
2009-08-04,43.63999938964844,44.439998626708984,43.349998474121094,44.15999984741211,5964600,33.786224365234375
2009-08-05,43.630001068115234,44.209999084472656,43.400001525878906,44.029998779296875,7129800,34.01023864746094
2009-08-06,44.290000915527344,45.72999954223633,44.029998779296875,45.52000045776367,10207000,35.161155700683594
2009-08-07,45.88999938964844,47.209999084472656,45.380001068115234,46.689998626708984,6689100,36.06489944458008
2009-08-10,46.40999984741211,46.40999984741211,45.189998626708984,45.77000045776367,5620600,35.35426330566406
2009-08-11,45.560001373291016,45.83000183105469,44.84000015258789,45.38999938964844,5121500,35.06073760986328
2009-08-12,45.33000183105469,46.779998779296875,45.310001373291016,46.34000015258789,4682100,35.794551849365234
2009-08-13,46.45000076293945,46.869998931884766,45.75,46.619998931884766,3484300,36.01082992553711
2009-08-14,45.81999969482422,46.2400016784668,44.209999084472656,44.869998931884766,10505300,34.65907669067383
2009-08-17,44.15999984741211,44.279998779296875,43.70000076293945,44.15999984741211,5211100,34.11064529418945
2009-08-18,44,44.529998779296875,43.689998626708984,43.779998779296875,5444200,33.8171272277832
2009-08-19,43.5,43.90999984741211,43.099998474121094,43.52000045776367,6578900,33.616294860839844
2009-08-20,43.540000915527344,44.83000183105469,43.4900016784668,44.7400016784668,5192100,34.558658599853516
2009-08-21,45.18000030517578,46.02000045776367,44.91999816894531,45.869998931884766,5529800,35.43149948120117
2009-08-24,46.5099983215332,47.790000915527344,45.970001220703125,47.130001068115234,6157100,36.404781341552734
2009-08-25,47.5,48.77000045776367,47.279998779296875,48.25,8247900,37.2698974609375
2009-08-26,48.06999969482422,48.380001068115234,47.439998626708984,47.81999969482422,3956000,36.93775177001953
2009-08-27,51.369998931884766,52.380001068115234,51,51.81999969482422,17771800,40.0274772644043
2009-08-28,51.68000030517578,52.529998779296875,50.70000076293945,51.040000915527344,11455800,39.424983978271484
2009-08-31,50.16999816894531,50.25,49.02000045776367,49.66999816894531,9297900,38.36675262451172
2009-09-01,49.209999084472656,50.380001068115234,48.470001220703125,48.77000045776367,8242400,37.67156219482422
2009-09-02,48.59000015258789,48.97999954223633,48.15999984741211,48.400001525878906,3835700,37.385765075683594
2009-09-03,48.66999816894531,48.83000183105469,47.7599983215332,48.459999084472656,5466500,37.43210220336914
2009-09-04,48.7400016784668,49.2599983215332,48.04999923706055,49.150001525878906,5711400,37.965084075927734
2009-09-08,49.72999954223633,49.880001068115234,48.810001373291016,49.5,4583900,38.23543930053711
2009-09-09,49.70000076293945,51.150001525878906,49.70000076293945,50.529998779296875,5895800,39.031044006347656
2009-09-10,50.41999816894531,50.720001220703125,49.790000915527344,50.4900016784668,3847200,39.00015640258789
2009-09-11,50.63999938964844,51.439998626708984,50.47999954223633,51.349998474121094,5880500,39.66443634033203
2009-09-14,50.9900016784668,51.2599983215332,50.439998626708984,50.970001220703125,4392700,39.37092208862305
2009-09-15,51.2599983215332,52.34000015258789,50.880001068115234,52.06999969482422,6584400,40.22058868408203
2009-09-16,52.439998626708984,52.7599983215332,51.790000915527344,52.36000061035156,5101400,40.444602966308594
2009-09-17,52.25,53.15999984741211,52.20000076293945,52.880001068115234,4676800,40.84626007080078
2009-09-18,53.02000045776367,53.290000915527344,52.099998474121094,53.02000045776367,6532900,40.95439910888672
2009-09-21,52.599998474121094,53.36000061035156,52.41999816894531,52.86000061035156,3076100,40.830814361572266
2009-09-22,52.959999084472656,53.310001373291016,52.130001068115234,53.13999938964844,3898300,41.047096252441406
2009-09-23,53.349998474121094,53.400001525878906,52.2599983215332,52.369998931884766,4609100,40.45231628417969
2009-09-24,52.22999954223633,52.52000045776367,51.52000045776367,51.790000915527344,5351900,40.004310607910156
2009-09-25,51.86000061035156,52.400001525878906,51.29999923706055,51.52000045776367,3638600,39.795753479003906
2009-09-28,51.81999969482422,53.34000015258789,51.7599983215332,53.06999969482422,4921900,40.99302291870117
2009-09-29,53.279998779296875,55.47999954223633,53.279998779296875,54.619998931884766,7266000,42.1903076171875
2009-09-30,54.86000061035156,55.25,53.459999084472656,54.150001525878906,5939600,41.82724380493164
2009-10-01,53.849998474121094,53.900001525878906,52.029998779296875,52.11000061035156,6606000,40.25150680541992
2009-10-02,51.189998626708984,51.7599983215332,50.099998474121094,51.400001525878906,6041200,39.703067779541016
2009-10-05,51.75,52.52000045776367,51.380001068115234,52.279998779296875,3083000,40.3828010559082
2009-10-06,51.540000915527344,52.56999969482422,51.150001525878906,52.290000915527344,6244300,40.390525817871094
2009-10-07,52.18000030517578,52.25,51.25,51.790000915527344,3659300,40.004310607910156
2009-10-08,52.29999923706055,52.599998474121094,51.86000061035156,52.29999923706055,3190600,40.398258209228516
2009-10-09,52.4900016784668,52.75,51.959999084472656,52.689998626708984,2589700,40.699501037597656
2009-10-12,52.65999984741211,52.72999954223633,51.380001068115234,51.65999984741211,3974100,39.90390396118164
2009-10-13,51.63999938964844,51.97999954223633,51.36000061035156,51.900001525878906,3023600,40.08928298950195
2009-10-14,52.310001373291016,52.54999923706055,51.56999969482422,52.5099983215332,4646100,40.56045913696289
2009-10-15,52.029998779296875,52.529998779296875,50.939998626708984,51.7599983215332,5684300,39.98112869262695
2009-10-16,51.189998626708984,53.720001220703125,50.849998474121094,53.189998626708984,7431400,41.08570861816406
2009-10-19,53.31999969482422,53.75,52.59000015258789,53.45000076293945,3841200,41.28655242919922
2009-10-20,51.709999084472656,52.29999923706055,51.06999969482422,51.88999938964844,8189400,40.0815544128418
2009-10-21,51.06999969482422,52,50.5,50.630001068115234,8115500,39.1082878112793
2009-10-22,50.33000183105469,51.22999954223633,49.75,51.06999969482422,6375000,39.44816207885742
2009-10-23,51.060001373291016,51.060001373291016,49.5,49.88999938964844,5856700,38.53668975830078
2009-10-26,49.849998474121094,49.97999954223633,48,48.290000915527344,7427700,37.300804138183594
2009-10-27,48.29999923706055,48.529998779296875,47.54999923706055,47.75,7044700,36.88368606567383
2009-10-28,47.720001220703125,47.79999923706055,47.18000030517578,47.220001220703125,6909800,36.47429656982422
2009-10-29,48.310001373291016,49.130001068115234,47.810001373291016,48.810001373291016,8301100,37.70246124267578
2009-10-30,48.70000076293945,48.810001373291016,47.65999984741211,47.79999923706055,8702600,36.92230224609375
2009-11-02,47.81999969482422,48.40999984741211,47.33000183105469,48.27000045776367,5932500,37.28535461425781
2009-11-03,48.16999816894531,48.349998474121094,47.459999084472656,48.099998474121094,4899700,37.15403366088867
2009-11-04,48.279998779296875,48.900001525878906,47.79999923706055,48.06999969482422,5082000,37.45792770385742
2009-11-05,48.4900016784668,49.86000061035156,48.31999969482422,49.77000045776367,4916000,38.78264236450195
2009-11-06,49.709999084472656,49.97999954223633,49.310001373291016,49.68000030517578,3212400,38.71250915527344
2009-11-09,50.0099983215332,51.47999954223633,49.88999938964844,51.349998474121094,4444100,40.013832092285156
2009-11-10,51.06999969482422,51.06999969482422,50.130001068115234,50.31999969482422,4735600,39.21122360229492
2009-11-11,50.779998779296875,51.41999816894531,50.540000915527344,50.68000030517578,3545800,39.49174499511719
2009-11-12,50.619998931884766,50.91999816894531,50.09000015258789,50.279998779296875,3323500,39.18004608154297
2009-11-13,49.97999954223633,50.939998626708984,49.720001220703125,50.68000030517578,3545300,39.49174499511719
2009-11-16,51,52.52000045776367,50.880001068115234,52.47999954223633,5704600,40.89436721801758
2009-11-17,52.41999816894531,52.689998626708984,51.70000076293945,52.529998779296875,3945400,40.933345794677734
2009-11-18,52.59000015258789,52.63999938964844,51.45000076293945,52.02000045776367,4377300,40.53592300415039
2009-11-19,51.540000915527344,51.79999923706055,50.75,51.43000030517578,3182700,40.07617950439453
2009-11-20,51.119998931884766,51.88999938964844,51.06999969482422,51.70000076293945,4696400,40.286563873291016
2009-11-23,52.5,53,52.31999969482422,52.630001068115234,3255300,41.01126480102539
2009-11-24,52.08000183105469,52.630001068115234,50.95000076293945,51.970001220703125,3288200,40.49695587158203
2009-11-25,51.970001220703125,52.95000076293945,51.83000183105469,52.93000030517578,3021500,41.24503707885742
2009-11-27,51.349998474121094,52.810001373291016,51,52.45000076293945,3281400,40.87099075317383
2009-11-30,52.43000030517578,52.689998626708984,51.779998779296875,52.40999984741211,5432200,40.83981704711914
2009-12-01,52.75,54.220001220703125,52.75,53.720001220703125,6359000,41.860618591308594
2009-12-02,54.040000915527344,54.56999969482422,53.2599983215332,53.779998779296875,5980000,41.907371520996094
2009-12-03,53.9900016784668,54.40999984741211,53.5099983215332,53.77000045776367,3997600,41.89958953857422
2009-12-04,54.75,55.45000076293945,53.619998931884766,54.68000030517578,5449900,42.60870361328125
2009-12-07,55.20000076293945,55.95000076293945,54.900001525878906,55.81999969482422,4948800,43.49702453613281
2009-12-08,55.9900016784668,56.220001220703125,55.060001373291016,55.65999984741211,4658500,43.37234878540039
2009-12-09,55.75,55.79999923706055,55.11000061035156,55.470001220703125,3900100,43.22428894042969
2009-12-10,55.650001525878906,56.38999938964844,54.720001220703125,55.0099983215332,5755600,42.86583709716797
2009-12-11,55.470001220703125,55.79999923706055,55.119998931884766,55.599998474121094,7396600,43.32558822631836
2009-12-14,56.02000045776367,56.560001373291016,55.81999969482422,56.04999923706055,4830600,43.67624282836914
2009-12-15,56.369998931884766,56.369998931884766,55.33000183105469,55.66999816894531,7364800,43.38013458251953
2009-12-16,56.11000061035156,56.13999938964844,54.45000076293945,55.130001068115234,7803800,42.9593505859375
2009-12-17,54.900001525878906,55.400001525878906,54.40999984741211,54.470001220703125,5824200,42.4450569152832
2009-12-18,54.70000076293945,54.7400016784668,53.099998474121094,53.439998626708984,8920500,41.6424446105957
2009-12-21,53.36000061035156,54.5,53.36000061035156,54.29999923706055,3655800,42.312583923339844
2009-12-22,54.380001068115234,55.369998931884766,54.310001373291016,55.099998474121094,3669800,42.93596267700195
2009-12-23,55.40999984741211,55.650001525878906,54.91999816894531,54.959999084472656,3061900,42.82686996459961
2009-12-24,55.2599983215332,55.560001373291016,55.11000061035156,55.47999954223633,1004000,43.23208236694336
2009-12-28,55.33000183105469,55.54999923706055,54.88999938964844,55.13999938964844,2072200,42.96714401245117
2009-12-29,55.34000015258789,55.459999084472656,55.13999938964844,55.209999084472656,2164000,43.02168655395508
2009-12-30,54.86000061035156,55.290000915527344,54.75,54.959999084472656,2461000,42.82686996459961
2009-12-31,55,55.220001220703125,54.04999923706055,54.130001068115234,2189400,42.180118560791016
2010-01-04,55.720001220703125,56.38999938964844,54.79999923706055,56.18000030517578,6186700,43.777557373046875
2010-01-05,56.25,58.279998779296875,56,58.02000045776367,8867800,45.211341857910156
2010-01-06,58.22999954223633,59.9900016784668,57.880001068115234,59.779998779296875,8836500,46.58279037475586
2010-01-07,59.5099983215332,62.310001373291016,59.02000045776367,62.20000076293945,14379100,48.46855163574219
2010-01-08,61.540000915527344,61.779998779296875,60.86000061035156,61.599998474121094,7146600,48.00101852416992
2010-01-11,61.95000076293945,62.09000015258789,60.5099983215332,60.869998931884766,5624900,47.43216323852539
2010-01-12,60.06999969482422,61.20000076293945,59.90999984741211,60.43000030517578,5273800,47.08930206298828
2010-01-13,60.61000061035156,61.70000076293945,60.349998474121094,61.15999984741211,4950400,47.65815734863281
2010-01-14,61.029998779296875,61.619998931884766,60.779998779296875,61.560001373291016,3000400,47.9698486328125
2010-01-15,61.529998779296875,61.560001373291016,60.209999084472656,60.81999969482422,5067300,47.39322280883789
2010-01-19,60.599998474121094,61.0099983215332,59.959999084472656,60.650001525878906,5427100,47.260738372802734
2010-01-20,60.33000183105469,60.56999969482422,58.529998779296875,60.20000076293945,5374100,46.91007614135742
2010-01-21,60.29999923706055,61.2599983215332,58.900001525878906,59.20000076293945,5401300,46.1308479309082
2010-01-22,58.619998931884766,59.16999816894531,57.70000076293945,57.77000045776367,4743300,45.01653289794922
2010-01-25,58.349998474121094,58.75,57.5,57.779998779296875,3489900,45.02432632446289
2010-01-26,57.540000915527344,58.5,57.22999954223633,57.709999084472656,4552000,44.96978759765625
2010-01-27,58.84000015258789,62.08000183105469,58.83000183105469,61.93000030517578,14758500,48.25815963745117
2010-01-28,62.150001525878906,62.95000076293945,61.310001373291016,62.560001373291016,8862500,48.74907684326172
2010-01-29,62.79999923706055,63.400001525878906,60.31999969482422,60.599998474121094,8725400,47.221763610839844
2010-02-01,60.7400016784668,61.86000061035156,60.720001220703125,61.70000076293945,5919900,48.07894515991211
2010-02-02,61.290000915527344,62,61,61.939998626708984,7862300,48.26594924926758
2010-02-03,61.52000045776367,61.79999923706055,60.849998474121094,61.459999084472656,5480600,48.21889114379883
2010-02-04,60.95000076293945,61.16999816894531,59.25,59.31999969482422,7490700,46.5399284362793
2010-02-05,59.209999084472656,59.7400016784668,57.13999938964844,58.400001525878906,9675700,45.818145751953125
2010-02-08,58.33000183105469,58.970001220703125,57.779998779296875,57.88999938964844,4724500,45.418006896972656
2010-02-09,58.619998931884766,60.43000030517578,58.38999938964844,59.7400016784668,8250900,46.86943054199219
2010-02-10,59.709999084472656,60.04999923706055,58.939998626708984,59.540000915527344,4237100,46.71253967285156
2010-02-11,59.75,60.75,58.939998626708984,60.59000015258789,4395800,47.53632736206055
2010-02-12,59.869998931884766,59.91999816894531,58.93000030517578,59.650001525878906,5178300,46.798831939697266
2010-02-16,60.41999816894531,61.290000915527344,59.900001525878906,61.2599983215332,4268700,48.06196594238281
2010-02-17,61.38999938964844,62,61,61.81999969482422,4116200,48.50132369995117
2010-02-18,61.779998779296875,63.0099983215332,61.720001220703125,62.88999938964844,4390300,49.34080123901367
2010-02-19,62.650001525878906,64.33999633789062,62.650001525878906,63.59000015258789,7371100,49.889991760253906
2010-02-22,63.58000183105469,64.47000122070312,63.189998626708984,63.970001220703125,6034100,50.188114166259766
2010-02-23,63.810001373291016,64.16999816894531,62.25,62.77000045776367,6483800,49.24665451049805
2010-02-24,63,63.70000076293945,62.63999938964844,63.47999954223633,3400400,49.80369567871094
2010-02-25,62.720001220703125,62.970001220703125,62,62.869998931884766,5043100,49.325111389160156
2010-02-26,63.09000015258789,63.880001068115234,63.029998779296875,63.15999984741211,4416000,49.55262756347656
2010-03-01,63.04999923706055,64.33000183105469,63,64,5265600,50.21165466308594
2010-03-02,64.63999938964844,65.33000183105469,64.36000061035156,64.44000244140625,4383200,50.55686569213867
2010-03-03,64.58000183105469,64.97000122070312,64.05000305175781,64.44999694824219,4289400,50.564701080322266
2010-03-04,65.08999633789062,65.80000305175781,64.8499984741211,65.55000305175781,7718700,51.42771911621094
2010-03-05,66.05999755859375,68.04000091552734,66.02999877929688,67.93000030517578,8505600,53.29497146606445
2010-03-08,68.01000213623047,68.01000213623047,67.12999725341797,67.23999786376953,5075600,52.75361633300781
2010-03-09,67.56999969482422,68.33999633789062,67.3499984741211,67.79000091552734,7655900,53.185115814208984
2010-03-10,68.13999938964844,70.4800033569336,68.02999877929688,70.01000213623047,10616500,54.92684555053711
2010-03-11,70.08000183105469,70.43000030517578,69.1500015258789,70.06999969482422,7289500,54.973915100097656
2010-03-12,70.4800033569336,70.48999786376953,69.25,69.83000183105469,5302100,54.78562545776367
2010-03-15,69.37000274658203,69.7699966430664,68.5199966430664,69.4000015258789,7709000,54.448272705078125
2010-03-16,69.23999786376953,69.31999969482422,68.30000305175781,68.72000122070312,7494400,53.91476058959961
2010-03-17,68.97000122070312,69.48999786376953,68.29000091552734,69.37999725341797,6004300,54.43256759643555
2010-03-18,69.3499984741211,70.93000030517578,69.19000244140625,70.87000274658203,7433700,55.60157012939453
2010-03-19,70.72000122070312,73.30000305175781,70.72000122070312,70.72000122070312,17722500,55.48387908935547
2010-03-22,71.66000366210938,72.63999938964844,71.51000213623047,71.91000366210938,9013600,56.41748809814453
2010-03-23,72.54000091552734,72.62999725341797,71.51000213623047,72.18000030517578,4985400,56.62931823730469
2010-03-24,72.41999816894531,73.19999694824219,71.77999877929688,72.31999969482422,7700000,56.739166259765625
2010-03-25,72.94999694824219,73.43000030517578,72,72.48999786376953,5431000,56.87255859375
2010-03-26,72.66000366210938,72.98999786376953,72.3499984741211,72.58999633789062,4933700,56.951011657714844
2010-03-29,73.08000183105469,74.52999877929688,73,74.11000061035156,9064200,58.14353561401367
2010-03-30,73.83999633789062,74.18000030517578,72.69999694824219,73.52999877929688,4381300,57.68849563598633
2010-03-31,72.91999816894531,73.05999755859375,71.94999694824219,72.61000061035156,5884600,56.966712951660156
2010-04-01,73.23999786376953,73.51000213623047,72.30000305175781,72.98999786376953,4411000,57.26481628417969
2010-04-05,72.98999786376953,73.05000305175781,70.94999694824219,72.04000091552734,9326300,56.51950454711914
2010-04-06,71.83999633789062,73.18000030517578,71.7699966430664,72.36000061035156,5193800,56.77058029174805
2010-04-07,72.16000366210938,72.5199966430664,71.47000122070312,72.0999984741211,6717200,56.566566467285156
2010-04-08,71.88999938964844,72.45999908447266,71.20999908447266,72.27999877929688,3741500,56.707786560058594
2010-04-09,72.26000213623047,72.66000366210938,71.80999755859375,72.41999816894531,3345700,56.817630767822266
2010-04-12,72.1500015258789,72.56999969482422,71.80000305175781,71.91999816894531,3666100,56.42534637451172
2010-04-13,71.54000091552734,71.69000244140625,70.5,71.19000244140625,5079300,55.85262680053711
2010-04-14,70.83000183105469,71.76000213623047,70.80999755859375,71.69999694824219,3495900,56.252742767333984
2010-04-15,71.33999633789062,72.61000061035156,71.33999633789062,72.08999633789062,2943700,56.5587158203125
2010-04-16,72.0999984741211,72.0999984741211,69.87999725341797,70.79000091552734,8071300,55.5388069152832
2010-04-19,70.2699966430664,71.27999877929688,70.16000366210938,70.95999908447266,4203100,55.67218017578125
2010-04-20,71.54000091552734,71.9800033569336,70.94999694824219,71.41000366210938,4759600,56.025238037109375
2010-04-21,71.51000213623047,74.6500015258789,71.51000213623047,74.16000366210938,12035700,58.182762145996094
2010-04-22,74.45999908447266,76,73.68000030517578,75.58999633789062,9088900,59.30467987060547
2010-04-23,75.04000091552734,75.68000030517578,74.55000305175781,75.12999725341797,5198200,58.94376754760742
2010-04-26,74.58000183105469,75.29000091552734,74.13999938964844,74.33999633789062,4023900,58.3239860534668
2010-04-27,74.6500015258789,74.93000030517578,72.2300033569336,72.4800033569336,6048300,56.86471176147461
2010-04-28,72.94999694824219,72.98999786376953,71.33999633789062,72.37000274658203,5699500,56.77839660644531
2010-04-29,73,74,72.66999816894531,73.79000091552734,5202000,57.89246368408203
2010-04-30,73.80000305175781,74.4800033569336,72.26000213623047,72.43000030517578,5600900,56.825469970703125
2010-05-03,72.62000274658203,74.69999694824219,72.45999908447266,74.38999938964844,5407700,58.36321258544922
2010-05-04,73.30999755859375,73.44999694824219,72.2300033569336,72.79000091552734,6229300,57.107913970947266
2010-05-05,71.9000015258789,72.04000091552734,70.44000244140625,71,5509200,56.026832580566406
2010-05-06,70.66000366210938,71.48999786376953,62,67.97000122070312,13769700,53.635833740234375
2010-05-07,68.29000091552734,69.12000274658203,65.80000305175781,66.72000122070312,8926100,52.649436950683594
2010-05-10,69.95999908447266,71.7300033569336,69.80000305175781,71,8841700,56.026832580566406
2010-05-11,70.30999755859375,72.66999816894531,70.13999938964844,71.41999816894531,6550300,56.35826110839844
2010-05-12,72.04000091552734,73.37000274658203,72.04000091552734,72.87000274658203,6330100,57.50248336791992
2010-05-13,72.66000366210938,73.30000305175781,71.55999755859375,71.76000213623047,3952900,56.626556396484375
2010-05-14,71.08000183105469,71.4000015258789,68.9800033569336,69.81999969482422,7952800,55.095680236816406
2010-05-17,70.36000061035156,70.37000274658203,67.62000274658203,69.68000030517578,4813600,54.98521041870117
2010-05-18,69.88999938964844,70.12999725341797,67.30000305175781,67.72000122070312,8881500,53.43857192993164
2010-05-19,66.8499984741211,67.55000305175781,65.29000091552734,66.20999908447266,9974000,52.24699020385742
2010-05-20,65,65.11000061035156,62.79999923706055,63,10899800,49.713958740234375
2010-05-21,61.9900016784668,65,61.38999938964844,64.55999755859375,10882600,50.9449577331543
2010-05-24,63.65999984741211,64.61000061035156,63.060001373291016,63.150001525878906,6160500,49.83232498168945
2010-05-25,61,62.970001220703125,60.61000061035156,62.779998779296875,6903200,49.54035186767578
2010-05-26,63.599998474121094,65.41000366210938,63,63.2599983215332,7386100,49.91911315917969
2010-05-27,64.86000061035156,65.2300033569336,63.90999984741211,65.12999725341797,7443400,51.3947639465332
2010-05-28,65.1500015258789,65.26000213623047,63.5099983215332,64.18000030517578,5775600,50.64509963989258
2010-06-01,64.2699966430664,65.19999694824219,62.86000061035156,62.95000076293945,6318500,49.67448806762695
2010-06-02,63.38999938964844,64.37000274658203,62.060001373291016,64.33999633789062,4587900,50.7713508605957
2010-06-03,64.83999633789062,64.83999633789062,63.5099983215332,64.30999755859375,3775600,50.7476806640625
2010-06-04,63.25,63.40999984741211,60.93000030517578,61.150001525878906,8228800,48.25408935546875
2010-06-07,61.689998626708984,61.70000076293945,60.06999969482422,60.11000061035156,5918400,47.433414459228516
2010-06-08,60.33000183105469,61.099998474121094,59.84000015258789,61.02000045776367,7191200,48.15151596069336
2010-06-09,61.47999954223633,63.18000030517578,61.16999816894531,61.709999084472656,7726900,48.69599151611328
2010-06-10,62.810001373291016,64.01000213623047,62.29999923706055,63.88999938964844,5682900,50.416255950927734
2010-06-11,63.15999984741211,65.69999694824219,63.150001525878906,65.37999725341797,8461800,51.592041015625
2010-06-14,66.22000122070312,66.55000305175781,64.70999908447266,64.81999969482422,6000100,51.15012741088867
2010-06-15,65.66999816894531,67.56999969482422,65.47000122070312,67.4800033569336,6400600,53.24917221069336
2010-06-16,66.93000030517578,67.55999755859375,66.5999984741211,67.02999877929688,4451700,52.89406967163086
2010-06-17,67.4800033569336,67.48999786376953,65.87999725341797,67.26000213623047,3637100,53.0755615234375
2010-06-18,67.37999725341797,68.13999938964844,67.16000366210938,67.95999908447266,6213700,53.62793731689453
2010-06-21,68.94999694824219,69.33999633789062,67.56999969482422,67.97000122070312,4109500,53.635833740234375
2010-06-22,67.97000122070312,68.47000122070312,66.1500015258789,66.27999877929688,4188200,52.3022346496582
2010-06-23,66.41999816894531,67.87999725341797,65.6500015258789,67.44999694824219,6098600,53.22548294067383
2010-06-24,67.16999816894531,68.23999786376953,67.13999938964844,67.43000030517578,7768700,53.209720611572266
2010-06-25,67.30999755859375,68.7699966430664,66.66999816894531,68.7699966430664,13325500,54.26712417602539
2010-06-28,68.43000030517578,68.62000274658203,67.26000213623047,67.30000305175781,5517000,53.10712814331055
2010-06-29,66.11000061035156,66.19999694824219,62.560001373291016,63.040000915527344,9210000,49.745521545410156
2010-06-30,63.04999923706055,64.20999908447266,62.58000183105469,62.75,7102200,49.51667785644531
2010-07-01,62.47999954223633,62.720001220703125,61.310001373291016,62.2599983215332,6465100,49.13001251220703
2010-07-02,62.31999969482422,62.5,61.16999816894531,61.939998626708984,3561300,48.87749099731445
2010-07-06,62.709999084472656,63.02000045776367,60.650001525878906,61.36000061035156,5444200,48.41980743408203
2010-07-07,61.47999954223633,63.369998931884766,61.029998779296875,63.29999923706055,4785100,49.950679779052734
2010-07-08,64.08999633789062,64.88999938964844,63.54999923706055,64.7300033569336,4489200,51.07910919189453
2010-07-09,65.19999694824219,65.19999694824219,64.01000213623047,64.66000366210938,3145000,51.02388000488281
2010-07-12,64.55000305175781,64.9800033569336,64.01000213623047,64.33999633789062,2299500,50.7713508605957
2010-07-13,65.1500015258789,65.36000061035156,64.18000030517578,64.43000030517578,6208300,50.84237289428711
2010-07-14,64.29000091552734,65.38999938964844,64.05000305175781,64.75,3822500,51.094886779785156
2010-07-15,65.6500015258789,65.77999877929688,63.36000061035156,64.37000274658203,8068800,50.79502487182617
2010-07-16,63.959999084472656,64.26000213623047,61.68000030517578,61.900001525878906,7016400,48.84592819213867
2010-07-19,62.720001220703125,63.36000061035156,62.040000915527344,63.18000030517578,5031500,49.855987548828125
2010-07-20,62.2599983215332,64,61.83000183105469,63.880001068115234,5068600,50.40837097167969
2010-07-21,64.4000015258789,64.80999755859375,62.66999816894531,63.18000030517578,4459500,49.855987548828125
2010-07-22,64.0199966430664,67.11000061035156,64.0199966430664,66.5999984741211,7572300,52.55474090576172
2010-07-23,66.48999786376953,68.16999816894531,66.36000061035156,67.93000030517578,5023400,53.60427474975586
2010-07-26,68.1500015258789,68.98999786376953,68,68.8499984741211,5836600,54.330230712890625
2010-07-27,69.25,69.75,68.4000015258789,68.62000274658203,5686800,54.14875793457031
2010-07-28,67.62000274658203,68,66.9000015258789,67.31999969482422,5540700,53.122901916503906
2010-07-29,67.8499984741211,68.52999877929688,66.69000244140625,67.22000122070312,4458600,53.04398727416992
2010-07-30,66.61000061035156,68.37999725341797,66.47000122070312,68.13999938964844,6022000,53.76998519897461
2010-08-02,69.01000213623047,69.93000030517578,68.5,69.69000244140625,5430800,54.99311447143555
2010-08-03,69.30999755859375,70,68.93000030517578,69.54000091552734,3773400,54.874732971191406
2010-08-04,69.41999816894531,69.93000030517578,69.16000366210938,69.25,3860000,54.97794723510742
2010-08-05,68.7300033569336,69.25,68.33000183105469,68.70999908447266,4312900,54.54924774169922
2010-08-06,68.02999877929688,68.72000122070312,67.36000061035156,68.69999694824219,4498800,54.541282653808594
2010-08-09,69.16999816894531,69.47000122070312,68.44999694824219,68.98999786376953,2904300,54.77151870727539
2010-08-10,68.29000091552734,68.97000122070312,67.54000091552734,68.62000274658203,4126200,54.477787017822266
2010-08-11,67.18000030517578,67.26000213623047,64.91999816894531,65.5999984741211,5230700,52.080177307128906
2010-08-12,64.6500015258789,65.2699966430664,64.44000244140625,64.69999694824219,3847700,51.36566162109375
2010-08-13,64.58999633789062,65.69999694824219,64.54000091552734,64.83999633789062,3665200,51.47681427001953
2010-08-16,64.2699966430664,64.93000030517578,63.650001525878906,64.4000015258789,3033200,51.12751007080078
2010-08-17,65.16000366210938,66.91000366210938,64.6500015258789,65.98999786376953,4303900,52.38980484008789
2010-08-18,66.05000305175781,66.36000061035156,64.98999786376953,66,2812800,52.39775466918945
2010-08-19,65.73999786376953,65.81999969482422,64.1500015258789,64.62000274658203,4200700,51.302154541015625
2010-08-20,64.19999694824219,64.7300033569336,63.59000015258789,64.5999984741211,3865900,51.2862663269043
2010-08-23,65.08999633789062,65.23999786376953,63.209999084472656,63.29999923706055,3887800,50.25420379638672
2010-08-24,62.54999923706055,62.810001373291016,60.529998779296875,60.93000030517578,9981400,48.37266159057617
2010-08-25,60.4900016784668,61.11000061035156,59.47999954223633,60.7599983215332,5143200,48.2376823425293
2010-08-26,61.36000061035156,62.560001373291016,61.06999969482422,61.31999969482422,4883300,48.68227005004883
2010-08-27,61.130001068115234,63.34000015258789,60.56999969482422,63.15999984741211,6851600,50.14305114746094
2010-08-30,63,63.189998626708984,62.099998474121094,62.099998474121094,3279200,49.301513671875
2010-08-31,62,62.18000030517578,60.79999923706055,61.130001068115234,5309500,48.53143310546875
2010-09-01,61.790000915527344,63.09000015258789,61.65999984741211,62.290000915527344,5688800,49.45235824584961
2010-09-02,62.34000015258789,63.38999938964844,62.20000076293945,63.38999938964844,3465800,50.325653076171875
2010-09-03,64.47000122070312,65.41999816894531,64.08999633789062,64.63999938964844,3471600,51.318031311035156
2010-09-07,64.25,64.25,63.290000915527344,63.41999816894531,2529800,50.3494758605957
2010-09-08,63.599998474121094,65,63.58000183105469,64.5,3747800,51.20689392089844
2010-09-09,65.51000213623047,65.62999725341797,62.95000076293945,63.439998626708984,4190700,50.3653450012207
2010-09-10,63.380001068115234,64.0999984741211,62.959999084472656,63.84000015258789,3210300,50.68291473388672
2010-09-13,64.7300033569336,64.9800033569336,63.91999816894531,64.19000244140625,3119100,50.96078872680664
2010-09-14,64.0199966430664,64.3499984741211,62.43000030517578,62.7599983215332,6025500,49.82549285888672
2010-09-15,62.4900016784668,62.790000915527344,61.88999938964844,62.72999954223633,4928100,49.80167770385742
2010-09-16,62.38999938964844,63.349998474121094,62.20000076293945,62.58000183105469,4676500,49.68260192871094
2010-09-17,63.2599983215332,63.34000015258789,62,62.95000076293945,10702700,49.97632598876953
2010-09-20,62.9900016784668,63.900001525878906,62.529998779296875,63.720001220703125,4169100,50.58763885498047
2010-09-21,63.79999923706055,64.5,63.38999938964844,64.2300033569336,5361200,50.99253845214844
2010-09-22,64.37999725341797,64.86000061035156,63.630001068115234,63.900001525878906,3635500,50.73054504394531
2010-09-23,63.310001373291016,63.4900016784668,62.560001373291016,62.650001525878906,3656800,49.73817443847656
2010-09-24,63.52000045776367,64.83000183105469,63.33000183105469,64.5999984741211,4626900,51.2862663269043
2010-09-27,64.61000061035156,64.69999694824219,63.79999923706055,63.88999938964844,2762400,50.72260284423828
2010-09-28,63.849998474121094,64.66999816894531,62.939998626708984,64.5199966430664,3561500,51.22276306152344
2010-09-29,64.70999908447266,66.26000213623047,64.44000244140625,65.97000122070312,5874700,52.373924255371094
2010-09-30,67.08999633789062,67.97000122070312,66.05000305175781,66.54000091552734,8214300,52.826454162597656
2010-10-01,67.54000091552734,67.9800033569336,66.66999816894531,66.83000183105469,4483000,53.05668640136719
2010-10-04,66.56999969482422,67.88999938964844,65.86000061035156,66.33000183105469,4073700,52.65974426269531
2010-10-05,67.0199966430664,68.9800033569336,67.0199966430664,68.5999984741211,7517800,54.46189880371094
2010-10-06,68.61000061035156,69.38999938964844,68.41000366210938,68.58000183105469,4718400,54.44601821899414
2010-10-07,68.97000122070312,69.13999938964844,67.80000305175781,68.45999908447266,5501400,54.35074234008789
2010-10-08,68.47000122070312,69.70999908447266,68.1500015258789,69.2300033569336,3335700,54.962066650390625
2010-10-11,69.51000213623047,70.25,69.2300033569336,69.98999786376953,3469400,55.56543731689453
2010-10-12,70.16000366210938,70.5999984741211,68.91000366210938,70.22000122070312,4381600,55.74803161621094
2010-10-13,70.7300033569336,72.16999816894531,70.66000366210938,71.47000122070312,6038900,56.74039840698242
2010-10-14,71.7300033569336,72,70.8499984741211,71.36000061035156,3841500,56.65308380126953
2010-10-15,71.8499984741211,71.9000015258789,70.05000305175781,70.11000061035156,5641300,55.66069412231445
2010-10-18,70.19000244140625,71.05000305175781,70.02999877929688,70.2300033569336,4818500,55.75597381591797
2010-10-19,69.56999969482422,69.95999908447266,68.3499984741211,69.05000305175781,4493400,54.81914138793945
2010-10-20,70,71.94000244140625,69.56999969482422,71.36000061035156,8067700,56.65308380126953
2010-10-21,71.61000061035156,71.87999725341797,70.56999969482422,71.5,4622700,56.76422882080078
2010-10-22,71.37999725341797,71.62999725341797,70.61000061035156,71.26000213623047,3062400,56.57368469238281
2010-10-25,71.68000030517578,72.48999786376953,71.47000122070312,71.66000366210938,4802900,56.89125442504883
2010-10-26,71.0999984741211,71.6500015258789,70.7300033569336,71.30000305175781,3544500,56.60542678833008
2010-10-27,70.87000274658203,71.11000061035156,69.70999908447266,70.86000061035156,3808200,56.256134033203125
2010-10-28,71.30000305175781,71.79000091552734,70.3499984741211,71.2699966430664,4119800,56.58161926269531
2010-10-29,71.1500015258789,71.45999908447266,70.36000061035156,70.63999938964844,3192300,56.081459045410156
2010-11-01,70.70999908447266,71.88999938964844,69.91000366210938,70.4800033569336,3321400,55.954444885253906
2010-11-02,70.8499984741211,70.9800033569336,68.80000305175781,69.77999877929688,6339800,55.398677825927734
2010-11-03,69.66000366210938,69.7300033569336,68.04000091552734,68.94000244140625,4670800,55.06324768066406
2010-11-04,70,71.58000183105469,69.77999877929688,70.8499984741211,5758100,56.588775634765625
2010-11-05,70.8499984741211,71.6500015258789,70.5,71.2699966430664,3625800,56.92424011230469
2010-11-08,70.05999755859375,70.41000366210938,69.75,70.20999908447266,4171600,56.07761001586914
2010-11-09,70.2699966430664,70.55000305175781,68.83000183105469,69.25,4587500,55.31086349487305
2010-11-10,67.69000244140625,67.69000244140625,66.79000091552734,67.06999969482422,10494700,53.56966018676758
2010-11-11,66.55000305175781,66.69999694824219,65.04000091552734,65.37000274658203,10033700,52.21184539794922
2010-11-12,65.01000213623047,65.25,63.0099983215332,63.09000015258789,16721500,50.39078903198242
2010-11-15,63.349998474121094,64.0999984741211,62.619998931884766,63.61000061035156,10964500,50.80610275268555
2010-11-16,63.349998474121094,63.349998474121094,61.84000015258789,62.779998779296875,9615800,50.1431770324707
2010-11-17,62.66999816894531,63.02000045776367,62.16999816894531,62.5,8173300,49.91954803466797
2010-11-18,63.349998474121094,64.72000122070312,62.720001220703125,64.61000061035156,11578500,51.60481643676758
2010-11-19,64.52999877929688,64.73999786376953,63.38999938964844,63.59000015258789,8824700,50.790138244628906
2010-11-22,63.02000045776367,64.16999816894531,62.79999923706055,64.02999877929688,5908600,51.14158248901367
2010-11-23,63.43000030517578,64.11000061035156,63.099998474121094,63.599998474121094,6567900,50.79811477661133
2010-11-24,64.37999725341797,65.58000183105469,64.0199966430664,65.41000366210938,6205700,52.243797302246094
2010-11-26,65.08999633789062,65.45999908447266,64.66999816894531,64.80000305175781,2279600,51.756591796875
2010-11-29,64.33000183105469,64.69999694824219,63.439998626708984,64.36000061035156,4385000,51.4051399230957
2010-11-30,63.72999954223633,64.20999908447266,63.470001220703125,63.77000045776367,5814100,50.93389892578125
2010-12-01,64.66000366210938,65.79000091552734,64.5199966430664,65.72000122070312,7515200,52.49140167236328
2010-12-02,65.62000274658203,66.80000305175781,65.55000305175781,66.58999633789062,4760700,53.186279296875
2010-12-03,66.58000183105469,66.68000030517578,65.94999694824219,66.54000091552734,3355900,53.146331787109375
2010-12-06,66.41000366210938,66.95999908447266,65.97000122070312,66.58999633789062,3455000,53.186279296875
2010-12-07,67.04000091552734,67.38999938964844,66.01000213623047,66.2300033569336,4732800,52.898746490478516
2010-12-08,66.19000244140625,66.55999755859375,64.91999816894531,65.18000030517578,5230600,52.060089111328125
2010-12-09,65.61000061035156,65.61000061035156,64.4000015258789,64.61000061035156,5188300,51.60481643676758
2010-12-10,64.62999725341797,64.7699966430664,63.959999084472656,64.16000366210938,5501700,51.24539566040039
2010-12-13,64.2300033569336,64.37999725341797,63.630001068115234,63.790000915527344,4819600,50.94987487792969
2010-12-14,63.849998474121094,65.11000061035156,63.68000030517578,64.48999786376953,6304500,51.50897979736328
2010-12-15,64.29000091552734,64.69000244140625,64.08999633789062,64.23999786376953,3434800,51.309303283691406
2010-12-16,64.33000183105469,64.8499984741211,63.709999084472656,64.4000015258789,5169100,51.437103271484375
2010-12-17,64.88999938964844,65.29000091552734,64.3499984741211,65.02999877929688,8884700,51.940277099609375
2010-12-20,64.73999786376953,64.7699966430664,62.81999969482422,63.27000045776367,9711000,50.5345573425293
2010-12-21,63.61000061035156,64.3499984741211,63.279998779296875,64.19000244140625,5092900,51.269371032714844
2010-12-22,64.44999694824219,65.13999938964844,64.01000213623047,64.61000061035156,5256000,51.60481643676758
2010-12-23,64.55999755859375,65.12000274658203,64.33000183105469,65.05999755859375,3328900,51.96424102783203
2010-12-27,64.7300033569336,64.91000366210938,64.33000183105469,64.75,2548500,51.71663284301758
2010-12-28,64.80999755859375,65,64.33000183105469,64.86000061035156,2635100,51.804508209228516
2010-12-29,65,65.19999694824219,64.62000274658203,65.05000305175781,2504700,51.95625686645508
2010-12-30,65.11000061035156,65.2300033569336,64.7300033569336,65.01000213623047,2342900,51.92430877685547
2010-12-31,64.9000015258789,65.29000091552734,64.62000274658203,65.26000213623047,2137400,52.12399673461914
2011-01-03,66.1500015258789,66.68000030517578,66,66.4000015258789,8072900,53.034507751464844
2011-01-04,66.79000091552734,67.61000061035156,66.51000213623047,66.94000244140625,7979900,53.46582794189453
2011-01-05,66.55000305175781,67.55000305175781,66.48999786376953,67.4800033569336,5890000,53.89714050292969
2011-01-06,67.45999908447266,69.3499984741211,67.45999908447266,68.80000305175781,7507200,54.95142364501953
2011-01-07,69.16000366210938,70.0999984741211,68.80000305175781,69.37999725341797,6797000,55.4146728515625
2011-01-10,69.41999816894531,69.66000366210938,68.3499984741211,69.08999633789062,4397400,55.18305587768555
2011-01-11,69.47000122070312,69.87999725341797,68.66999816894531,68.95999908447266,4443600,55.0792236328125
2011-01-12,69.5999984741211,70.48999786376953,69.51000213623047,70.1500015258789,5935800,56.02967834472656
2011-01-13,70.29000091552734,70.5,69.62000274658203,69.83000183105469,4040100,55.774105072021484
2011-01-14,69.55000305175781,70.19999694824219,69.38999938964844,70.06999969482422,4551500,55.96579360961914
2011-01-18,70.86000061035156,72.56999969482422,70.2300033569336,72.47000122070312,9630700,57.8827018737793
2011-01-19,72.68000030517578,72.98999786376953,71.18000030517578,71.7300033569336,8590500,57.29166793823242
2011-01-20,71.3499984741211,71.95999908447266,70.36000061035156,71.12000274658203,6909400,56.8044548034668
2011-01-21,71.91000366210938,72.22000122070312,71.33999633789062,71.68000030517578,4441200,57.25172805786133
2011-01-24,71.5199966430664,72.81999969482422,71.51000213623047,72.7300033569336,5497100,58.09039306640625
2011-01-25,72.48999786376953,72.7300033569336,71.30999755859375,72.23999786376953,5186700,57.69900894165039
2011-01-26,69.98999786376953,70.4800033569336,69.11000061035156,70.0199966430664,13111000,55.92585754394531
2011-01-27,70.01000213623047,71,70,70.55999755859375,5743600,56.3571662902832
2011-01-28,70.80000305175781,70.94999694824219,69,69.2300033569336,5376400,55.29487228393555
2011-01-31,69.26000213623047,69.95999908447266,69.12000274658203,69.4800033569336,4559800,55.49455261230469
2011-02-01,70,70.5,69.5999984741211,70.29000091552734,4780400,56.141510009765625
2011-02-02,69.83000183105469,71.19000244140625,69.80000305175781,71,4249100,56.70859909057617
2011-02-03,71,71.37999725341797,70.62000274658203,70.9800033569336,5092000,56.69261932373047
2011-02-04,70.9000015258789,71.63999938964844,70.68000030517578,71.37999725341797,4079200,57.012123107910156
2011-02-07,71.43000030517578,72.11000061035156,71.1500015258789,71.93000030517578,4153200,57.451393127441406
2011-02-08,72.16999816894531,72.81999969482422,72.0199966430664,72.70999908447266,4083900,58.074405670166016
2011-02-09,72.38999938964844,72.70999908447266,72,72.62999725341797,4565700,58.347537994384766
2011-02-10,72.43000030517578,72.98999786376953,71.8499984741211,72.66000366210938,4917000,58.371646881103516
2011-02-11,72.23999786376953,72.69000244140625,71.93000030517578,72.13999938964844,4076100,57.95390319824219
2011-02-14,72.69999694824219,72.69999694824219,71.5999984741211,72.26000213623047,4091200,58.050296783447266
2011-02-15,71.91999816894531,72.0199966430664,71.08999633789062,71.4000015258789,4387500,57.35940170288086
2011-02-16,71.70999908447266,72.62000274658203,71.45999908447266,72.4800033569336,4456600,58.22704315185547
2011-02-17,72.41999816894531,72.51000213623047,71.94000244140625,72.23999786376953,3046400,58.034236907958984
2011-02-18,72.12999725341797,73.5199966430664,72.12999725341797,73.04000091552734,5358600,58.67690658569336
2011-02-22,72.3499984741211,72.48999786376953,70.37999725341797,70.93000030517578,5560100,56.981834411621094
2011-02-23,70.94000244140625,71.48999786376953,70,70.2300033569336,5551900,56.41948318481445
2011-02-24,70.3499984741211,72.5,70.08999633789062,70.76000213623047,7015600,56.84526824951172
2011-02-25,73.94000244140625,74.29000091552734,72.05999755859375,72.30000305175781,8127200,58.08242416381836
2011-02-28,72.47000122070312,72.9000015258789,71.69999694824219,72.01000213623047,4098500,57.84946823120117
2011-03-01,71.93000030517578,72.2300033569336,69.98999786376953,70.12000274658203,5186200,56.33112335205078
2011-03-02,70.11000061035156,70.4000015258789,68.5999984741211,69.56999969482422,7069500,55.88929748535156
2011-03-03,70.12999725341797,71.83000183105469,70.12999725341797,71.70999908447266,5457700,57.60844802856445
2011-03-04,71.80000305175781,71.87000274658203,70.27999877929688,71.80000305175781,5702900,57.68075180053711
2011-03-07,71.5999984741211,72.06999969482422,69.91000366210938,70.87999725341797,5132000,56.94165802001953
2011-03-08,71.4800033569336,72.5,71.18000030517578,72.04000091552734,5656300,57.873565673828125
2011-03-09,72.01000213623047,72.41999816894531,71.33000183105469,72.08999633789062,5379600,57.913719177246094
2011-03-10,71.30999755859375,72.38999938964844,70.51000213623047,71.29000091552734,5505700,57.27103805541992
2011-03-11,70.29000091552734,71.88999938964844,70.26000213623047,71.63999938964844,3855800,57.552215576171875
2011-03-14,71.16999816894531,71.2300033569336,69.9000015258789,70.73999786376953,4378000,56.829193115234375
2011-03-15,68.33999633789062,70.2300033569336,68.33999633789062,69.69000244140625,6247600,55.98568344116211
2011-03-16,69.2300033569336,69.66999816894531,67.33999633789062,67.69000244140625,9623800,54.37898254394531
2011-03-17,68.58000183105469,69.02999877929688,67.8499984741211,68.30000305175781,4408800,54.86903762817383
2011-03-18,69.20999908447266,69.58000183105469,68.66999816894531,69.0999984741211,5061200,55.5117073059082
2011-03-21,70.29000091552734,71.68000030517578,70.04000091552734,71.19999694824219,5297900,57.19873809814453
2011-03-22,71.18000030517578,72.0999984741211,70.72000122070312,71.8499984741211,4725000,57.720916748046875
2011-03-23,71.62000274658203,73.06999969482422,71.13999938964844,72.72000122070312,5332400,58.419837951660156
2011-03-24,73.23999786376953,73.33000183105469,72.33000183105469,72.76000213623047,4360200,58.45198059082031
2011-03-25,72.94000244140625,73.5,72.33000183105469,73.33999633789062,4696900,58.91792297363281
2011-03-28,73.5,73.69000244140625,73.11000061035156,73.30000305175781,3857300,58.88578414916992
2011-03-29,73.06999969482422,73.93000030517578,73.02999877929688,73.62000274658203,4782500,59.14284896850586
2011-03-30,73.93000030517578,74.13999938964844,73.3499984741211,73.80000305175781,3875400,59.287471771240234
2011-03-31,73.80999755859375,74.47000122070312,73.47000122070312,73.93000030517578,4199200,59.39191818237305
2011-04-01,74.29000091552734,74.8499984741211,73.94000244140625,74.01000213623047,3867600,59.45615768432617
2011-04-04,73.37999725341797,74.11000061035156,73.37000274658203,73.94999694824219,3697100,59.407958984375
2011-04-05,73.51000213623047,74.44999694824219,72.70999908447266,73.2300033569336,5217600,58.82953643798828
2011-04-06,73.33000183105469,73.93000030517578,72.80000305175781,73.72000122070312,4803600,59.22319412231445
2011-04-07,73.73999786376953,74.58000183105469,73.68000030517578,74.29000091552734,4373400,59.681121826171875
2011-04-08,74.66000366210938,74.8499984741211,73.04000091552734,73.47000122070312,3099500,59.02238082885742
2011-04-11,73.6500015258789,74.27999877929688,73.5,73.76000213623047,2694600,59.25532913208008
2011-04-12,73.22000122070312,73.58000183105469,72.95999908447266,73.08000183105469,3441100,58.70903015136719
2011-04-13,73.33000183105469,73.70999908447266,71.55000305175781,72.12999725341797,5078400,57.945858001708984
2011-04-14,71.83000183105469,72.47000122070312,70.87999725341797,72.30000305175781,4091600,58.08242416381836
2011-04-15,72.44999694824219,72.9800033569336,72.0199966430664,72.5999984741211,4176600,58.323429107666016
2011-04-18,72.72000122070312,73.27999877929688,71.75,72.79000091552734,6225500,58.47607421875
2011-04-19,72.97000122070312,73.62999725341797,72.63999938964844,73.1500015258789,4352000,58.76528549194336
2011-04-20,74.20999908447266,75.31999969482422,74.1500015258789,75.06999969482422,6356300,60.307735443115234
2011-04-21,75.43000030517578,75.73999786376953,75.08000183105469,75.44000244140625,3157100,60.60496520996094
2011-04-25,75.51000213623047,75.55999755859375,74.68000030517578,74.9000015258789,2524200,60.17115020751953
2011-04-26,75.30999755859375,75.8499984741211,75.01000213623047,75.55000305175781,5100900,60.69334030151367
2011-04-27,76.02999877929688,77.30999755859375,75.05000305175781,76.12000274658203,7462400,61.151248931884766
2011-04-28,76.02999877929688,78.86000061035156,76.0199966430664,78.55000305175781,7359700,63.10337829589844
2011-04-29,78.8499984741211,80.33999633789062,78.8499984741211,79.77999877929688,8050400,64.09149932861328
2011-05-02,80.3499984741211,80.6500015258789,79.16000366210938,79.52999877929688,5633300,63.89067840576172
2011-05-03,79.23999786376953,80.20999908447266,79.01000213623047,79.51000213623047,4728000,63.874610900878906
2011-05-04,79.69999694824219,80,78.76000213623047,78.83999633789062,5735200,63.33634948730469
2011-05-05,78.5199966430664,79.73999786376953,78.08999633789062,78.44999694824219,4718900,63.023040771484375
2011-05-06,79.13999938964844,80.04000091552734,78.97000122070312,79.30999755859375,4565800,63.71396255493164
2011-05-09,79.30999755859375,80.1500015258789,79.1500015258789,79.63999938964844,3137600,63.979026794433594
2011-05-10,79.76000213623047,80.41999816894531,79.76000213623047,79.94999694824219,3852400,64.22808837890625
2011-05-11,79.63999938964844,79.80000305175781,78.7300033569336,79.08000183105469,3853700,63.864654541015625
2011-05-12,79.04000091552734,79.75,78.4800033569336,79.41000366210938,3700000,64.13117980957031
2011-05-13,79.61000061035156,80.08999633789062,78.55999755859375,79.02999877929688,3808500,63.82428741455078
2011-05-16,78.66000366210938,78.80999755859375,77.6500015258789,77.7699966430664,3800400,62.80672073364258
2011-05-17,77.61000061035156,77.7300033569336,75.83000183105469,76.68000030517578,5191100,61.926422119140625
2011-05-18,76.77999877929688,77.48999786376953,76.5999984741211,77.13999938964844,3634200,62.29792785644531
2011-05-19,77.41000366210938,78.44999694824219,77.25,78.0199966430664,3340900,63.00862503051758
2011-05-20,77.88999938964844,77.98999786376953,77.26000213623047,77.5199966430664,4000400,62.60480880737305
2011-05-23,76.55000305175781,76.76000213623047,75.7699966430664,76.27999877929688,3587300,61.60337829589844
2011-05-24,76.45999908447266,76.70999908447266,75.23999786376953,75.56999969482422,3783700,61.02998352050781
2011-05-25,75.26000213623047,76.77999877929688,75.12999725341797,76.31999969482422,4134000,61.63569641113281
2011-05-26,76.54000091552734,76.91999816894531,75.94000244140625,76.66000366210938,4377000,61.91026306152344
2011-05-27,77.02999877929688,77.5,76.62000274658203,76.98999786376953,3202700,62.17676544189453
2011-05-31,77.80000305175781,78.3499984741211,77.41000366210938,78.02999877929688,4706400,63.01667785644531
2011-06-01,77.94999694824219,78.0999984741211,75.26000213623047,75.3499984741211,5259100,60.85232925415039
2011-06-02,75.44000244140625,76.33999633789062,75.30000305175781,75.69000244140625,3606200,61.12691879272461
2011-06-03,74.70999908447266,75.05000305175781,74.08999633789062,74.83999633789062,4239300,60.44044494628906
2011-06-06,74.76000213623047,75.2699966430664,74.41999816894531,74.58000183105469,3310200,60.23047637939453
2011-06-07,74.79000091552734,75.0999984741211,74.16000366210938,74.18000030517578,3387500,59.90742492675781
2011-06-08,74.12999725341797,74.4000015258789,73.6500015258789,73.8499984741211,3772100,59.64093780517578
2011-06-09,73.83000183105469,74.55000305175781,73.43000030517578,74.18000030517578,2960800,59.90742492675781
2011-06-10,73.80999755859375,74,72.61000061035156,72.69000244140625,5139600,58.70414352416992
2011-06-13,73.05999755859375,73.41000366210938,72.69000244140625,72.94000244140625,4087300,58.906002044677734
2011-06-14,73.33999633789062,75.0199966430664,73.19000244140625,74.63999938964844,4775700,60.2789306640625
2011-06-15,74.06999969482422,75.51000213623047,73.56999969482422,73.8499984741211,6531900,59.64093780517578
2011-06-16,73.73999786376953,74.58000183105469,73.44999694824219,74.01000213623047,4446500,59.770145416259766
2011-06-17,74.62000274658203,74.93000030517578,73.76000213623047,74.16000366210938,5536100,59.891292572021484
2011-06-20,73.95999908447266,74.80000305175781,73.51000213623047,74.5199966430664,3809600,60.1820182800293
2011-06-21,75.0199966430664,75.0199966430664,73.77999877929688,73.9800033569336,5493900,59.745948791503906
2011-06-22,73.58999633789062,73.66000366210938,72.05999755859375,72.12000274658203,7232200,58.24379348754883
2011-06-23,71.16999816894531,71.62999725341797,70.29000091552734,71.25,8038400,57.54118347167969
2011-06-24,71.37000274658203,71.56999969482422,70.7300033569336,71.26000213623047,6088500,57.54925537109375
2011-06-27,71.44000244140625,71.94000244140625,71.33000183105469,71.62000274658203,4028200,57.839996337890625
2011-06-28,71.81999969482422,72.23999786376953,71.4000015258789,72.08999633789062,3837900,58.21956253051758
2011-06-29,72.22000122070312,72.95999908447266,71.86000061035156,72.72000122070312,3913800,58.72835159301758
2011-06-30,73,74.0999984741211,72.9000015258789,73.93000030517578,4245300,59.70556640625
2011-07-01,73.80999755859375,74.7300033569336,73.80000305175781,74.2699966430664,3647800,59.98012924194336
2011-07-05,74.16999816894531,74.7300033569336,73.8499984741211,74.1500015258789,3130300,59.88321304321289
2011-07-06,74.12999725341797,75.16000366210938,74.01000213623047,74.73999786376953,3757800,60.359683990478516
2011-07-07,75.33000183105469,76.19999694824219,74.8499984741211,75.98999786376953,4976900,61.36920928955078
2011-07-08,75.58000183105469,75.58000183105469,74.56999969482422,75.06999969482422,4051200,60.626220703125
2011-07-11,74.16999816894531,74.7300033569336,73,73.3499984741211,4379000,59.23714065551758
2011-07-12,73.62000274658203,73.86000061035156,71.79000091552734,71.93000030517578,5773000,58.09034729003906
2011-07-13,72.55999755859375,73.25,71.86000061035156,72.16999816894531,4707700,58.284175872802734
2011-07-14,71.94000244140625,72.31999969482422,71,71.19000244140625,5691200,57.492733001708984
2011-07-15,71.69999694824219,71.70999908447266,70.8499984741211,71.27999877929688,4058500,57.565425872802734
2011-07-18,70.66000366210938,70.69999694824219,69.06999969482422,69.55000305175781,7294900,56.168296813964844
2011-07-19,70.11000061035156,70.98999786376953,69.30999755859375,70.52999877929688,7434200,56.959720611572266
2011-07-20,71.12000274658203,73.30000305175781,70.76000213623047,72.06999969482422,8026000,58.20342254638672
2011-07-21,72.58000183105469,73.25,72,72.88999938964844,4301500,58.86562728881836
2011-07-22,73.19000244140625,73.19000244140625,72.23999786376953,72.66999816894531,2921300,58.68798828125
2011-07-25,71.37999725341797,72.01000213623047,71.01000213623047,71.30999755859375,3990800,57.58964157104492
2011-07-26,71.37999725341797,71.44000244140625,69.86000061035156,70.16000366210938,7061900,56.66092300415039
2011-07-27,71.7300033569336,73.19999694824219,70.52999877929688,70.62999725341797,9806900,57.04046630859375
2011-07-28,71,72.33000183105469,70.58999633789062,70.66000366210938,5448400,57.06471633911133
2011-07-29,70,71.11000061035156,69.25,70.47000122070312,5962000,56.91126251220703
2011-08-01,71.61000061035156,71.62999725341797,69.52999877929688,70.33000183105469,5554600,56.7982177734375
2011-08-02,69.55999755859375,70.29000091552734,67.69000244140625,67.69999694824219,7052400,54.674232482910156
2011-08-03,67.88999938964844,68.11000061035156,66.0999984741211,67.33999633789062,6749800,54.383480072021484
2011-08-04,66.36000061035156,66.37999725341797,63,63.09000015258789,10707100,50.951210021972656
2011-08-05,64.08999633789062,64.44999694824219,61.40999984741211,62.75,11643100,50.67662811279297
2011-08-08,61.099998474121094,61.810001373291016,58.61000061035156,58.709999084472656,13561000,47.41392517089844
2011-08-09,60.040000915527344,62.459999084472656,58.7599983215332,62.34000015258789,14122800,50.34550476074219
2011-08-10,60.91999816894531,61.20000076293945,57.22999954223633,57.40999984741211,13549600,46.678550720214844
2011-08-11,57.650001525878906,59.56999969482422,56.0099983215332,58.849998474121094,15539100,47.84937286376953
2011-08-12,59.95000076293945,61.869998931884766,59.15999984741211,61.75,10082800,50.2072868347168
2011-08-15,62.060001373291016,62.72999954223633,61.369998931884766,62.70000076293945,6933400,50.97971725463867
2011-08-16,61.72999954223633,62.97999954223633,61.40999984741211,62.22999954223633,6841400,50.597564697265625
2011-08-17,62.439998626708984,62.91999816894531,61.61000061035156,62.18000030517578,6263400,50.55690383911133
2011-08-18,60.400001525878906,60.720001220703125,58.220001220703125,58.93000030517578,8108800,47.914424896240234
2011-08-19,58.29999923706055,59.43000030517578,57.470001220703125,57.540000915527344,9229900,46.784244537353516
2011-08-22,59.13999938964844,59.36000061035156,58.040000915527344,58.380001068115234,6862800,47.46723175048828
2011-08-23,58.70000076293945,60.77000045776367,58.189998626708984,60.77000045776367,6527700,49.41047668457031
2011-08-24,60.59000015258789,61.90999984741211,60.45000076293945,61.689998626708984,4852000,50.158512115478516
2011-08-25,62.04999923706055,62.38999938964844,60.5,61.099998474121094,6440000,49.67878341674805
2011-08-26,60.63999938964844,62.970001220703125,60.130001068115234,62.79999923706055,6199200,51.06100845336914
2011-08-29,63.9900016784668,64.77999877929688,63.599998474121094,64.5999984741211,4303900,52.5245361328125
2011-08-30,65.2300033569336,66.54000091552734,64.80000305175781,66.02999877929688,6984200,53.68724822998047
2011-08-31,66.69000244140625,67.29000091552734,66.13999938964844,66.86000061035156,6807400,54.36209487915039
2011-09-01,66.95999908447266,67.7300033569336,66,66.05000305175781,6169500,53.703514099121094
2011-09-02,65.01000213623047,65.1500015258789,63.709999084472656,64.02999877929688,4735100,52.06110763549805
2011-09-06,61.90999984741211,62.900001525878906,61.220001220703125,62.77000045776367,6478800,51.036617279052734
2011-09-07,63.939998626708984,65.20999908447266,63.41999816894531,64.9000015258789,5530300,52.768470764160156
2011-09-08,64.33999633789062,64.5,62.61000061035156,62.810001373291016,6866500,51.06913757324219
2011-09-09,62.11000061035156,63.09000015258789,61.439998626708984,61.790000915527344,5415700,50.23980712890625
2011-09-12,60.83000183105469,62.529998779296875,60.33000183105469,62.38999938964844,5520600,50.7276611328125
2011-09-13,62.29999923706055,63.59000015258789,62.029998779296875,62.849998474121094,5283600,51.101661682128906
2011-09-14,63.04999923706055,64.06999969482422,61.63999938964844,63.029998779296875,5782600,51.248023986816406
2011-09-15,63.650001525878906,64.61000061035156,63.45000076293945,64.31999969482422,5263700,52.2968864440918
2011-09-16,64.77999877929688,65.75,64.5199966430664,65.37999725341797,6926700,53.158756256103516
2011-09-19,64.08000183105469,64.4000015258789,62.95000076293945,64.1500015258789,4836800,52.158653259277344
2011-09-20,64.36000061035156,64.63999938964844,63.5,63.560001373291016,3431600,51.6789436340332
2011-09-21,63.540000915527344,63.81999969482422,60.9900016784668,61.02000045776367,4517200,49.613746643066406
2011-09-22,59.33000183105469,59.59000015258789,57.529998779296875,58.720001220703125,12055700,47.74367141723633
2011-09-23,58.56999969482422,59.77000045776367,58.060001373291016,59.5099983215332,6239400,48.3859977722168
2011-09-26,60.79999923706055,62.27000045776367,60,62.0099983215332,7031800,50.41868209838867
2011-09-27,64.12999725341797,64.29000091552734,62.40999984741211,62.779998779296875,6410300,51.04475021362305
2011-09-28,63.279998779296875,64.05000305175781,61.810001373291016,61.91999816894531,4695500,50.34550094604492
2011-09-29,63.20000076293945,63.70000076293945,61.36000061035156,62.369998931884766,6094200,50.71139907836914
2011-09-30,61.5,62.18000030517578,60.45000076293945,60.5099983215332,5464300,49.19907760620117
2011-10-03,60.099998474121094,61.529998779296875,57.849998474121094,58.25,8290400,47.36152267456055
2011-10-04,57.529998779296875,59.22999954223633,56.900001525878906,59.13999938964844,7800000,48.08517074584961
2011-10-05,58.900001525878906,60.040000915527344,58.650001525878906,59.959999084472656,5825600,48.75187301635742
2011-10-06,60.0099983215332,61.790000915527344,59.45000076293945,61.47999954223633,5565900,49.987754821777344
2011-10-07,61.90999984741211,62.959999084472656,61.43000030517578,61.810001373291016,5580800,50.256072998046875
2011-10-10,62.869998931884766,64.19000244140625,62.75,64.02999877929688,4597500,52.06110763549805
2011-10-11,63.65999984741211,64.25,63.5,63.970001220703125,3192200,52.012306213378906
2011-10-12,64.45999908447266,65.2300033569336,64.12999725341797,64.31999969482422,5136500,52.2968864440918
2011-10-13,63.779998779296875,64.08999633789062,63.04999923706055,63.529998779296875,3154300,51.6545524597168
2011-10-14,64,64.27999877929688,63.40999984741211,63.88999938964844,3839900,51.947261810302734
2011-10-17,63.34000015258789,63.5099983215332,61.65999984741211,61.779998779296875,4873400,50.23167419433594
2011-10-18,61.93000030517578,64.23999786376953,61.33000183105469,63.470001220703125,6167800,51.60578155517578
2011-10-19,62.61000061035156,64.2699966430664,62.529998779296875,63.11000061035156,4849500,51.313072204589844
2011-10-20,63.0099983215332,63.72999954223633,62.18000030517578,62.4900016784668,6291500,50.8089714050293
2011-10-21,63.310001373291016,64.63999938964844,63.099998474121094,64.58999633789062,6250400,52.516395568847656
2011-10-24,64.41000366210938,65.05999755859375,63.93000030517578,64.75,5190800,52.64649963378906
2011-10-25,64.80999755859375,64.94999694824219,63.54999923706055,63.720001220703125,6529500,51.80903625488281
2011-10-26,67.55999755859375,67.9000015258789,65.80000305175781,66.55999755859375,12700300,54.1181640625
2011-10-27,68.58999633789062,68.76000213623047,67.18000030517578,67.48999786376953,8606900,54.87432098388672
2011-10-28,67.55000305175781,68.38999938964844,67.30999755859375,68.16999816894531,6102900,55.427215576171875
2011-10-31,67.12000274658203,67.48999786376953,65.73999786376953,65.79000091552734,6879500,53.49210739135742
2011-11-01,64.2300033569336,64.33999633789062,62.369998931884766,63.16999816894531,8962200,51.361846923828125
2011-11-02,63.970001220703125,64.76000213623047,63.83000183105469,64.4000015258789,5782800,52.3619384765625
2011-11-03,65.16000366210938,66.37000274658203,64.5,66.19000244140625,4896800,53.81734848022461
2011-11-04,65.58999633789062,65.94999694824219,65,65.80000305175781,3458000,53.500240325927734
2011-11-07,65.70999908447266,66.4000015258789,65.16999816894531,66.29000091552734,3624200,53.898624420166016
2011-11-08,66.44000244140625,66.80000305175781,65.44999694824219,66.6500015258789,4827000,54.53689193725586
2011-11-09,65.16999816894531,65.69999694824219,64.33000183105469,64.55000305175781,5753500,52.81854248046875
2011-11-10,65.08999633789062,65.5999984741211,64.58999633789062,64.83000183105469,3853400,53.04765701293945
2011-11-11,65.43000030517578,67.26000213623047,65.43000030517578,66.91999816894531,4397700,54.75780487060547
2011-11-14,68.88999938964844,68.97000122070312,67.69999694824219,67.94000244140625,6366100,55.59242630004883
2011-11-15,67.9000015258789,68.33999633789062,67.05000305175781,67.94000244140625,5112800,55.59242630004883
2011-11-16,67.12999725341797,67.66000366210938,66.19999694824219,66.33999633789062,5352800,54.2832145690918
2011-11-17,67.19999694824219,67.3499984741211,65.41000366210938,66.08999633789062,7122800,54.07865524291992
2011-11-18,66.93000030517578,67.8499984741211,66.29000091552734,67.45999908447266,7055300,55.19966125488281
2011-11-21,66.31999969482422,66.44999694824219,64,65.55999755859375,8102900,53.64498519897461
2011-11-22,65.30000305175781,65.44000244140625,63.880001068115234,64.3499984741211,5000300,52.65488815307617
2011-11-23,63.619998931884766,63.75,62.33000183105469,62.36000061035156,4273000,51.02655792236328
2011-11-25,62.15999984741211,63.619998931884766,62.119998931884766,62.779998779296875,2122300,51.3702278137207
2011-11-28,64.52999877929688,65.62999725341797,64.52999877929688,64.98999786376953,4621100,53.17856979370117
2011-11-29,65.0199966430664,66,64.83999633789062,65.26000213623047,5317900,53.399505615234375
2011-11-30,67.08000183105469,68.75,66.98999786376953,68.69000244140625,8601100,56.20612716674805
2011-12-01,68.69999694824219,71.70999908447266,68.51000213623047,70.9800033569336,12018200,58.079933166503906
2011-12-02,71.69999694824219,71.9800033569336,70.93000030517578,71.30000305175781,7252600,58.341766357421875
2011-12-05,72.27999877929688,72.76000213623047,70.3499984741211,71.08999633789062,8133700,58.16995620727539
2011-12-06,70.91999816894531,71.58999633789062,70.80000305175781,70.87000274658203,4624300,57.98992919921875
2011-12-07,70.30000305175781,71.51000213623047,69.63999938964844,70.5999984741211,6455100,57.76900863647461
2011-12-08,70.45999908447266,71.12999725341797,69.83000183105469,70.16999816894531,6034800,57.41714096069336
2011-12-09,70.80999755859375,72,70.41000366210938,71.93000030517578,5545900,58.857295989990234
2011-12-12,71.51000213623047,71.95999908447266,70.18000030517578,70.9000015258789,5463400,58.01447677612305
2011-12-13,71.66999816894531,72.6500015258789,70.62000274658203,70.9000015258789,7555600,58.01447677612305
2011-12-14,70.3499984741211,71.54000091552734,69.72000122070312,69.94000244140625,5999900,57.22895050048828
2011-12-15,70.80999755859375,70.94999694824219,70.05000305175781,70.61000061035156,4076400,57.77717971801758
2011-12-16,71.11000061035156,72.37000274658203,70.55999755859375,71.01000213623047,8854900,58.104496002197266
2011-12-19,71.19999694824219,71.62000274658203,69.91000366210938,70.16000366210938,3572500,57.40897750854492
2011-12-20,71.2300033569336,72.68000030517578,71.2300033569336,72.44000244140625,5408600,59.27457809448242
2011-12-21,72.7300033569336,73.70999908447266,72.05999755859375,73.58999633789062,5471700,60.21559524536133
2011-12-22,73.83000183105469,74.73999786376953,73.4800033569336,74.29000091552734,5849400,60.78837966918945
2011-12-23,74.52999877929688,74.70999908447266,73.5999984741211,73.97000122070312,3578100,60.526519775390625
2011-12-27,73.68000030517578,74.48999786376953,73.37000274658203,74.2699966430664,2536700,60.77198791503906
2011-12-28,74.4800033569336,74.5999984741211,73.02999877929688,73.26000213623047,2568200,59.9455680847168
2011-12-29,73.44000244140625,74.36000061035156,73.30999755859375,74.11000061035156,2749300,60.64108657836914
2011-12-30,73.86000061035156,74.08000183105469,73.23999786376953,73.3499984741211,2811800,60.01921844482422
2012-01-03,74.69999694824219,75,74.12000274658203,74.22000122070312,6859300,60.73109436035156
2012-01-04,74.0999984741211,74.5999984741211,73.58999633789062,74.33000183105469,4923000,60.821109771728516
2012-01-05,73.7699966430664,73.9000015258789,72.73999786376953,73.52999877929688,6797900,60.16648864746094
2012-01-06,73.7300033569336,74.2699966430664,72.94999694824219,73.9800033569336,4779800,60.53471374511719
2012-01-09,74.80999755859375,74.87000274658203,74.18000030517578,74.52999877929688,4469600,60.9847526550293
2012-01-10,75.12999725341797,75.33999633789062,74.5,75,4622400,61.36933517456055
2012-01-11,74.77999877929688,74.94999694824219,74.2300033569336,74.73999786376953,3082700,61.15658187866211
2012-01-12,74.80999755859375,75.69000244140625,74.77999877929688,75.51000213623047,3934500,61.786651611328125
2012-01-13,75.04000091552734,75.19999694824219,74.16000366210938,74.5999984741211,4641100,61.04202651977539
2012-01-17,75.30000305175781,76,75.13999938964844,75.23999786376953,3700100,61.56571578979492
2012-01-18,74.94999694824219,75.44999694824219,74.7699966430664,75.05999755859375,4189500,61.41843032836914
2012-01-19,75.2699966430664,75.91999816894531,75.0999984741211,75.55999755859375,5397300,61.82754135131836
2012-01-20,75.68000030517578,75.9000015258789,75.13999938964844,75.5199966430664,4552300,61.79483413696289
2012-01-23,75.66000366210938,76.37000274658203,75.31999969482422,75.51000213623047,4083700,61.786651611328125
2012-01-24,75.05999755859375,75.62000274658203,74.5999984741211,75.36000061035156,4942700,61.663909912109375
2012-01-25,73.97000122070312,76.69999694824219,72.8499984741211,75.81999969482422,14049100,62.040306091308594
2012-01-26,75.83999633789062,76.36000061035156,75,75.30999755859375,4187400,61.62300109863281
2012-01-27,74.80000305175781,75.2300033569336,74.4000015258789,74.55000305175781,4754600,61.00112533569336
2012-01-30,73.98999786376953,74.3499984741211,73.68000030517578,74.16000366210938,5043000,60.68198776245117
2012-01-31,74.51000213623047,75.19999694824219,73.95999908447266,74.18000030517578,4777200,60.69835662841797
2012-02-01,74.95999908447266,75.88999938964844,74.95999908447266,75.37000274658203,4296400,61.67206954956055
2012-02-02,75.19999694824219,75.33000183105469,74.5,75.22000122070312,3528100,61.54934310913086
2012-02-03,76.08999633789062,76.73999786376953,75.86000061035156,76.33999633789062,3472400,62.46579360961914
2012-02-06,75.26000213623047,75.55000305175781,75.16000366210938,75.45999908447266,4162500,61.74573516845703
2012-02-07,75.04000091552734,75.3499984741211,74.30000305175781,75.19999694824219,4438700,61.53297805786133
2012-02-08,74.70999908447266,75.6500015258789,74.51000213623047,75.45999908447266,5350000,62.10913848876953
2012-02-09,75.77999877929688,76.2300033569336,75.37000274658203,75.9000015258789,4491100,62.47128677368164
2012-02-10,75.44999694824219,75.55999755859375,74.56999969482422,74.94999694824219,3361700,61.689361572265625
2012-02-13,75.5,75.51000213623047,74.75,74.8499984741211,3456500,61.6070556640625
2012-02-14,75.51000213623047,75.56999969482422,74.9000015258789,75.55999755859375,4652000,62.19143295288086
2012-02-15,75.86000061035156,76,75,75.20999908447266,4252400,61.903350830078125
2012-02-16,75.04000091552734,75.47000122070312,74.87000274658203,75.2699966430664,4992800,61.952754974365234
2012-02-17,75.52999877929688,75.55000305175781,75.0199966430664,75.3499984741211,4927300,62.01858139038086
2012-02-21,75.66999816894531,75.94999694824219,75.08000183105469,75.72000122070312,3978100,62.323150634765625
2012-02-22,75.55999755859375,76.30000305175781,75.30999755859375,76.05999755859375,3764800,62.60297775268555
2012-02-23,75.76000213623047,76.16999816894531,75.5199966430664,75.8499984741211,4187200,62.43013000488281
2012-02-24,75.75,76.63999938964844,75.62999725341797,76.05999755859375,3347000,62.60297775268555
2012-02-27,75.69000244140625,75.77999877929688,75.01000213623047,75.20999908447266,5379400,61.903350830078125
2012-02-28,75.18000030517578,75.41000366210938,74.80999755859375,75.16000366210938,3667400,61.86220169067383
2012-02-29,75.27999877929688,75.72000122070312,74.75,74.94999694824219,4631800,61.689361572265625
2012-03-01,74.95999908447266,75.62999725341797,74.86000061035156,75.08000183105469,3343100,61.79637908935547
2012-03-02,75.06999969482422,75.27999877929688,74.62999725341797,74.9000015258789,2806600,61.648231506347656
2012-03-05,74.94999694824219,74.9800033569336,73.93000030517578,74.12999725341797,4156800,61.014434814453125
2012-03-06,73.23999786376953,73.23999786376953,72.30000305175781,72.55999755859375,5455700,59.72224426269531
2012-03-07,72.58000183105469,73.69999694824219,72.51000213623047,73.5199966430664,4279000,60.512359619140625
2012-03-08,74.2699966430664,74.69999694824219,73.83000183105469,74.16999816894531,3881200,61.04737854003906
2012-03-09,74.13999938964844,74.30999755859375,73.16999816894531,73.29000091552734,5535900,60.323062896728516
2012-03-12,73.19999694824219,74.02999877929688,73.19999694824219,73.5999984741211,2833500,60.57822799682617
2012-03-13,73.87999725341797,74.3499984741211,73.37999725341797,74.30999755859375,4532700,61.16261291503906
2012-03-14,74.31999969482422,75.37999725341797,74.30999755859375,75.2300033569336,5297100,61.919822692871094
2012-03-15,75.5,75.62999725341797,74.87999725341797,75.43000030517578,4850700,62.08443069458008
2012-03-16,75.76000213623047,75.80999755859375,75,75.19999694824219,7079200,61.89513397216797
2012-03-19,75,75.69000244140625,75,75.4000015258789,2683800,62.05976486206055
2012-03-20,75.08999633789062,75.47000122070312,74.5199966430664,75.13999938964844,4384000,61.84575653076172
2012-03-21,75.05000305175781,75.44000244140625,74.80000305175781,75.01000213623047,3644100,61.73876953125
2012-03-22,74.62000274658203,74.66000366210938,73.37000274658203,73.91999816894531,4921400,60.84160614013672
2012-03-23,74.05000305175781,74.33999633789062,73.75,73.97000122070312,2518400,60.882747650146484
2012-03-26,74.5199966430664,75.2300033569336,74.47000122070312,75.18000030517578,3715800,61.878665924072266
2012-03-27,75.11000061035156,75.25,74.80000305175781,74.80999755859375,3510700,61.57414245605469
2012-03-28,74.98999786376953,75.29000091552734,73.9000015258789,74.33000183105469,3412200,61.179073333740234
2012-03-29,73.7699966430664,74.1500015258789,72.94999694824219,74.08000183105469,3587600,60.973289489746094
2012-03-30,74.31999969482422,74.44000244140625,73.77999877929688,74.37000274658203,3203800,61.21199035644531
2012-04-02,74,75.47000122070312,73.61000061035156,75.16999816894531,4104600,61.870460510253906
2012-04-03,75,75.11000061035156,74.1500015258789,74.6500015258789,3485900,61.44245910644531
2012-04-04,73.97000122070312,74.19999694824219,73.48999786376953,73.66999816894531,2490500,60.63584518432617
2012-04-05,73.41999816894531,73.88999938964844,73.30000305175781,73.58999633789062,2640200,60.56998825073242
2012-04-09,72.62999725341797,72.79000091552734,72.2699966430664,72.43000030517578,2443400,59.61521911621094
2012-04-10,72.25,72.30999755859375,70.58999633789062,70.5999984741211,5339000,58.109012603759766
2012-04-11,71.62999725341797,72.51000213623047,71.48999786376953,71.7699966430664,5099900,59.071983337402344
2012-04-12,71.69000244140625,73.83000183105469,71.69000244140625,73.5,3938800,60.49592208862305
2012-04-13,73.18000030517578,73.37999725341797,72.37000274658203,72.91999816894531,3329100,60.018550872802734
2012-04-16,72.9800033569336,73.19000244140625,72.30000305175781,72.68000030517578,4800000,59.82099914550781
2012-04-17,73.12999725341797,74.36000061035156,73.0999984741211,74.08999633789062,3345300,60.98154067993164
2012-04-18,73.58000183105469,74.23999786376953,73.47000122070312,73.70999908447266,2248900,60.66875076293945
2012-04-19,73.7300033569336,73.95999908447266,72.66000366210938,73.0999984741211,3729300,60.16667556762695
2012-04-20,73.2699966430664,74.02999877929688,73.0999984741211,73.55000305175781,4302100,60.53706741333008
2012-04-23,72.69000244140625,73.12999725341797,72.16999816894531,72.86000061035156,5022100,59.969139099121094
2012-04-24,73.20999908447266,73.73999786376953,72.7699966430664,73.20999908447266,3664500,60.25720977783203
2012-04-25,75.05000305175781,77.5,74.9000015258789,77.08000183105469,10621200,63.44251251220703
2012-04-26,76.70999908447266,77.19999694824219,76.55000305175781,76.98999786376953,4704700,63.36845016479492
2012-04-27,77.27999877929688,77.56999969482422,76.9000015258789,77.2699966430664,4168700,63.59889602661133
2012-04-30,76.51000213623047,76.87000274658203,75.68000030517578,76.80000305175781,5811100,63.2120475769043
2012-05-01,76.58999633789062,77.83000183105469,75.8499984741211,77.25,4287600,63.582435607910156
2012-05-02,76.7699966430664,77.5,76.33999633789062,77.26000213623047,3073500,63.5906867980957
2012-05-03,77.12999725341797,77.33000183105469,76.5199966430664,76.83000183105469,3304800,63.236759185791016
2012-05-04,76.3499984741211,76.55999755859375,75.5,75.83999633789062,3366400,62.421913146972656
2012-05-07,75.79000091552734,76.08000183105469,75.37000274658203,75.95999908447266,3551800,62.52067565917969
2012-05-08,75.37999725341797,75.5999984741211,74.55000305175781,75.4000015258789,4033400,62.05976486206055
2012-05-09,74.25,74.86000061035156,73.31999969482422,74.05000305175781,3926600,61.30635070800781
2012-05-10,74.45999908447266,75.06999969482422,73.62999725341797,73.80000305175781,2952700,61.09938430786133
2012-05-11,73.58999633789062,74.11000061035156,73.25,73.55999755859375,3189000,60.900665283203125
2012-05-14,72.88999938964844,73.79000091552734,72.3499984741211,73.12000274658203,3585700,60.53642654418945
2012-05-15,73,73.66999816894531,72.41999816894531,72.58000183105469,3252300,60.08931350708008
2012-05-16,72.81999969482422,73.51000213623047,72.29000091552734,72.3499984741211,3648100,59.8989143371582
2012-05-17,72.30999755859375,72.4800033569336,69.45999908447266,69.7300033569336,6172200,57.72982406616211
2012-05-18,69.94999694824219,70.33999633789062,68.93000030517578,69.1500015258789,5597400,57.24962615966797
2012-05-21,70.45999908447266,71.8499984741211,70.13999938964844,71.77999877929688,4709700,59.42702102661133
2012-05-22,71.6500015258789,72.20999908447266,71.08000183105469,71.4800033569336,4269400,59.17864990234375
2012-05-23,70.69000244140625,71.62999725341797,69.91999816894531,71.56999969482422,4222700,59.25316619873047
2012-05-24,71.63999938964844,71.94999694824219,70.25,71.38999938964844,2942600,59.1041259765625
2012-05-25,71.20999908447266,71.38999938964844,69.66000366210938,70,5163300,57.953338623046875
2012-05-29,70.27999877929688,70.5,69.75,70.4000015258789,3973600,58.28451919555664
2012-05-30,69.87999725341797,70.08999633789062,69.25,69.38999938964844,4677600,57.44831085205078
2012-05-31,69.54000091552734,70.11000061035156,69.06999969482422,69.61000061035156,4191400,57.63046646118164
2012-06-01,68.66999816894531,68.87999725341797,67.13999938964844,67.23999786376953,5592000,55.66832733154297
2012-06-04,68.1500015258789,68.1500015258789,67.05000305175781,67.5,5478200,55.88356399536133
2012-06-05,67.30999755859375,67.69999694824219,66.81999969482422,67.58000183105469,3747300,55.9498176574707
2012-06-06,67.97000122070312,69.0199966430664,67.95999908447266,69.0199966430664,4050300,57.14198684692383
2012-06-07,69.56999969482422,70.33000183105469,69.43000030517578,69.94999694824219,4004600,57.91193771362305
2012-06-08,69.66000366210938,69.97000122070312,69.2699966430664,69.94000244140625,3933400,57.9036750793457
2012-06-11,70.61000061035156,70.8499984741211,69.80000305175781,70.11000061035156,4369400,58.044403076171875
2012-06-12,70.93000030517578,72.81999969482422,70.73999786376953,72.58000183105469,6458100,60.08931350708008
2012-06-13,72.41000366210938,72.69999694824219,71.56999969482422,72.05999755859375,4720300,59.65883255004883
2012-06-14,72.08000183105469,72.30000305175781,71.38999938964844,71.8499984741211,5822900,59.48496627807617
2012-06-15,72.08999633789062,72.37999725341797,71.58000183105469,71.98999786376953,5308300,59.60086441040039
2012-06-18,71.69000244140625,72.33999633789062,71.25,71.9000015258789,3435200,59.526371002197266
2012-06-19,72.36000061035156,73.22000122070312,72.0199966430664,72.91999816894531,4167200,60.370845794677734
2012-06-20,72.69999694824219,73.45999908447266,72.3499984741211,73.01000213623047,3468700,60.44535446166992
2012-06-21,73.3499984741211,73.62000274658203,71.25,71.37000274658203,3659300,59.08759307861328
2012-06-22,71.55000305175781,72.0999984741211,71.06999969482422,71.95999908447266,3267300,59.576045989990234
2012-06-25,71.80999755859375,71.91999816894531,71.02999877929688,71.05000305175781,4111400,58.822635650634766
2012-06-26,71.30000305175781,71.62999725341797,70.4800033569336,70.93000030517578,2757600,58.723304748535156
2012-06-27,70.9800033569336,72.04000091552734,70.94999694824219,71.87000274658203,2514600,59.50154113769531
2012-06-28,71.1500015258789,71.73999786376953,70.62999725341797,71.58000183105469,3144600,59.26142883300781
2012-06-29,73.05999755859375,74.37000274658203,72.88999938964844,74.30000305175781,4419400,61.513328552246094
2012-07-02,74.20999908447266,74.73999786376953,72.44999694824219,73.18000030517578,4893400,60.5860710144043
2012-07-03,73.08000183105469,74.2699966430664,73.08000183105469,74.2699966430664,2166200,61.48848342895508
2012-07-05,74.37999725341797,74.73999786376953,73.8499984741211,74.44000244140625,2539000,61.62923812866211
2012-07-06,73.77999877929688,73.80999755859375,72.9000015258789,73.69000244140625,3579100,61.0083122253418
2012-07-09,74.2699966430664,74.8499984741211,73.80000305175781,74.02999877929688,4357700,61.289798736572266
2012-07-10,74.62999725341797,75.05000305175781,72.88999938964844,73.22000122070312,4756700,60.61919021606445
2012-07-11,72.69000244140625,72.76000213623047,71.2300033569336,71.5199966430664,6072200,59.211753845214844
2012-07-12,71.19999694824219,72.0199966430664,70.8499984741211,71.70999908447266,5799800,59.36906814575195
2012-07-13,71.93000030517578,73.55999755859375,71.8499984741211,73.51000213623047,3616000,60.85928726196289
2012-07-16,73.12999725341797,73.19000244140625,72.25,72.97000122070312,3538400,60.412227630615234
2012-07-17,73.25,73.51000213623047,72.04000091552734,73.11000061035156,2775700,60.52812576293945
2012-07-18,72.70999908447266,74.44000244140625,72.70999908447266,73.88999938964844,3756200,61.17390060424805
2012-07-19,73.98999786376953,75.11000061035156,73.69999694824219,74.86000061035156,4543200,61.97696304321289
2012-07-20,74.5,74.80000305175781,73.61000061035156,73.88999938964844,3148100,61.17390060424805
2012-07-23,72.30999755859375,73.08000183105469,71.58000183105469,72.91000366210938,3432200,60.36253356933594
2012-07-24,72.87000274658203,73.16999816894531,71.3499984741211,72.02999877929688,3866500,59.633995056152344
2012-07-25,74.19999694824219,74.4800033569336,72.69999694824219,74.02999877929688,6130400,61.289798736572266
2012-07-26,75.12999725341797,75.95999908447266,74.2699966430664,74.91000366210938,4949200,62.018367767333984
2012-07-27,75.58000183105469,75.94000244140625,75.08000183105469,75.51000213623047,4066300,62.515106201171875
2012-07-30,74.5999984741211,75.58999633789062,74.43000030517578,74.86000061035156,4999700,61.97696304321289
2012-07-31,74.81999969482422,75.05999755859375,73.87999725341797,73.91000366210938,3978700,61.19044876098633
2012-08-01,74.31999969482422,74.4800033569336,72.63999938964844,72.7699966430664,4696000,60.24662399291992
2012-08-02,72.38999938964844,72.5199966430664,71.1500015258789,71.98999786376953,4615000,59.60086441040039
2012-08-03,73.12999725341797,73.33999633789062,72.68000030517578,72.80999755859375,4588500,60.27976608276367
2012-08-06,73.20999908447266,73.33000183105469,72.70999908447266,72.88999938964844,3758800,60.345977783203125
2012-08-07,73.2699966430664,74.55000305175781,72.93000030517578,74.45999908447266,4717200,61.64578628540039
2012-08-08,74.02999877929688,74.69000244140625,74.01000213623047,74.5999984741211,3410700,61.7617073059082
2012-08-09,74.61000061035156,74.61000061035156,73.91000366210938,74.27999877929688,2387500,61.496788024902344
2012-08-10,73.87000274658203,74.30999755859375,73.76000213623047,74.20999908447266,2843600,61.438812255859375
2012-08-13,73.70999908447266,74.43000030517578,73.5999984741211,74.19000244140625,2379900,61.42228698730469
2012-08-14,74.30000305175781,74.44000244140625,73.5999984741211,73.80999755859375,2616700,61.10767364501953
2012-08-15,73.33999633789062,73.6500015258789,72.75,73.06999969482422,3278200,60.8577880859375
2012-08-16,73.0999984741211,73.75,73.0199966430664,73.63999938964844,2802700,61.33253860473633
2012-08-17,73.69000244140625,73.9800033569336,73.4000015258789,73.91000366210938,3235800,61.55741882324219
2012-08-20,73.61000061035156,74,73.33999633789062,73.83000183105469,2481900,61.490779876708984
2012-08-21,74.08999633789062,74.36000061035156,73.12000274658203,73.2699966430664,3136400,61.024375915527344
2012-08-22,73.33999633789062,73.5999984741211,72.55000305175781,72.80000305175781,4242600,60.632930755615234
2012-08-23,72.08999633789062,72.1500015258789,70.0199966430664,70.36000061035156,9431200,58.60072708129883
2012-08-24,70.31999969482422,71.16999816894531,70.05000305175781,71.08999633789062,5351300,59.208736419677734
2012-08-27,70.94999694824219,71.77999877929688,70.87999725341797,71.37999725341797,3538100,59.45023727416992
2012-08-28,71.18000030517578,71.8499984741211,71.05000305175781,71.5199966430664,3029200,59.56684112548828
2012-08-29,71.63999938964844,71.98999786376953,71.12999725341797,71.44000244140625,2687200,59.50022506713867
2012-08-30,71.05000305175781,71.12999725341797,70.5,70.81999969482422,3393100,58.98384094238281
2012-08-31,71.2699966430664,71.75,70.61000061035156,71.4000015258789,3171800,59.4669189453125
2012-09-04,71.5,71.5,70.4000015258789,70.87000274658203,3916400,59.02548599243164
2012-09-05,71.37999725341797,72.05000305175781,71.11000061035156,71.91999816894531,4946900,59.90000534057617
2012-09-06,72.37000274658203,73.2699966430664,72.37000274658203,72.81999969482422,4358800,60.64958953857422
2012-09-07,72.87000274658203,73.02999877929688,72.55000305175781,72.88999938964844,3080400,60.707889556884766
2012-09-10,72.30999755859375,72.31999969482422,70.80999755859375,71.08000183105469,8354500,59.200382232666016
2012-09-11,71.19000244140625,71.66999816894531,71.1500015258789,71.2699966430664,3951300,59.35862731933594
2012-09-12,71.43000030517578,71.68000030517578,70.80000305175781,70.95999908447266,4400800,59.10044479370117
2012-09-13,70.68000030517578,71.98999786376953,70.44000244140625,71.58000183105469,5314100,59.6168212890625
2012-09-14,72.0199966430664,72.43000030517578,71,71.27999877929688,6530200,59.36695861816406
2012-09-17,70.7699966430664,70.81999969482422,69.88999938964844,69.91999816894531,6917200,58.234256744384766
2012-09-18,69.86000061035156,70.45999908447266,69.55999755859375,70.44999694824219,5490300,58.67569351196289
2012-09-19,70.73999786376953,70.73999786376953,69.87999725341797,69.9000015258789,5193400,58.217613220214844
2012-09-20,69.3499984741211,69.86000061035156,69.02999877929688,69.8499984741211,4875100,58.175960540771484
2012-09-21,70.08999633789062,70.1500015258789,69.47000122070312,69.97000122070312,13161000,58.275909423828125
2012-09-24,69.44999694824219,70.18000030517578,69.20999908447266,70.02999877929688,5037900,58.325870513916016
2012-09-25,70.29000091552734,70.48999786376953,69.37999725341797,69.37999725341797,4085900,57.78450393676758
2012-09-26,69.33999633789062,70.51000213623047,69.30999755859375,70.25,5256400,58.50911331176758
2012-09-27,70.4000015258789,70.55000305175781,69.70999908447266,70.0999984741211,4147700,58.38418197631836
2012-09-28,69.75,70.05000305175781,69.18000030517578,69.5999984741211,4057500,57.96773910522461
2012-10-01,69.86000061035156,70.66999816894531,69.80000305175781,70.01000213623047,4012100,58.3092155456543
2012-10-02,70.11000061035156,70.30000305175781,69.19999694824219,69.52999877929688,3077900,57.909461975097656
2012-10-03,69.9000015258789,70,69.36000061035156,69.86000061035156,3106400,58.184288024902344
2012-10-04,70.23999786376953,70.37999725341797,69.72000122070312,69.94000244140625,2818300,58.25093078613281
2012-10-05,70.26000213623047,71.25,70.20999908447266,70.88999938964844,3741600,59.04214096069336
2012-10-08,70.72000122070312,71.19000244140625,70.55000305175781,70.56999969482422,2838800,58.77560806274414
2012-10-09,70.69999694824219,71.20999908447266,70.36000061035156,70.63999938964844,4116600,58.83393478393555
2012-10-10,70.80000305175781,71.30000305175781,70.2300033569336,70.33999633789062,3642600,58.58406066894531
2012-10-11,70.9000015258789,71.55000305175781,70.80000305175781,70.83000183105469,3183200,58.9921760559082
2012-10-12,71.08000183105469,72.23999786376953,71,71.8499984741211,4345600,59.841712951660156
2012-10-15,71.8499984741211,72.27999877929688,71.68000030517578,72.25,3858000,60.174842834472656
2012-10-16,72.76000213623047,73.70999908447266,72.5,73.4800033569336,4799300,61.19927215576172
2012-10-17,73.73999786376953,73.9000015258789,72.62999725341797,73.62999725341797,6061500,61.324222564697266
2012-10-18,73.5199966430664,74.26000213623047,73.23999786376953,74.26000213623047,3414200,61.84893798828125
2012-10-19,74.02999877929688,74.2300033569336,73.58999633789062,74.01000213623047,5407000,61.640689849853516
2012-10-22,73.80000305175781,74.1500015258789,73.25,73.69999694824219,4419800,61.382503509521484
2012-10-23,72.98999786376953,73.2300033569336,72.61000061035156,72.81999969482422,4544900,60.64958953857422
2012-10-24,74.94999694824219,75,72.25,72.70999908447266,8346600,60.55795669555664
2012-10-25,73.05000305175781,73.08999633789062,70.6500015258789,71.54000091552734,8191500,59.58350372314453
2012-10-26,71.16000366210938,71.58000183105469,70.55000305175781,71.11000061035156,4389000,59.22537612915039
2012-10-31,71.3499984741211,71.44999694824219,70.2699966430664,70.44000244140625,3778700,58.66736602783203
2012-11-01,70.58999633789062,71.55999755859375,70.44000244140625,70.79000091552734,3992800,58.95887756347656
2012-11-02,71,71.36000061035156,69.95999908447266,70.05000305175781,4400400,58.342525482177734
2012-11-05,69.87000274658203,70.5999984741211,69.8499984741211,70.41000366210938,3833000,58.642372131347656
2012-11-06,70.47000122070312,72.44000244140625,70.47000122070312,72.0199966430664,4923700,59.98328399658203
2012-11-07,70.69000244140625,70.7699966430664,69.30000305175781,70.11000061035156,6675400,58.75144958496094
2012-11-08,70.12999725341797,71.31999969482422,70.08999633789062,70.9800033569336,7363500,59.48048782348633
2012-11-09,70.76000213623047,73.30000305175781,70.5999984741211,73.25,10269800,61.382713317871094
2012-11-12,73.41000366210938,74.18000030517578,73.27999877929688,73.69000244140625,6497600,61.7514533996582
2012-11-13,73.0199966430664,74.25,72.83999633789062,73.36000061035156,7293400,61.47490692138672
2012-11-14,73.33999633789062,73.6500015258789,71.12000274658203,71.29000091552734,6063100,59.74027633666992
2012-11-15,71.22000122070312,71.98999786376953,70.77999877929688,71.04000091552734,3928100,59.530765533447266
2012-11-16,71.19000244140625,71.22000122070312,70.29000091552734,70.7699966430664,4856300,59.304534912109375
2012-11-19,71.48999786376953,72.08000183105469,71.08000183105469,71.95999908447266,3475700,60.30171585083008
2012-11-20,71.87000274658203,72.80000305175781,71.79000091552734,72.54000091552734,3161000,60.78777313232422
2012-11-21,72.54000091552734,73.86000061035156,72.38999938964844,73.1500015258789,3119800,61.298912048339844
2012-11-23,73.3499984741211,73.75,73.08999633789062,73.73999786376953,1579200,61.79332733154297
2012-11-26,73.4000015258789,74.30000305175781,73.19999694824219,74.2699966430664,3709100,62.23747253417969
2012-11-27,74.12000274658203,74.54000091552734,73.5999984741211,74.48999786376953,5353500,62.421852111816406
2012-11-28,74,74.23999786376953,73.1500015258789,74.08999633789062,4245900,62.086639404296875
2012-11-29,74.36000061035156,74.86000061035156,73.83999633789062,74.12000274658203,2998900,62.11178970336914
2012-11-30,74.36000061035156,74.66000366210938,73.86000061035156,74.27999877929688,3863400,62.2458381652832
2012-12-03,74.41000366210938,74.48999786376953,73.56999969482422,74.0199966430664,3721600,62.02799606323242
2012-12-04,73.88999938964844,74.70999908447266,73.7300033569336,74.05000305175781,3827700,62.05313491821289
2012-12-05,73.94000244140625,74.44999694824219,73.18000030517578,73.87000274658203,3818800,61.902286529541016
2012-12-06,73.80000305175781,73.98999786376953,72.93000030517578,73.9800033569336,3895400,61.994476318359375
2012-12-07,74.08999633789062,74.66000366210938,73.61000061035156,74.63999938964844,3718000,62.547542572021484
2012-12-10,74.62000274658203,75.58000183105469,74.43000030517578,75.52999877929688,5323800,63.293331146240234
2012-12-11,75.62000274658203,76.05000305175781,75.5,75.81999969482422,5960300,63.536380767822266
2012-12-12,75.83999633789062,76.04000091552734,75.26000213623047,75.47000122070312,5191300,63.24306869506836
2012-12-13,75.41999816894531,75.48999786376953,74.0999984741211,74.31999969482422,4977600,62.27939224243164
2012-12-14,74.33000183105469,74.66000366210938,73.87000274658203,74.0199966430664,4209300,62.02799606323242
2012-12-17,74.19999694824219,74.66000366210938,73.52999877929688,74.6500015258789,5537800,62.555931091308594
2012-12-18,74.30000305175781,75.69999694824219,74.13999938964844,75.5199966430664,5767500,63.28496551513672
2012-12-19,75.61000061035156,76.19000244140625,75.30000305175781,75.51000213623047,6075200,63.27659225463867
2012-12-20,75.75,76.23999786376953,75.51000213623047,76.19999694824219,4599300,63.85479736328125
2012-12-21,75.08000183105469,76.22000122070312,74.58000183105469,76.16999816894531,6831500,63.82964324951172
2012-12-24,75.88999938964844,76.55999755859375,75.52999877929688,75.97000122070312,1931900,63.66205978393555
2012-12-26,75.97000122070312,76.30000305175781,75.75,76.0199966430664,2710300,63.70395278930664
2012-12-27,76.01000213623047,76.30000305175781,75.01000213623047,75.83000183105469,4041400,63.544761657714844
2012-12-28,75.20999908447266,75.73999786376953,74.55999755859375,74.69000244140625,2970400,62.589447021484375
2012-12-31,74.61000061035156,75.41000366210938,74,75.36000061035156,4939000,63.1508903503418
2013-01-02,76.55000305175781,77.33000183105469,76.44999694824219,77.06999969482422,5036400,64.5838623046875
2013-01-03,76.98999786376953,77.9800033569336,76.37000274658203,77.47000122070312,3987000,64.9190444946289
2013-01-04,77.79000091552734,78.0199966430664,77.44000244140625,77.69000244140625,3431700,65.10338592529297
2013-01-07,77.54000091552734,77.69000244140625,75.33999633789062,76.12999725341797,7172600,63.796142578125
2013-01-08,75.23999786376953,75.80999755859375,73.11000061035156,74.12999725341797,20268100,62.120155334472656
2013-01-09,74.91999816894531,76.80999755859375,74.91000366210938,76.76000213623047,10915800,64.32408905029297
2013-01-10,76.93000030517578,77.12000274658203,76.16000366210938,77.08999633789062,5026600,64.60060119628906
2013-01-11,75.70999908447266,76.0999984741211,74.5999984741211,75.16000366210938,9808500,62.9832763671875
2013-01-14,75.2300033569336,76.58999633789062,74.9000015258789,76.55000305175781,6221100,64.14813232421875
2013-01-15,76.20999908447266,76.9800033569336,76.18000030517578,76.94000244140625,3900600,64.47493743896484
2013-01-16,73.8499984741211,74.63999938964844,73.55999755859375,74.33999633789062,18212000,62.29613494873047
2013-01-17,72.77999877929688,75.62999725341797,72.68000030517578,75.26000213623047,21849200,63.06708908081055
2013-01-18,75.16000366210938,75.16000366210938,74.29000091552734,75.04000091552734,10829000,62.88273239135742
2013-01-22,74.12000274658203,74.2699966430664,73.7699966430664,74.16000366210938,9161900,62.14531707763672
2013-01-23,73.98999786376953,74.58999633789062,73.44999694824219,74.29000091552734,7784900,62.2542610168457
2013-01-24,74.41000366210938,75.54000091552734,74.41000366210938,75.31999969482422,7292200,63.117374420166016
2013-01-25,75.29000091552734,75.41999816894531,74.79000091552734,75.02999877929688,6163200,62.874351501464844
2013-01-28,73.9000015258789,74.6500015258789,73.88999938964844,74,7759000,62.01123046875
2013-01-29,74.23999786376953,74.23999786376953,73,73.6500015258789,9296800,61.71794128417969
2013-01-30,74.41999816894531,74.75,73.7300033569336,74.58999633789062,10048600,62.50563049316406
2013-01-31,74.5,74.62000274658203,73.76000213623047,73.87000274658203,7639000,61.902286529541016
2013-02-01,74.48999786376953,75.06999969482422,74.2300033569336,74.87000274658203,6749300,62.74026870727539
2013-02-04,74.29000091552734,75.52999877929688,74.25,75.20999908447266,5799800,63.02519226074219
2013-02-05,75.69000244140625,76.9800033569336,75.61000061035156,75.88999938964844,6831200,63.59502029418945
2013-02-06,75.47000122070312,76.30000305175781,75.4000015258789,76.29000091552734,4716600,63.930213928222656
2013-02-07,76.31999969482422,77.54000091552734,76.27999877929688,77.43000030517578,7773000,64.88553619384766
2013-02-08,77.23999786376953,77.38999938964844,76.27999877929688,76.55999755859375,5100400,64.1564712524414
2013-02-11,76.41999816894531,76.44000244140625,75.8499984741211,75.87000274658203,3677100,63.5782585144043
2013-02-12,76.05999755859375,76.25,75.83000183105469,75.98999786376953,3597400,63.6788215637207
2013-02-13,75.66999816894531,75.83000183105469,74.62999725341797,74.77999877929688,4313500,63.06737518310547
2013-02-14,74.69000244140625,75.30999755859375,74.54000091552734,74.93000030517578,3830400,63.19388198852539
2013-02-15,75.26000213623047,75.26000213623047,74.72000122070312,75.02999877929688,3650700,63.27821731567383
2013-02-19,74.98999786376953,75.19000244140625,74.2699966430664,74.6500015258789,3882500,62.95774459838867
2013-02-20,75.63999938964844,76.25,74.75,74.77999877929688,7551300,63.06737518310547
2013-02-21,74.95999908447266,76.18000030517578,74.91000366210938,76.01000213623047,7438600,64.10472106933594
2013-02-22,76.69999694824219,77.02999877929688,76.4800033569336,76.66000366210938,5391200,64.65292358398438
2013-02-25,76.83000183105469,76.9000015258789,75.02999877929688,75.02999877929688,4936300,63.27821731567383
2013-02-26,75.43000030517578,75.91000366210938,75.13999938964844,75.6500015258789,3436700,63.801109313964844
2013-02-27,75.52999877929688,77.93000030517578,75.52999877929688,77.36000061035156,7160000,65.24327087402344
2013-02-28,77.23999786376953,77.7300033569336,76.4000015258789,76.9000015258789,5593400,64.85530853271484
2013-03-01,76.69999694824219,77.58999633789062,76.58000183105469,77.27999877929688,6024200,65.17579650878906
2013-03-04,76.94999694824219,77.4000015258789,76.16999816894531,77.08999633789062,4748600,65.01557159423828
2013-03-05,77.44999694824219,78.8499984741211,77.11000061035156,78.66000366210938,5693200,66.33966064453125
2013-03-06,78.66999816894531,79.27999877929688,78.48999786376953,79.08000183105469,3826100,66.69387817382812
2013-03-07,79.37000274658203,81.94999694824219,79.37000274658203,81.05000305175781,10029900,68.35531616210938
2013-03-08,81.16000366210938,81.69999694824219,80.72000122070312,81.2300033569336,5231700,68.50713348388672
2013-03-11,81.01000213623047,83.02999877929688,80.95999908447266,82.94000244140625,5087300,69.94925689697266
2013-03-12,83.0999984741211,84.62000274658203,83,84.16000366210938,6600800,70.97820281982422
2013-03-13,84.37999725341797,84.8499984741211,83.5199966430664,84.75,7750900,71.47579956054688
2013-03-14,84.62000274658203,85.0999984741211,84.12999725341797,84.62000274658203,5027800,71.36614227294922
2013-03-15,84.75,86.48999786376953,84.5,86.43000030517578,8205400,72.89265441894531
2013-03-18,85.06999969482422,85.7699966430664,85.04000091552734,85.18000030517578,4803900,71.83844757080078
2013-03-19,85.52999877929688,86,85.23999786376953,85.51000213623047,5381200,72.11677551269531
2013-03-20,85.8499984741211,86.13999938964844,85.18000030517578,85.37000274658203,3783500,71.99868774414062
2013-03-21,85.19999694824219,85.83000183105469,84.18000030517578,84.33000183105469,3672400,71.12158966064453
2013-03-22,84.5199966430664,85.0999984741211,84.5199966430664,84.81999969482422,2841600,71.53483581542969
2013-03-25,85.02999877929688,85.4800033569336,84.33999633789062,84.8499984741211,3528400,71.56013488769531
2013-03-26,85.43000030517578,86.83999633789062,85.41000366210938,86.62000274658203,5083400,73.05290222167969
2013-03-27,85.75,86.41999816894531,85.05000305175781,86.19999694824219,3185700,72.69866180419922
2013-03-28,86.41000366210938,86.5,85.41999816894531,85.8499984741211,4884300,72.40348052978516
2013-04-01,85.5999984741211,86.19000244140625,85.02999877929688,85.25,2867200,71.8974838256836
2013-04-02,85.38999938964844,85.5,83.80000305175781,84.08999633789062,4764900,70.91917419433594
2013-04-03,84.30000305175781,85.3499984741211,84.06999969482422,84.36000061035156,3885000,71.14688110351562
2013-04-04,84.79000091552734,85.0199966430664,84.20999908447266,84.94999694824219,3352500,71.64445495605469
2013-04-05,84.06999969482422,86.30000305175781,83.91000366210938,86.16999816894531,6109500,72.67339324951172
2013-04-08,86.04000091552734,86.80999755859375,85.37999725341797,86.75,5003600,73.16253662109375
2013-04-09,87.12000274658203,87.48999786376953,86.19000244140625,87.20999908447266,6058400,73.55049133300781
2013-04-10,87.33999633789062,88.55999755859375,87.05999755859375,87.81999969482422,4635200,74.06495666503906
2013-04-11,87.95999908447266,89.45999908447266,87.83999633789062,88.52999877929688,5394200,74.66374969482422
2013-04-12,88.29000091552734,88.93000030517578,88,88.88999938964844,2588300,74.96734619140625
2013-04-15,88.44000244140625,88.7699966430664,86.7699966430664,86.7699966430664,4324000,73.17939758300781
2013-04-16,87.44999694824219,88.3499984741211,86.43000030517578,86.88999938964844,5233900,73.28060913085938
2013-04-17,86.47000122070312,87,85.77999877929688,86.69000244140625,3781100,73.1119384765625
2013-04-18,87.05999755859375,87.16000366210938,85.75,86.12000274658203,2792800,72.6312255859375
2013-04-19,87.56999969482422,88.08000183105469,86.56999969482422,87.95999908447266,6322200,74.18301391601562
2013-04-22,88.08000183105469,88.08000183105469,86.44000244140625,86.94000244140625,4248700,73.32279205322266
2013-04-23,87.3499984741211,88.51000213623047,87.19999694824219,88.18000030517578,3130700,74.36858367919922
2013-04-24,91.94999694824219,92.6500015258789,90.41999816894531,90.83000183105469,9231700,76.60350799560547
2013-04-25,91.3499984741211,92.62000274658203,90.06999969482422,91.66999816894531,5766100,77.31193542480469
2013-04-26,91.88999938964844,93.37999725341797,91.66999816894531,92.8499984741211,5910600,78.3071060180664
2013-04-29,91.4000015258789,92.41000366210938,91.19000244140625,91.9000015258789,6265900,77.50590515136719
2013-04-30,91.3499984741211,91.98999786376953,90.81999969482422,91.41000366210938,4714300,77.0926513671875
2013-05-01,91.08000183105469,91.75,90.72000122070312,91.18000030517578,4567300,76.89868927001953
2013-05-02,91.23999786376953,92.81999969482422,91.19999694824219,92.20999908447266,4514800,77.7673568725586
2013-05-03,92.8499984741211,93.94999694824219,92.66999816894531,93.73999786376953,4700100,79.0577163696289
2013-05-06,93.44000244140625,94.79000091552734,93.36000061035156,94.19000244140625,5504800,79.43724060058594
2013-05-07,94.30999755859375,95.04000091552734,94.05999755859375,94.79000091552734,3858400,79.9432601928711
2013-05-08,94.30999755859375,94.44000244140625,93.7699966430664,94.04000091552734,3204300,79.7186050415039
2013-05-09,94.06999969482422,95.1500015258789,94.04000091552734,94.61000061035156,3677500,80.20179748535156
2013-05-10,94.75,94.98999786376953,93.81999969482422,94.23999786376953,3918600,79.88816833496094
2013-05-13,94.12000274658203,95.16000366210938,94.0999984741211,94.76000213623047,3492000,80.32896423339844
2013-05-14,94.91999816894531,96.19000244140625,94.69999694824219,96.11000061035156,4646500,81.47338104248047
2013-05-15,95.69000244140625,97.47000122070312,95.5999984741211,97.0199966430664,4875100,82.24478912353516
2013-05-16,96.88999938964844,97.19999694824219,96.30000305175781,96.58000183105469,5036700,81.87178802490234
2013-05-17,97.0199966430664,99.04000091552734,97,98.91999816894531,7408900,83.85543823242188
2013-05-20,99.12000274658203,99.33000183105469,98.5199966430664,98.72000122070312,6535200,83.68588256835938
2013-05-21,98.58999633789062,99.05000305175781,97.9000015258789,98.75,4415400,83.7113265991211
2013-05-22,98.86000061035156,99.4800033569336,97.86000061035156,97.93000030517578,8399700,83.01619720458984
2013-05-23,97.18000030517578,99.98999786376953,97.05999755859375,99.75,6975700,84.55903625488281
2013-05-24,99.75,100.58000183105469,98.8499984741211,100,6746300,84.77096557617188
2013-05-28,100.8499984741211,101.47000122070312,100.11000061035156,100.11000061035156,5736000,84.86421966552734
2013-05-29,99.55999755859375,100.02999877929688,98.9000015258789,99.08999633789062,4405800,83.9995346069336
2013-05-30,99.29000091552734,100.98999786376953,99.05999755859375,100.54000091552734,4784400,85.22874450683594
2013-05-31,100.20999908447266,100.94999694824219,99.0199966430664,99.0199966430664,4218700,83.94020080566406
2013-06-03,99.36000061035156,100.9000015258789,99.30000305175781,100.73999786376953,6472900,85.39826202392578
2013-06-04,100.4800033569336,100.91999816894531,99.08000183105469,99.61000061035156,3769800,84.44035339355469
2013-06-05,99.33999633789062,99.70999908447266,98.05000305175781,98.48999786376953,5151000,83.49092102050781
2013-06-06,98.6500015258789,99.80999755859375,98.41999816894531,99.76000213623047,4131700,84.5675048828125
2013-06-07,100.25,102.58999633789062,100.05999755859375,102.48999786376953,5732900,86.88175964355469
2013-06-10,102.51000213623047,102.94999694824219,101.51000213623047,102.23999786376953,4047500,86.66981506347656
2013-06-11,101.61000061035156,102.77999877929688,100.9000015258789,101.75,3144100,86.25444030761719
2013-06-12,102.19000244140625,102.41999816894531,100.61000061035156,100.87999725341797,2936500,85.51693725585938
2013-06-13,100.95999908447266,102.33999633789062,100.8499984741211,102.16000366210938,4076500,86.60202026367188
2013-06-14,102.16000366210938,103.22000122070312,101.5,101.83000183105469,3944400,86.322265625
2013-06-17,102.69000244140625,103.5199966430664,102.5199966430664,103.02999877929688,4217400,87.33953094482422
2013-06-18,103.22000122070312,104.1500015258789,102.6500015258789,104.08000183105469,4035700,88.22962188720703
2013-06-19,103.83000183105469,104.1500015258789,102.23999786376953,102.25,4186900,86.6783218383789
2013-06-20,101.45999908447266,101.86000061035156,99.37999725341797,99.63999938964844,7114800,84.46578216552734
2013-06-21,100.08000183105469,100.13999938964844,97.41999816894531,99.9800033569336,10328800,84.75401306152344
2013-06-24,99.05999755859375,99.45999908447266,96.30999755859375,97.8499984741211,5585200,82.94837188720703
2013-06-25,99.19999694824219,99.66000366210938,98.18000030517578,98.66999816894531,3557900,83.64350891113281
2013-06-26,99.6500015258789,101.38999938964844,99.56999969482422,100.75,5267300,85.40675354003906
2013-06-27,102.41000366210938,103.5199966430664,102.01000213623047,103.1500015258789,6577700,87.44125366210938
2013-06-28,102.86000061035156,103.48999786376953,102.31999969482422,102.44000244140625,5432500,86.83937072753906
2013-07-01,102.93000030517578,104.0199966430664,102.93000030517578,103.23999786376953,4091200,87.51754760742188
2013-07-02,103.22000122070312,103.25,100.81999969482422,101.47000122070312,4147000,86.01710510253906
2013-07-03,101.01000213623047,103.04000091552734,100.77999877929688,102.88999938964844,2891700,87.22083282470703
2013-07-05,103.69999694824219,104.19999694824219,102.75,104.19999694824219,3671700,88.33134460449219
2013-07-08,104,105.0999984741211,103.44000244140625,104.37000274658203,4222700,88.47544860839844
2013-07-09,105.2699966430664,105.75,104.45999908447266,104.68000030517578,3991800,88.73824310302734
2013-07-10,104.5,105.5999984741211,104.41000366210938,105.5,3872700,89.43336486816406
2013-07-11,106.43000030517578,107.45999908447266,106.29000091552734,106.87999725341797,4529800,90.60321044921875
2013-07-12,106.86000061035156,108.1500015258789,98.98999786376953,101.87000274658203,44391800,86.35616302490234
2013-07-15,103.83000183105469,105.87000274658203,103.0999984741211,105.66000366210938,13169900,89.56900024414062
2013-07-16,105.69000244140625,105.80000305175781,103.77999877929688,104.2300033569336,5839100,88.35677337646484
2013-07-17,104.44999694824219,105.43000030517578,104.41999816894531,104.79000091552734,3931800,88.83147430419922
2013-07-18,104.95999908447266,107.9800033569336,104.80000305175781,107.62999725341797,8046400,91.23896789550781
2013-07-19,107.12999725341797,107.12999725341797,105.61000061035156,106.95999908447266,5992000,90.6710205078125
2013-07-22,107.2699966430664,107.31999969482422,106.44999694824219,106.86000061035156,4168800,90.58624267578125
2013-07-23,107.18000030517578,107.9800033569336,106.33999633789062,107.79000091552734,5081600,91.37462615966797
2013-07-24,109.23999786376953,109.48999786376953,106.26000213623047,106.94999694824219,7723500,90.66256713867188
2013-07-25,106.36000061035156,107.12000274658203,105.8499984741211,106.69999694824219,5267100,90.45060729980469
2013-07-26,106.22000122070312,106.22000122070312,105.30999755859375,105.5999984741211,4216100,89.51813507080078
2013-07-29,103.5199966430664,105.12000274658203,103.5,104.80999755859375,4041800,88.84844207763672
2013-07-30,104.94000244140625,106.01000213623047,104.80000305175781,105.7300033569336,5022700,89.62834930419922
2013-07-31,105.91999816894531,106.27999877929688,104.98999786376953,105.0999984741211,4487800,89.09428405761719
2013-08-01,105.98999786376953,107,105.77999877929688,106.69999694824219,4910800,90.45060729980469
2013-08-02,106,107.94999694824219,106,107.9000015258789,4226200,91.46785736083984
2013-08-05,107.13999938964844,107.80000305175781,107.13999938964844,107.5,3559200,91.12879943847656
2013-08-06,107.3499984741211,107.70999908447266,106.62000274658203,107.04000091552734,5199900,90.73883819580078
2013-08-07,106.20999908447266,106.68000030517578,105.52999877929688,106.41999816894531,3158600,90.62386322021484
2013-08-08,106.68000030517578,107.23999786376953,105.83000183105469,105.83999633789062,3741400,90.12995910644531
2013-08-09,105.37000274658203,106.1500015258789,104.87999725341797,105.33000183105469,3326500,89.69567108154297
2013-08-12,104.86000061035156,105.06999969482422,104.05000305175781,104.23999786376953,3830800,88.7674560546875
2013-08-13,104.30999755859375,106.55000305175781,104.2699966430664,106.2300033569336,3578300,90.46208953857422
2013-08-14,106.16000366210938,106.16000366210938,104.06999969482422,104.16000366210938,4481100,88.6993408203125
2013-08-15,103.19000244140625,103.29000091552734,101.7699966430664,102.7300033569336,4359400,87.4815902709961
2013-08-16,102.81999969482422,103.94000244140625,102.69999694824219,103.47000122070312,3469100,88.11174774169922
2013-08-19,103,105.19999694824219,102.87999725341797,104.72000122070312,3512200,89.17621612548828
2013-08-20,104.69000244140625,105.08000183105469,104.55000305175781,104.62999725341797,3448900,89.09955596923828
2013-08-21,104.47000122070312,104.76000213623047,103.5999984741211,103.91000366210938,3645600,88.48645782470703
2013-08-22,103.87999725341797,105.5,103.87999725341797,105.13999938964844,2857800,89.53388977050781
2013-08-23,105.5,105.5,104.80000305175781,105.4800033569336,3016100,89.82341766357422
2013-08-26,105.75,106.5199966430664,105.20999908447266,105.52999877929688,2480400,89.86598205566406
2013-08-27,104.4000015258789,105.13999938964844,103.05999755859375,103.20999908447266,4376900,87.89033508300781
2013-08-28,103.0999984741211,103.81999969482422,102.56999969482422,103.2699966430664,2816300,87.94143676757812
2013-08-29,103.27999877929688,105.44000244140625,103,104.93000030517578,3095400,89.35504913330078
2013-08-30,104.91999816894531,104.95999908447266,103.5999984741211,103.91999816894531,2723800,88.49494171142578
2013-09-03,105.12999725341797,105.83000183105469,104.66000366210938,105.01000213623047,3659800,89.42315673828125
2013-09-04,105.05000305175781,107.12000274658203,104.62000274658203,106.37000274658203,3837500,90.58130645751953
2013-09-05,106.16000366210938,106.9800033569336,105.66999816894531,106.6500015258789,2590500,90.81974029541016
2013-09-06,107,107.37999725341797,105.11000061035156,106.06999969482422,3265200,90.32583618164062
2013-09-09,106.58000183105469,107.37999725341797,106.55999755859375,107.19000244140625,2907600,91.27959442138672
2013-09-10,107.63999938964844,108.44999694824219,107.4000015258789,108.16999816894531,3848000,92.11412811279297
2013-09-11,108.25,109.2300033569336,107.80000305175781,109.2300033569336,3313700,93.01677703857422
2013-09-12,109.19000244140625,110.22000122070312,109.13999938964844,109.80000305175781,4766800,93.50218963623047
2013-09-13,109.93000030517578,111.33000183105469,109.55999755859375,111.33000183105469,3503400,94.8050765991211
2013-09-16,113.7300033569336,115.88999938964844,113.26000213623047,115.66999816894531,7711200,98.50086975097656
2013-09-17,115.77999877929688,117.4800033569336,115.58999633789062,117.11000061035156,5308300,99.72713470458984
2013-09-18,117.27999877929688,119.5199966430664,116.55000305175781,118.4000015258789,6330600,100.82564544677734
2013-09-19,119.22000122070312,120.37999725341797,118.80999755859375,119.04000091552734,5766700,101.37066650390625
2013-09-20,119.1500015258789,119.22000122070312,116.62999725341797,116.62999725341797,8745400,99.31838989257812
2013-09-23,117.1500015258789,118.37000274658203,115.80000305175781,117.51000213623047,5450200,100.0677719116211
2013-09-24,117.19000244140625,119.88999938964844,116.80000305175781,119,5020000,101.33660125732422
2013-09-25,119.31999969482422,119.61000061035156,118.16000366210938,118.51000213623047,3566600,100.91935729980469
2013-09-26,118.70999908447266,119.5,118.51000213623047,119.37999725341797,2820400,101.66018676757812
2013-09-27,118.51000213623047,119.16999816894531,117.79000091552734,118.73999786376953,2848900,101.11519622802734
2013-09-30,117.3499984741211,117.88999938964844,116.37000274658203,117.5,4032900,100.05924987792969
2013-10-01,117.97000122070312,118.30000305175781,117.08000183105469,117.75,2880700,100.27214050292969
2013-10-02,117.37999725341797,117.83999633789062,116.27999877929688,117.83999633789062,2871900,100.3487777709961
2013-10-03,117.3499984741211,117.48999786376953,114.7300033569336,115.23999786376953,4455100,98.13471984863281
2013-10-04,115.2699966430664,117.26000213623047,115.25,117.19999694824219,3998000,99.80376434326172
2013-10-07,115.51000213623047,117.16999816894531,115.4000015258789,116.69000244140625,3822000,99.36947631835938
2013-10-08,116.66999816894531,117.31999969482422,115.41999816894531,115.44000244140625,4574000,98.30502319335938
2013-10-09,115.4000015258789,115.4000015258789,113.33999633789062,114.47000122070312,4722200,97.4789810180664
2013-10-10,116.0999984741211,119,115.91000366210938,118.9000015258789,5635400,101.25143432617188
2013-10-11,118.5999984741211,119.4000015258789,117.83000183105469,117.9800033569336,4505500,100.4679946899414
2013-10-14,117.41999816894531,119.55000305175781,116.69000244140625,119.45999908447266,3617800,101.72831726074219
2013-10-15,119.41999816894531,119.58999633789062,118.13999938964844,118.18000030517578,2749700,100.6383056640625
2013-10-16,118.77999877929688,120.66000366210938,118.75,120.33999633789062,4036900,102.47771453857422
2013-10-17,119.80999755859375,122.38999938964844,119.80999755859375,122.29000091552734,4114200,104.13825988769531
2013-10-18,122.5,122.86000061035156,121.25,122.5199966430664,3924200,104.33412170410156
2013-10-21,122.69000244140625,122.73999786376953,121.05999755859375,121.47000122070312,3207900,103.43997955322266
2013-10-22,122,123.80000305175781,121.87999725341797,122.4800033569336,4431200,104.30007934570312
2013-10-23,126,129.99000549316406,125.9000015258789,129.02000427246094,10766300,109.86931610107422
2013-10-24,129.00999450683594,129.57000732421875,127.94000244140625,128.97999572753906,4976200,109.83526611328125
2013-10-25,129.25,131.42999267578125,128.22000122070312,131.19000244140625,5467600,111.71722412109375
2013-10-28,128.75,130.47000122070312,128.63999938964844,129.8800048828125,4655800,110.60164642333984
2013-10-29,129.35000610351562,129.8800048828125,128.75999450683594,129.66000366210938,3608700,110.4143295288086
2013-10-30,129.55999755859375,131.42999267578125,129.02000427246094,129.67999267578125,4122100,110.43134307861328
2013-10-31,129.83999633789062,131.8800048828125,129.5500030517578,130.5,4931800,111.12963104248047
2013-11-01,130.89999389648438,133.5,130.89999389648438,133.02999877929688,4582400,113.28411865234375
2013-11-04,133.75,133.99000549316406,132.4600067138672,132.7899932861328,3915800,113.07970428466797
2013-11-05,132.02999877929688,133.74000549316406,130.58999633789062,133.57000732421875,4069200,113.74394226074219
2013-11-06,134.02000427246094,134.5800018310547,132.67999267578125,133.08999633789062,3747700,113.74823760986328
2013-11-07,133.44000244140625,133.92999267578125,131.35000610351562,131.50999450683594,3826800,112.39783477783203
2013-11-08,131.27999877929688,133.89999389648438,130.9499969482422,133.49000549316406,4790900,114.09012603759766
2013-11-11,133.13999938964844,133.3300018310547,132.1199951171875,132.52999877929688,2962200,113.26960754394531
2013-11-12,132.39999389648438,133.0800018310547,131.97000122070312,132.3300018310547,2851000,113.09869384765625
2013-11-13,131.9199981689453,133.49000549316406,131.10000610351562,133.1699981689453,3577100,113.81660461425781
2013-11-14,133.6999969482422,135.3800048828125,133.1699981689453,135.08999633789062,3279600,115.45755767822266
2013-11-15,135.36000061035156,136.57000732421875,134.5399932861328,136.0800018310547,4495100,116.30368041992188
2013-11-18,140.25,142,137.77000427246094,138.36000061035156,8158800,118.25235748291016
2013-11-19,138.5,138.7899932861328,136.6999969482422,136.97999572753906,3954000,117.0728988647461
2013-11-20,135.8000030517578,135.88999938964844,132.2899932861328,132.4499969482422,8634900,113.20124816894531
2013-11-21,132.4499969482422,133.2899932861328,131.1999969482422,132.92999267578125,4700600,113.61149597167969
2013-11-22,133.49000549316406,136.1199951171875,133.42999267578125,135.97000122070312,4290200,116.20967864990234
2013-11-25,134.00999450683594,134.86000061035156,130.5800018310547,133,7181700,113.6712875366211
2013-11-26,133,135.44000244140625,132.55999755859375,134.77999877929688,4200800,115.19261932373047
2013-11-27,135.0500030517578,136.3000030517578,134.1699981689453,134.72000122070312,3350900,115.14134216308594
2013-11-29,134.82000732421875,135.22999572753906,134.17999267578125,134.25,1680900,114.73963928222656
2013-12-02,134.99000549316406,135.4600067138672,133.6199951171875,134.16000366210938,3378100,114.66270446777344
2013-12-03,133.92999267578125,133.92999267578125,131.9199981689453,132,5171900,112.81666564941406
2013-12-04,131.72999572753906,132.14999389648438,130.5500030517578,131.5,5137100,112.38927459716797
2013-12-05,131.25999450683594,133.10000610351562,131.25,132.72999572753906,3665100,113.44052124023438
2013-12-06,134.5800018310547,135.75,134,135.17999267578125,5341800,115.53449249267578
2013-12-09,135.49000549316406,135.9499969482422,134.57000732421875,134.67999267578125,3799000,115.10714721679688
2013-12-10,133.64999389648438,135.0399932861328,132.17999267578125,133.6999969482422,4061300,114.26958465576172
2013-12-11,133.6999969482422,133.80999755859375,132.44000244140625,132.55999755859375,3358300,113.29524230957031
2013-12-12,132.11000061035156,133.64999389648438,131.89999389648438,132.9600067138672,3617700,113.6371078491211
2013-12-13,133.4499969482422,134.25,133.13999938964844,133.8300018310547,3139400,114.38068389892578
2013-12-16,134.27000427246094,135.1999969482422,133.94000244140625,134.72000122070312,3979500,115.14134216308594
2013-12-17,137.9199981689453,138.10000610351562,135.36000061035156,135.8800048828125,6753000,116.13275146484375
2013-12-18,135.86000061035156,136.44000244140625,132.83999633789062,135.49000549316406,5632400,115.79942321777344
2013-12-19,135,136.22999572753906,133.94000244140625,135.1699981689453,3177100,115.52591705322266
2013-12-20,135.49000549316406,137.85000610351562,135.49000549316406,136.6699981689453,5454600,116.80794525146484
2013-12-23,137.69000244140625,138.08999633789062,136.32000732421875,136.39999389648438,2945100,116.57716369628906
2013-12-24,136.39999389648438,136.97999572753906,136.13999938964844,136.8300018310547,1203200,116.94468688964844
2013-12-26,137.17999267578125,138.58999633789062,137.1699981689453,138.27000427246094,2161300,118.17542266845703
2013-12-27,138.69000244140625,138.8800048828125,136.7899932861328,136.89999389648438,2204600,117.00448608398438
2013-12-30,137.16000366210938,137.3699951171875,135.5399932861328,135.9199981689453,2403500,116.16695404052734
2013-12-31,136.16000366210938,137.0500030517578,135.74000549316406,136.49000549316406,2096000,116.65410614013672
2014-01-02,136.00999450683594,137.25,135.50999450683594,136.6699981689453,3366700,116.80794525146484
2014-01-03,137.05999755859375,138.5,137.0500030517578,137.6199951171875,3177400,117.6198959350586
2014-01-06,139.39999389648438,139.75999450683594,137.8000030517578,138.41000366210938,4196500,118.29507446289062
2014-01-07,138.5800018310547,141.10000610351562,138.5,140.50999450683594,4238500,120.08987426757812
2014-01-08,140.69000244140625,141.39999389648438,139.36000061035156,140.82000732421875,4236100,120.35482788085938
2014-01-09,141.50999450683594,142.52000427246094,140.5399932861328,142.1300048828125,4052500,121.47443389892578
2014-01-10,142.7899932861328,142.8000030517578,140.89999389648438,141.89999389648438,4549500,121.27784729003906
2014-01-13,141.5500030517578,142.13999938964844,140.3800048828125,140.6999969482422,4462400,120.25225067138672
2014-01-14,140.85000610351562,141.6999969482422,137.8000030517578,140.00999450683594,8441600,119.66255950927734
2014-01-15,140.3000030517578,141.0800018310547,140.13999938964844,140.6199951171875,3030800,120.18392944335938
2014-01-16,140.3300018310547,141.4499969482422,140.07000732421875,140.2100067138672,3062900,119.83348846435547
2014-01-17,140.0800018310547,141,139.75,140.4600067138672,3382700,120.04716491699219
2014-01-21,141.4600067138672,142.4600067138672,140.80999755859375,141.6699981689453,3240600,121.08130645751953
2014-01-22,142.30999755859375,144.57000732421875,141.8699951171875,144.3699951171875,4388700,123.38890838623047
2014-01-23,143.10000610351562,143.88999938964844,141.10000610351562,141.30999755859375,4491400,120.77364349365234
2014-01-24,140.39999389648438,140.47000122070312,136.32000732421875,136.64999389648438,5856800,116.79084777832031
2014-01-27,136.6999969482422,138.4600067138672,135.64999389648438,137.36000061035156,5057800,117.39766693115234
2014-01-28,137.61000061035156,138.08999633789062,136.44000244140625,137.08999633789062,4606200,117.16690063476562
2014-01-29,131.6999969482422,131.75999450683594,128.07000732421875,129.77999877929688,15993400,110.91926574707031
2014-01-30,131.6999969482422,131.6999969482422,125.19999694824219,126.52999877929688,10406200,108.14156341552734
2014-01-31,124.45999908447266,126.87000274658203,123.08000183105469,125.26000213623047,9732700,107.05613708496094
2014-02-03,124.23999786376953,126.5199966430664,122.75,123.08000183105469,9309600,105.19297790527344
2014-02-04,123.06999969482422,123.80000305175781,120.52999877929688,122.04000091552734,9304100,104.3041000366211
2014-02-05,121,121.94000244140625,118.7699966430664,121.4000015258789,9689100,103.75711059570312
2014-02-06,121.79000091552734,122.72000122070312,121.51000213623047,122.66999816894531,6738800,104.84254455566406
2014-02-07,123.75,127.20999908447266,123.6500015258789,127.0199966430664,8906300,108.56035614013672
2014-02-10,128.9600067138672,128.97000122070312,126.3499984741211,127.16000366210938,8173500,108.68003845214844
2014-02-11,127.6500015258789,130.69000244140625,127.45999908447266,130.16000366210938,7874000,111.2440414428711
2014-02-12,130.2899932861328,130.5500030517578,128,128.1300048828125,5798800,110.12671661376953
2014-02-13,127.05999755859375,129.94000244140625,127.05999755859375,129.5,4203400,111.30419158935547
2014-02-14,129.08999633789062,130.41000366210938,128.02000427246094,130.16000366210938,4807700,111.87145233154297
2014-02-18,130.1300048828125,130.94000244140625,129.60000610351562,130.6300048828125,4645300,112.27542114257812
2014-02-19,130.11000061035156,130.5,128.3699951171875,128.38999938964844,5146600,110.35015869140625
2014-02-20,128.47999572753906,129.99000549316406,127.51000213623047,129.55999755859375,4466400,111.35575866699219
2014-02-21,129.8000030517578,129.8000030517578,128.11000061035156,128.27999877929688,5164000,110.25559997558594
2014-02-24,128.3800048828125,130.8000030517578,128.36000061035156,129.58999633789062,4635700,111.38153839111328
2014-02-25,129.3000030517578,129.75,126.20999908447266,126.77999877929688,7308800,108.96637725830078
2014-02-26,127.23999786376953,127.94000244140625,126.36000061035156,126.61000061035156,4803600,108.82028198242188
2014-02-27,126.47000122070312,128.55999755859375,126.26000213623047,128.55999755859375,4649700,110.49628448486328
2014-02-28,128.75,129.9499969482422,128.05999755859375,128.9199981689453,4361400,110.80569458007812
2014-03-03,127.18000030517578,128.44000244140625,126.5199966430664,128.22000122070312,4847100,110.20404815673828
2014-03-04,129.3800048828125,131,129.3300018310547,130.22999572753906,5422800,111.93161010742188
2014-03-05,130.39999389648438,130.8000030517578,128.69000244140625,128.7899932861328,4095200,110.69395446777344
2014-03-06,129.00999450683594,129.3699951171875,128.02999877929688,128.86000061035156,3595900,110.75411224365234
2014-03-07,129.75,130.16000366210938,128.07000732421875,128.5399932861328,4297800,110.47907257080078
2014-03-10,126.51000213623047,127.27999877929688,124.76000213623047,126.88999938964844,7039200,109.06092071533203
2014-03-11,127.02999877929688,127.2699966430664,125.62000274658203,125.66999816894531,4190000,108.01235961914062
2014-03-12,125,125.19999694824219,123.80999755859375,124.43000030517578,5040100,106.94657135009766
2014-03-13,124.6500015258789,125.61000061035156,121.62999725341797,121.88999938964844,6071200,104.76346588134766
2014-03-14,122.12000274658203,124.27999877929688,121.94999694824219,123.11000061035156,5698400,105.81204986572266
2014-03-17,123.97000122070312,125.81999969482422,123.91999816894531,125.41999816894531,4380500,107.79747009277344
2014-03-18,125.58999633789062,125.81999969482422,123.66000366210938,124.04000091552734,4151600,106.61136627197266
2014-03-19,124.31999969482422,125.19999694824219,121.37000274658203,122.23999786376953,6673000,105.06428527832031
2014-03-20,122.58999633789062,123.9000015258789,121.37999725341797,123.7300033569336,4601700,106.34495544433594
2014-03-21,124.05999755859375,124.44999694824219,122.5,122.58000183105469,7973600,105.35652923583984
2014-03-24,123.52999877929688,123.94999694824219,122.08000183105469,123.41999816894531,4472500,106.07848358154297
2014-03-25,124.45999908447266,125,123.55999755859375,124.0199966430664,3225100,106.59420013427734
2014-03-26,124.61000061035156,125.31999969482422,123.31999969482422,123.52999877929688,3091200,106.17303466796875
2014-03-27,123.01000213623047,124.30000305175781,121.80000305175781,123.20999908447266,3106000,105.89797973632812
2014-03-28,123.77999877929688,125.19000244140625,123.5199966430664,124.45999908447266,2863500,106.97235870361328
2014-03-31,125.36000061035156,126.04000091552734,124.80000305175781,125.48999786376953,2962000,107.85763549804688
2014-04-01,126.23999786376953,128.39999389648438,126.16999816894531,128.2100067138672,3952800,110.19547271728516
2014-04-02,128.6300048828125,128.77000427246094,127.4000015258789,128.30999755859375,2935200,110.28140258789062
2014-04-03,129.1699981689453,129.1699981689453,128.27999877929688,128.77999877929688,3303500,110.68534851074219
2014-04-04,129.3300018310547,129.9199981689453,127.2300033569336,127.37999725341797,4156600,109.4820785522461
2014-04-07,127.19000244140625,128.17999267578125,124.94999694824219,125.58999633789062,3753600,107.94358825683594
2014-04-08,125.27999877929688,125.7300033569336,124.05999755859375,124.1500015258789,4122200,106.70594787597656
2014-04-09,124.98999786376953,127.0199966430664,124.05000305175781,126.87999725341797,3689900,109.05232238769531
2014-04-10,126.81999969482422,126.86000061035156,123.63999938964844,123.63999938964844,3956900,106.26757049560547
2014-04-11,123.05000305175781,123.44999694824219,121.91999816894531,122.06999969482422,3854600,104.91818237304688
2014-04-14,123.08000183105469,123.7699966430664,122.18000030517578,123.25,3086300,105.932373046875
2014-04-15,123.3499984741211,124.55000305175781,122.12999725341797,124.2699966430664,2746900,106.80906677246094
2014-04-16,125,126.04000091552734,124.7300033569336,126.04000091552734,2826100,108.33036804199219
2014-04-17,126.44000244140625,128.3699951171875,125.83000183105469,127.91999816894531,3449400,109.9461898803711
2014-04-21,128.0500030517578,128.44000244140625,127.37000274658203,127.81999969482422,2368500,109.86026000976562
2014-04-22,128.25,129.1300048828125,127.4800033569336,127.55000305175781,5015600,109.6281967163086
2014-04-23,130.6699981689453,131.5,129.3300018310547,130.6300048828125,7121600,112.27542114257812
2014-04-24,130.41000366210938,130.6199951171875,128.42999267578125,129.86000061035156,4177000,111.6136245727539
2014-04-25,129.83999633789062,130,128.3699951171875,128.66000366210938,2978500,110.58224487304688
2014-04-28,128.1999969482422,128.8699951171875,125.80000305175781,127.04000091552734,4354600,109.18984985351562
2014-04-29,127.19999694824219,128.57000732421875,126.52999877929688,128.3699951171875,3344100,110.33296966552734
2014-04-30,128.0500030517578,129.5,127.80000305175781,129.02000427246094,2773000,110.89163970947266
2014-05-01,128.74000549316406,129.60000610351562,128.27000427246094,128.4600067138672,2804100,110.41034698486328
2014-05-02,128.6999969482422,130.39999389648438,128.61000061035156,129.94000244140625,3762900,111.68238830566406
2014-05-05,129,132.3800048828125,128.9499969482422,131.9600067138672,4026500,113.41854858398438
2014-05-06,131.75,131.9199981689453,130.6999969482422,130.8300018310547,4032000,112.44732666015625
2014-05-07,130.77000427246094,131.10000610351562,129.1999969482422,130.35000610351562,2900600,112.66339874267578
2014-05-08,130.1699981689453,131.27000427246094,130.1699981689453,130.57000732421875,2988700,112.85356140136719
2014-05-09,130.25999450683594,131.3300018310547,129.8800048828125,131.10000610351562,2543800,113.31163024902344
2014-05-12,131.82000732421875,132.99000549316406,131.63999938964844,132.60000610351562,3288500,114.60810852050781
2014-05-13,133.00999450683594,133.8300018310547,132.86000061035156,133.4499969482422,3132200,115.34275817871094
2014-05-14,133.8000030517578,133.97000122070312,132.69000244140625,132.99000549316406,2883900,114.94520568847656
2014-05-15,132.6999969482422,132.86000061035156,130.55999755859375,131.2100067138672,3596800,113.40670776367188
2014-05-16,131.30999755859375,131.7100067138672,130.02999877929688,130.80999755859375,2963300,113.06098937988281
2014-05-19,130.4199981689453,132.07000732421875,130.35000610351562,131.35000610351562,2103100,113.52772521972656
2014-05-20,130.94000244140625,131.60000610351562,129.07000732421875,129.5800018310547,2995800,111.9979019165039
2014-05-21,130.42999267578125,131.42999267578125,130.0399932861328,130.9600067138672,2476100,113.1906509399414
2014-05-22,131.66000366210938,132.47999572753906,131.27000427246094,131.83999633789062,2370700,113.95121002197266
2014-05-23,132,132.5800018310547,131.92999267578125,132.41000366210938,1956200,114.44391632080078
2014-05-27,133.08999633789062,134.2100067138672,132.8699951171875,134.1699981689453,3085500,115.96508026123047
2014-05-28,134.1699981689453,135.14999389648438,134.1699981689453,134.3300018310547,2609400,116.10337829589844
2014-05-29,134.7100067138672,135.1999969482422,134.42999267578125,135.13999938964844,2234100,116.80345153808594
2014-05-30,134.6699981689453,135.44000244140625,134.0399932861328,135.25,2760300,116.89855194091797
2014-06-02,135.5,136.02999877929688,134.77000427246094,135.89999389648438,2629900,117.46034240722656
2014-06-03,135.8000030517578,136.52999877929688,135.6199951171875,135.8800048828125,2468800,117.44308471679688
2014-06-04,135.5399932861328,135.5500030517578,134.58999633789062,135.3300018310547,2601900,116.96768188476562
2014-06-05,135.64999389648438,137.3800048828125,135.64999389648438,136.82000732421875,3489900,118.25554656982422
2014-06-06,137.38999938964844,138.25,137.1199951171875,138.25,2710900,119.49149322509766
2014-06-09,138.25,138.38999938964844,137.5,137.9600067138672,2585000,119.24082946777344
2014-06-10,137.58999633789062,137.75,136.2899932861328,137.25,2370200,118.62716674804688
2014-06-11,135.25,135.52999877929688,133.82000732421875,134.10000610351562,5558000,115.90457916259766
2014-06-12,133.86000061035156,134.1699981689453,131.63999938964844,132.19000244140625,3826100,114.25372314453125
2014-06-13,132.52999877929688,132.9499969482422,131.5500030517578,132.2899932861328,2376600,114.34015655517578
2014-06-16,132.1999969482422,133.1300048828125,131.64999389648438,132.5399932861328,2163800,114.55622863769531
2014-06-17,132.10000610351562,133.0500030517578,131.72000122070312,132.4499969482422,2223200,114.47846984863281
2014-06-18,132.61000061035156,132.6699981689453,131.02999877929688,132.47999572753906,2859000,114.50439453125
2014-06-19,132.47999572753906,132.92999267578125,131.8000030517578,132.82000732421875,2794900,114.79827117919922
2014-06-20,133.47999572753906,134.0800018310547,132.08999633789062,132.10000610351562,8083500,114.17596435546875
2014-06-23,132.32000732421875,132.52999877929688,130.64999389648438,130.85000610351562,4433000,113.0955810546875
2014-06-24,130.5,131.24000549316406,129,129.14999389648438,4319800,111.626220703125
2014-06-25,129.0399932861328,129.13999938964844,126.27999877929688,127.05999755859375,7929700,109.8198013305664
2014-06-26,127.41000366210938,128.44000244140625,126.36000061035156,128.02000427246094,3929100,110.64955139160156
2014-06-27,128.07000732421875,128.77999877929688,127.55999755859375,128.5399932861328,3687900,111.09899139404297
2014-06-30,127.91000366210938,127.91000366210938,126.19999694824219,127.2300033569336,5712900,109.96675872802734
2014-07-01,127.66000366210938,128.3300018310547,127.36000061035156,128.14999389648438,3772500,110.76191711425781
2014-07-02,128.14999389648438,128.5,127.33999633789062,127.62000274658203,2859000,110.3038330078125
2014-07-03,127.98999786376953,128.6199951171875,127.69999694824219,128.50999450683594,1997500,111.07305145263672
2014-07-07,128.10000610351562,129.5,127.7699966430664,129.08999633789062,3157000,111.57437133789062
2014-07-08,128.88999938964844,128.97000122070312,125.91999816894531,126.79000091552734,5724300,109.58644104003906
2014-07-09,128.30999755859375,128.32000732421875,125.91000366210938,126.79000091552734,8023900,109.58644104003906
2014-07-10,125.54000091552734,127.62999725341797,125.12000274658203,126.79000091552734,3936900,109.58644104003906
2014-07-11,127.18000030517578,128.24000549316406,126.36000061035156,128.08999633789062,3193100,110.71006774902344
2014-07-14,128.91000366210938,130.5800018310547,128.75999450683594,129.52000427246094,5267500,111.94602966308594
2014-07-15,130.30999755859375,130.30999755859375,128.33999633789062,129.10000610351562,4916100,111.5830078125
2014-07-16,129.55999755859375,129.55999755859375,127.13999938964844,127.41999816894531,5260800,110.1309585571289
2014-07-17,127.20999908447266,128.17999267578125,125.79000091552734,125.87999725341797,5292900,108.7999267578125
2014-07-18,126.37999725341797,127.81999969482422,126.25,127.63999938964844,3103300,110.32111358642578
2014-07-21,127.30000305175781,128.4199981689453,126.7699966430664,128.3000030517578,2738700,110.89154815673828
2014-07-22,128.99000549316406,130.00999450683594,128.5800018310547,129.74000549316406,5102200,112.13618469238281
2014-07-23,127.79000091552734,128.39999389648438,126.0199966430664,126.70999908447266,12326300,109.51728820800781
2014-07-24,125.91999816894531,126.05000305175781,124,124.4000015258789,10307200,107.52074432373047
2014-07-25,124.4800033569336,124.52999877929688,122.41000366210938,123.19999694824219,6121400,106.48355865478516
2014-07-28,123.44000244140625,124.55999755859375,122.16000366210938,123.05999755859375,4982400,106.362548828125
2014-07-29,123.30999755859375,123.62999725341797,122.19999694824219,122.31999969482422,4101900,105.72296142578125
2014-07-30,123.19999694824219,123.80000305175781,121.76000213623047,122.29000091552734,4042900,105.697021484375
2014-07-31,121.47000122070312,122.05000305175781,120.41000366210938,120.4800033569336,5588800,104.13262939453125
2014-08-01,120.44999694824219,121.70999908447266,119.63999938964844,120.37999725341797,5852700,104.04618835449219
2014-08-04,120.80000305175781,121.19000244140625,119.7699966430664,119.93000030517578,4671100,103.65724182128906
2014-08-05,119.66999816894531,121.9800033569336,119.66000366210938,121.2699966430664,6097900,104.81543731689453
2014-08-06,119.31999969482422,119.36000061035156,117.87000274658203,118.33999633789062,6239700,102.90241241455078
2014-08-07,119,120.22000122070312,118.87000274658203,119.83999633789062,4641800,104.20673370361328
2014-08-08,119.80000305175781,120.6500015258789,119.27999877929688,120.62999725341797,4348900,104.8936996459961
2014-08-11,121.1500015258789,121.76000213623047,120.75,120.80000305175781,2807900,105.04151916503906
2014-08-12,120.51000213623047,120.94000244140625,120.01000213623047,120.47000122070312,2303500,104.75457000732422
2014-08-13,120.66999816894531,122.2300033569336,120.62999725341797,121.9800033569336,2641100,106.06758117675781
2014-08-14,122.19999694824219,124.69000244140625,122.16000366210938,124.11000061035156,4825100,107.91970825195312
2014-08-15,124.5,124.5,122.1500015258789,123.16000366210938,4570000,107.09364318847656
2014-08-18,123.58000183105469,125.23999786376953,123.56999969482422,124.9800033569336,4196900,108.67623138427734
2014-08-19,125.22000122070312,125.79000091552734,125.11000061035156,125.58000183105469,2988300,109.1979751586914
2014-08-20,125.88999938964844,127.70999908447266,125.58000183105469,127.3499984741211,4331300,110.737060546875
2014-08-21,127.54000091552734,127.77999877929688,126.73999786376953,127.5,2522300,110.86750030517578
2014-08-22,127.33000183105469,127.80000305175781,126.95999908447266,127.45999908447266,2394700,110.83271026611328
2014-08-25,128.0800018310547,128.49000549316406,127.77999877929688,128.3300018310547,2307100,111.58920288085938
2014-08-26,128.69000244140625,129.1300048828125,128.30999755859375,128.60000610351562,2329000,111.82400512695312
2014-08-27,128.77000427246094,128.99000549316406,127.94999694824219,128.1999969482422,3075200,111.47616577148438
2014-08-28,127.33999633789062,127.75,126.72000122070312,127.11000061035156,3070300,110.5283432006836
2014-08-29,127.3499984741211,127.3499984741211,126.05000305175781,126.80000305175781,3032700,110.25883483886719
2014-09-02,125.62000274658203,126.26000213623047,124.56999969482422,125.4800033569336,4576000,109.11101531982422
2014-09-03,125.45999908447266,126.23999786376953,125.19999694824219,125.94000244140625,3966500,109.51099395751953
2014-09-04,126.37999725341797,126.75,125.26000213623047,125.45999908447266,2975300,109.0936050415039
2014-09-05,125.43000030517578,125.55000305175781,124.0999984741211,124.69000244140625,4913800,108.42406463623047
2014-09-08,125.9000015258789,128.25,125.9000015258789,127.9800033569336,6103500,111.28487396240234
2014-09-09,127.80999755859375,128.67999267578125,127.62000274658203,128.2100067138672,4866400,111.48486328125
2014-09-10,128.47000122070312,128.47000122070312,127.4800033569336,128.22000122070312,3068200,111.49358367919922
2014-09-11,127.81999969482422,127.98999786376953,127.19999694824219,127.63999938964844,1988200,110.98922729492188
2014-09-12,127.48999786376953,127.55999755859375,126.61000061035156,126.94999694824219,3107300,110.38923645019531
2014-09-15,126.91999816894531,126.94999694824219,125.69000244140625,126.30999755859375,3261700,109.83272552490234
2014-09-16,126.19999694824219,127.69999694824219,125.72000122070312,127.31999969482422,3377500,110.71096801757812
2014-09-17,128.25,128.3800048828125,127.19999694824219,127.76000213623047,3135300,111.09358978271484
2014-09-18,128,128.89999389648438,128,128.5800018310547,2721800,111.8066177368164
2014-09-19,129.27000427246094,129.6999969482422,128.9199981689453,129.35000610351562,5635700,112.4761734008789
2014-09-22,129.3699951171875,129.8699951171875,128.4600067138672,128.61000061035156,2890300,111.83267974853516
2014-09-23,128.27999877929688,128.5399932861328,127.02999877929688,127.37999725341797,2963100,110.76313781738281
2014-09-24,127.45999908447266,128.8000030517578,127.2300033569336,128.5800018310547,2891400,111.8066177368164
2014-09-25,128.30999755859375,128.49000549316406,127.01000213623047,127.13999938964844,2913100,110.5544662475586
2014-09-26,127.19000244140625,129,126.95999908447266,128.69000244140625,2524100,111.90225219726562
2014-09-29,127.20999908447266,129.52999877929688,127,128.77000427246094,3484900,111.97183227539062
2014-09-30,128.57000732421875,129.38999938964844,127.30999755859375,127.37999725341797,4000200,110.76313781738281
2014-10-01,127.37000274658203,127.37000274658203,124.30999755859375,124.66999816894531,5265200,108.40666198730469
2014-10-02,124.4000015258789,125.55000305175781,123.83999633789062,124.16999816894531,3204500,107.97188568115234
2014-10-03,124.66000366210938,126.87000274658203,124.66000366210938,126.36000061035156,3075900,109.87621307373047
2014-10-06,127.08999633789062,127.19000244140625,125.37999725341797,126.26000213623047,2681000,109.78926849365234
2014-10-07,125.5199966430664,125.5199966430664,123.29000091552734,123.31999969482422,3554900,107.23277282714844
2014-10-08,123.47000122070312,125.08999633789062,122.1500015258789,124.9800033569336,3610300,108.67623138427734
2014-10-09,124.72000122070312,124.75,122.30999755859375,122.76000213623047,4874700,106.74583435058594
2014-10-10,122.87000274658203,123.36000061035156,121.5,121.5,4214200,105.65019989013672
2014-10-13,122.05000305175781,123.19000244140625,120.26000213623047,120.44999694824219,3878600,104.73716735839844
2014-10-14,121.83999633789062,123.37000274658203,120.72000122070312,122.29000091552734,3768200,106.33714294433594
2014-10-15,121.05999755859375,121.12000274658203,116.31999969482422,120.19000244140625,7819000,104.51110076904297
2014-10-16,118.91000366210938,121.30000305175781,118.38999938964844,120.29000091552734,4492500,104.59803009033203
2014-10-17,122.05000305175781,123.87000274658203,121.77999877929688,123.23999786376953,4872400,107.16320037841797
2014-10-20,123.38999938964844,124.72000122070312,123,124.30999755859375,3676300,108.09363555908203
2014-10-21,125.20999908447266,127.23999786376953,124.93000030517578,127.12000274658203,5204500,110.53706359863281
2014-10-22,127.98999786376953,128,121.33999633789062,121.44999694824219,13844400,105.60671997070312
2014-10-23,121.2699966430664,122.87999725341797,121.05999755859375,122.02999877929688,7799700,106.11106872558594
2014-10-24,122.19999694824219,122.83999633789062,121.26000213623047,122.23999786376953,4013300,106.29366302490234
2014-10-27,122.12999725341797,122.2300033569336,121.26000213623047,122.12000274658203,2940300,106.18933868408203
2014-10-28,122.5,123.79000091552734,121.95999908447266,123.61000061035156,4159000,107.48495483398438
2014-10-29,124.4800033569336,124.4800033569336,122.55999755859375,123.08000183105469,3241700,107.02407836914062
2014-10-30,122.5199966430664,124.12000274658203,122.01000213623047,123.81999969482422,2569900,107.66755676269531
2014-10-31,125.02999877929688,125.88999938964844,124.7300033569336,124.91000366210938,4665300,108.61536407470703
2014-11-03,125.3499984741211,126.25,124.88999938964844,126.02999877929688,3902700,109.58924865722656
2014-11-04,125.94000244140625,126.70999908447266,125.26000213623047,125.83999633789062,3684600,109.42403411865234
2014-11-05,126.01000213623047,126.25,124.19999694824219,124.22000122070312,3334000,108.6456298828125
2014-11-06,124.4800033569336,124.80000305175781,123.37000274658203,124.58000183105469,2341900,108.96049499511719
2014-11-07,124.93000030517578,124.94000244140625,124.16999816894531,124.44999694824219,2366700,108.84679412841797
2014-11-10,124.87000274658203,124.98999786376953,123.80000305175781,124.63999938964844,2622700,109.01296997070312
2014-11-11,124.58000183105469,125.7300033569336,124.44999694824219,125.36000061035156,3053500,109.64269256591797
2014-11-12,124.51000213623047,126.19000244140625,124.47000122070312,125.87000274658203,3075000,110.08875274658203
2014-11-13,125.73999786376953,128.9600067138672,125.73999786376953,128.52999877929688,5813900,112.41525268554688
2014-11-14,128.52999877929688,129.77999877929688,127.8499984741211,128.86000061035156,6235600,112.70387268066406
2014-11-17,128.6999969482422,129.1699981689453,127.55000305175781,128.4199981689453,3752900,112.31905364990234
2014-11-18,128.5500030517578,131.3300018310547,128.0399932861328,130.66000366210938,5701200,114.27819061279297
2014-11-19,130.58999633789062,132.74000549316406,130.25,131.61000061035156,5037600,115.10908508300781
2014-11-20,130.94000244140625,132.39999389648438,130.7100067138672,131.6999969482422,4052800,115.18780517578125
2014-11-21,132.72000122070312,133.36000061035156,132.50999450683594,132.77999877929688,4227100,116.13240814208984
2014-11-24,133.4499969482422,134.74000549316406,133.44000244140625,134.61000061035156,4161500,117.73297119140625
2014-11-25,134.74000549316406,135.60000610351562,134.74000549316406,134.80999755859375,4301600,117.90788269042969
2014-11-26,134.9499969482422,135.3000030517578,134.38999938964844,134.77999877929688,2660100,117.88165283203125
2014-11-28,135.50999450683594,135.77999877929688,134.0399932861328,134.36000061035156,2090000,117.51428985595703
2014-12-01,134.30999755859375,134.39999389648438,132.1999969482422,132.38999938964844,3473700,115.79130554199219
2014-12-02,132.5,132.9600067138672,131.75,132.27999877929688,2904900,115.69508361816406
2014-12-03,132.64999389648438,133.27999877929688,131.42999267578125,131.97000122070312,4627500,115.42395782470703
2014-12-04,131.97000122070312,132.52000427246094,130.9199981689453,131.32000732421875,2785500,114.85543823242188
2014-12-05,131.72000122070312,132.6199951171875,131.52999877929688,132.2100067138672,2580200,115.63388061523438
2014-12-08,132.02000427246094,132.07000732421875,129.8699951171875,130.27999877929688,2862400,113.94583129882812
2014-12-09,128.55999755859375,129.72000122070312,127.73999786376953,129.66000366210938,3084600,113.40359497070312
2014-12-10,128.80999755859375,128.97999572753906,124.54000091552734,124.63999938964844,6651700,109.01296997070312
2014-12-11,125.22000122070312,125.6500015258789,123,123.37000274658203,6702100,107.90219116210938
2014-12-12,122.23999786376953,122.2699966430664,120.58000183105469,120.7699966430664,6661100,105.62818908691406
2014-12-15,121.4000015258789,122.87999725341797,120.5999984741211,122.08000183105469,6238800,106.77393341064453
2014-12-16,125.04000091552734,125.54000091552734,123.91000366210938,124.25,7919900,108.67185974121094
2014-12-17,124.27999877929688,125.37999725341797,123.41999816894531,125.05999755859375,6726500,109.38029479980469
2014-12-18,127.12999725341797,127.3499984741211,124.7699966430664,125.66999816894531,6485900,109.913818359375
2014-12-19,125.62999725341797,127.41999816894531,125.5,126.2300033569336,7680800,110.40361022949219
2014-12-22,126.7300033569336,128.5399932861328,126.7300033569336,128.22000122070312,3189300,112.14413452148438
2014-12-23,129.0399932861328,130.64999389648438,128.64999389648438,130.02999877929688,4028900,113.72718048095703
2014-12-24,130.3000030517578,132.3300018310547,130.1699981689453,131.24000549316406,2116900,114.78546905517578
2014-12-26,131.2899932861328,131.92999267578125,130.22999572753906,131.6300048828125,2242900,115.12659454345703
2014-12-29,131.72000122070312,132.72999572753906,131.1699981689453,132.2899932861328,2718400,115.70382690429688
2014-12-30,132,132.27999877929688,131.52000427246094,131.8300018310547,2447700,115.301513671875
2014-12-31,132.25,132.3000030517578,129.86000061035156,129.97999572753906,2712400,113.68346405029297
2015-01-02,131.07000732421875,131.83999633789062,129.08999633789062,129.9499969482422,4294200,113.6572265625
2015-01-05,129.66000366210938,129.9199981689453,128.61000061035156,129.0500030517578,5024800,112.87008666992188
2015-01-06,129.0500030517578,129.6199951171875,126.18000030517578,127.52999877929688,4992800,111.5406494140625
2015-01-07,128.74000549316406,129.97000122070312,128.72000122070312,129.50999450683594,3573200,113.27238464355469
2015-01-08,130.60000610351562,131.99000549316406,130.39999389648438,131.8000030517578,4503400,115.27527618408203
2015-01-09,131.58999633789062,132.25999450683594,130.92999267578125,131.5399932861328,3056400,115.04788208007812
2015-01-12,132.24000549316406,132.25999450683594,129.9499969482422,130.8699951171875,3552700,114.46186065673828
2015-01-13,132,133.91000366210938,130.1699981689453,131.1699981689453,3441700,114.7242660522461
2015-01-14,129.02999877929688,131.2899932861328,128.9499969482422,130.3800048828125,3559500,114.03331756591797
2015-01-15,130.25,131.8300018310547,129.6999969482422,130.13999938964844,3902000,113.82340240478516
2015-01-16,129.75,131.02000427246094,129.11000061035156,130.77999877929688,4425600,114.38314056396484
2015-01-20,131.4499969482422,132,129.4499969482422,131.22000122070312,3143700,114.76800537109375
2015-01-21,130.8699951171875,132.8699951171875,130.57000732421875,132.41000366210938,2898000,115.80880737304688
2015-01-22,133.3800048828125,136.2100067138672,133.0500030517578,135.63999938964844,4971300,118.63379669189453
2015-01-23,135.57000732421875,135.77999877929688,134.60000610351562,134.6199951171875,3828300,117.74169158935547
2015-01-26,135,135.25,133.52999877929688,134.07000732421875,3900500,117.26068115234375
2015-01-27,132.39999389648438,132.99000549316406,130.74000549316406,132.47999572753906,5243900,115.8699951171875
2015-01-28,136.3000030517578,141.88999938964844,135.9199981689453,139.63999938964844,14355100,122.13233184814453
2015-01-29,139.69000244140625,148.25,139.6300048828125,147.77999877929688,15161700,129.251708984375
2015-01-30,146.22000122070312,146.85000610351562,144.3699951171875,145.3699951171875,11271100,127.14391326904297
2015-02-02,143.72000122070312,146.58999633789062,143.0500030517578,146.25999450683594,6790900,127.92230224609375
2015-02-03,146.3699951171875,148,146.17999267578125,147.33999633789062,5978200,128.8668975830078
2015-02-04,145.97000122070312,148.38999938964844,145.92999267578125,147.22000122070312,4766200,128.76194763183594
2015-02-05,147.25999450683594,148.8699951171875,146.4600067138672,148.60000610351562,4252600,129.9689483642578
2015-02-06,148.6199951171875,148.88999938964844,147.6999969482422,148,4398800,129.4441375732422
2015-02-09,146.16000366210938,148.16000366210938,145.6300048828125,147.5800018310547,4202900,129.07679748535156
2015-02-10,148.1999969482422,148.7100067138672,147.5,148.0399932861328,4034900,129.47914123535156
2015-02-11,147.50999450683594,148.3800048828125,147.08999633789062,147.9199981689453,3272700,130.17437744140625
2015-02-12,148.25999450683594,148.57000732421875,147.67999267578125,148.08999633789062,2998900,130.32394409179688
2015-02-13,147.97999572753906,149.83999633789062,147.63999938964844,149.72999572753906,3418600,131.76718139648438
2015-02-17,148.72000122070312,149.9600067138672,148.52000427246094,149.9199981689453,3622400,131.93443298339844
2015-02-18,149.6999969482422,151.6199951171875,149.3699951171875,151.1699981689453,3722100,133.03445434570312
2015-02-19,151.0500030517578,154.24000549316406,151,153.75,4384000,135.3049774169922
2015-02-20,153.8000030517578,158.8300018310547,153.8000030517578,158.30999755859375,9366000,139.31790161132812
2015-02-23,155,155.9199981689453,153.36000061035156,154.74000549316406,8653700,136.17616271972656
2015-02-24,153.5,154.77999877929688,153.2100067138672,154.3800048828125,4391700,135.85935974121094
2015-02-25,154.30999755859375,154.74000549316406,152.13999938964844,153.00999450683594,4800500,134.6537322998047
2015-02-26,152.30999755859375,152.3800048828125,150.80999755859375,151.72999572753906,5149300,133.52728271484375
2015-02-27,151,151.88999938964844,150.4499969482422,150.85000610351562,4330700,132.75286865234375
2015-03-02,150.85000610351562,154.14999389648438,150.75,153.8000030517578,4622800,135.34893798828125
2015-03-03,154.7100067138672,156.91000366210938,154.1699981689453,155.57000732421875,8656600,136.90663146972656
2015-03-04,154.6199951171875,155.22000122070312,154,154.35000610351562,4476200,135.83297729492188
2015-03-05,154.86000061035156,155.97999572753906,154.30999755859375,154.47000122070312,3327200,135.93856811523438
2015-03-06,153.9199981689453,155.02999877929688,152.80999755859375,153.1199951171875,3556200,134.75051879882812
2015-03-09,153.3000030517578,155.61000061035156,153.14999389648438,154.75,3433000,136.1849822998047
2015-03-10,153.3000030517578,154.1300048828125,152.4199981689453,152.4199981689453,3839600,134.13453674316406
2015-03-11,152.50999450683594,152.69000244140625,151.1699981689453,151.1699981689453,3395400,133.03445434570312
2015-03-12,151.27999877929688,152.9199981689453,151.27999877929688,152.0399932861328,2965100,133.8000946044922
2015-03-13,151.88999938964844,152.38999938964844,149.7899932861328,151.57000732421875,3569600,133.386474609375
2015-03-16,152.38999938964844,154.19000244140625,152.27000427246094,153.6699981689453,2742900,135.23452758789062
2015-03-17,152.8800048828125,155,152.72999572753906,154.50999450683594,2927200,135.97381591796875
2015-03-18,154.0399932861328,155.99000549316406,152.11000061035156,155.72999572753906,4053600,137.04742431640625
2015-03-19,154.91000366210938,155.3300018310547,153.66000366210938,154.11000061035156,2539000,135.6217803955078
2015-03-20,155.0399932861328,155.49000549316406,154.47999572753906,154.5,4464300,135.96493530273438
2015-03-23,154.97999572753906,154.97999572753906,152.80999755859375,152.80999755859375,3029700,134.47772216796875
2015-03-24,151.9600067138672,152.6199951171875,151.35000610351562,151.64999389648438,3319300,133.4568634033203
2015-03-25,151.39999389648438,152.0399932861328,148.1300048828125,148.22999572753906,3747900,130.4471435546875
2015-03-26,147.8300018310547,148.85000610351562,145.9600067138672,148.1699981689453,3627400,130.39437866210938
2015-03-27,148.58999633789062,149.30999755859375,147.49000549316406,148.85000610351562,2600300,130.99278259277344
2015-03-30,150.0800018310547,153.1699981689453,149.97999572753906,152.6999969482422,3738700,134.38092041015625
2015-03-31,152.22999572753906,152.25,149.94000244140625,150.0800018310547,2975600,132.07525634765625
2015-04-01,149.97000122070312,150.02000427246094,146.82000732421875,148.63999938964844,4167600,130.80801391601562
2015-04-02,149.13999938964844,150.5,148.30999755859375,149.27999877929688,2934200,131.37123107910156
2015-04-06,148.14999389648438,151.4499969482422,148,150.92999267578125,3371500,132.82325744628906
2015-04-07,151.27000427246094,153.5,151.13999938964844,152.32000732421875,4299500,134.04653930664062
2015-04-08,152.19000244140625,153.5,152.19000244140625,153.36000061035156,2763400,134.96173095703125
2015-04-09,152.6199951171875,153.6699981689453,151.6300048828125,153.4199981689453,3966800,135.01454162597656
2015-04-10,153.5500030517578,154.9600067138672,153.25,154.3800048828125,3183000,135.85935974121094
2015-04-13,153.7899932861328,155.5,152.9600067138672,153.24000549316406,3034000,134.85614013671875
2015-04-14,152.92999267578125,153.5399932861328,151.58999633789062,153.2100067138672,2845800,134.82974243164062
2015-04-15,154.3699951171875,154.3699951171875,152.2100067138672,152.42999267578125,3687400,134.14328002929688
2015-04-16,151.66000366210938,152.52999877929688,151.0500030517578,151.97000122070312,2559900,133.7384796142578
2015-04-17,150.8800048828125,151.42999267578125,149.44000244140625,149.60000610351562,4671600,131.6527862548828
2015-04-20,151.05999755859375,153.5500030517578,151.00999450683594,152.6699981689453,3169100,134.35455322265625
2015-04-21,153.50999450683594,154.08999633789062,152,153.3300018310547,3772900,134.93533325195312
2015-04-22,152.36000061035156,153,148.85000610351562,151.19000244140625,8468900,133.0520477294922
2015-04-23,150.8300018310547,150.8300018310547,149.72999572753906,149.8699951171875,4080800,131.89044189453125
2015-04-24,149.5399932861328,149.86000061035156,148.02000427246094,148.39999389648438,4889200,130.5967559814453
2015-04-27,148.58999633789062,149,147.7100067138672,147.8000030517578,4603500,130.06874084472656
2015-04-28,147.89999389648438,148.3699951171875,146.00999450683594,147.50999450683594,4352900,129.81353759765625
2015-04-29,147.07000732421875,147.4600067138672,145.89999389648438,146.14999389648438,4761700,128.61666870117188
2015-04-30,145.25,145.94000244140625,142.75,143.33999633789062,4925300,126.143798828125
2015-05-01,144.41000366210938,145.07000732421875,143.83999633789062,144.6699981689453,3556800,127.31424713134766
2015-05-04,143.85000610351562,144.7899932861328,143.17999267578125,144.02000427246094,8977500,126.74224090576172
2015-05-05,143.75999450683594,144.6999969482422,142.27000427246094,142.91000366210938,3670400,125.76538848876953
2015-05-06,143.00999450683594,143.14999389648438,140.42999267578125,141.0399932861328,5313500,124.91517639160156
2015-05-07,140.55999755859375,142.17999267578125,140.47999572753906,141.49000549316406,4868700,125.3137435913086
2015-05-08,143,145.94000244140625,142.97999572753906,145.4600067138672,7068000,128.82986450195312
2015-05-11,145.5500030517578,146.7899932861328,145.1300048828125,145.88999938964844,3969000,129.2106475830078
2015-05-12,144.94000244140625,146.0800018310547,144.00999450683594,145.42999267578125,3543900,128.80322265625
2015-05-13,145.41000366210938,146.52999877929688,145.10000610351562,145.6199951171875,2679400,128.9715118408203
2015-05-14,146.8800048828125,148.25,146.64999389648438,147.9600067138672,3495800,131.04400634765625
2015-05-15,148.0500030517578,148.3000030517578,146.33999633789062,146.8800048828125,3368900,130.08749389648438
2015-05-18,146.8800048828125,147.24000549316406,146.3000030517578,146.7100067138672,2153200,129.93692016601562
2015-05-19,147.17999267578125,147.77000427246094,146.72999572753906,147.0500030517578,2366400,130.238037109375
2015-05-20,147.13999938964844,147.33999633789062,146.10000610351562,146.4199981689453,2104000,129.6800537109375
2015-05-21,146.55999755859375,147.7100067138672,146.10000610351562,147.35000610351562,2676400,130.50375366210938
2015-05-22,147.25999450683594,147.27000427246094,144.8000030517578,144.80999755859375,3878000,128.2541046142578
2015-05-26,144.33999633789062,144.42999267578125,142.16000366210938,142.8000030517578,3476800,126.47394561767578
2015-05-27,143.4199981689453,143.75,142.5800018310547,143,2837100,126.65106964111328
2015-05-28,142.50999450683594,145.2899932861328,141.5800018310547,142.3300018310547,3103200,126.05765533447266
2015-05-29,142.25999450683594,142.25999450683594,140.32000732421875,140.52000427246094,6199200,124.45460510253906
2015-06-01,141.4499969482422,142.0500030517578,140.27000427246094,141.25,3897000,125.10114288330078
2015-06-02,141.44000244140625,144.4600067138672,140.6300048828125,143.25,4986500,126.87248229980469
2015-06-03,143.77999877929688,145.05999755859375,142.88999938964844,143.80999755859375,3755800,127.36846923828125
2015-06-04,143.22000122070312,143.22999572753906,140.9499969482422,141.19000244140625,3239500,125.0479736328125
2015-06-05,141.0399932861328,141.3699951171875,140.0500030517578,140.72999572753906,3215600,124.64058685302734
2015-06-08,140.24000549316406,141.35000610351562,140.1999969482422,140.63999938964844,2756600,124.56084442138672
2015-06-09,140.5,140.99000549316406,139.89999389648438,140.10000610351562,2647600,124.08260345458984
2015-06-10,140.67999267578125,142.60000610351562,140.2899932861328,141.6199951171875,2784400,125.4288558959961
2015-06-11,142.00999450683594,143.97999572753906,141.75,142.9600067138672,2924500,126.61566925048828
2015-06-12,142.6199951171875,142.86000061035156,141.08999633789062,142.8000030517578,2395200,126.47394561767578
2015-06-15,142.0399932861328,142.58999633789062,141.27999877929688,142.2899932861328,2631400,126.02223205566406
2015-06-16,141.4199981689453,143.5800018310547,141.4199981689453,142.33999633789062,2450600,126.0665054321289
2015-06-17,142.8699951171875,144,141.89999389648438,143.42999267578125,2775400,127.03190612792969
2015-06-18,143.91000366210938,146.52999877929688,143.91000366210938,145.3800048828125,3728900,128.7589569091797
2015-06-19,145.19000244140625,146.10000610351562,144.9499969482422,145.1300048828125,4837300,128.53753662109375
2015-06-22,146.07000732421875,146.2100067138672,145.08999633789062,145.6999969482422,2086100,129.04237365722656
2015-06-23,146.3300018310547,146.4499969482422,143.8000030517578,144.42999267578125,2864400,127.91757202148438
2015-06-24,143.75999450683594,144.8000030517578,142.50999450683594,143,3989100,126.65106964111328
2015-06-25,143.27000427246094,143.75999450683594,142.33999633789062,142.4499969482422,2153800,126.16397094726562
2015-06-26,143.02999877929688,143.0399932861328,141.88999938964844,142.47999572753906,3153300,126.19051361083984
2015-06-29,140.9600067138672,141.32000732421875,138.5800018310547,138.72999572753906,3755500,122.86927032470703
2015-06-30,140.05999755859375,140.05999755859375,138.44000244140625,138.72000122070312,3434800,122.86041259765625
2015-07-01,140.47999572753906,141.13999938964844,140.02000427246094,140.72999572753906,3260900,124.64058685302734
2015-07-02,141.2899932861328,141.52000427246094,139.8800048828125,140.2100067138672,2116500,124.18006134033203
2015-07-06,139.02000427246094,140.72999572753906,139,140.52000427246094,2093400,124.45460510253906
2015-07-07,140.8000030517578,143.44000244140625,140.13999938964844,143.14999389648438,3712000,126.78392028808594
2015-07-08,142.5,143.14999389648438,141.52000427246094,141.9199981689453,3386500,125.69453430175781
2015-07-09,143.88999938964844,144.1999969482422,142.72999572753906,142.8000030517578,2486800,126.47394561767578
2015-07-10,144.13999938964844,145.19000244140625,143.8699951171875,144.47999572753906,2192100,127.96187591552734
2015-07-13,145.9600067138672,146.75,145.60000610351562,146.6199951171875,2194200,129.857177734375
2015-07-14,146.75999450683594,148.3000030517578,146.4499969482422,147.75,3388800,130.85801696777344
2015-07-15,147.75,147.75,146.47999572753906,146.88999938964844,2653900,130.09632873535156
2015-07-16,147.7899932861328,148.8000030517578,147.77000427246094,148.49000549316406,2509600,131.51341247558594
2015-07-17,147.25,147.44000244140625,146.02000427246094,146.83999633789062,3127100,130.0520477294922
2015-07-20,147.11000061035156,147.1999969482422,145.91000366210938,146.72000122070312,3016100,129.94577026367188
2015-07-21,146.58999633789062,146.58999633789062,144.22000122070312,145,4452600,128.42242431640625
2015-07-22,148.89999389648438,149.17999267578125,145.11000061035156,146.47000122070312,6238400,129.724365234375
2015-07-23,147,147.9499969482422,145.7899932861328,146.11000061035156,4116000,129.4054718017578
2015-07-24,145.80999755859375,146.47000122070312,143.97999572753906,144.05999755859375,2455000,127.58987426757812
2015-07-27,143.22000122070312,143.35000610351562,140.8000030517578,141.02999877929688,3532100,124.90628051757812
2015-07-28,141.61000061035156,142.1699981689453,139.50999450683594,141.80999755859375,4138200,125.59711456298828
2015-07-29,142.47999572753906,144.61000061035156,142.3699951171875,144.13999938964844,3260400,127.6607437133789
2015-07-30,143.35000610351562,143.9199981689453,142.2100067138672,143.00999450683594,2644000,126.65991973876953
2015-07-31,143.75999450683594,144.9199981689453,143.2899932861328,144.1699981689453,3163500,127.68733978271484
2015-08-03,144.44000244140625,144.75,142.58999633789062,143.69000244140625,3088000,127.26220703125
2015-08-04,143.5500030517578,144.8699951171875,143.0399932861328,143.5399932861328,1973000,127.12932586669922
2015-08-05,143.89999389648438,145.60000610351562,143.77000427246094,144.9499969482422,2926100,129.1971893310547
2015-08-06,144.6999969482422,145.25,143.4199981689453,143.82000732421875,2457000,128.1899871826172
2015-08-07,143.22000122070312,143.83999633789062,141.6999969482422,142.4199981689453,2953200,126.94213104248047
2015-08-10,143.7899932861328,146.77000427246094,143.77999877929688,145.86000061035156,3432600,130.00830078125
2015-08-11,144.13999938964844,144.92999267578125,143.27999877929688,144.0500030517578,2816700,128.39500427246094
2015-08-12,142.5500030517578,143.00999450683594,139.86000061035156,142.42999267578125,4355800,126.9510726928711
2015-08-13,142.02999877929688,145.4499969482422,141.52999877929688,144.80999755859375,5129500,129.0723876953125
2015-08-14,144.61000061035156,145.47000122070312,143.75999450683594,145.08999633789062,2927100,129.3219757080078
2015-08-17,144.60000610351562,144.86000061035156,142.92999267578125,144.44000244140625,3746000,128.74264526367188
2015-08-18,144.38999938964844,145.2100067138672,143.82000732421875,144.60000610351562,1955500,128.88525390625
2015-08-19,143.4199981689453,144.47999572753906,142.32000732421875,142.72000122070312,2967700,127.20951843261719
2015-08-20,141.6199951171875,141.89999389648438,136.89999389648438,137.02000427246094,6601400,122.12899780273438
2015-08-21,134.8800048828125,135.08999633789062,131.4600067138672,131.7100067138672,7957600,117.39608764648438
2015-08-24,123.63999938964844,135.5,115.13999938964844,127.19000244140625,9425800,113.36731719970703
2015-08-25,130,130.72000122070312,125.43000030517578,125.48999786376953,7159100,111.85205078125
2015-08-26,129.33999633789062,129.75999450683594,125.2300033569336,129.33999633789062,6428400,115.28365325927734
2015-08-27,131.0800018310547,132.36000061035156,129.4600067138672,131.8699951171875,5754600,117.5386962890625
2015-08-28,131.42999267578125,133.72000122070312,130.86000061035156,133.24000549316406,4508800,118.75981903076172
2015-08-31,132.3699951171875,132.6999969482422,130.38999938964844,130.67999267578125,4231700,116.47801208496094
2015-09-01,128.16000366210938,128.99000549316406,126.94000244140625,127.44000244140625,5772700,113.59015655517578
2015-09-02,128.7100067138672,130.6699981689453,127.73999786376953,130.6300048828125,4809300,116.4334716796875
2015-09-03,132.30999755859375,132.35000610351562,130.47999572753906,131.02000427246094,3379500,116.78106689453125
2015-09-04,129.5500030517578,130.49000549316406,128.66000366210938,129.75999450683594,3746700,115.65800476074219
2015-09-08,132.27000427246094,133.99000549316406,132,133.82000732421875,3505800,119.27677154541016
2015-09-09,135.58999633789062,136.25,132.2100067138672,132.64999389648438,4713900,118.23392486572266
2015-09-10,132.33999633789062,134.57000732421875,132.27000427246094,133.5500030517578,2932200,119.03611755371094
2015-09-11,133.16000366210938,134.86000061035156,132.88999938964844,134.6699981689453,2628200,120.03438568115234
2015-09-14,134.72000122070312,135.1300048828125,133.72999572753906,134.42999267578125,2389600,119.82048797607422
2015-09-15,134.52000427246094,137,134.52000427246094,136.3000030517578,3761800,121.48726654052734
2015-09-16,136.25999450683594,137.42999267578125,136.00999450683594,137.1999969482422,2505000,122.2894287109375
2015-09-17,137.36000061035156,139.91000366210938,136.94000244140625,137.4499969482422,3405600,122.51228332519531
2015-09-18,135.75,137.69000244140625,134.39999389648438,136.08999633789062,7302700,121.3000717163086
2015-09-21,136.4199981689453,137.4499969482422,134.94000244140625,136.02000427246094,2460900,121.23772430419922
2015-09-22,134.49000549316406,134.49000549316406,132.52000427246094,133.99000549316406,3465000,119.42830657958984
2015-09-23,134.66000366210938,135,131.61000061035156,131.6699981689453,4907500,117.3604507446289
2015-09-24,130.72000122070312,130.77000427246094,127.18000030517578,129.75,5297800,115.64907836914062
2015-09-25,131.57000732421875,131.72999572753906,129.27999877929688,131.00999450683594,4149900,116.77212524414062
2015-09-28,130.44000244140625,130.47999572753906,128.02999877929688,128.1300048828125,4160000,114.20515441894531
2015-09-29,128.11000061035156,129.14999389648438,127.47000122070312,128.75,2935100,114.75777435302734
2015-09-30,130.27000427246094,131.41000366210938,129.6199951171875,130.9499969482422,3062500,116.71869659423828
2015-10-01,131.32000732421875,131.7899932861328,128.97999572753906,130.61000061035156,2878400,116.41564178466797
2015-10-02,129,132.58999633789062,128.55999755859375,132.55999755859375,3020500,118.1537094116211
2015-10-05,132.27999877929688,134.14999389648438,131.35000610351562,134.02000427246094,4587500,119.4550552368164
2015-10-06,134.10000610351562,135.5399932861328,133.6699981689453,134.6300048828125,3059600,119.99876403808594
2015-10-07,135.69000244140625,137.72999572753906,135.25999450683594,137.02000427246094,3263800,122.12899780273438
2015-10-08,136.66000366210938,139.35000610351562,136.07000732421875,139.0399932861328,2835700,123.92949676513672
2015-10-09,139.0399932861328,140.24000549316406,138.36000061035156,139.6999969482422,3065700,124.51773834228516
2015-10-12,139.92999267578125,141.07000732421875,139.32000732421875,140.67999267578125,1942200,125.39124298095703
2015-10-13,139.44000244140625,140.5,139.42999267578125,140.2899932861328,2339700,125.04364013671875
2015-10-14,139.75,140.88999938964844,133.5800018310547,134.22000122070312,8752300,119.63330078125
2015-10-15,135.16000366210938,137.6699981689453,135,137.38999938964844,6368300,122.45880126953125
2015-10-16,137.42999267578125,138.72999572753906,136.52000427246094,137.60000610351562,3173700,122.6459732055664
2015-10-19,137.60000610351562,138.61000061035156,136.38999938964844,138.4199981689453,4022000,123.3768539428711
2015-10-20,137.94000244140625,139.92999267578125,137.5800018310547,138.8800048828125,4202600,123.78687286376953
2015-10-21,141.6999969482422,142.14999389648438,136.61000061035156,141.19000244140625,8927200,125.84579467773438
2015-10-22,142,147.36000061035156,141.92999267578125,146.30999755859375,6976300,130.4093780517578
2015-10-23,147.3699951171875,147.75,144.91000366210938,146.6999969482422,4691200,130.7570037841797
2015-10-26,146.2100067138672,147.22999572753906,145.5500030517578,146.6999969482422,3143400,130.7570037841797
2015-10-27,146.22000122070312,148.99000549316406,146.00999450683594,148.4600067138672,3411300,132.32577514648438
2015-10-28,147.99000549316406,148.80999755859375,145.13999938964844,147.8800048828125,4408300,131.8087921142578
2015-10-29,147.5399932861328,147.8699951171875,145.8300018310547,147.17999267578125,3072100,131.18484497070312
2015-10-30,147.39999389648438,149.60000610351562,147.08999633789062,148.07000732421875,3938000,131.97813415527344
2015-11-02,148.3800048828125,149.47000122070312,147.55999755859375,148.39999389648438,2516700,132.27223205566406
2015-11-03,148.02999877929688,148.4600067138672,147.13999938964844,148.08999633789062,2470000,131.9959259033203
2015-11-04,147.25999450683594,148.75999450683594,147.17999267578125,148.19000244140625,2771500,132.90174865722656
2015-11-05,148.19000244140625,148.83999633789062,146.49000549316406,147.97000122070312,2545400,132.70443725585938
2015-11-06,146.5800018310547,148.1699981689453,146.00999450683594,147.94000244140625,2294100,132.6775360107422
2015-11-09,146.89999389648438,147.47999572753906,145.17999267578125,145.97999572753906,2980800,130.91973876953125
2015-11-10,145.27999877929688,146.13999938964844,144.02999877929688,145.14999389648438,2524100,130.1753692626953
2015-11-11,145.1999969482422,145.8300018310547,144.52000427246094,144.99000549316406,1579600,130.03189086914062
2015-11-12,143,144.39999389648438,141.58999633789062,142.5399932861328,3796800,127.83466339111328
2015-11-13,142.3300018310547,143.88999938964844,141.86000061035156,142.58999633789062,3063800,127.87948608398438
2015-11-16,142.5800018310547,144.5,142.3300018310547,144.4199981689453,2378300,129.52072143554688
2015-11-17,145.2899932861328,146.58999633789062,144.63999938964844,146.0800018310547,3038300,131.0094451904297
2015-11-18,146.24000549316406,148.38999938964844,146.22999572753906,148.27999877929688,3101100,132.98245239257812
2015-11-19,148.7899932861328,149.47999572753906,148.25999450683594,149.24000549316406,2492600,133.84344482421875
2015-11-20,149.83999633789062,150.58999633789062,149.1199951171875,149.39999389648438,3210200,133.98690795898438
2015-11-23,149.38999938964844,149.6999969482422,147.7100067138672,148.33999633789062,3183700,133.03627014160156
2015-11-24,147.49000549316406,149.58999633789062,147.22000122070312,148.64999389648438,2626600,133.3142852783203
2015-11-25,149.0399932861328,149.14999389648438,147.3800048828125,147.42999267578125,1852200,132.2201690673828
2015-11-27,147.5,147.97000122070312,146.67999267578125,146.9499969482422,1282100,131.78970336914062
2015-11-30,146.97000122070312,147.25999450683594,145.36000061035156,145.4499969482422,3176700,130.4444122314453
2015-12-01,146.5399932861328,149.39999389648438,146.47000122070312,147.74000549316406,3444300,132.49819946289062
2015-12-02,147.5500030517578,148.02999877929688,146.3800048828125,146.9600067138672,2648800,131.7986297607422
2015-12-03,147.0500030517578,147.6300048828125,144.27999877929688,145.55999755859375,3008700,130.54307556152344
2015-12-04,146.35000610351562,148.77999877929688,146.08999633789062,148.5,3892900,133.17977905273438
2015-12-07,148.3000030517578,149.5,147.32000732421875,148.4499969482422,3417700,133.1349639892578
2015-12-08,146.82000732421875,147.22999572753906,144.64999389648438,144.99000549316406,5021100,130.03189086914062
2015-12-09,144.60000610351562,145.69000244140625,142.27000427246094,144.24000549316406,5124600,129.3592529296875
2015-12-10,144.6199951171875,147.4600067138672,144.16000366210938,146.41000366210938,3278500,131.3053741455078
2015-12-11,145,145.6999969482422,143.72000122070312,144.6199951171875,3684700,129.7000732421875
2015-12-14,144.5,144.5,141.4600067138672,143,4845000,128.2471923828125
2015-12-15,145.66000366210938,147.10000610351562,144.1199951171875,146.52999877929688,4705300,131.41299438476562
2015-12-16,147.97999572753906,148.61000061035156,146.22999572753906,148.11000061035156,3316000,132.8300018310547
2015-12-17,148.85000610351562,149.8000030517578,145.5,145.55999755859375,3448800,130.54307556152344
2015-12-18,144.41000366210938,144.41000366210938,138.88999938964844,139.5800018310547,9952000,125.18001556396484
2015-12-21,140.2100067138672,141.94000244140625,139.6999969482422,140.89999389648438,3746400,126.36384582519531
2015-12-22,141.72000122070312,142.7899932861328,140.5,142.3800048828125,2791700,127.69115447998047
2015-12-23,143.0800018310547,144.07000732421875,142.80999755859375,144.05999755859375,3353900,129.1978302001953
2015-12-24,143.60000610351562,143.92999267578125,143.36000061035156,143.52999877929688,1185000,128.72250366210938
2015-12-28,143.25999450683594,144.6699981689453,142.85000610351562,144.5399932861328,1980000,129.62826538085938
2015-12-29,145.05999755859375,147.55999755859375,145,147.35000610351562,3133600,132.1483917236328
2015-12-30,147.22000122070312,148,146.00999450683594,146.41000366210938,1619000,131.3053741455078
2015-12-31,145.9600067138672,145.9600067138672,144.5,144.58999633789062,2105200,129.67315673828125
2016-01-04,141.3800048828125,141.6999969482422,139.42999267578125,140.5,5719500,126.00511169433594
2016-01-05,140.99000549316406,141.6999969482422,139.77000427246094,141.07000732421875,3357000,126.51629638671875
2016-01-06,138.8300018310547,139.35000610351562,137.25999450683594,138.8300018310547,4254100,124.5074234008789
2016-01-07,136.3800048828125,136.6699981689453,132.50999450683594,133.00999450683594,7013700,119.28782653808594
2016-01-08,133.6999969482422,135.10000610351562,129.8000030517578,129.99000549316406,5776900,116.57940673828125
2016-01-11,130.85000610351562,131,128.9199981689453,130.2100067138672,5551500,116.77670288085938
2016-01-12,131.5800018310547,132.1699981689453,129.63999938964844,131.9199981689453,4171500,118.31028747558594
2016-01-13,132.6999969482422,132.8800048828125,127.75,128.1199951171875,5073100,114.90229797363281
2016-01-14,129.58999633789062,130.07000732421875,125.80999755859375,129.1999969482422,6517800,115.87089538574219
2016-01-15,125.80000305175781,127.13999938964844,124.51000213623047,125.62999725341797,6678400,112.66918182373047
2016-01-19,127.05999755859375,127.22000122070312,125.11000061035156,126.05999755859375,5478900,113.05482482910156
2016-01-20,124,124.94000244140625,119.81999969482422,122.13999938964844,7636600,109.53925323486328
2016-01-21,122.7699966430664,125.9800033569336,121.54000091552734,123.4000015258789,5546200,110.66926574707031
2016-01-22,124.41999816894531,125.68000030517578,123.31999969482422,124.61000061035156,5259900,111.75442504882812
2016-01-25,124.5999984741211,125.23999786376953,123.4000015258789,124.01000213623047,4551600,111.21632385253906
2016-01-26,124.9800033569336,128.14999389648438,124.5,128.00999450683594,5432600,114.80364990234375
2016-01-27,119.9000015258789,120.11000061035156,115.0199966430664,116.58000183105469,27945900,104.55282592773438
2016-01-28,117.0999984741211,118.02999877929688,115.05999755859375,118.01000213623047,10708400,105.8353271484375
2016-01-29,118.13999938964844,120.18000030517578,118.0199966430664,120.12999725341797,9195700,107.73660278320312
2016-02-01,119.63999938964844,122.29000091552734,118.6500015258789,121.55999755859375,6812800,109.01908111572266
2016-02-02,119.69000244140625,120.27999877929688,117.37000274658203,117.5199966430664,8646700,105.3958740234375
2016-02-03,118.80000305175781,122.12999725341797,117.1500015258789,121.87000274658203,7361900,109.29711151123047
2016-02-04,121.12000274658203,124.91000366210938,121.12000274658203,123.61000061035156,5837000,110.85759735107422
2016-02-05,123.62999725341797,124.16999816894531,121.02999877929688,122.55999755859375,6186700,109.91590881347656
2016-02-08,120.66999816894531,121.33000183105469,117.25,119.47000122070312,6453600,107.14470672607422
2016-02-09,117.9800033569336,119.9800033569336,117.43000030517578,118.87999725341797,4137600,106.61555480957031
2016-02-10,118.16000366210938,119.45999908447266,116.2699966430664,116.36000061035156,4888600,105.32122802734375
2016-02-11,113.18000030517578,113.4000015258789,102.0999984741211,108.44000244140625,33735600,98.15258026123047
2016-02-12,105.12000274658203,109.83999633789062,105,108.62999725341797,12973400,98.32456970214844
2016-02-16,109.7300033569336,112.76000213623047,109,112.5999984741211,7587700,101.91793060302734
2016-02-17,114.02999877929688,116.83000183105469,113.98999786376953,116.33999633789062,6619600,105.30314636230469
2016-02-18,116.91000366210938,118.2300033569336,116.68000030517578,117.56999969482422,6489000,106.41642761230469
2016-02-19,117.30999755859375,117.33000183105469,114.41999816894531,115.16000366210938,6920600,104.23507690429688
2016-02-22,115.16000366210938,118.97000122070312,115.16000366210938,117.38999938964844,4930300,106.2535171508789
2016-02-23,116.97000122070312,118.5,115.93000030517578,116.9000015258789,3762300,105.80998229980469
2016-02-24,115.37000274658203,115.95999908447266,112.51000213623047,115.58999633789062,6859300,104.624267578125
2016-02-25,116.3499984741211,117.5999984741211,115.77999877929688,116.81999969482422,4667100,105.73760223388672
2016-02-26,117.75,119.44999694824219,117.5,118.16000366210938,3757800,106.95046997070312
2016-02-29,118.12000274658203,119.47000122070312,117.5,118.18000030517578,4569700,106.96855926513672
2016-03-01,119.01000213623047,120.98999786376953,118.25,119.95999908447266,4595400,108.57971954345703
2016-03-02,119.62999725341797,120.75,118.5,119.6500015258789,4292500,108.29911041259766
2016-03-03,118.83999633789062,119.7300033569336,118.25,119.61000061035156,3404600,108.2629165649414
2016-03-04,120.16999816894531,122.2300033569336,119.8499984741211,121.06999969482422,4421500,109.58441162109375
2016-03-07,120.80000305175781,123.31999969482422,120.56999969482422,122.9000015258789,4504700,111.24079895019531
2016-03-08,121.9800033569336,122.97000122070312,121.30999755859375,122.3499984741211,5257300,110.74297332763672
2016-03-09,122.37999725341797,123.26000213623047,122.02999877929688,122.86000061035156,3380300,111.20458221435547
2016-03-10,123.13999938964844,123.81999969482422,121.43000030517578,122.94000244140625,4111300,111.27699279785156
2016-03-11,124.12999725341797,125.5,123.86000061035156,124.62999725341797,3260100,112.8066635131836
2016-03-14,123.93000030517578,127,123.86000061035156,126.33999633789062,4283400,114.35445404052734
2016-03-15,125.55000305175781,126.37000274658203,124.20999908447266,126.36000061035156,3717500,114.37256622314453
2016-03-16,126.23999786376953,128.1300048828125,125.75,127.56999969482422,5154700,115.4677505493164
2016-03-17,128.07000732421875,131.60000610351562,127.41999816894531,130.6999969482422,5801000,118.30081939697266
2016-03-18,131.24000549316406,134.67999267578125,131.00999450683594,133.9600067138672,9108400,121.2515640258789
2016-03-21,133.4600067138672,136.77999877929688,133.38999938964844,135.86000061035156,5671400,122.97132873535156
2016-03-22,135.13999938964844,136.10000610351562,134.77999877929688,135.1199951171875,4989000,122.30152893066406
2016-03-23,134.99000549316406,135,132.74000549316406,132.86000061035156,4361200,120.25591278076172
2016-03-24,131.61000061035156,132.22999572753906,130.02999877929688,132.1199951171875,4573100,119.58612823486328
2016-03-28,132.52999877929688,132.6199951171875,130.5500030517578,131.2899932861328,3352200,118.83485412597656
2016-03-29,129.8300018310547,130.92999267578125,128.17999267578125,130.8800048828125,4910200,118.46376037597656
2016-03-30,131.47999572753906,132.72999572753906,128.02000427246094,128.5800018310547,5949000,116.38195037841797
2016-03-31,128.08999633789062,128.3800048828125,125.25,126.94000244140625,8758300,114.89753723144531
2016-04-01,126.2300033569336,127.08999633789062,125.11000061035156,126.95999908447266,5328000,114.91564178466797
2016-04-04,126.54000091552734,127.97000122070312,125.87999725341797,126.33999633789062,5036500,114.35445404052734
2016-04-05,126.1500015258789,128.58999633789062,125.58000183105469,127.02999877929688,4660100,114.97899627685547
2016-04-06,127.16000366210938,128.0399932861328,125.75,127.93000030517578,3998000,115.79359436035156
2016-04-07,127,128.94000244140625,126.55999755859375,127,4596300,114.95183563232422
2016-04-08,128.0399932861328,130.02000427246094,127.61000061035156,127.87999725341797,3939800,115.74835968017578
2016-04-11,128.25,129.89999389648438,127.68000030517578,127.91000366210938,3611700,115.77549743652344
2016-04-12,127.62000274658203,130.3800048828125,126.68000030517578,129.47000122070312,4239200,117.18753814697266
2016-04-13,130.49000549316406,131.5,129.80999755859375,131.13999938964844,3514800,118.6990966796875
2016-04-14,131.5,131.9499969482422,130.52999877929688,130.85000610351562,4527600,118.43660736083984
2016-04-15,130.9499969482422,131.60000610351562,130.67999267578125,131.1300048828125,5008700,118.69005584716797
2016-04-18,131.1300048828125,132.25,130.32000732421875,131.97000122070312,3056000,119.45037078857422
2016-04-19,132.57000732421875,133.85000610351562,132.2100067138672,132.67999267578125,2931000,120.09300231933594
2016-04-20,128.5500030517578,131.36000061035156,128.49000549316406,130.57000732421875,6799000,118.18317413330078
2016-04-21,130.97999572753906,132.63999938964844,130.3000030517578,130.74000549316406,4799600,118.33705139160156
2016-04-22,131.08999633789062,131.8300018310547,130.5,131.0500030517578,3858100,118.61763000488281
2016-04-25,130.4499969482422,131,129.30999755859375,130.75,4600100,118.3460922241211
2016-04-26,131.25,133.27000427246094,131.05999755859375,133.24000549316406,6103400,120.59988403320312
2016-04-27,133.1999969482422,137.88999938964844,131.9499969482422,137.0800018310547,6930800,124.07562255859375
2016-04-28,136.2899932861328,137.72000122070312,134.5,134.8000030517578,4938800,122.01188659667969
2016-04-29,134.4199981689453,135.22999572753906,132.80999755859375,134.8000030517578,3716700,122.01188659667969
2016-05-02,134.3800048828125,135,133.22999572753906,134.00999450683594,3703800,121.29679870605469
2016-05-03,132.6999969482422,133.30999755859375,131.4600067138672,132.49000549316406,4028700,119.92101287841797
2016-05-04,131.58999633789062,132.30999755859375,130.52999877929688,130.88999938964844,3340500,118.47279357910156
2016-05-05,131.72999572753906,132.63999938964844,131.1199951171875,132.0800018310547,4199200,119.5499267578125
2016-05-06,132.11000061035156,133.6300048828125,131.75999450683594,133.25999450683594,2466000,120.61797332763672
2016-05-09,132.8000030517578,133.80999755859375,131.82000732421875,132.10000610351562,3431100,119.56802368164062
2016-05-10,133.17999267578125,135.24000549316406,132.7899932861328,134.72000122070312,3382700,121.939453125
2016-05-11,133.80999755859375,134.99000549316406,132.94000244140625,133,3284100,121.36455535888672
2016-05-12,133.49000549316406,135.0399932861328,133.49000549316406,134.4199981689453,4591300,122.66033172607422
2016-05-13,133.74000549316406,134.94000244140625,131.91000366210938,132.1199951171875,3965900,120.56156158447266
2016-05-16,131.6300048828125,134.41000366210938,131.5500030517578,134.13999938964844,3165400,122.40482330322266
2016-05-17,133.6199951171875,134.49000549316406,131.9600067138672,132.55999755859375,4032000,120.96305847167969
2016-05-18,132.4499969482422,133.17999267578125,130.33999633789062,130.99000549316406,4060400,119.53042602539062
2016-05-19,130.24000549316406,130.42999267578125,127.08999633789062,128.0800018310547,5061600,116.87500762939453
2016-05-20,129.1300048828125,129.25,127.20999908447266,127.38999938964844,3297700,116.24536895751953
2016-05-23,127.4000015258789,128.41000366210938,125.87999725341797,127.58000183105469,3977700,116.41873931884766
2016-05-24,127.76000213623047,128.80999755859375,126.31999969482422,127.5,5102400,116.34574127197266
2016-05-25,128,129.77999877929688,127.37000274658203,128.86000061035156,4656700,117.58676147460938
2016-05-26,128.47999572753906,129.89999389648438,128.32000732421875,129.30999755859375,2586300,117.99740600585938
2016-05-27,128.9600067138672,129.6999969482422,128.8300018310547,129.22000122070312,3043700,117.9152603149414
2016-05-31,129.8800048828125,129.97999572753906,126.04000091552734,126.1500015258789,6894400,115.11385345458984
2016-06-01,126,126.5,124.77999877929688,126.41000366210938,4679600,115.3510971069336
2016-06-02,126.6500015258789,127.02999877929688,125.31999969482422,126.8499984741211,4802100,115.75260925292969
2016-06-03,126.41999816894531,127.58000183105469,125.94999694824219,127.37999725341797,5485600,116.23623657226562
2016-06-06,127.5999984741211,132.0800018310547,127.44999694824219,131.89999389648438,6996200,120.36080169677734
2016-06-07,132.41000366210938,133.38999938964844,131.82000732421875,131.92999267578125,4424000,120.38816833496094
2016-06-08,132.52000427246094,133.52999877929688,132.0399932861328,133,3883700,121.36455535888672
2016-06-09,132.10000610351562,133.82000732421875,131.9199981689453,133.10000610351562,3811200,121.45582580566406
2016-06-10,131.75999450683594,132.1199951171875,130.3699951171875,131.13999938964844,3828600,119.66729736328125
2016-06-13,130.7899932861328,131.50999450683594,129.8800048828125,129.9199981689453,3645000,118.55402374267578
2016-06-14,129.6300048828125,130.60000610351562,128.5,130.5,3717000,119.08328247070312
2016-06-15,130.8800048828125,131.75999450683594,129.97000122070312,130.16000366210938,3324800,118.77304077148438
2016-06-16,129.32000732421875,129.88999938964844,126.9000015258789,129.3699951171875,4066100,118.0521469116211
2016-06-17,129.8300018310547,129.99000549316406,128.80999755859375,129.82000732421875,6739600,118.46277618408203
2016-06-20,131.36000061035156,133.89999389648438,131.2100067138672,132.75,4331900,121.1364517211914
2016-06-21,133.19000244140625,133.27999877929688,131.49000549316406,131.52000427246094,2841100,120.01405334472656
2016-06-22,132.10000610351562,133.16000366210938,131.5800018310547,131.77000427246094,2640800,120.24220275878906
2016-06-23,133.91000366210938,134.5500030517578,132.72999572753906,133.5500030517578,4113900,121.86643981933594
2016-06-24,128.13999938964844,129.38999938964844,126.20999908447266,126.5199966430664,9707300,115.45147705078125
2016-06-27,125.68000030517578,125.75,122.3499984741211,122.69999694824219,6169000,111.96566772460938
2016-06-28,124.5,124.76000213623047,122.69999694824219,123.88999938964844,4438100,113.05157470703125
2016-06-29,125.48999786376953,127.31999969482422,124.16000366210938,126.98999786376953,4916700,115.8803482055664
2016-06-30,127.08000183105469,129.8699951171875,127.08000183105469,129.8699951171875,4110800,118.5083999633789
2016-07-01,129.5399932861328,130.33999633789062,129.16000366210938,129.69000244140625,3247900,118.34414672851562
2016-07-05,128.42999267578125,129,126.62999725341797,126.97000122070312,4829400,115.86211395263672
2016-07-06,127.25,127.30999755859375,123.95999908447266,126.95999908447266,3981700,115.85299682617188
2016-07-07,126.91999816894531,128.1699981689453,126.26000213623047,127.16999816894531,3049400,116.04460144042969
2016-07-08,128.60000610351562,130.4600067138672,127.66000366210938,130.08999633789062,3597800,118.70915985107422
2016-07-11,130.83999633789062,133.25,130.8000030517578,132.0399932861328,3929900,120.48856353759766
2016-07-12,132.8000030517578,133,130.3300018310547,130.80999755859375,4318400,119.36616516113281
2016-07-13,131.27999877929688,131.38999938964844,129.3699951171875,130.11000061035156,3061400,118.72740173339844
2016-07-14,131.6300048828125,131.9199981689453,130.1999969482422,131.5500030517578,3984100,120.04143524169922
2016-07-15,131.8000030517578,132.75,131.4499969482422,132.38999938964844,2944900,120.80793762207031
2016-07-18,132.3800048828125,133.88999938964844,131.9499969482422,133.42999267578125,3338400,121.75695037841797
2016-07-19,132.91000366210938,135.6699981689453,132.8300018310547,134.66000366210938,3390000,122.87935638427734
2016-07-20,134.5500030517578,135.17999267578125,134.0399932861328,134.72000122070312,2669400,122.9341049194336
2016-07-21,134.75999450683594,134.97999572753906,133.02999877929688,133.52999877929688,2814100,121.84822082519531
2016-07-22,131.75,133.49000549316406,130.57000732421875,133.47000122070312,4844900,121.79345703125
2016-07-25,133.17999267578125,133.3000030517578,132.3800048828125,132.94000244140625,3078600,121.30982208251953
2016-07-26,132.89999389648438,134.97000122070312,132.50999450683594,134.85000610351562,4667300,123.0527572631836
2016-07-27,136.13999938964844,139.4499969482422,135.7100067138672,135.9600067138672,5661700,124.06564331054688
2016-07-28,135.39999389648438,135.86000061035156,132.5500030517578,133.00999450683594,5142400,121.3736801147461
2016-07-29,133.0500030517578,133.8000030517578,132.3000030517578,133.66000366210938,3559100,121.96684265136719
2016-08-01,133.2100067138672,134.22999572753906,132.6999969482422,133.2100067138672,3067300,121.55623626708984
2016-08-02,132.9499969482422,133.39999389648438,131.35000610351562,131.60000610351562,3156800,120.08704376220703
2016-08-03,131.77000427246094,132.4499969482422,131.6199951171875,131.8699951171875,2359300,120.33345031738281
2016-08-04,132,132.5500030517578,130.9600067138672,131.2100067138672,3008500,119.73116302490234
2016-08-05,132.2100067138672,132.44000244140625,131.00999450683594,131.72999572753906,3119500,120.20569610595703
2016-08-08,132.13999938964844,132.9499969482422,131.75,132.19000244140625,2443800,120.62545013427734
2016-08-09,132.72999572753906,132.99000549316406,132.22999572753906,132.6199951171875,3013900,121.01780700683594
2016-08-10,132.10000610351562,133.52999877929688,131.7100067138672,132.27999877929688,2642200,121.70787811279297
2016-08-11,132.85000610351562,133.55999755859375,132.3000030517578,133,2275700,122.37032318115234
2016-08-12,132.89999389648438,133.77999877929688,132.6300048828125,133.10000610351562,2522600,122.46234130859375
2016-08-15,133.6999969482422,135,133.5500030517578,134.66000366210938,2812600,123.89766693115234
2016-08-16,134.14999389648438,135.2100067138672,133.39999389648438,135,2759200,124.21049499511719
2016-08-17,134.85000610351562,134.99000549316406,134.11000061035156,134.72000122070312,2854600,123.95287322998047
2016-08-18,134.72000122070312,135.9600067138672,134.52999877929688,135,2030800,124.21049499511719
2016-08-19,134.5,135,133.83999633789062,134.44000244140625,1922600,123.69524383544922
2016-08-22,134.3000030517578,135.6699981689453,133.83999633789062,134.99000549316406,2520500,124.2013168334961
2016-08-23,135.32000732421875,136.3699951171875,133.63999938964844,134.13999938964844,3481900,123.4192123413086
2016-08-24,134.00999450683594,134.64999389648438,133.07000732421875,133.2899932861328,2135900,122.63716125488281
2016-08-25,133.3000030517578,133.3000030517578,132.4199981689453,132.97999572753906,1921400,122.35195922851562
2016-08-26,133.5,134.0800018310547,131.82000732421875,132.22999572753906,1973700,121.66185760498047
2016-08-29,132.72000122070312,133.5800018310547,132.32000732421875,132.89999389648438,2380000,122.27831268310547
2016-08-30,133.19000244140625,133.44000244140625,130.67999267578125,130.80999755859375,3437300,120.35536193847656
2016-08-31,130.8300018310547,130.8300018310547,129.13999938964844,129.4499969482422,3639200,119.10405731201172
2016-09-01,130.02999877929688,130.02999877929688,128.36000061035156,129.89999389648438,2807200,119.51808166503906
2016-09-02,130.88999938964844,131.9600067138672,130.5800018310547,131.16000366210938,2631000,120.6773910522461
2016-09-06,131.6300048828125,132.99000549316406,131.27000427246094,132.99000549316406,4151800,122.36115264892578
2016-09-07,132.47999572753906,133.0800018310547,132,132.63999938964844,2198700,122.03909301757812
2016-09-08,132.32000732421875,132.91000366210938,131.50999450683594,132.89999389648438,2618300,122.27831268310547
2016-09-09,131.94000244140625,131.94000244140625,128.52000427246094,128.52999877929688,4892900,118.25758361816406
2016-09-12,126.87999725341797,130.67999267578125,126.30999755859375,130.1199951171875,6381100,119.72051239013672
2016-09-13,129.22000122070312,130.02000427246094,128.25999450683594,128.75999450683594,4552400,118.46920013427734
2016-09-14,128.91000366210938,129.30999755859375,127.33999633789062,127.66999816894531,3955400,117.46632385253906
2016-09-15,127.56999969482422,128.4600067138672,126.94000244140625,127.7699966430664,3462400,117.5583267211914
2016-09-16,127.70999908447266,127.70999908447266,126.33999633789062,126.69999694824219,8035600,116.57383728027344
2016-09-19,127.5,128.3000030517578,127.2699966430664,127.4800033569336,3168100,117.29150390625
2016-09-20,127.94999694824219,128.5,127.56999969482422,127.79000091552734,2639300,117.57673645019531
2016-09-21,128.17999267578125,130.6300048828125,128.17999267578125,130.55999755859375,3227800,120.12533569335938
2016-09-22,131.4499969482422,132.47999572753906,131.1699981689453,131.8699951171875,3253100,121.33065032958984
2016-09-23,131.25,132.2899932861328,131.00999450683594,131.77999877929688,2330700,121.24783325195312
2016-09-26,131.07000732421875,131.5800018310547,130.42999267578125,130.57000732421875,2219900,120.13455963134766
2016-09-27,130.2899932861328,131.74000549316406,129.86000061035156,131.32000732421875,1939000,120.82459259033203
2016-09-28,131.58999633789062,132.36000061035156,130.58999633789062,132.22999572753906,1773000,121.66185760498047
2016-09-29,131.8000030517578,132.77999877929688,130.67999267578125,131.02999877929688,2199400,120.55780029296875
2016-09-30,132.08999633789062,132.6300048828125,131.27000427246094,131.74000549316406,3118900,121.21104431152344
2016-10-03,131.27999877929688,132.72000122070312,130.74000549316406,132.3800048828125,2439400,121.79988861083984
2016-10-04,132.77000427246094,133.22999572753906,131.69000244140625,132.25,2829200,121.68024444580078
2016-10-05,132.92999267578125,134.89999389648438,132.5500030517578,134.66000366210938,3137500,123.89766693115234
2016-10-06,134.8300018310547,135,133.67999267578125,134.4199981689453,3614900,123.67683410644531
2016-10-07,133.92999267578125,134.66000366210938,132.5399932861328,133.85000610351562,4302000,123.15241241455078
2016-10-10,134.58999633789062,136.8699951171875,134.58999633789062,135.83999633789062,3343300,124.98335266113281
2016-10-11,134.94000244140625,135.69000244140625,133.27000427246094,133.74000549316406,3607300,123.05118560791016
2016-10-12,133.75999450683594,134.27999877929688,133,133.16000366210938,2264200,122.51754760742188
2016-10-13,132.4199981689453,133.92999267578125,131.38999938964844,133.3800048828125,3544200,122.71997833251953
2016-10-14,134.55999755859375,135.25,133.47999572753906,133.5,2317400,122.83036804199219
2016-10-17,133.5,135.3800048828125,133.3300018310547,134,2435100,123.29042053222656
2016-10-18,135.02999877929688,135.74000549316406,134.9199981689453,135.10000610351562,2271000,124.30248260498047
2016-10-19,135.4199981689453,136.9499969482422,135.3300018310547,136.17999267578125,2265900,125.29615783691406
2016-10-20,135.9199981689453,136.75,135.3699951171875,135.83999633789062,2539700,124.98335266113281
2016-10-21,134.72000122070312,136.19000244140625,134.25,135.6300048828125,2205000,124.7901611328125
2016-10-24,136.41000366210938,138.8800048828125,136.41000366210938,137.4499969482422,3814200,126.46468353271484
2016-10-25,137.52999877929688,139.4199981689453,137.35000610351562,139.02000427246094,5209100,127.90922546386719
2016-10-26,138.42999267578125,146.19000244140625,136.72000122070312,145.5399932861328,13272000,133.9080810546875
2016-10-27,145.8300018310547,146.22999572753906,141.77999877929688,143.30999755859375,7857100,131.85635375976562
2016-10-28,143.72000122070312,144,142.1699981689453,143.00999450683594,4636100,131.58029174804688
2016-10-31,143.0500030517578,143.35000610351562,142.14999389648438,142.42999267578125,3075900,131.04666137695312
2016-11-01,142.9499969482422,143.89999389648438,141.80999755859375,142.41000366210938,3245000,131.0282745361328
2016-11-02,142,142.8699951171875,140.58999633789062,140.75,2782100,129.50096130371094
2016-11-03,140.75999450683594,140.89999389648438,139.35000610351562,140.02000427246094,2280800,128.82928466796875
2016-11-04,139.11000061035156,140.85000610351562,138.8000030517578,139.5399932861328,2951500,128.3876190185547
2016-11-07,141.5,143.10000610351562,141.49000549316406,143.02999877929688,3228200,131.5987091064453
2016-11-08,141.9199981689453,143.30999755859375,141.2899932861328,142.1999969482422,2823800,131.8397674560547
2016-11-09,141.60000610351562,145.85000610351562,141.5399932861328,145.08999633789062,5494400,134.51922607421875
2016-11-10,146.50999450683594,149.33999633789062,146.38999938964844,147.69000244140625,6508300,136.92977905273438
2016-11-11,147.1199951171875,148.60000610351562,146.55999755859375,148.52000427246094,3585200,137.6992950439453
2016-11-14,148.2100067138672,150.08999633789062,148.2100067138672,149.99000549316406,4490900,139.06222534179688
2016-11-15,148.44000244140625,149.4499969482422,147.19000244140625,148.11000061035156,3856600,137.31918334960938
2016-11-16,147.3000030517578,148.41000366210938,146.13999938964844,146.44000244140625,3559700,135.7708740234375
2016-11-17,146.8300018310547,147.1199951171875,145,145.3300018310547,3656100,134.74171447753906
2016-11-18,145.17999267578125,146.60000610351562,144.4600067138672,146.35000610351562,2214400,135.68743896484375
2016-11-21,147.2100067138672,148.49000549316406,146.52000427246094,147.02000427246094,2825900,136.30859375
2016-11-22,147.89999389648438,149.75999450683594,147.8800048828125,149.52000427246094,3770000,138.62646484375
2016-11-23,149.61000061035156,150.80999755859375,149.02999877929688,149.74000549316406,2857500,138.8304443359375
2016-11-25,150,150.14999389648438,149.02999877929688,150.0399932861328,962300,139.10853576660156
2016-11-28,149,150.08999633789062,148.32000732421875,149.77000427246094,4728800,138.85821533203125
2016-11-29,149.8300018310547,152.11000061035156,149.11000061035156,151.63999938964844,3945600,140.59197998046875
2016-11-30,151.58999633789062,153.0800018310547,150.55999755859375,150.55999755859375,3991000,139.59068298339844
2016-12-01,150.74000549316406,152.69000244140625,150.38999938964844,152.38999938964844,2843900,141.287353515625
2016-12-02,152.4499969482422,152.49000549316406,151.1199951171875,152.25,2105600,141.1575469970703
2016-12-05,153.24000549316406,153.75,151.85000610351562,152.16000366210938,2855900,141.0740966796875
2016-12-06,150.83999633789062,152.63999938964844,150.02000427246094,152.24000549316406,3476300,141.14830017089844
2016-12-07,151.6699981689453,154.30999755859375,151.07000732421875,154.13999938964844,2955800,142.9098358154297
2016-12-08,154.60000610351562,155.97000122070312,154.13999938964844,155.38999938964844,2928400,144.0687713623047
2016-12-09,155.64999389648438,156.8800048828125,155.4199981689453,156.49000549316406,2707900,145.08863830566406
2016-12-12,156,158,154.3000030517578,157.16000366210938,4250600,145.70982360839844
2016-12-13,159.10000610351562,160.07000732421875,154.8800048828125,156.66000366210938,5650400,145.24623107910156
2016-12-14,156.22999572753906,156.3699951171875,154.17999267578125,154.47000122070312,3640200,143.21585083007812
2016-12-15,153.92999267578125,155.24000549316406,153.05999755859375,153.77000427246094,2889300,142.5668182373047
2016-12-16,153.8800048828125,156,153.13999938964844,154.5,5888300,143.24362182617188
2016-12-19,155.16000366210938,157.10000610351562,155.07000732421875,156.17999267578125,3002800,144.8012237548828
2016-12-20,156.9600067138672,157.88999938964844,155.9499969482422,156.38999938964844,2270100,144.99594116210938
2016-12-21,156.69000244140625,158.5,156.64999389648438,157.47999572753906,2326000,146.00653076171875
2016-12-22,158.5,158.99000549316406,156.25,157.4600067138672,3958500,145.9879608154297
2016-12-23,158.27000427246094,158.27000427246094,156.50999450683594,157.80999755859375,2135800,146.31243896484375
2016-12-27,158.41000366210938,158.47999572753906,156.91000366210938,157.47999572753906,1858700,146.00653076171875
2016-12-28,157.1199951171875,157.35000610351562,156.00999450683594,156.10000610351562,1810400,144.7270965576172
2016-12-29,156,156.75,155.16000366210938,155.69000244140625,1804000,144.34689331054688
2016-12-30,156.49000549316406,156.7899932861328,154.9600067138672,155.67999267578125,2027700,144.337646484375
2017-01-03,156.3000030517578,157.13999938964844,155.2100067138672,156.97000122070312,3426100,145.53366088867188
2017-01-04,157.80999755859375,159.22999572753906,157.80999755859375,158.6199951171875,3189800,147.06346130371094
2017-01-05,158.41000366210938,159.6999969482422,157.39999389648438,158.7100067138672,2796000,147.1468963623047
2017-01-06,158.97999572753906,159.66000366210938,157.88999938964844,159.10000610351562,2426000,147.50848388671875
2017-01-09,159,159.24000549316406,158.1699981689453,158.32000732421875,2839400,146.78530883789062
2017-01-10,158.9600067138672,159.94000244140625,158.57000732421875,159.07000732421875,2988300,147.48069763183594
2017-01-11,159.5399932861328,159.6999969482422,158.27999877929688,159.39999389648438,2416500,147.78663635253906
2017-01-12,159.14999389648438,159.16000366210938,156.6699981689453,158.2899932861328,3020500,146.75750732421875
2017-01-13,158.74000549316406,159.5800018310547,158.33999633789062,158.8300018310547,2435400,147.25816345214844
2017-01-17,158.1999969482422,159.0399932861328,157.22999572753906,157.6699981689453,2758800,146.18267822265625
2017-01-18,157.5500030517578,159.0500030517578,156.75,158.32000732421875,2087000,146.78530883789062
2017-01-19,158.8699951171875,159.8699951171875,157.91000366210938,159,3144000,147.41578674316406
2017-01-20,159.80999755859375,160.3000030517578,158.22999572753906,159.52999877929688,3384500,147.9071807861328
2017-01-23,158.94000244140625,159.5,157.2899932861328,157.83999633789062,3931200,146.34027099609375
2017-01-24,158.5800018310547,160.92999267578125,157.83999633789062,160.5500030517578,3927500,148.85284423828125
2017-01-25,163.58999633789062,168.64999389648438,163.24000549316406,167.36000061035156,7480000,155.1666717529297
2017-01-26,167.25,170,167.25,169.1199951171875,5436800,156.79843139648438
2017-01-27,169.2100067138672,169.8000030517578,167.00999450683594,167.6999969482422,4883200,155.48193359375
2017-01-30,165.9199981689453,165.99000549316406,163.82000732421875,165.57000732421875,5456300,153.50711059570312
2017-01-31,164.9600067138672,165.10000610351562,163.22000122070312,163.4199981689453,5350700,151.5137481689453
2017-02-01,164.25,165.80999755859375,163.1199951171875,163.97000122070312,3138000,152.02369689941406
2017-02-02,163.22000122070312,163.97000122070312,160.82000732421875,162.25999450683594,3791700,150.43824768066406
2017-02-03,162.99000549316406,163.55999755859375,162.30999755859375,162.39999389648438,2981700,150.56805419921875
2017-02-06,162.4199981689453,164.0800018310547,162.3800048828125,163.97999572753906,3110500,152.03294372558594
2017-02-07,165,167.4199981689453,164.8699951171875,166.5,4243200,154.36935424804688
2017-02-08,165,165.24000549316406,163.69000244140625,163.80999755859375,3041600,153.18173217773438
2017-02-09,164.6699981689453,165.08999633789062,164.05999755859375,164.27999877929688,3451100,153.6212615966797
2017-02-10,165.25,166.4499969482422,164.47000122070312,166.22999572753906,2689700,155.44471740722656
2017-02-13,166.4499969482422,169.07000732421875,166.35000610351562,168.02999877929688,3765000,157.12794494628906
2017-02-14,167.6999969482422,168.8000030517578,167.22000122070312,168.5,2580300,157.5674285888672
2017-02-15,168.4199981689453,169.9499969482422,168.35000610351562,169.3000030517578,4033200,158.31553649902344
2017-02-16,169.74000549316406,170.80999755859375,168.75,170.80999755859375,3070100,159.72756958007812
2017-02-17,170.41000366210938,173.25,170.39999389648438,172.7100067138672,4982900,161.50430297851562
2017-02-21,173.9199981689453,176.1699981689453,173.67999267578125,175.55999755859375,4231700,164.1693572998047
2017-02-22,174.97999572753906,175.75,174.00999450683594,175.36000061035156,2832100,163.9823455810547
2017-02-23,175.97000122070312,177,175.6999969482422,176.86000061035156,3502600,165.38504028320312
2017-02-24,176.75,178.8000030517578,176.10000610351562,177.44000244140625,4197200,165.92739868164062
2017-02-27,178,179.8800048828125,177.5500030517578,179.42999267578125,2892600,167.78829956054688
2017-02-28,180.33999633789062,181.92999267578125,179.6699981689453,180.22999572753906,4785100,168.53639221191406
2017-03-01,181.85000610351562,184.8000030517578,181.82000732421875,183.91000366210938,5461800,171.97764587402344
2017-03-02,184,185.7100067138672,182.97000122070312,182.99000549316406,4909000,171.11732482910156
2017-03-03,182.99000549316406,183.5800018310547,181.4499969482422,182.17999267578125,3917500,170.35984802246094
2017-03-06,181.39999389648438,182.3000030517578,180.42999267578125,180.92999267578125,4244000,169.1909637451172
2017-03-07,180.63999938964844,182.83999633789062,180.6199951171875,182.02000427246094,2452000,170.2102508544922
2017-03-08,182.39999389648438,182.69000244140625,181.49000549316406,181.74000549316406,2321700,169.9484405517578
2017-03-09,181.42999267578125,182.58999633789062,179.5800018310547,180.57000732421875,3100500,168.85433959960938
2017-03-10,181.89999389648438,181.97000122070312,177.9199981689453,178.6999969482422,4595600,167.10565185546875
2017-03-13,177.16000366210938,179.19000244140625,177.07000732421875,179.0500030517578,3499000,167.43295288085938
2017-03-14,178.5399932861328,179.69000244140625,177.7100067138672,178.72999572753906,2346700,167.1337127685547
2017-03-15,179,179.24000549316406,177.97000122070312,178.7100067138672,3569000,167.11500549316406
2017-03-16,179.82000732421875,180,177.63999938964844,178.19000244140625,3100700,166.62875366210938
2017-03-17,178.30999755859375,180.3800048828125,178.1699981689453,180.10000610351562,5037400,168.4148406982422
2017-03-20,180.10000610351562,180.14999389648438,179.13999938964844,179.38999938964844,2062200,167.7509002685547
2017-03-21,179.99000549316406,180.25,175.5,175.9600067138672,3239600,164.54345703125
2017-03-22,175.9600067138672,177.10000610351562,175.5,176.97999572753906,2505700,165.4972686767578
2017-03-23,177.33999633789062,177.85000610351562,176.58999633789062,177.25999450683594,2006400,165.75909423828125
2017-03-24,176.85000610351562,177.52999877929688,174.77000427246094,175.82000732421875,2386800,164.41250610351562
2017-03-27,174.3699951171875,176.44000244140625,173.75,176.10000610351562,2750700,164.67434692382812
2017-03-28,176.2899932861328,177.67999267578125,175,177.36000061035156,2412600,165.8525848388672
2017-03-29,177.39999389648438,177.99000549316406,176.97000122070312,177.6300048828125,1640600,166.10507202148438
2017-03-30,177.25,178.49000549316406,177.22000122070312,177.97999572753906,1737200,166.43238830566406
2017-03-31,178.02000427246094,178.17999267578125,176.80999755859375,176.86000061035156,2032700,165.38504028320312
2017-04-03,177.0800018310547,177.72999572753906,175.5,176.64999389648438,2934800,165.18865966796875
2017-04-04,176.8800048828125,178.7899932861328,176.75999450683594,178.6999969482422,2326500,167.10565185546875
2017-04-05,179,180.17999267578125,176.88999938964844,177.0800018310547,2567200,165.5907745361328
2017-04-06,177.55999755859375,178.22000122070312,177.1199951171875,177.3699951171875,2343600,165.8619842529297
2017-04-07,178.38999938964844,179.08999633789062,177.25999450683594,178.85000610351562,2806900,167.24595642089844
2017-04-10,179,179.97000122070312,177.47999572753906,177.55999755859375,2309300,166.03965759277344
2017-04-11,177.5,178.60000610351562,176.9600067138672,178.57000732421875,2266300,166.98411560058594
2017-04-12,178.25,178.25,175.94000244140625,176.0500030517578,2922700,164.62759399414062
2017-04-13,175.74000549316406,176.8800048828125,175.55999755859375,175.6199951171875,2024100,164.22549438476562
2017-04-17,175.83999633789062,179.0800018310547,175.64999389648438,179.02000427246094,2450200,167.4049072265625
2017-04-18,178.58999633789062,179.97000122070312,177.1199951171875,177.85000610351562,2960200,166.31080627441406
2017-04-19,178.47000122070312,179.89999389648438,178.16000366210938,178.39999389648438,2124500,166.8251190185547
2017-04-20,178.74000549316406,179.82000732421875,178.35000610351562,179.3000030517578,2335200,167.66671752929688
2017-04-21,179.4199981689453,180.92999267578125,179.4199981689453,180.3800048828125,3146600,168.67665100097656
2017-04-24,181.75,182.4600067138672,181.61000061035156,182.05999755859375,3141900,170.2476806640625
2017-04-25,182.52999877929688,183.85000610351562,182.52999877929688,183.50999450683594,3735400,171.60354614257812
2017-04-26,182.30999755859375,183,180.11000061035156,181.7100067138672,4471600,169.92037963867188
2017-04-27,182.58999633789062,183.75999450683594,182.58999633789062,183.22000122070312,3129100,171.3323974609375
2017-04-28,183.4199981689453,184.92999267578125,183.02000427246094,184.8300018310547,2181600,172.83795166015625
2017-05-01,184.22999572753906,184.49000549316406,181.8000030517578,182.38999938964844,3516700,170.55624389648438
2017-05-02,182.5399932861328,183.91000366210938,182.52999877929688,183.44000244140625,1979800,171.5381317138672
2017-05-03,183.4499969482422,183.75,182.25,183.38999938964844,2983200,171.49134826660156
2017-05-04,183.3300018310547,184.25,182.17999267578125,183.07000732421875,2289300,171.19212341308594
2017-05-05,183.16000366210938,185.07000732421875,183.16000366210938,185.00999450683594,2636900,173.00625610351562
2017-05-08,185.3800048828125,186.38999938964844,185,186.02000427246094,1963400,173.95074462890625
2017-05-09,186.11000061035156,187.2100067138672,186.0500030517578,186.91000366210938,3004000,174.78298950195312
2017-05-10,185.13999938964844,185.64999389648438,178.17999267578125,183.17999267578125,7060100,172.60633850097656
2017-05-11,182.89999389648438,184.3300018310547,182.1699981689453,183.94000244140625,2883800,173.32247924804688
2017-05-12,183.7100067138672,183.97999572753906,182.6300048828125,183.25,3479200,172.67230224609375
2017-05-15,183.3000030517578,184.11000061035156,182.27999877929688,182.38999938964844,3365000,171.86192321777344
2017-05-16,182.72999572753906,183.14999389648438,182.0399932861328,182.6999969482422,2156100,172.15403747558594
2017-05-17,182.6999969482422,182.6999969482422,178.67999267578125,178.77999877929688,2535700,168.46029663085938
2017-05-18,178.47999572753906,178.5,175.47000122070312,177.39999389648438,3118100,167.15997314453125
2017-05-19,177.72999572753906,181.4199981689453,176.77000427246094,180.75999450683594,4038900,170.32601928710938
2017-05-22,183.77999877929688,185.32000732421875,182.52000427246094,183.6699981689453,2946800,173.06802368164062
2017-05-23,184,184.4600067138672,182.86000061035156,183.49000549316406,2123800,172.89845275878906
2017-05-24,183.4600067138672,185.39999389648438,183.4600067138672,185.25,2424700,174.55685424804688
2017-05-25,185.6300048828125,187.4199981689453,185.58999633789062,187.07000732421875,2363300,176.27178955078125
2017-05-26,186.72999572753906,187.61000061035156,186.27000427246094,186.58999633789062,1735800,175.81947326660156
2017-05-30,186.75999450683594,187.4199981689453,186.19000244140625,186.8800048828125,2231600,176.09274291992188
2017-05-31,187.3699951171875,188.25999450683594,186.72000122070312,187.6300048828125,5186700,176.79945373535156
2017-06-01,187.41000366210938,187.91000366210938,184.52999877929688,187.32000732421875,2870200,176.5073699951172
2017-06-02,187.82000732421875,191.6999969482422,187.64999389648438,190.22999572753906,3034300,179.2493896484375
2017-06-05,190.07000732421875,190.74000549316406,188.80999755859375,188.9499969482422,2522100,178.0432586669922
2017-06-06,188.41000366210938,188.86000061035156,186.69000244140625,186.75,2725000,175.9702606201172
2017-06-07,186.85000610351562,188.5399932861328,186.38999938964844,188.10000610351562,2383500,177.24234008789062
2017-06-08,188.10000610351562,191.07000732421875,187.6999969482422,189.92999267578125,2340300,178.9667205810547
2017-06-09,190,190.99000549316406,189.25,190.02999877929688,3344900,179.06092834472656
2017-06-12,190.3000030517578,190.52999877929688,188.0500030517578,190,2730100,179.0326690673828
2017-06-13,190.0500030517578,191.55999755859375,189.35000610351562,191.08999633789062,1882700,180.0597381591797
2017-06-14,191.0500030517578,193.3800048828125,190.82000732421875,192.3800048828125,2210000,181.2752685546875
2017-06-15,191.42999267578125,195.5500030517578,191.3699951171875,195.4499969482422,2894100,184.1680450439453
2017-06-16,196.00999450683594,197.9499969482422,195.80999755859375,196.44000244140625,6939100,185.10093688964844
2017-06-19,197.8800048828125,199.47000122070312,197,199.0800018310547,2726400,187.5885467529297
2017-06-20,198.75,201.24000549316406,198.30999755859375,198.3300018310547,3077400,186.88182067871094
2017-06-21,199.5800018310547,199.7100067138672,197.55999755859375,199.1699981689453,3151100,187.67330932617188
2017-06-22,199.25,200.41000366210938,199.17999267578125,199.44000244140625,3339300,187.9277801513672
2017-06-23,199.25999450683594,202.35000610351562,198.67999267578125,202.22999572753906,4310100,190.5567169189453
2017-06-26,202.77000427246094,204.38999938964844,199.94000244140625,199.97999572753906,3077600,188.43658447265625
2017-06-27,199.8000030517578,200.9199981689453,198.88999938964844,198.88999938964844,2296900,187.4095001220703
2017-06-28,199.5,200.9499969482422,199.3000030517578,199.6199951171875,2096800,188.0973358154297
2017-06-29,199.6199951171875,199.75999450683594,196.4499969482422,197.4600067138672,2428900,186.0620574951172
2017-06-30,198.5,199.44000244140625,197.38999938964844,197.75,2225600,186.3352813720703
2017-07-03,198.07000732421875,199.44000244140625,197.75,198.58999633789062,1511200,187.12680053710938
2017-07-05,199.3000030517578,202.13999938964844,198.86000061035156,201.80999755859375,2716700,190.1609649658203
2017-07-06,201.63999938964844,202.49000549316406,200.77999877929688,201.47999572753906,2737400,189.8499755859375
2017-07-07,202.24000549316406,203.27999877929688,201.25999450683594,202.3699951171875,3090400,190.68861389160156
2017-07-10,202.32000732421875,204.5800018310547,202.19000244140625,203.9600067138672,2701900,192.1868438720703
2017-07-11,204,206.66000366210938,204,206.27000427246094,2815800,194.3634796142578
2017-07-12,206.9499969482422,208.61000061035156,206.32000732421875,206.44000244140625,2817400,194.52369689941406
2017-07-13,206.8000030517578,207,205.35000610351562,206.22999572753906,1943600,194.3258056640625
2017-07-14,206.8000030517578,208.72999572753906,206.74000549316406,208.50999450683594,3229000,196.47418212890625
2017-07-17,208.72999572753906,209.72000122070312,208.55999755859375,209,2416000,196.9359130859375
2017-07-18,209.11000061035156,209.19000244140625,207.52999877929688,208.24000549316406,1942300,196.21978759765625
2017-07-19,209.42999267578125,210.92999267578125,208.99000549316406,210.8800048828125,2258400,198.70742797851562
2017-07-20,211.10000610351562,211.25,209.9199981689453,210.27999877929688,2235100,198.14202880859375
2017-07-21,209.99000549316406,212.1999969482422,209.41000366210938,212.13999938964844,2098400,199.89466857910156
2017-07-24,212,212.63999938964844,211.39999389648438,212.17999267578125,2392700,199.93234252929688
2017-07-25,213.22000122070312,214,211.9499969482422,212.4600067138672,2889000,200.1962127685547
2017-07-26,223.47999572753906,233.97999572753906,223.02000427246094,233.4499969482422,14140000,219.97459411621094
2017-07-27,237.1300048828125,242.67999267578125,236.6999969482422,241,10860600,227.0887908935547
2017-07-28,240.82000732421875,242,238.5500030517578,241.27000427246094,4602400,227.3432159423828
2017-07-31,241.85000610351562,246.49000549316406,241.82000732421875,242.4600067138672,5777300,228.46453857421875
2017-08-01,243.3800048828125,243.99000549316406,239.16000366210938,239.44000244140625,5018400,225.6188507080078
2017-08-02,239.05999755859375,241.55999755859375,237.8800048828125,237.9499969482422,5119900,224.21481323242188
2017-08-03,237.05999755859375,239.58999633789062,236.0399932861328,238.25,5112700,224.49752807617188
2017-08-04,238.5800018310547,239.72999572753906,236.3800048828125,237.7100067138672,5590500,223.98870849609375
2017-08-07,237.60000610351562,241.42999267578125,237.2100067138672,240.22999572753906,3674700,226.36325073242188
2017-08-08,239.91000366210938,240.52000427246094,238.92999267578125,239.5,4871500,225.67538452148438
2017-08-09,238.00999450683594,238.6999969482422,234.10000610351562,234.30999755859375,5680400,222.10179138183594
2017-08-10,234.02999877929688,236.16000366210938,231.91000366210938,232.8800048828125,6817700,220.74630737304688
2017-08-11,232.75999450683594,235.39999389648438,230.94000244140625,234.8800048828125,3461700,222.64210510253906
2017-08-14,236.00999450683594,237.47999572753906,235.72000122070312,237.14999389648438,2953500,224.7938232421875
2017-08-15,237.2100067138672,239.63999938964844,236.00999450683594,239.1699981689453,2851100,226.7085418701172
2017-08-16,239.6999969482422,240.25999450683594,237.41000366210938,237.58999633789062,3012700,225.2108917236328
2017-08-17,237.3800048828125,237.60000610351562,235.25,235.58999633789062,2810900,223.31512451171875
2017-08-18,235,237.25999450683594,234.57000732421875,235.77000427246094,2939500,223.4857177734375
2017-08-21,235.77000427246094,236.94000244140625,234.35000610351562,235.67999267578125,2545400,223.40040588378906
2017-08-22,236.16000366210938,239.88999938964844,236.11000061035156,239.75,2915700,227.25833129882812
2017-08-23,239.36000061035156,239.36000061035156,237.19000244140625,238.08999633789062,2518300,225.68482971191406
2017-08-24,238.52000427246094,238.89999389648438,236.60000610351562,238.74000549316406,2553100,226.3009796142578
2017-08-25,239,239.08999633789062,235.60000610351562,235.88999938964844,2270300,223.59945678710938
2017-08-28,236.22000122070312,237.5500030517578,234.61000061035156,237.17999267578125,2395000,224.82225036621094
2017-08-29,237.2100067138672,241.1699981689453,236.0800018310547,240.49000549316406,3535500,227.9597930908203
2017-08-30,240.99000549316406,241.44000244140625,239,240.4600067138672,2801100,227.93138122558594
2017-08-31,241,241.10000610351562,238.41000366210938,239.66000366210938,3075800,227.17306518554688
2017-09-01,239.66000366210938,242.52999877929688,239.1699981689453,240.3300018310547,3270700,227.80812072753906
2017-09-05,240.3000030517578,240.36000061035156,236.22999572753906,237,3866600,224.6516571044922
2017-09-06,237.52999877929688,237.86000061035156,234.33999633789062,234.6199951171875,4252700,222.39564514160156
2017-09-07,234.75,236.5399932861328,234.2899932861328,236.30999755859375,2994500,223.9976043701172
2017-09-08,235.75,239.38999938964844,235.2100067138672,238.77999877929688,3404200,226.33889770507812
2017-09-11,239.5,241.85000610351562,239.30999755859375,240.58999633789062,3628100,228.05459594726562
2017-09-12,240.58999633789062,241.7100067138672,238.9499969482422,240.5800018310547,2702700,228.0451202392578
2017-09-13,240,243.47999572753906,237.08999633789062,241.92999267578125,4529100,229.3247528076172
2017-09-14,243,245.61000061035156,242.5,245.22999572753906,4995200,232.4528350830078
2017-09-15,247.36000061035156,249.9499969482422,246.2100067138672,249,9033300,236.02638244628906
2017-09-18,249.97000122070312,253.7899932861328,248.91000366210938,253.0800018310547,5193000,239.89382934570312
2017-09-19,253.0800018310547,255.1699981689453,251.6300048828125,252.4600067138672,4124700,239.30615234375
2017-09-20,253.25999450683594,256.69000244140625,252.25,255.4600067138672,3853200,242.14984130859375
2017-09-21,256.1300048828125,256.989990234375,254.4199981689453,256.0400085449219,2809400,242.69960021972656
2017-09-22,256.30999755859375,259.29998779296875,256.1300048828125,256.45001220703125,3475600,243.08828735351562
2017-09-25,256.9700012207031,256.9700012207031,251.5,254.32000732421875,3479200,241.06922912597656
2017-09-26,254.60000610351562,256.4800109863281,253.5399932861328,253.6999969482422,2173600,240.48153686523438
2017-09-27,255.27000427246094,258.7699890136719,253.97000122070312,255.27999877929688,3840100,241.9792022705078
2017-09-28,254.11000061035156,255.8000030517578,251.1699981689453,254.27000427246094,2586100,241.0218048095703
2017-09-29,253.85000610351562,255.25999450683594,252.58999633789062,254.2100067138672,2531100,240.9649658203125
2017-10-02,254.64999389648438,255.99000549316406,253.52999877929688,255.99000549316406,2685100,242.6522216796875
2017-10-03,255.99000549316406,258.260009765625,254.69000244140625,255.4600067138672,3163400,242.14984130859375
2017-10-04,256.1199951171875,257.1300048828125,254.07000732421875,255.75999450683594,3031000,242.4342041015625
2017-10-05,255.27999877929688,258.989990234375,254.77999877929688,258.8900146484375,3940200,245.40113830566406
2017-10-06,258,258.8999938964844,257.05999755859375,258.5799865722656,2736400,245.1072540283203
2017-10-09,259,259,257.1099853515625,258.3900146484375,2146100,244.92718505859375
2017-10-10,259.739990234375,261.05999755859375,257.20001220703125,260.92999267578125,2740700,247.33480834960938
2017-10-11,261.32000732421875,261.6499938964844,259.0199890136719,261.44000244140625,2890300,247.8182830810547
2017-10-12,260.95001220703125,262.9800109863281,260,261.9100036621094,2577900,248.2637939453125
2017-10-13,262.8999938964844,263.7900085449219,260.739990234375,260.739990234375,2243900,247.1547088623047
2017-10-16,261.5,262,259.69000244140625,259.75,1818900,246.21629333496094
2017-10-17,256.489990234375,259.04998779296875,256.260009765625,258.6199951171875,2515900,245.14520263671875
2017-10-18,258.4700012207031,260.7300109863281,256.6600036621094,260.0400085449219,2051700,246.49119567871094
2017-10-19,258.9800109863281,259.1000061035156,256.0299987792969,259.0400085449219,2589200,245.54330444335938
2017-10-20,260.3599853515625,264.8299865722656,259.44000244140625,264.75,3955900,250.95578002929688
2017-10-23,265.1300048828125,265.9800109863281,262.1400146484375,262.32000732421875,3302400,248.6523895263672
2017-10-24,263.239990234375,267.2099914550781,263.239990234375,266,4401600,252.140625
2017-10-25,264.7799987792969,266,254.5,258.4200134277344,7895300,244.95559692382812
2017-10-26,259.7200012207031,261.44000244140625,257.30999755859375,259.2699890136719,3419100,245.76129150390625
2017-10-27,258.260009765625,259.5,255.8000030517578,256.4599914550781,2899200,243.0977020263672
2017-10-30,255.4499969482422,260.4100036621094,255.3300018310547,259.25,3025900,245.74237060546875
2017-10-31,259.3399963378906,259.92999267578125,257.4700012207031,257.9800109863281,2742800,244.5385284423828
2017-11-01,258.2900085449219,259.4100036621094,256.239990234375,258.5,2929500,245.03143310546875
2017-11-02,258.30999755859375,263.239990234375,258,262.6300048828125,2529900,248.94625854492188
2017-11-03,262.4200134277344,263.7900085449219,260.0799865722656,261.75,2610800,248.1121063232422
2017-11-06,262.6199951171875,265.8399963378906,262.5299987792969,264.07000732421875,2911600,250.3112030029297
2017-11-07,264.07000732421875,267.2799987792969,264.07000732421875,266.1300048828125,3205400,252.2638702392578
2017-11-08,266.1400146484375,267.6199951171875,265.2900085449219,265.57000732421875,2841800,251.73309326171875
2017-11-09,265.010009765625,266.75,259.55999755859375,262.70001220703125,3215900,250.3512420654297
2017-11-10,262.1099853515625,262.5,259.6000061035156,260.8500061035156,1740600,248.58819580078125
2017-11-13,261.6700134277344,263.3599853515625,260.489990234375,262.4200134277344,2604100,250.0843963623047
2017-11-14,262,262.3999938964844,260.20001220703125,261.760009765625,2358200,249.45541381835938
2017-11-15,261.4200134277344,264.7699890136719,260.1499938964844,262.8599853515625,2510500,250.50372314453125
2017-11-16,263.760009765625,265.0400085449219,263.3399963378906,263.70001220703125,2710200,251.30421447753906
2017-11-17,262.82000732421875,263.739990234375,262.0299987792969,262.260009765625,1724800,249.93191528320312
2017-11-20,263,265.6199951171875,262.760009765625,264.6300048828125,2447400,252.19052124023438
2017-11-21,266.239990234375,267,264.7099914550781,266.989990234375,2267100,254.4395751953125
2017-11-22,267,267.4800109863281,264.5299987792969,265.1499938964844,1471400,252.6860809326172
2017-11-24,265.260009765625,266.57000732421875,264.5299987792969,265.8800048828125,788900,253.38174438476562
2017-11-27,265.3800048828125,266.8399963378906,264.7200012207031,265.5799865722656,1772200,253.09584045410156
2017-11-28,267,268.010009765625,265.2300109863281,267.989990234375,2262100,255.3925323486328
2017-11-29,269.4800109863281,269.67999267578125,266.1499938964844,269.29998779296875,3029100,256.6409606933594
2017-11-30,269.9100036621094,277.0400085449219,269.42999267578125,276.79998779296875,4820300,263.7884521484375
2017-12-01,277.510009765625,278.7300109863281,270.6000061035156,271.3800048828125,4592500,258.6231994628906
2017-12-04,276.1600036621094,281.8299865722656,276,277.9700012207031,5523000,264.9034118652344
2017-12-05,279.010009765625,279.44000244140625,274.8599853515625,275.5400085449219,2806100,262.5876770019531
2017-12-06,276.5799865722656,279.1400146484375,274,278.2699890136719,2538100,265.1893615722656
2017-12-07,282.80999755859375,284.7900085449219,277.79998779296875,281.9700012207031,4264400,268.71539306640625
2017-12-08,285.010009765625,287.32000732421875,283.55999755859375,285.8999938964844,4440500,272.46063232421875
2017-12-11,286.2099914550781,286.489990234375,279.8999938964844,283.1600036621094,4065200,269.8494567871094
2017-12-12,291.3399963378906,292.79998779296875,287.7200012207031,289.94000244140625,5517600,276.3107604980469
2017-12-13,290.5,295.8500061035156,289.70001220703125,291.8399963378906,5003300,278.1214294433594
2017-12-14,293.3500061035156,296.82000732421875,292.6000061035156,293.8800048828125,3913400,280.0655212402344
2017-12-15,295.8699951171875,297.3699951171875,293.0199890136719,293.94000244140625,6933500,280.12274169921875
2017-12-18,296,297.1400146484375,294.5199890136719,296.1400146484375,2901600,282.2193298339844
2017-12-19,296.5,297.5799865722656,294.17999267578125,297.25,2728400,283.2771301269531
2017-12-20,298.70001220703125,299.3299865722656,297.1099853515625,297.8999938964844,2533700,283.89654541015625
2017-12-21,298.04998779296875,298.3900146484375,294.1300048828125,295.0299987792969,5398300,281.1614685058594
2017-12-22,296.3299865722656,296.5199890136719,293.010009765625,295.1000061035156,2257400,281.22821044921875
2017-12-26,295.5400085449219,297.44000244140625,294.6499938964844,295.3599853515625,1394700,281.4759521484375
2017-12-27,296.4100036621094,296.79998779296875,294.79998779296875,295.6199951171875,1447800,281.7237243652344
2017-12-28,295.80999755859375,296.989990234375,294.739990234375,296.3500061035156,1436800,282.41949462890625
2017-12-29,296.94000244140625,297.29998779296875,294.8299865722656,294.9100036621094,1824600,281.0471496582031
2018-01-02,295.75,296.989990234375,295.3999938964844,296.8399963378906,2978900,282.88641357421875
2018-01-03,295.94000244140625,298.5,295.4700012207031,297.79998779296875,3211200,283.8012390136719
2018-01-04,297.94000244140625,298.4200134277344,295.4700012207031,296.6700134277344,4171700,282.724365234375
2018-01-05,296.7699890136719,308.8900146484375,296.7200012207031,308.8399963378906,6177700,294.3222961425781
2018-01-08,308.6600036621094,310.8599853515625,305.75,310.1499938964844,4124900,295.5707092285156
2018-01-09,310.5899963378906,319.9100036621094,310.489990234375,318.42999267578125,5641300,303.46148681640625
2018-01-10,317.489990234375,322.1499938964844,315.5,320.260009765625,4479300,305.2055358886719
2018-01-11,322.1300048828125,328.3999938964844,321.19000244140625,328.1199951171875,4635300,312.6960144042969
2018-01-12,330.3800048828125,336.8800048828125,330.3800048828125,336.2099914550781,6559300,320.4057312011719
2018-01-16,339.8999938964844,347.7300109863281,331.3299865722656,335.1600036621094,12305500,319.40509033203125
2018-01-17,337.7300109863281,352.2300109863281,336.4100036621094,351.010009765625,9699900,334.51007080078125
2018-01-18,350.70001220703125,350.8299865722656,339.1499938964844,340.1600036621094,9458600,324.1700134277344
2018-01-19,341.6700134277344,344,335.75,337.7300109863281,7264400,321.8542785644531
2018-01-22,335.2900085449219,341.3800048828125,332.0400085449219,338,6792900,322.111572265625
2018-01-23,338.3399963378906,338.94000244140625,334.80999755859375,335.5899963378906,4537800,319.81488037109375
2018-01-24,336.20001220703125,338.989990234375,334.1400146484375,334.69000244140625,4205400,318.95721435546875
2018-01-25,336.2099914550781,343.6199951171875,335.29998779296875,343.1099853515625,4747500,326.98138427734375
2018-01-26,344.3299865722656,345.9800109863281,341.25,343.2200012207031,5236300,327.08624267578125
2018-01-29,341.2300109863281,344.4800109863281,340.1000061035156,340.82000732421875,3324900,324.79901123046875
2018-01-30,339.1700134277344,339.9800109863281,334.1600036621094,337.7099914550781,4983100,321.835205078125
2018-01-31,360.5,360.9700012207031,351.6199951171875,354.3699951171875,11409600,337.7120666503906
2018-02-01,352.95001220703125,361.45001220703125,352.0400085449219,356.94000244140625,6067600,340.1612548828125
2018-02-02,354,355.20001220703125,348.70001220703125,348.9100036621094,5486100,332.5087585449219
2018-02-05,342.6700134277344,350,317.3900146484375,328.8800048828125,10511300,313.4203186035156
2018-02-06,320,341.6700134277344,317.6499938964844,340.9100036621094,11935100,324.88482666015625
2018-02-07,340.5199890136719,353.5899963378906,339.8699951171875,348.1199951171875,7946700,331.755859375
2018-02-08,348,349,329.3999938964844,329.6600036621094,8295900,315.7145080566406
2018-02-09,333.54998779296875,337.80999755859375,319.25,332.8299865722656,8833000,318.75030517578125
2018-02-12,336.57000732421875,347.75,335.1300048828125,343.79998779296875,6885000,329.2562561035156
2018-02-13,340.45001220703125,347.8800048828125,340.2900085449219,343.1600036621094,4030200,328.64337158203125
2018-02-14,341.3399963378906,347.42999267578125,341.1700134277344,344.8500061035156,4340200,330.2618713378906
2018-02-15,348.4700012207031,356.54998779296875,348.04998779296875,356.4599914550781,5827500,341.3807678222656
2018-02-16,356.5899963378906,359.5,353.510009765625,355.0400085449219,5211600,340.02081298828125
2018-02-20,352,357.7900085449219,351.3999938964844,353.3500061035156,4303400,338.4023132324219
2018-02-21,352.55999755859375,360.80999755859375,351.75,352.3699951171875,5258600,337.46368408203125
2018-02-22,354.6499938964844,358.07000732421875,352.6400146484375,355.9200134277344,3414300,340.86358642578125
2018-02-23,358.17999267578125,358.7699890136719,353.07000732421875,356.6600036621094,3355400,341.5722351074219
2018-02-26,359.5,364.04998779296875,358.2099914550781,363.4800109863281,4148100,348.1037902832031
2018-02-27,364.6000061035156,369.8900146484375,363.29998779296875,364.6400146484375,4774100,349.2147216796875
2018-02-28,366.79998779296875,371.6000061035156,362.2099914550781,362.2099914550781,5472900,346.8874816894531
2018-03-01,362.3299865722656,362.739990234375,346.3999938964844,349.69000244140625,8978000,334.89715576171875
2018-03-02,341.82000732421875,346.0899963378906,335.29998779296875,344.6700134277344,10021300,330.0894775390625
2018-03-05,338,354.7699890136719,336.6099853515625,352.75,8140200,337.8276672363281
2018-03-06,354.239990234375,355.2099914550781,346.0199890136719,348.9200134277344,4888300,334.1596984863281
2018-03-07,341.5199890136719,348.4100036621094,339.5,347.0400085449219,4575700,332.3592224121094
2018-03-08,349.510009765625,352.5,343.95001220703125,348.7300109863281,4319900,333.977783203125
2018-03-09,352.6499938964844,354.8900146484375,350.2300109863281,354.5199890136719,3538300,339.5227966308594
2018-03-12,355.20001220703125,355.2300109863281,343.260009765625,344.19000244140625,6088800,329.62982177734375
2018-03-13,345.32000732421875,347.8800048828125,337.6099853515625,338.6700134277344,5443800,324.34332275390625
2018-03-14,339.7900085449219,340.5199890136719,322.29998779296875,330.260009765625,13057900,316.2890625
2018-03-15,332.29998779296875,332.9200134277344,322.9100036621094,329.9800109863281,8766000,316.0209045410156
2018-03-16,329.82000732421875,330.8299865722656,325.6300048828125,330.4700012207031,9329000,316.49017333984375
2018-03-19,327.45001220703125,333.3299865722656,326.7799987792969,331.760009765625,6328900,317.7256164550781
2018-03-20,331.8399963378906,339.70001220703125,331,337.6300048828125,6500500,323.3473205566406
2018-03-21,337.07000732421875,341.9100036621094,335.1700134277344,337.1000061035156,4056300,322.8397216796875
2018-03-22,330.1099853515625,332.67999267578125,319.010009765625,319.6099853515625,7282200,306.0895690917969
2018-03-23,320.1499938964844,331.1400146484375,318.32000732421875,321,7237500,307.4207458496094
2018-03-26,330.4800109863281,331.94000244140625,323.5899963378906,328.9700012207031,5392900,315.05364990234375
2018-03-27,331.510009765625,334.8800048828125,319,321.1199951171875,5355500,307.53570556640625
2018-03-28,321.8500061035156,323.239990234375,311.1700134277344,320.0199890136719,5634700,306.4822692871094
2018-03-29,323.3800048828125,330.4800109863281,322,327.8800048828125,3652100,314.0097961425781
2018-04-02,325.20001220703125,329.94000244140625,317.1700134277344,322.44000244140625,5024900,308.7998962402344
2018-04-03,324.760009765625,331.1000061035156,323.0899963378906,330.82000732421875,4783100,316.8254089355469
2018-04-04,312.29998779296875,327.80999755859375,311.8800048828125,327.44000244140625,8235700,313.5883483886719
2018-04-05,330.5899963378906,338.9599914550781,330.260009765625,336.3999938964844,6220000,322.1693115234375
2018-04-06,330.6099853515625,334.5899963378906,322.2099914550781,326.1199951171875,5713600,312.3241882324219
2018-04-09,332.25,334.8800048828125,322.04998779296875,322.4800109863281,4931700,308.8381652832031
2018-04-10,331.3500061035156,336.69000244140625,329.54998779296875,334.8299865722656,5552000,320.6657409667969
2018-04-11,331.6000061035156,337.57000732421875,326.30999755859375,327.3599853515625,4573500,313.51171875
2018-04-12,331.9800109863281,338.3500061035156,330.4599914550781,337.4800109863281,4325000,323.2036437988281
2018-04-13,338.989990234375,339.6700134277344,326.6000061035156,329.2799987792969,4733500,315.3504943847656
2018-04-16,332.3399963378906,333.2200012207031,327.6300048828125,331.7699890136719,3901400,317.73516845703125
2018-04-17,334.7300109863281,339.739990234375,333.6499938964844,336.7200012207031,3381800,322.475830078125
2018-04-18,338.3299865722656,342.3999938964844,337.17999267578125,341,3117500,326.57470703125
2018-04-19,340.19000244140625,342.4100036621094,337.5,340.6400146484375,3006800,326.22998046875
2018-04-20,340.7300109863281,341.3999938964844,335.04998779296875,338.6700134277344,3038000,324.34332275390625
2018-04-23,339.54998779296875,341.260009765625,336,338.8399963378906,2765600,324.506103515625
2018-04-24,343.1700134277344,347.6700134277344,323.2799987792969,329.05999755859375,7051800,315.1398620605469
2018-04-25,338.1199951171875,344.9100036621094,330.5199890136719,342.8599853515625,11023600,328.35601806640625
2018-04-26,344.010009765625,345.6499938964844,338.3299865722656,342.7900085449219,5273600,328.2890625
2018-04-27,341.25,342.9200134277344,337.7699890136719,340.8800048828125,3390400,326.4598083496094
2018-04-30,341.1700134277344,342.5799865722656,333.3999938964844,333.55999755859375,3721600,319.449462890625
2018-05-01,332.5,333.9100036621094,324.17999267578125,329.5400085449219,4313100,315.5994873046875
2018-05-02,329.5,330.7099914550781,323.9800109863281,324.19000244140625,3436100,310.475830078125
2018-05-03,322.9700012207031,332.6300048828125,319.1300048828125,330.69000244140625,6383200,316.7008972167969
2018-05-04,328.0400085449219,335.8900146484375,328.0400085449219,334.42999267578125,3655100,320.28265380859375
2018-05-07,335.2300109863281,342.9800109863281,335.2099914550781,340.42999267578125,4192200,326.02880859375
2018-05-08,339.7699890136719,341.94000244140625,336.6099853515625,338.3699951171875,4014100,324.05596923828125
2018-05-09,339.489990234375,346.92999267578125,338.5799865722656,344.5,4347000,329.9266662597656
2018-05-10,343.989990234375,348.57000732421875,342.4100036621094,344.07000732421875,3920400,331.1585998535156
2018-05-11,343.7699890136719,345.4200134277344,341.04998779296875,342.4599914550781,2332200,329.6090393066406
2018-05-14,344,347.739990234375,343.8900146484375,344.5899963378906,2520300,331.65911865234375
2018-05-15,343,343.8500061035156,340.260009765625,342.1199951171875,3009100,329.28179931640625
2018-05-16,342,343.55999755859375,340.29998779296875,340.9700012207031,2230100,328.1749572753906
2018-05-17,340.4700012207031,344.7699890136719,340.25,344.1400146484375,2483300,331.22601318359375
2018-05-18,345.6000061035156,352.04998779296875,345.19000244140625,351.2300109863281,4327700,338.0499267578125
2018-05-21,358.4599914550781,365,358.45001220703125,363.9200134277344,6785400,350.2637939453125
2018-05-22,364,364.8500061035156,354.5199890136719,355.0199890136719,5389400,341.6977233886719
2018-05-23,352.2799987792969,359.6000061035156,351.6199951171875,359.2099914550781,4497500,345.7304992675781
2018-05-24,358.45001220703125,360.6600036621094,354.3699951171875,359,3932100,345.5283203125
2018-05-25,358.1199951171875,360.6000061035156,357.04998779296875,360.0899963378906,2463700,346.57745361328125
2018-05-29,357.7099914550781,360.9700012207031,350.6600036621094,352.4800109863281,4249600,339.2530822753906
2018-05-30,355.6499938964844,358.9200134277344,354.1000061035156,358.19000244140625,2825200,344.7488098144531
2018-05-31,356.8299865722656,356.8299865722656,351.6199951171875,352.1600036621094,4406300,338.9450378417969
2018-06-01,355.7900085449219,358.1499938964844,354.4599914550781,356.7200012207031,2657800,343.33392333984375
2018-06-04,358.9700012207031,363.3900146484375,358.8500061035156,360.7300109863281,2950300,347.1935119628906
2018-06-05,360.5,363.3699951171875,358.8500061035156,360.1000061035156,2567800,346.5871276855469
2018-06-06,362.4599914550781,371.6000061035156,360.989990234375,371.55999755859375,4488400,357.6170654296875
2018-06-07,372,374.4800109863281,366.04998779296875,368.5299987792969,4517800,354.7007751464844
2018-06-08,368.1400146484375,371.4200134277344,365.4599914550781,369.5,3292900,355.63433837890625
2018-06-11,371,373.3299865722656,368.79998779296875,370.94000244140625,2468500,357.0203552246094
2018-06-12,371.239990234375,372.7300109863281,367.989990234375,370.6199951171875,2440400,356.7123107910156
2018-06-13,370.6700134277344,371,363.2900085449219,363.8500061035156,3867600,350.1964111328125
2018-06-14,366.1499938964844,367.6400146484375,358.8299865722656,362.4200134277344,4039500,348.820068359375
2018-06-15,358.1499938964844,361.6600036621094,353.4700012207031,357.8800048828125,9946000,344.4504089355469
2018-06-18,353.19000244140625,357.6499938964844,352.3699951171875,354.739990234375,3363200,341.4282531738281
2018-06-19,347.1700134277344,347.1700134277344,338.57000732421875,341.1199951171875,6857300,328.3193359375
2018-06-20,346,346.9800109863281,340.4599914550781,342.69000244140625,4540000,329.83038330078125
2018-06-21,341.1499938964844,341.1499938964844,336.20001220703125,337.6600036621094,4048300,324.9891662597656
2018-06-22,340.42999267578125,340.94000244140625,336.6000061035156,338.9100036621094,3192000,326.1922607421875
2018-06-25,332.5199890136719,333.8500061035156,327.6000061035156,331.20001220703125,5006200,318.7716064453125
2018-06-26,332.3900146484375,334.3999938964844,330.4800109863281,331.29998779296875,3112400,318.8677978515625
2018-06-27,334.8500061035156,341.4200134277344,329.760009765625,329.82000732421875,4578900,317.4433898925781
2018-06-28,330,337.5400085449219,327.2900085449219,334.6499938964844,3348000,322.0920715332031
2018-06-29,337.19000244140625,340,335.3599853515625,335.510009765625,3108500,322.9198303222656
2018-07-02,330.69000244140625,336.3299865722656,329.32000732421875,336.0799865722656,2820700,323.46844482421875
2018-07-03,338.17999267578125,339.69000244140625,332,332.92999267578125,1464400,320.4366760253906
2018-07-05,336.1499938964844,337.2799987792969,329.1000061035156,333.17999267578125,2427900,320.6772766113281
2018-07-06,332.8399963378906,336.1000061035156,330.45001220703125,334.6400146484375,2105100,322.0824890136719
2018-07-09,337.5,343.0400085449219,336.510009765625,341.9200134277344,3128700,329.0893249511719
2018-07-10,342.7799987792969,348,342.7799987792969,347.1600036621094,3278300,334.1326599121094
2018-07-11,341.7300109863281,344.3900146484375,339.19000244140625,340.6000061035156,3056900,327.81884765625
2018-07-12,345.2799987792969,346.6000061035156,342.739990234375,346.0299987792969,2030700,333.0450744628906
2018-07-13,347,351.239990234375,346.20001220703125,350.7900085449219,2272300,337.6264953613281
2018-07-16,353.9700012207031,356.3399963378906,352.3500061035156,356.1000061035156,2889000,342.7372131347656
2018-07-17,357.6099853515625,359,355.0400085449219,356.8800048828125,2730500,343.4879150390625
2018-07-18,359,361.8599853515625,354.260009765625,360.2300109863281,3090100,346.7122497558594
2018-07-19,357.69000244140625,359.3900146484375,355.260009765625,355.3299865722656,2711700,341.99609375
2018-07-20,353.0400085449219,356.989990234375,353,354.8999938964844,1816700,341.58221435546875
2018-07-23,355,355,352.3900146484375,353.2699890136719,1943700,340.0133972167969
2018-07-24,356.75,359.4700012207031,354.6400146484375,358.2699890136719,3182000,344.8257751464844
2018-07-25,351.5199890136719,356.29998779296875,345.5,355.9200134277344,7378100,342.56396484375
2018-07-26,355.3800048828125,360.20001220703125,355.2699890136719,359.32000732421875,3191200,345.83636474609375
2018-07-27,361.05999755859375,364.5400085449219,359.4700012207031,360.6499938964844,2914700,347.1164855957031
2018-07-30,361.989990234375,362.45001220703125,350.4700012207031,351.05999755859375,3080400,337.8863525390625
2018-07-31,354.3800048828125,359.0199890136719,354.05999755859375,356.29998779296875,2728400,342.9296875
2018-08-01,354.0899963378906,357.9100036621094,350.5,352.760009765625,2717800,339.5225524902344
2018-08-02,348.6199951171875,350.7300109863281,346.0299987792969,349.7300109863281,2655900,336.6062927246094
2018-08-03,349.5,350.989990234375,345.6700134277344,348.44000244140625,2285200,335.36468505859375
2018-08-06,347.3699951171875,347.3699951171875,343.1199951171875,346.57000732421875,3251100,333.5647888183594
2018-08-07,348.04998779296875,352.1199951171875,345.5,350.760009765625,2267400,337.5975646972656
2018-08-08,350.5,351.6199951171875,346.25,347.7799987792969,2333600,334.72943115234375
2018-08-09,346.07000732421875,346.8399963378906,343.1199951171875,343.7200012207031,2301800,332.4563903808594
2018-08-10,341,341,336.45001220703125,339.4100036621094,2745700,328.28765869140625
2018-08-13,339.6000061035156,342.1499938964844,337.3399963378906,338.3599853515625,1877200,327.27203369140625
2018-08-14,339.1199951171875,340.1499938964844,337.6199951171875,339.1400146484375,2017300,328.02655029296875
2018-08-15,336.57000732421875,337.1400146484375,328.0299987792969,331.760009765625,3798600,320.88836669921875
2018-08-16,339.05999755859375,347.7200012207031,338.29998779296875,345.9800109863281,5867900,334.64239501953125
2018-08-17,346,348.5,341.6700134277344,346.3999938964844,3069200,335.048583984375
2018-08-20,348.6000061035156,352.6099853515625,347.1000061035156,350.739990234375,3018200,339.2463684082031
2018-08-21,351,354.45001220703125,349.6300048828125,353.7699890136719,2967200,342.1770935058594
2018-08-22,354.32000732421875,355.8699951171875,349.8399963378906,350.0299987792969,2682900,338.55963134765625
2018-08-23,349.1499938964844,350.2799987792969,345.4599914550781,347.4800109863281,1833400,336.0932312011719
2018-08-24,348.7699890136719,350.6300048828125,348.1000061035156,349.3800048828125,1954100,337.93096923828125
2018-08-27,352.1099853515625,355,351.010009765625,353.739990234375,2279500,342.1480712890625
2018-08-28,355,355.67999267578125,350.6099853515625,351.2099914550781,2475100,339.70098876953125
2018-08-29,352.260009765625,352.3500061035156,349.2099914550781,350.19000244140625,1850100,338.71441650390625
2018-08-30,350.3500061035156,350.95001220703125,345.75,346.8999938964844,3257700,335.5321960449219
2018-08-31,345.04998779296875,345.8500061035156,341.5799865722656,342.7900085449219,3462700,331.5569152832031
2018-09-04,341.6000061035156,346.32000732421875,339.2799987792969,346.25,2699400,334.90350341796875
2018-09-05,345.7699890136719,347.25,343.1600036621094,346.67999267578125,2959000,335.3194274902344
2018-09-06,347.54998779296875,353.3500061035156,346.5799865722656,351.2699890136719,3585900,339.75897216796875
2018-09-07,348.82000732421875,350.010009765625,344.4599914550781,349.2799987792969,3921900,337.8342590332031
2018-09-10,349.489990234375,350.75,341.67999267578125,341.8599853515625,3065500,330.6573486328125
2018-09-11,339.010009765625,346.6199951171875,337.30999755859375,345.25,2731800,333.9363098144531
2018-09-12,345,355.0400085449219,344.6099853515625,353.4100036621094,4003800,341.8288879394531
2018-09-13,356.3599853515625,360.4200134277344,354.29998779296875,355.4599914550781,3166500,343.8116760253906
2018-09-14,356.44000244140625,362.260009765625,356.1000061035156,359.79998779296875,2835800,348.009521484375
2018-09-17,359.2799987792969,361.29998779296875,354.5400085449219,355.9599914550781,2554500,344.2953186035156
2018-09-18,357.29998779296875,365.80999755859375,356.1000061035156,363.5799865722656,3003500,351.6656188964844
2018-09-19,363.5799865722656,371.2300109863281,363.19000244140625,365.2200012207031,4753400,353.2518615722656
2018-09-20,368.739990234375,371.7300109863281,365.6700134277344,367.4599914550781,4011100,355.4184875488281
2018-09-21,369.3999938964844,372.57000732421875,366.04998779296875,372.2300109863281,7144000,360.03216552734375
2018-09-24,371,371.8900146484375,367.3299865722656,367.989990234375,2800200,355.93109130859375
2018-09-25,369.0799865722656,370.4599914550781,366.8800048828125,367.2300109863281,2969200,355.19598388671875
2018-09-26,367.5,368.55999755859375,364.32000732421875,365.0299987792969,2368600,353.068115234375
2018-09-27,368.3999938964844,368.9700012207031,364.3999938964844,367.3900146484375,2355900,355.35076904296875
2018-09-28,368.6300048828125,374.2200012207031,366.2200012207031,371.8999938964844,3600500,359.7129821777344
2018-10-01,375.1600036621094,383.2099914550781,375,382.2900085449219,4755700,369.76251220703125
2018-10-02,380.8500061035156,388.6199951171875,379.7699890136719,386.3699951171875,4622600,373.708740234375
2018-10-03,388.8999938964844,394.2799987792969,386.69000244140625,392.29998779296875,4794300,379.4444580078125
2018-10-04,390.739990234375,391.0899963378906,385.2900085449219,389.989990234375,3822300,377.2101745605469
2018-10-05,389,392.3900146484375,383.0299987792969,386.4700012207031,2899700,373.8055419921875
2018-10-08,383.8399963378906,386.7300109863281,377.3500061035156,385.7699890136719,3324000,373.1284484863281
2018-10-09,384.3699951171875,386.82000732421875,381.1400146484375,385.44000244140625,2862700,372.80926513671875
2018-10-10,382.9599914550781,383.79998779296875,367.0899963378906,367.4700012207031,6033100,355.42816162109375
2018-10-11,363.44000244140625,369.8500061035156,355.1000061035156,358.1099853515625,6266800,346.3748474121094
2018-10-12,366.010009765625,367.1199951171875,352.260009765625,360.1099853515625,5509700,348.3093566894531
2018-10-15,359.4599914550781,362.54998779296875,355.5,358.8800048828125,2979800,347.11962890625
2018-10-16,360.45001220703125,368.57000732421875,358.54998779296875,368.25,2822500,356.1825866699219
2018-10-17,368,368.5,362.70001220703125,365.5,2238200,353.522705078125
2018-10-18,364.82000732421875,367.760009765625,356.760009765625,359.3500061035156,3254900,347.57421875
2018-10-19,359.79998779296875,359.8699951171875,354.2099914550781,356.260009765625,3491600,344.5854797363281
2018-10-22,357.8500061035156,358.760009765625,352.4599914550781,355.9800109863281,2263500,344.314697265625
2018-10-23,349.5,353.55999755859375,342.8299865722656,350.04998779296875,4389600,338.5789794921875
2018-10-24,361.5899963378906,364.6000061035156,351.69000244140625,354.6499938964844,8442600,343.02825927734375
2018-10-25,357.29998779296875,364.3900146484375,354.9700012207031,363.7699890136719,4003500,351.8493957519531
2018-10-26,360.70001220703125,363.29998779296875,354.1199951171875,359.2699890136719,4073000,347.4968566894531
2018-10-29,360.54998779296875,361.7099914550781,328.6300048828125,335.5899963378906,7462000,324.5927734375
2018-10-30,330.3500061035156,351.04998779296875,329.7699890136719,349.9100036621094,5774000,338.4435729980469
2018-10-31,352.510009765625,363.4100036621094,352.510009765625,354.8599853515625,4175600,343.2313537597656
2018-11-01,357.4700012207031,364.57000732421875,353.20001220703125,363.07000732421875,3760700,351.1723327636719
2018-11-02,366.9700012207031,371.5400085449219,356.760009765625,357.75,4029800,346.026611328125
2018-11-05,359.760009765625,363.2900085449219,356.4800109863281,361.9800109863281,2253900,350.1180725097656
2018-11-06,362.4100036621094,368.44000244140625,362.1099853515625,366.4700012207031,2471900,354.46087646484375
2018-11-07,367.6400146484375,372.8500061035156,359.5,372.0199890136719,4015300,359.8290100097656
2018-11-08,369.3299865722656,373.70001220703125,365.54998779296875,370.7699890136719,2751800,360.2760314941406
2018-11-09,367.8299865722656,371,366.1199951171875,369.3399963378906,2590300,358.8865051269531
2018-11-12,370.2099914550781,370.4800109863281,355.989990234375,357.0299987792969,3088700,346.9249267578125
2018-11-13,349.54998779296875,355.3800048828125,342.0400085449219,349.510009765625,4960000,339.61773681640625
2018-11-14,352.0899963378906,355.8500061035156,343.8900146484375,344.7200012207031,3445800,334.96331787109375
2018-11-15,341.1199951171875,347.9800109863281,336.510009765625,341.57000732421875,4863000,331.9024658203125
2018-11-16,339,340.19000244140625,331.1600036621094,335.95001220703125,4425200,326.4415588378906
2018-11-19,335.54998779296875,336.0400085449219,317.20001220703125,320.94000244140625,6782800,311.85638427734375
2018-11-20,302.1000061035156,322.17999267578125,296.6099853515625,317.70001220703125,6875900,308.70806884765625
2018-11-21,325.07000732421875,326.8900146484375,315.57000732421875,317.32000732421875,4401000,308.3388366699219
2018-11-23,315,317,311.8699951171875,312.32000732421875,1599400,303.4803466796875
2018-11-26,315.55999755859375,318.5899963378906,310.6600036621094,316.3599853515625,3362300,307.4059753417969
2018-11-27,315.2799987792969,318.55999755859375,310.9599914550781,318.0299987792969,2946400,309.0287170410156
2018-11-28,325.7200012207031,334.010009765625,321.7300109863281,333.5,6117600,324.0609130859375
2018-11-29,335.9700012207031,343.2300109863281,334.05999755859375,342.55999755859375,5331900,332.8644714355469
2018-11-30,341.94000244140625,347.5799865722656,337.5,346.760009765625,5374000,336.94561767578125
2018-12-03,364.30999755859375,369,356.3699951171875,359.9599914550781,6573400,349.7720031738281
2018-12-04,357,358.32000732421875,341.739990234375,342.5,5199100,332.80615234375
2018-12-06,329.989990234375,333.6300048828125,317.29998779296875,331.8999938964844,9297400,322.50616455078125
2018-12-07,332.3500061035156,337.6099853515625,321.3900146484375,323.2200012207031,4526300,314.0718688964844
2018-12-10,321.2699890136719,327.20001220703125,315.510009765625,326.3500061035156,4400500,317.1132507324219
2018-12-11,333.25,334.489990234375,318.75,322.0299987792969,3566400,312.9155578613281
2018-12-12,327.3800048828125,331.8999938964844,324.6600036621094,326.69000244140625,3424800,317.443603515625
2018-12-13,328.3999938964844,328.739990234375,324.1700134277344,325.4700012207031,2247700,316.2581787109375
2018-12-14,322.45001220703125,323.9100036621094,315.55999755859375,318.75,3298400,309.72833251953125
2018-12-17,316.9100036621094,327.2200012207031,314.44000244140625,316.1300048828125,4968400,307.18255615234375
2018-12-18,325.4599914550781,332.0899963378906,323.20001220703125,328.05999755859375,5881100,318.7748718261719
2018-12-19,329.3299865722656,333.4800109863281,316.1000061035156,319.54998779296875,4871500,310.5057067871094
2018-12-20,317,321.82000732421875,308,313.04998779296875,5368600,304.18963623046875
2018-12-21,309.0899963378906,314.9700012207031,304.010009765625,304.54998779296875,7641700,295.9302673339844
2018-12-24,300.6499938964844,303,294.1600036621094,294.1600036621094,3435300,285.8343505859375
2018-12-26,298.6099853515625,314.0899963378906,292.4700012207031,313.92999267578125,4843400,305.0447692871094
2018-12-27,309.0400085449219,317.1400146484375,302.239990234375,317.1400146484375,4341100,308.1639404296875
2018-12-28,319.739990234375,321.5299987792969,315.1499938964844,316.3800048828125,3725200,307.4254455566406
2018-12-31,320.5,323.6400146484375,318.75,322.5,3557700,313.37225341796875
2019-01-02,316.19000244140625,323.95001220703125,313.7099914550781,323.80999755859375,3292200,314.6451416015625
2019-01-03,319.489990234375,319.739990234375,309.3999938964844,310.8999938964844,5705600,302.10052490234375
2019-01-04,316.69000244140625,328.44000244140625,316.0799865722656,327.0799865722656,4448800,317.8225402832031
2019-01-07,330.5199890136719,330.69000244140625,323.3500061035156,328.1099853515625,4030300,318.8233947753906
2019-01-08,334.1099853515625,341.25,332.6499938964844,340.5299987792969,4736500,330.89190673828125
2019-01-09,342.9599914550781,347.20001220703125,340.8699951171875,343.8299865722656,4213900,334.0984802246094
2019-01-10,346.510009765625,353.4700012207031,343,352.6099853515625,5358100,342.6300354003906
2019-01-11,348.55999755859375,354.3599853515625,348.0899963378906,352.8999938964844,3158900,342.91180419921875
2019-01-14,348.20001220703125,352.80999755859375,347.010009765625,350.3599853515625,2476400,340.44366455078125
2019-01-15,352,353.32000732421875,347.9800109863281,352.239990234375,2940900,342.2705078125
2019-01-16,352.5,355,351.55999755859375,352.05999755859375,2731100,342.0955810546875
2019-01-17,350.75,363.8299865722656,350.7300109863281,359.0899963378906,4270400,348.92657470703125
2019-01-18,363.8800048828125,367.32000732421875,361.32000732421875,364.7300109863281,4256500,354.4070129394531
2019-01-22,362.8599853515625,364.20001220703125,354.2300109863281,357.8999938964844,4336500,347.770263671875
2019-01-23,361.9100036621094,362.20001220703125,353.6700134277344,358.6099853515625,2924900,348.46014404296875
2019-01-24,358.9100036621094,363.17999267578125,356.8999938964844,358.2699890136719,2801300,348.12982177734375
2019-01-25,362.489990234375,366.94000244140625,360.3299865722656,364.20001220703125,3185600,353.8919677734375
2019-01-28,360.6499938964844,363.1700134277344,357.5,362.9700012207031,3128900,352.69677734375
2019-01-29,363.07000732421875,367.7799987792969,362.4100036621094,364.9100036621094,3202700,354.5818786621094
2019-01-30,387.3999938964844,391.9700012207031,380.5,387.7200012207031,12705300,376.74627685546875
2019-01-31,387.1600036621094,388.989990234375,382.0799865722656,385.6199951171875,6878500,374.7056884765625
2019-02-01,386.1099853515625,392.79998779296875,384.7300109863281,387.42999267578125,5625700,376.4645080566406
2019-02-04,388.9700012207031,397.07000732421875,388.1199951171875,397,4256600,385.7636413574219
2019-02-05,400.75,410.75,399.54998779296875,410.17999267578125,7230400,398.57061767578125
2019-02-06,411.510009765625,413.8800048828125,405.6600036621094,411.1099853515625,5356000,399.4742736816406
2019-02-07,407.92999267578125,410.3500061035156,402.2900085449219,405.1700134277344,5211400,395.6802673339844
2019-02-08,400,404.9599914550781,397.79998779296875,404.9100036621094,4570900,395.4263916015625
2019-02-11,408.1000061035156,409.8299865722656,402.69000244140625,403.95001220703125,3046900,394.4888916015625
2019-02-12,407,411.2099914550781,405.3999938964844,410.7200012207031,3263300,401.1003112792969
2019-02-13,412.5199890136719,412.7200012207031,407.6700134277344,410.5799865722656,3078700,400.96356201171875
2019-02-14,408.92999267578125,412.2200012207031,407.79998779296875,409.82000732421875,2724300,400.22137451171875
2019-02-15,412.4800109863281,418.04998779296875,411.42999267578125,417.9700012207031,4017300,408.1805114746094
2019-02-19,415.5,417.94000244140625,414.5400085449219,416.260009765625,3051500,406.51055908203125
2019-02-20,417.1400146484375,421.8399963378906,417.1099853515625,421.54998779296875,3990100,411.6766052246094
2019-02-21,421.5799865722656,422.4100036621094,415.67999267578125,417.5799865722656,2880500,407.79962158203125
2019-02-22,419.70001220703125,424.4700012207031,419.1400146484375,424.04998779296875,3132300,414.1180725097656
2019-02-25,427.489990234375,429.9200134277344,426.5199890136719,426.8699951171875,3276100,416.8720397949219
2019-02-26,426,429,424.25,426.7699890136719,2503700,416.77435302734375
2019-02-27,427.1700134277344,436.3299865722656,427.1499938964844,435.44000244140625,4603800,425.24127197265625
2019-02-28,438.70001220703125,441.4200134277344,437.0799865722656,439.9599914550781,5063100,429.6553955078125
2019-03-01,446.010009765625,446.010009765625,440.19000244140625,440.6199951171875,5124200,430.29998779296875
2019-03-04,443.2200012207031,444.5,426.6300048828125,432.69000244140625,5971000,422.55572509765625
2019-03-05,431.0400085449219,433.8500061035156,428.6400146484375,430.1199951171875,2844300,420.0458984375
2019-03-06,429.70001220703125,432,422.0799865722656,424.4599914550781,4159400,414.51849365234375
2019-03-07,423.3599853515625,434.3500061035156,416.44000244140625,422.55999755859375,4893600,412.6629638671875
2019-03-08,416.7699890136719,423.42999267578125,415.5,422.5400085449219,3794900,412.6434631347656
2019-03-11,371.2699890136719,402.6700134277344,365.54998779296875,400.010009765625,34742200,390.6411437988281
2019-03-12,384.7099914550781,390,368,375.4100036621094,36922600,366.6173095703125
2019-03-13,378.42999267578125,381.7699890136719,363.3299865722656,377.1400146484375,32662300,368.3067932128906
2019-03-14,374.989990234375,380.3900146484375,372.1000061035156,373.29998779296875,13514100,364.55670166015625
2019-03-15,370.8800048828125,385.7099914550781,366.45001220703125,378.989990234375,26697700,370.11346435546875
2019-03-18,370,373.07000732421875,367.20001220703125,372.2799987792969,13119200,363.56060791015625
2019-03-19,371.1400146484375,378.7699890136719,371.010009765625,373.42999267578125,9856100,364.6836242675781
2019-03-20,374.70001220703125,380.79998779296875,373.67999267578125,376.1600036621094,8737600,367.3497314453125
2019-03-21,374.0400085449219,377,372.2300109863281,372.70001220703125,6951000,363.97076416015625
2019-03-22,368.7900085449219,369.8599853515625,361.5299987792969,362.1700134277344,10143900,353.6874084472656
2019-03-25,365,371.2099914550781,362.8900146484375,370.4599914550781,7939600,361.7832336425781
2019-03-26,375.5799865722656,375.6000061035156,367.6000061035156,370.3800048828125,6479700,361.7051086425781
2019-03-27,371.8900146484375,376.6600036621094,365.54998779296875,374.2099914550781,9600000,365.4454040527344
2019-03-28,376.6000061035156,376.6600036621094,372.3299865722656,374.44000244140625,4921300,365.66998291015625
2019-03-29,376.5199890136719,382.17999267578125,374.739990234375,381.4200134277344,7694700,372.4865417480469
2019-04-01,385.79998779296875,392.8999938964844,383.1000061035156,391.5400085449219,7735700,382.3695373535156
2019-04-02,388.5,394.8299865722656,388.5,390.75,6401000,381.5980224609375
2019-04-03,389.67999267578125,391.5400085449219,384.07000732421875,384.739990234375,7350300,375.7287292480469
2019-04-04,385.989990234375,397.05999755859375,385.1000061035156,395.8599853515625,9388100,386.58831787109375
2019-04-05,398.07000732421875,398.6600036621094,390.95001220703125,391.92999267578125,6857200,382.7503662109375
2019-04-08,376.20001220703125,379.79998779296875,371.8599853515625,374.5199890136719,14482600,365.74810791015625
2019-04-09,370.2900085449219,372.239990234375,367.75,369.0400085449219,7980100,360.396484375
2019-04-10,368.3999938964844,368.7900085449219,362.9200134277344,364.94000244140625,8285000,356.3925476074219
2019-04-11,364.6199951171875,371.0799865722656,364.2099914550781,370.1600036621094,6598400,361.4902648925781
2019-04-12,375.75,379.95001220703125,372,379.6400146484375,7334600,370.74822998046875
2019-04-15,376.70001220703125,377.8999938964844,373.67999267578125,375.4599914550781,3822100,366.6661682128906
2019-04-16,376.510009765625,384.6400146484375,375.0299987792969,381.7200012207031,7083800,372.7795104980469
2019-04-17,384.1000061035156,384.19000244140625,377.4800109863281,377.5199890136719,4424400,368.6778869628906
2019-04-18,377.5199890136719,382.1700134277344,377.5199890136719,380.07000732421875,4703100,371.1681823730469
2019-04-22,375.69000244140625,378.95001220703125,374.8999938964844,375.1700134277344,4147700,366.3829345703125
2019-04-23,375.5400085449219,376.8699951171875,372.6099853515625,374.0199890136719,4894500,365.2598571777344
2019-04-24,377.8900146484375,381.1499938964844,373.6600036621094,375.4599914550781,9855100,366.6661682128906
2019-04-25,376.010009765625,384.79998779296875,372.760009765625,382.79998779296875,6615000,373.8341979980469
2019-04-26,383.8900146484375,384,378.1400146484375,380.7900085449219,4259600,371.8713073730469
2019-04-29,378.489990234375,385.29998779296875,376.760009765625,379.04998779296875,5457300,370.1720275878906
2019-04-30,379.5,381.1400146484375,375.04998779296875,377.69000244140625,3732800,368.8439025878906
2019-05-01,378.5299987792969,381.20001220703125,376.3800048828125,376.79998779296875,2765600,367.9747314453125
2019-05-02,375.5,377.6499938964844,373.25,375.79998779296875,2438800,366.9981384277344
2019-05-03,376.0799865722656,377.8999938964844,374.2200012207031,376.4599914550781,2953800,367.6427001953125
2019-05-06,367.8800048828125,372.4800109863281,365.6300048828125,371.6000061035156,4747600,362.89654541015625
2019-05-07,366.3299865722656,367.7099914550781,355.0199890136719,357.2300109863281,9740300,348.8631286621094
2019-05-08,357.7699890136719,361.5199890136719,353.3299865722656,359.75,6030000,351.3240661621094
2019-05-09,354.760009765625,355.6499938964844,347.4700012207031,354.1300048828125,6075200,347.8226013183594
2019-05-10,351.8699951171875,355.5400085449219,347.54998779296875,354.6700134277344,4574100,348.3529357910156
2019-05-13,344.510009765625,346.6300048828125,337,337.3699951171875,7757800,331.361083984375
2019-05-14,339.8999938964844,346.1000061035156,337.2300109863281,343.0400085449219,4747800,336.93011474609375
2019-05-15,339.79998779296875,348.79998779296875,337.6400146484375,345.6400146484375,4810000,339.4837951660156
2019-05-16,348.6400146484375,356.5,345.82000732421875,353.80999755859375,6036500,347.5082702636719
2019-05-17,351.5,359.989990234375,351.1600036621094,355.0199890136719,5282900,348.69671630859375
2019-05-20,353,355.94000244140625,350.5299987792969,352.7900085449219,3219900,346.5064392089844
2019-05-21,358.0299987792969,360.7699890136719,354.8800048828125,358.75,4022600,352.36029052734375
2019-05-22,357.2200012207031,357.57000732421875,351.75,352.7799987792969,3841400,346.4966125488281
2019-05-23,345.9200134277344,351.4700012207031,341.1499938964844,350.54998779296875,5305400,344.30633544921875
2019-05-24,355,361.3999938964844,353,354.8999938964844,5387500,348.578857421875
2019-05-28,355.2900085449219,359.30999755859375,354.8800048828125,354.8800048828125,3504300,348.5592346191406
2019-05-29,352.5899963378906,352.7900085449219,346.04998779296875,348.79998779296875,4160500,342.58746337890625
2019-05-30,350,351.9200134277344,347.94000244140625,349.8699951171875,2183900,343.638427734375
2019-05-31,345.8500061035156,345.8500061035156,341.3599853515625,341.6099853515625,3217600,335.5255432128906
2019-06-03,338.20001220703125,339.1099853515625,330.6700134277344,338.8900146484375,5148000,332.8540344238281
2019-06-04,342.57000732421875,346.4100036621094,340.1199951171875,344.6199951171875,3592300,338.4819641113281
2019-06-05,346.2200012207031,353.25,332.489990234375,348.75,3188400,342.53839111328125
2019-06-06,348.17999267578125,351.6400146484375,345.5799865722656,350.6400146484375,2582300,344.394775390625
2019-06-07,352.29998779296875,355.2799987792969,352.29998779296875,353.70001220703125,2470700,347.4002380371094
2019-06-10,356,357.3999938964844,353.54998779296875,353.79998779296875,2560800,347.4984436035156
2019-06-11,355.4200134277344,355.4700012207031,348.1300048828125,349.3299865722656,2702700,343.1080627441406
2019-06-12,349,349.2699890136719,342.79998779296875,347.0299987792969,2738300,340.8490295410156
2019-06-13,347.25,349.05999755859375,344.1000061035156,348.8599853515625,2621300,342.64642333984375
2019-06-14,348,349.1700134277344,345.8900146484375,347.1600036621094,2258400,340.9767150878906
2019-06-17,348.6199951171875,356.04998779296875,347.04998779296875,354.8999938964844,3746400,348.578857421875
2019-06-18,357.6099853515625,374.6499938964844,357.6000061035156,373.9599914550781,9199200,367.2993469238281
2019-06-19,375.3999938964844,379.30999755859375,368.3500061035156,368.55999755859375,5716000,361.99554443359375
2019-06-20,373,375.7900085449219,368.9599914550781,374.8800048828125,3794500,368.2029724121094
2019-06-21,374.3900146484375,376.1099853515625,371.7200012207031,371.8399963378906,4923700,365.2171325683594
2019-06-24,372.95001220703125,375.489990234375,372.1000061035156,373.989990234375,2323200,367.3288269042969
2019-06-25,374.75,375.25,368.0299987792969,369.32000732421875,3005400,362.7420349121094
2019-06-26,371.0199890136719,378.9800109863281,370,374.94000244140625,4542000,368.2619323730469
2019-06-27,367.5400085449219,369.92999267578125,362.3500061035156,364.0199890136719,8980000,357.5364074707031
2019-06-28,363.9200134277344,366.2300109863281,361.57000732421875,364.010009765625,4737100,357.526611328125
2019-07-01,364.8800048828125,365.2300109863281,353.32000732421875,356.4599914550781,6392600,350.1110534667969
2019-07-02,355.6300048828125,356.7799987792969,352.69000244140625,354.1600036621094,3774700,347.8520202636719
2019-07-03,354.5,354.8500061035156,352.260009765625,354.4700012207031,2164900,348.1565246582031
2019-07-05,354,357.25,351.42999267578125,355.8599853515625,3208200,349.521728515625
2019-07-08,350.4100036621094,352.9599914550781,349.3999938964844,351.1199951171875,3262300,344.8661804199219
2019-07-09,349.04998779296875,353.8500061035156,347.8999938964844,353.0899963378906,4828200,346.8011169433594
2019-07-10,354.489990234375,356.5199890136719,351.25,352.29998779296875,2946700,346.025146484375
2019-07-11,352.6199951171875,359.260009765625,350.70001220703125,359,5059200,352.6058349609375
2019-07-12,360,365.45001220703125,358.1400146484375,365.3299865722656,3592800,358.8230895996094
2019-07-15,360.5,362.8500061035156,359.0199890136719,361.6099853515625,4814600,355.1693115234375
2019-07-16,361.260009765625,365.3500061035156,361.20001220703125,362.75,2960400,356.2890319824219
2019-07-17,362.75,369.75,362,369.5199890136719,4010000,362.9384460449219
2019-07-18,367.6000061035156,368.45001220703125,359.75,361.1099853515625,4582800,354.67822265625
2019-07-19,370.6700134277344,378.3999938964844,368.5,377.3599853515625,9504000,370.6387939453125
2019-07-22,376.94000244140625,382.4800109863281,371.8900146484375,373.4200134277344,4265100,366.7690124511719
2019-07-23,374.2699890136719,376.42999267578125,370.67999267578125,373.07000732421875,3354900,366.42523193359375
2019-07-24,370.2799987792969,371.3599853515625,360.0299987792969,361.42999267578125,7447900,354.9925537109375
2019-07-25,356.17999267578125,357.69000244140625,345.7099914550781,348.0899963378906,9663700,341.89013671875
2019-07-26,346.20001220703125,348.42999267578125,342,345,4441100,338.8551940917969
2019-07-29,344.989990234375,346.0799865722656,339.1099853515625,340.2099914550781,4116600,334.1505126953125
2019-07-30,339.8399963378906,347.489990234375,336.55999755859375,347.4599914550781,4528000,341.2713623046875
2019-07-31,348.489990234375,351.2900085449219,341.04998779296875,341.17999267578125,5219700,335.10321044921875
2019-08-01,341.9100036621094,344.2900085449219,333,334.2900085449219,6465300,328.3359680175781
2019-08-02,334.55999755859375,340.5400085449219,332.32000732421875,339.55999755859375,4675400,333.5120849609375
2019-08-05,332.4599914550781,333.3699951171875,326.9599914550781,331.05999755859375,5876100,325.1634521484375
2019-08-06,333.989990234375,335.70001220703125,329.1400146484375,332.45001220703125,3653300,326.5287170410156
2019-08-07,328.6000061035156,333.6499938964844,324.57000732421875,331.3800048828125,4187600,325.477783203125
2019-08-08,331.29998779296875,336.42999267578125,328.8599853515625,336.3500061035156,3673000,332.4206848144531
2019-08-09,334.05999755859375,339.0799865722656,333.1700134277344,337.54998779296875,3102900,333.6066589355469
2019-08-12,333.67999267578125,336.010009765625,331.3699951171875,332.94000244140625,2683400,329.050537109375
2019-08-13,331.82000732421875,337.3999938964844,330.5,332.8599853515625,3689700,328.9714660644531
2019-08-14,328.3500061035156,329.5400085449219,320.4100036621094,320.4200134277344,5110400,316.67681884765625
2019-08-15,323,328.07000732421875,319.54998779296875,328,4721800,324.1682434082031
2019-08-16,330.2200012207031,331.1600036621094,326.4800109863281,330.45001220703125,3866600,326.5896301269531
2019-08-19,334.17999267578125,335.9100036621094,331.3999938964844,333.7799987792969,2335600,329.8807373046875
2019-08-20,332.4700012207031,333.5,328.8800048828125,331.75,2039000,327.87445068359375
2019-08-21,335.4800109863281,342.5799865722656,333.2099914550781,339.989990234375,3265600,336.0181579589844
2019-08-22,342.42999267578125,356.44000244140625,341.010009765625,354.4100036621094,8320900,350.2697448730469
2019-08-23,355.3500061035156,369.69000244140625,354.3500061035156,356.010009765625,11518700,351.8510437011719
2019-08-26,365.0400085449219,367.3399963378906,356.8900146484375,359.0400085449219,4661100,354.84564208984375
2019-08-27,359.4200134277344,361.30999755859375,353.6199951171875,354.7300109863281,3740300,350.58599853515625
2019-08-28,353.30999755859375,360.19000244140625,351.17999267578125,359.9700012207031,2402000,355.7647705078125
2019-08-29,363.8500061035156,366.0400085449219,360.1700134277344,362.739990234375,2717500,358.50238037109375
2019-08-30,364.3699951171875,366.3699951171875,362.3999938964844,364.0899963378906,3147000,359.8366394042969
2019-09-03,354.1099853515625,355.32000732421875,350.6099853515625,354.4200134277344,4272200,350.2796325683594
2019-09-04,357.67999267578125,358.0299987792969,354.42999267578125,356.5299987792969,2737100,352.3649597167969
2019-09-05,360.1400146484375,364.7099914550781,359.1300048828125,360.29998779296875,3643300,356.0909118652344
2019-09-06,361.6099853515625,364.9100036621094,359.1199951171875,363,3022600,358.7593688964844
2019-09-09,357.9800109863281,360.92999267578125,354.7300109863281,358.7799987792969,4183300,354.5886535644531
2019-09-10,359,369.489990234375,358.54998779296875,369.489990234375,4547200,365.1735534667969
2019-09-11,368.739990234375,383.5,368,382.94000244140625,8437000,378.4664306640625
2019-09-12,383.7099914550781,384,374.30999755859375,375.6300048828125,4495300,371.2418518066406
2019-09-13,377.3900146484375,381.75,377.04998779296875,379.760009765625,3628900,375.3235778808594
2019-09-16,378.1400146484375,381.6300048828125,375,378.8500061035156,3055500,374.4241943359375
2019-09-17,378.4100036621094,385.30999755859375,377.79998779296875,384.20001220703125,3269500,379.71173095703125
2019-09-18,383.25,386.739990234375,379.79998779296875,386.4100036621094,4186400,381.8959045410156
2019-09-19,386.1400146484375,388.5199890136719,382.8999938964844,384.44000244140625,2928800,379.94891357421875
2019-09-20,384.1099853515625,384.7300109863281,377.9200134277344,379.3900146484375,6643000,374.9579162597656
2019-09-23,376.6099853515625,380.1000061035156,374.4200134277344,377.0299987792969,2674900,372.6254577636719
2019-09-24,379.5400085449219,381.8900146484375,375.30999755859375,381.6499938964844,3533300,377.1914978027344
2019-09-25,384.9100036621094,391,383.1000061035156,386.20001220703125,4705500,381.6883544921875
2019-09-26,387.1000061035156,388.2300109863281,383.3299865722656,386.8900146484375,2520400,382.37030029296875
2019-09-27,388.19000244140625,389.69000244140625,381.30999755859375,382.8599853515625,2730800,378.3873596191406
2019-09-30,383,383.7699890136719,376.69000244140625,380.4700012207031,3183300,376.0252685546875
2019-10-01,381.70001220703125,382.8500061035156,374.6300048828125,374.94000244140625,2943800,370.5599060058594
2019-10-02,371.8500061035156,372.989990234375,363.7699890136719,367.3599853515625,3698300,363.06842041015625
2019-10-03,366.2099914550781,372.25,363.2300109863281,372.07000732421875,2623900,367.7234191894531
2019-10-04,372.25,376.1300048828125,371.7200012207031,375.70001220703125,2008400,371.3110046386719
2019-10-07,374.05999755859375,378.1499938964844,373.05999755859375,376.5400085449219,1931800,372.1412048339844
2019-10-08,371.04998779296875,377.3399963378906,368.6400146484375,374.1000061035156,4030200,369.7297058105469
2019-10-09,376,377.8599853515625,373.5,374.9599914550781,2774100,370.57965087890625
2019-10-10,373.70001220703125,374.5400085449219,370.3299865722656,371,2723700,366.6659240722656
2019-10-11,373,376.94000244140625,370.0799865722656,374.9200134277344,3935400,370.5401611328125
2019-10-14,374.25,378.70001220703125,372.67999267578125,373.17999267578125,2124500,368.8204345703125
2019-10-15,372.5799865722656,373.5299987792969,370.5299987792969,370.9599914550781,2836600,366.6263732910156
2019-10-16,370.2200012207031,377.4200134277344,369.239990234375,372.42999267578125,3657100,368.0791931152344
2019-10-17,372.4200134277344,373.79998779296875,369.05999755859375,369.05999755859375,2397100,364.74859619140625
2019-10-18,369,369.3500061035156,344,344,13544300,339.9813232421875
2019-10-21,332.8900146484375,334.239990234375,324.3999938964844,331.05999755859375,15493100,327.1925048828125
2019-10-22,336.07000732421875,341.4800109863281,334.4599914550781,337,7949700,333.0631103515625
2019-10-23,345,350.79998779296875,336.5,340.5,10960800,336.522216796875
2019-10-24,341.70001220703125,345.739990234375,337.7699890136719,344.54998779296875,5382700,340.5248718261719
2019-10-25,342.9200134277344,343.3699951171875,338.8999938964844,339.8299865722656,4058000,335.86004638671875
2019-10-28,341.5,344.9800109863281,339.489990234375,340.8800048828125,3234500,336.89776611328125
2019-10-29,340.19000244140625,349.7200012207031,339.2200012207031,348.92999267578125,6113600,344.8537292480469
2019-10-30,346.6300048828125,350,343.2699890136719,346.05999755859375,3997600,342.0172424316406
2019-10-31,344.70001220703125,346.05999755859375,339.45001220703125,339.9100036621094,3868400,335.9391174316406
2019-11-01,340.5899963378906,345.19000244140625,339.5,345.19000244140625,3538200,341.1574401855469
2019-11-04,346.4599914550781,351.45001220703125,346.04998779296875,351.0899963378906,3703000,346.9884948730469
2019-11-05,355.2300109863281,361.6099853515625,353.19000244140625,358.2900085449219,5468900,354.1044006347656
2019-11-06,358.8599853515625,359.3999938964844,353.1300048828125,354.19000244140625,3815700,350.05230712890625
2019-11-07,356.1199951171875,359.3999938964844,355.04998779296875,357.30999755859375,2834500,355.1966857910156
2019-11-08,356.3999938964844,357,350.54998779296875,351,3218200,348.92401123046875
2019-11-11,349.0400085449219,369.75,345.55999755859375,366.9599914550781,11483400,364.78961181640625
2019-11-12,366.489990234375,367.1099853515625,360.010009765625,362.8800048828125,5769700,360.7337341308594
2019-11-13,361.8699951171875,366.6199951171875,361.1199951171875,362.5,3453700,360.3559875488281
2019-11-14,363.1000061035156,368.4800109863281,361.4800109863281,367.44000244140625,5339600,365.26678466796875
2019-11-15,370,373.4800109863281,369.29998779296875,371.67999267578125,5493100,369.481689453125
2019-11-18,371.6700134277344,375.6000061035156,367.8999938964844,369.4599914550781,3823800,367.2748107910156
2019-11-19,373.510009765625,374.8299865722656,361.6099853515625,367,6670200,364.8293762207031
2019-11-20,366,370.989990234375,365.75,370.9100036621094,3774800,368.71624755859375
2019-11-21,369.75,370.760009765625,366.260009765625,366.44000244140625,2703800,364.2726745605469
2019-11-22,368.2699890136719,373.54998779296875,366.6099853515625,371.3399963378906,3915700,369.1437072753906
2019-11-25,372.5199890136719,374.29998779296875,369.20001220703125,373.1300048828125,3324400,370.9231262207031
2019-11-26,373.6600036621094,374.7699890136719,371.3599853515625,373.510009765625,2859000,371.3008728027344
2019-11-27,369.9599914550781,371.8299865722656,366.79998779296875,368,4145000,365.8234558105469
2019-11-29,367.5,368.29998779296875,366.17999267578125,366.17999267578125,1390900,364.01422119140625
2019-12-02,367.0799865722656,367.3800048828125,355.1600036621094,355.17999267578125,4794500,353.07928466796875
2019-12-03,352.0899963378906,355.55999755859375,347.6099853515625,352.0799865722656,4683500,349.99761962890625
2019-12-04,354.70001220703125,355.2900085449219,348.82000732421875,348.8399963378906,3014200,346.7767639160156
2019-12-05,350.2200012207031,350.4200134277344,345.5899963378906,345.67999267578125,4719600,343.6354675292969
2019-12-06,347.739990234375,354.3999938964844,347.1099853515625,354.0899963378906,2856100,351.9957275390625
2019-12-09,352.6700134277344,353.6000061035156,349.57000732421875,351.2099914550781,2844600,349.13275146484375
2019-12-10,350.1499938964844,351.3999938964844,347.45001220703125,347.8999938964844,2920900,345.84234619140625
2019-12-11,342.1000061035156,350.0299987792969,338.5,350,7369100,347.929931640625
2019-12-12,348.25,351.07000732421875,341,346.2900085449219,5970000,344.24188232421875
2019-12-13,346.29998779296875,349.30999755859375,341.1000061035156,341.6700134277344,4526300,339.6492004394531
2019-12-16,328.5299987792969,336.2300109863281,326.42999267578125,327,16488200,325.0659484863281
2019-12-17,322.05999755859375,330.95001220703125,320.6099853515625,327,13526400,325.0659484863281
2019-12-18,328.7200012207031,335.25,328.1400146484375,330.67999267578125,7029300,328.72418212890625
2019-12-19,332.8999938964844,334.80999755859375,330.9800109863281,333.5,5492600,331.5274963378906
2019-12-20,334.6199951171875,335.5,328,328,9489400,326.0600280761719
2019-12-23,336.75,340.5899963378906,334.20001220703125,337.54998779296875,9534800,335.5535583496094
2019-12-24,339.510009765625,339.75,332.6199951171875,333,4120100,331.03045654296875
2019-12-26,332.70001220703125,333.3599853515625,329.29998779296875,329.9200134277344,4593400,327.96868896484375
2019-12-27,330.20001220703125,333.6499938964844,329.1700134277344,330.1400146484375,4124000,328.1874084472656
2019-12-30,330.5,330.6300048828125,325.7099914550781,326.3999938964844,4525500,324.4695129394531
2019-12-31,325.4100036621094,326.57000732421875,323.32000732421875,325.760009765625,4958800,323.83331298828125
2020-01-02,328.54998779296875,333.3500061035156,327.70001220703125,333.32000732421875,4544400,331.34857177734375
2020-01-03,330.6300048828125,334.8900146484375,330.29998779296875,332.760009765625,3875900,330.7919006347656
2020-01-06,329.29998779296875,334.8599853515625,327.8800048828125,333.739990234375,5355000,331.7660827636719
2020-01-07,334.260009765625,344.19000244140625,330.7099914550781,337.2799987792969,9898600,335.28515625
2020-01-08,332.3999938964844,334.0299987792969,329.6000061035156,331.3699951171875,8239200,329.41009521484375
2020-01-09,334.95001220703125,341.7300109863281,332.04998779296875,336.3399963378906,8175600,334.3507080078125
2020-01-10,335.55999755859375,337.70001220703125,329.45001220703125,329.9200134277344,7161700,327.96868896484375
2020-01-13,332.3999938964844,334.1000061035156,330.0799865722656,330.2200012207031,5648500,328.26690673828125
2020-01-14,330.760009765625,335.3500061035156,328.2799987792969,332.3500061035156,6945300,330.3843078613281
2020-01-15,332.3500061035156,333.1099853515625,329.69000244140625,329.79998779296875,4578300,327.8493957519531
2020-01-16,331.04998779296875,332.8699951171875,329.30999755859375,332,4024100,330.036376953125
2020-01-17,332.3900146484375,332.5,323,324.1499938964844,11061700,322.2328186035156
2020-01-21,322.6000061035156,326.6000061035156,305.75,313.3699951171875,19318000,311.5165710449219
2020-01-22,309.82000732421875,312.8399963378906,302.7200012207031,309,18792600,307.17242431640625
2020-01-23,308.5,318.1700134277344,307.70001220703125,317.7900085449219,9702100,315.9104309082031
2020-01-24,322,326.20001220703125,312.510009765625,323.04998779296875,17798200,321.1393127441406
2020-01-27,316.2099914550781,321.260009765625,314.5799865722656,316.6000061035156,7468100,314.72747802734375
2020-01-28,318.04998779296875,319.3599853515625,314,316.55999755859375,5502200,314.6877136230469
2020-01-29,324.3500061035156,327.17999267578125,319.1400146484375,322.0199890136719,12454700,320.1153869628906
2020-01-30,320.5,325.3500061035156,317.6400146484375,323.29998779296875,6022000,321.3878173828125
2020-01-31,321.75,321.92999267578125,316.989990234375,318.2699890136719,4999600,316.3875732421875
2020-02-03,318.75,320.739990234375,314.8800048828125,316,4841800,314.1310119628906
2020-02-04,318.2799987792969,319.4800109863281,315.0299987792969,317.94000244140625,3779800,316.0595397949219
2020-02-05,320.5,329.67999267578125,319.2300109863281,329.54998779296875,6071800,327.6008605957031
2020-02-06,330.9100036621094,343.44000244140625,325.6600036621094,341.42999267578125,12845500,339.4106140136719
2020-02-07,340.3699951171875,340.739990234375,335.69000244140625,336.75,5337800,334.75830078125
2020-02-10,337.2200012207031,345.94000244140625,336.32000732421875,344.6700134277344,5876400,342.6314697265625
2020-02-11,347.6400146484375,348.07000732421875,342.1000061035156,344.4200134277344,5311500,342.3829345703125
2020-02-12,346.4200134277344,349.95001220703125,345.8500061035156,347.45001220703125,4421500,345.39501953125
2020-02-13,344.32000732421875,347.8900146484375,342.6300048828125,342.82000732421875,3783100,342.82000732421875
2020-02-14,342.29998779296875,344.5,338,340.489990234375,4199800,340.489990234375
2020-02-18,338.7699890136719,339.989990234375,336.1000061035156,338.8800048828125,2904600,338.8800048828125
2020-02-19,338.1199951171875,341.4700012207031,335.8599853515625,338.29998779296875,4935700,338.29998779296875
2020-02-20,338.2900085449219,341.239990234375,335.3900146484375,336.2799987792969,2807500,336.2799987792969
2020-02-21,334.04998779296875,334.6600036621094,330.2300109863281,330.3800048828125,3709900,330.3800048828125
2020-02-24,320,321.739990234375,316.3299865722656,317.8999938964844,6073200,317.8999938964844
2020-02-25,318.260009765625,320.6400146484375,303.6300048828125,304.1400146484375,8052500,304.1400146484375
2020-02-26,307,315.2200012207031,304.05999755859375,305.5899963378906,6987300,305.5899963378906
2020-02-27,300.3699951171875,301,284.2900085449219,287.760009765625,10982400,287.760009765625
2020-02-28,278.07000732421875,282.8599853515625,269.6000061035156,275.1099853515625,15364300,275.1099853515625
2020-03-02,279.5400085449219,291.7099914550781,274.2900085449219,289.2699890136719,11012300,289.2699890136719
2020-03-03,292,297.44000244140625,278.0799865722656,280.6199951171875,7499300,280.6199951171875
2020-03-04,284.54998779296875,285.9100036621094,277.010009765625,283.1199951171875,6986100,283.1199951171875
2020-03-05,275.7900085449219,276.30999755859375,259.6499938964844,260.3699951171875,14669100,260.3699951171875
2020-03-06,253.6999969482422,264.2900085449219,249.8000030517578,262.3299865722656,12861800,262.3299865722656
2020-03-09,238,241.47999572753906,224.3699951171875,227.1699981689453,11585500,227.1699981689453
2020-03-10,237,237.8300018310547,215,231.00999450683594,13059600,231.00999450683594
2020-03-11,222.99000549316406,226.99000549316406,187,189.0800018310547,28503500,189.0800018310547
2020-03-12,160.52999877929688,189.85000610351562,154.80999755859375,154.83999633789062,31734400,154.83999633789062
2020-03-13,174.97000122070312,178.27999877929688,161.3800048828125,170.1999969482422,21168500,170.1999969482422
2020-03-16,149.4199981689453,151,128.75999450683594,129.61000061035156,26844400,129.61000061035156
2020-03-17,132.50999450683594,134.9600067138672,101.25,124.13999938964844,54492200,124.13999938964844
2020-03-18,99.86000061035156,107.8499984741211,89,101.88999938964844,61943200,101.88999938964844
2020-03-19,98.80000305175781,103.56999969482422,90.3499984741211,97.70999908447266,40210600,97.70999908447266
2020-03-20,99.8499984741211,107,94.27999877929688,95.01000213623047,41370700,95.01000213623047
2020-03-23,98.75,114.48999786376953,93.55999755859375,105.62000274658203,46140100,105.62000274658203
2020-03-24,123.68000030517578,127.95999908447266,116.12999725341797,127.68000030517578,43683100,127.68000030517578
2020-03-25,154.89999389648438,174.77000427246094,141,158.72999572753906,77826000,158.72999572753906
2020-03-26,172.2899932861328,186.47999572753906,167.17999267578125,180.5500030517578,63267300,180.5500030517578
2020-03-27,172,172.9199981689453,155.5399932861328,162,47880200,162
2020-03-30,153.80999755859375,153.80999755859375,140.67999267578125,152.27999877929688,51052500,152.27999877929688
2020-03-31,155,160.63999938964844,149,149.13999938964844,29954000,149.13999938964844
2020-04-01,138.91000366210938,144.3800048828125,130,130.6999969482422,41899700,130.6999969482422
2020-04-02,128.50999450683594,136.67999267578125,120.0199966430664,123.2699966430664,42372400,123.2699966430664
2020-04-03,125,131.2899932861328,122.5,124.5199966430664,37347400,124.5199966430664
2020-04-06,133.6999969482422,149.69000244140625,129.2100067138672,148.77000427246094,51085500,148.77000427246094
2020-04-07,162,164.8000030517578,140.25999450683594,141.5800018310547,56699100,141.5800018310547
2020-04-08,147.50999450683594,154,144.5500030517578,146.8699951171875,41351000,146.8699951171875
2020-04-09,154.7100067138672,157.97999572753906,150.08999633789062,151.83999633789062,37874200,151.83999633789062
2020-04-13,155.5,156,146.25999450683594,147.3300018310547,26034100,147.3300018310547
2020-04-14,150.50999450683594,152.39999389648438,140,141,33970500,141
2020-04-15,139,148.69000244140625,132.89999389648438,145.97999572753906,39297600,145.97999572753906
2020-04-16,141.4600067138672,143.24000549316406,134,134.24000549316406,41364800,134.24000549316406
2020-04-17,149.41000366210938,154,145,154,52389400,154
2020-04-20,147.2100067138672,151.6300048828125,142.5,143.61000061035156,34983800,143.61000061035156
2020-04-21,139.00999450683594,141.89999389648438,135.4499969482422,136.3300018310547,27043800,136.3300018310547
2020-04-22,140.4199981689453,140.82000732421875,134.52000427246094,134.97000122070312,22734500,134.97000122070312
2020-04-23,136.5,142.3800048828125,136.0500030517578,137.74000549316406,25936400,137.74000549316406
2020-04-24,137,137.57000732421875,128.3300018310547,128.97999572753906,35884700,128.97999572753906
2020-04-27,129.97000122070312,131.1999969482422,123.83000183105469,128.67999267578125,34563000,128.67999267578125
2020-04-28,133.8800048828125,137.1999969482422,127.73999786376953,131.3000030517578,37806900,131.3000030517578
2020-04-29,138.0800018310547,147.17999267578125,135.25,139,60454400,139
2020-04-30,137.6699981689453,144.64999389648438,132.30999755859375,141.02000427246094,37876600,141.02000427246094
2020-05-01,143.22999572753906,143.7100067138672,132.83999633789062,133.3699951171875,36613100,133.3699951171875
2020-05-04,127.12000274658203,131.5,124.3499984741211,131.4600067138672,30708900,131.4600067138672
2020-05-05,132.8800048828125,133.8000030517578,125,125.4000015258789,30621000,125.4000015258789
2020-05-06,125.80000305175781,126.86000061035156,121.37000274658203,121.86000061035156,29627700,121.86000061035156
2020-05-07,122.80999755859375,130.7100067138672,122.36000061035156,128.64999389648438,29525000,128.64999389648438
2020-05-08,132.57000732421875,135.5500030517578,131.55999755859375,133.44000244140625,22695700,133.44000244140625
2020-05-11,130.9199981689453,131,127.94999694824219,128.91000366210938,20055400,128.91000366210938
2020-05-12,129.72000122070312,133.1199951171875,125.19999694824219,125.22000122070312,22579000,125.22000122070312
2020-05-13,125,125.06999969482422,119.33000183105469,121.5,26002000,121.5
2020-05-14,118.9800033569336,122.61000061035156,113.88999938964844,122.5199966430664,37499200,122.5199966430664
2020-05-15,118.33000183105469,121.88999938964844,117.77999877929688,120,26756800,120
2020-05-18,126.18000030517578,136.1999969482422,125.80000305175781,135.44000244140625,43781800,135.44000244140625
2020-05-19,137,137.0399932861328,130.27999877929688,130.44000244140625,32373000,130.44000244140625
2020-05-20,133.27000427246094,135.4499969482422,131.30999755859375,133.32000732421875,21835500,133.32000732421875
2020-05-21,137,144.24000549316406,136.14999389648438,139,48263900,139
2020-05-22,141.00999450683594,141.0800018310547,135.77999877929688,137.52999877929688,21098800,137.52999877929688
2020-05-26,145.2100067138672,145.91000366210938,142.61000061035156,144.72999572753906,30338300,144.72999572753906
2020-05-27,149.13999938964844,149.64999389648438,141.24000549316406,149.52000427246094,32799900,149.52000427246094
2020-05-28,156.10000610351562,156.6999969482422,149.0500030517578,149.82000732421875,34734300,149.82000732421875
2020-05-29,145.3000030517578,152,142.94000244140625,145.85000610351562,33853900,145.85000610351562
2020-06-01,145.4499969482422,153.5500030517578,144.5500030517578,151.38999938964844,27127300,151.38999938964844
2020-06-02,154,155.85000610351562,151.80999755859375,153.30999755859375,24780500,153.30999755859375
2020-06-03,157.10000610351562,173.77999877929688,155.49000549316406,173.16000366210938,66486400,173.16000366210938
2020-06-04,181.27999877929688,188.60000610351562,177.39999389648438,184.3000030517578,67155600,184.3000030517578
2020-06-05,205,218.7899932861328,197.36000061035156,205.42999267578125,99846000,205.42999267578125
2020-06-08,222.94000244140625,234.1999969482422,218.92999267578125,230.5,80902800,230.5
2020-06-09,222.13999938964844,227,213.0800018310547,216.74000549316406,66688700,216.74000549316406
2020-06-10,211.1699981689453,213.02999877929688,197.39999389648438,203.41000366210938,90384900,203.41000366210938
2020-06-11,179.35000610351562,192.17999267578125,166.00999450683594,170,103212800,170
2020-06-12,187.14999389648438,191.3000030517578,176.25999450683594,189.50999450683594,89550100,189.50999450683594
2020-06-15,177.17999267578125,193.22999572753906,175.88999938964844,190.94000244140625,78612900,190.94000244140625
2020-06-16,207.14999389648438,208.3000030517578,192.60000610351562,197.77000427246094,76496900,197.77000427246094
2020-06-17,194.52000427246094,196.42999267578125,191.25,192.5399932861328,53085400,192.5399932861328
2020-06-18,188.24000549316406,198.02999877929688,187.1999969482422,192.2899932861328,60849900,192.2899932861328
2020-06-19,197.89999389648438,197.9600067138672,184.57000732421875,187.02000427246094,67262100,187.02000427246094
2020-06-22,184.55999755859375,188.6999969482422,181.89999389648438,188.52000427246094,53901500,188.52000427246094
2020-06-23,189.3000030517578,190.1199951171875,183.5500030517578,187.8800048828125,50281300,187.8800048828125
2020-06-24,183.61000061035156,185.1999969482422,176.07000732421875,176.69000244140625,56534800,176.69000244140625
2020-06-25,169.8699951171875,177.5,169.58999633789062,174.8800048828125,57335700,174.8800048828125
2020-06-26,173.4199981689453,173.85000610351562,167.60000610351562,170.00999450683594,50644400,170.00999450683594
2020-06-29,181,194.5,176.27000427246094,194.49000549316406,78499900,194.49000549316406
2020-06-30,188.02000427246094,188.49000549316406,180.3800048828125,183.3000030517578,65493100,183.3000030517578
2020-07-01,185.8800048828125,190.61000061035156,180.0399932861328,180.32000732421875,49036700,180.32000732421875
2020-07-02,185.5800018310547,187.7899932861328,180.42999267578125,180.80999755859375,41792300,180.80999755859375
2020-07-06,184.52000427246094,189.36000061035156,181.60000610351562,187.91000366210938,49471700,187.91000366210938
2020-07-07,185.07000732421875,185.07000732421875,178.64999389648438,178.8800048828125,37105300,178.8800048828125
2020-07-08,179.0500030517578,181.5800018310547,175.50999450683594,180.0800018310547,38116200,180.0800018310547
2020-07-09,179.6699981689453,180.75,172.80999755859375,173.27999877929688,33514500,173.27999877929688
2020-07-10,171.6999969482422,179.3300018310547,169.75,178.44000244140625,40955600,178.44000244140625
2020-07-13,180.1999969482422,183.25,174.36000061035156,175.64999389648438,43364700,175.64999389648438
2020-07-14,177,181.3000030517578,173.41000366210938,179.9600067138672,39256200,179.9600067138672
2020-07-15,185.5399932861328,189.52999877929688,181.25,187.94000244140625,48044800,187.94000244140625
2020-07-16,184.32000732421875,184.58999633789062,177.33999633789062,178.6999969482422,35050000,178.6999969482422
2020-07-17,178.41000366210938,181.10000610351562,175.5500030517578,175.66000366210938,26170500,175.66000366210938
2020-07-20,175.1300048828125,176.57000732421875,171.6199951171875,174.4199981689453,25294300,174.4199981689453
2020-07-21,178.42999267578125,182.64999389648438,176.75,178.6300048828125,40740500,178.6300048828125
2020-07-22,176.42999267578125,182.9499969482422,175.38999938964844,179.7899932861328,29790300,179.7899932861328
2020-07-23,178,182.5,175.4199981689453,176.4499969482422,29587200,176.4499969482422
2020-07-24,175.67999267578125,181.10000610351562,173.60000610351562,173.75999450683594,28548000,173.75999450683594
2020-07-27,173.19000244140625,174.13999938964844,169,170.2100067138672,30243800,170.2100067138672
2020-07-28,168.5,173.74000549316406,168.22999572753906,170.83999633789062,25349100,170.83999633789062
2020-07-29,172.89999389648438,173.00999450683594,162.25,166.00999450683594,51709600,166.00999450683594
2020-07-30,162.8800048828125,164.5500030517578,160.63999938964844,161.9499969482422,29140000,161.9499969482422
2020-07-31,161.5500030517578,163.39999389648438,156.25999450683594,158,30263100,158
2020-08-03,156.50999450683594,163.5800018310547,153.41000366210938,162.27000427246094,38520500,162.27000427246094
2020-08-04,164.6300048828125,167.39999389648438,163.00999450683594,165.07000732421875,30853500,165.07000732421875
2020-08-05,167.60000610351562,174.97999572753906,166.39999389648438,174.27999877929688,46189200,174.27999877929688
2020-08-06,172.8000030517578,175.57000732421875,170.60000610351562,172.1999969482422,32921600,172.1999969482422
2020-08-07,171.5,171.86000061035156,168.6999969482422,170.02000427246094,19318000,170.02000427246094
2020-08-10,171.36000061035156,179.7899932861328,171.3300018310547,179.41000366210938,35857700,179.41000366210938
2020-08-11,184.50999450683594,189.97000122070312,179.52999877929688,180.1300048828125,61036600,180.1300048828125
2020-08-12,184.00999450683594,184.14999389648438,173.19000244140625,175.44000244140625,40674400,175.44000244140625
2020-08-13,173.6199951171875,179.47000122070312,172.42999267578125,174.72999572753906,22958800,174.72999572753906
2020-08-14,173.08999633789062,179.47000122070312,172.35000610351562,178.0800018310547,32414100,178.0800018310547
2020-08-17,178.24000549316406,178.2899932861328,171.41000366210938,172.00999450683594,23352100,172.00999450683594
2020-08-18,172.00999450683594,173.24000549316406,169.00999450683594,170.22999572753906,21488500,170.22999572753906
2020-08-19,170.44000244140625,174.10000610351562,169.08999633789062,169.27000427246094,25601500,169.27000427246094
2020-08-20,168.5399932861328,170.83999633789062,165.86000061035156,169.5800018310547,23213400,169.5800018310547
2020-08-21,168.35000610351562,170.0800018310547,167.27000427246094,167.5,16945900,167.5
2020-08-24,168.77999877929688,178.27000427246094,167.92999267578125,178.27000427246094,39317100,178.27000427246094
2020-08-25,180.4600067138672,180.6300048828125,172.44000244140625,174.72999572753906,31318500,174.72999572753906
2020-08-26,173.8000030517578,174.42999267578125,171.35000610351562,171.89999389648438,16189800,171.89999389648438
2020-08-27,174.7100067138672,181.30999755859375,173.55999755859375,174.1999969482422,29548100,174.1999969482422
2020-08-28,175.11000061035156,177.27999877929688,172.57000732421875,175.8000030517578,20383900,175.8000030517578
2020-08-31,174.64999389648438,175.27000427246094,171.6999969482422,171.82000732421875,16264300,171.82000732421875
2020-09-01,170.7100067138672,175.49000549316406,169.25,172.10000610351562,18977300,172.10000610351562
2020-09-02,172.74000549316406,175,171.4499969482422,174.77999877929688,16552100,174.77999877929688
2020-09-03,175,180.85000610351562,168.1199951171875,168.77000427246094,27799400,168.77000427246094
2020-09-04,171.30999755859375,172.8300018310547,164,171.0500030517578,18867300,171.0500030517578
2020-09-08,165.8000030517578,166.89999389648438,160.5,161.0800018310547,22622700,161.0800018310547
2020-09-09,161.61000061035156,163.05999755859375,157,160.77999877929688,21951400,160.77999877929688
2020-09-10,160.9600067138672,163.77999877929688,157.57000732421875,157.69000244140625,14532600,157.69000244140625
2020-09-11,158,161.36000061035156,156.32000732421875,160.22999572753906,14722400,160.22999572753906
2020-09-14,161.75,165.94000244140625,158.89999389648438,165.35000610351562,17228400,165.35000610351562
2020-09-15,166.64999389648438,168.83999633789062,163.3300018310547,163.49000549316406,14881700,163.49000549316406
2020-09-16,161.9499969482422,170.57000732421875,160.30999755859375,167.4600067138672,21851400,167.4600067138672
2020-09-17,164.6300048828125,168.4600067138672,161.0500030517578,167.52999877929688,19717800,167.52999877929688
2020-09-18,165.66000366210938,169.72000122070312,161.02000427246094,161.13999938964844,22057100,161.13999938964844
2020-09-21,157.8300018310547,158.8300018310547,154.1999969482422,156.35000610351562,23125300,156.35000610351562
2020-09-22,156.80999755859375,160.07000732421875,154.9499969482422,156.8000030517578,17768900,156.8000030517578
2020-09-23,157.3300018310547,160.4199981689453,150.88999938964844,151.17999267578125,18247500,151.17999267578125
2020-09-24,150.2899932861328,150.30999755859375,145.02000427246094,146.0500030517578,27098100,146.0500030517578
2020-09-25,146.85000610351562,156.30999755859375,146.4199981689453,156.02999877929688,29123000,156.02999877929688
2020-09-28,160.3300018310547,168,159.1999969482422,166.0800018310547,38868200,166.0800018310547
2020-09-29,164.77000427246094,165.5,162.00999450683594,163.60000610351562,19874700,163.60000610351562
2020-09-30,164.5,170.97999572753906,164.11000061035156,165.25999450683594,38436700,165.25999450683594
2020-10-01,170.14999389648438,172.75999450683594,165.57000732421875,167.86000061035156,30677100,167.86000061035156
2020-10-02,161.86000061035156,169.77999877929688,161.8000030517578,168.0800018310547,31773800,168.0800018310547
2020-10-05,169.49000549316406,172.0800018310547,167.50999450683594,171.1999969482422,19082100,171.1999969482422
2020-10-06,173.0399932861328,175.55999755859375,159.3300018310547,159.5399932861328,47132500,159.5399932861328
2020-10-07,163.7100067138672,166.33999633789062,162.3800048828125,164.61000061035156,26019100,164.61000061035156
2020-10-08,166.22000122070312,168.08999633789062,163.5399932861328,168,20598600,168
2020-10-09,169.92999267578125,170,166.82000732421875,167.3300018310547,17406000,167.3300018310547
2020-10-12,167.75,169.1999969482422,165.9499969482422,167.35000610351562,12176600,167.35000610351562
2020-10-13,165.36000061035156,165.52999877929688,162.08999633789062,162.13999938964844,15182600,162.13999938964844
2020-10-14,162.6999969482422,165.1699981689453,162.49000549316406,163.24000549316406,10505500,163.24000549316406
2020-10-15,161.00999450683594,164.5399932861328,158.72999572753906,164.24000549316406,13226800,164.24000549316406
2020-10-16,171.22000122070312,173.4199981689453,167.27000427246094,167.35000610351562,31780600,167.35000610351562
2020-10-19,169.08999633789062,170.83999633789062,166.11000061035156,167.11000061035156,16519600,167.11000061035156
2020-10-20,168.2899932861328,169.2899932861328,166.17999267578125,167.24000549316406,12319900,167.24000549316406
2020-10-21,166.44000244140625,167.6300048828125,163.82000732421875,163.86000061035156,11450600,163.86000061035156
2020-10-22,164.6999969482422,169.6300048828125,164.10000610351562,169.07000732421875,14238200,169.07000732421875
2020-10-23,169.99000549316406,170.25999450683594,166.0500030517578,167.36000061035156,10024200,167.36000061035156
2020-10-26,164.9499969482422,165.5,159.0500030517578,160.8300018310547,16151100,160.8300018310547
2020-10-27,159.16000366210938,160.25,155,155.24000549316406,15491900,155.24000549316406
2020-10-28,153,153.9499969482422,148,148.13999938964844,20279800,148.13999938964844
2020-10-29,148.02999877929688,150.10000610351562,146.60000610351562,148.2899932861328,14554300,148.2899932861328
2020-10-30,147.1999969482422,149.1699981689453,141.5800018310547,144.38999938964844,15374700,144.38999938964844
2020-11-02,145.75,149.58999633789062,143.3800048828125,148.60000610351562,13854600,148.60000610351562
2020-11-03,151.8300018310547,154.82000732421875,150.63999938964844,153.64999389648438,12249800,153.64999389648438
2020-11-04,153.1699981689453,155.39999389648438,151.1699981689453,151.6300048828125,11344700,151.6300048828125
2020-11-05,152.47999572753906,157.6300048828125,152.10000610351562,157.08999633789062,12328300,157.08999633789062
2020-11-06,156.3300018310547,158.47000122070312,154.52000427246094,157.74000549316406,8995600,157.74000549316406
2020-11-09,179,184.4600067138672,172.16000366210938,179.36000061035156,49014400,179.36000061035156
2020-11-10,182.8000030517578,193.9499969482422,180.3800048828125,188.69000244140625,46404300,188.69000244140625
2020-11-11,189.88999938964844,190,180.41000366210938,182.14999389648438,29907800,182.14999389648438
2020-11-12,178.9499969482422,184.58999633789062,176.25,176.72000122070312,20288400,176.72000122070312
2020-11-13,179,187.27000427246094,178.7100067138672,187.11000061035156,19724500,187.11000061035156
2020-11-16,194.55999755859375,202.94000244140625,191.35000610351562,202.39999389648438,40562800,202.39999389648438
2020-11-17,200.25,211.1999969482422,196.0500030517578,210.0500030517578,38299300,210.0500030517578
2020-11-18,223.02000427246094,223.02000427246094,203,203.3000030517578,65990700,203.3000030517578
2020-11-19,200.4499969482422,209.44000244140625,199.89999389648438,205.6699981689453,34236100,205.6699981689453
2020-11-20,204.58999633789062,206.5800018310547,199.1699981689453,199.6199951171875,18230900,199.6199951171875
2020-11-23,203.24000549316406,214.2100067138672,201.8699951171875,211.52999877929688,28372400,211.52999877929688
2020-11-24,219.42999267578125,222.9499969482422,215.75999450683594,218.49000549316406,31132000,218.49000549316406
2020-11-25,217.7100067138672,221,213.08999633789062,217.61000061035156,19254100,217.61000061035156
2020-11-27,218.25,219.92999267578125,216.0399932861328,216.5,9970200,216.5
2020-11-30,215.6999969482422,217.77999877929688,208.52000427246094,210.7100067138672,16501900,210.7100067138672
2020-12-01,214.30999755859375,218.08999633789062,213,213.00999450683594,15754200,213.00999450683594
2020-12-02,213.00999450683594,224.99000549316406,210.3000030517578,223.85000610351562,25912300,223.85000610351562
2020-12-03,228.3000030517578,242,226.52999877929688,237.1999969482422,45945100,237.1999969482422
2020-12-04,236.36000061035156,238.17999267578125,230.25,232.7100067138672,29378400,232.7100067138672
2020-12-07,238.5,244.0800018310547,237.11000061035156,238.1699981689453,33246700,238.1699981689453
2020-12-08,238.6999969482422,241.6999969482422,234.4600067138672,236.57000732421875,19682000,236.57000732421875
2020-12-09,238.63999938964844,240.83999633789062,228.27999877929688,232.05999755859375,19043600,232.05999755859375
2020-12-10,228.10000610351562,237.00999450683594,228.02000427246094,234.42999267578125,16185000,234.42999267578125
2020-12-11,232.82000732421875,236.22000122070312,228.3300018310547,230.3300018310547,17311800,230.3300018310547
2020-12-14,235,237.6300048828125,228.3699951171875,228.6199951171875,19231200,228.6199951171875
2020-12-15,230,232.5,224.36000061035156,229.5,18993700,229.5
2020-12-16,229.3300018310547,232.3699951171875,225.3000030517578,225.8699951171875,17858400,225.8699951171875
2020-12-17,227.24000549316406,228.49000549316406,220.52999877929688,221.24000549316406,17465600,221.24000549316406
2020-12-18,222.0500030517578,223.4600067138672,218.61000061035156,219.75,19092800,219.75
2020-12-21,212.33999633789062,219.42999267578125,211.10000610351562,219.30999755859375,18726500,219.30999755859375
2020-12-22,223.27999877929688,223.88999938964844,217.6999969482422,218.77999877929688,13280000,218.77999877929688
2020-12-23,219.5500030517578,224.39999389648438,219.32000732421875,219.69000244140625,10869000,219.69000244140625
2020-12-24,219.6199951171875,219.8800048828125,216.0500030517578,217.14999389648438,6398500,217.14999389648438
2020-12-28,218.19000244140625,219.1999969482422,215.16000366210938,216.08999633789062,9090600,216.08999633789062
2020-12-29,218.3000030517578,221.67999267578125,215.39999389648438,216.25,14593800,216.25
2020-12-30,216.36000061035156,218.5500030517578,214.3699951171875,216.6699981689453,10812600,216.6699981689453
2020-12-31,216.24000549316406,216.89999389648438,212.6999969482422,214.05999755859375,10487600,214.05999755859375
2021-01-04,210,210.1999969482422,202.49000549316406,202.72000122070312,21225600,202.72000122070312
2021-01-05,204.74000549316406,213.35000610351562,204.60000610351562,211.6300048828125,19338300,211.6300048828125
2021-01-06,210.22000122070312,215.61000061035156,209.33999633789062,211.02999877929688,16202200,211.02999877929688
2021-01-07,213.38999938964844,216.60000610351562,211.77999877929688,212.7100067138672,14474100,212.7100067138672
2021-01-08,213.61000061035156,214.10000610351562,208.16000366210938,209.89999389648438,14144000,209.89999389648438
2021-01-11,203.02999877929688,207.77999877929688,201.00999450683594,206.7899932861328,16770300,206.7899932861328
2021-01-12,206.64999389648438,209.05999755859375,204.80999755859375,208.41000366210938,12836200,208.41000366210938
2021-01-13,207.14999389648438,208.7899932861328,204.85000610351562,207.2100067138672,8570500,207.2100067138672
2021-01-14,208.7899932861328,214.19000244140625,208.2100067138672,209.91000366210938,12446800,209.91000366210938
2021-01-15,208.9600067138672,209.25,204.1999969482422,204.32000732421875,11103300,204.32000732421875
2021-01-19,206.99000549316406,211.52000427246094,206.52000427246094,210.7100067138672,11947200,210.7100067138672
2021-01-20,213.24000549316406,215.58999633789062,211.2100067138672,211.4499969482422,9727000,211.4499969482422
2021-01-21,211.72000122070312,211.92999267578125,206.33999633789062,207.41000366210938,11091300,207.41000366210938
2021-01-22,205.5500030517578,206.6999969482422,204.27000427246094,205.83999633789062,7514600,205.83999633789062
2021-01-25,203.27000427246094,203.8000030517578,199.3000030517578,203.36000061035156,14276200,203.36000061035156
2021-01-26,205.33999633789062,208.35000610351562,201.7899932861328,202.05999755859375,11011800,202.05999755859375
2021-01-27,196.89999389648438,199.47000122070312,191.85000610351562,194.02999877929688,20948500,194.02999877929688
2021-01-28,198.0500030517578,200.4199981689453,196,197.22999572753906,10403200,197.22999572753906
2021-01-29,198.3000030517578,201.57000732421875,193.1199951171875,194.19000244140625,13683700,194.19000244140625
2021-02-01,196,197.3800048828125,192.86000061035156,195.83999633789062,9061900,195.83999633789062
2021-02-02,198.97999572753906,203.02999877929688,198.08999633789062,200.94000244140625,11130600,200.94000244140625
2021-02-03,202,208.16000366210938,201.25999450683594,207.38999938964844,11836900,207.38999938964844
2021-02-04,209.8699951171875,212.47999572753906,208.02000427246094,210.63999938964844,11869900,210.63999938964844
2021-02-05,212.25,213.1999969482422,206.66000366210938,207.92999267578125,9546100,207.92999267578125
2021-02-08,209.5500030517578,211.99000549316406,208.3000030517578,211.9499969482422,11182100,211.9499969482422
2021-02-09,210.60000610351562,216.72999572753906,208.89999389648438,215.1199951171875,13615700,215.1199951171875
2021-02-10,215.64999389648438,217.49000549316406,211.1199951171875,211.9199981689453,11510700,211.9199981689453
2021-02-11,212.24000549316406,213.99000549316406,208.57000732421875,210.66000366210938,7140200,210.66000366210938
2021-02-12,210.36000061035156,213.16000366210938,209.6699981689453,210.97999572753906,6010800,210.97999572753906
2021-02-16,213.0800018310547,217.39999389648438,212.3300018310547,217.17999267578125,10171100,217.17999267578125
2021-02-17,215.52000427246094,218.7100067138672,212.67999267578125,215.52000427246094,9276000,215.52000427246094
2021-02-18,213.4499969482422,214.33999633789062,208.0800018310547,208.47999572753906,9121300,208.47999572753906
2021-02-19,209.97000122070312,217.63999938964844,209.14999389648438,217.47000122070312,12415300,217.47000122070312
2021-02-22,211.88999938964844,220.38999938964844,210.8000030517578,212.8800048828125,21413700,212.8800048828125
2021-02-23,214.14999389648438,214.75,206.60000610351562,212.1199951171875,15996700,212.1199951171875
2021-02-24,212.10000610351562,229.61000061035156,211.60000610351562,229.33999633789062,30709300,229.33999633789062
2021-02-25,227.8000030517578,228.5,214.7100067138672,216.4499969482422,19283000,216.4499969482422
2021-02-26,218.50999450683594,220.66000366210938,211.2899932861328,212.00999450683594,12838400,212.00999450683594
2021-03-01,219.60000610351562,226.97999572753906,219.02000427246094,224.38999938964844,18735400,224.38999938964844
2021-03-02,224.7899932861328,227.19000244140625,222.14999389648438,223.13999938964844,11114400,223.13999938964844
2021-03-03,226.36000061035156,235.39999389648438,225.0399932861328,228.55999755859375,30426000,228.55999755859375
2021-03-04,232.72999572753906,237.10000610351562,218.6999969482422,224.7100067138672,26645100,224.7100067138672
2021-03-05,229.00999450683594,229.9199981689453,213.8000030517578,223.22000122070312,20026600,223.22000122070312
2021-03-08,226.6699981689453,229.88999938964844,223.7100067138672,224.02999877929688,13836800,224.02999877929688
2021-03-09,226.80999755859375,234.05999755859375,222.5800018310547,230.61000061035156,21001200,230.61000061035156
2021-03-10,233.80999755859375,246.8000030517578,232.8800048828125,245.33999633789062,27753400,245.33999633789062
2021-03-11,248.77000427246094,256.6499938964844,246.5500030517578,252,30139200,252
2021-03-12,253.86000061035156,269.7200012207031,253.5,269.19000244140625,35264300,269.19000244140625
2021-03-15,274.1499938964844,278.57000732421875,264.3299865722656,265.6300048828125,34816700,265.6300048828125
2021-03-16,263.2300109863281,264.1700134277344,254.02000427246094,255.2100067138672,28785800,255.2100067138672
2021-03-17,254.6999969482422,263.6099853515625,253.67999267578125,263.5899963378906,23785500,263.5899963378906
2021-03-18,261.32000732421875,267.3699951171875,254.72999572753906,256.05999755859375,24595500,256.05999755859375
2021-03-19,257.75,258.8800048828125,251.30999755859375,255.82000732421875,17330800,255.82000732421875
2021-03-22,255.82000732421875,257.6700134277344,250.16000366210938,251.22999572753906,15230000,251.22999572753906
2021-03-23,249.25999450683594,251.3000030517578,239.42999267578125,241.25,21358200,241.25
2021-03-24,243.75,248.8000030517578,239.05999755859375,239.24000549316406,24055100,239.24000549316406
2021-03-25,234.33999633789062,247.5800018310547,231.6999969482422,247.19000244140625,27553600,247.19000244140625
2021-03-26,249.6199951171875,250.89999389648438,240.3000030517578,244.8699951171875,17157100,244.8699951171875
2021-03-29,251.3000030517578,254.7100067138672,248.02999877929688,250.52000427246094,22198800,250.52000427246094
2021-03-30,251.24000549316406,253.5,248.91000366210938,252.00999450683594,12577300,252.00999450683594
2021-03-31,254.6999969482422,257.8800048828125,253.36000061035156,254.72000122070312,14138500,254.72000122070312
2021-04-01,256.6700134277344,257.8800048828125,251.30999755859375,252.9600067138672,10934500,252.9600067138672
2021-04-05,256.55999755859375,260.4800109863281,256.25,259.3599853515625,13750300,259.3599853515625
2021-04-06,257.2099914550781,259.3500061035156,254.66000366210938,255.1699981689453,11180300,255.1699981689453
2021-04-07,255.30999755859375,255.89999389648438,250.8300018310547,252.5800018310547,9925700,252.5800018310547
2021-04-08,251.6999969482422,254.9499969482422,249.30999755859375,254.9499969482422,9899900,254.9499969482422
2021-04-09,250.50999450683594,252.83999633789062,249.44000244140625,252.36000061035156,12255900,252.36000061035156
2021-04-12,250.57000732421875,251.5500030517578,246.2899932861328,249.52000427246094,10383600,249.52000427246094
2021-04-13,248.3300018310547,254.49000549316406,246.10000610351562,253.27000427246094,15901400,253.27000427246094
2021-04-14,255.32000732421875,258.3699951171875,251.27999877929688,252.42999267578125,12661800,252.42999267578125
2021-04-15,253.55999755859375,254.1199951171875,249.42999267578125,251.11000061035156,9479000,251.11000061035156
2021-04-16,252,253.0500030517578,246.22999572753906,248.17999267578125,14606000,248.17999267578125
2021-04-19,247,247,242.22000122070312,244.14999389648438,9249300,244.14999389648438
2021-04-20,241.02999877929688,241.08999633789062,232.33999633789062,234.05999755859375,19483600,234.05999755859375
2021-04-21,232.22000122070312,236.75999450683594,230.22000122070312,235.9199981689453,12847000,235.9199981689453
2021-04-22,235.9600067138672,239.64999389648438,233.3800048828125,234.3300018310547,13854400,234.3300018310547
2021-04-23,233.88999938964844,238.5800018310547,233.11000061035156,238.3800048828125,11533100,238.3800048828125
2021-04-26,240.24000549316406,244.64999389648438,240.10000610351562,241.44000244140625,10599600,241.44000244140625
2021-04-27,241.8800048828125,243.49000549316406,239.41000366210938,242.47000122070312,10583300,242.47000122070312
2021-04-28,239,239.64999389648438,232.85000610351562,235.4600067138672,19054100,235.4600067138672
2021-04-29,237,237.67999267578125,231.8000030517578,235.94000244140625,12296100,235.94000244140625
2021-04-30,233.67999267578125,236.77000427246094,232.6999969482422,234.30999755859375,10380400,234.30999755859375
2021-05-03,234.11000061035156,237.10000610351562,233.80999755859375,235.19000244140625,9887800,235.19000244140625
2021-05-04,235.75,236.64999389648438,225.64999389648438,233.6300048828125,17807200,233.6300048828125
2021-05-05,232.4499969482422,233.49000549316406,227.55999755859375,228.17999267578125,14913500,228.17999267578125
2021-05-06,229.3000030517578,231.1699981689453,226.5500030517578,229.80999755859375,11857100,229.80999755859375
2021-05-07,229.8000030517578,235.91000366210938,227.99000549316406,235.47000122070312,12823000,235.47000122070312
2021-05-10,236.83999633789062,241.10000610351562,232.5,232.92999267578125,14813900,232.92999267578125
2021-05-11,226.55999755859375,230.1300048828125,223.85000610351562,228.8800048828125,16273200,228.8800048828125
2021-05-12,227.25,229.74000549316406,220.6300048828125,220.77999877929688,14931200,220.77999877929688
2021-05-13,223,229.27000427246094,219.07000732421875,222.63999938964844,16503400,222.63999938964844
2021-05-14,225.99000549316406,228.80999755859375,224.35000610351562,228.47000122070312,10162400,228.47000122070312
2021-05-17,226.24000549316406,228.25999450683594,223.5800018310547,227.97999572753906,9559300,227.97999572753906
2021-05-18,227.25,232.27000427246094,226.42999267578125,227.5500030517578,10081100,227.5500030517578
2021-05-19,223.17999267578125,225.1199951171875,220.27999877929688,224.4199981689453,13162700,224.4199981689453
2021-05-20,225.1300048828125,228.44000244140625,223.77000427246094,227.64999389648438,9218900,227.64999389648438
2021-05-21,232.89999389648438,236.3000030517578,231.38999938964844,234.82000732421875,16579000,234.82000732421875
2021-05-24,235.13999938964844,238.5,232.60000610351562,237.44000244140625,10106000,237.44000244140625
2021-05-25,240,243.77999877929688,239.22999572753906,240.74000549316406,12908000,240.74000549316406
2021-05-26,241.6999969482422,242.49000549316406,239.8699951171875,241.3699951171875,7240200,241.3699951171875
2021-05-27,248.11000061035156,252.60000610351562,247.19000244140625,250.6999969482422,18404400,250.6999969482422
2021-05-28,247.47999572753906,248.97999572753906,245.3699951171875,247.02000427246094,11197400,247.02000427246094
2021-06-01,253,255.63999938964844,251.52000427246094,254.72999572753906,13562800,254.72999572753906
2021-06-02,255.60000610351562,258.3999938964844,254.6199951171875,255.6199951171875,10820400,255.6199951171875
2021-06-03,252.97999572753906,254.8000030517578,249.69000244140625,250.32000732421875,10402000,250.32000732421875
2021-06-04,251.50999450683594,251.8000030517578,248.49000549316406,249.9199981689453,8799000,249.9199981689453
2021-06-07,251.5,253.1999969482422,248.80999755859375,252.66000366210938,10606000,252.66000366210938
2021-06-08,256.260009765625,256.30999755859375,250,252.75999450683594,15113900,252.75999450683594
2021-06-09,251.1999969482422,253.1699981689453,247.91000366210938,248.05999755859375,10693200,248.05999755859375
2021-06-10,251.72000122070312,255.13999938964844,248.10000610351562,248.33999633789062,14519200,248.33999633789062
2021-06-11,250.35000610351562,251.1199951171875,245.77999877929688,247.27999877929688,9934200,247.27999877929688
2021-06-14,246.44000244140625,249.1999969482422,244.39999389648438,245.13999938964844,9344400,245.13999938964844
2021-06-15,245.36000061035156,248.50999450683594,244.94000244140625,246.5399932861328,10630900,246.5399932861328
2021-06-16,245.25,246.05999755859375,241.5500030517578,242.27000427246094,10529200,242.27000427246094
2021-06-17,241.9600067138672,243.5,237.3300018310547,239.22000122070312,10774400,239.22000122070312
2021-06-18,237.7899932861328,239.30999755859375,235.8000030517578,237.35000610351562,11965000,237.35000610351562
2021-06-21,238.66000366210938,245.6199951171875,237.25,245.27999877929688,15301800,245.27999877929688
2021-06-22,244.5,244.6300048828125,241.0800018310547,243.77999877929688,10042500,243.77999877929688
2021-06-23,244.8000030517578,246.8699951171875,243.1699981689453,243.57000732421875,9874700,243.57000732421875
2021-06-24,245.1999969482422,250.74000549316406,243.6999969482422,250.57000732421875,13755600,250.57000732421875
2021-06-25,250.75,252.3000030517578,248.25,248.3800048828125,9625800,248.3800048828125
2021-06-28,244.72999572753906,245.0800018310547,238.8800048828125,239.9600067138672,18152000,239.9600067138672
2021-06-29,243.74000549316406,244.3699951171875,235.66000366210938,235.75999450683594,16743900,235.75999450683594
2021-06-30,236.24000549316406,241.1699981689453,236,239.55999755859375,12089100,239.55999755859375
2021-07-01,240.36000061035156,241.8000030517578,238.61000061035156,239.72999572753906,9516200,239.72999572753906
2021-07-02,239.5500030517578,240.11000061035156,233.47000122070312,236.67999267578125,15706600,236.67999267578125
2021-07-06,236.85000610351562,237.1699981689453,233.47000122070312,236.13999938964844,11045800,236.13999938964844
2021-07-07,235.1699981689453,238.00999450683594,230.52000427246094,231.77999877929688,11497000,231.77999877929688
2021-07-08,227.47999572753906,237.47000122070312,226.16000366210938,236.77000427246094,17964300,236.77000427246094
2021-07-09,237.77000427246094,240.3800048828125,236.22000122070312,239.58999633789062,12385400,239.58999633789062
2021-07-12,237.99000549316406,240.77000427246094,236.4600067138672,238.2899932861328,9071500,238.2899932861328
2021-07-13,232.27000427246094,234.49000549316406,228.16000366210938,228.1999969482422,21029500,228.1999969482422
2021-07-14,229.02000427246094,230.52000427246094,224.3000030517578,224.4499969482422,12137000,224.4499969482422
2021-07-15,222.8800048828125,226.6699981689453,220.8000030517578,222.75999450683594,12228600,222.75999450683594
2021-07-16,223.11000061035156,224,217.02999877929688,217.74000549316406,12413400,217.74000549316406
2021-07-19,211.17999267578125,211.5500030517578,204.8000030517578,206.99000549316406,24123600,206.99000549316406
2021-07-20,208.10000610351562,217.3699951171875,206.6199951171875,217.14999389648438,17027300,217.14999389648438
2021-07-21,219.5,224.08999633789062,218.89999389648438,222.5399932861328,11437600,222.5399932861328
2021-07-22,221.52000427246094,222.25,218.30999755859375,220.8699951171875,9768900,220.8699951171875
2021-07-23,222.97000122070312,224.6300048828125,220.94000244140625,221.52000427246094,9379500,221.52000427246094
2021-07-26,220,226.1199951171875,219.88999938964844,225.85000610351562,8933200,225.85000610351562
2021-07-27,223.1699981689453,225.6999969482422,220.4199981689453,222.27000427246094,8784200,222.27000427246094
2021-07-28,234.0500030517578,237.49000549316406,231.3300018310547,231.57000732421875,19330500,231.57000732421875
2021-07-29,233.69000244140625,234.82000732421875,231.1199951171875,231.6300048828125,8667900,231.6300048828125
2021-07-30,229.38999938964844,231.17999267578125,225.39999389648438,226.47999572753906,9940100,226.47999572753906
2021-08-02,227.19000244140625,230.47000122070312,224.8699951171875,225.33999633789062,8889100,225.33999633789062
2021-08-03,225.89999389648438,229.10000610351562,221.3000030517578,229.08999633789062,7326400,229.08999633789062
2021-08-04,226.4199981689453,232.35000610351562,225.3300018310547,226.6300048828125,9756300,226.6300048828125
2021-08-05,226.67999267578125,231.5399932861328,226.49000549316406,229.94000244140625,8362600,229.94000244140625
2021-08-06,231.5500030517578,233.57000732421875,230.4199981689453,231.3300018310547,6061900,231.3300018310547
2021-08-09,229,233.57000732421875,226.88999938964844,232.27000427246094,8358600,232.27000427246094
2021-08-10,231.97000122070312,236.85000610351562,231.6199951171875,235.77999877929688,9603500,235.77999877929688
2021-08-11,236.61000061035156,239.58999633789062,234.5800018310547,239.49000549316406,9664000,239.49000549316406
2021-08-12,240,241.14999389648438,236.50999450683594,238.17999267578125,6810000,238.17999267578125
2021-08-13,238.00999450683594,239.69000244140625,234.27999877929688,234.4600067138672,6390300,234.4600067138672
2021-08-16,231.89999389648438,232.02999877929688,227.13999938964844,229.05999755859375,7622000,229.05999755859375
2021-08-17,226.1999969482422,226.24000549316406,219.8000030517578,222.22000122070312,13124000,222.22000122070312
2021-08-18,221.72999572753906,223.64999389648438,218.89999389648438,219,9000900,219
2021-08-19,216.3000030517578,218.3000030517578,211.72999572753906,212.16000366210938,11404400,212.16000366210938
2021-08-20,212.30999755859375,214.74000549316406,210.94000244140625,212.6699981689453,9335700,212.6699981689453
2021-08-23,215.8300018310547,220.17999267578125,215.3800048828125,219.39999389648438,10392100,219.39999389648438
2021-08-24,220.11000061035156,223.10000610351562,219.8000030517578,221.42999267578125,8942600,221.42999267578125
2021-08-25,221.5,222.3000030517578,219.10000610351562,221.02999877929688,6528900,221.02999877929688
2021-08-26,221.41000366210938,222.89999389648438,215.91000366210938,216.5,8341400,216.5
2021-08-27,217.47000122070312,222.42999267578125,216.86000061035156,221.75,7684900,221.75
2021-08-30,222.35000610351562,222.3699951171875,217.52999877929688,217.66000366210938,7587800,217.66000366210938
2021-08-31,217.3300018310547,221.3300018310547,217.08999633789062,219.5,6764500,219.5
2021-09-01,220,221.75999450683594,217.6199951171875,218.1199951171875,7157400,218.1199951171875
2021-09-02,218.9499969482422,223.83999633789062,218.0800018310547,220.8300018310547,8899500,220.8300018310547
2021-09-03,219.4499969482422,221.17999267578125,217.4600067138672,218.1699981689453,6393500,218.1699981689453
2021-09-07,215.91000366210938,216.7100067138672,212.1699981689453,214.24000549316406,13196100,214.24000549316406
2021-09-08,213.60000610351562,216.0800018310547,210.50999450683594,211.3800048828125,8877600,211.3800048828125
2021-09-09,211.14999389648438,216.61000061035156,210.72000122070312,213.94000244140625,9242800,213.94000244140625
2021-09-10,215.16000366210938,215.88999938964844,210.1199951171875,210.3000030517578,6959700,210.3000030517578
2021-09-13,211.35000610351562,215.63999938964844,209.8800048828125,214.47999572753906,10175900,214.47999572753906
2021-09-14,215.83999633789062,216.11000061035156,210.7100067138672,211.57000732421875,9947000,211.57000732421875
2021-09-15,211.7899932861328,214.35000610351562,210.32000732421875,214.22000122070312,7916300,214.22000122070312
2021-09-16,213.9600067138672,216.30999755859375,213.30999755859375,213.36000061035156,6370900,213.36000061035156
2021-09-17,213.1199951171875,215.3699951171875,211.91000366210938,213.36000061035156,7932700,213.36000061035156
2021-09-20,210.80999755859375,212.42999267578125,206.52999877929688,209.5,10567400,209.5
2021-09-21,210.25,211.75999450683594,207.72000122070312,208.50999450683594,7139000,208.50999450683594
2021-09-22,210,217.99000549316406,209.64999389648438,216.97999572753906,10953000,216.97999572753906
2021-09-23,217.80999755859375,222.6199951171875,217.14999389648438,221.10000610351562,9344600,221.10000610351562
2021-09-24,219.1300048828125,222.41000366210938,218.66000366210938,221.38999938964844,6498200,221.38999938964844
2021-09-27,224,228.60000610351562,223.8800048828125,224.16000366210938,9749200,224.16000366210938
2021-09-28,222.89999389648438,224.5800018310547,216.4199981689453,218.41000366210938,9639800,218.41000366210938
2021-09-29,227.8000030517578,229.94000244140625,224.86000061035156,225.36000061035156,16808000,225.36000061035156
2021-09-30,226.0800018310547,226.14999389648438,219.4600067138672,219.94000244140625,10366900,219.94000244140625
2021-10-01,222.85000610351562,226.72000122070312,220.60000610351562,226,9113600,226
2021-10-04,225.67999267578125,227.97000122070312,222,223.7899932861328,6946100,223.7899932861328
2021-10-05,224.27000427246094,226.4499969482422,222.4199981689453,224.4199981689453,5687300,224.4199981689453
2021-10-06,221.0800018310547,225.07000732421875,219.1999969482422,224.99000549316406,7157600,224.99000549316406
2021-10-07,227.33999633789062,229,225.89999389648438,226.47999572753906,7748500,226.47999572753906
2021-10-08,226.75,228.7100067138672,225.39999389648438,226.38999938964844,4515000,226.38999938964844
2021-10-11,226.5,232.10000610351562,225.32000732421875,226.4499969482422,7287000,226.4499969482422
2021-10-12,226,228.66000366210938,223.1199951171875,223.57000732421875,8486800,223.57000732421875
2021-10-13,224,224.3000030517578,219.36000061035156,221.77999877929688,8240200,221.77999877929688
2021-10-14,221.07000732421875,222.17999267578125,217.0399932861328,217.44000244140625,10427300,217.44000244140625
2021-10-15,218.1699981689453,219.61000061035156,216.27999877929688,217.0399932861328,8773400,217.0399932861328
2021-10-18,216,217.27999877929688,214.0500030517578,216.97999572753906,6553500,216.97999572753906
2021-10-19,217.47000122070312,217.66000366210938,215.27999877929688,215.97000122070312,5963400,215.97000122070312
2021-10-20,215.49000549316406,218.66000366210938,214.35000610351562,216.1699981689453,8485200,216.1699981689453
2021-10-21,216.5399932861328,218.11000061035156,213.80999755859375,214.33999633789062,8691500,214.33999633789062
2021-10-22,214.60000610351562,216.72000122070312,212.5800018310547,212.97000122070312,7077600,212.97000122070312
2021-10-25,213.25,213.97999572753906,211.6999969482422,212.8699951171875,7239100,212.8699951171875
2021-10-26,213.19000244140625,214.85000610351562,208.17999267578125,209.80999755859375,11014500,209.80999755859375
2021-10-27,212.85000610351562,212.89999389648438,205.63999938964844,206.61000061035156,14761700,206.61000061035156
2021-10-28,206,208.74000549316406,204.60000610351562,207.85000610351562,8825500,207.85000610351562
2021-10-29,206.83999633789062,208.24000549316406,205.2899932861328,207.02999877929688,8559500,207.02999877929688
2021-11-01,207,214.69000244140625,206.80999755859375,214.5800018310547,9284900,214.5800018310547
2021-11-02,213.8300018310547,215.72000122070312,210.6999969482422,212.77000427246094,6160200,212.77000427246094
2021-11-03,211.47000122070312,213.75999450683594,210.8699951171875,213.3800048828125,4636100,213.3800048828125
2021-11-04,213.8000030517578,214.82000732421875,211.8699951171875,213.02999877929688,5849600,213.02999877929688
2021-11-05,217.6999969482422,224.5800018310547,217.6999969482422,224.4600067138672,16936300,224.4600067138672
2021-11-08,225.24000549316406,226.99000549316406,222.11000061035156,222.67999267578125,9456100,222.67999267578125
2021-11-09,222.49000549316406,222.85000610351562,217.5399932861328,220.7899932861328,6863700,220.7899932861328
2021-11-10,219.36000061035156,225.67999267578125,217.27000427246094,218.5,8197600,218.5
2021-11-11,220.5,222.64999389648438,218.89999389648438,219.3800048828125,6567300,219.3800048828125
2021-11-12,219.72000122070312,223.75,218.89999389648438,220.9600067138672,6419900,220.9600067138672
2021-11-15,227.3699951171875,233.94000244140625,226.9199981689453,233.08999633789062,21921900,233.08999633789062
2021-11-16,232.94000244140625,232.9499969482422,225.50999450683594,225.8000030517578,10120200,225.8000030517578
2021-11-17,229.5399932861328,231.32000732421875,224.1999969482422,226.6199951171875,10750900,226.6199951171875
2021-11-18,230.3000030517578,231.5,224.9499969482422,227.25,10983700,227.25
2021-11-19,225.07000732421875,225.3300018310547,213.22999572753906,214.1300048828125,20844100,214.1300048828125
2021-11-22,215,215.02000427246094,208.9499969482422,209.89999389648438,10764300,209.89999389648438
2021-11-23,211.5,212.99000549316406,207.77000427246094,209.1300048828125,8882800,209.1300048828125
2021-11-24,207.52000427246094,211.22000122070312,206.8699951171875,210.60000610351562,5437600,210.60000610351562
2021-11-26,197.57000732421875,199.4199981689453,194,199.2100067138672,17636600,199.2100067138672
2021-11-29,201.8699951171875,204.27999877929688,195.3300018310547,198.5,12276200,198.5
2021-11-30,196.02000427246094,198.82000732421875,193.85000610351562,197.85000610351562,12638900,197.85000610351562
2021-12-01,200.80999755859375,201.6199951171875,188,188.19000244140625,13268700,188.19000244140625
2021-12-02,196.8000030517578,202.5399932861328,192.41000366210938,202.3800048828125,20435400,202.3800048828125
2021-12-03,198.6999969482422,199.89999389648438,195.4199981689453,198.49000549316406,10742700,198.49000549316406
2021-12-06,199.77000427246094,206.4199981689453,199.1999969482422,205.8800048828125,11587900,205.8800048828125
2021-12-07,207.05999755859375,211.64999389648438,206.3800048828125,208.8300018310547,10387900,208.8300018310547
2021-12-08,209.17999267578125,212.67999267578125,207.7100067138672,211.02999877929688,6986800,211.02999877929688
2021-12-09,207.52999877929688,208.5500030517578,205.1999969482422,207.55999755859375,7011000,207.55999755859375
2021-12-10,208.80999755859375,209,203.47999572753906,205.05999755859375,6040000,205.05999755859375
2021-12-13,202.5,202.80999755859375,195.5500030517578,197.39999389648438,10619600,197.39999389648438
2021-12-14,195.60000610351562,200.5,195.17999267578125,195.5,8445100,195.5
2021-12-15,195.27999877929688,196.5800018310547,190.32000732421875,195.42999267578125,10535900,195.42999267578125
2021-12-16,197,198.32000732421875,190.44000244140625,190.7899932861328,8216800,190.7899932861328
2021-12-17,190.27000427246094,194.77000427246094,187.8800048828125,192.6300048828125,12618300,192.6300048828125
2021-12-20,188.11000061035156,190.36000061035156,185.25999450683594,188.47999572753906,10256400,188.47999572753906
2021-12-21,190.27999877929688,199.69000244140625,190.0399932861328,199.52000427246094,12082300,199.52000427246094
2021-12-22,199.4600067138672,202.92999267578125,197.94000244140625,201.69000244140625,8145300,201.69000244140625
2021-12-23,202.1300048828125,205.1300048828125,201.32000732421875,204.22000122070312,7415200,204.22000122070312
2021-12-27,201.99000549316406,203.42999267578125,199.10000610351562,203.1699981689453,7818900,203.1699981689453
2021-12-28,202.22999572753906,208.94000244140625,201.64999389648438,206.1300048828125,8879700,206.1300048828125
2021-12-29,205.36000061035156,205.41000366210938,202.60000610351562,203.66000366210938,6119000,203.66000366210938
2021-12-30,203,206,202.60000610351562,202.7100067138672,7012600,202.7100067138672
2021-12-31,202.1999969482422,203.69000244140625,200.02999877929688,201.32000732421875,8053000,201.32000732421875
2022-01-03,204,210.5500030517578,203.33999633789062,207.86000061035156,9060200,207.86000061035156
2022-01-04,211.3000030517578,214.55999755859375,209.77999877929688,213.6300048828125,11414600,213.6300048828125
2022-01-05,216.63999938964844,218.92999267578125,211.80999755859375,213.07000732421875,11564700,213.07000732421875
2022-01-06,214.63999938964844,216,207.86000061035156,211.33999633789062,7142200,211.33999633789062
2022-01-07,212.97999572753906,218.32000732421875,212.3800048828125,215.5,9526400,215.5
2022-01-10,214.25999450683594,215.27999877929688,207.1300048828125,209.30999755859375,8229000,209.30999755859375
2022-01-11,209,217.02999877929688,208.41000366210938,216.02000427246094,8098400,216.02000427246094
2022-01-12,217.08999633789062,221.24000549316406,216.3000030517578,217.4499969482422,9134500,217.4499969482422
2022-01-13,222.25,226.88999938964844,220.0500030517578,223.89999389648438,17628000,223.89999389648438
2022-01-14,222.16000366210938,226.1999969482422,220.25,225.9600067138672,8053500,225.9600067138672
2022-01-18,224.5,229.6699981689453,224.25999450683594,225.00999450683594,8930700,225.00999450683594
2022-01-19,225.10000610351562,225.4199981689453,216.94000244140625,217.0800018310547,9382800,217.0800018310547
2022-01-20,217.3800048828125,221.9499969482422,213.4199981689453,214.19000244140625,7636800,214.19000244140625
2022-01-21,213.7899932861328,213.7899932861328,204.57000732421875,205.44000244140625,11548500,205.44000244140625
2022-01-24,199.85000610351562,204.8000030517578,192.50999450683594,204.1999969482422,13796500,204.1999969482422
2022-01-25,200.10000610351562,205.6300048828125,197.5500030517578,204.10000610351562,8824500,204.10000610351562
2022-01-26,206.2100067138672,206.2100067138672,191.9199981689453,194.27000427246094,19974400,194.27000427246094
2022-01-27,196.3800048828125,199.7100067138672,188.63999938964844,189.75,12670100,189.75
2022-01-28,188.77999877929688,190.72000122070312,183.77000427246094,190.57000732421875,10966700,190.57000732421875
2022-01-31,190.72999572753906,200.33999633789062,190,200.24000549316406,15504600,200.24000549316406
2022-02-01,202.47999572753906,208.88999938964844,200.5,208.33999633789062,12265100,208.33999633789062
2022-02-02,205.42999267578125,208.38999938964844,203.2100067138672,207.52000427246094,7843700,207.52000427246094
2022-02-03,206.05999755859375,209.10000610351562,204.25999450683594,206.38999938964844,7054700,206.38999938964844
2022-02-04,205,208.25,203.10000610351562,206.4499969482422,5952600,206.4499969482422
2022-02-07,205.7899932861328,214.3699951171875,205.4199981689453,211.9199981689453,11816900,211.9199981689453
2022-02-08,212.67999267578125,213.8699951171875,209.69000244140625,213.27000427246094,7356200,213.27000427246094
2022-02-09,214.91000366210938,217.0399932861328,213.3000030517578,215.86000061035156,7587700,215.86000061035156
2022-02-10,213.7100067138672,223.22999572753906,213.6999969482422,218.75,11695900,218.75
2022-02-11,217.8699951171875,221.4199981689453,210.27000427246094,212.3000030517578,11443700,212.3000030517578
2022-02-14,213,215.6300048828125,208.75999450683594,210.0399932861328,6481400,210.0399932861328
2022-02-15,214.83999633789062,219.5399932861328,213.69000244140625,217.72999572753906,10448500,217.72999572753906
2022-02-16,216.10000610351562,219.67999267578125,215.27999877929688,218.92999267578125,5698900,218.92999267578125
2022-02-17,218.47000122070312,218.5800018310547,212.6699981689453,213.5800018310547,6176600,213.5800018310547
2022-02-18,212.55999755859375,214.72999572753906,208.60000610351562,209.02999877929688,6973600,209.02999877929688
2022-02-22,205,206.89999389648438,197.82000732421875,198.74000549316406,10382100,198.74000549316406
2022-02-23,201.1300048828125,203.25,195.91000366210938,196.4199981689453,7326300,196.4199981689453
2022-02-24,189.2899932861328,198.86000061035156,186.8800048828125,198.42999267578125,12207600,198.42999267578125
2022-02-25,201.08999633789062,204.07000732421875,199.10000610351562,201.47999572753906,8730300,201.47999572753906
2022-02-28,198.5800018310547,207.30999755859375,196.75,205.33999633789062,9859300,205.33999633789062
2022-03-01,203.11000061035156,203.5,192.92999267578125,194.91000366210938,11799500,194.91000366210938
2022-03-02,196.27000427246094,199.85000610351562,194.63999938964844,197.80999755859375,7463400,197.80999755859375
2022-03-03,197.94000244140625,198.5,188.7100067138672,188.85000610351562,12424500,188.85000610351562
2022-03-04,187.3699951171875,188.32000732421875,178.97000122070312,180.83999633789062,13084000,180.83999633789062
2022-03-07,181.02999877929688,182.72000122070312,169.05999755859375,169.1699981689453,12847500,169.1699981689453
2022-03-08,169.72999572753906,180.82000732421875,167.5800018310547,173.8000030517578,13715500,173.8000030517578
2022-03-09,179.8000030517578,182.8699951171875,177.41000366210938,178.55999755859375,10062100,178.55999755859375
2022-03-10,175.75999450683594,182.02000427246094,175.38999938964844,178.38999938964844,8364100,178.38999938964844
2022-03-11,183.58999633789062,184.86000061035156,175.9499969482422,176.22999572753906,9373600,176.22999572753906
2022-03-14,175.8800048828125,178.22999572753906,172.57000732421875,175.52000427246094,8138900,175.52000427246094
2022-03-15,176.3000030517578,180.5,175.60000610351562,179.88999938964844,8051500,179.88999938964844
2022-03-16,183.38999938964844,189.60000610351562,182.3000030517578,188.99000549316406,12077500,188.99000549316406
2022-03-17,186.36000061035156,190.24000549316406,185.27000427246094,190.19000244140625,8126600,190.19000244140625
2022-03-18,192.07000732421875,193.3800048828125,190.10000610351562,192.8300018310547,12849600,192.8300018310547
2022-03-21,184.39999389648438,187.27000427246094,180.61000061035156,185.89999389648438,27369600,185.89999389648438
2022-03-22,185.24000549316406,192.86000061035156,184.52000427246094,191.0399932861328,14378500,191.0399932861328
2022-03-23,189.6699981689453,190.16000366210938,185.02999877929688,186.0399932861328,8297800,186.0399932861328
2022-03-24,186.35000610351562,189.19000244140625,184.72000122070312,189.0500030517578,7094400,189.0500030517578
2022-03-25,187.75999450683594,191.6999969482422,186.92999267578125,188.9499969482422,6365600,188.9499969482422
2022-03-28,188.42999267578125,189.25999450683594,184.47000122070312,188.16000366210938,6904100,188.16000366210938
2022-03-29,191.6199951171875,196.36000061035156,191.1999969482422,193.8000030517578,8438700,193.8000030517578
2022-03-30,192.32000732421875,197.4499969482422,191.36000061035156,194.91000366210938,9959300,194.91000366210938
2022-03-31,195,197.5800018310547,191.4499969482422,191.5,6447900,191.5
2022-04-01,192.5800018310547,192.6199951171875,188.77999877929688,190.75999450683594,4862100,190.75999450683594
2022-04-04,190.02000427246094,191.83999633789062,186.91000366210938,191.17999267578125,7792100,191.17999267578125
2022-04-05,189.6999969482422,192.35000610351562,182.52000427246094,182.64999389648438,9371600,182.64999389648438
2022-04-06,180.39999389648438,180.57000732421875,176.5800018310547,178.72000122070312,8173900,178.72000122070312
2022-04-07,178.1300048828125,178.66000366210938,173.8699951171875,177.97000122070312,7517800,177.97000122070312
2022-04-08,176.5399932861328,178.1300048828125,174.24000549316406,175.1999969482422,6524100,175.1999969482422
2022-04-11,173.83999633789062,179.6699981689453,173.39999389648438,175.02999877929688,6001100,175.02999877929688
2022-04-12,175.5,178.5,174.52999877929688,176.27999877929688,6125100,176.27999877929688
2022-04-13,176.9600067138672,183.4600067138672,176.9600067138672,182.8699951171875,7399900,182.8699951171875
2022-04-14,182.75,185.5399932861328,181.63999938964844,181.94000244140625,5144600,181.94000244140625
2022-04-18,181.4499969482422,182.4600067138672,178.5500030517578,179.85000610351562,5042600,179.85000610351562
2022-04-19,180.36000061035156,187.61000061035156,180.27999877929688,185.97999572753906,7485600,185.97999572753906
2022-04-20,187.24000549316406,187.33999633789062,182.86000061035156,183.5500030517578,6824300,183.5500030517578
2022-04-21,188.72999572753906,189.85000610351562,180.5500030517578,181.02000427246094,7446100,181.02000427246094
2022-04-22,180.77999877929688,182.6699981689453,176.5,176.9199981689453,6372400,176.9199981689453
2022-04-25,174.50999450683594,176.0800018310547,172.4499969482422,175.91000366210938,6293100,175.91000366210938
2022-04-26,174.75999450683594,174.8699951171875,166.85000610351562,167.0399932861328,9277300,167.0399932861328
2022-04-27,161.25,161.25,146,154.4600067138672,40371700,154.4600067138672
2022-04-28,156.61000061035156,156.7899932861328,149,154.22000122070312,13518800,154.22000122070312
2022-04-29,153.44000244140625,157.02999877929688,148.52000427246094,148.83999633789062,10880300,148.83999633789062
2022-05-02,148.02000427246094,149.4499969482422,143.3800048828125,148.61000061035156,12399200,148.61000061035156
2022-05-03,149.08999633789062,154.4499969482422,147.91000366210938,153.5800018310547,10149500,153.5800018310547
2022-05-04,152.91000366210938,157.13999938964844,150.77000427246094,156.97000122070312,9550600,156.97000122070312
2022-05-05,155.69000244140625,157.99000549316406,149.0500030517578,150.47000122070312,7950800,150.47000122070312
2022-05-06,149.9600067138672,150.89999389648438,145.85000610351562,148.89999389648438,7697900,148.89999389648438
2022-05-09,146,146.9499969482422,132.64999389648438,133.30999755859375,12593800,133.30999755859375
2022-05-10,136.75999450683594,137.83999633789062,130.3300018310547,132.9499969482422,11781400,132.9499969482422
2022-05-11,132.9499969482422,138.9600067138672,129.11000061035156,129.38999938964844,11388400,129.38999938964844
2022-05-12,126.88999938964844,128.52999877929688,120.27999877929688,123.13999938964844,15891300,123.13999938964844
2022-05-13,124.9800033569336,130.8000030517578,122.37999725341797,127.19999694824219,20891500,127.19999694824219
2022-05-16,127.05000305175781,131.1199951171875,122.3499984741211,124.05000305175781,10631600,124.05000305175781
2022-05-17,126.91000366210938,132.8300018310547,125.79000091552734,132.0500030517578,12154200,132.0500030517578
2022-05-18,130.33999633789062,132.10000610351562,124.36000061035156,125.5199966430664,9567600,125.5199966430664
2022-05-19,124.4000015258789,128.39999389648438,123.69999694824219,127.13999938964844,8075800,127.13999938964844
2022-05-20,128.77000427246094,128.85000610351562,117.08000183105469,120.69999694824219,18822200,120.69999694824219
2022-05-23,121.69999694824219,124.4800033569336,120.33999633789062,124.06999969482422,9341500,124.06999969482422
2022-05-24,122.44000244140625,122.69999694824219,117.29000091552734,119.4000015258789,9092400,119.4000015258789
2022-05-25,119.16999816894531,122.5999984741211,118.76000213623047,122.05999755859375,7707900,122.05999755859375
2022-05-26,123.0999984741211,128.83999633789062,122.73999786376953,127.7300033569336,8333900,127.7300033569336
2022-05-27,128.77000427246094,132.22999572753906,128.32000732421875,132.22999572753906,7261500,132.22999572753906
2022-05-31,131.02999877929688,132.99000549316406,128.86000061035156,131.39999389648438,7953700,131.39999389648438
2022-06-01,133,134.3300018310547,127.01000213623047,130.64999389648438,9991600,130.64999389648438
2022-06-02,132.13999938964844,140.5500030517578,131.8699951171875,140.5,12777000,140.5
2022-06-03,138.52000427246094,140.6999969482422,137.58999633789062,139.25,10091800,139.25
2022-06-06,139.99000549316406,141.13999938964844,136.8300018310547,139.24000549316406,6354800,139.24000549316406
2022-06-07,137.49000549316406,141.24000549316406,135.91000366210938,140.82000732421875,5436100,140.82000732421875
2022-06-08,139.1300048828125,142.2100067138672,138.44000244140625,139.6300048828125,5833700,139.6300048828125
2022-06-09,139.35000610351562,139.66000366210938,133.6999969482422,133.72999572753906,6010100,133.72999572753906
2022-06-10,130.27000427246094,132.19000244140625,126.8499984741211,127,7770700,127
2022-06-13,123,123.25,114.13999938964844,115.86000061035156,16778500,115.86000061035156
2022-06-14,116.6500015258789,122.19000244140625,113.0199966430664,122.16000366210938,17549800,122.16000366210938
2022-06-15,124.3499984741211,134.99000549316406,123.83000183105469,133.72000122070312,25997800,133.72000122070312
2022-06-16,131.6999969482422,135.33999633789062,131.25999450683594,133.36000061035156,19543600,133.36000061035156
2022-06-17,132.25,138.97999572753906,131.5,136.8000030517578,16042500,136.8000030517578
2022-06-21,139.1699981689453,140.94000244140625,135.83999633789062,136.75,10519900,136.75
2022-06-22,134.02999877929688,138.7899932861328,133.27999877929688,137.16000366210938,7713300,137.16000366210938
2022-06-23,136.4199981689453,137.4199981689453,130.08999633789062,133.97000122070312,10746900,133.97000122070312
2022-06-24,135.00999450683594,141.8699951171875,134.9499969482422,141.52999877929688,13626200,141.52999877929688
2022-06-27,140.27999877929688,140.57000732421875,136.22000122070312,138.72000122070312,8457400,138.72000122070312
2022-06-28,140.88999938964844,147.17999267578125,138.5399932861328,138.6999969482422,12125400,138.6999969482422
2022-06-29,138.61000061035156,138.9199981689453,134.83999633789062,138.4499969482422,7489200,138.4499969482422
2022-06-30,134.3000030517578,137.49000549316406,131.60000610351562,136.72000122070312,8455100,136.72000122070312
2022-07-01,135.8800048828125,141.7899932861328,135.39999389648438,139.83999633789062,7627100,139.83999633789062
2022-07-05,136.25,138.07000732421875,131.2899932861328,137.6999969482422,10065900,137.6999969482422
2022-07-06,137.5399932861328,138.7100067138672,134.4600067138672,136.30999755859375,6608000,136.30999755859375
2022-07-07,137.92999267578125,142.27999877929688,137.89999389648438,139.97000122070312,7674400,139.97000122070312
2022-07-08,139.6999969482422,140.74000549316406,137.3699951171875,139.07000732421875,5655500,139.07000732421875
2022-07-11,137.77000427246094,139.24000549316406,134.88999938964844,136.99000549316406,6176500,136.99000549316406
2022-07-12,136.86000061035156,149.32000732421875,136.80999755859375,147.14999389648438,18598200,147.14999389648438
2022-07-13,142.7899932861328,146.41000366210938,142.17999267578125,143.9499969482422,9038700,143.9499969482422
2022-07-14,141.11000061035156,147.49000549316406,140.61000061035156,147.14999389648438,9456100,147.14999389648438
2022-07-15,149.1699981689453,149.74000549316406,144.64999389648438,147.74000549316406,7910400,147.74000549316406
2022-07-18,153.30999755859375,155.94000244140625,147.1999969482422,147.72000122070312,13948500,147.72000122070312
2022-07-19,149.61000061035156,156.27999877929688,148.97000122070312,156.1300048828125,14183000,156.1300048828125
2022-07-20,156,159.39999389648438,154.25999450683594,158.3800048828125,8668600,158.3800048828125
2022-07-21,158.88999938964844,161.66000366210938,156.19000244140625,161.41000366210938,8044100,161.41000366210938
2022-07-22,161.8000030517578,163.33999633789062,157.77000427246094,158.16000366210938,7594900,158.16000366210938
2022-07-25,156.94000244140625,157.30999755859375,152.83999633789062,156.63999938964844,5764700,156.63999938964844
2022-07-26,155.24000549316406,158.17999267578125,154.5,155.9199981689453,6053100,155.9199981689453
2022-07-27,161.1199951171875,162.74000549316406,152.8000030517578,156.08999633789062,16356600,156.08999633789062
2022-07-28,154.02000427246094,160.10000610351562,153.02999877929688,159.08999633789062,8729100,159.08999633789062
2022-07-29,157.9499969482422,159.83999633789062,155.5399932861328,159.30999755859375,5743500,159.30999755859375
2022-08-01,165.9499969482422,171.75999450683594,164.25,169.07000732421875,18321600,169.07000732421875
2022-08-02,167,167.3300018310547,163.13999938964844,163.27999877929688,10874300,163.27999877929688
2022-08-03,164.50999450683594,167.52000427246094,162.3300018310547,166.63999938964844,6709100,166.63999938964844
2022-08-04,165.77000427246094,168.1199951171875,164.41000366210938,166.5,5039600,166.5
2022-08-05,164.39999389648438,167.07000732421875,163.92999267578125,165.0399932861328,4709100,165.0399932861328
2022-08-08,166.41000366210938,171.08999633789062,164.7100067138672,165.88999938964844,11293200,165.88999938964844
2022-08-09,166.50999450683594,166.50999450683594,163.4499969482422,164.85000610351562,6064800,164.85000610351562
2022-08-10,168.35000610351562,171.13999938964844,167.25,169.02000427246094,7181700,169.02000427246094
2022-08-11,170.5,171.75999450683594,167.0500030517578,167.8800048828125,4996800,167.8800048828125
2022-08-12,168.38999938964844,170.11000061035156,167.57000732421875,169.99000549316406,4345200,169.99000549316406
2022-08-15,169.2899932861328,172.5500030517578,168.32000732421875,170.47000122070312,4734700,170.47000122070312
2022-08-16,170,173.85000610351562,169.14999389648438,172.0800018310547,5259600,172.0800018310547
2022-08-17,169.61000061035156,169.85000610351562,166.08999633789062,167.1999969482422,6533500,167.1999969482422
2022-08-18,167.1999969482422,169.17999267578125,165.77000427246094,168.69000244140625,4404600,168.69000244140625
2022-08-19,166.3300018310547,166.83999633789062,162.5800018310547,162.9199981689453,5736100,162.9199981689453
2022-08-22,159.39999389648438,160.27000427246094,157.91000366210938,158.97999572753906,5312300,158.97999572753906
2022-08-23,159.13999938964844,161.69000244140625,159.0800018310547,160.07000732421875,3425200,160.07000732421875
2022-08-24,162.27000427246094,164.13999938964844,161.3800048828125,163.60000610351562,4211300,163.60000610351562
2022-08-25,164.55999755859375,169.64999389648438,163.6999969482422,169.3800048828125,4949400,169.3800048828125
2022-08-26,170,171.3699951171875,164.27000427246094,164.52999877929688,4957400,164.52999877929688
2022-08-29,162.27999877929688,166.89999389648438,162.1999969482422,165.4199981689453,4727600,165.4199981689453
2022-08-30,167.27000427246094,169.9199981689453,160.72000122070312,162.2100067138672,6248600,162.2100067138672
2022-08-31,163,163.5500030517578,160.13999938964844,160.25,4123500,160.25
2022-09-01,158,158.89999389648438,150.82000732421875,153.66000366210938,7652000,153.66000366210938
2022-09-02,155.19000244140625,156.99000549316406,151.47999572753906,151.82000732421875,5262800,151.82000732421875
2022-09-06,152.38999938964844,154.47999572753906,150.4600067138672,152.38999938964844,5210500,152.38999938964844
2022-09-07,151.25999450683594,156.35000610351562,150.8699951171875,155.9499969482422,5298600,155.9499969482422
2022-09-08,155,158.3000030517578,153.83999633789062,157.7899932861328,4949100,157.7899932861328
2022-09-09,158,159.75,156.9499969482422,157.52000427246094,5775800,157.52000427246094
2022-09-12,158.4600067138672,160.97000122070312,157.4499969482422,158.72000122070312,5363100,158.72000122070312
2022-09-13,153.60000610351562,155.19000244140625,147.1300048828125,147.30999755859375,8724900,147.30999755859375
2022-09-14,146.89999389648438,149.6999969482422,144.3000030517578,149.25999450683594,8478000,149.25999450683594
2022-09-15,147.8800048828125,153.4499969482422,147.27999877929688,149.77999877929688,9792800,149.77999877929688
2022-09-16,145.22999572753906,145.6300048828125,141.35000610351562,144.2899932861328,10310700,144.2899932861328
2022-09-19,142.6199951171875,146.99000549316406,142.35000610351562,144.8800048828125,5150700,144.8800048828125
2022-09-20,145.25999450683594,147.6699981689453,143.89999389648438,145.94000244140625,6737600,145.94000244140625
2022-09-21,146.77000427246094,149.8699951171875,143.2100067138672,143.2899932861328,6244300,143.2899932861328
2022-09-22,143.1300048828125,143.6999969482422,138.2899932861328,138.7100067138672,6311800,138.7100067138672
2022-09-23,135.64999389648438,136.19000244140625,129.5,131.25999450683594,8927900,131.25999450683594
2022-09-26,129.77000427246094,132.4499969482422,126.87999725341797,127.33999633789062,7095100,127.33999633789062
2022-09-27,129.32000732421875,130.4499969482422,125.5999984741211,127.51000213623047,6682300,127.51000213623047
2022-09-28,128.0399932861328,133.88999938964844,127.4000015258789,133.44000244140625,10257200,133.44000244140625
2022-09-29,131.1999969482422,131.61000061035156,123.80000305175781,125.33000183105469,8905400,125.33000183105469
2022-09-30,123.13999938964844,125.4800033569336,120.98999786376953,121.08000183105469,8383000,121.08000183105469
2022-10-03,122,127.1500015258789,121.0199966430664,126.05000305175781,7962400,126.05000305175781
2022-10-04,129.39999389648438,133.57000732421875,129.3300018310547,133.50999450683594,7235700,133.50999450683594
2022-10-05,130.27999877929688,133.5500030517578,128.25999450683594,132.11000061035156,6268300,132.11000061035156
2022-10-06,131.1300048828125,133.30999755859375,129.74000549316406,132.1999969482422,4454700,132.1999969482422
2022-10-07,130.36000061035156,130.61000061035156,128.02000427246094,129.7899932861328,5097400,129.7899932861328
2022-10-10,131.4199981689453,135.74000549316406,130.1999969482422,131.89999389648438,6829900,131.89999389648438
2022-10-11,132.9600067138672,135.36000061035156,129.50999450683594,131.57000732421875,8508400,131.57000732421875
2022-10-12,128.42999267578125,131.33999633789062,127.86000061035156,130.4199981689453,6393000,130.4199981689453
2022-10-13,126.5,134.6999969482422,124.16999816894531,132.39999389648438,7842300,132.39999389648438
2022-10-14,135.58999633789062,136.41000366210938,131.3699951171875,133.14999389648438,6093900,133.14999389648438
2022-10-17,136.97999572753906,137.27999877929688,133.25999450683594,136.08999633789062,9073500,136.08999633789062
2022-10-18,139,139.4199981689453,135.22000122070312,137.33999633789062,6146300,137.33999633789062
2022-10-19,137.1699981689453,141.1999969482422,136.6300048828125,138.38999938964844,6321900,138.38999938964844
2022-10-20,138.36000061035156,141.8800048828125,138.36000061035156,139.1300048828125,4331700,139.1300048828125
2022-10-21,138.47999572753906,141.3300018310547,136.6199951171875,141.32000732421875,5451300,141.32000732421875
2022-10-24,142.85000610351562,142.8800048828125,139.27999877929688,142.0500030517578,5177800,142.0500030517578
2022-10-25,142.08999633789062,146.8800048828125,141.8800048828125,146.64999389648438,6515600,146.64999389648438
2022-10-26,147.0500030517578,150.13999938964844,132.2100067138672,133.7899932861328,29406500,133.7899932861328
2022-10-27,137.10000610351562,143.10000610351562,136.6199951171875,139.75999450683594,13754900,139.75999450683594
2022-10-28,141.16000366210938,144.72999572753906,139.92999267578125,143.83999633789062,7941100,143.83999633789062
2022-10-31,141.8800048828125,144.4499969482422,139.52000427246094,142.50999450683594,6212200,142.50999450683594
2022-11-01,143.99000549316406,145.25,141.83999633789062,143.3800048828125,5758600,143.3800048828125
2022-11-02,142.1199951171875,153.58999633789062,141.5399932861328,147.41000366210938,20236100,147.41000366210938
2022-11-03,148.7899932861328,158.69000244140625,147.5,156.75,16212600,156.75
2022-11-04,156.66000366210938,160.97999572753906,154.5,160.00999450683594,9396200,160.00999450683594
2022-11-07,161.39999389648438,166.6999969482422,160.6300048828125,164.91000366210938,10220300,164.91000366210938
2022-11-08,166,170.5500030517578,164.91000366210938,169.6199951171875,11274500,169.6199951171875
2022-11-09,169.2899932861328,171.6199951171875,166.86000061035156,168.74000549316406,8893800,168.74000549316406
2022-11-10,172.13999938964844,179.32000732421875,171.75,177.5800018310547,12375000,177.5800018310547
2022-11-11,176.39999389648438,178.02999877929688,172.99000549316406,177.49000549316406,8894300,177.49000549316406
2022-11-14,176.5,178.19000244140625,173.5,173.5500030517578,5598300,173.5500030517578
2022-11-15,175.49000549316406,176.69000244140625,172.75,175.35000610351562,7207900,175.35000610351562
2022-11-16,174.11000061035156,174.7899932861328,171.85000610351562,172.69000244140625,4438600,172.69000244140625
2022-11-17,169.3000030517578,173.14999389648438,168.52000427246094,172.77999877929688,4878600,172.77999877929688
2022-11-18,173.97999572753906,175.19000244140625,171.52999877929688,173.88999938964844,4693200,173.88999938964844
2022-11-21,172.52999877929688,174.72000122070312,171.1199951171875,172.94000244140625,3501800,172.94000244140625
2022-11-22,173.64999389648438,174.99000549316406,171,172.5,4370600,172.5
2022-11-23,172.08999633789062,175,171.77000427246094,174.85000610351562,3523500,174.85000610351562
2022-11-25,174.35000610351562,178.4600067138672,174.02999877929688,178.36000061035156,3476900,178.36000061035156
2022-11-28,176.1699981689453,177.13999938964844,171.6999969482422,171.8300018310547,5355500,171.8300018310547
2022-11-29,172.8800048828125,175.9499969482422,172.55999755859375,175.32000732421875,5077800,175.32000732421875
2022-11-30,178,179.97999572753906,174.1999969482422,178.8800048828125,6778700,178.8800048828125
2022-12-01,178.8800048828125,179.6999969482422,174.69000244140625,175.77999877929688,4517500,175.77999877929688
2022-12-02,173.1199951171875,183.4499969482422,172.85000610351562,182.8699951171875,10563800,182.8699951171875
2022-12-05,182,188.4499969482422,180.8000030517578,185.10000610351562,10456300,185.10000610351562
2022-12-06,184.00999450683594,184.7899932861328,177.00999450683594,178.42999267578125,8236900,178.42999267578125
2022-12-07,176.27999877929688,178.42999267578125,174.6199951171875,176.5,5871200,176.5
2022-12-08,179.32000732421875,184.8800048828125,178.61000061035156,179.0800018310547,6707700,179.0800018310547
2022-12-09,180.75,183.88999938964844,179.25,179.5399932861328,6359000,179.5399932861328
2022-12-12,180.8000030517578,186.69000244140625,180.5,186.27000427246094,8098400,186.27000427246094
2022-12-13,191.11000061035156,191.11000061035156,184.85000610351562,187.1300048828125,10975300,187.1300048828125
2022-12-14,187.3300018310547,189.6699981689453,185.41000366210938,188.25,5814900,188.25
2022-12-15,186.25,187.97999572753906,181.27999877929688,183.72000122070312,5343200,183.72000122070312
2022-12-16,182.7899932861328,186.61000061035156,181.3000030517578,184.6999969482422,7906800,184.6999969482422
2022-12-19,184.9199981689453,188.0399932861328,184.7100067138672,185.67999267578125,6605400,185.67999267578125
2022-12-20,186.17999267578125,189.91000366210938,185.74000549316406,188.2899932861328,6156800,188.2899932861328
2022-12-21,190.0399932861328,196.39999389648438,189.72000122070312,196,9175400,196
2022-12-22,193.82000732421875,194.1699981689453,185.6699981689453,188.25,6924800,188.25
2022-12-23,188.25,189.42999267578125,184.72000122070312,189.05999755859375,3983600,189.05999755859375
2022-12-27,189.5800018310547,192.44000244140625,187.6199951171875,189.39999389648438,5014800,189.39999389648438
2022-12-28,189.32000732421875,191.32000732421875,187.42999267578125,188.3800048828125,4426300,188.3800048828125
2022-12-29,189,190.25,186.19000244140625,188.91000366210938,4518900,188.91000366210938
2022-12-30,187.5,190.64999389648438,187.0399932861328,190.49000549316406,4007400,190.49000549316406
2023-01-03,192.9499969482422,197.17999267578125,192.39999389648438,195.38999938964844,8624600,195.38999938964844
2023-01-04,195.17999267578125,203.75999450683594,195.17999267578125,203.63999938964844,9746900,203.63999938964844
2023-01-05,201.72000122070312,204.99000549316406,200.77999877929688,204.99000549316406,6913300,204.99000549316406
2023-01-06,205.3000030517578,213.0399932861328,203.5500030517578,213,11256400,213
2023-01-09,212.36000061035156,213.8800048828125,207.91000366210938,208.57000732421875,9005600,208.57000732421875
2023-01-10,203.89999389648438,209.60000610351562,203.4600067138672,206.69000244140625,8183200,206.69000244140625
2023-01-11,209.8699951171875,210.47000122070312,206.69000244140625,208.02999877929688,7190700,208.02999877929688
2023-01-12,209.5800018310547,214.9199981689453,207.3699951171875,214.32000732421875,8208100,214.32000732421875
2023-01-13,212,216.63999938964844,211.5800018310547,214.1300048828125,6213200,214.1300048828125
2023-01-17,212.7100067138672,213.33999633789062,209.07000732421875,211.41000366210938,6150700,211.41000366210938
2023-01-18,212.89999389648438,213.4199981689453,209.1999969482422,209.41000366210938,5403100,209.41000366210938
2023-01-19,206.77000427246094,209.6699981689453,204.82000732421875,207.08999633789062,5813500,207.08999633789062
2023-01-20,207.47000122070312,207.99000549316406,204.77999877929688,206.75999450683594,5475400,206.75999450683594
2023-01-23,208.36000061035156,211.08999633789062,206.99000549316406,209.97000122070312,5481900,209.97000122070312
2023-01-24,205,212.14999389648438,205,211.97999572753906,4753700,211.97999572753906
2023-01-25,205.8000030517578,214.75,203.11000061035156,212.67999267578125,16106500,212.67999267578125
2023-01-26,213.47999572753906,213.7899932861328,207.1999969482422,212.72999572753906,7288100,212.72999572753906
2023-01-27,211.32000732421875,212.8800048828125,209.4199981689453,211.1699981689453,5237900,211.1699981689453
2023-01-30,209.19000244140625,211.36000061035156,207.7100067138672,209.6699981689453,6066800,209.6699981689453
2023-01-31,210.14999389648438,213.11000061035156,208.24000549316406,213,5163000,213
2023-02-01,212.11000061035156,218.97000122070312,211.89999389648438,214.75,8462100,214.75
2023-02-02,215.14999389648438,215.2899932861328,208.3000030517578,209.33999633789062,6513400,209.33999633789062
2023-02-03,207.7100067138672,210.75,205.6199951171875,206.00999450683594,5400300,206.00999450683594
2023-02-06,205.19000244140625,208.2100067138672,203.69000244140625,206.80999755859375,3903000,206.80999755859375
2023-02-07,208.0399932861328,215.14999389648438,206.9199981689453,214.75999450683594,7311200,214.75999450683594
2023-02-08,213.07000732421875,215.77000427246094,211.77999877929688,213.5,4229800,213.5
2023-02-09,214.4600067138672,215.4499969482422,210.05999755859375,211.99000549316406,5018900,211.99000549316406
2023-02-10,212.00999450683594,214.5,210.5,212.88999938964844,4862900,212.88999938964844
2023-02-13,213.60000610351562,216.36000061035156,211.5,215.64999389648438,5193300,215.64999389648438
2023-02-14,214.02000427246094,221.3300018310547,213.14999389648438,218.4499969482422,10033100,218.4499969482422
2023-02-15,217.16000366210938,218.25,214.60000610351562,217.44000244140625,4846800,217.44000244140625
2023-02-16,215,216.52000427246094,212.1699981689453,212.2100067138672,4388000,212.2100067138672
2023-02-17,211.2100067138672,211.75999450683594,207.6199951171875,211.66000366210938,4985700,211.66000366210938
2023-02-21,208.99000549316406,210.83999633789062,205.0500030517578,205.52000427246094,4663800,205.52000427246094
2023-02-22,205.30999755859375,207.6699981689453,204.64999389648438,205.75999450683594,2920000,205.75999450683594
2023-02-23,207.4499969482422,209.69000244140625,205.75999450683594,208.1300048828125,4139400,208.1300048828125
2023-02-24,200,201.6999969482422,197.36000061035156,198.14999389648438,9658700,198.14999389648438
2023-02-27,199.8699951171875,203.1300048828125,199.05999755859375,200.4600067138672,4318900,200.4600067138672
2023-02-28,201,202.3800048828125,199.32000732421875,201.5500030517578,3589900,201.5500030517578
2023-03-01,201.47000122070312,205.44000244140625,200.85000610351562,204.5500030517578,4402300,204.5500030517578
2023-03-02,203.77999877929688,210.3300018310547,203.14999389648438,210.05999755859375,5451500,210.05999755859375
2023-03-03,210.25,216.1199951171875,209.39999389648438,215.11000061035156,7496800,215.11000061035156
2023-03-06,214.1199951171875,214.75,209.60000610351562,211.9199981689453,7004400,211.9199981689453
2023-03-07,211.30999755859375,213.17999267578125,207.77999877929688,207.9199981689453,4619700,207.9199981689453
2023-03-08,208.25,208.8800048828125,205.94000244140625,207.1999969482422,2406900,207.1999969482422
2023-03-09,208.32000732421875,209.02000427246094,200.3000030517578,201.24000549316406,4284000,201.24000549316406
2023-03-10,201.42999267578125,205,197.7899932861328,203.07000732421875,8547100,203.07000732421875
2023-03-13,200.1999969482422,207.0800018310547,197.11000061035156,203.3699951171875,6671200,203.3699951171875
2023-03-14,207.52999877929688,213.55999755859375,205,207.27999877929688,8245700,207.27999877929688
2023-03-15,201.9199981689453,202.2100067138672,192.41000366210938,198.2100067138672,10894200,198.2100067138672
2023-03-16,196.2100067138672,203.91000366210938,194.42999267578125,203.19000244140625,6747300,203.19000244140625
2023-03-17,201.35000610351562,202.8300018310547,199,201.0500030517578,9858900,201.0500030517578
2023-03-20,201.1199951171875,205.8699951171875,200.8699951171875,204.77000427246094,4764000,204.77000427246094
2023-03-21,207.3000030517578,207.86000061035156,203.88999938964844,204.6999969482422,4673300,204.6999969482422
2023-03-22,203.67999267578125,203.8300018310547,196.00999450683594,196.16000366210938,7311600,196.16000366210938
2023-03-23,197.89999389648438,201.5,195.13999938964844,197.89999389648438,6266900,197.89999389648438
2023-03-24,195.5,197.57000732421875,193.9199981689453,197.52999877929688,4511600,197.52999877929688
2023-03-27,198.6300048828125,201.5500030517578,198.6300048828125,200.57000732421875,3891700,200.57000732421875
2023-03-28,200.82000732421875,206.3000030517578,200.49000549316406,204.9600067138672,5460600,204.9600067138672
2023-03-29,206.5,208.64999389648438,205.8800048828125,207.97000122070312,3572200,207.97000122070312
2023-03-30,208.97000122070312,212.8699951171875,206.52000427246094,211.0399932861328,6583400,211.0399932861328
2023-03-31,211.75,214.8000030517578,211.38999938964844,212.42999267578125,5147500,212.42999267578125
2023-04-03,212.8000030517578,218.57000732421875,212.52999877929688,215.38999938964844,6085900,215.38999938964844
2023-04-04,212,213.99000549316406,209.1199951171875,213.89999389648438,6192300,213.89999389648438
2023-04-05,212.22999572753906,214.22999572753906,208.6699981689453,210,4138400,210
2023-04-06,210,212.3699951171875,208.22000122070312,211.3699951171875,5618100,211.3699951171875
2023-04-10,211,214.10000610351562,209.72999572753906,210.77999877929688,3729300,210.77999877929688
2023-04-11,213.2899932861328,214.5,211.86000061035156,212.32000732421875,5277500,212.32000732421875
2023-04-12,213.66000366210938,214.3000030517578,210.1300048828125,212.33999633789062,4600300,212.33999633789062
2023-04-13,213,213.67999267578125,211.5,213.58999633789062,4501600,213.58999633789062
2023-04-14,202.58999633789062,204.27999877929688,198.14999389648438,201.7100067138672,19066500,201.7100067138672
2023-04-17,202,206.10000610351562,200.8000030517578,205.02999877929688,6306800,205.02999877929688
2023-04-18,205.5,208.94000244140625,203.72000122070312,208.3699951171875,7445800,208.3699951171875
2023-04-19,207.1199951171875,210.8699951171875,206.94000244140625,208.7100067138672,4757400,208.7100067138672
2023-04-20,207.4199981689453,209.8800048828125,206.0800018310547,207.22999572753906,3322900,207.22999572753906
2023-04-21,208,208.3800048828125,204.17999267578125,205.14999389648438,3432300,205.14999389648438
2023-04-24,204.8699951171875,206.5,203.25,205.77000427246094,3058900,205.77000427246094
2023-04-25,204.5399932861328,204.94000244140625,201.1199951171875,202.19000244140625,4699500,202.19000244140625
2023-04-26,208.25,211.6999969482422,202.67999267578125,203.02999877929688,9137200,203.02999877929688
2023-04-27,204.64999389648438,209.08999633789062,203.52999877929688,206.0399932861328,5105200,206.0399932861328
2023-04-28,204.50999450683594,206.9499969482422,202.89999389648438,206.77999877929688,3716100,206.77999877929688
2023-05-01,206.25,208.52000427246094,203.6199951171875,203.8699951171875,3776800,203.8699951171875
2023-05-02,203,204.19000244140625,200.08999633789062,203.25,3970800,203.25
2023-05-03,204.36000061035156,206.10000610351562,200.5500030517578,200.92999267578125,4537900,200.92999267578125
2023-05-04,200.64999389648438,201.25,193.27000427246094,197.0500030517578,6934100,197.0500030517578
2023-05-05,198.08999633789062,199.0399932861328,196.75999450683594,198.33999633789062,3872200,198.33999633789062
2023-05-08,199.16000366210938,199.66000366210938,196.39999389648438,197.25999450683594,4677400,197.25999450683594
2023-05-09,201.2100067138672,204.61000061035156,198.77999877929688,201.8800048828125,9329500,201.8800048828125
2023-05-10,203.13999938964844,203.1999969482422,198.25,200.83999633789062,3923700,200.83999633789062
2023-05-11,199.38999938964844,202.5500030517578,198.07000732421875,201.83999633789062,3322000,201.83999633789062
2023-05-12,201.83999633789062,203.11000061035156,198.82000732421875,200.6999969482422,3169800,200.6999969482422
2023-05-15,200.00999450683594,203.32000732421875,198.64999389648438,202.77000427246094,2842700,202.77000427246094
2023-05-16,201.82000732421875,202.36000061035156,199.94000244140625,200.8699951171875,3012100,200.8699951171875
2023-05-17,202.7100067138672,208.5800018310547,202.7100067138672,206.8699951171875,6641900,206.8699951171875
2023-05-18,206.4499969482422,208.1699981689453,204.00999450683594,207.24000549316406,4349700,207.24000549316406
2023-05-19,208.11000061035156,208.3699951171875,204.6300048828125,205.49000549316406,3896200,205.49000549316406
2023-05-22,205.50999450683594,206.97999572753906,203.89999389648438,205.91000366210938,3094300,205.91000366210938
2023-05-23,204.5800018310547,207.49000549316406,202.4499969482422,202.60000610351562,4011100,202.60000610351562
2023-05-24,201.32000732421875,201.32000732421875,197.5,199.27000427246094,4371600,199.27000427246094
2023-05-25,199.99000549316406,201.75,196.60000610351562,200.8699951171875,3909200,200.8699951171875
2023-05-26,201.60000610351562,204.8000030517578,201.17999267578125,203.6300048828125,3820300,203.6300048828125
2023-05-30,204.08999633789062,207.8000030517578,203.30999755859375,204.69000244140625,3978200,204.69000244140625
2023-05-31,203.5,206.19000244140625,200.91000366210938,205.6999969482422,5461600,205.6999969482422
2023-06-01,206.4600067138672,210.22999572753906,206,207.9600067138672,5125100,207.9600067138672
2023-06-02,210,215.24000549316406,210,213.32000732421875,7486300,213.32000732421875
2023-06-05,213.27999877929688,213.27999877929688,207.5,208.77999877929688,4996800,208.77999877929688
2023-06-06,208.3699951171875,211.67999267578125,200.61000061035156,207.2899932861328,10957200,207.2899932861328
2023-06-07,207.99000549316406,212.3800048828125,207.1999969482422,211.92999267578125,6462400,211.92999267578125
2023-06-08,212.33999633789062,220,212.0500030517578,218.11000061035156,9359300,218.11000061035156
2023-06-09,217.99000549316406,219.16000366210938,215.69000244140625,217.30999755859375,5297800,217.30999755859375
2023-06-12,217.16000366210938,223.91000366210938,216.6300048828125,221.55999755859375,8065400,221.55999755859375
2023-06-13,222.35000610351562,223.1199951171875,219.35000610351562,220.3800048828125,5881000,220.3800048828125
2023-06-14,221.39999389648438,221.58999633789062,216.02999877929688,216.89999389648438,5629100,216.89999389648438
2023-06-15,217.1699981689453,220.61000061035156,215.30999755859375,219.41000366210938,5001400,219.41000366210938
2023-06-16,220.72000122070312,223.8699951171875,218.97999572753906,219.99000549316406,7803900,219.99000549316406
2023-06-20,218.88999938964844,219.2899932861328,211.8800048828125,212.3699951171875,8226400,212.3699951171875
2023-06-21,211.8300018310547,212.99000549316406,209.38999938964844,212.0800018310547,5356400,212.0800018310547
2023-06-22,205.61000061035156,208.5,203.64999389648438,205.61000061035156,7057500,205.61000061035156
2023-06-23,204.02000427246094,205.61000061035156,202.5500030517578,205.41000366210938,6338200,205.41000366210938
2023-06-26,206.11000061035156,207.08999633789062,204.66000366210938,205.5800018310547,3444900,205.5800018310547
2023-06-27,206.14999389648438,209.66000366210938,206.0800018310547,209.42999267578125,4465500,209.42999267578125
2023-06-28,211.2100067138672,212.19000244140625,209.4499969482422,210.72000122070312,4276100,210.72000122070312
2023-06-29,211.1199951171875,213.22000122070312,210.22999572753906,211.8300018310547,3443600,211.8300018310547
2023-06-30,213.13999938964844,213.24000549316406,209.3800048828125,211.16000366210938,5488700,211.16000366210938
2023-07-03,210.5,212.1699981689453,210.24000549316406,210.9199981689453,2143000,210.9199981689453
2023-07-05,210,214.27999877929688,207.88999938964844,213.30999755859375,4921000,213.30999755859375
2023-07-06,212.47999572753906,213.61000061035156,209.5800018310547,212.6199951171875,4674700,212.6199951171875
2023-07-07,212.94000244140625,215.66000366210938,211.8300018310547,212.10000610351562,4893600,212.10000610351562
2023-07-10,211.83999633789062,213.58999633789062,211.22000122070312,213.30999755859375,3497100,213.30999755859375
2023-07-11,212.9199981689453,218.97999572753906,211.35000610351562,218.75999450683594,7451400,218.75999450683594
2023-07-12,219.50999450683594,221.55999755859375,216.9199981689453,217.11000061035156,5123200,217.11000061035156
2023-07-13,218.1300048828125,218.89999389648438,216.3000030517578,216.85000610351562,4291700,216.85000610351562
2023-07-14,217,217.02000427246094,212.80999755859375,213.1199951171875,4294800,213.1199951171875
2023-07-17,212.5,214.22999572753906,211.74000549316406,211.8699951171875,3621500,211.8699951171875
2023-07-18,211,213.0399932861328,209.57000732421875,211.57000732421875,5895800,211.57000732421875
2023-07-19,211.1199951171875,211.8699951171875,208.24000549316406,208.60000610351562,4814100,208.60000610351562
2023-07-20,208.8300018310547,215.10000610351562,208.8000030517578,213.61000061035156,5782200,213.61000061035156
2023-07-21,213.88999938964844,215.60000610351562,211.63999938964844,211.8000030517578,4056800,211.8000030517578
2023-07-24,212.05999755859375,215.94000244140625,211.4600067138672,215.8699951171875,4898300,215.8699951171875
2023-07-25,214.1999969482422,214.82000732421875,210.80999755859375,214.1199951171875,6513300,214.1199951171875
2023-07-26,222.16000366210938,233.08999633789062,221.77000427246094,232.8000030517578,24923800,232.8000030517578
2023-07-27,235.25,238.6699981689453,231.8300018310547,233.75,12018300,233.75
2023-07-28,236.1199951171875,240.1300048828125,235.6999969482422,238.69000244140625,7054600,238.69000244140625
2023-07-31,238.99000549316406,239.07000732421875,236.2100067138672,238.85000610351562,4894900,238.85000610351562
2023-08-01,237.5500030517578,243.10000610351562,237.30999755859375,238.00999450683594,4975200,238.00999450683594
2023-08-02,234.99000549316406,236.67999267578125,230.69000244140625,231.3800048828125,5326700,231.3800048828125
2023-08-03,231,233.5800018310547,230.39999389648438,231.36000061035156,3282900,231.36000061035156
2023-08-04,232.2899932861328,234.91000366210938,230.0800018310547,231.36000061035156,3500700,231.36000061035156
2023-08-07,232.74000549316406,238.97999572753906,232.74000549316406,238.25,6068000,238.25
2023-08-08,236.52000427246094,240.72999572753906,236,238.0399932861328,5149200,238.0399932861328
2023-08-09,238.5399932861328,241.24000549316406,236.41000366210938,237.86000061035156,4044400,237.86000061035156
2023-08-10,238.4499969482422,241.5800018310547,237.0399932861328,238.25999450683594,3710800,238.25999450683594
2023-08-11,237.61000061035156,238.25999450683594,235.1199951171875,235.72000122070312,2652100,235.72000122070312
2023-08-14,237,238.64999389648438,235.75,236.7100067138672,2486300,236.7100067138672
2023-08-15,235,235.55999755859375,231.5399932861328,232.25999450683594,3201900,232.25999450683594
2023-08-16,231.5,234.6699981689453,229.60000610351562,229.9499969482422,2273300,229.9499969482422
2023-08-17,230.57000732421875,231.63999938964844,224.25999450683594,224.5399932861328,4359400,224.5399932861328
2023-08-18,222.22999572753906,226.7899932861328,221.67999267578125,226.64999389648438,3583200,226.64999389648438
2023-08-21,226.8000030517578,227.69000244140625,225.10000610351562,227.22000122070312,2734600,227.22000122070312
2023-08-22,228.0800018310547,230.47999572753906,226.92999267578125,230.07000732421875,3011000,230.07000732421875
2023-08-23,230,230.5399932861328,227.11000061035156,228.5800018310547,3004500,228.5800018310547
2023-08-24,222.50999450683594,224.1999969482422,217.08999633789062,217.30999755859375,9132600,217.30999755859375
2023-08-25,218.41000366210938,223.77000427246094,212.8800048828125,223.41000366210938,12352300,223.41000366210938
2023-08-28,224.2100067138672,227.4499969482422,223.2899932861328,227.05999755859375,4641800,227.05999755859375
2023-08-29,225.8800048828125,229.39999389648438,225.66000366210938,227.25,3716700,227.25
2023-08-30,227.0800018310547,231.1699981689453,226.64999389648438,228.85000610351562,3328300,228.85000610351562
2023-08-31,229.3300018310547,230.42999267578125,222.92999267578125,224.02999877929688,6953800,224.02999877929688
2023-09-01,226,226.22999572753906,221.9499969482422,223.39999389648438,3658400,223.39999389648438
2023-09-05,223.10000610351562,224.08999633789062,221.1999969482422,222.57000732421875,3246500,222.57000732421875
2023-09-06,221.77000427246094,222.7899932861328,216.4199981689453,217.9499969482422,4233500,217.9499969482422
2023-09-07,217.5,220.5500030517578,214.86000061035156,216.0500030517578,4929600,216.0500030517578
2023-09-08,215.8300018310547,216,210.50999450683594,211.27000427246094,5752000,211.27000427246094
2023-09-11,213.75999450683594,214.1999969482422,208.77000427246094,211.00999450683594,4522300,211.00999450683594
2023-09-12,209.35000610351562,212.25999450683594,208.5800018310547,210.64999389648438,3256500,210.64999389648438
2023-09-13,210,212.17999267578125,207.75,208.39999389648438,3538100,208.39999389648438
2023-09-14,209.13999938964844,210.44000244140625,208.10000610351562,209.0500030517578,3974800,209.0500030517578
2023-09-15,209.27999877929688,209.8300018310547,206.8800048828125,208.11000061035156,4670600,208.11000061035156
2023-09-18,207.91000366210938,207.91000366210938,204.97999572753906,205.1199951171875,4299200,205.1199951171875
2023-09-19,205.39999389648438,205.66000366210938,202.38999938964844,204.47999572753906,4039900,204.47999572753906
2023-09-20,205.8699951171875,206.25,202.30999755859375,202.3699951171875,3738800,202.3699951171875
2023-09-21,201,203.60000610351562,199.7100067138672,199.9499969482422,4745700,199.9499969482422
2023-09-22,199.9600067138672,200.74000549316406,197.13999938964844,197.7100067138672,4450900,197.7100067138672
2023-09-25,196.83999633789062,198.97999572753906,195.19000244140625,198.77999877929688,3527100,198.77999877929688
2023-09-26,197.7899932861328,199.38999938964844,195.4199981689453,195.63999938964844,3666300,195.63999938964844
2023-09-27,196.00999450683594,196.39999389648438,192.77000427246094,195.4600067138672,4015500,195.4600067138672
2023-09-28,193.6999969482422,195.25999450683594,190.02999877929688,190.42999267578125,8009500,190.42999267578125
2023-09-29,191.9199981689453,192.9499969482422,190.1699981689453,191.67999267578125,5158400,191.67999267578125
2023-10-02,191.47000122070312,192.44000244140625,186.92999267578125,187.8300018310547,5244700,187.8300018310547
2023-10-03,188.6300048828125,192.49000549316406,188.1999969482422,188.9199981689453,7285500,188.9199981689453
2023-10-04,188.85000610351562,190.6300048828125,184.33999633789062,186.72999572753906,7419800,186.72999572753906
2023-10-05,186.16000366210938,188.10000610351562,184.13999938964844,186.2899932861328,4331700,186.2899932861328
2023-10-06,185.3699951171875,188.63999938964844,182.5500030517578,187.3800048828125,5364300,187.3800048828125
2023-10-09,188,189.49000549316406,185.67999267578125,188.49000549316406,4575800,188.49000549316406
2023-10-10,190.00999450683594,194.3000030517578,188.75999450683594,193.52999877929688,8062400,193.52999877929688
2023-10-11,195.47000122070312,199.6199951171875,194.27000427246094,196.07000732421875,7394000,196.07000732421875
2023-10-12,195.10000610351562,195.6999969482422,189.9600067138672,191.3000030517578,5668300,191.3000030517578
2023-10-13,186.27000427246094,187.2899932861328,183.17999267578125,184.91000366210938,8215700,184.91000366210938
2023-10-16,185.91000366210938,186.22999572753906,182.5,184.92999267578125,4701000,184.92999267578125
2023-10-17,183.75,188.3300018310547,183.3000030517578,185.60000610351562,5121800,185.60000610351562
2023-10-18,187.22000122070312,190.25,185.0500030517578,185.69000244140625,6268100,185.69000244140625
2023-10-19,185.5,187.0500030517578,182.5399932861328,182.7899932861328,4043700,182.7899932861328
2023-10-20,182.67999267578125,183.38999938964844,179.85000610351562,180.0399932861328,4523500,180.0399932861328
2023-10-23,179.44000244140625,183.72000122070312,178.42999267578125,181.02999877929688,4146200,181.02999877929688
2023-10-24,183.2100067138672,184.35000610351562,181.8000030517578,182.36000061035156,4652900,182.36000061035156
2023-10-25,186,187,176.25,177.72999572753906,13806400,177.72999572753906
2023-10-26,177.11000061035156,182.9499969482422,176.52999877929688,179.08999633789062,6961800,179.08999633789062
2023-10-27,180,182.3300018310547,179.00999450683594,179.69000244140625,4606300,179.69000244140625
2023-10-30,179.4199981689453,184.16000366210938,179.4199981689453,182.35000610351562,5507100,182.35000610351562
2023-10-31,183.3800048828125,187.2899932861328,181.32000732421875,186.82000732421875,5043000,186.82000732421875
2023-11-01,189.69000244140625,190.77999877929688,187.5,189.3800048828125,5832200,189.3800048828125
2023-11-02,190.89999389648438,192.94000244140625,190.33999633789062,192.00999450683594,4313000,192.00999450683594
2023-11-03,194,197.13999938964844,193.7100067138672,195.0500030517578,4485100,195.0500030517578
2023-11-06,195.8800048828125,196.14999389648438,192.4600067138672,192.9499969482422,4222200,192.9499969482422
2023-11-07,192.1699981689453,192.1699981689453,189.57000732421875,191.41000366210938,4012900,191.41000366210938
2023-11-08,191.4499969482422,192.44000244140625,190.13999938964844,191.8300018310547,2984200,191.8300018310547
2023-11-09,193.02999877929688,197.07000732421875,192.55999755859375,193.3300018310547,4576300,193.3300018310547
2023-11-10,195,197.25999450683594,194.2100067138672,196.64999389648438,4788500,196.64999389648438
2023-11-13,203.49000549316406,206.85000610351562,202.50999450683594,204.5399932861328,13040300,204.5399932861328
2023-11-14,207.25,208.55999755859375,205.97999572753906,207.47000122070312,7280100,207.47000122070312
2023-11-15,208.2100067138672,211.08999633789062,207.60000610351562,208.7100067138672,5205900,208.7100067138672
2023-11-16,207.5,207.88999938964844,204.80999755859375,206.60000610351562,4655100,206.60000610351562
2023-11-17,208.36000061035156,209.4199981689453,206.82000732421875,208.0399932861328,3564600,208.0399932861328
2023-11-20,211.00999450683594,218.8800048828125,210.94000244140625,217.7100067138672,11568100,217.7100067138672
2023-11-21,216.5,219.3800048828125,216.07000732421875,218.27000427246094,5362100,218.27000427246094
2023-11-22,218,221.5,217.6999969482422,219.91000366210938,5384400,219.91000366210938
2023-11-24,220.61000061035156,221.58999633789062,218.9600067138672,220,2312100,220
2023-11-27,218.80999755859375,219.52999877929688,217.66000366210938,219.3000030517578,3691200,219.3000030517578
2023-11-28,222.00999450683594,224.8000030517578,219.41000366210938,222.3699951171875,7817800,222.3699951171875
2023-11-29,223.35000610351562,224.99000549316406,221.33999633789062,224.42999267578125,5424400,224.42999267578125
2023-11-30,225,233,225,231.6300048828125,8736200,231.6300048828125
2023-12-01,231.77000427246094,235.3800048828125,231.3800048828125,233.8699951171875,6956200,233.8699951171875
2023-12-04,231.3000030517578,234.94000244140625,230.07000732421875,234.8699951171875,5228500,234.8699951171875
2023-12-05,233.5399932861328,234.74000549316406,231.49000549316406,234.16000366210938,3589800,234.16000366210938
2023-12-06,234.77999877929688,239.22999572753906,234.42999267578125,236.88999938964844,4740600,236.88999938964844
2023-12-07,236.89999389648438,238.3000030517578,230,237.3300018310547,6363700,237.3300018310547
2023-12-08,237.32000732421875,244.6999969482422,237.32000732421875,244.6999969482422,7171200,244.6999969482422
2023-12-11,243.5,248.0800018310547,243.30999755859375,248.0800018310547,7545000,248.0800018310547
2023-12-12,247.9499969482422,250.57000732421875,247.39999389648438,248.6300048828125,5719200,248.6300048828125
2023-12-13,249.10000610351562,251.8699951171875,247.52999877929688,250.91000366210938,5513400,250.91000366210938
2023-12-14,250.91000366210938,257.1199951171875,249.25999450683594,256.239990234375,7883600,256.239990234375
2023-12-15,255.6999969482422,265.5199890136719,255.6999969482422,264.2699890136719,14995900,264.2699890136719
2023-12-18,260.6300048828125,263.1300048828125,260.25,260.4100036621094,6140100,260.4100036621094
2023-12-19,261.0400085449219,265.3399963378906,260.79998779296875,263.510009765625,6089500,263.510009765625
2023-12-20,262.25,266.1300048828125,260.1499938964844,260.25,5151700,260.25
2023-12-21,265.95001220703125,267.5400085449219,260.19000244140625,262.0199890136719,6487200,262.0199890136719
2023-12-22,261.8299865722656,262.8399963378906,259.20001220703125,260.44000244140625,4434000,260.44000244140625
2023-12-26,259.79998779296875,263.760009765625,259.5400085449219,262.7900085449219,3938600,262.7900085449219
2023-12-27,262.6300048828125,264.6600036621094,260.8999938964844,262.1000061035156,3484900,262.1000061035156
2023-12-28,261.5299987792969,262.1000061035156,257.67999267578125,260.3500061035156,5096400,260.3500061035156
2023-12-29,260.6700134277344,262.2200012207031,259.55999755859375,260.6600036621094,3686600,260.6600036621094
2024-01-02,257.2799987792969,258.5899963378906,250.8699951171875,251.75999450683594,5815200,251.75999450683594
2024-01-03,248.32000732421875,250.1300048828125,243,243.91000366210938,7219900,243.91000366210938
2024-01-04,244.5800018310547,248.27999877929688,244.17999267578125,244.94000244140625,5170700,244.94000244140625
2024-01-05,245.0399932861328,250.19000244140625,245.0399932861328,249,3849700,249
2024-01-08,228,233.85000610351562,225.7899932861328,229,40730400,229
2024-01-09,225.66000366210938,228.7899932861328,223.1999969482422,225.75999450683594,20687500,225.75999450683594
2024-01-10,226.89999389648438,231.61000061035156,226.63999938964844,227.83999633789062,12883700,227.83999633789062
2024-01-11,228.07000732421875,228.27999877929688,222.6199951171875,222.66000366210938,11830500,222.66000366210938
2024-01-12,219.97000122070312,222.07000732421875,217.0399932861328,217.6999969482422,11285500,217.6999969482422
2024-01-16,210.07000732421875,210.97999572753906,199.5,200.52000427246094,35290000,200.52000427246094
2024-01-17,202.6300048828125,206.3000030517578,201.64999389648438,203.05999755859375,20140100,203.05999755859375
2024-01-18,205.63999938964844,213.0399932861328,203.32000732421875,211.61000061035156,20046800,211.61000061035156
2024-01-19,210.88999938964844,215.16000366210938,209.22999572753906,215.02000427246094,14345400,215.02000427246094
2024-01-22,213.07000732421875,217,212.36000061035156,214.92999267578125,10760800,214.92999267578125
2024-01-23,215.35000610351562,216.85000610351562,211.1300048828125,211.5,9076900,211.5
2024-01-24,209.8300018310547,217.58999633789062,209.36000061035156,214.1300048828125,15119100,214.1300048828125
2024-01-25,208.1999969482422,208.72999572753906,198.32000732421875,201.8800048828125,22112500,201.8800048828125
2024-01-26,203.0800018310547,206.75,203,205.47000122070312,9911200,205.47000122070312
2024-01-29,206.05999755859375,207.0399932861328,203.85000610351562,205.19000244140625,7535400,205.19000244140625
2024-01-30,203.64999389648438,203.97999572753906,199.13999938964844,200.44000244140625,13321200,200.44000244140625
2024-01-31,204.9199981689453,213.77000427246094,203.25,211.0399932861328,22409400,211.0399932861328
2024-02-01,213.83999633789062,214.6300048828125,206.80999755859375,209.80999755859375,10679200,209.80999755859375
2024-02-02,209.05999755859375,209.5399932861328,206.35000610351562,209.3800048828125,6275300,209.3800048828125
2024-02-05,204.63999938964844,207.33999633789062,202,206.6300048828125,8682500,206.6300048828125
2024-02-06,206.02000427246094,210.63999938964844,203.88999938964844,208.5800018310547,7556900,208.5800018310547
2024-02-07,208.75999450683594,213.77000427246094,207.99000549316406,211.9199981689453,7747700,211.9199981689453
2024-02-08,212.39999389648438,213.10000610351562,208.72000122070312,209.22000122070312,5787700,209.22000122070312
2024-02-09,209.77000427246094,211.44000244140625,207.89999389648438,209.1999969482422,4349700,209.1999969482422
2024-02-12,208.6999969482422,209.8000030517578,207.60000610351562,209.3300018310547,4077400,209.3300018310547
2024-02-13,206.89999389648438,207.80999755859375,202.3300018310547,204.4600067138672,8263600,204.4600067138672
2024-02-14,205.9499969482422,206.5800018310547,202.2100067138672,203.3800048828125,6503000,203.3800048828125
2024-02-15,204.1199951171875,206.5500030517578,203.39999389648438,205.3300018310547,5309100,205.3300018310547
2024-02-16,204.8800048828125,205.0500030517578,202.80999755859375,203.88999938964844,5986500,203.88999938964844
2024-02-20,203.5500030517578,205.5800018310547,202.7100067138672,203.3699951171875,5248400,203.3699951171875
2024-02-21,202.89999389648438,203.6300048828125,201.2100067138672,201.57000732421875,4171600,201.57000732421875
2024-02-22,202,204.10000610351562,200.39999389648438,201.5,6513500,201.5
2024-02-23,200.99000549316406,202.07000732421875,197.14999389648438,200.8300018310547,7433400,200.8300018310547
2024-02-26,201.00999450683594,202.75,200,200.5399932861328,4807200,200.5399932861328
2024-02-27,200.92999267578125,202,200.0399932861328,201.39999389648438,3932900,201.39999389648438
2024-02-28,201.13999938964844,208.10000610351562,200.17999267578125,207,9654700,207
2024-02-29,206.44000244140625,206.6199951171875,202.6999969482422,203.72000122070312,6670300,203.72000122070312
2024-03-01,204,205.05999755859375,199.00999450683594,200,11609500,200
2024-03-04,199.5,201.5399932861328,196.9199981689453,200.5399932861328,7213900,200.5399932861328
2024-03-05,199.49000549316406,202.85000610351562,198.6999969482422,201.13999938964844,5034700,201.13999938964844
2024-03-06,201.77000427246094,202.35000610351562,199.86000061035156,201,4736600,201
2024-03-07,200.6999969482422,203.72999572753906,200.57000732421875,203.02999877929688,5965300,203.02999877929688
2024-03-08,201.83999633789062,203.8000030517578,198.4600067138672,198.49000549316406,9010200,198.49000549316406
2024-03-11,194.2100067138672,196.07000732421875,189.8000030517578,192.49000549316406,14160600,192.49000549316406
2024-03-12,188.24000549316406,188.5800018310547,183.16000366210938,184.24000549316406,18714800,184.24000549316406
2024-03-13,183.16000366210938,185.97000122070312,182.0800018310547,182.35000610351562,10196100,182.35000610351562
2024-03-14,182,184.94000244140625,180.52000427246094,181.14999389648438,10016200,181.14999389648438
2024-03-15,180.99000549316406,184.17999267578125,180.91000366210938,182.52999877929688,10800700,182.52999877929688
2024-03-18,180.25999450683594,181.19000244140625,177.52000427246094,179.83999633789062,9497800,179.83999633789062
2024-03-19,180.11000061035156,181.86000061035156,179.74000549316406,181.13999938964844,7648000,181.13999938964844
2024-03-20,178.99000549316406,188.3000030517578,178.60000610351562,187.77999877929688,12770000,187.77999877929688
2024-03-21,189.7899932861328,190.3800048828125,187.5500030517578,187.6999969482422,7436400,187.6999969482422
2024-03-22,188.75,192.94000244140625,188.19000244140625,188.85000610351562,7827000,188.85000610351562
2024-03-25,196.00999450683594,196.17999267578125,189.5,191.41000366210938,12953000,191.41000366210938
2024-03-26,192.02000427246094,192.02999877929688,186.80999755859375,187.5,8972200,187.5
2024-03-27,188.83999633789062,191.99000549316406,188.3300018310547,191.9499969482422,7372800,191.9499969482422
2024-03-28,192,193.3800048828125,191.1999969482422,192.99000549316406,4471700,192.99000549316406
2024-04-01,192.24000549316406,192.8699951171875,189.02999877929688,189.5,5107800,189.5
2024-04-02,189,189.22999572753906,187.1300048828125,188.0399932861328,4477200,188.0399932861328
2024-04-03,187.67999267578125,188.77999877929688,184.27000427246094,184.9199981689453,6609300,184.9199981689453
2024-04-04,185.92999267578125,188,182.80999755859375,183.2899932861328,6513800,183.2899932861328
2024-04-05,184.16000366210938,184.66000366210938,182.44000244140625,183.13999938964844,4130400,183.13999938964844
2024-04-08,182.13999938964844,184.5500030517578,181.49000549316406,181.55999755859375,6176400,181.55999755859375
2024-04-09,181.50999450683594,183.0500030517578,176.57000732421875,178.1199951171875,11427800,178.1199951171875
2024-04-10,176.30999755859375,178.10000610351562,172.44000244140625,174.6300048828125,9727700,174.6300048828125
2024-04-11,174.47000122070312,174.6999969482422,171.3800048828125,173.36000061035156,7625100,173.36000061035156
2024-04-12,172.1999969482422,173.24000549316406,169.3699951171875,169.5500030517578,7568300,169.5500030517578
2024-04-15,170.74000549316406,171.17999267578125,167.52999877929688,167.82000732421875,6490700,167.82000732421875
2024-04-16,168.13999938964844,170.63999938964844,167.75,170.5500030517578,7986700,170.5500030517578
2024-04-17,170,170.85000610351562,168.1199951171875,170.2100067138672,8162600,170.2100067138672
2024-04-18,169.47999572753906,172.0399932861328,169.10000610351562,170.22999572753906,5123000,170.22999572753906
2024-04-19,170,172,169.64999389648438,169.82000732421875,4693900,169.82000732421875
2024-04-22,169.82000732421875,172.14999389648438,168.16000366210938,170.47999572753906,4724900,170.47999572753906
2024-04-23,170.9499969482422,171.17999267578125,168.42999267578125,169.17999267578125,7632100,169.17999267578125
2024-04-24,176.5,177.63999938964844,162.74000549316406,164.3300018310547,20889300,164.3300018310547
2024-04-25,163.58999633789062,168.1300048828125,159.6999969482422,166.80999755859375,12504700,166.80999755859375
2024-04-26,165.97999572753906,168.64999389648438,164.92999267578125,167.22000122070312,7208100,167.22000122070312
2024-04-29,167.89999389648438,173.80999755859375,167.5500030517578,173.49000549316406,7788600,173.49000549316406
2024-04-30,171.49000549316406,174.07000732421875,167.75999450683594,167.83999633789062,8248800,167.83999633789062
2024-05-01,167.5,173.86000061035156,167.5,171.4600067138672,6191900,171.4600067138672
2024-05-02,173,178.89999389648438,172.25,178.85000610351562,10223700,178.85000610351562
2024-05-03,179.58999633789062,180.49000549316406,177.89999389648438,179.7899932861328,5416300,179.7899932861328
2024-05-06,180.8800048828125,183.97999572753906,174.7100067138672,178.35000610351562,11913400,178.35000610351562
2024-05-07,177.22000122070312,178.35000610351562,176.1300048828125,176.7100067138672,5097500,176.7100067138672
2024-05-08,175.9499969482422,181.66000366210938,175.9499969482422,180.35000610351562,4956800,180.35000610351562
2024-05-09,179.5500030517578,181.75,179.30999755859375,181.25,5107400,181.25
2024-05-10,181.25,181.8800048828125,177.9199981689453,178.50999450683594,3715500,178.50999450683594
2024-05-13,179.0399932861328,180.75,178.07000732421875,178.44000244140625,3105200,178.44000244140625
2024-05-14,180.22999572753906,183.66000366210938,179.6300048828125,180.75999450683594,4686500,180.75999450683594
2024-05-15,180.13999938964844,180.6699981689453,176.1699981689453,176.99000549316406,5858900,176.99000549316406
2024-05-16,177.60000610351562,183.75999450683594,177.25,182.9600067138672,6993200,182.9600067138672
2024-05-17,183.25,185.3800048828125,181.22000122070312,184.9499969482422,5562400,184.9499969482422
2024-05-20,184.64999389648438,188.6300048828125,184.00999450683594,186.61000061035156,6228600,186.61000061035156
2024-05-21,185.3000030517578,186.38999938964844,183.11000061035156,184.77999877929688,4349100,184.77999877929688
2024-05-22,184.60000610351562,186.82000732421875,183.41000366210938,186.27999877929688,3785400,186.27999877929688
2024-05-23,185.7899932861328,186,171.61000061035156,172.2100067138672,17116000,172.2100067138672
2024-05-24,173.1999969482422,174.86000061035156,169.57000732421875,174.52000427246094,9489400,174.52000427246094
2024-05-28,174.72999572753906,178.49000549316406,173.3800048828125,175.0800018310547,5274400,175.0800018310547
2024-05-29,173.61000061035156,175.8300018310547,171.61000061035156,171.64999389648438,3666400,171.64999389648438
2024-05-30,172.63999938964844,174.67999267578125,171.5500030517578,172.75,3924700,172.75
2024-05-31,173.1199951171875,177.89999389648438,172.2100067138672,177.61000061035156,5774500,177.61000061035156
2024-06-03,178.08999633789062,186.00999450683594,178.02000427246094,184.57000732421875,8951600,184.57000732421875
2024-06-04,185.0500030517578,188.83999633789062,183.25,188.6199951171875,7176800,188.6199951171875
2024-06-05,187.89999389648438,190.33999633789062,186.52999877929688,189.85000610351562,5944000,189.85000610351562
2024-06-06,188.8300018310547,192.10000610351562,187.35000610351562,191.4199981689453,5942200,191.4199981689453
2024-06-07,190.4600067138672,191.97999572753906,189.66000366210938,190.24000549316406,3374500,190.24000549316406
2024-06-10,190,192.6300048828125,189.60000610351562,190.1199951171875,4385000,190.1199951171875
2024-06-11,189.32000732421875,189.32000732421875,182.75,185.5,5010100,185.5
2024-06-12,186.5,187.16000366210938,181.7100067138672,182.6699981689453,5245200,182.6699981689453
2024-06-13,181.74000549316406,183.8699951171875,178.99000549316406,180.6999969482422,4201000,180.6999969482422
2024-06-14,178.89999389648438,180.2899932861328,175.22000122070312,177.27000427246094,5106000,177.27000427246094
2024-06-17,176.75,180.4499969482422,176.32000732421875,178.38999938964844,4790000,178.38999938964844
2024-06-18,177.61000061035156,178,173.82000732421875,174.99000549316406,6179900,174.99000549316406
2024-06-20,173.02000427246094,176.64999389648438,172.0500030517578,176.3000030517578,5479300,176.3000030517578
2024-06-21,176.8300018310547,178.41000366210938,175.66000366210938,176.55999755859375,8628200,176.55999755859375
2024-06-24,176.14999389648438,180.60000610351562,175.58999633789062,179.10000610351562,7388300,179.10000610351562
2024-06-25,176.2899932861328,178.75999450683594,173.2899932861328,175.10000610351562,7434000,175.10000610351562
2024-06-26,174.9600067138672,178.82000732421875,173.75999450683594,178.5,6553900,178.5
2024-06-27,178.91000366210938,183.67999267578125,178.00999450683594,182.50999450683594,8199000,182.50999450683594
2024-06-28,182.60000610351562,184.44000244140625,180.64999389648438,182.00999450683594,5899900,182.00999450683594
2024-07-01,182.1999969482422,189.47000122070312,182.1999969482422,186.6999969482422,9056700,186.6999969482422
2024-07-02,186.33999633789062,189.22999572753906,184.52000427246094,185.4199981689453,4110500,185.4199981689453
2024-07-03,185.0500030517578,185.4199981689453,182.85000610351562,184.30999755859375,2764800,184.30999755859375
2024-07-05,184,185.3800048828125,182.22999572753906,184.8300018310547,3290400,184.8300018310547
2024-07-08,186.94000244140625,191.5,182.27999877929688,185.83999633789062,9878100,185.83999633789062
2024-07-09,185.11000061035156,186.25,183.14999389648438,183.24000549316406,3942900,183.24000549316406
2024-07-10,183.60000610351562,184.89999389648438,182.8000030517578,183.72999572753906,3583200,183.72999572753906
2024-07-11,184.1699981689453,186.10000610351562,183.39999389648438,183.91000366210938,4840600,183.91000366210938
2024-07-12,183.72999572753906,184.49000549316406,180.4499969482422,182.30999755859375,5129300,182.30999755859375
2024-07-15,183.5,183.72000122070312,178.8800048828125,179.11000061035156,5189000,179.11000061035156
2024-07-16,180.0500030517578,187.44000244140625,179.1999969482422,186.0500030517578,8546400,186.0500030517578
2024-07-17,185.32000732421875,188.4499969482422,183.7899932861328,184.83999633789062,4899600,184.83999633789062
2024-07-18,184.24000549316406,187.3699951171875,179.8800048828125,180.22999572753906,5354800,180.22999572753906
2024-07-19,181.39999389648438,181.5,177.38999938964844,179.6699981689453,5121300,179.6699981689453
2024-07-22,181.36000061035156,182.72000122070312,177.22999572753906,178.89999389648438,4883500,178.89999389648438
2024-07-23,179.10000610351562,187.0399932861328,179,186.47999572753906,7614300,186.47999572753906
2024-07-24,185.6199951171875,187,179.97000122070312,180.07000732421875,5109100,180.07000732421875
2024-07-25,179.4499969482422,188.35000610351562,179.4499969482422,184.35000610351562,6128000,184.35000610351562
2024-07-26,185.86000061035156,189.58999633789062,184.6300048828125,186.88999938964844,6272000,186.88999938964844
2024-07-29,186.6999969482422,187.0800018310547,183.8300018310547,185.42999267578125,3608600,185.42999267578125
2024-07-30,186.10000610351562,188.1300048828125,185.14999389648438,186.86000061035156,4789000,186.86000061035156
2024-07-31,189.8800048828125,196.9499969482422,183.86000061035156,190.60000610351562,15417000,190.60000610351562
2024-08-01,190,191.1699981689453,176.69000244140625,178.30999755859375,13887000,178.30999755859375
2024-08-02,175.22000122070312,175.4600067138672,167.25,169.9499969482422,11742800,169.9499969482422
2024-08-05,162.52000427246094,167.67999267578125,162.5,167.02999877929688,9255100,167.02999877929688
2024-08-06,168.88999938964844,169.19000244140625,163.38999938964844,165.0399932861328,5817300,165.0399932861328
2024-08-07,167,167.97999572753906,162.99000549316406,163.24000549316406,5186400,163.24000549316406
2024-08-08,164.22999572753906,169.35000610351562,164,168.8699951171875,6063800,168.8699951171875
2024-08-09,168.38999938964844,169.85000610351562,166.89999389648438,167.91000366210938,3635600,167.91000366210938
2024-08-12,167.72999572753906,168.0500030517578,163.52000427246094,164.1300048828125,4715600,164.1300048828125
2024-08-13,164.5,168.8800048828125,162.6199951171875,168.75999450683594,6475500,168.75999450683594
2024-08-14,167.88999938964844,169.75,167.3300018310547,168.5,3852700,168.5
2024-08-15,170,176.55999755859375,169.97999572753906,176.41000366210938,5942200,176.41000366210938
2024-08-16,176.3000030517578,180.50999450683594,176.3000030517578,179.99000549316406,6731500,179.99000549316406
2024-08-19,180.0399932861328,180.6999969482422,177.6300048828125,179.63999938964844,3894200,179.63999938964844
2024-08-20,176.49000549316406,177.5,170.0399932861328,172.10000610351562,9549100,172.10000610351562
2024-08-21,173,174.1999969482422,171.0399932861328,173.42999267578125,4493600,173.42999267578125
2024-08-22,173,175.2100067138672,172.3000030517578,172.75999450683594,2788000,172.75999450683594
2024-08-23,173.8800048828125,176.9199981689453,173.1699981689453,174.9600067138672,4405900,174.9600067138672
2024-08-26,173,174.9199981689453,172.3000030517578,173.47999572753906,4034300,173.47999572753906
2024-08-27,173.6199951171875,173.92999267578125,171.25,173.0500030517578,3295800,173.0500030517578
2024-08-28,172.3000030517578,174.25,170.14999389648438,170.7100067138672,4550300,170.7100067138672
2024-08-29,171.7100067138672,175.27999877929688,170.6199951171875,172.25999450683594,4119500,172.25999450683594
2024-08-30,173.13999938964844,174.36000061035156,171.49000549316406,173.74000549316406,4146200,173.74000549316406
2024-09-03,167.02999877929688,169.60000610351562,158.3000030517578,161.02000427246094,17925400,161.02000427246094
2024-09-04,160.27999877929688,166.6999969482422,160.27999877929688,163.22000122070312,7316300,163.22000122070312
2024-09-05,164.14999389648438,164.6199951171875,160.10000610351562,162.14999389648438,4717500,162.14999389648438
2024-09-06,162.5,162.85000610351562,156.6999969482422,157.6199951171875,7328600,157.6199951171875
2024-09-09,162.3000030517578,164.5500030517578,161.11000061035156,162.91000366210938,9091500,162.91000366210938
2024-09-10,162.61000061035156,163.89999389648438,157.92999267578125,160.07000732421875,6367100,160.07000732421875
2024-09-11,159.7899932861328,161.8699951171875,156.10000610351562,161.3300018310547,6664800,161.3300018310547
2024-09-12,159.4199981689453,163.5,159.05999755859375,162.77000427246094,4742700,162.77000427246094
2024-09-13,159.77999877929688,162.88999938964844,155.60000610351562,156.77000427246094,19003400,156.77000427246094
2024-09-16,156.25,157.75999450683594,154.02000427246094,155.5500030517578,9955200,155.5500030517578
2024-09-17,156.1699981689453,158.8800048828125,155.13999938964844,156.38999938964844,8123200,156.38999938964844
2024-09-18,157,158.4499969482422,154.8000030517578,155.11000061035156,7714400,155.11000061035156
2024-09-19,157,157.17999267578125,154.27000427246094,154.58999633789062,9570000,154.58999633789062
2024-09-20,154.00999450683594,154.63999938964844,152.60000610351562,153.2899932861328,13919400,153.2899932861328
2024-09-23,153,158.42999267578125,151.64999389648438,156.3000030517578,12476800,156.3000030517578
2024-09-24,155.8000030517578,155.89999389648438,153.69000244140625,155.80999755859375,7414900,155.80999755859375
2024-09-25,156.4199981689453,157.22000122070312,152.0399932861328,152.22000122070312,9587700,152.22000122070312
2024-09-26,153.94000244140625,157.3300018310547,152.66000366210938,154.5800018310547,11414400,154.5800018310547
2024-09-27,155.3699951171875,157.3300018310547,154.38999938964844,156.32000732421875,7637000,156.32000732421875
2024-09-30,154.7899932861328,155.3000030517578,151.24000549316406,152.0399932861328,10902200,152.0399932861328
2024-10-01,151.4600067138672,156.39999389648438,149.49000549316406,154.22000122070312,12588800,154.22000122070312
2024-10-02,153.75999450683594,154.85000610351562,152.83999633789062,152.88999938964844,4357000,152.88999938964844
2024-10-03,152.1199951171875,152.74000549316406,150.50999450683594,150.52000427246094,5704800,150.52000427246094
2024-10-04,152.25999450683594,155,150.85000610351562,155,6657500,155
2024-10-07,155,158.75999450683594,154.67999267578125,155.91000366210938,6267900,155.91000366210938
2024-10-08,155.99000549316406,156.6999969482422,154.13999938964844,154.64999389648438,5336300,154.64999389648438
2024-10-09,152.0500030517578,152.19000244140625,148.8000030517578,149.3699951171875,12488500,149.3699951171875
2024-10-10,149.07000732421875,149.11000061035156,146.25999450683594,146.6199951171875,11275800,146.6199951171875
2024-10-11,146.3000030517578,151.1199951171875,146.3000030517578,151.02000427246094,10688600,151.02000427246094
2024-10-14,148,150.08999633789062,146.02000427246094,148.99000549316406,9737000,148.99000549316406
2024-10-15,150.5,153.9499969482422,148.5500030517578,152.35000610351562,11241700,152.35000610351562
2024-10-16,151.91000366210938,154.99000549316406,151.33999633789062,154.89999389648438,8356200,154.89999389648438
2024-10-17,155,157.13999938964844,154.25,155.30999755859375,6291800,155.30999755859375
2024-10-18,155.83999633789062,156.3699951171875,153.89999389648438,155,6030200,155
2024-10-21,160.25,163.44000244140625,158.36000061035156,159.82000732421875,13277600,159.82000732421875
2024-10-22,160.5,160.66000366210938,158.3699951171875,159.8800048828125,7380800,159.8800048828125
2024-10-23,160,161.47000122070312,153.52999877929688,157.05999755859375,15931500,157.05999755859375
2024-10-24,152.61000061035156,155.88999938964844,151.97999572753906,155.1999969482422,9774400,155.1999969482422
2024-10-25,156.1999969482422,157.47999572753906,154.52000427246094,155.00999450683594,8153000,155.00999450683594
2024-10-28,153.5,155.1999969482422,150.61000061035156,150.69000244140625,20992500,150.69000244140625
2024-10-29,147.86000061035156,155.99000549316406,147.5800018310547,152.97999572753906,66387700,152.97999572753906
2024-10-30,152.50999450683594,156.91000366210938,152.50999450683594,154.2899932861328,50738400,154.2899932861328
2024-10-31,154.30999755859375,154.47999572753906,147.8800048828125,149.30999755859375,29388200,149.30999755859375
2024-11-01,152.77999877929688,156,151.22999572753906,154.58999633789062,18894500,154.58999633789062
2024-11-04,154.6199951171875,156.72000122070312,152.4600067138672,155.07000732421875,10290400,155.07000732421875
2024-11-05,157.47000122070312,157.66000366210938,150.64999389648438,151,23126600,151
2024-11-06,152.3000030517578,153.1999969482422,144.1300048828125,147.16000366210938,28069300,147.16000366210938
2024-11-07,148.8000030517578,152.8000030517578,148.02999877929688,150.97999572753906,14709200,150.97999572753906
2024-11-08,151.1199951171875,152.60000610351562,149.42999267578125,151.67999267578125,12996800,151.67999267578125
2024-11-11,152,152.5,148.07000732421875,148.9600067138672,12799100,148.9600067138672
2024-11-12,148.39999389648438,148.5,143.85000610351562,145.1699981689453,16746700,145.1699981689453
2024-11-13,145.5800018310547,145.5800018310547,139.10000610351562,139.97000122070312,21249600,139.97000122070312
2024-11-14,140.8000030517578,141.5500030517578,137.22000122070312,138.13999938964844,15646700,138.13999938964844
2024-11-15,138.13999938964844,140.32000732421875,137.02999877929688,140.19000244140625,12120100,140.19000244140625
2024-11-18,140.25999450683594,144.69000244140625,138.1999969482422,143.8699951171875,12251600,143.8699951171875
2024-11-19,143,145.99000549316406,142.69000244140625,145.60000610351562,8247300,145.60000610351562
2024-11-20,146.0399932861328,147.3000030517578,145.02000427246094,146.0800018310547,9232100,146.0800018310547
2024-11-21,146.38999938964844,146.4199981689453,141.33999633789062,143.41000366210938,7845100,143.41000366210938
2024-11-22,143.61000061035156,150.33999633789062,143.49000549316406,149.2899932861328,13353100,149.2899932861328
2024-11-25,150.6999969482422,153.27999877929688,150.25999450683594,153.10000610351562,11479400,153.10000610351562
2024-11-26,152.5,153.13999938964844,149.8000030517578,150.75999450683594,8235000,150.75999450683594
2024-11-27,151.11000061035156,152.91000366210938,150.25,152.39999389648438,5210100,152.39999389648438
2024-11-29,153,157.5,152.85000610351562,155.44000244140625,7100100,155.44000244140625
2024-12-02,155.91000366210938,160.35000610351562,155.6999969482422,156.5399932861328,10097900,156.5399932861328
2024-12-03,156,156.64999389648438,154.4199981689453,155,6130300,155
2024-12-04,155.8800048828125,160.1999969482422,154.2100067138672,158.27999877929688,9269300,158.27999877929688
2024-12-05,158.5,160.02000427246094,156.0500030517578,156.6699981689453,7119800,156.6699981689453
2024-12-06,157.02999877929688,158.9499969482422,153.3699951171875,153.92999267578125,8182700,153.92999267578125
2024-12-09,154.27000427246094,161.9499969482422,154.27000427246094,157.0399932861328,13540000,157.0399932861328
2024-12-10,160,166.67999267578125,159.4199981689453,164.10000610351562,17149200,164.10000610351562
2024-12-11,165.52000427246094,169.3000030517578,164.3800048828125,165.9600067138672,13116600,165.9600067138672
2024-12-12,168.22999572753906,168.82000732421875,165.64999389648438,167.75,10617700,167.75
2024-12-13,168,170.42999267578125,166.3300018310547,169.64999389648438,9754900,169.64999389648438
2024-12-16,168.08999633789062,175.1999969482422,166.10000610351562,173.1699981689453,13050700,173.1699981689453
2024-12-17,173.0399932861328,175.7899932861328,171.7100067138672,173.02999877929688,13557100,173.02999877929688
2024-12-18,173.27999877929688,177.94000244140625,171,172.6199951171875,15437200,172.6199951171875
2024-12-19,175,179.5800018310547,173.72000122070312,177.0399932861328,14777100,177.0399932861328
2024-12-20,176.86000061035156,182,175.30999755859375,177.35000610351562,23233700,177.35000610351562
2024-12-23,178.1199951171875,179.64999389648438,174.2899932861328,177.69000244140625,8486400,177.69000244140625
2024-12-24,177.69000244140625,180.9499969482422,177.5,179.33999633789062,4317000,179.33999633789062
2024-12-26,178.97999572753906,182.57000732421875,178.3300018310547,180.3800048828125,5905700,180.3800048828125
2024-12-27,180.00999450683594,181.42999267578125,179.39999389648438,180.72000122070312,6806900,180.72000122070312
2024-12-30,173.72000122070312,178.1699981689453,170.14999389648438,176.5500030517578,18082300,176.5500030517578
2024-12-31,177.5399932861328,179.35000610351562,175.82000732421875,177,9748600,177
2025-01-02,178.30999755859375,179.19000244140625,169.82000732421875,171.8699951171875,12450000,171.8699951171875
2025-01-03,171.39999389648438,173.97999572753906,169.8000030517578,169.89999389648438,10513800,169.89999389648438
2025-01-06,173.5,173.94000244140625,170.19000244140625,170.77999877929688,11133400,170.77999877929688
2025-01-07,171.1699981689453,175.02000427246094,170.8000030517578,172.50999450683594,7045000,172.50999450683594
2025-01-08,171.14999389648438,173.77999877929688,169.61000061035156,171.75999450683594,5108700,171.75999450683594
2025-01-10,171.49000549316406,173.5399932861328,167.41000366210938,172,7556800,172
2025-01-13,171.17999267578125,172.5,167.91000366210938,170.57000732421875,6049600,170.57000732421875
2025-01-14,171.3699951171875,171.8800048828125,164.6199951171875,167.02000427246094,7966900,167.02000427246094
2025-01-15,169.00999450683594,169.99000549316406,165.97000122070312,166.1999969482422,6451000,166.1999969482422
2025-01-16,166.7899932861328,170.63999938964844,166.57000732421875,168.92999267578125,5812300,168.92999267578125
2025-01-17,169.8000030517578,171.77000427246094,169.4499969482422,171.08999633789062,9557100,171.08999633789062
2025-01-21,172.3800048828125,177.08999633789062,171.92999267578125,175.55999755859375,8755300,175.55999755859375
2025-01-22,175.2899932861328,176.22999572753906,173.8800048828125,174.8000030517578,5134400,174.8000030517578
2025-01-23,174.00999450683594,178.6699981689453,173.75,178.5,7097300,178.5
2025-01-24,176,180.42999267578125,174.3699951171875,176.05999755859375,9304200,176.05999755859375
2025-01-27,175.5500030517578,178.17999267578125,174.39999389648438,175.16000366210938,7148600,175.16000366210938
2025-01-28,181.30999755859375,188.47999572753906,174.02000427246094,177.77999877929688,22768900,177.77999877929688
2025-01-29,179.1300048828125,182.5500030517578,170.64999389648438,173.66000366210938,12263500,173.66000366210938
2025-01-30,174.58999633789062,179.94000244140625,173.72000122070312,179.52999877929688,6996300,179.52999877929688
2025-01-31,180.50999450683594,181.77999877929688,175.74000549316406,176.52000427246094,6104000,176.52000427246094
2025-02-03,174.11000061035156,178.1999969482422,173.1300048828125,175.8699951171875,6501700,175.8699951171875
2025-02-04,176.89999389648438,177.4499969482422,174.25,176.22999572753906,4503600,176.22999572753906
2025-02-05,176,181.86000061035156,175.50999450683594,181.83999633789062,7430400,181.83999633789062
2025-02-06,182,185.85000610351562,182,184.8000030517578,6919400,184.8000030517578
2025-02-07,185.25999450683594,186.11000061035156,180.92999267578125,181.49000549316406,5392300,181.49000549316406
2025-02-10,183.1199951171875,183.5500030517578,179.89999389648438,180.5500030517578,3989100,180.5500030517578
2025-02-11,179.77999877929688,182.13999938964844,177.60000610351562,180.44000244140625,4366700,180.44000244140625
2025-02-12,178.33999633789062,186.27000427246094,178.25,186.25,7686800,186.25
2025-02-13,187,188.24000549316406,185.08999633789062,185.44000244140625,6846300,185.44000244140625
2025-02-14,186.75,186.82000732421875,183.5800018310547,184.4199981689453,5044700,184.4199981689453
2025-02-18,185.67999267578125,188.66000366210938,184.22000122070312,184.97000122070312,6929600,184.97000122070312
2025-02-19,185.30999755859375,187.22999572753906,181.8300018310547,186.14999389648438,7264800,186.14999389648438
2025-02-20,185.5800018310547,185.8000030517578,180.11000061035156,180.8800048828125,7863000,180.8800048828125
2025-02-21,181.27999877929688,182.1999969482422,174.7100067138672,177.14999389648438,8980300,177.14999389648438
2025-02-24,177.47999572753906,183.0399932861328,176.5500030517578,179.91000366210938,8392900,179.91000366210938
2025-02-25,180.4499969482422,181.8800048828125,176.33999633789062,178.27000427246094,5613900,178.27000427246094
2025-02-26,179.49000549316406,179.49000549316406,171.8300018310547,173.0399932861328,7111700,173.0399932861328
2025-02-27,174.52000427246094,177.14999389648438,173.58999633789062,173.8300018310547,4695200,173.8300018310547
2025-02-28,174.36000061035156,176.3000030517578,173.47999572753906,174.6300048828125,5803300,174.6300048828125
2025-03-03,177.02000427246094,178.39999389648438,169.4600067138672,170.05999755859375,6045600,170.05999755859375
2025-03-04,167.3699951171875,168.3800048828125,156.69000244140625,158.89999389648438,15870200,158.89999389648438
2025-03-05,159.9600067138672,164.3300018310547,158.80999755859375,163.16000366210938,7355800,163.16000366210938
2025-03-06,161.4199981689453,162.69000244140625,157.94000244140625,158.42999267578125,6892600,158.42999267578125
2025-03-07,157.19000244140625,158.36000061035156,149.0500030517578,154.17999267578125,12526700,154.17999267578125
2025-03-10,150.02999877929688,150.38999938964844,146.3000030517578,148.14999389648438,10204000,148.14999389648438
2025-03-11,148,155.00999450683594,145.4499969482422,154.05999755859375,10030500,154.05999755859375
2025-03-12,157,159.5399932861328,153.61000061035156,158.8000030517578,8706900,158.8000030517578
2025-03-13,159.22000122070312,161.74000549316406,157.25,159.32000732421875,5701600,159.32000732421875
2025-03-14,160.9199981689453,162.32000732421875,159.1999969482422,161.80999755859375,5215100,161.80999755859375
2025-03-17,160.5,162.77000427246094,159.6199951171875,161.85000610351562,5602700,161.85000610351562
2025-03-18,161.44000244140625,162.22999572753906,158.7899932861328,161.57000732421875,4195200,161.57000732421875
2025-03-19,165.32000732421875,174.1999969482422,165,172.6199951171875,14114800,172.6199951171875
2025-03-20,171.13999938964844,173.10000610351562,170.30999755859375,172.8300018310547,4934400,172.8300018310547
2025-03-21,172.05999755859375,183.4600067138672,170.77000427246094,178.11000061035156,26802400,178.11000061035156
2025-03-24,182.02999877929688,184.39999389648438,180.44000244140625,180.89999389648438,9986100,180.89999389648438
2025-03-25,182.16000366210938,183.85000610351562,180.36000061035156,182.58999633789062,7174400,182.58999633789062
2025-03-26,182.52999877929688,183.22999572753906,177.27999877929688,178.5500030517578,6615900,178.5500030517578
2025-03-27,178.52999877929688,182.22000122070312,178.02999877929688,179.11000061035156,4788600,179.11000061035156
2025-03-28,177.75,178.5,172.4499969482422,173.30999755859375,8211100,173.30999755859375
2025-03-31,170.64999389648438,172.2100067138672,166.7899932861328,170.5500030517578,7477500,170.5500030517578
2025-04-01,170,170.97999572753906,164.22000122070312,168.1699981689453,8252800,168.1699981689453
2025-04-02,166.39999389648438,170.3800048828125,165.5500030517578,168.55999755859375,5826600,168.55999755859375
2025-04-03,160,160.2100067138672,150.41000366210938,150.91000366210938,15877400,150.91000366210938
2025-04-04,143.3000030517578,146,132.7899932861328,136.58999633789062,22282000,136.58999633789062
2025-04-07,132.0500030517578,143.97000122070312,128.8800048828125,138.86000061035156,18825000,138.86000061035156
2025-04-08,146.85000610351562,147.77000427246094,137.39999389648438,139.38999938964844,14527900,139.38999938964844
2025-04-09,138.85000610351562,162.42999267578125,137.94000244140625,160.82000732421875,16775200,160.82000732421875
2025-04-10,154.97999572753906,157.35000610351562,149.41000366210938,155.52000427246094,10375000,155.52000427246094
2025-04-11,154.6199951171875,157.58999633789062,152,156.83999633789062,8810700,156.83999633789062
2025-04-14,159.82000732421875,162.5500030517578,157.60000610351562,159.27999877929688,7288700,159.27999877929688
2025-04-15,155.27999877929688,159.1199951171875,155.27999877929688,155.52000427246094,11541100,155.52000427246094
2025-04-16,154.3699951171875,157.66000366210938,153.5399932861328,156.47000122070312,6809600,156.47000122070312
2025-04-17,157.1300048828125,163.89999389648438,157,161.89999389648438,9227300,161.89999389648438
2025-04-21,160,160,156.47000122070312,159.33999633789062,5703800,159.33999633789062
2025-04-22,162.5,163.08999633789062,158.5,162.52000427246094,9147300,162.52000427246094
2025-04-23,174,176.5800018310547,169.91000366210938,172.3699951171875,16264700,172.3699951171875
2025-04-24,171.1999969482422,177.39999389648438,169,176.25999450683594,10984200,176.25999450683594
2025-04-25,176.5,180.3300018310547,175.86000061035156,177.9499969482422,7644200,177.9499969482422
2025-04-28,182.75,184.52999877929688,180.75,182.3000030517578,9302600,182.3000030517578
2025-04-29,182.52000427246094,184.25,181.1999969482422,182,6795000,182
2025-04-30,178.47000122070312,183.7899932861328,177.6300048828125,183.24000549316406,6266800,183.24000549316406
2025-05-01,182.85000610351562,184.75,182.02999877929688,182.88999938964844,7322900,182.88999938964844
2025-05-02,185,187.5800018310547,184.0800018310547,185.4600067138672,8695900,185.4600067138672
2025-05-05,184.38999938964844,187.5800018310547,184.38999938964844,186.4600067138672,5413700,186.4600067138672
2025-05-06,184.7100067138672,186.1999969482422,183.6300048828125,185.9600067138672,4948000,185.9600067138672
2025-05-07,185,186.72000122070312,183.5,185.55999755859375,6094800,185.55999755859375
2025-05-08,186.75999450683594,194.75,186.22000122070312,191.6999969482422,15344100,191.6999969482422
2025-05-09,193.5500030517578,195.3000030517578,192.17999267578125,194.85000610351562,7669900,194.85000610351562
2025-05-12,198.16000366210938,198.77999877929688,193.05999755859375,198.52999877929688,9340700,198.52999877929688
2025-05-13,200.3000030517578,205.72999572753906,199.6699981689453,203.4199981689453,13509500,203.4199981689453
2025-05-14,205.8000030517578,209.66000366210938,204.0500030517578,204.72000122070312,16872300,204.72000122070312
2025-05-15,207.35000610351562,208.60000610351562,205.4199981689453,206.24000549316406,9583900,206.24000549316406
2025-05-16,205.69000244140625,206.24000549316406,203.02000427246094,205.82000732421875,8496800,205.82000732421875
2025-05-19,203,205.60000610351562,202.3000030517578,205.25,5740200,205.25
2025-05-20,205,208.6199951171875,205,207.6699981689453,5876000,207.6699981689453
2025-05-21,206.60000610351562,207.1199951171875,202.42999267578125,203.2100067138672,6616300,203.2100067138672
2025-05-22,202.52999877929688,204.72999572753906,201.85000610351562,203.41000366210938,3634500,203.41000366210938
2025-05-23,199.9499969482422,203.1999969482422,198.75,202.36000061035156,5255200,202.36000061035156
2025-05-27,204.27999877929688,205,200.8800048828125,201.02999877929688,5857900,201.02999877929688
2025-05-28,201.9499969482422,202.4499969482422,200.22000122070312,201.5,5481500,201.5
2025-05-29,201.77999877929688,212.27999877929688,201.5,208.17999267578125,16334000,208.17999267578125
2025-05-30,206.77000427246094,207.6999969482422,204.35000610351562,207.32000732421875,7485100,207.32000732421875
2025-06-02,210.97999572753906,212.33999633789062,207.89999389648438,211.47000122070312,7561800,211.47000122070312
2025-06-03,212,215.8000030517578,211.77000427246094,213.42999267578125,8106100,213.42999267578125
2025-06-04,214.77000427246094,214.99000549316406,211.02999877929688,211.97999572753906,5705300,211.97999572753906
2025-06-05,212.5,212.99000549316406,208.22000122070312,209.02000427246094,4733800,209.02000427246094
2025-06-06,210.24000549316406,211.11000061035156,208.0399932861328,210.8000030517578,6079700,210.8000030517578
2025-06-09,211.22999572753906,218.8000030517578,211.08999633789062,217.50999450683594,9419200,217.50999450683594
2025-06-10,217.5800018310547,217.89999389648438,213.25,215.72999572753906,8190100,215.72999572753906
2025-06-11,215.5,216.2100067138672,212.2100067138672,214,5398800,214
2025-06-12,202.1699981689453,206.33999633789062,201.27999877929688,203.75,30586600,203.75
2025-06-13,200.67999267578125,202.22999572753906,195.27999877929688,200.32000732421875,16093500,200.32000732421875
2025-06-16,200.57000732421875,204,199.0800018310547,201.6999969482422,6902700,201.6999969482422
2025-06-17,201.30999755859375,205.30999755859375,198.8699951171875,200.25999450683594,10844600,200.25999450683594
2025-06-18,199,201.05999755859375,196.8000030517578,197.67999267578125,7928300,197.67999267578125
2025-06-20,198.66000366210938,200.67999267578125,197.4499969482422,198.75,8934700,198.75
2025-06-23,197.8300018310547,202.1999969482422,197.47000122070312,201.30999755859375,5875200,201.30999755859375
2025-06-24,203,203.50999450683594,200.17999267578125,200.94000244140625,5900900,200.94000244140625
2025-06-25,201,201.1300048828125,198.3000030517578,198.89999389648438,4690900,198.89999389648438
2025-06-26,200.41000366210938,204.38999938964844,199.75999450683594,202.5800018310547,6931700,202.5800018310547
2025-06-27,205.11000061035156,214.80999755859375,204.3800048828125,214.5500030517578,14805400,214.5500030517578
2025-06-30,213.8800048828125,214.7100067138672,208.02000427246094,209.52999877929688,9087100,209.52999877929688
2025-07-01,209.5,211.86000061035156,206.77000427246094,209.7899932861328,5978900,209.7899932861328
2025-07-02,210.39999389648438,214.39999389648438,208.25,212.02999877929688,5870900,212.02999877929688
2025-07-03,211.7899932861328,217.67999267578125,211.6699981689453,215.9199981689453,4476100,215.9199981689453
2025-07-07,215.60000610351562,218.6300048828125,214.5,218.6300048828125,5807400,218.6300048828125
2025-07-08,219,220,214.72000122070312,218.52000427246094,6769600,218.52000427246094
2025-07-09,220.1199951171875,230.1999969482422,220.00999450683594,226.60000610351562,16462300,226.60000610351562
2025-07-10,226.64999389648438,228.5,223.92999267578125,226.08999633789062,6116600,226.08999633789062
2025-07-11,225.42999267578125,228.74000549316406,225.42999267578125,226.83999633789062,6632000,226.83999633789062
2025-07-14,231.39999389648438,233.0399932861328,227.27000427246094,230.50999450683594,8750200,230.50999450683594
2025-07-15,230.1199951171875,233.61000061035156,228.4199981689453,230,9156800,230
2025-07-16,232.1300048828125,233.57000732421875,227.3000030517578,229.89999389648438,7474300,229.89999389648438
2025-07-17,230.11000061035156,232.58999633789062,227.75,231,7892600,231
2025-07-18,231.42999267578125,232.25,227.52000427246094,229.33999633789062,5974500,229.33999633789062
2025-07-21,229.39999389648438,232.5,228.02000427246094,229.32000732421875,4183300,229.32000732421875
2025-07-22,228.3000030517578,230.30999755859375,225.5500030517578,228.47999572753906,4737700,228.47999572753906
2025-07-23,230.32000732421875,235.27000427246094,229.30999755859375,233.8800048828125,7302900,233.8800048828125
2025-07-24,233.91000366210938,235.22999572753906,231.0500030517578,231.27000427246094,6160200,231.27000427246094
2025-07-25,232.02000427246094,233.30999755859375,228.83999633789062,233.05999755859375,4628500,233.05999755859375
2025-07-28,233.24000549316406,236.6300048828125,232.91000366210938,236.41000366210938,7923800,236.41000366210938
2025-07-29,239.5,242.69000244140625,225.25999450683594,226.0800018310547,20163600,226.0800018310547
2025-07-30,227.83999633789062,231.72000122070312,224.35000610351562,225.83999633789062,9354600,225.83999633789062
2025-07-31,224.02000427246094,225,221.14999389648438,221.83999633789062,7825000,221.83999633789062
2025-08-01,219.4499969482422,222.4600067138672,215.89999389648438,221.89999389648438,8572200,221.89999389648438
2025-08-04,220.14999389648438,222.85000610351562,218.02999877929688,222.33999633789062,5997300,222.33999633789062
2025-08-05,222.3699951171875,226.02999877929688,221.07000732421875,224.86000061035156,5687400,224.86000061035156
2025-08-06,225.6999969482422,226.57000732421875,224.0399932861328,225.0399932861328,3898800,225.0399932861328
2025-08-07,226.14999389648438,230.38999938964844,224.5800018310547,227.3300018310547,4563100,227.3300018310547
2025-08-08,227.5,230.89999389648438,227.3800048828125,229.1199951171875,4724200,229.1199951171875
2025-08-11,229,229.32000732421875,225.1699981689453,225.9600067138672,4872700,225.9600067138672
2025-08-12,226.9499969482422,232.61000061035156,226.4600067138672,232.61000061035156,7396400,232.61000061035156
2025-08-13,233.25,235.60000610351562,229.3300018310547,233.3699951171875,6670400,233.3699951171875
2025-08-14,231.64999389648438,233.97000122070312,230.86000061035156,233.19000244140625,5320800,233.19000244140625
2025-08-15,233.36000061035156,236.4499969482422,231.42999267578125,235.25999450683594,6291400,235.25999450683594
2025-08-18,234.47000122070312,235.16000366210938,229.11000061035156,232.41000366210938,8456000,232.41000366210938
2025-08-19,232,232.42999267578125,223.75,225,9061100,225
2025-08-20,224.49000549316406,226.3699951171875,223.60000610351562,225.6199951171875,5016000,225.6199951171875
2025-08-21,227.1300048828125,227.5800018310547,223.7100067138672,224.4600067138672,6101100,224.4600067138672
2025-08-22,225.41000366210938,233.6999969482422,225.24000549316406,230.1199951171875,8678400,230.1199951171875
2025-08-25,229.60000610351562,230.25,226.60000610351562,226.8699951171875,4757600,226.8699951171875
2025-08-26,228,234.8300018310547,227.97999572753906,234.8300018310547,7380200,234.8300018310547
2025-08-27,235.36000061035156,236.33999633789062,232.39999389648438,235.6199951171875,4757400,235.6199951171875
2025-08-28,235.85000610351562,237.35000610351562,234.5,236.16000366210938,4039600,236.16000366210938
2025-08-29,236.1300048828125,238.0500030517578,233.1699981689453,234.67999267578125,5008600,234.67999267578125
2025-09-02,231.27999877929688,238.3300018310547,230.8000030517578,237.3800048828125,6339100,237.3800048828125
2025-09-03,237.05999755859375,237.05999755859375,230.75999450683594,232.3800048828125,5999000,232.3800048828125
2025-09-04,233.00999450683594,233.10000610351562,229.2100067138672,230.75,4093200,230.75
2025-09-05,231.8000030517578,232.22999572753906,225.5,229.61000061035156,8203600,229.61000061035156
2025-09-08,231.6999969482422,232.1999969482422,228.08999633789062,230.9499969482422,5955000,230.9499969482422
2025-09-09,231.00999450683594,232.27999877929688,228.4499969482422,229.52000427246094,5510400,229.52000427246094
2025-09-10,229.60000610351562,230.10000610351562,226.58999633789062,227.52000427246094,4949500,227.52000427246094
2025-09-11,228,229.69000244140625,219.64999389648438,219.99000549316406,12010800,219.99000549316406
2025-09-12,219.88999938964844,220,215.6999969482422,215.94000244140625,11094900,215.94000244140625
2025-09-15,216.25,217.25999450683594,214.07000732421875,215.75,6896200,215.75
2025-09-16,216.86000061035156,217.1300048828125,213.75,215.02000427246094,6330600,215.02000427246094
2025-09-17,215.58999633789062,218.0500030517578,213.1300048828125,214.6300048828125,6019500,214.6300048828125
2025-09-18,215.22999572753906,217.39999389648438,213.6999969482422,215.66000366210938,6414000,215.66000366210938
2025-09-19,217.72999572753906,217.72999572753906,213.6199951171875,215.64999389648438,10513700,215.64999389648438
2025-09-22,215.1699981689453,215.89999389648438,211.42999267578125,212.08999633789062,7467700,212.08999633789062
2025-09-23,217.1199951171875,219.82000732421875,214.00999450683594,216.33999633789062,12760900,216.33999633789062
2025-09-24,217.55999755859375,218.17999267578125,214.77000427246094,215.10000610351562,7354800,215.10000610351562
2025-09-25,214.8699951171875,216.86000061035156,211.97999572753906,213.52999877929688,6649300,213.52999877929688
2025-09-26,223.36000061035156,224.10000610351562,219.11000061035156,221.25999450683594,17281700,221.25999450683594
2025-09-29,222.3699951171875,222.80999755859375,215.1199951171875,217.0800018310547,11290600,217.0800018310547
2025-09-30,217.10000610351562,217.67999267578125,212.8300018310547,215.8300018310547,9289300,215.8300018310547
2025-10-01,214.00999450683594,215.6300048828125,213.6999969482422,215.1999969482422,7178000,215.1999969482422
2025-10-02,215.4499969482422,218.86000061035156,215.30999755859375,217.42999267578125,8281100,217.42999267578125
2025-10-03,216.75,218.8300018310547,215.25,216.3000030517578,6634100,216.3000030517578
2025-10-06,217.8699951171875,221.8000030517578,215.89999389648438,219.72999572753906,7665300,219.72999572753906
2025-10-07,220.11000061035156,223.9499969482422,219.1999969482422,221.82000732421875,7610600,221.82000732421875
2025-10-08,222.72999572753906,226.19000244140625,221.47000122070312,225.32000732421875,6189700,225.32000732421875
2025-10-09,225.6999969482422,225.6999969482422,215.89999389648438,216,12974800,216
2025-10-10,217,217.89999389648438,210.72999572753906,210.72999572753906,10647900,210.72999572753906
2025-10-13,212.08999633789062,215.8000030517578,212.05999755859375,215.55999755859375,5657300,215.55999755859375
2025-10-14,213.5399932861328,217.9499969482422,212.24000549316406,214.3000030517578,5975700,214.3000030517578
2025-10-15,215.0399932861328,215.92999267578125,212.47999572753906,214,5055600,214
2025-10-16,214.66000366210938,214.9600067138672,210.66000366210938,211.88999938964844,5555200,211.88999938964844
2025-10-17,210.91000366210938,214.67999267578125,210.75,212.94000244140625,6482700,212.94000244140625
2025-10-20,215.1300048828125,217.3800048828125,214.55999755859375,216.82000732421875,5865100,216.82000732421875
2025-10-21,217.2100067138672,217.6999969482422,215.5500030517578,217.25999450683594,4209500,217.25999450683594
2025-10-22,216.67999267578125,217.39999389648438,213.8000030517578,216.58999633789062,6310300,216.58999633789062
2025-10-23,216.39999389648438,219.3000030517578,216.25,217.77000427246094,5356200,217.77000427246094
2025-10-24,219.0399932861328,221.74000549316406,218.50999450683594,221.35000610351562,5238100,221.35000610351562
2025-10-27,222.77999877929688,223.5800018310547,221.82000732421875,223,6084300,223
2025-10-28,224.36000061035156,225.55999755859375,222.60000610351562,223.3300018310547,7027200,223.3300018310547
2025-10-29,221.36000061035156,221.89999389648438,212.5,213.5800018310547,20940100,213.5800018310547
2025-10-30,210.00999450683594,210.27999877929688,200.02000427246094,200.0800018310547,19417000,200.0800018310547
2025-10-31,201.25,202.60000610351562,198.3000030517578,201.02000427246094,10696600,201.02000427246094
2025-11-03,202.0399932861328,205.66000366210938,201.5800018310547,204.5500030517578,8103900,204.5500030517578
2025-11-04,201.8000030517578,202.22000122070312,197.57000732421875,198.0500030517578,8619600,198.0500030517578
2025-11-05,197.75,198.50999450683594,195.30999755859375,197.6199951171875,9885700,197.6199951171875
2025-11-06,198.10000610351562,201.27000427246094,195.4499969482422,196.5,7740500,196.5
2025-11-07,195.5,195.85000610351562,191.49000549316406,194.61000061035156,7869500,194.61000061035156
2025-11-10,195.88999938964844,196.44000244140625,193.19000244140625,194.80999755859375,7447400,194.80999755859375
2025-11-11,194.74000549316406,196.39999389648438,194.35000610351562,195.2100067138672,5783400,195.2100067138672
2025-11-12,195.75,196.66000366210938,193.8000030517578,195.5,8288300,195.5
2025-11-13,195.6300048828125,196.1999969482422,193.11000061035156,194.5800018310547,6739300,194.5800018310547
2025-11-14,192.8800048828125,197.02999877929688,192.14999389648438,194.52000427246094,6189800,194.52000427246094
2025-11-17,194.83999633789062,194.83999633789062,190.22999572753906,191.80999755859375,5877800,191.80999755859375
2025-11-18,190,191.16000366210938,187.85000610351562,189.6300048828125,8195800,189.6300048828125
2025-11-19,189.2100067138672,189.2100067138672,183.00999450683594,185.6999969482422,12550400,185.6999969482422
2025-11-20,187.74000549316406,188.10000610351562,178.4199981689453,179.3800048828125,13706400,179.3800048828125
2025-11-21,180.55999755859375,181.42999267578125,176.77000427246094,179.6999969482422,10134000,179.6999969482422
2025-11-24,180.30999755859375,180.30999755859375,177.3000030517578,179.1199951171875,9386000,179.1199951171875
2025-11-25,179.49000549316406,183.47999572753906,177.52000427246094,182.44000244140625,9676200,182.44000244140625
2025-11-26,184,188.17999267578125,183.02999877929688,186.9199981689453,7644500,186.9199981689453
2025-11-28,187.8699951171875,189.75,186.91000366210938,189,3757000,189
2025-12-01,188.9600067138672,189.9499969482422,186.41000366210938,186.4600067138672,6763700,186.4600067138672
2025-12-02,198.3000030517578,205.77999877929688,195.50999450683594,205.3800048828125,22624000,205.3800048828125
2025-12-03,204.60000610351562,205.85000610351562,197.39999389648438,202.5399932861328,14139900,202.5399932861328
2025-12-04,202.85000610351562,202.88999938964844,198.52999877929688,201.8699951171875,9513300,201.8699951171875
2025-12-05,201.39999389648438,202.9499969482422,200.55999755859375,201.88999938964844,6857200,201.88999938964844
2025-12-08,203.61000061035156,206.86000061035156,202.55999755859375,206.27000427246094,8823900,206.27000427246094
2025-12-09,205.35000610351562,207.10000610351562,200.02000427246094,200.3699951171875,9101900,200.3699951171875
2025-12-10,200.3699951171875,201.35000610351562,198.35000610351562,198.72000122070312,15159600,198.72000122070312
2025-12-11,198.72999572753906,201.86000061035156,198.0500030517578,200.7100067138672,7917800,200.7100067138672
2025-12-12,202.1999969482422,206.1199951171875,201.5800018310547,204.3800048828125,7069700,204.3800048828125
2025-12-15,204.3800048828125,206.6300048828125,203.1699981689453,205.5,6721600,205.5
2025-12-16,205,208.64999389648438,204.38999938964844,206.7100067138672,6120200,206.7100067138672
2025-12-17,206.77999877929688,210.66000366210938,205.82000732421875,206.3300018310547,7301100,206.3300018310547
2025-12-18,207.99000549316406,210.5500030517578,207.66000366210938,208.27000427246094,5652100,208.27000427246094
2025-12-19,209.75999450683594,215.97999572753906,209.27000427246094,214.0800018310547,14793700,214.0800018310547
2025-12-22,215.33999633789062,217.14999389648438,214.22000122070312,216.83999633789062,5458900,216.83999633789062
2025-12-23,216.89999389648438,217.55999755859375,215.32000732421875,216.85000610351562,4496300,216.85000610351562
2025-12-24,217,219.27000427246094,216.19000244140625,218.16000366210938,2943500,218.16000366210938
2025-12-26,218.0500030517578,218.6699981689453,216.13999938964844,216.44000244140625,2801500,216.44000244140625
2025-12-29,215.89999389648438,218.13999938964844,215.11000061035156,217.25,5292000,217.25
2025-12-30,219.13999938964844,221.8800048828125,218.39999389648438,218.5,5653500,218.5
2025-12-31,218.92999267578125,219.32000732421875,216.13999938964844,217.1199951171875,5563000,217.1199951171875
2026-01-02,218.14999389648438,227.77000427246094,215.24000549316406,227.77000427246094,11261000,227.77000427246094
2026-01-05,228.7899932861328,230.9600067138672,227.5,228.1300048828125,8278800,228.1300048828125
2026-01-06,229.22999572753906,231.63999938964844,228.60000610351562,229.83999633789062,6714300,229.83999633789062
2026-01-07,232.14999389648438,233.57000732421875,227.30999755859375,228.1199951171875,9693100,228.1199951171875
2026-01-08,231.7899932861328,233.11000061035156,225.10000610351562,227.3800048828125,7126800,227.3800048828125
2026-01-09,228.33999633789062,235.13999938964844,228.3000030517578,234.52999877929688,8621600,234.52999877929688
2026-01-12,234.2899932861328,239.9499969482422,234,239.80999755859375,7894000,239.80999755859375
2026-01-13,241.1199951171875,247.39999389648438,240.10000610351562,244.5500030517578,11460500,244.5500030517578
2026-01-14,244.44000244140625,244.88999938964844,239.60000610351562,242.61000061035156,7748600,242.61000061035156
2026-01-15,244.3800048828125,248.75,243.97000122070312,247.74000549316406,6517200,247.74000549316406
2026-01-16,247.75,248.19000244140625,244.9600067138672,247.67999267578125,5944200,247.67999267578125
2026-01-20,244.39999389648438,249.52000427246094,243.6999969482422,249,11293200,249
2026-01-21,248.88999938964844,251.30999755859375,244.67999267578125,250.07000732421875,8160700,250.07000732421875
2026-01-22,252,254.13999938964844,249.77999877929688,251.41000366210938,9742600,251.41000366210938
2026-01-23,252.74000549316406,253.77000427246094,249.02000427246094,252.14999389648438,7078700,252.14999389648438
2026-01-26,251.49000549316406,251.58999633789062,247.41000366210938,248.42999267578125,8469200,248.42999267578125
2026-01-27,242.5,254.35000610351562,238.75,244.55999755859375,20509200,244.55999755859375
2026-01-28,244.08999633789062,245.86000061035156,237.10000610351562,241.58999633789062,9999200,241.58999633789062
2026-01-29,242.0800018310547,243.77000427246094,233.35000610351562,234.0399932861328,9142500,234.0399932861328
2026-01-30,233.5,234.64999389648438,229.94000244140625,233.72000122070312,6916100,233.72000122070312
2026-02-02,232.63999938964844,236.2899932861328,230.3300018310547,233.02000427246094,6105300,233.02000427246094
2026-02-03,236.4199981689453,238.85000610351562,228.9600067138672,233.14999389648438,7655200,233.14999389648438
2026-02-04,233.24000549316406,236.57000732421875,229.91000366210938,235.9499969482422,7053400,235.9499969482422
2026-02-05,234.11000061035156,240.3300018310547,232.60000610351562,236.9499969482422,7377300,236.9499969482422
2026-02-06,239.39999389648438,246.3000030517578,239.39999389648438,243.02999877929688,6701200,243.02999877929688
2026-02-09,242,245.83999633789062,240.5,244.7100067138672,4707200,244.7100067138672
2026-02-10,245,247.86000061035156,240.86000061035156,242.58999633789062,5184400,242.58999633789062
2026-02-11,244.47999572753906,244.6999969482422,235.5,236.25999450683594,5791000,236.25999450683594
2026-02-12,239.25999450683594,245.6699981689453,235.97000122070312,239.35000610351562,6980800,239.35000610351562
2026-02-13,241.24000549316406,246.50999450683594,240.72000122070312,242.9600067138672,6835400,242.9600067138672
2026-02-17,243.61000061035156,245.4199981689453,238.92999267578125,244.0399932861328,4864700,244.0399932861328
2026-02-18,244.5500030517578,245.0800018310547,238.60000610351562,238.92999267578125,4923000,238.92999267578125
2026-02-19,238.91000366210938,240,233.4199981689453,233.7100067138672,5827500,233.7100067138672
2026-02-20,232.6300048828125,236.0800018310547,231.13999938964844,232.02999877929688,5460900,232.02999877929688
2026-02-23,231.5,233.5,227.4600067138672,230.44000244140625,5380000,230.44000244140625
2026-02-24,229.27000427246094,236.1300048828125,228.38999938964844,233.38999938964844,4408900,233.38999938964844
2026-02-25,234.10000610351562,234.16000366210938,229.19000244140625,230.36000061035156,4442600,230.36000061035156
2026-02-26,230.3800048828125,230.66000366210938,225.6699981689453,229.41000366210938,4613300,229.41000366210938
2026-02-27,227.47000122070312,228.8000030517578,224.91000366210938,227.52999877929688,6278100,227.52999877929688
2026-03-02,226,230.22999572753906,223.6199951171875,229.74000549316406,4709000,229.74000549316406
2026-03-03,225.75,226.5,221.11000061035156,224.1199951171875,6211600,224.1199951171875
2026-03-04,226.3800048828125,227.52999877929688,221.7899932861328,227.30999755859375,5068700,227.30999755859375
2026-03-05,226.1199951171875,227.67999267578125,218.1300048828125,222.05999755859375,7199300,222.05999755859375
2026-03-06,219.47999572753906,231.9600067138672,218.63999938964844,231.11000061035156,10684700,231.11000061035156
2026-03-09,226.75,227.58999633789062,220.4499969482422,225,8400100,225
2026-03-10,224.10000610351562,226.11000061035156,217.02999877929688,217.75999450683594,9285300,217.75999450683594
2026-03-11,217.94000244140625,217.94000244140625,213.52999877929688,214.10000610351562,7937400,214.10000610351562
2026-03-12,212.2100067138672,212.61000061035156,204.3000030517578,204.75999450683594,10758600,204.75999450683594
2026-03-13,205,210.83999633789062,204.9199981689453,209.88999938964844,8926600,209.88999938964844
2026-03-16,210.75,216.14999389648438,210.75,213.47000122070312,7347100,213.47000122070312
2026-03-17,214.67999267578125,217.14999389648438,206.6699981689453,210.82000732421875,7308100,210.82000732421875
2026-03-18,209,210.5,205.75,205.99000549316406,5881900,205.99000549316406
2026-03-19,203.0500030517578,203.0500030517578,197.4600067138672,201.17999267578125,9967600,201.17999267578125
2026-03-20,201.0500030517578,201.99000549316406,192.5399932861328,195.1199951171875,12925400,195.1199951171875
2026-03-23,198.91000366210938,201.69000244140625,197.19000244140625,198.41000366210938,6247900,198.41000366210938
2026-03-24,196.11000061035156,197.6199951171875,194.36000061035156,196.4199981689453,5691800,196.4199981689453
2026-03-25,198.19000244140625,200.75,198,199.61000061035156,5055900,199.61000061035156
2026-03-26,197.3000030517578,198.24000549316406,194.27000427246094,194.36000061035156,5772600,194.36000061035156
2026-03-27,192.92999267578125,193.63999938964844,189.27999877929688,190.52000427246094,6000100,190.52000427246094
2026-03-30,191.47999572753906,192.5,187.72000122070312,189.2100067138672,6606100,189.2100067138672
2026-03-31,191.1300048828125,199.3300018310547,190.35000610351562,199.02999877929688,9668300,199.02999877929688
2026-04-01,203.5,210.27999877929688,203.5,207.32000732421875,9664500,207.32000732421875
2026-04-02,203,208.77999877929688,202.3000030517578,208.22000122070312,6698600,208.22000122070312
2026-04-06,207.3699951171875,212.39999389648438,207.3699951171875,212.3000030517578,4172300,212.3000030517578
2026-04-07,211.00999450683594,211.99000549316406,206.9199981689453,210,4084800,210
2026-04-08,218.94000244140625,220.85000610351562,216,217.8000030517578,6267200,217.8000030517578
2026-04-09,216,221.2899932861328,216,220.05999755859375,4768700,220.05999755859375
2026-04-10,220.1699981689453,220.3699951171875,216.66000366210938,217.6300048828125,4829000,217.6300048828125
2026-04-13,216.25,222.2100067138672,215.4600067138672,222.13999938964844,4136900,222.13999938964844
2026-04-14,221.69000244140625,225.10000610351562,221.32000732421875,223.77000427246094,4820900,223.77000427246094
2026-04-15,224.17999267578125,224.72000122070312,221.64999389648438,223.92999267578125,4397700,223.92999267578125
2026-04-16,225,225.10000610351562,215.39999389648438,218.8800048828125,7089600,218.8800048828125
2026-04-17,223.07000732421875,230.24000549316406,222.5,223.3800048828125,8874900,223.3800048828125
2026-04-20,222.22999572753906,225.3699951171875,220.35000610351562,225.0800018310547,5014500,225.0800018310547
2026-04-21,223.2899932861328,225.66000366210938,218.89999389648438,219.16000366210938,7566300,219.16000366210938
2026-04-22,227.0500030517578,232.60000610351562,221.22000122070312,231.27999877929688,15779500,231.27999877929688
2026-04-23,231.50999450683594,235.91000366210938,228.77000427246094,234.14999389648438,8087600,234.14999389648438
2026-04-24,234.99000549316406,236.4499969482422,232.07000732421875,232.44000244140625,5732700,232.44000244140625
2026-04-27,233,235.4499969482422,229.38999938964844,231.3300018310547,4402600,231.3300018310547
2026-04-28,231.0500030517578,231.3300018310547,227.07000732421875,230.72000122070312,3807800,230.72000122070312
2026-04-29,230.22000122070312,230.25999450683594,221.14999389648438,224.11000061035156,6377700,224.11000061035156
2026-04-30,225.89999389648438,229.5500030517578,224.61000061035156,229.02999877929688,4841300,229.02999877929688
2026-05-01,230.39999389648438,231.50999450683594,227.25999450683594,227.3800048828125,3494200,227.3800048828125
2026-05-04,226.49000549316406,227.8699951171875,221.0399932861328,221.3000030517578,4860900,221.3000030517578
2026-05-05,223.10000610351562,225.55999755859375,221.74000549316406,224.3800048828125,3852100,224.3800048828125
2026-05-06,230.92999267578125,232.0800018310547,228.10000610351562,229.92999267578125,7166900,229.92999267578125
2026-05-07,231.4499969482422,236.6300048828125,229.60000610351562,231.02999877929688,8489800,231.02999877929688
2026-05-08,233.8000030517578,238.5399932861328,231.75,237.36000061035156,7525300,237.36000061035156
2026-05-11,239.44000244140625,241.2100067138672,236.52000427246094,238.2100067138672,6267000,238.2100067138672
2026-05-12,239,239.02000427246094,231.11000061035156,236.8699951171875,7041000,236.8699951171875
2026-05-13,237.22999572753906,242.27000427246094,234.39999389648438,240.60000610351562,7438700,240.60000610351562
2026-05-14,243.52000427246094,244.07000732421875,227.5,229.2100067138672,17761100,229.2100067138672
2026-05-15,226.85000610351562,226.85000610351562,220.4499969482422,220.49000549316406,9479900,220.49000549316406
2026-05-18,220.47999572753906,221.1699981689453,216.7899932861328,220.61000061035156,6568200,220.61000061035156
2026-05-19,218.83999633789062,220.0500030517578,214,215.00999450683594,5355300,215.00999450683594
2026-05-20,216.8000030517578,223.02000427246094,216.5,222.1999969482422,7708500,222.1999969482422
2026-05-21,219.38999938964844,221.1699981689453,215.72000122070312,219.61000061035156,6412800,219.61000061035156
2026-05-22,220.85000610351562,221.11000061035156,217.1699981689453,219.02000427246094,4647100,219.02000427246094
2026-05-26,221.3000030517578,222.41000366210938,217.91000366210938,218.89999389648438,5908000,218.89999389648438
2026-05-27,221.5,226.89999389648438,220.6999969482422,224.3000030517578,11049100,224.3000030517578
2026-05-28,224,229.91000366210938,222.85000610351562,228.77999877929688,6526400,228.77999877929688
2026-05-29,228.44000244140625,232.3000030517578,226.25,231.14999389648438,6938100,231.14999389648438
2026-06-01,228.36000061035156,228.8000030517578,222.2100067138672,224.3000030517578,6400900,224.3000030517578
2026-06-02,222.52000427246094,224.69000244140625,215.00999450683594,217.6999969482422,7655600,217.6999969482422
2026-06-03,216.10000610351562,216.35000610351562,209.6300048828125,210.5800018310547,9105900,210.5800018310547
2026-06-04,213,221.60000610351562,212.8000030517578,217.4199981689453,8055000,217.4199981689453
2026-06-05,216.5800018310547,218.3699951171875,213.6300048828125,215.4499969482422,4804000,215.4499969482422
2026-06-08,216.3000030517578,217.7899932861328,215,215.9199981689453,3711700,215.9199981689453
2026-06-09,216.5,220.00999450683594,212.22999572753906,214.50999450683594,5198800,214.50999450683594
2026-06-10,213.07000732421875,213.6999969482422,207.9499969482422,209,7038100,209
2026-06-11,209.83999633789062,221.77000427246094,209.8000030517578,221.6300048828125,6651500,221.6300048828125
2026-06-12,222.3699951171875,223.50999450683594,216.6999969482422,219.0500030517578,5665800,219.0500030517578
2026-06-15,225.3000030517578,231.33999633789062,225.22000122070312,228.9499969482422,8596000,228.9499969482422
2026-06-16,229.47000122070312,230.3000030517578,225.3000030517578,227.49000549316406,3705900,227.49000549316406
2026-06-17,227.02000427246094,230.5399932861328,225.3000030517578,225.6300048828125,5006800,225.6300048828125
2026-06-18,227.75,228.99000549316406,220.1199951171875,222.72000122070312,8822500,222.72000122070312
2026-06-22,223,223.5500030517578,220.11000061035156,220.8300018310547,4300300,220.8300018310547
2026-06-23,218.88999938964844,221.47999572753906,216.63999938964844,216.7100067138672,4572500,216.7100067138672
2026-06-24,218.19000244140625,222.25,217.67999267578125,220.25,4354300,220.25
2026-06-25,220.60000610351562,224.1300048828125,217.16000366210938,218.1199951171875,4687600,218.1199951171875
2026-06-26,217.5500030517578,222.5800018310547,215.36000061035156,217.25,11704500,217.25
2026-06-29,218.6300048828125,219.50999450683594,213.9499969482422,214.69000244140625,5848500,214.69000244140625
2026-06-30,216.5,219.22999572753906,214.72999572753906,216.47000122070312,7013700,216.47000122070312
2026-07-01,217.25999450683594,220.75,216.16000366210938,218.5800018310547,4205600,218.5800018310547
2026-07-02,221,227.52000427246094,220.67999267578125,226.49000549316406,6050800,226.49000549316406
2026-07-06,227.14999389648438,234.85000610351562,227,234.5399932861328,7029200,234.5399932861328
2026-07-07,235.89999389648438,237.47999572753906,230.4600067138672,231.67999267578125,4364700,231.67999267578125
2026-07-08,227,228.89999389648438,222.75,224.9499969482422,4732800,224.9499969482422
2026-07-09,225.3000030517578,225.5,222.69000244140625,223.11000061035156,3474500,223.11000061035156
2026-07-10,223.69000244140625,223.83999633789062,219.57000732421875,222.27999877929688,3828300,222.27999877929688
2026-07-13,222,222,215.11000061035156,215.50999450683594,4675700,215.50999450683594
2026-07-14,216.9600067138672,220.2899932861328,216.3800048828125,217.11000061035156,3849700,217.11000061035156
2026-07-15,217.7899932861328,221.92999267578125,217.25,218.1199951171875,3305100,218.1199951171875
2026-07-16,216.52000427246094,217.9600067138672,214.1999969482422,214.33999633789062,4763900,214.33999633789062
2026-07-17,211.5,216.9600067138672,211,214.02999877929688,4220500,214.02999877929688
2026-07-20,216.17999267578125,216.72999572753906,208.6999969482422,209.47999572753906,5896700,209.47999572753906
2026-07-21,209.47999572753906,211.6999969482422,203.89999389648438,204.8000030517578,10037900,204.8000030517578
2026-07-22,205,209.25,204.8800048828125,208.64999389648438,6061400,208.64999389648438
2026-07-23,206,211.3000030517578,205.05999755859375,209.22999572753906,4853800,209.22999572753906
2026-07-24,210.08999633789062,212.49000549316406,208.39999389648438,209.52000427246094,3742700,209.52000427246094
2026-07-27,212.5399932861328,215.22000122070312,211.14999389648438,211.5,6657300,211.5
2026-07-28,214,223.77000427246094,209.35000610351562,221.55999755859375,10465400,221.55999755859375
2026-07-29,218.5,219.7899932861328,210.5399932861328,214.00999450683594,9030600,214.00999450683594
2026-07-30,214.94000244140625,221.63999938964844,213,220.89999389648438,5661300,220.89999389648438
2026-07-31,221.16000366210938,221.5,211.3000030517578,216.13999938964844,7320700,216.13999938964844
2026-08-03,221,234.08999633789062,219.2100067138672,233.49000549316406,10994600,233.49000549316406
2026-08-04,236.75999450683594,238.1699981689453,232.8800048828125,237.16000366210938,7932100,237.16000366210938
2026-08-05,237.9499969482422,241.08999633789062,236.6199951171875,240.19000244140625,6574700,240.19000244140625
2026-08-06,240,240.3699951171875,231.3300018310547,232.19000244140625,7130500,232.19000244140625
2026-08-07,234.05999755859375,235.60000610351562,230.86000061035156,234.4199981689453,4107500,234.4199981689453
2026-08-10,234.25,236.49000549316406,231.67999267578125,232.7899932861328,3678100,232.7899932861328
2026-08-11,235.61000061035156,237.11000061035156,232.8300018310547,233.24000549316406,2771900,233.24000549316406
2026-08-12,234.3000030517578,234.58999633789062,229.25,231.1999969482422,3372800,231.1999969482422
2026-08-13,232.27000427246094,233.5800018310547,228.17999267578125,230.3300018310547,2971400,230.3300018310547
2026-08-14,231.6300048828125,233.42999267578125,229.8800048828125,231.6699981689453,2649100,231.6699981689453
2026-08-17,230.33999633789062,231.35000610351562,225.9499969482422,225.9499969482422,5020300,225.9499969482422
2026-08-18,225.10000610351562,226.11000061035156,222.5800018310547,223.05999755859375,4772500,223.05999755859375
2026-08-19,223.50999450683594,224.1999969482422,220.1999969482422,222.1999969482422,5797500,222.1999969482422
2026-08-20,220.39999389648438,221.11000061035156,214.1199951171875,215.10000610351562,7852100,215.10000610351562