date,open,high,low,close,volume,adj_close
1998-12-22,23.203125,23.28125,23.203125,23.28125,600,14.396673202514648
1998-12-23,23.453125,23.75,23.453125,23.6875,900,14.647894859313965
1998-12-24,23.90625,24.015625,23.828125,24,1400,14.841135025024414
1998-12-28,24,24.140625,24,24.125,7400,14.918439865112305
1998-12-29,24.25,24.46875,24.25,24.46875,1400,15.131009101867676
1998-12-30,24.453125,24.453125,24.296875,24.359375,2800,15.063365936279297
1998-12-31,24.359375,24.5625,24.3125,24.5625,33100,15.18897533416748
1999-01-04,24.59375,24.84375,24.21875,24.21875,6400,14.97641372680664
1999-01-05,24.46875,24.765625,24.359375,24.71875,2000,15.28559684753418
1999-01-06,24.953125,25.328125,24.953125,25.25,13500,15.614113807678223
1999-01-07,25.0625,25.125,24.84375,25.03125,13100,15.478839874267578
1999-01-08,24.96875,25.25,24.828125,25.21875,11000,15.594793319702148
1999-01-11,25.15625,25.15625,24.875,24.984375,2200,15.449864387512207
1999-01-12,24.859375,24.921875,24.609375,24.6875,6500,15.266275405883789
1999-01-13,24.03125,24.359375,24,24.0625,1700,14.879790306091309
1999-01-14,24,24.21875,23.953125,23.953125,4100,14.812152862548828
1999-01-15,24.078125,24.421875,24.078125,24.359375,4900,15.063365936279297
1999-01-19,24.578125,24.578125,24.109375,24.3125,10100,15.034385681152344
1999-01-20,24.375,24.5,24.203125,24.203125,1700,14.966750144958496
1999-01-21,24.140625,24.140625,23.984375,24,2500,14.841135025024414
1999-01-22,23.65625,23.75,23.53125,23.53125,8700,14.55126953125
1999-01-25,23.640625,23.921875,23.609375,23.921875,4600,14.792823791503906
1999-01-26,23.921875,23.921875,23.921875,23.921875,0,14.792823791503906
1999-01-27,24.203125,24.203125,24.109375,24.109375,500,14.908771514892578
1999-01-28,24.03125,24.1875,23.953125,24.140625,1900,14.928093910217285
1999-01-29,24.234375,24.40625,23.953125,24.296875,109200,15.024724960327148
1999-02-01,24.5,24.5,24.328125,24.328125,2400,15.044041633605957
1999-02-02,24.15625,24.1875,23.859375,24.140625,20700,14.928093910217285
1999-02-03,24.140625,24.375,24.140625,24.375,20100,15.073036193847656
1999-02-04,24.34375,24.421875,24.25,24.40625,6100,15.09235668182373
1999-02-05,24.484375,24.484375,24.296875,24.328125,4300,15.044041633605957
1999-02-08,24.5,24.5,24.140625,24.40625,2900,15.09235668182373
1999-02-09,24.359375,24.359375,24.078125,24.078125,4100,14.889447212219238
1999-02-10,24.171875,24.171875,24.046875,24.171875,5400,14.947423934936523
1999-02-11,24.328125,24.5,24.328125,24.5,3500,15.150334358215332
1999-02-12,24.390625,24.390625,24.3125,24.359375,2600,15.063365936279297
1999-02-16,24.515625,24.53125,24.46875,24.484375,3800,15.140668869018555
1999-02-17,24.28125,24.75,24.28125,24.484375,5400,15.140668869018555
1999-02-18,24.328125,24.53125,24.265625,24.484375,4300,15.140668869018555
1999-02-19,24.375,24.671875,24.375,24.640625,2800,15.237283706665039
1999-02-22,24.65625,25.015625,24.65625,25.015625,6400,15.46917724609375
1999-02-23,24.9375,25.046875,24.859375,25,5400,15.459519386291504
1999-02-24,25.15625,25.171875,24.875,24.9375,5300,15.420872688293457
1999-02-25,24.578125,24.578125,24.28125,24.4375,3200,15.111686706542969
1999-02-26,24.5625,24.65625,24.375,24.515625,3400,15.15998649597168
1999-03-01,24.46875,24.5,24.3125,24.5,3200,15.150334358215332
1999-03-02,24.5625,24.609375,24.296875,24.296875,47600,15.024724960327148
1999-03-03,24.484375,24.484375,24.109375,24.15625,13600,14.937759399414062
1999-03-04,24.34375,24.625,24.34375,24.625,15700,15.227629661560059
1999-03-05,25.046875,25.171875,25.046875,25.171875,5200,15.565802574157715
1999-03-08,25.265625,25.3125,25.1875,25.3125,1800,15.652769088745117
1999-03-09,25.3125,25.515625,25.296875,25.4375,1800,15.730062484741211
1999-03-10,25.34375,25.46875,25.234375,25.390625,2700,15.701079368591309
1999-03-11,25.40625,25.703125,25.40625,25.421875,1800,15.720396041870117
1999-03-12,25.453125,25.546875,25.453125,25.5,2200,15.768708229064941
1999-03-15,25.484375,25.578125,25.4375,25.4375,1900,15.730062484741211
1999-03-16,25.484375,25.5,25.265625,25.265625,4800,15.623780250549316
1999-03-17,25.3125,25.453125,25.1875,25.21875,1900,15.594793319702148
1999-03-18,25.171875,25.28125,25.109375,25.28125,3900,15.633438110351562
1999-03-19,25.3125,25.421875,25.265625,25.34375,9100,15.73058032989502
1999-03-22,25.234375,25.34375,25.140625,25.15625,9900,15.6141939163208
1999-03-23,25.15625,25.15625,24.5625,24.5625,4900,15.24566650390625
1999-03-24,24.5625,25.578125,24.4375,24.5,4800,15.206873893737793
1999-03-25,24.625,24.921875,24.609375,24.765625,6500,15.371742248535156
1999-03-26,24.578125,24.859375,24.578125,24.828125,3100,15.410540580749512
1999-03-29,25.125,25.234375,25.125,25.234375,3000,15.662694931030273
1999-03-30,25.0625,25.25,25.0625,25.21875,3500,15.65299129486084
1999-03-31,25.0625,25.109375,24.9375,24.9375,21700,15.47842025756836
1999-04-01,24.96875,25.203125,24.96875,25.203125,3500,15.643290519714355
1999-04-05,25.390625,25.75,25.375,25.75,7700,15.982735633850098
1999-04-06,25.65625,25.671875,25.5,25.609375,2700,15.895450592041016
1999-04-07,25.71875,25.765625,25.46875,25.65625,24400,15.924535751342773
1999-04-08,25.59375,25.84375,25.53125,25.796875,24800,16.01182746887207
1999-04-09,25.8125,25.84375,25.671875,25.8125,1200,16.021528244018555
1999-04-12,25.8125,26.4375,25.78125,26.4375,11500,16.409452438354492
1999-04-13,26.40625,26.640625,26.375,26.640625,1100,16.53553581237793
1999-04-14,26.765625,27.453125,26.75,27.21875,25500,16.89436912536621
1999-04-15,27.5,28.046875,27.46875,27.921875,61700,17.330793380737305
1999-04-16,28,28.1875,27.75,28.078125,173300,17.42777442932129
1999-04-19,28.390625,29.3125,28.1875,28.3125,292800,17.5732364654541
1999-04-20,28.46875,28.46875,27.84375,28.125,102300,17.456865310668945
1999-04-21,28.1875,28.265625,27.9375,28.21875,58100,17.515056610107422
1999-04-22,28.109375,29.21875,28.109375,28.234375,56200,17.524751663208008
1999-04-23,28,28.453125,28,28.453125,109800,17.660518646240234
1999-04-26,28.546875,28.625,28.421875,28.421875,64900,17.641136169433594
1999-04-27,28.765625,28.78125,28.5,28.5625,160800,17.728412628173828
1999-04-28,28.578125,29.0625,28.578125,28.921875,27200,17.951478958129883
1999-04-29,29.140625,29.21875,28.765625,29.03125,85400,18.019372940063477
1999-04-30,29.0625,29.0625,28.390625,28.6875,63200,17.80600929260254
1999-05-03,28.578125,29.25,28.578125,29.25,26700,18.155141830444336
1999-05-04,29.25,29.5625,29.1875,29.375,333200,18.232723236083984
1999-05-05,29.296875,29.453125,29.046875,29.375,70000,18.232723236083984
1999-05-06,29.25,29.4375,29.109375,29.4375,108700,18.271520614624023
1999-05-07,29.5625,30,29.53125,30,119300,18.620662689208984
1999-05-10,29.75,29.953125,29.59375,29.59375,24900,18.368488311767578
1999-05-11,29.9375,30.140625,29.796875,30.09375,83400,18.67884635925293
1999-05-12,30,30,29.671875,29.796875,50900,18.494586944580078
1999-05-13,29.671875,29.796875,29.40625,29.5,32400,18.310314178466797
1999-05-14,29.125,29.5,29.03125,29.125,34400,18.077552795410156
1999-05-17,29.078125,29.09375,28.828125,29.0625,22600,18.038761138916016
1999-05-18,28.796875,28.921875,28.34375,28.6875,19500,17.80600929260254
1999-05-19,28.84375,29.15625,28.84375,29.125,74300,18.077552795410156
1999-05-20,29.28125,29.390625,28.25,29.203125,11100,18.126052856445312
1999-05-21,29.09375,29.09375,28.796875,28.859375,90600,17.912683486938477
1999-05-24,28.921875,29.203125,28.609375,28.609375,14900,17.757516860961914
1999-05-25,28.84375,28.875,28.515625,28.515625,17600,17.699321746826172
1999-05-26,28.34375,28.421875,28.1875,28.3125,77400,17.5732364654541
1999-05-27,28.1875,28.1875,27.65625,27.84375,719300,17.28229331970215
1999-05-28,27.90625,28.234375,27.90625,28.125,2200,17.456865310668945
1999-06-01,28.125,28.5,27.890625,28.140625,11800,17.466567993164062
1999-06-02,28.6875,28.6875,28.390625,28.515625,22800,17.699321746826172
1999-06-03,28.515625,28.859375,28.515625,28.8125,17900,17.88359260559082
1999-06-04,28.96875,29.109375,28.96875,29.109375,4600,18.067853927612305
1999-06-07,29.359375,29.421875,29.3125,29.390625,10800,18.2424259185791
1999-06-08,29.34375,29.34375,29.125,29.125,24900,18.077552795410156
1999-06-09,29.234375,29.3125,29.09375,29.15625,8500,18.096954345703125
1999-06-10,28.90625,28.921875,28.671875,28.8125,46400,17.88359260559082
1999-06-11,28.9375,29.078125,28.765625,28.765625,2100,17.854488372802734
1999-06-14,29,29.15625,29,29.109375,14400,18.067853927612305
1999-06-15,29.125,29.265625,29.125,29.203125,4400,18.126052856445312
1999-06-16,29.453125,29.71875,29.453125,29.609375,183200,18.37820816040039
1999-06-17,29.46875,29.859375,29.46875,29.84375,11000,18.523677825927734
1999-06-18,29.90625,30.03125,29.8125,30.03125,1000,18.663820266723633
1999-06-21,30,30,29.5625,29.625,4400,18.411344528198242
1999-06-22,29.6875,29.765625,29.484375,29.484375,33000,18.32394790649414
1999-06-23,29.5,29.578125,29.203125,29.578125,29500,18.38220977783203
1999-06-24,29.515625,29.515625,28.984375,29.265625,34000,18.18799591064453
1999-06-25,29.25,29.296875,29.0625,29.09375,2800,18.08118438720703
1999-06-28,29.265625,29.3125,29.140625,29.140625,3600,18.110309600830078
1999-06-29,29.140625,29.296875,29.140625,29.296875,4400,18.207426071166992
1999-06-30,29.453125,29.84375,29.171875,29.8125,24700,18.52785873413086
1999-07-01,29.578125,29.828125,29.578125,29.828125,15200,18.53758430480957
1999-07-02,29.84375,30.015625,29.84375,29.96875,11400,18.624975204467773
1999-07-06,29.78125,30.15625,29.78125,30,42200,18.6444034576416
1999-07-07,29.96875,30,29.546875,29.78125,12000,18.50844955444336
1999-07-08,29.703125,29.921875,29.65625,29.890625,3300,18.576419830322266
1999-07-09,29.90625,29.984375,29.859375,29.921875,80800,18.59585189819336
1999-07-12,29.953125,29.953125,29.609375,29.65625,3400,18.43076515197754
1999-07-13,29.484375,29.578125,29.40625,29.546875,32500,18.362791061401367
1999-07-14,29.78125,29.78125,29.515625,29.703125,82700,18.459896087646484
1999-07-15,29.90625,29.90625,29.796875,29.90625,14200,18.586130142211914
1999-07-16,29.90625,30.0625,29.890625,29.953125,3800,18.615270614624023
1999-07-19,30.1875,30.1875,29.984375,29.984375,1100,18.634685516357422
1999-07-20,29.921875,30.09375,29.875,29.953125,73500,18.615270614624023
1999-07-21,29.859375,30.078125,29.859375,29.921875,1900,18.59585189819336
1999-07-22,30.625,30.625,29.8125,29.8125,9600,18.52785873413086
1999-07-23,29.78125,29.953125,29.625,29.65625,67100,18.43076515197754
1999-07-26,29.53125,29.8125,29.421875,29.4375,33100,18.29481315612793
1999-07-27,29.65625,29.828125,29.5625,29.828125,3000,18.53758430480957
1999-07-28,29.71875,29.71875,29.65625,29.65625,1100,18.43076515197754
1999-07-29,29.375,29.375,29.015625,29.0625,16800,18.061758041381836
1999-07-30,29.0625,29.0625,28.71875,28.71875,3900,17.848129272460938
1999-08-02,28.90625,29.03125,28.796875,28.796875,43800,17.896684646606445
1999-08-03,28.953125,28.953125,28.625,28.8125,2000,17.906391143798828
1999-08-04,28.890625,28.90625,28.59375,28.59375,9500,17.770444869995117
1999-08-05,28.46875,28.765625,28.375,28.75,14400,17.86754608154297
1999-08-06,28.5,28.5,28.296875,28.484375,1500,17.702472686767578
1999-08-09,28.484375,28.578125,28.375,28.390625,103400,17.644203186035156
1999-08-10,28.46875,28.46875,28.078125,28.125,3600,17.479135513305664
1999-08-11,28.25,28.625,28.15625,28.625,5400,17.78986358642578
1999-08-12,28.75,28.75,28.5,28.515625,4400,17.721893310546875
1999-08-13,28.71875,29.046875,28.71875,29.015625,3600,18.032630920410156
1999-08-16,29.078125,29.203125,29.03125,29.125,38800,18.100597381591797
1999-08-17,29.375,29.53125,29.25,29.53125,2700,18.353076934814453
1999-08-18,29.25,29.328125,29.203125,29.25,5300,18.178287506103516
1999-08-19,28.875,28.921875,28.6875,28.875,4200,17.945240020751953
1999-08-20,29.078125,29.28125,29.078125,29.171875,2800,18.12972640991211
1999-08-23,29.5,29.84375,29.5,29.796875,14900,18.518156051635742
1999-08-24,29.90625,30,29.78125,29.8125,32700,18.52785873413086
1999-08-25,29.8125,30.234375,29.8125,30.140625,33800,18.73179817199707
1999-08-26,30.171875,30.171875,29.984375,29.984375,15800,18.634685516357422
1999-08-27,29.875,29.875,29.609375,29.640625,6300,18.421058654785156
1999-08-30,29.515625,29.515625,28.890625,28.890625,7200,17.954940795898438
1999-08-31,28.890625,29.015625,28.8125,28.953125,2800,17.99378776550293
1999-09-01,29.046875,29.125,28.859375,29.03125,6800,18.042348861694336
1999-09-02,28.78125,28.84375,28.671875,28.78125,10700,17.886966705322266
1999-09-03,29.375,29.484375,29.359375,29.484375,11000,18.32394790649414
1999-09-07,29.484375,29.8125,29.484375,29.8125,24400,18.52785873413086
1999-09-08,29.71875,30,29.71875,29.90625,2900,18.586130142211914
1999-09-09,30,30.046875,29.6875,29.6875,12800,18.4501895904541
1999-09-10,29.6875,29.8125,29.609375,29.609375,3400,18.401630401611328
1999-09-13,29.359375,29.4375,29.265625,29.390625,7500,18.265684127807617
1999-09-14,29.046875,29.265625,29.046875,29.125,1700,18.100597381591797
1999-09-15,29.40625,29.40625,29.125,29.171875,21200,18.12972640991211
1999-09-16,28.921875,29,28.765625,28.90625,13100,17.96465492248535
1999-09-17,29,29.328125,29,29.328125,7400,18.26095199584961
1999-09-20,29.3125,29.390625,29.15625,29.359375,9600,18.280412673950195
1999-09-21,29.015625,29.171875,28.828125,28.984375,14600,18.04691505432129
1999-09-22,28.9375,29.046875,28.828125,28.890625,15600,17.98854637145996
1999-09-23,28.90625,28.90625,28.578125,28.65625,9600,17.842613220214844
1999-09-24,28.21875,28.265625,27.90625,28.046875,119800,17.46319580078125
1999-09-27,28.125,28.40625,28.125,28.40625,24300,17.68695068359375
1999-09-28,28.1875,28.21875,27.71875,28.0625,111500,17.47292709350586
1999-09-29,28,28.453125,28,28.21875,44000,17.570205688476562
1999-09-30,28.234375,28.75,28.234375,28.75,142800,17.900985717773438
1999-10-01,28.53125,28.53125,28.34375,28.359375,2000,17.65777015686035
1999-10-04,28.546875,28.875,28.546875,28.859375,7300,17.96908950805664
1999-10-05,28.734375,28.984375,28.5625,28.5625,39200,17.78424072265625
1999-10-06,28.828125,29.078125,28.8125,28.96875,12100,18.037193298339844
1999-10-07,29.0625,29.203125,28.984375,29,4300,18.05664825439453
1999-10-08,29.078125,29.515625,29.078125,29.390625,102600,18.29987335205078
1999-10-11,29.25,29.484375,29.25,29.4375,4300,18.32905387878418
1999-10-12,29.109375,29.140625,28.703125,28.828125,6100,17.949642181396484
1999-10-13,28.625,28.703125,28,28.015625,25600,17.443740844726562
1999-10-14,27.875,27.96875,27.453125,27.734375,4500,17.26862335205078
1999-10-15,27.203125,27.625,27.140625,27.34375,27600,17.025400161743164
1999-10-18,27.140625,27.328125,26.8125,26.8125,261100,16.69462013244629
1999-10-19,27.203125,27.375,26.796875,26.828125,202900,16.704355239868164
1999-10-20,27.0625,27.15625,27.03125,27.0625,3500,16.850269317626953
1999-10-21,26.96875,26.96875,26.484375,26.765625,209500,16.665437698364258
1999-10-22,27.140625,27.65625,27.09375,27.484375,14900,17.112951278686523
1999-10-25,27.390625,27.46875,27.125,27.4375,10800,17.08376121520996
1999-10-26,27.390625,27.609375,27.25,27.265625,5800,16.97675323486328
1999-10-27,27.25,27.359375,27.0625,27.359375,42900,17.03512954711914
1999-10-28,27.765625,28,27.6875,27.984375,8100,17.42428207397461
1999-10-29,28.171875,28.359375,28.109375,28.125,20500,17.511838912963867
1999-11-01,28.015625,28.015625,27.40625,27.40625,3100,17.06431007385254
1999-11-02,27.6875,28.03125,27.65625,27.75,25700,17.278337478637695
1999-11-03,27.75,27.75,27.5625,27.5625,8400,17.16160011291504
1999-11-04,27.75,27.90625,27.359375,27.484375,17800,17.112951278686523
1999-11-05,27.625,27.859375,27.5625,27.625,88600,17.200511932373047
1999-11-08,27.484375,27.671875,27.484375,27.671875,4000,17.22970199584961
1999-11-09,27.671875,27.6875,27.5625,27.6875,4500,17.23942756652832
1999-11-10,27.453125,27.640625,27.453125,27.578125,5900,17.17133140563965
1999-11-11,27.625,27.8125,27.59375,27.6875,23800,17.23942756652832
1999-11-12,27.90625,27.90625,27.59375,27.875,41400,17.356172561645508
1999-11-15,28,28.25,28,28.03125,14300,17.453466415405273
1999-11-16,28.265625,28.6875,28.265625,28.6875,9900,17.862071990966797
1999-11-17,28.859375,28.9375,28.734375,28.875,8500,17.978822708129883
1999-11-18,28.859375,29.0625,28.8125,28.96875,38300,18.037193298339844
1999-11-19,28.8125,28.859375,28.59375,28.625,5000,17.82316017150879
1999-11-22,28.203125,28.5,28.203125,28.5,24600,17.745330810546875
1999-11-23,28.328125,28.328125,28.125,28.21875,27700,17.570205688476562
1999-11-24,28.09375,28.28125,28.09375,28.234375,3900,17.579940795898438
1999-11-26,28.0625,28.203125,28.0625,28.09375,14800,17.492374420166016
1999-11-29,27.609375,27.78125,27.53125,27.625,231100,17.200511932373047
1999-11-30,27.59375,27.75,27.484375,27.5,14100,17.122678756713867
1999-12-01,27.5625,27.9375,27.5625,27.71875,41800,17.258878707885742
1999-12-02,27.90625,28.03125,27.65625,27.65625,219000,17.219974517822266
1999-12-03,28.046875,28.34375,28.046875,28.109375,24100,17.502107620239258
1999-12-06,28.03125,28.046875,27.84375,28.03125,17300,17.453466415405273
1999-12-07,28.015625,28.03125,27.5,27.5,8000,17.122678756713867
1999-12-08,27.65625,28.078125,27.65625,27.984375,210500,17.42428207397461
1999-12-09,27.4375,27.625,27.140625,27.234375,12700,16.957298278808594
1999-12-10,27.65625,27.75,27.5,27.734375,37100,17.26862335205078
1999-12-13,27.71875,28.015625,27.71875,27.890625,22600,17.365909576416016
1999-12-14,27.984375,28.109375,27.875,27.890625,9400,17.365909576416016
1999-12-15,27.953125,27.953125,27.59375,27.625,18800,17.200511932373047
1999-12-16,27.65625,27.90625,27.65625,27.875,17100,17.356172561645508
1999-12-17,28.1875,28.53125,28,28.53125,788400,17.835168838500977
1999-12-20,28.3125,28.3125,27.625,27.671875,459700,17.29795265197754
1999-12-21,27.484375,28.109375,27.484375,28.0625,519300,17.54215431213379
1999-12-22,28.015625,28.09375,27.84375,27.9375,511700,17.46400260925293
1999-12-23,28.25,28.453125,28.203125,28.3125,152100,17.698427200317383
1999-12-27,28.875,28.875,28.421875,28.59375,1067100,17.87423324584961
1999-12-28,28.6875,29.1875,28.6875,28.890625,34900,18.0598087310791
1999-12-29,29.015625,29.140625,28.953125,29.109375,9000,18.196556091308594
1999-12-30,29.25,29.34375,29.171875,29.171875,10200,18.235624313354492
1999-12-31,29.28125,29.609375,29.25,29.609375,4700,18.50910758972168
2000-01-03,29.484375,29.484375,28.6875,28.84375,82800,18.0305118560791
2000-01-04,28.46875,28.609375,27.9375,28.046875,146900,17.532379150390625
2000-01-05,28,28.125,27.71875,27.921875,129200,17.454238891601562
2000-01-06,27.921875,28.375,27.8125,28.296875,54000,17.68865966796875
2000-01-07,28.625,29.375,28.625,29.375,32900,18.36260986328125
2000-01-10,29.53125,29.625,29.28125,29.375,122500,18.36260986328125
2000-01-11,29.46875,29.46875,29,29,109800,18.128183364868164
2000-01-12,28.921875,28.921875,28.65625,28.65625,39900,17.913301467895508
2000-01-13,29.0625,29.265625,28.84375,29.203125,189700,18.25516700744629
2000-01-14,29.28125,29.296875,28.890625,29,5700,18.128183364868164
2000-01-18,28.78125,29.09375,28.765625,28.96875,83600,18.108644485473633
2000-01-19,29,29.03125,28.875,28.875,62800,18.050050735473633
2000-01-20,29,29,28.375,28.6875,49600,17.932842254638672
2000-01-21,28.65625,28.765625,28.328125,28.328125,45700,17.708192825317383
2000-01-24,28.515625,28.546875,27.5,27.515625,51600,17.200300216674805
2000-01-25,27.15625,27.390625,26.8125,27.359375,89700,17.102617263793945
2000-01-26,27.265625,27.75,26.265625,27.578125,93400,17.239355087280273
2000-01-27,27.640625,28.28125,27.640625,27.734375,156000,17.337034225463867
2000-01-28,27.625,27.734375,27,27,17600,16.87796401977539
2000-01-31,26.859375,27.296875,26.859375,27.1875,45700,16.995182037353516
2000-02-01,27.15625,27.15625,26.90625,27,5500,16.87796401977539
2000-02-02,27.234375,27.234375,26.875,27.015625,3500,16.887737274169922
2000-02-03,27.125,27.15625,26.75,27,107900,16.87796401977539
2000-02-04,27.296875,27.296875,27.0625,27.109375,31400,16.946338653564453
2000-02-07,26.9375,26.9375,26.5,26.640625,43800,16.6533203125
2000-02-08,27.09375,27.09375,26.703125,26.75,119600,16.721694946289062
2000-02-09,26.734375,26.734375,26.375,26.46875,58400,16.545875549316406
2000-02-10,26.3125,26.375,26,26.015625,65200,16.26262092590332
2000-02-11,26.0625,26.0625,25.328125,25.46875,50400,15.920766830444336
2000-02-14,25.5,25.90625,25.453125,25.875,4900,16.17471694946289
2000-02-15,25.921875,26.578125,25.8125,26.328125,21200,16.457969665527344
2000-02-16,26.421875,26.453125,26.15625,26.265625,77400,16.418899536132812
2000-02-17,26.375,26.4375,26.140625,26.375,16400,16.487279891967773
2000-02-18,26.484375,26.5,25.703125,25.796875,115300,16.125885009765625
2000-02-22,26.25,26.25,25.796875,26.21875,46900,16.38960075378418
2000-02-23,26.390625,26.390625,26.015625,26.015625,63100,16.26262092590332
2000-02-24,26,26,25.421875,25.78125,19500,16.116125106811523
2000-02-25,25.71875,25.828125,25.296875,25.328125,26700,15.83285903930664
2000-02-28,25.421875,25.8125,25,25.40625,463900,15.88170051574707
2000-02-29,25.625,25.75,25.578125,25.6875,9100,16.057506561279297
2000-03-01,25.703125,25.90625,25.5,25.546875,2408000,15.9696044921875
2000-03-02,25.78125,25.8125,25.40625,25.640625,421400,16.028215408325195
2000-03-03,26.03125,26.609375,26.015625,26.34375,41200,16.46773910522461
2000-03-06,26.25,26.484375,26.015625,26.234375,292100,16.399362564086914
2000-03-07,26.453125,26.453125,25.1875,25.1875,50300,15.744954109191895
2000-03-08,25.140625,25.453125,25,25.453125,350700,15.911008834838867
2000-03-09,25.5,25.859375,25.1875,25.71875,30400,16.077045440673828
2000-03-10,25.9375,26.25,25.734375,25.78125,114200,16.116125106811523
2000-03-13,25.171875,25.703125,25.171875,25.390625,86600,15.871933937072754
2000-03-14,25.75,25.75,25.171875,25.25,38600,15.784024238586426
2000-03-15,24.9375,26.34375,24.90625,26.265625,121300,16.418899536132812
2000-03-16,26.3125,27.734375,26.3125,27.6875,281000,17.30772590637207
2000-03-17,27.796875,28.125,27.390625,27.59375,34400,17.284711837768555
2000-03-20,27.859375,27.921875,27.5,27.75,129700,17.382583618164062
2000-03-21,27.4375,28.34375,27.4375,28.34375,11100,17.754514694213867
2000-03-22,28,28.34375,27.96875,28.21875,69100,17.676210403442383
2000-03-23,28.390625,29.03125,28.234375,28.875,19200,18.08728790283203
2000-03-24,28.984375,29.375,28.984375,29.046875,6200,18.19495391845703
2000-03-27,29.078125,29.078125,28.671875,28.6875,10300,17.96984100341797
2000-03-28,28.78125,29,28.609375,28.609375,8900,17.92089080810547
2000-03-29,28.78125,29.0625,28.5625,28.96875,5200,18.14600944519043
2000-03-30,29,29.453125,28.96875,29.15625,9300,18.263452529907227
2000-03-31,29.296875,29.515625,29.109375,29.203125,23400,18.29282569885254
2000-04-03,29.3125,29.40625,29.078125,29.328125,39400,18.371129989624023
2000-04-04,29.375,29.875,27.875,29,220700,18.16558837890625
2000-04-05,29.15625,29.265625,28.75,28.890625,7600,18.097070693969727
2000-04-06,29.203125,29.4375,29.09375,29.140625,23000,18.253679275512695
2000-04-07,29.390625,29.6875,29.296875,29.578125,136600,18.52773094177246
2000-04-10,29.625,29.75,29.421875,29.625,21100,18.557086944580078
2000-04-11,29.546875,30.078125,29.5,29.984375,313700,18.782201766967773
2000-04-12,29.6875,30.125,29.328125,29.453125,157700,18.449430465698242
2000-04-13,29.203125,29.625,29.203125,29.53125,590800,18.498369216918945
2000-04-14,28.21875,28.46875,27.59375,27.59375,19600,17.284711837768555
2000-04-17,27.921875,28.265625,27.6875,28.265625,20200,17.7055721282959
2000-04-18,28.25,28.515625,28.1875,28.375,10700,17.774084091186523
2000-04-19,28.453125,28.6875,28.25,28.484375,13700,17.84259796142578
2000-04-20,28.65625,28.71875,28.5,28.71875,2900,17.989408493041992
2000-04-24,28.5,29.109375,28.5,28.75,8900,18.008981704711914
2000-04-25,29.34375,30.328125,29.3125,30.25,13100,18.948583602905273
2000-04-26,30.390625,30.4375,29.609375,29.796875,515300,18.66474723815918
2000-04-27,29.359375,29.828125,29.359375,29.828125,6500,18.684328079223633
2000-04-28,29.84375,29.859375,29.5,29.625,9600,18.557086944580078
2000-05-01,29.734375,30.3125,29.609375,30.3125,2000,18.98773193359375
2000-05-02,29.96875,30.21875,29.71875,30,187400,18.79198455810547
2000-05-03,29.59375,29.6875,28.84375,29,52900,18.16558837890625
2000-05-04,28.859375,29.28125,28.828125,29.046875,29200,18.19495391845703
2000-05-05,29.28125,29.78125,29.171875,29.5625,7200,18.517940521240234
2000-05-08,29.703125,29.703125,29.5,29.546875,4000,18.50814437866211
2000-05-09,29.546875,29.546875,29.171875,29.3125,10400,18.36133575439453
2000-05-10,29.0625,29.109375,28.75,29.015625,2100,18.175371170043945
2000-05-11,29.453125,29.734375,29.453125,29.734375,2200,18.6256046295166
2000-05-12,29.875,30.09375,29.875,30.09375,4100,18.850711822509766
2000-05-15,30,30.59375,30,30.59375,9700,19.16390609741211
2000-05-16,30.625,31.0625,30.625,30.875,10500,19.340084075927734
2000-05-17,30.71875,30.71875,30.4375,30.671875,4900,19.21284294128418
2000-05-18,30.78125,30.78125,30.53125,30.53125,500,19.124765396118164
2000-05-19,30,30,29.6875,29.6875,3900,18.596233367919922
2000-05-22,29,29.203125,29,29.171875,5500,18.27324867248535
2000-05-23,29.171875,29.171875,28.90625,29.046875,800,18.19495391845703
2000-05-24,29,29.46875,29,29.46875,3800,18.459217071533203
2000-05-25,29.75,29.75,28.9375,28.9375,51700,18.126440048217773
2000-05-26,29.234375,29.234375,28.671875,28.78125,8900,18.028560638427734
2000-05-30,29.0625,29.453125,28.90625,29.296875,157200,18.351545333862305
2000-05-31,29.484375,29.90625,29.453125,29.5,2000,18.478784561157227
2000-06-01,29.546875,29.84375,29.546875,29.734375,1500,18.6256046295166
2000-06-02,30.078125,30.078125,29.6875,29.953125,86800,18.762630462646484
2000-06-05,30.1875,30.1875,29.875,29.90625,4500,18.733251571655273
2000-06-06,29.65625,29.875,29.65625,29.6875,204700,18.596233367919922
2000-06-07,29.75,29.96875,29.5,29.546875,20000,18.50814437866211
2000-06-08,29.4375,29.4375,29,29.078125,13000,18.214521408081055
2000-06-09,29.3125,29.40625,28.96875,29.1875,14900,18.28304100036621
2000-06-12,29.25,29.296875,29.046875,29.21875,63900,18.302610397338867
2000-06-13,29.09375,29.4375,28.953125,29.34375,13700,18.38090705871582
2000-06-14,29.46875,29.640625,29.1875,29.28125,57400,18.341754913330078
2000-06-15,29.546875,29.625,29.453125,29.5625,44500,18.517940521240234
2000-06-16,29.34375,29.34375,28.984375,28.984375,110400,18.193336486816406
2000-06-19,28.9375,28.9375,28.359375,28.6875,219100,18.006996154785156
2000-06-20,28.171875,28.375,27.796875,27.796875,8100,17.447959899902344
2000-06-21,27.703125,27.921875,27.703125,27.90625,11700,17.51660919189453
2000-06-22,27.671875,27.671875,27.296875,27.296875,76800,17.134103775024414
2000-06-23,27.671875,27.734375,27.59375,27.59375,2400,17.32044792175293
2000-06-26,28,28.265625,27.96875,28.25,18100,17.732378005981445
2000-06-27,28.3125,28.453125,28.265625,28.375,3800,17.81083106994629
2000-06-28,28.15625,28.734375,28,28.734375,203200,18.03641700744629
2000-06-29,28.5,28.5,27.78125,28.234375,22200,17.72256088256836
2000-06-30,28.234375,28.28125,28.09375,28.28125,7300,17.751998901367188
2000-07-03,28.40625,28.65625,28.40625,28.65625,4700,17.987377166748047
2000-07-05,28.71875,29,28.40625,28.40625,9000,17.83045768737793
2000-07-06,28.5625,28.5625,28.1875,28.328125,16800,17.781414031982422
2000-07-07,28.40625,28.609375,28.40625,28.46875,212800,17.86968421936035
2000-07-10,28.234375,28.75,28.15625,28.5,115800,17.88929557800293
2000-07-11,28.5,29.171875,28.46875,29.046875,8100,18.232576370239258
2000-07-12,29.3125,29.3125,29.109375,29.15625,5700,18.301218032836914
2000-07-13,29.234375,29.4375,29.15625,29.390625,4400,18.448345184326172
2000-07-14,29.59375,29.6875,29.4375,29.6875,1300,18.634681701660156
2000-07-17,29.796875,30.078125,29.796875,29.859375,13500,18.742563247680664
2000-07-18,30,30.015625,29.75,29.9375,17900,18.791606903076172
2000-07-19,29.859375,29.890625,29.421875,29.6875,10400,18.634681701660156
2000-07-20,30.078125,30.15625,29.90625,30.046875,5200,18.860260009765625
2000-07-21,30.109375,30.109375,29.78125,30,2400,18.830839157104492
2000-07-24,29.9375,30.03125,29.65625,29.78125,16000,18.693538665771484
2000-07-25,29.9375,29.9375,29.6875,29.84375,1800,18.732765197753906
2000-07-26,29.609375,29.609375,29.40625,29.46875,3700,18.49738311767578
2000-07-27,29.8125,29.8125,29.265625,29.265625,900,18.369873046875
2000-07-28,29,29,28.28125,28.28125,39100,17.751998901367188
2000-07-31,28.5625,29,28.5625,28.71875,38500,18.026607513427734
2000-08-01,28.828125,29,28.828125,28.9375,97300,18.163915634155273
2000-08-02,28.75,29,28.75,28.8125,2700,18.085453033447266
2000-08-03,28.8125,29,28.703125,28.859375,3200,18.114877700805664
2000-08-04,29,29.25,29,29.21875,39500,18.3404598236084
2000-08-07,29.203125,30.078125,29.203125,30.078125,5600,18.87987518310547
2000-08-08,30,30.40625,29.96875,30.34375,5100,19.04661750793457
2000-08-09,30.75,30.75,30.359375,30.609375,22500,19.213350296020508
2000-08-10,30.46875,30.8125,30.46875,30.53125,25700,19.164306640625
2000-08-11,30.6875,31.0625,30.59375,30.875,23900,19.380075454711914
2000-08-14,31,31.21875,30.75,31.1875,60500,19.576229095458984
2000-08-15,31,31,30.625,30.796875,4400,19.331037521362305
2000-08-16,30.75,30.84375,30.59375,30.65625,22100,19.24277114868164
2000-08-17,30.8125,30.90625,30.8125,30.8125,25500,19.340845108032227
2000-08-18,30.875,30.96875,30.71875,30.71875,31500,19.28199577331543
2000-08-21,30.84375,31.15625,30.84375,31.15625,5000,19.556615829467773
2000-08-22,31.0625,31.3125,31.0625,31.09375,1300,19.51738166809082
2000-08-23,31.09375,31.21875,30.9375,30.9375,35400,19.419300079345703
2000-08-24,30.953125,31.46875,30.9375,31.265625,33700,19.625274658203125
2000-08-25,31.53125,31.5625,31.34375,31.40625,202400,19.713539123535156
2000-08-28,31.71875,31.9375,31.5625,31.828125,113000,19.978347778320312
2000-08-29,31.796875,31.796875,31.5625,31.625,5500,19.850841522216797
2000-08-30,31.53125,31.6875,31.15625,31.328125,5400,19.66449546813965
2000-08-31,31.3125,31.75,31.3125,31.5625,31700,19.811613082885742
2000-09-01,31.75,31.84375,31.5625,31.84375,2700,19.9881534576416
2000-09-05,31.71875,32.03125,31.71875,31.84375,151500,19.9881534576416
2000-09-06,31.78125,32.1875,31.78125,32,31000,20.08623504638672
2000-09-07,31.875,31.90625,31.75,31.8125,45200,19.968538284301758
2000-09-08,31.71875,31.71875,31.25,31.4375,328700,19.733144760131836
2000-09-11,31.65625,31.84375,31.25,31.28125,169900,19.63507652282715
2000-09-12,31.25,31.3125,31.140625,31.1875,200200,19.576229095458984
2000-09-13,31.3125,31.40625,31.15625,31.28125,30200,19.63507652282715
2000-09-14,31.34375,31.34375,31.1875,31.25,13000,19.615459442138672
2000-09-15,30.71875,30.8125,30.375,30.375,14900,19.11823081970215
2000-09-18,30.3125,30.625,30.03125,30.03125,22400,18.90186882019043
2000-09-19,30.0625,30.0625,29.59375,29.6875,11800,18.68551254272461
2000-09-20,29.84375,29.84375,29.34375,29.84375,20200,18.783859252929688
2000-09-21,29.75,29.9375,29.625,29.9375,16200,18.842863082885742
2000-09-22,29.625,29.71875,29.4375,29.71875,5800,18.705181121826172
2000-09-25,30.25,30.59375,30.25,30.59375,38300,19.255905151367188
2000-09-26,30.28125,30.625,30.21875,30.625,4100,19.275575637817383
2000-09-27,30.40625,30.625,30.3125,30.375,10000,19.11823081970215
2000-09-28,30.4375,30.84375,30.21875,30.78125,51900,19.373929977416992
2000-09-29,30.59375,30.8125,30.421875,30.5625,4800,19.236236572265625
2000-10-02,30.28125,30.484375,30.125,30.25,10800,19.03955078125
2000-10-03,30.4375,31.0625,30.375,30.84375,16000,19.41326332092285
2000-10-04,30.84375,31.0625,30.84375,31.0625,16600,19.55095100402832
2000-10-05,31.15625,31.15625,30.9375,31.09375,2500,19.57061195373535
2000-10-06,31,31.0625,30.25,30.25,2400,19.03955078125
2000-10-09,30.1875,30.4375,30.125,30.4375,1300,19.157567977905273
2000-10-10,30.3125,30.34375,30.03125,30.03125,3200,18.90186882019043
2000-10-11,29.5625,29.84375,29.46875,29.5,20400,18.567495346069336
2000-10-12,29.625,29.625,28.59375,28.828125,17000,18.14461326599121
2000-10-13,28.921875,29.71875,28.90625,29.71875,5900,18.705181121826172
2000-10-16,29.90625,30.25,29.84375,30.125,3600,18.960878372192383
2000-10-17,30.125,30.15625,29.3125,29.3125,11000,18.449485778808594
2000-10-18,28.609375,29.375,28.609375,28.78125,29200,18.115108489990234
2000-10-19,29,29.28125,29,29.28125,5700,18.429811477661133
2000-10-20,29.375,29.4375,29.25,29.4375,700,18.528154373168945
2000-10-23,29.8125,30.0625,29.75,29.78125,7600,18.74452018737793
2000-10-24,30.0625,30.4375,30.0625,30.25,33600,19.03955078125
2000-10-25,29.71875,30,29.6875,29.6875,1200,18.68551254272461
2000-10-26,29.59375,29.84375,29,29.84375,72200,18.783859252929688
2000-10-27,29.828125,29.875,29.5,29.828125,502700,18.77402687072754
2000-10-30,30,30.203125,30,30.15625,1000,18.980539321899414
2000-10-31,30.71875,31.25,30.71875,31.25,5400,19.668964385986328
2000-11-01,31.4375,31.46875,31.0625,31.28125,2900,19.68863296508789
2000-11-02,31.28125,31.40625,31.203125,31.21875,3300,19.64928436279297
2000-11-03,31.1875,31.1875,30.96875,30.96875,400,19.49193572998047
2000-11-06,31.09375,31.46875,31.09375,31.25,30900,19.668964385986328
2000-11-07,31.21875,31.375,31.125,31.375,15700,19.74762535095215
2000-11-08,31.4375,31.53125,31.09375,31.171875,6000,19.61977767944336
2000-11-09,31.1875,31.375,31.03125,31.375,3400,19.74762535095215
2000-11-10,30.90625,31.125,30.65625,30.65625,24200,19.295255661010742
2000-11-13,30,30.25,29.609375,30.09375,10800,18.941204071044922
2000-11-14,30.1875,30.6875,30.1875,30.6875,1400,19.31491470336914
2000-11-15,30.6875,30.9375,30.6875,30.75,7700,19.354263305664062
2000-11-16,31.03125,31.03125,30.765625,30.90625,800,19.452594757080078
2000-11-17,30.78125,31.28125,30.75,30.78125,5900,19.373929977416992
2000-11-20,30.78125,30.78125,30.3125,30.34375,2000,19.098567962646484
2000-11-21,30.3125,30.71875,30.3125,30.71875,2900,19.334596633911133
2000-11-22,30.34375,30.34375,30.03125,30.21875,1200,19.019882202148438
2000-11-24,30.21875,30.75,30.21875,30.71875,3900,19.334596633911133
2000-11-27,31.0625,31.0625,30.59375,30.78125,4800,19.373929977416992
2000-11-28,30.59375,30.59375,30.25,30.390625,3300,19.128068923950195
2000-11-29,30.53125,30.78125,30.5,30.640625,53000,19.285415649414062
2000-11-30,30.09375,30.1875,29.84375,30.1875,8300,19.000213623046875
2000-12-01,30.46875,30.75,30.453125,30.453125,1002700,19.167409896850586
2000-12-04,30.84375,31.3125,30.8125,31.28125,17200,19.68863296508789
2000-12-05,31.6875,32.421875,31.6875,32.421875,71700,20.406539916992188
2000-12-06,32.265625,32.265625,31.78125,31.78125,9300,20.003324508666992
2000-12-07,31.78125,31.796875,31.59375,31.6875,2100,19.944320678710938
2000-12-08,31.96875,32.40625,31.96875,32.234375,5500,20.288532257080078
2000-12-11,32.28125,32.65625,32.28125,32.59375,8600,20.514728546142578
2000-12-12,32.1875,32.46875,31.96875,32.109375,6100,20.20985984802246
2000-12-13,32.09375,32.09375,31.53125,31.546875,5700,19.85581398010254
2000-12-14,31.25,31.546875,30.875,30.875,15100,19.432933807373047
2000-12-15,30.21875,30.46875,29.9375,30.25,12700,19.118810653686523
2000-12-18,30.6875,30.859375,30.53125,30.8125,8700,19.474327087402344
2000-12-19,30.8125,30.90625,30.28125,30.28125,23200,19.138566970825195
2000-12-20,29.53125,29.65625,29.125,29.28125,18900,18.506540298461914
2000-12-21,29.21875,29.5,29.03125,29.453125,20800,18.615175247192383
2000-12-22,29.625,30.21875,29.625,30.15625,3400,19.059560775756836
2000-12-26,30.3125,30.5,30,30.5,15500,19.276819229125977
2000-12-27,30.375,31,30.328125,31,16200,19.592836380004883
2000-12-28,31.0625,31.453125,31,31.453125,23000,19.879222869873047
2000-12-29,31.46875,31.78125,31.25,31.25,15900,19.750839233398438
2001-01-02,31.21875,31.21875,29.703125,29.859375,150900,18.87192153930664
2001-01-03,29.1875,31.375,29.1875,31.15625,212300,19.69158935546875
2001-01-04,31.375,31.625,31.328125,31.40625,7200,19.84959602355957
2001-01-05,30.3125,31.03125,30.28125,30.5,37600,19.276819229125977
2001-01-08,30.234375,30.25,29.875,30.25,6000,19.118810653686523
2001-01-09,30.390625,30.46875,30,30.34375,293600,19.178077697753906
2001-01-10,29.8125,30.625,29.78125,30.625,123400,19.355825424194336
2001-01-11,30.5625,31.15625,30.5625,31,9700,19.592836380004883
2001-01-12,31,31.125,30.53125,30.90625,33300,19.53358268737793
2001-01-16,30.96875,31.3125,30.71875,31.203125,7200,19.721214294433594
2001-01-17,31.5625,31.5625,31.15625,31.15625,32800,19.69158935546875
2001-01-18,30.9375,31.4375,30.71875,31.359375,6800,19.819961547851562
2001-01-19,31.6875,31.6875,30.796875,31.03125,12300,19.61258316040039
2001-01-22,30.84375,31,30.59375,30.96875,37500,19.57308578491211
2001-01-23,31.0625,31.40625,30.9375,31.375,106400,19.829832077026367
2001-01-24,31.21875,31.40625,31.15625,31.203125,16600,19.721214294433594
2001-01-25,31.15625,31.25,31.03125,31.1875,3300,19.71133804321289
2001-01-26,30.78125,31,30.578125,30.671875,78000,19.385448455810547
2001-01-29,30.90999984741211,30.90999984741211,30.65999984741211,30.799999237060547,17700,19.466426849365234
2001-01-30,30.719999313354492,31.309999465942383,30.450000762939453,31.299999237060547,14800,19.782445907592773
2001-01-31,31.309999465942383,31.579999923706055,31.190000534057617,31.3700008392334,56000,19.826684951782227
2001-02-01,31.299999237060547,31.34000015258789,30.829999923706055,30.959999084472656,17300,19.567550659179688
2001-02-02,31.229999542236328,31.229999542236328,30.649999618530273,30.860000610351562,20100,19.50435447692871
2001-02-05,30.90999984741211,31.15999984741211,30.75,31.010000228881836,13700,19.59916114807129
2001-02-06,31.100000381469727,31.280000686645508,31.059999465942383,31.15999984741211,13600,19.69395637512207
2001-02-07,31.059999465942383,31.059999465942383,30.670000076293945,30.889999389648438,23100,19.523311614990234
2001-02-08,30.8799991607666,31.170000076293945,30.850000381469727,30.850000381469727,3600,19.498023986816406
2001-02-09,30.649999618530273,30.670000076293945,30.100000381469727,30.1200008392334,7100,19.036653518676758
2001-02-12,30.219999313354492,30.579999923706055,30.219999313354492,30.469999313354492,167100,19.25786018371582
2001-02-13,30.719999313354492,31.110000610351562,30.719999313354492,30.790000915527344,298100,19.460105895996094
2001-02-14,30.65999984741211,30.65999984741211,30.239999771118164,30.469999313354492,14500,19.25786018371582
2001-02-15,30.6200008392334,31.1200008392334,30.579999923706055,30.989999771118164,7000,19.586505889892578
2001-02-16,30.549999237060547,30.59000015258789,30.020000457763672,30.079999923706055,36900,19.011363983154297
2001-02-20,30.299999237060547,30.489999771118164,30.1299991607666,30.190000534057617,9500,19.080894470214844
2001-02-21,30.190000534057617,30.420000076293945,29.81999969482422,29.81999969482422,9900,18.847047805786133
2001-02-22,29.700000762939453,29.780000686645508,29.450000762939453,29.540000915527344,46100,18.67007827758789
2001-02-23,29.530000686645508,29.579999923706055,28.889999389648438,29.5,41600,18.644798278808594
2001-02-26,29.600000381469727,30.25,29.479999542236328,30.09000015258789,11800,19.01769256591797
2001-02-27,30.100000381469727,30.25,29.799999237060547,30.020000457763672,11700,18.973447799682617
2001-02-28,29.969999313354492,30.020000457763672,29.280000686645508,29.489999771118164,23000,18.638469696044922
2001-03-01,29.280000686645508,29.43000030517578,29,29.280000686645508,11500,18.505748748779297
2001-03-02,29.360000610351562,29.850000381469727,29.299999237060547,29.450000762939453,206400,18.613189697265625
2001-03-05,29.600000381469727,29.860000610351562,29.600000381469727,29.81999969482422,2000,18.847047805786133
2001-03-06,30.25,30.600000381469727,30.1200008392334,30.25,8600,19.118810653686523
2001-03-07,30.309999465942383,30.610000610351562,30.309999465942383,30.610000610351562,5400,19.346342086791992
2001-03-08,30.709999084472656,30.850000381469727,30.56999969482422,30.799999237060547,53000,19.466426849365234
2001-03-09,30.399999618530273,30.489999771118164,29.920000076293945,30.149999618530273,24300,19.05561065673828
2001-03-12,29.549999237060547,29.549999237060547,28.5,28.5,165200,18.012767791748047
2001-03-13,28.489999771118164,28.6200008392334,28.25,28.540000915527344,7700,18.038055419921875
2001-03-14,27.899999618530273,28.299999237060547,27.709999084472656,27.940000534057617,63000,17.65883445739746
2001-03-15,28.100000381469727,28.100000381469727,27.700000762939453,27.809999465942383,10300,17.57666778564453
2001-03-16,27.709999084472656,27.709999084472656,27.010000228881836,27.010000228881836,7700,17.119678497314453
2001-03-19,27.030000686645508,27.549999237060547,26.889999389648438,27.549999237060547,32200,17.461938858032227
2001-03-20,27.549999237060547,27.780000686645508,26.989999771118164,26.989999771118164,4900,17.106998443603516
2001-03-21,26.75,26.850000381469727,26.139999389648438,26.290000915527344,59500,16.663326263427734
2001-03-22,26.139999389648438,26.139999389648438,24.5,25.579999923706055,18700,16.213306427001953
2001-03-23,25.549999237060547,26.170000076293945,25.549999237060547,26.09000015258789,13000,16.536556243896484
2001-03-26,26.5,26.8799991607666,26.479999542236328,26.559999465942383,4500,16.83445167541504
2001-03-27,26.65999984741211,27.1299991607666,26.6299991607666,26.989999771118164,21500,17.106998443603516
2001-03-28,26.600000381469727,26.600000381469727,26.200000762939453,26.5,4400,16.796424865722656
2001-03-29,26.43000030517578,26.59000015258789,26,26.5,24900,16.796424865722656
2001-03-30,26.450000762939453,26.59000015258789,26.34000015258789,26.59000015258789,15600,16.853464126586914
2001-04-02,26.59000015258789,26.90999984741211,26.15999984741211,26.399999618530273,50600,16.73304557800293
2001-04-03,26,26.18000030517578,25.299999237060547,25.299999237060547,27300,16.03583335876465
2001-04-04,25.600000381469727,25.979999542236328,25.239999771118164,25.420000076293945,4000,16.111892700195312
2001-04-05,26,26.93000030517578,26,26.899999618530273,7300,17.049962997436523
2001-04-06,26.5,26.520000457763672,26.06999969482422,26.360000610351562,19200,16.707687377929688
2001-04-09,26.84000015258789,27.010000228881836,26.530000686645508,26.829999923706055,3200,17.005592346191406
2001-04-10,27,27.81999969482422,27,27.6200008392334,47800,17.50631332397461
2001-04-11,28.149999618530273,28.149999618530273,27.149999618530273,27.309999465942383,41800,17.309831619262695
2001-04-12,27.100000381469727,27.969999313354492,27.100000381469727,27.850000381469727,22500,17.6520938873291
2001-04-16,27.729999542236328,27.90999984741211,27.639999389648438,27.799999237060547,3700,17.62040138244629
2001-04-17,27.670000076293945,28.149999618530273,27.670000076293945,28.149999618530273,10200,17.842241287231445
2001-04-18,28.299999237060547,29.760000228881836,28.299999237060547,29.360000610351562,15900,18.60917091369629
2001-04-19,29.5,29.549999237060547,29.170000076293945,29.459999084472656,7000,18.672550201416016
2001-04-20,29.59000015258789,29.59000015258789,29.09000015258789,29.3799991607666,9900,18.62185287475586
2001-04-23,29.3799991607666,29.3799991607666,28.75,28.93000030517578,16600,18.33662223815918
2001-04-24,29.059999465942383,29.25,28.639999389648438,28.639999389648438,30900,18.15282440185547
2001-04-25,28.600000381469727,29.309999465942383,28.600000381469727,29.309999465942383,5100,18.57748031616211
2001-04-26,29.450000762939453,29.719999313354492,29.420000076293945,29.719999313354492,10100,18.837350845336914
2001-04-27,29.799999237060547,29.989999771118164,29.670000076293945,29.940000534057617,17600,18.976781845092773
2001-04-30,30.170000076293945,30.239999771118164,29.6299991607666,29.6299991607666,12100,18.780302047729492
2001-05-01,29.459999084472656,29.899999618530273,29.43000030517578,29.899999618530273,14300,18.951438903808594
2001-05-02,29.579999923706055,29.950000762939453,29.549999237060547,29.90999984741211,13500,18.957773208618164
2001-05-03,29.5,29.540000915527344,29.31999969482422,29.469999313354492,9700,18.67889404296875
2001-05-04,29.549999237060547,29.920000076293945,29.389999389648438,29.920000076293945,72900,18.964115142822266
2001-05-07,29.899999618530273,30.100000381469727,29.889999389648438,30.030000686645508,13100,19.033832550048828
2001-05-08,30.299999237060547,30.299999237060547,29.780000686645508,30.079999923706055,30000,19.065521240234375
2001-05-09,29.700000762939453,30.209999084472656,29.700000762939453,29.90999984741211,13700,18.957773208618164
2001-05-10,30.270000457763672,30.440000534057617,30.219999313354492,30.239999771118164,4200,19.16693687438965
2001-05-11,30.600000381469727,30.600000381469727,29.920000076293945,30.09000015258789,10200,19.071866989135742
2001-05-14,30.229999542236328,30.239999771118164,29.950000762939453,30.229999542236328,5200,19.16060447692871
2001-05-15,30,30.459999084472656,30,30.350000381469727,11000,19.236661911010742
2001-05-16,30.549999237060547,31.450000762939453,30.299999237060547,31.329999923706055,22500,19.857820510864258
2001-05-17,31.540000915527344,31.989999771118164,31.459999084472656,31.850000381469727,36000,20.18740463256836
2001-05-18,31.850000381469727,31.950000762939453,31.579999923706055,31.950000762939453,10800,20.25078582763672
2001-05-21,31.950000762939453,32.2599983215332,31.700000762939453,32.2599983215332,60100,20.447267532348633
2001-05-22,32.349998474121094,32.349998474121094,32,32.15999984741211,28900,20.383895874023438
2001-05-23,32.400001525878906,32.400001525878906,31.6299991607666,31.670000076293945,47700,20.073312759399414
2001-05-24,31.700000762939453,32.470001220703125,31.399999618530273,31.6299991607666,32100,20.047969818115234
2001-05-25,31.3799991607666,31.3799991607666,31,31.15999984741211,27800,19.75005531311035
2001-05-29,31.399999618530273,31.399999618530273,30.969999313354492,31.079999923706055,18500,19.69935417175293
2001-05-30,30.899999618530273,31.010000228881836,30.450000762939453,30.450000762939453,28700,19.300046920776367
2001-05-31,30.649999618530273,30.989999771118164,30.649999618530273,30.8700008392334,37300,19.566253662109375
2001-06-01,30.899999618530273,30.979999542236328,30.389999389648438,30.780000686645508,20200,19.509214401245117
2001-06-04,30.899999618530273,31.489999771118164,30.709999084472656,30.979999542236328,23900,19.635969161987305
2001-06-05,31.100000381469727,31.34000015258789,30.940000534057617,31.309999465942383,41000,19.845130920410156
2001-06-06,31.06999969482422,31.399999618530273,30.950000762939453,30.950000762939453,20500,19.61695671081543
2001-06-07,30.75,31.190000534057617,30.75,31.09000015258789,28000,19.70570182800293
2001-06-08,31.100000381469727,31.100000381469727,30.610000610351562,30.709999084472656,57200,19.464839935302734
2001-06-11,30.40999984741211,30.709999084472656,30.170000076293945,30.18000030517578,19200,19.1289119720459
2001-06-12,30,30.559999465942383,29.799999237060547,30.3799991607666,16700,19.255674362182617
2001-06-13,30.479999542236328,30.649999618530273,30.270000457763672,30.270000457763672,68500,19.185958862304688
2001-06-14,30.079999923706055,30.200000762939453,29.860000610351562,30.06999969482422,6500,19.05919075012207
2001-06-15,29.899999618530273,30,29.579999923706055,29.850000381469727,8400,18.960729598999023
2001-06-18,29.75,30.149999618530273,29.75,29.809999465942383,9300,18.93533706665039
2001-06-19,30.290000915527344,30.290000915527344,29.5,29.5,110100,18.738412857055664
2001-06-20,29.6299991607666,29.770000457763672,29.510000228881836,29.6299991607666,11300,18.82098960876465
2001-06-21,29.81999969482422,30.020000457763672,29.739999771118164,29.760000228881836,29400,18.9035701751709
2001-06-22,30,30,29.489999771118164,29.5,12200,18.738412857055664
2001-06-25,29.729999542236328,29.790000915527344,29.110000610351562,29.110000610351562,15900,18.490678787231445
2001-06-26,29,29.440000534057617,28.809999465942383,29.190000534057617,12300,18.541507720947266
2001-06-27,29.25,29.270000457763672,28.8799991607666,29.1299991607666,3900,18.50339126586914
2001-06-28,28.950000762939453,29.5,28.950000762939453,29.229999542236328,4400,18.56690788269043
2001-06-29,29,29.34000015258789,28.899999618530273,28.899999618530273,269800,18.357290267944336
2001-07-02,28.950000762939453,29.530000686645508,28.950000762939453,29.31999969482422,39600,18.62407684326172
2001-07-03,29.479999542236328,29.5,29.25,29.5,4300,18.738412857055664
2001-07-05,29.260000228881836,29.469999313354492,29.25,29.270000457763672,90600,18.592321395874023
2001-07-06,29.299999237060547,29.299999237060547,28.68000030517578,28.729999542236328,43600,18.249305725097656
2001-07-09,28.899999618530273,28.899999618530273,28.670000076293945,28.81999969482422,5000,18.30647850036621
2001-07-10,28.940000534057617,28.940000534057617,28.3799991607666,28.3799991607666,16200,18.026992797851562
2001-07-11,28.290000915527344,28.329999923706055,27.81999969482422,28.09000015258789,15900,17.842782974243164
2001-07-12,28.510000228881836,28.959999084472656,28.510000228881836,28.770000457763672,15600,18.27471351623535
2001-07-13,28.979999542236328,29.040000915527344,28.59000015258789,29,22200,18.420808792114258
2001-07-16,29.200000762939453,29.200000762939453,28.459999084472656,28.510000228881836,25600,18.109573364257812
2001-07-17,28.329999923706055,29.09000015258789,28.329999923706055,29.09000015258789,15400,18.477985382080078
2001-07-18,29.09000015258789,29.18000030517578,28.770000457763672,29.18000030517578,8800,18.5351505279541
2001-07-19,29.5,29.5,29.100000381469727,29.100000381469727,9600,18.48433494567871
2001-07-20,29.280000686645508,29.329999923706055,29.200000762939453,29.25,16800,18.57961082458496
2001-07-23,29.010000228881836,29.25,28.93000030517578,28.93000030517578,2400,18.3763484954834
2001-07-24,28.829999923706055,28.829999923706055,27.969999313354492,28.15999984741211,186800,17.887248992919922
2001-07-25,28.5,28.5,28.059999465942383,28.350000381469727,21400,18.0079288482666
2001-07-26,28.31999969482422,28.639999389648438,28.200000762939453,28.6299991607666,23300,18.185791015625
2001-07-27,28.6299991607666,28.969999313354492,28.56999969482422,28.899999618530273,12000,18.357290267944336
2001-07-30,28.989999771118164,28.989999771118164,28.649999618530273,28.84000015258789,16000,18.319183349609375
2001-07-31,28.75,29.18000030517578,28.75,28.84000015258789,14800,18.319183349609375
2001-08-01,29.100000381469727,29.280000686645508,29,29,24800,18.420808792114258
2001-08-02,29,29.219999313354492,28.950000762939453,29.040000915527344,11700,18.44621467590332
2001-08-03,29.18000030517578,29.18000030517578,28.729999542236328,29.18000030517578,20400,18.5351505279541
2001-08-06,29,29.040000915527344,28.549999237060547,28.549999237060547,16000,18.134973526000977
2001-08-07,28.799999237060547,28.959999084472656,28.520000457763672,28.760000228881836,10000,18.268373489379883
2001-08-08,28.780000686645508,29,28.389999389648438,28.5,9500,18.103208541870117
2001-08-09,28.420000076293945,28.56999969482422,28.270000457763672,28.510000228881836,9400,18.109573364257812
2001-08-10,28.280000686645508,29.040000915527344,28.280000686645508,29.040000915527344,29500,18.44621467590332
2001-08-13,29.100000381469727,29.100000381469727,28.700000762939453,28.770000457763672,16200,18.27471351623535
2001-08-14,29,29.739999771118164,27.329999923706055,28.790000915527344,27300,18.287425994873047
2001-08-15,29,29,28.700000762939453,28.729999542236328,88400,18.249305725097656
2001-08-16,28.5,28.790000915527344,28.3799991607666,28.719999313354492,20200,18.242963790893555
2001-08-17,28.59000015258789,28.59000015258789,28.209999084472656,28.3700008392334,21800,18.020639419555664
2001-08-20,28.6200008392334,28.6200008392334,28.18000030517578,28.350000381469727,13800,18.0079288482666
2001-08-21,28.469999313354492,28.670000076293945,28.239999771118164,28.309999465942383,26200,17.982526779174805
2001-08-22,28.200000762939453,28.510000228881836,28.170000076293945,28.260000228881836,30100,17.950754165649414
2001-08-23,28.399999618530273,28.420000076293945,28.239999771118164,28.350000381469727,22200,18.0079288482666
2001-08-24,28.399999618530273,28.8700008392334,28.399999618530273,28.8700008392334,9500,18.33824348449707
2001-08-27,28.899999618530273,28.969999313354492,28.709999084472656,28.860000610351562,4500,18.331880569458008
2001-08-28,28.670000076293945,28.700000762939453,28.309999465942383,28.309999465942383,35100,17.982526779174805
2001-08-29,28.5,28.5,28.010000228881836,28.1200008392334,12900,17.861831665039062
2001-08-30,27.950000762939453,28.15999984741211,27.440000534057617,27.600000381469727,103000,17.531530380249023
2001-08-31,27.489999771118164,27.8799991607666,27.489999771118164,27.850000381469727,6800,17.69033432006836
2001-09-04,27.719999313354492,28.260000228881836,27.59000015258789,27.59000015258789,21900,17.525188446044922
2001-09-05,27.549999237060547,27.799999237060547,27.399999618530273,27.65999984741211,78800,17.569650650024414
2001-09-06,27.600000381469727,27.600000381469727,27.18000030517578,27.18000030517578,13400,17.26475715637207
2001-09-07,27,27.030000686645508,26.450000762939453,26.5,41000,16.832813262939453
2001-09-10,26.5,26.579999923706055,26.239999771118164,26.450000762939453,8400,16.801055908203125
2001-09-17,26.149999618530273,26.149999618530273,23.93000030517578,24,155900,15.244818687438965
2001-09-18,24.149999618530273,24.200000762939453,23.549999237060547,23.65999984741211,123700,15.028846740722656
2001-09-19,23.549999237060547,23.75,22.18000030517578,23.06999969482422,32000,14.654075622558594
2001-09-20,22.399999618530273,22.469999313354492,21.719999313354492,21.75,84500,13.815614700317383
2001-09-21,21,21.899999618530273,20.399999618530273,21.68000030517578,19600,13.829005241394043
2001-09-24,22.549999237060547,23.190000534057617,22.450000762939453,23.1299991607666,35300,14.75391960144043
2001-09-25,23.1200008392334,23.3799991607666,22.860000610351562,23.280000686645508,69500,14.84959888458252
2001-09-26,23.100000381469727,23.3799991607666,22.700000762939453,22.8700008392334,56000,14.588065147399902
2001-09-27,22.84000015258789,23.1200008392334,22.579999923706055,23.1200008392334,9900,14.747540473937988
2001-09-28,23.350000381469727,23.739999771118164,23.149999618530273,23.670000076293945,35500,15.09836483001709
2001-10-01,23.700000762939453,23.700000762939453,23.170000076293945,23.459999084472656,7700,14.964412689208984
2001-10-02,23.610000610351562,23.920000076293945,23.510000228881836,23.920000076293945,17100,15.257829666137695
2001-10-03,23.8799991607666,24.540000915527344,23.770000457763672,24.5,34000,15.627791404724121
2001-10-04,24.5,24.790000915527344,24.399999618530273,24.530000686645508,28300,15.64692497253418
2001-10-05,24.5,24.510000228881836,24,24.510000228881836,6400,15.634176254272461
2001-10-08,24.389999389648438,24.399999618530273,24.030000686645508,24.219999313354492,33000,15.449193000793457
2001-10-09,24.200000762939453,24.200000762939453,23.950000762939453,24.1299991607666,10300,15.391788482666016
2001-10-10,24.1299991607666,24.729999542236328,24.1299991607666,24.56999969482422,20400,15.672436714172363
2001-10-11,24.899999618530273,25.329999923706055,24.899999618530273,25.299999237060547,32200,16.138092041015625
2001-10-12,25.399999618530273,25.399999618530273,24.6299991607666,25.059999465942383,30100,15.98499870300293
2001-10-15,25.059999465942383,25.25,24.81999969482422,25.229999542236328,22900,16.09343719482422
2001-10-16,25.420000076293945,25.440000534057617,25.010000228881836,25.170000076293945,38700,16.0551700592041
2001-10-17,25.299999237060547,25.299999237060547,24.579999923706055,24.579999923706055,199800,15.67882251739502
2001-10-18,24.459999084472656,24.59000015258789,24.350000381469727,24.479999542236328,7900,15.615045547485352
2001-10-19,24.299999237060547,24.360000610351562,24.190000534057617,24.34000015258789,46900,15.525729179382324
2001-10-22,24.450000762939453,24.8700008392334,24.450000762939453,24.850000381469727,12800,15.851059913635254
2001-10-23,25,25.020000457763672,24.639999389648438,24.719999313354492,16500,15.768125534057617
2001-10-24,24.700000762939453,24.940000534057617,24.700000762939453,24.84000015258789,9500,15.844663619995117
2001-10-25,24.520000457763672,25.229999542236328,24.520000457763672,25.229999542236328,5100,16.09343719482422
2001-10-26,25.200000762939453,25.75,25.200000762939453,25.700000762939453,10800,16.393245697021484
2001-10-29,25.25,25.350000381469727,24.75,24.75,20800,15.787263870239258
2001-10-30,24.399999618530273,24.559999465942383,24.200000762939453,24.209999084472656,8600,15.44282341003418
2001-10-31,24.549999237060547,24.549999237060547,24,24.09000015258789,18900,15.36627197265625
2001-11-01,24.149999618530273,24.59000015258789,23.799999237060547,24.59000015258789,49700,15.685200691223145
2001-11-02,24.579999923706055,24.969999313354492,24.479999542236328,24.969999313354492,9100,15.927590370178223
2001-11-05,25.219999313354492,25.420000076293945,25.18000030517578,25.34000015258789,27300,16.163610458374023
2001-11-06,25.399999618530273,25.700000762939453,25.149999618530273,25.700000762939453,56400,16.393245697021484
2001-11-07,25.600000381469727,25.969999313354492,25.59000015258789,25.639999389648438,33900,16.35495948791504
2001-11-08,25.950000762939453,26.18000030517578,25.860000610351562,25.90999984741211,20500,16.527191162109375
2001-11-09,25.950000762939453,26.020000457763672,25.799999237060547,25.81999969482422,15600,16.469776153564453
2001-11-12,25.799999237060547,25.799999237060547,25.010000228881836,25.520000457763672,25000,16.278427124023438
2001-11-13,25.899999618530273,26.149999618530273,25.860000610351562,26.149999618530273,25500,16.680286407470703
2001-11-14,26.200000762939453,26.40999984741211,26.15999984741211,26.280000686645508,61300,16.763198852539062
2001-11-15,26.479999542236328,26.520000457763672,26.229999542236328,26.40999984741211,58300,16.846118927001953
2001-11-16,26.75,26.75,26.450000762939453,26.6200008392334,16200,16.980077743530273
2001-11-19,26.950000762939453,26.950000762939453,26.700000762939453,26.860000610351562,100600,17.13317108154297
2001-11-20,26.75,26.8700008392334,26.5,26.5,80000,16.90353775024414
2001-11-21,26.739999771118164,26.739999771118164,26.350000381469727,26.549999237060547,34800,16.935426712036133
2001-11-23,26.600000381469727,26.899999618530273,26.540000915527344,26.8700008392334,22400,17.139545440673828
2001-11-26,26.899999618530273,27.010000228881836,26.709999084472656,27,43200,17.222471237182617
2001-11-27,26.799999237060547,27.25,26.709999084472656,26.81999969482422,398600,17.107654571533203
2001-11-28,26.6200008392334,26.739999771118164,26.389999389648438,26.399999618530273,30400,16.83974266052246
2001-11-29,26.600000381469727,26.600000381469727,26.360000610351562,26.549999237060547,43100,16.935426712036133
2001-11-30,26.549999237060547,26.670000076293945,26.5,26.5,48500,16.90353775024414
2001-12-03,26.3700008392334,26.3700008392334,26.049999237060547,26.270000457763672,9600,16.756826400756836
2001-12-04,26.3700008392334,26.6200008392334,26.31999969482422,26.59000015258789,10800,16.960947036743164
2001-12-05,26.899999618530273,27.3700008392334,26.899999618530273,27.15999984741211,69500,17.324527740478516
2001-12-06,27.360000610351562,27.600000381469727,27.25,27.489999771118164,93100,17.53502655029297
2001-12-07,27.200000762939453,27.399999618530273,27.06999969482422,27.190000534057617,18900,17.343671798706055
2001-12-10,27.190000534057617,27.190000534057617,26.670000076293945,26.770000457763672,12000,17.07575798034668
2001-12-11,26.850000381469727,27.049999237060547,26.649999618530273,26.649999618530273,47400,16.99921417236328
2001-12-12,26.8700008392334,26.899999618530273,26.610000610351562,26.780000686645508,16300,17.082138061523438
2001-12-13,26.559999465942383,26.729999542236328,26.479999542236328,26.59000015258789,27900,16.960947036743164
2001-12-14,26.25,26.6299991607666,26.25,26.31999969482422,31000,16.788705825805664
2001-12-17,26.700000762939453,26.889999389648438,26.639999389648438,26.719999313354492,16000,17.043869018554688
2001-12-18,27.25,27.3700008392334,27.139999389648438,27.360000610351562,36400,17.45210838317871
2001-12-19,27.200000762939453,27.65999984741211,27.200000762939453,27.6200008392334,11800,17.617948532104492
2001-12-20,27.6299991607666,27.639999389648438,27.3799991607666,27.459999084472656,3893700,17.515888214111328
2001-12-21,27.68000030517578,27.770000457763672,27.450000762939453,27.770000457763672,1077300,17.7136287689209
2001-12-24,27.649999618530273,27.799999237060547,27.56999969482422,27.799999237060547,162900,17.73277473449707
2001-12-26,27.799999237060547,28.020000457763672,27.670000076293945,27.899999618530273,104800,17.796554565429688
2001-12-27,27.899999618530273,27.979999542236328,27.829999923706055,27.889999389648438,40600,17.790172576904297
2001-12-28,28,28.1200008392334,27.90999984741211,28.049999237060547,1280200,17.89222526550293
2001-12-31,27.899999618530273,28.079999923706055,27.700000762939453,27.700000762939453,60600,17.668975830078125
2002-01-02,27.600000381469727,27.700000762939453,27.299999237060547,27.700000762939453,2623400,17.668975830078125
2002-01-03,27.700000762939453,27.700000762939453,27.389999389648438,27.690000534057617,51800,17.662599563598633
2002-01-04,27.799999237060547,27.959999084472656,27.649999618530273,27.700000762939453,1325400,17.668975830078125
2002-01-07,27.940000534057617,27.989999771118164,27.510000228881836,27.510000228881836,1613300,17.54778480529785
2002-01-08,27.700000762939453,27.75,27.290000915527344,27.43000030517578,226600,17.49675941467285
2002-01-09,27.600000381469727,27.799999237060547,27.200000762939453,27.280000686645508,180800,17.401073455810547
2002-01-10,27.25,27.290000915527344,26.989999771118164,27,26100,17.222471237182617
2002-01-11,26.950000762939453,27.1200008392334,26.559999465942383,26.559999465942383,34300,16.941802978515625
2002-01-14,26.75,26.75,26.260000228881836,26.260000228881836,77600,16.750452041625977
2002-01-15,26.040000915527344,26.34000015258789,25.940000534057617,26.290000915527344,82500,16.769582748413086
2002-01-16,25.770000457763672,25.8700008392334,25.31999969482422,25.399999618530273,312000,16.201875686645508
2002-01-17,25.700000762939453,25.75,25.5,25.5,23100,16.26567268371582
2002-01-18,25.399999618530273,25.690000534057617,25.399999618530273,25.68000030517578,11500,16.38047981262207
2002-01-22,26.350000381469727,26.350000381469727,25.709999084472656,25.829999923706055,15000,16.476163864135742
2002-01-23,25.520000457763672,25.709999084472656,25.260000228881836,25.700000762939453,27200,16.393245697021484
2002-01-24,25.700000762939453,26.020000457763672,25.700000762939453,25.93000030517578,14300,16.539945602416992
2002-01-25,25.920000076293945,26.31999969482422,25.920000076293945,26.290000915527344,61600,16.769582748413086
2002-01-28,26.399999618530273,26.399999618530273,26.100000381469727,26.270000457763672,15800,16.756826400756836
2002-01-29,26.399999618530273,26.399999618530273,25.040000915527344,25.270000457763672,195700,16.118961334228516
2002-01-30,25.270000457763672,25.6200008392334,24.350000381469727,25.549999237060547,261100,16.29755210876465
2002-01-31,25.579999923706055,25.959999084472656,25.5,25.950000762939453,95300,16.55270767211914
2002-02-01,25.940000534057617,25.940000534057617,25.530000686645508,25.75,299800,16.425132751464844
2002-02-04,25.200000762939453,25.280000686645508,24.610000610351562,24.610000610351562,341500,15.697956085205078
2002-02-05,24.649999618530273,24.700000762939453,24.1200008392334,24.270000457763672,2663200,15.48108959197998
2002-02-06,24.649999618530273,24.829999923706055,24.3799991607666,24.450000762939453,1516500,15.59591007232666
2002-02-07,24.899999618530273,25.030000686645508,24.639999389648438,24.739999771118164,1814300,15.780889511108398
2002-02-08,24.68000030517578,25.06999969482422,24.540000915527344,24.889999389648438,158100,15.876557350158691
2002-02-11,25,25.59000015258789,25,25.43000030517578,39300,16.221010208129883
2002-02-12,25.389999389648438,25.510000228881836,25.209999084472656,25.209999084472656,11300,16.080686569213867
2002-02-13,25.6299991607666,25.75,25.399999618530273,25.479999542236328,34300,16.252893447875977
2002-02-14,25.5,25.6299991607666,25.350000381469727,25.56999969482422,8800,16.31031036376953
2002-02-15,25.350000381469727,25.68000030517578,25.329999923706055,25.389999389648438,11400,16.195497512817383
2002-02-19,25.100000381469727,25.43000030517578,25.100000381469727,25.31999969482422,54700,16.150850296020508
2002-02-20,25.549999237060547,25.690000534057617,25.110000610351562,25.690000534057617,28700,16.38686180114746
2002-02-21,25.850000381469727,26.09000015258789,25.56999969482422,25.59000015258789,24200,16.323070526123047
2002-02-22,25.799999237060547,25.959999084472656,25.399999618530273,25.84000015258789,94500,16.482547760009766
2002-02-25,25.989999771118164,26.56999969482422,25.989999771118164,26.520000457763672,560300,16.91629409790039
2002-02-26,26.700000762939453,26.75,26.280000686645508,26.6200008392334,197500,16.980077743530273
2002-02-27,26.81999969482422,27.1200008392334,26.65999984741211,26.940000534057617,2123800,17.184200286865234
2002-02-28,27.100000381469727,27.25,26.600000381469727,26.600000381469727,150200,16.967317581176758
2002-03-01,26.799999237060547,27.219999313354492,26.610000610351562,27.219999313354492,33400,17.36280632019043
2002-03-04,27.549999237060547,28.34000015258789,27.440000534057617,28.149999618530273,320300,17.956024169921875
2002-03-05,28.049999237060547,28.25,27.68000030517578,27.799999237060547,332700,17.73277473449707
2002-03-06,27.850000381469727,28.649999618530273,27.850000381469727,28.639999389648438,145600,18.268573760986328
2002-03-07,28.700000762939453,28.700000762939453,28.110000610351562,28.299999237060547,304400,18.05169677734375
2002-03-08,28.520000457763672,28.700000762939453,28.209999084472656,28.489999771118164,124100,18.172895431518555
2002-03-11,28.399999618530273,28.780000686645508,28.25,28.549999237060547,105800,18.211158752441406
2002-03-12,28.350000381469727,28.690000534057617,28.200000762939453,28.489999771118164,138300,18.172895431518555
2002-03-13,28.399999618530273,28.469999313354492,28.100000381469727,28.100000381469727,226200,17.924129486083984
2002-03-14,28.219999313354492,28.309999465942383,28.100000381469727,28.1299991607666,147100,17.943260192871094
2002-03-15,28.200000762939453,28.200000762939453,27.920000076293945,28.06999969482422,139300,17.957338333129883
2002-03-18,28.299999237060547,28.299999237060547,27.809999465942383,27.959999084472656,220400,17.886960983276367
2002-03-19,28.149999618530273,28.389999389648438,28.100000381469727,28.260000228881836,132800,18.078887939453125
2002-03-20,28.200000762939453,28.260000228881836,27.799999237060547,27.950000762939453,111700,17.880565643310547
2002-03-21,27.950000762939453,27.950000762939453,27.06999969482422,27.389999389648438,137600,17.52231788635254
2002-03-22,27.389999389648438,27.530000686645508,26.979999542236328,27.229999542236328,91000,17.41996192932129
2002-03-25,27.440000534057617,27.440000534057617,26.75,26.799999237060547,158600,17.144868850708008
2002-03-26,26.829999923706055,27.34000015258789,26.829999923706055,26.969999313354492,184600,17.253633499145508
2002-03-27,27.149999618530273,27.440000534057617,26.920000076293945,27.149999618530273,73000,17.368789672851562
2002-03-28,27.25,27.479999542236328,27.209999084472656,27.239999771118164,13800,17.426361083984375
2002-04-01,26.979999542236328,27.290000915527344,26.729999542236328,27.229999542236328,15000,17.41996192932129
2002-04-02,27,27.1200008392334,26.8799991607666,26.969999313354492,115700,17.253633499145508
2002-04-03,26.799999237060547,27,26.40999984741211,26.600000381469727,189200,17.016923904418945
2002-04-04,26.5,26.8799991607666,26.5,26.809999465942383,274800,17.151269912719727
2002-04-05,27.25,27.25,26.899999618530273,26.93000030517578,153700,17.228036880493164
2002-04-08,26.760000228881836,27.139999389648438,26.700000762939453,27.139999389648438,156000,17.36237907409668
2002-04-09,27.299999237060547,27.299999237060547,27.09000015258789,27.1200008392334,97100,17.34958267211914
2002-04-10,27.360000610351562,27.75,27.329999923706055,27.75,95900,17.75261688232422
2002-04-11,27.600000381469727,27.600000381469727,26.81999969482422,26.860000610351562,218100,17.183252334594727
2002-04-12,27.020000457763672,27.049999237060547,26.700000762939453,26.81999969482422,38100,17.157670974731445
2002-04-15,26.709999084472656,26.709999084472656,26.399999618530273,26.540000915527344,93900,16.978544235229492
2002-04-16,26.770000457763672,27.100000381469727,26.770000457763672,27.010000228881836,329400,17.279220581054688
2002-04-17,26.950000762939453,27,26.700000762939453,26.81999969482422,305800,17.157670974731445
2002-04-18,26.780000686645508,26.829999923706055,26.200000762939453,26.6200008392334,392200,17.02972412109375
2002-04-19,26.610000610351562,26.729999542236328,26.459999084472656,26.469999313354492,39700,16.933767318725586
2002-04-22,26.350000381469727,26.440000534057617,25.979999542236328,26.049999237060547,525900,16.665067672729492
2002-04-23,26.049999237060547,26.239999771118164,25.860000610351562,26,574300,16.633087158203125
2002-04-24,25.899999618530273,26.18000030517578,25.760000228881836,25.780000686645508,39300,16.492340087890625
2002-04-25,25.270000457763672,25.56999969482422,25.09000015258789,25.469999313354492,159400,16.294025421142578
2002-04-26,25.5,25.690000534057617,25.200000762939453,25.209999084472656,90200,16.127695083618164
2002-04-29,25.34000015258789,25.34000015258789,24.649999618530273,24.65999984741211,303500,15.775834083557129
2002-04-30,24.790000915527344,25.540000915527344,24.739999771118164,25.360000610351562,313800,16.223655700683594
2002-05-01,25.299999237060547,25.469999313354492,24.780000686645508,25.440000534057617,61700,16.274839401245117
2002-05-02,25.520000457763672,25.56999969482422,25.3700008392334,25.530000686645508,42900,16.332412719726562
2002-05-03,25.399999618530273,25.6299991607666,25.299999237060547,25.540000915527344,35700,16.33881187438965
2002-05-06,25.489999771118164,25.510000228881836,24.780000686645508,24.81999969482422,173000,15.878199577331543
2002-05-07,24.899999618530273,25.149999618530273,24.770000457763672,24.84000015258789,73100,15.890995025634766
2002-05-08,25.479999542236328,25.889999389648438,25.399999618530273,25.8700008392334,277900,16.5499210357666
2002-05-09,25.649999618530273,25.75,25.399999618530273,25.43000030517578,229900,16.268436431884766
2002-05-10,25.670000076293945,25.670000076293945,25.049999237060547,25.049999237060547,60500,16.02532958984375
2002-05-13,25.049999237060547,25.34000015258789,24.979999542236328,25.209999084472656,381300,16.127695083618164
2002-05-14,25.690000534057617,25.850000381469727,25.579999923706055,25.770000457763672,48700,16.485952377319336
2002-05-15,25.690000534057617,26.1200008392334,25.670000076293945,25.8700008392334,55700,16.5499210357666
2002-05-16,26.059999465942383,26.059999465942383,25.8700008392334,26.030000686645508,33700,16.65227508544922
2002-05-17,26.18000030517578,26.299999237060547,26.100000381469727,26.260000228881836,91800,16.799421310424805
2002-05-20,26.219999313354492,26.219999313354492,25.940000534057617,26.049999237060547,82100,16.665067672729492
2002-05-21,26.110000610351562,26.350000381469727,25.600000381469727,25.649999618530273,166600,16.4091796875
2002-05-22,25.549999237060547,25.8700008392334,25.520000457763672,25.760000228881836,137700,16.479551315307617
2002-05-23,25.81999969482422,26.239999771118164,25.719999313354492,26.239999771118164,76000,16.786623001098633
2002-05-24,26.139999389648438,26.219999313354492,25.950000762939453,25.950000762939453,22200,16.60110092163086
2002-05-28,26.049999237060547,26.049999237060547,25.6299991607666,25.65999984741211,20000,16.415573120117188
2002-05-29,25.579999923706055,25.579999923706055,25.360000610351562,25.3700008392334,239100,16.230056762695312
2002-05-30,25.149999618530273,25.43000030517578,25.100000381469727,25.260000228881836,59600,16.159677505493164
2002-05-31,25.31999969482422,25.700000762939453,25.31999969482422,25.469999313354492,52000,16.294025421142578
2002-06-03,25.600000381469727,25.600000381469727,24.510000228881836,24.510000228881836,49900,15.679883003234863
2002-06-04,24.5,24.600000381469727,24.149999618530273,24.309999465942383,72400,15.55194091796875
2002-06-05,24.3700008392334,24.719999313354492,24.3700008392334,24.719999313354492,80600,15.814229965209961
2002-06-06,24.600000381469727,24.65999984741211,24.100000381469727,24.1299991607666,38600,15.436788558959961
2002-06-07,23.899999618530273,24.350000381469727,23.579999923706055,24.1299991607666,144200,15.436788558959961
2002-06-10,24.059999465942383,24.450000762939453,24.059999465942383,24.31999969482422,11400,15.558333396911621
2002-06-11,24.399999618530273,24.59000015258789,23.940000534057617,24.030000686645508,57500,15.372810363769531
2002-06-12,23.93000030517578,24.1200008392334,23.6200008392334,24.020000457763672,66900,15.366410255432129
2002-06-13,24.190000534057617,24.270000457763672,23.959999084472656,23.959999084472656,48800,15.328028678894043
2002-06-14,23.739999771118164,23.90999984741211,23.579999923706055,23.84000015258789,24900,15.251267433166504
2002-06-17,23.959999084472656,24.510000228881836,23.959999084472656,24.510000228881836,24100,15.679883003234863
2002-06-18,24.520000457763672,24.81999969482422,24.440000534057617,24.739999771118164,231200,15.827028274536133
2002-06-19,24.600000381469727,24.989999771118164,24.5,24.549999237060547,86800,15.705469131469727
2002-06-20,24.6200008392334,24.649999618530273,24.350000381469727,24.360000610351562,120800,15.583930969238281
2002-06-21,24.059999465942383,24.170000076293945,23.68000030517578,23.690000534057617,38100,15.192091941833496
2002-06-24,23.81999969482422,24.260000228881836,23.440000534057617,24.020000457763672,199600,15.403717041015625
2002-06-25,24,24.190000534057617,23.3799991607666,23.510000228881836,116200,15.07666015625
2002-06-26,23,23.5,22.700000762939453,23.5,343500,15.070253372192383
2002-06-27,23.729999542236328,23.8700008392334,23.34000015258789,23.8700008392334,37100,15.30752944946289
2002-06-28,23.979999542236328,24.209999084472656,23.850000381469727,23.850000381469727,22000,15.294703483581543
2002-07-01,23.969999313354492,24.010000228881836,23.31999969482422,23.31999969482422,71900,14.95482063293457
2002-07-02,23.239999771118164,23.5,22.790000915527344,22.959999084472656,158900,14.723958015441895
2002-07-03,22.950000762939453,22.989999771118164,22.399999618530273,22.989999771118164,26500,14.743196487426758
2002-07-05,23.190000534057617,23.940000534057617,23.190000534057617,23.940000534057617,17400,15.352416038513184
2002-07-08,24,24,23.469999313354492,23.540000915527344,173100,15.095903396606445
2002-07-09,23.610000610351562,23.760000228881836,22.950000762939453,22.950000762939453,175700,14.717551231384277
2002-07-10,23.15999984741211,23.18000030517578,22.309999465942383,22.389999389648438,207600,14.358428001403809
2002-07-11,21.950000762939453,22.5,21.75,22.420000076293945,98300,14.377664566040039
2002-07-12,22.56999969482422,22.81999969482422,22.06999969482422,22.350000381469727,50200,14.332777976989746
2002-07-15,22.079999923706055,22.18000030517578,21.309999465942383,22.18000030517578,32900,14.2237548828125
2002-07-16,21.799999237060547,22.149999618530273,21.6200008392334,21.719999313354492,27000,13.928766250610352
2002-07-17,22.219999313354492,22.25,21.579999923706055,21.979999542236328,55900,14.095492362976074
2002-07-18,21.950000762939453,21.950000762939453,21.34000015258789,21.34000015258789,39600,13.685068130493164
2002-07-19,21.170000076293945,21.170000076293945,20.479999542236328,20.68000030517578,98500,13.261817932128906
2002-07-22,20.549999237060547,20.6299991607666,19.739999771118164,20.020000457763672,115200,12.838578224182129
2002-07-23,20.149999618530273,20.170000076293945,19.56999969482422,19.56999969482422,99900,12.549996376037598
2002-07-24,19.100000381469727,20.670000076293945,19.100000381469727,20.6200008392334,55600,13.22334098815918
2002-07-25,20.399999618530273,20.889999389648438,20.1299991607666,20.639999389648438,47100,13.236173629760742
2002-07-26,20.700000762939453,21.059999465942383,20.610000610351562,20.969999313354492,117600,13.447792053222656
2002-07-29,21,22.40999984741211,21,22.280000686645508,105100,14.287884712219238
2002-07-30,22.139999389648438,22.68000030517578,21.8700008392334,22.540000915527344,76400,14.454617500305176
2002-07-31,22.200000762939453,22.5,21.850000381469727,22.5,61800,14.428961753845215
2002-08-01,22.43000030517578,22.489999771118164,21.950000762939453,22,41900,14.108320236206055
2002-08-02,21.75,22,21.059999465942383,21.200000762939453,56500,13.59528636932373
2002-08-05,21.200000762939453,21.200000762939453,20.5,20.5,29400,13.146394729614258
2002-08-06,21.100000381469727,21.760000228881836,21,21.200000762939453,36200,13.59528636932373
2002-08-07,21.81999969482422,21.81999969482422,21.18000030517578,21.729999542236328,277500,13.935175895690918
2002-08-08,21.850000381469727,22.559999465942383,21.719999313354492,22.360000610351562,28600,14.339183807373047
2002-08-09,22.1200008392334,22.559999465942383,22.049999237060547,22.530000686645508,22300,14.448202133178711
2002-08-12,22.399999618530273,22.459999084472656,22.049999237060547,22.270000457763672,44400,14.281465530395508
2002-08-13,22.239999771118164,22.360000610351562,21.75,21.75,18900,13.947999000549316
2002-08-14,21.760000228881836,22.309999465942383,21.15999984741211,22.219999313354492,50000,14.249406814575195
2002-08-15,22.389999389648438,22.559999465942383,21.969999313354492,22.399999618530273,36800,14.36483097076416
2002-08-16,22.31999969482422,22.6200008392334,22.209999084472656,22.3799991607666,26500,14.352011680603027
2002-08-19,22.5,23.049999237060547,22.450000762939453,22.90999984741211,59700,14.691890716552734
2002-08-20,22.90999984741211,22.90999984741211,22.540000915527344,22.799999237060547,18900,14.621346473693848
2002-08-21,22.799999237060547,23.1299991607666,22.610000610351562,22.8700008392334,25200,14.666239738464355
2002-08-22,23,23.34000015258789,22.93000030517578,23.200000762939453,32600,14.877856254577637
2002-08-23,23.110000610351562,23.110000610351562,22.649999618530273,22.65999984741211,20900,14.531570434570312
2002-08-26,22.860000610351562,22.940000534057617,22.389999389648438,22.940000534057617,31000,14.711129188537598
2002-08-27,23.149999618530273,23.280000686645508,22.690000534057617,22.739999771118164,37700,14.58287239074707
2002-08-28,22.549999237060547,22.549999237060547,22.170000076293945,22.299999237060547,22100,14.300704956054688
2002-08-29,21.799999237060547,22.18000030517578,21.799999237060547,22.1299991607666,33700,14.191689491271973
2002-08-30,22.149999618530273,22.459999084472656,21.989999771118164,22.149999618530273,45800,14.204513549804688
2002-09-03,21.760000228881836,21.760000228881836,21.329999923706055,21.3799991607666,152100,13.710726737976074
2002-09-04,21.25,21.709999084472656,21,21.59000015258789,37200,13.845382690429688
2002-09-05,21.06999969482422,21.420000076293945,21,21.209999084472656,40200,13.601696014404297
2002-09-06,21.200000762939453,21.6200008392334,21.200000762939453,21.479999542236328,36800,13.774857521057129
2002-09-09,21.31999969482422,21.899999618530273,21.25,21.65999984741211,75600,13.890280723571777
2002-09-10,21.850000381469727,21.979999542236328,21.68000030517578,21.899999618530273,44800,14.044189453125
2002-09-11,22.219999313354492,22.219999313354492,21.8799991607666,21.899999618530273,27300,14.044189453125
2002-09-12,22,22,21.510000228881836,21.600000381469727,47600,13.851805686950684
2002-09-13,21.1299991607666,21.18000030517578,20.899999618530273,21.079999923706055,21500,13.518339157104492
2002-09-16,20.899999618530273,21.31999969482422,20.899999618530273,21.290000915527344,92100,13.653010368347168
2002-09-17,21.510000228881836,22.059999465942383,20.850000381469727,20.850000381469727,177400,13.370841026306152
2002-09-18,20.649999618530273,20.90999984741211,20.56999969482422,20.81999969482422,71700,13.351595878601074
2002-09-19,20.5,20.799999237060547,20.309999465942383,20.40999984741211,284200,13.088674545288086
2002-09-20,20.149999618530273,20.450000762939453,20.149999618530273,20.40999984741211,40400,13.138237953186035
2002-09-23,20.200000762939453,20.280000686645508,19.959999084472656,20.149999618530273,62900,12.970877647399902
2002-09-24,19.920000076293945,20,19.639999389648438,19.719999313354492,77000,12.694077491760254
2002-09-25,20.18000030517578,20.219999313354492,19.760000228881836,20.100000381469727,165300,12.938684463500977
2002-09-26,20.25,20.600000381469727,20.1299991607666,20.489999771118164,532300,13.18973445892334
2002-09-27,20.450000762939453,20.450000762939453,19.690000534057617,19.709999084472656,35900,12.687636375427246
2002-09-30,19.600000381469727,19.68000030517578,19.020000457763672,19.520000457763672,147000,12.565333366394043
2002-10-01,19.639999389648438,20.3700008392334,19.5,20.3700008392334,91900,13.112491607666016
2002-10-02,20,20.25,19.649999618530273,19.670000076293945,140700,12.661892890930176
2002-10-03,19.5,20.010000228881836,19.469999313354492,19.510000228881836,91800,12.558897018432617
2002-10-04,19.579999923706055,19.579999923706055,18.850000381469727,19,47700,12.230603218078613
2002-10-07,19.049999237060547,19.15999984741211,18.329999923706055,18.489999771118164,57100,11.902311325073242
2002-10-08,18.3799991607666,18.860000610351562,18.18000030517578,18.6299991607666,180300,11.992429733276367
2002-10-09,18.6299991607666,18.6299991607666,17.950000762939453,18,153800,11.586883544921875
2002-10-10,18.100000381469727,18.65999984741211,17.75,18.6200008392334,601300,11.98598575592041
2002-10-11,19.170000076293945,19.739999771118164,19.170000076293945,19.479999542236328,85300,12.539583206176758
2002-10-14,19.600000381469727,19.600000381469727,19.299999237060547,19.3700008392334,187300,12.46877670288086
2002-10-15,19.3700008392334,20.3700008392334,19.3700008392334,20.309999465942383,644700,13.073862075805664
2002-10-16,20.309999465942383,20.309999465942383,19.75,19.809999465942383,134600,12.752009391784668
2002-10-17,20.649999618530273,20.649999618530273,20.25,20.43000030517578,655200,13.151113510131836
2002-10-18,20.43000030517578,20.459999084472656,20.010000228881836,20.399999618530273,23100,13.131800651550293
2002-10-21,20.399999618530273,21.049999237060547,20.200000762939453,21.020000457763672,59800,13.530901908874512
2002-10-22,21.049999237060547,21.049999237060547,20.479999542236328,20.729999542236328,488700,13.34422492980957
2002-10-23,20.649999618530273,20.940000534057617,20.350000381469727,20.940000534057617,24100,13.479408264160156
2002-10-24,21.049999237060547,21.079999923706055,20.440000534057617,20.5,125900,13.196170806884766
2002-10-25,20.350000381469727,20.760000228881836,20.350000381469727,20.760000228881836,126400,13.363534927368164
2002-10-28,21.049999237060547,21.049999237060547,20.43000030517578,20.469999313354492,193300,13.176863670349121
2002-10-29,20.469999313354492,20.469999313354492,19.93000030517578,20.299999237060547,255300,13.067427635192871
2002-10-30,20.200000762939453,20.559999465942383,20.200000762939453,20.31999969482422,165500,13.080301284790039
2002-10-31,20.579999923706055,20.579999923706055,20.270000457763672,20.479999542236328,33100,13.183298110961914
2002-11-01,20.3799991607666,20.75,20.049999237060547,20.75,40100,13.357107162475586
2002-11-04,20.950000762939453,21.200000762939453,20.700000762939453,20.770000457763672,71000,13.36997127532959
2002-11-05,20.950000762939453,21,20.600000381469727,20.969999313354492,100900,13.498716354370117
2002-11-06,21.170000076293945,21.399999618530273,21,21.360000610351562,125700,13.74976921081543
2002-11-07,20.950000762939453,21.100000381469727,20.75,20.899999618530273,42300,13.453658103942871
2002-11-08,20.850000381469727,21.06999969482422,20.5,20.59000015258789,121400,13.254104614257812
2002-11-11,20.5,21.239999771118164,20.059999465942383,20.200000762939453,127300,13.003060340881348
2002-11-12,20.299999237060547,20.440000534057617,20.1200008392334,20.209999084472656,70300,13.009495735168457
2002-11-13,20.209999084472656,20.420000076293945,19.969999313354492,20.170000076293945,182200,12.983750343322754
2002-11-14,20.559999465942383,20.59000015258789,20.3700008392334,20.450000762939453,69100,13.163994789123535
2002-11-15,20.209999084472656,20.520000457763672,20.209999084472656,20.450000762939453,40400,13.163994789123535
2002-11-18,20.75,20.75,20.299999237060547,20.299999237060547,13800,13.067427635192871
2002-11-19,20.100000381469727,20.489999771118164,20.100000381469727,20.329999923706055,52500,13.086742401123047
2002-11-20,20.299999237060547,20.670000076293945,20.25,20.6299991607666,46900,13.27985954284668
2002-11-21,20.6299991607666,21.479999542236328,20.6299991607666,21.479999542236328,77800,13.827011108398438
2002-11-22,21.360000610351562,21.469999313354492,21.239999771118164,21.3799991607666,37600,13.762648582458496
2002-11-25,21.280000686645508,21.459999084472656,21.049999237060547,21.34000015258789,50300,13.736894607543945
2002-11-26,21.09000015258789,21.299999237060547,20.950000762939453,21.040000915527344,884300,13.543784141540527
2002-11-27,21.229999542236328,21.75,21.229999542236328,21.600000381469727,67600,13.904265403747559
2002-11-29,21.510000228881836,21.75,21.510000228881836,21.549999237060547,25100,13.872068405151367
2002-12-02,21.850000381469727,22.09000015258789,21.5,21.690000534057617,979000,13.96219539642334
2002-12-03,21.75,21.75,21.239999771118164,21.329999923706055,56700,13.730459213256836
2002-12-04,21.239999771118164,21.530000686645508,21.040000915527344,21.260000228881836,59100,13.68540096282959
2002-12-05,21.280000686645508,21.280000686645508,20.950000762939453,21.040000915527344,34500,13.543784141540527
2002-12-06,20.790000915527344,21.18000030517578,20.739999771118164,21.030000686645508,67300,13.537342071533203
2002-12-09,20.899999618530273,21.049999237060547,20.700000762939453,20.700000762939453,47600,13.324914932250977
2002-12-10,20.709999084472656,20.969999313354492,20.6200008392334,20.8700008392334,57500,13.43435287475586
2002-12-11,20.899999618530273,21.1200008392334,20.739999771118164,20.979999542236328,38400,13.505165100097656
2002-12-12,21.100000381469727,21.100000381469727,20.770000457763672,20.899999618530273,1076900,13.453658103942871
2002-12-13,20.799999237060547,21,20.459999084472656,20.540000915527344,51300,13.221930503845215
2002-12-16,20.610000610351562,21.049999237060547,20.610000610351562,21.049999237060547,78200,13.550215721130371
2002-12-17,20.790000915527344,21.09000015258789,20.790000915527344,20.790000915527344,32000,13.38284969329834
2002-12-18,20.850000381469727,20.850000381469727,20.610000610351562,20.760000228881836,66200,13.363534927368164
2002-12-19,20.760000228881836,20.950000762939453,20.469999313354492,20.610000610351562,101300,13.266982078552246
2002-12-20,20.700000762939453,20.81999969482422,20.600000381469727,20.81999969482422,365900,13.476046562194824
2002-12-23,20.56999969482422,20.889999389648438,20.56999969482422,20.719999313354492,95400,13.411321640014648
2002-12-24,20.75,20.809999465942383,20.56999969482422,20.6200008392334,25300,13.346595764160156
2002-12-26,20.5,21.059999465942383,20.5,20.690000534057617,30100,13.3919095993042
2002-12-27,20.600000381469727,20.68000030517578,20.290000915527344,20.290000915527344,243500,13.132994651794434
2002-12-30,20.700000762939453,20.700000762939453,20.15999984741211,20.399999618530273,373300,13.20419692993164
2002-12-31,20.649999618530273,20.649999618530273,20.270000457763672,20.59000015258789,72400,13.32717514038086
2003-01-02,20.829999923706055,21.260000228881836,20.6200008392334,21.1200008392334,320600,13.670228958129883
2003-01-03,21.25,21.25,20.969999313354492,21.190000534057617,70700,13.715538024902344
2003-01-06,21.299999237060547,21.559999465942383,21.25,21.3799991607666,76900,13.838525772094727
2003-01-07,21.399999618530273,21.440000534057617,21.100000381469727,21.260000228881836,62500,13.760848045349121
2003-01-08,21.200000762939453,21.219999313354492,20.81999969482422,21,41800,13.592555046081543
2003-01-09,21,21.290000915527344,21,21.270000457763672,177500,13.76732063293457
2003-01-10,21.100000381469727,21.360000610351562,20.979999542236328,21.229999542236328,99400,13.74142837524414
2003-01-13,21.299999237060547,21.299999237060547,20.979999542236328,21.190000534057617,101900,13.715538024902344
2003-01-14,21.25,21.25,21.010000228881836,21.229999542236328,357900,13.74142837524414
2003-01-15,21.350000381469727,21.350000381469727,20.760000228881836,20.93000030517578,88000,13.54725170135498
2003-01-16,20.93000030517578,21.149999618530273,20.760000228881836,20.809999465942383,143400,13.469578742980957
2003-01-17,20.5,20.81999969482422,20.5,20.65999984741211,33300,13.37248706817627
2003-01-21,20.600000381469727,20.799999237060547,20.139999389648438,20.149999618530273,67100,13.042380332946777
2003-01-22,19.950000762939453,20.149999618530273,19.700000762939453,19.770000457763672,105300,12.796420097351074
2003-01-23,20,20.170000076293945,19.75,20.1299991607666,134400,13.029431343078613
2003-01-24,19.950000762939453,19.950000762939453,19.459999084472656,19.510000228881836,65000,12.628129959106445
2003-01-27,19.350000381469727,19.600000381469727,19.200000762939453,19.360000610351562,76600,12.531037330627441
2003-01-28,19.200000762939453,19.649999618530273,19.200000762939453,19.479999542236328,218800,12.608712196350098
2003-01-29,19.479999542236328,19.799999237060547,19.149999618530273,19.5,28000,12.621662139892578
2003-01-30,19.649999618530273,19.649999618530273,19.15999984741211,19.15999984741211,94800,12.401588439941406
2003-01-31,19.299999237060547,19.68000030517578,19.260000228881836,19.479999542236328,57700,12.608712196350098
2003-02-03,19.68000030517578,19.770000457763672,19.520000457763672,19.649999618530273,39400,12.718748092651367
2003-02-04,19.420000076293945,19.479999542236328,19.209999084472656,19.479999542236328,92600,12.608712196350098
2003-02-05,19.649999618530273,19.760000228881836,19.299999237060547,19.5,164400,12.621662139892578
2003-02-06,19.549999237060547,19.549999237060547,19.100000381469727,19.34000015258789,54500,12.518097877502441
2003-02-07,19.450000762939453,19.450000762939453,19.020000457763672,19.149999618530273,18300,12.395124435424805
2003-02-10,19.299999237060547,19.299999237060547,18.899999618530273,19.170000076293945,28900,12.408064842224121
2003-02-11,19.3700008392334,19.3700008392334,18.950000762939453,18.969999313354492,121400,12.278609275817871
2003-02-12,19,19.020000457763672,18.75,18.809999465942383,133600,12.175040245056152
2003-02-13,18.860000610351562,18.860000610351562,18.350000381469727,18.56999969482422,43700,12.019707679748535
2003-02-14,18.59000015258789,19.010000228881836,18.59000015258789,19,77600,12.298028945922852
2003-02-18,19.25,19.450000762939453,19.049999237060547,19.209999084472656,67300,12.433952331542969
2003-02-19,19.350000381469727,19.399999618530273,19.100000381469727,19.299999237060547,52600,12.492203712463379
2003-02-20,19.399999618530273,19.450000762939453,19,19.200000762939453,138700,12.42747974395752
2003-02-21,19,19.5,19,19.5,177500,12.621662139892578
2003-02-24,19.399999618530273,19.399999618530273,18.850000381469727,18.850000381469727,103300,12.20094108581543
2003-02-25,18.649999618530273,19.149999618530273,18.600000381469727,19.149999618530273,281500,12.395124435424805
2003-02-26,19.200000762939453,19.25,18.899999618530273,19,341100,12.298028945922852
2003-02-27,19.149999618530273,19.239999771118164,18.799999237060547,19.1299991607666,76000,12.382166862487793
2003-02-28,19.139999389648438,19.399999618530273,19.049999237060547,19.18000030517578,38900,12.41453742980957
2003-03-03,19.389999389648438,19.399999618530273,19.010000228881836,19.100000381469727,155500,12.362757682800293
2003-03-04,18.899999618530273,19.100000381469727,18.75,18.75,26500,12.136213302612305
2003-03-05,18.950000762939453,18.950000762939453,18.600000381469727,18.899999618530273,851400,12.233299255371094
2003-03-06,18.799999237060547,18.829999923706055,17.850000381469727,18.760000228881836,576300,12.142684936523438
2003-03-07,18.350000381469727,18.950000762939453,18.350000381469727,18.829999923706055,1321300,12.187992095947266
2003-03-10,18.899999618530273,18.899999618530273,18.350000381469727,18.350000381469727,144700,11.877304077148438
2003-03-11,18.450000762939453,18.489999771118164,18,18.010000228881836,39300,11.657236099243164
2003-03-12,17.959999084472656,18.219999313354492,17.850000381469727,18.219999313354492,77700,11.793163299560547
2003-03-13,18.420000076293945,18.790000915527344,18.299999237060547,18.75,926400,12.136213302612305
2003-03-14,18.899999618530273,19.100000381469727,18.670000076293945,19.049999237060547,518600,12.330387115478516
2003-03-17,18.649999618530273,19.709999084472656,18.649999618530273,19.59000015258789,375400,12.679917335510254
2003-03-18,19.790000915527344,19.899999618530273,19.540000915527344,19.850000381469727,627000,12.848199844360352
2003-03-19,19.989999771118164,20.020000457763672,19.639999389648438,19.969999313354492,78900,12.925873756408691
2003-03-20,20,20.100000381469727,19.649999618530273,19.959999084472656,1269900,12.91939640045166
2003-03-21,20.149999618530273,20.579999923706055,19.920000076293945,20.579999923706055,179500,13.371617317199707
2003-03-24,19.850000381469727,20.049999237060547,19.700000762939453,19.850000381469727,335600,12.897309303283691
2003-03-25,19.899999618530273,20.079999923706055,19.6200008392334,19.889999389648438,120200,12.923300743103027
2003-03-26,19.75,19.969999313354492,19.649999618530273,19.889999389648438,893400,12.923300743103027
2003-03-27,19.639999389648438,19.850000381469727,19.420000076293945,19.84000015258789,825600,12.890813827514648
2003-03-28,19.700000762939453,19.75,19.5,19.6200008392334,143000,12.747871398925781
2003-03-31,19.200000762939453,19.479999542236328,19.100000381469727,19.309999465942383,169700,12.546449661254883
2003-04-01,19.450000762939453,19.639999389648438,19.200000762939453,19.579999923706055,94300,12.721883773803711
2003-04-02,19.850000381469727,20.139999389648438,19.760000228881836,20.020000457763672,369100,13.007769584655762
2003-04-03,20.350000381469727,20.350000381469727,19.940000534057617,20,248100,12.994768142700195
2003-04-04,20.200000762939453,20.200000762939453,19.860000610351562,20.049999237060547,79200,13.027261734008789
2003-04-07,20.549999237060547,20.670000076293945,20.170000076293945,20.200000762939453,100200,13.124715805053711
2003-04-08,20.139999389648438,20.299999237060547,20,20.1200008392334,179000,13.072749137878418
2003-04-09,20.100000381469727,20.299999237060547,19.84000015258789,19.8799991607666,198800,12.916802406311035
2003-04-10,20.049999237060547,20.049999237060547,19.700000762939453,19.90999984741211,383100,12.936291694641113
2003-04-11,19.989999771118164,20.229999542236328,19.850000381469727,19.940000534057617,180600,12.955790519714355
2003-04-14,20.1200008392334,20.280000686645508,19.920000076293945,20.280000686645508,120000,13.1766996383667
2003-04-15,20.43000030517578,20.459999084472656,20.1299991607666,20.450000762939453,534800,13.287160873413086
2003-04-16,20.450000762939453,20.549999237060547,20.110000610351562,20.170000076293945,338700,13.105229377746582
2003-04-17,20.170000076293945,20.5,20.1299991607666,20.5,132100,13.3196382522583
2003-04-21,20.489999771118164,20.579999923706055,20.31999969482422,20.31999969482422,76800,13.202685356140137
2003-04-22,20.25,20.950000762939453,20.25,20.93000030517578,71900,13.599027633666992
2003-04-23,20.899999618530273,21.1299991607666,20.899999618530273,21.100000381469727,79700,13.70948600769043
2003-04-24,21,21,20.75,20.899999618530273,35600,13.579538345336914
2003-04-25,20.700000762939453,20.90999984741211,20.600000381469727,20.739999771118164,105500,13.475580215454102
2003-04-28,20.739999771118164,21.219999313354492,20.739999771118164,21.110000610351562,143800,13.715974807739258
2003-04-29,21.270000457763672,21.350000381469727,21,21.170000076293945,324700,13.754961967468262
2003-04-30,21.149999618530273,21.399999618530273,20.950000762939453,21.399999618530273,65400,13.904400825500488
2003-05-01,21.399999618530273,21.399999618530273,20.850000381469727,21.079999923706055,34300,13.696491241455078
2003-05-02,20.979999542236328,21.489999771118164,20.979999542236328,21.3700008392334,407200,13.884920120239258
2003-05-05,21.299999237060547,21.479999542236328,21.15999984741211,21.299999237060547,33700,13.83942699432373
2003-05-06,21.350000381469727,21.559999465942383,21.260000228881836,21.360000610351562,324400,13.878422737121582
2003-05-07,21.420000076293945,21.5,21.209999084472656,21.329999923706055,61500,13.858926773071289
2003-05-08,20.950000762939453,21.280000686645508,20.950000762939453,21.1299991607666,21600,13.728976249694824
2003-05-09,21.25,21.450000762939453,21.059999465942383,21.450000762939453,13800,13.936893463134766
2003-05-12,21.190000534057617,21.649999618530273,21.190000534057617,21.610000610351562,36400,14.040850639343262
2003-05-13,21.700000762939453,21.700000762939453,21.43000030517578,21.540000915527344,386800,13.995368003845215
2003-05-14,21.5,21.6200008392334,21.329999923706055,21.469999313354492,72100,13.949891090393066
2003-05-15,21.600000381469727,21.719999313354492,21.5,21.700000762939453,152900,14.099327087402344
2003-05-16,21.5,21.709999084472656,21.440000534057617,21.600000381469727,53800,14.034354209899902
2003-05-19,21.600000381469727,21.600000381469727,21.040000915527344,21.040000915527344,333300,13.670509338378906
2003-05-20,21.290000915527344,21.290000915527344,20.8700008392334,21.15999984741211,246400,13.74846363067627
2003-05-21,21.15999984741211,21.15999984741211,20.850000381469727,21.040000915527344,107000,13.670509338378906
2003-05-22,21.139999389648438,21.299999237060547,21.030000686645508,21.200000762939453,1526600,13.774457931518555
2003-05-23,21.25,21.399999618530273,21.110000610351562,21.280000686645508,52000,13.826436996459961
2003-05-27,21.350000381469727,21.799999237060547,21.1200008392334,21.799999237060547,182000,14.16429615020752
2003-05-28,22.18000030517578,22.18000030517578,21.639999389648438,21.719999313354492,99800,14.112320899963379
2003-05-29,21.559999465942383,21.84000015258789,21.399999618530273,21.479999542236328,341100,13.956385612487793
2003-05-30,21.479999542236328,21.989999771118164,21.479999542236328,21.979999542236328,1063800,14.281255722045898
2003-06-02,22.200000762939453,22.40999984741211,22.049999237060547,22.200000762939453,312600,14.4241943359375
2003-06-03,22.290000915527344,22.309999465942383,22.040000915527344,22.229999542236328,98700,14.443690299987793
2003-06-04,22.399999618530273,22.56999969482422,22.15999984741211,22.520000457763672,599800,14.63211441040039
2003-06-05,22.489999771118164,22.639999389648438,22.290000915527344,22.579999923706055,72600,14.671095848083496
2003-06-06,22.600000381469727,23.06999969482422,22.600000381469727,22.770000457763672,802100,14.794548034667969
2003-06-09,22.770000457763672,22.770000457763672,22.420000076293945,22.469999313354492,78800,14.599626541137695
2003-06-10,22.25,22.709999084472656,22.25,22.59000015258789,107000,14.677597045898438
2003-06-11,22.75,23.1299991607666,22.639999389648438,23.040000915527344,491200,14.969983100891113
2003-06-12,23.25,23.290000915527344,23,23.100000381469727,89000,15.008963584899902
2003-06-13,23.209999084472656,23.209999084472656,22.770000457763672,22.850000381469727,32300,14.846521377563477
2003-06-16,22.700000762939453,23.399999618530273,22.700000762939453,23.399999618530273,61900,15.203875541687012
2003-06-17,23.59000015258789,23.59000015258789,23.25,23.40999984741211,1540600,15.210376739501953
2003-06-18,23.239999771118164,23.450000762939453,23.18000030517578,23.290000915527344,40400,15.132414817810059
2003-06-19,23.399999618530273,23.399999618530273,22.799999237060547,22.860000610351562,89600,14.853025436401367
2003-06-20,23.100000381469727,23.100000381469727,22.829999923706055,22.920000076293945,91400,14.924652099609375
2003-06-23,23,23,22.540000915527344,22.639999389648438,486500,14.742326736450195
2003-06-24,22.6200008392334,22.739999771118164,22.530000686645508,22.649999618530273,44600,14.748842239379883
2003-06-25,22.75,22.75,22.299999237060547,22.299999237060547,65900,14.520934104919434
2003-06-26,22.399999618530273,22.610000610351562,22.270000457763672,22.56999969482422,58200,14.696747779846191
2003-06-27,22.649999618530273,22.649999618530273,22.25,22.350000381469727,42200,14.553495407104492
2003-06-30,22.25,22.5,21.530000686645508,22.389999389648438,42600,14.579538345336914
2003-07-01,22.219999313354492,22.440000534057617,22,22.440000534057617,59600,14.612099647521973
2003-07-02,22.600000381469727,22.600000381469727,22.329999923706055,22.5,398700,14.651165008544922
2003-07-03,22.5,22.6200008392334,22.3700008392334,22.479999542236328,10500,14.638139724731445
2003-07-07,22.790000915527344,22.93000030517578,22.6200008392334,22.780000686645508,508000,14.83348560333252
2003-07-08,22.75,22.950000762939453,22.690000534057617,22.950000762939453,137700,14.944188117980957
2003-07-09,22.950000762939453,22.950000762939453,22.6200008392334,22.700000762939453,22700,14.781400680541992
2003-07-10,22.540000915527344,22.65999984741211,22.3700008392334,22.399999618530273,100400,14.586048126220703
2003-07-11,22.6200008392334,22.729999542236328,22.459999084472656,22.6299991607666,553800,14.735812187194824
2003-07-14,22.799999237060547,22.989999771118164,22.549999237060547,22.549999237060547,72100,14.683723449707031
2003-07-15,22.559999465942383,22.780000686645508,22.3700008392334,22.40999984741211,509700,14.592561721801758
2003-07-16,22.6200008392334,22.6200008392334,22.260000228881836,22.360000610351562,50100,14.560004234313965
2003-07-17,22.18000030517578,22.450000762939453,21.309999465942383,22.299999237060547,1268100,14.520934104919434
2003-07-18,22.299999237060547,22.75,22.299999237060547,22.600000381469727,4202200,14.716275215148926
2003-07-21,22.799999237060547,22.799999237060547,22.479999542236328,22.5,205200,14.651165008544922
2003-07-22,22.799999237060547,22.84000015258789,22.469999313354492,22.780000686645508,670300,14.83348560333252
2003-07-23,22.950000762939453,22.950000762939453,22.510000228881836,22.709999084472656,244000,14.787899017333984
2003-07-24,22.899999618530273,23.049999237060547,22.670000076293945,22.709999084472656,165300,14.787899017333984
2003-07-25,22.700000762939453,23.219999313354492,22.700000762939453,23.219999313354492,312800,15.120009422302246
2003-07-28,23.399999618530273,23.399999618530273,23.049999237060547,23.239999771118164,1153800,15.133024215698242
2003-07-29,23.260000228881836,23.260000228881836,22.829999923706055,22.920000076293945,1189600,14.924652099609375
2003-07-30,23.100000381469727,23.100000381469727,22.809999465942383,22.920000076293945,27600,14.924652099609375
2003-07-31,23.100000381469727,23.450000762939453,23.030000686645508,23.1299991607666,441600,15.061392784118652
2003-08-01,23.149999618530273,23.149999618530273,22.899999618530273,22.950000762939453,178000,14.944188117980957
2003-08-04,23.100000381469727,23.100000381469727,22.649999618530273,23,189000,14.976746559143066
2003-08-05,23.100000381469727,23.149999618530273,22.549999237060547,22.610000610351562,789800,14.722786903381348
2003-08-06,22.510000228881836,22.700000762939453,22.3799991607666,22.56999969482422,170800,14.696747779846191
2003-08-07,22.399999618530273,22.729999542236328,22.399999618530273,22.709999084472656,1054600,14.787899017333984
2003-08-08,22.899999618530273,22.899999618530273,22.610000610351562,22.739999771118164,209800,14.807446479797363
2003-08-11,22.899999618530273,22.969999313354492,22.690000534057617,22.920000076293945,178600,14.924652099609375
2003-08-12,23.049999237060547,23.139999389648438,22.81999969482422,23.139999389648438,233600,15.067903518676758
2003-08-13,23.350000381469727,23.489999771118164,23,23.059999465942383,536100,15.015819549560547
2003-08-14,23,23.420000076293945,23,23.329999923706055,268000,15.191631317138672
2003-08-15,23.399999618530273,23.549999237060547,23.290000915527344,23.549999237060547,51700,15.334879875183105
2003-08-18,23.600000381469727,23.899999618530273,23.450000762939453,23.899999618530273,498100,15.562797546386719
2003-08-19,24.040000915527344,24.040000915527344,23.780000686645508,24.040000915527344,900000,15.65395736694336
2003-08-20,24.030000686645508,24.030000686645508,23.780000686645508,23.899999618530273,2655100,15.562797546386719
2003-08-21,24.100000381469727,24.209999084472656,23.959999084472656,24.18000030517578,451200,15.74511432647705
2003-08-22,24.350000381469727,24.399999618530273,23.860000610351562,23.950000762939453,529700,15.595355033874512
2003-08-25,23.75,23.920000076293945,23.649999618530273,23.729999542236328,960500,15.452093124389648
2003-08-26,23.530000686645508,23.889999389648438,23.530000686645508,23.8700008392334,365700,15.54326343536377
2003-08-27,23.700000762939453,23.8700008392334,23.670000076293945,23.850000381469727,287200,15.530237197875977
2003-08-28,24.049999237060547,24.049999237060547,23.729999542236328,24.040000915527344,119100,15.65395736694336
2003-08-29,23.8700008392334,24.1299991607666,23.8700008392334,24.030000686645508,136500,15.647443771362305
2003-09-02,24.399999618530273,24.479999542236328,23.969999313354492,24.3799991607666,830700,15.875350952148438
2003-09-03,24.579999923706055,24.639999389648438,24.40999984741211,24.579999923706055,758200,16.005592346191406
2003-09-04,24.540000915527344,24.6200008392334,24.3700008392334,24.559999465942383,1947100,15.992558479309082
2003-09-05,24.59000015258789,24.59000015258789,24.170000076293945,24.290000915527344,565200,15.81674575805664
2003-09-08,24.5,24.549999237060547,24.309999465942383,24.40999984741211,1571900,15.894875526428223
2003-09-09,24.450000762939453,24.489999771118164,24.110000610351562,24.149999618530273,307400,15.725580215454102
2003-09-10,23.940000534057617,24.100000381469727,23.81999969482422,23.8700008392334,58500,15.54326343536377
2003-09-11,23.8700008392334,24.170000076293945,23.75,24.06999969482422,485400,15.673480987548828
2003-09-12,24.06999969482422,24.149999618530273,23.799999237060547,24.059999465942383,1639700,15.666983604431152
2003-09-15,24.25,24.25,24,24.09000015258789,271600,15.686509132385254
2003-09-16,24.06999969482422,24.469999313354492,23.90999984741211,24.399999618530273,36500,15.888371467590332
2003-09-17,24.549999237060547,24.549999237060547,24.270000457763672,24.299999237060547,238400,15.823260307312012
2003-09-18,24.450000762939453,24.6299991607666,24.280000686645508,24.59000015258789,758000,16.01209259033203
2003-09-19,24.600000381469727,24.670000076293945,24.260000228881836,24.399999618530273,105800,15.944788932800293
2003-09-22,24.200000762939453,24.25,24.010000228881836,24.079999923706055,188400,15.735681533813477
2003-09-23,23.950000762939453,24.200000762939453,23.950000762939453,24.170000076293945,506500,15.794480323791504
2003-09-24,24.350000381469727,24.350000381469727,23.68000030517578,23.700000762939453,204700,15.487347602844238
2003-09-25,23.6200008392334,23.75,23.450000762939453,23.520000457763672,105500,15.369738578796387
2003-09-26,23.329999923706055,23.5,23.219999313354492,23.270000457763672,178200,15.2063570022583
2003-09-29,23.450000762939453,23.610000610351562,23.260000228881836,23.510000228881836,710500,15.363191604614258
2003-09-30,23.600000381469727,23.600000381469727,23.049999237060547,23.290000915527344,253100,15.219430923461914
2003-10-01,23.399999618530273,23.799999237060547,23.350000381469727,23.75,31900,15.52003002166748
2003-10-02,23.649999618530273,23.899999618530273,23.649999618530273,23.860000610351562,70400,15.59190845489502
2003-10-03,23.90999984741211,24.350000381469727,23.90999984741211,24.100000381469727,202500,15.748749732971191
2003-10-06,24.239999771118164,24.239999771118164,24.040000915527344,24.110000610351562,99100,15.755274772644043
2003-10-07,23.899999618530273,24.229999542236328,23.899999618530273,24.229999542236328,86900,15.833691596984863
2003-10-08,24.079999923706055,24.25,24.010000228881836,24.1200008392334,232400,15.761816024780273
2003-10-09,24.3700008392334,24.5,24.229999542236328,24.280000686645508,153600,15.86636734008789
2003-10-10,24.479999542236328,24.479999542236328,24.049999237060547,24.139999389648438,67900,15.774880409240723
2003-10-13,24.3799991607666,24.469999313354492,24.100000381469727,24.239999771118164,143900,15.840229988098145
2003-10-14,24.299999237060547,24.420000076293945,24.079999923706055,24.360000610351562,170300,15.918651580810547
2003-10-15,24.65999984741211,24.65999984741211,24.229999542236328,24.399999618530273,155200,15.944788932800293
2003-10-16,24.18000030517578,24.5,24,24.40999984741211,630100,15.951318740844727
2003-10-17,24.489999771118164,24.489999771118164,24.1200008392334,24.239999771118164,300200,15.840229988098145
2003-10-20,24.350000381469727,24.350000381469727,24.139999389648438,24.299999237060547,167100,15.879438400268555
2003-10-21,24.450000762939453,24.450000762939453,24.25,24.260000228881836,70100,15.85330581665039
2003-10-22,24.049999237060547,24.25,23.950000762939453,23.979999542236328,204400,15.670327186584473
2003-10-23,23.989999771118164,24.1200008392334,23.850000381469727,24.040000915527344,166200,15.709534645080566
2003-10-24,23.780000686645508,24.100000381469727,23.75,24.049999237060547,281600,15.716068267822266
2003-10-27,24,24.209999084472656,24,24.059999465942383,151600,15.722603797912598
2003-10-28,24.1299991607666,24.34000015258789,24.079999923706055,24.34000015258789,67800,15.905571937561035
2003-10-29,24.3700008392334,24.579999923706055,24.34000015258789,24.5,134000,16.01013946533203
2003-10-30,24.850000381469727,24.8700008392334,24.559999465942383,24.690000534057617,166800,16.134302139282227
2003-10-31,24.8799991607666,24.8799991607666,24.700000762939453,24.729999542236328,645000,16.160429000854492
2003-11-03,24.8799991607666,25.020000457763672,24.790000915527344,24.850000381469727,131200,16.238845825195312
2003-11-04,25,25,24.799999237060547,24.920000076293945,44200,16.284591674804688
2003-11-05,24.989999771118164,24.989999771118164,24.729999542236328,24.899999618530273,63100,16.271522521972656
2003-11-06,24.860000610351562,25.049999237060547,24.75,25.030000686645508,167300,16.356477737426758
2003-11-07,25.040000915527344,25.149999618530273,24.889999389648438,24.940000534057617,272200,16.297658920288086
2003-11-10,25.100000381469727,25.100000381469727,24.700000762939453,24.709999084472656,692800,16.147357940673828
2003-11-11,24.649999618530273,24.75,24.59000015258789,24.6200008392334,160600,16.08855438232422
2003-11-12,24.690000534057617,25.06999969482422,24.68000030517578,25.020000457763672,751300,16.349943161010742
2003-11-13,24.81999969482422,25.059999465942383,24.81999969482422,25.010000228881836,1747200,16.343408584594727
2003-11-14,25.1200008392334,25.1200008392334,24.75,24.81999969482422,74800,16.2192440032959
2003-11-17,24.600000381469727,24.75,24.450000762939453,24.75,119500,16.17349624633789
2003-11-18,24.850000381469727,24.899999618530273,24.56999969482422,24.6299991607666,122800,16.09507942199707
2003-11-19,24.719999313354492,24.940000534057617,24.639999389648438,24.850000381469727,92800,16.238845825195312
2003-11-20,24.729999542236328,24.979999542236328,24.6200008392334,24.670000076293945,441700,16.121227264404297
2003-11-21,24.75,24.799999237060547,24.540000915527344,24.690000534057617,43300,16.134302139282227
2003-11-24,24.790000915527344,24.989999771118164,24.780000686645508,24.989999771118164,62900,16.330331802368164
2003-11-25,25.049999237060547,25.25,25,25.190000534057617,214900,16.46103858947754
2003-11-26,25.299999237060547,25.299999237060547,24.979999542236328,25.190000534057617,168000,16.46103858947754
2003-11-28,25.260000228881836,25.270000457763672,25.149999618530273,25.219999313354492,132500,16.480632781982422
2003-12-01,25.399999618530273,25.59000015258789,25.299999237060547,25.59000015258789,326900,16.72241973876953
2003-12-02,25.790000915527344,25.889999389648438,25.440000534057617,25.540000915527344,200600,16.689748764038086
2003-12-03,25.75,25.75,25.530000686645508,25.559999465942383,441200,16.70281982421875
2003-12-04,25.579999923706055,25.670000076293945,25.520000457763672,25.639999389648438,177400,16.755098342895508
2003-12-05,25.610000610351562,25.65999984741211,25.420000076293945,25.450000762939453,822800,16.630929946899414
2003-12-08,25.600000381469727,25.690000534057617,25.459999084472656,25.68000030517578,181900,16.78122901916504
2003-12-09,25.719999313354492,25.860000610351562,25.610000610351562,25.68000030517578,149900,16.78122901916504
2003-12-10,25.549999237060547,25.75,25.5,25.6299991607666,228900,16.74856185913086
2003-12-11,25.690000534057617,26.079999923706055,25.690000534057617,26.030000686645508,398600,17.009952545166016
2003-12-12,25.799999237060547,26.110000610351562,25.799999237060547,26.06999969482422,1787700,17.03608512878418
2003-12-15,26.420000076293945,26.420000076293945,26.010000228881836,26.100000381469727,416900,17.055694580078125
2003-12-16,26.299999237060547,26.299999237060547,25.959999084472656,26.260000228881836,475700,17.160247802734375
2003-12-17,26.350000381469727,26.350000381469727,26.06999969482422,26.290000915527344,470700,17.179851531982422
2003-12-18,26.450000762939453,26.600000381469727,26.329999923706055,26.59000015258789,435500,17.375892639160156
2003-12-19,26.649999618530273,26.649999618530273,26.31999969482422,26.479999542236328,467100,17.389028549194336
2003-12-22,26.549999237060547,26.68000030517578,26.40999984741211,26.639999389648438,938400,17.494098663330078
2003-12-23,26.81999969482422,26.81999969482422,26.610000610351562,26.700000762939453,200200,17.53350257873535
2003-12-24,27,27,26.530000686645508,26.600000381469727,265000,17.467838287353516
2003-12-26,26.719999313354492,26.719999313354492,26.530000686645508,26.549999237060547,94100,17.435001373291016
2003-12-29,26.75,26.889999389648438,26.649999618530273,26.889999389648438,244900,17.65828514099121
2003-12-30,27.049999237060547,27.049999237060547,26.700000762939453,26.729999542236328,495500,17.553192138671875
2003-12-31,26.799999237060547,26.889999389648438,26.68000030517578,26.760000228881836,253600,17.572895050048828
2004-01-02,27,27.010000228881836,26.6299991607666,26.739999771118164,118300,17.559762954711914
2004-01-05,27.049999237060547,27.049999237060547,26.81999969482422,27,302600,17.730491638183594
2004-01-06,27.149999618530273,27.149999618530273,26.8700008392334,26.959999084472656,360900,17.704235076904297
2004-01-07,27,27.040000915527344,26.760000228881836,27,558400,17.730491638183594
2004-01-08,27.149999618530273,27.25,27.020000457763672,27.170000076293945,646500,17.842144012451172
2004-01-09,26.950000762939453,27.1299991607666,26.829999923706055,26.899999618530273,1932100,17.66483497619629
2004-01-12,26.829999923706055,27.040000915527344,26.829999923706055,26.989999771118164,695700,17.723939895629883
2004-01-13,27.139999389648438,27.15999984741211,26.729999542236328,26.8799991607666,439100,17.651702880859375
2004-01-14,27,27.290000915527344,27,27.25,336600,17.894676208496094
2004-01-15,27.399999618530273,27.420000076293945,27.09000015258789,27.290000915527344,764700,17.920948028564453
2004-01-16,27.549999237060547,27.799999237060547,27.43000030517578,27.799999237060547,757800,18.25585174560547
2004-01-20,27.850000381469727,27.950000762939453,27.34000015258789,27.459999084472656,744000,18.032581329345703
2004-01-21,27.549999237060547,27.729999542236328,27.239999771118164,27.649999618530273,311400,18.157350540161133
2004-01-22,27.850000381469727,27.850000381469727,27.479999542236328,27.520000457763672,251700,18.07198143005371
2004-01-23,27.6200008392334,27.670000076293945,27.25,27.420000076293945,521700,18.006311416625977
2004-01-26,27.299999237060547,27.780000686645508,27.299999237060547,27.770000457763672,367300,18.236156463623047
2004-01-27,27.790000915527344,27.850000381469727,27.479999542236328,27.5,964300,18.05884552001953
2004-01-28,27.700000762939453,27.700000762939453,27,27.06999969482422,920000,17.776472091674805
2004-01-29,27.350000381469727,27.350000381469727,26.81999969482422,27.079999923706055,1215800,17.783039093017578
2004-01-30,27.1200008392334,27.1200008392334,26.809999465942383,27.030000686645508,222700,17.750207901000977
2004-02-02,26.829999923706055,27.18000030517578,26.770000457763672,26.979999542236328,395000,17.717370986938477
2004-02-03,27.899999618530273,27.899999618530273,25.84000015258789,26.8799991607666,170600,17.651702880859375
2004-02-04,26.959999084472656,26.959999084472656,26.68000030517578,26.75,640000,17.566329956054688
2004-02-05,26.899999618530273,27.059999465942383,26.700000762939453,27,219800,17.730491638183594
2004-02-06,27.149999618530273,27.200000762939453,26.860000610351562,27.1200008392334,712200,17.809307098388672
2004-02-09,27.200000762939453,27.200000762939453,26.989999771118164,27.049999237060547,1147100,17.76333236694336
2004-02-10,27.049999237060547,27.049999237060547,26.899999618530273,27.030000686645508,369900,17.750207901000977
2004-02-11,27.030000686645508,27.469999313354492,26.920000076293945,27.329999923706055,1008700,17.94721031188965
2004-02-12,27.5,27.5,27.280000686645508,27.309999465942383,314600,17.934083938598633
2004-02-13,27.350000381469727,27.479999542236328,27.100000381469727,27.18000030517578,735400,17.848711013793945
2004-02-17,27.34000015258789,27.459999084472656,27.209999084472656,27.389999389648438,401400,17.986608505249023
2004-02-18,27.489999771118164,27.489999771118164,27.139999389648438,27.25,441100,17.894676208496094
2004-02-19,27.450000762939453,27.450000762939453,27.040000915527344,27.040000915527344,497800,17.756771087646484
2004-02-20,27.010000228881836,27.290000915527344,26.850000381469727,26.989999771118164,530500,17.723939895629883
2004-02-23,27.149999618530273,27.149999618530273,26.75,26.889999389648438,1550700,17.65828514099121
2004-02-24,26.700000762939453,27.030000686645508,26.639999389648438,26.889999389648438,508600,17.65828514099121
2004-02-25,26.950000762939453,26.950000762939453,26.719999313354492,26.81999969482422,238900,17.6122989654541
2004-02-26,26.760000228881836,26.889999389648438,26.65999984741211,26.84000015258789,474700,17.62543487548828
2004-02-27,26.8799991607666,26.950000762939453,26.729999542236328,26.829999923706055,284400,17.618852615356445
2004-03-01,26.860000610351562,27.059999465942383,26.790000915527344,26.969999313354492,380400,17.71080780029297
2004-03-02,26.850000381469727,27.059999465942383,26.780000686645508,26.8799991607666,540200,17.651702880859375
2004-03-03,26.899999618530273,26.920000076293945,26.760000228881836,26.8700008392334,547600,17.645139694213867
2004-03-04,26.90999984741211,27,26.829999923706055,26.969999313354492,240800,17.71080780029297
2004-03-05,26.739999771118164,27.139999389648438,26.739999771118164,27.030000686645508,94600,17.750207901000977
2004-03-08,26.829999923706055,27.020000457763672,26.56999969482422,26.56999969482422,1022400,17.448135375976562
2004-03-09,26.479999542236328,26.600000381469727,26.309999465942383,26.389999389648438,1146100,17.329923629760742
2004-03-10,26.260000228881836,26.43000030517578,25.8799991607666,25.899999618530273,1693100,17.008155822753906
2004-03-11,25.700000762939453,26.06999969482422,25.15999984741211,25.510000228881836,1404400,16.752050399780273
2004-03-12,25.5,26,25.5,25.950000762939453,2531100,17.040985107421875
2004-03-15,25.940000534057617,26.040000915527344,25.610000610351562,25.6299991607666,1048200,16.830846786499023
2004-03-16,25.549999237060547,25.979999542236328,25.549999237060547,25.920000076293945,2137700,17.02128028869629
2004-03-17,26.100000381469727,26.34000015258789,26.049999237060547,26.239999771118164,299200,17.23142433166504
2004-03-18,26.100000381469727,26.309999465942383,25.979999542236328,26.270000457763672,297600,17.251117706298828
2004-03-19,26,26.18000030517578,25.850000381469727,25.850000381469727,439200,17.034326553344727
2004-03-22,25.639999389648438,25.649999618530273,25.290000915527344,25.5,688500,16.803682327270508
2004-03-23,25.540000915527344,25.649999618530273,25.399999618530273,25.43000030517578,484900,16.757558822631836
2004-03-24,25.3700008392334,25.520000457763672,25.280000686645508,25.43000030517578,262500,16.757558822631836
2004-03-25,25.469999313354492,25.950000762939453,25.469999313354492,25.850000381469727,557600,17.034326553344727
2004-03-26,25.950000762939453,26.149999618530273,25.8700008392334,25.989999771118164,921500,17.126575469970703
2004-03-29,26.399999618530273,26.450000762939453,26.170000076293945,26.299999237060547,360600,17.330867767333984
2004-03-30,26.229999542236328,26.479999542236328,26.200000762939453,26.459999084472656,666300,17.436302185058594
2004-03-31,26.270000457763672,26.549999237060547,26.270000457763672,26.40999984741211,444600,17.403343200683594
2004-04-01,26.530000686645508,26.639999389648438,26.43000030517578,26.559999465942383,906500,17.502197265625
2004-04-02,26.899999618530273,27,26.729999542236328,26.860000610351562,1383100,17.699888229370117
2004-04-05,26.989999771118164,27.18000030517578,26.860000610351562,27.18000030517578,551400,17.910757064819336
2004-04-06,27.239999771118164,27.239999771118164,27.049999237060547,27.15999984741211,344000,17.89756965637207
2004-04-07,27.25,27.299999237060547,26.969999313354492,27.100000381469727,538800,17.858034133911133
2004-04-08,27.399999618530273,27.399999618530273,26.8700008392334,26.950000762939453,234600,17.75918960571289
2004-04-12,27.1299991607666,27.270000457763672,27.079999923706055,27.219999313354492,213200,17.937114715576172
2004-04-13,27.420000076293945,27.420000076293945,26.739999771118164,26.799999237060547,460200,17.66034507751465
2004-04-14,26.719999313354492,26.90999984741211,26.579999923706055,26.780000686645508,725900,17.64716911315918
2004-04-15,26.600000381469727,26.940000534057617,26.600000381469727,26.860000610351562,1061600,17.699888229370117
2004-04-16,26.700000762939453,27.1200008392334,26.700000762939453,27.100000381469727,556600,17.858034133911133
2004-04-19,26.899999618530273,27.049999237060547,26.8700008392334,26.950000762939453,548900,17.75918960571289
2004-04-20,27.100000381469727,27.110000610351562,26.639999389648438,26.68000030517578,170500,17.58127784729004
2004-04-21,26.479999542236328,26.850000381469727,26.40999984741211,26.850000381469727,1433900,17.693286895751953
2004-04-22,26.799999237060547,27.440000534057617,26.799999237060547,27.440000534057617,2104600,18.082088470458984
2004-04-23,27.399999618530273,27.399999618530273,27.079999923706055,27.31999969482422,754500,18.00301170349121
2004-04-26,27.309999465942383,27.420000076293945,27.1200008392334,27.18000030517578,324000,17.910757064819336
2004-04-27,27.239999771118164,27.450000762939453,27.190000534057617,27.200000762939453,205100,17.92393684387207
2004-04-28,27.299999237060547,27.299999237060547,26.829999923706055,26.84000015258789,1106700,17.686697006225586
2004-04-29,26.59000015258789,26.950000762939453,26.5,26.600000381469727,248400,17.52855110168457
2004-04-30,26.5,26.739999771118164,26.399999618530273,26.399999618530273,1413500,17.396753311157227
2004-05-03,26.350000381469727,26.75,26.299999237060547,26.700000762939453,647200,17.594446182250977
2004-05-04,26.549999237060547,26.959999084472656,26.549999237060547,26.809999465942383,874200,17.666940689086914
2004-05-05,26.649999618530273,26.989999771118164,26.649999618530273,26.829999923706055,85900,17.680103302001953
2004-05-06,26.450000762939453,26.770000457763672,26.399999618530273,26.690000534057617,507000,17.58785629272461
2004-05-07,26.579999923706055,26.719999313354492,26.219999313354492,26.219999313354492,654400,17.27814483642578
2004-05-10,26.010000228881836,26.1200008392334,25.65999984741211,25.84000015258789,1260700,17.027740478515625
2004-05-11,25.700000762939453,26.059999465942383,25.700000762939453,26,779500,17.1331729888916
2004-05-12,25.850000381469727,26.219999313354492,25.65999984741211,26.219999313354492,242200,17.27814483642578
2004-05-13,26,26.290000915527344,26,26.219999313354492,1492200,17.27814483642578
2004-05-14,26.049999237060547,26.290000915527344,25.959999084472656,26.170000076293945,106000,17.245203018188477
2004-05-17,25.850000381469727,25.969999313354492,25.770000457763672,25.8799991607666,347200,17.054096221923828
2004-05-18,26.100000381469727,26.15999984741211,25.920000076293945,26.139999389648438,219800,17.225427627563477
2004-05-19,26.290000915527344,26.540000915527344,26.059999465942383,26.100000381469727,574800,17.199068069458008
2004-05-20,25.959999084472656,26.06999969482422,25.90999984741211,26.040000915527344,208500,17.15952491760254
2004-05-21,26.100000381469727,26.280000686645508,26.06999969482422,26.219999313354492,212200,17.27814483642578
2004-05-24,26.450000762939453,26.549999237060547,26.270000457763672,26.420000076293945,546400,17.40993309020996
2004-05-25,26.3700008392334,26.850000381469727,26.049999237060547,26.799999237060547,98800,17.66034507751465
2004-05-26,26.899999618530273,26.920000076293945,26.729999542236328,26.860000610351562,444300,17.699888229370117
2004-05-27,27.049999237060547,27.18000030517578,26.899999618530273,27.049999237060547,704600,17.825088500976562
2004-05-28,27.219999313354492,27.219999313354492,26.899999618530273,27.049999237060547,205000,17.825088500976562
2004-06-01,26.899999618530273,27.049999237060547,26.850000381469727,27.049999237060547,394700,17.825088500976562
2004-06-02,27.170000076293945,27.31999969482422,27.049999237060547,27.299999237060547,339000,17.989830017089844
2004-06-03,27.25,27.290000915527344,27.079999923706055,27.100000381469727,198000,17.858034133911133
2004-06-04,27.079999923706055,27.34000015258789,27.079999923706055,27.25,252700,17.95688247680664
2004-06-07,27.440000534057617,27.719999313354492,27.3700008392334,27.719999313354492,713500,18.266603469848633
2004-06-08,27.799999237060547,27.809999465942383,27.600000381469727,27.780000686645508,269200,18.306135177612305
2004-06-09,27.899999618530273,27.899999618530273,27.540000915527344,27.540000915527344,1466000,18.14798355102539
2004-06-10,27.719999313354492,27.729999542236328,27.530000686645508,27.729999542236328,429300,18.27318572998047
2004-06-14,27.649999618530273,27.649999618530273,27.489999771118164,27.579999923706055,541800,18.17433738708496
2004-06-15,27.780000686645508,27.8700008392334,27.690000534057617,27.829999923706055,627600,18.339080810546875
2004-06-16,27.950000762939453,28,27.770000457763672,27.899999618530273,652100,18.38521385192871
2004-06-17,27.989999771118164,27.989999771118164,27.739999771118164,27.920000076293945,386700,18.398401260375977
2004-06-18,27.649999618530273,28.110000610351562,27.649999618530273,28.020000457763672,1271300,18.502727508544922
2004-06-21,28.100000381469727,28.139999389648438,27.90999984741211,27.90999984741211,658200,18.43008804321289
2004-06-22,27.8700008392334,28.200000762939453,27.8700008392334,28.170000076293945,466200,18.601774215698242
2004-06-23,28.209999084472656,28.59000015258789,28.1299991607666,28.56999969482422,341500,18.86591148376465
2004-06-24,28.770000457763672,28.780000686645508,28.399999618530273,28.510000228881836,1503800,18.82628631591797
2004-06-25,28.6200008392334,28.6200008392334,28.3700008392334,28.469999313354492,959000,18.79987335205078
2004-06-28,28.600000381469727,28.600000381469727,28.260000228881836,28.260000228881836,251700,18.661203384399414
2004-06-29,28.260000228881836,28.559999465942383,28.260000228881836,28.479999542236328,482300,18.806476593017578
2004-06-30,28.600000381469727,28.690000534057617,28.34000015258789,28.65999984741211,451100,18.925338745117188
2004-07-01,28.780000686645508,28.780000686645508,28.1299991607666,28.229999542236328,975200,18.641395568847656
2004-07-02,28.239999771118164,28.239999771118164,27.920000076293945,27.989999771118164,2125900,18.4829044342041
2004-07-06,28.049999237060547,28.049999237060547,27.75,27.93000030517578,337000,18.443288803100586
2004-07-07,27.969999313354492,28.079999923706055,27.889999389648438,27.979999542236328,424600,18.4763126373291
2004-07-08,27.850000381469727,28,27.799999237060547,27.81999969482422,833200,18.370656967163086
2004-07-09,27.950000762939453,28.049999237060547,27.940000534057617,28.049999237060547,489100,18.522533416748047
2004-07-12,28.049999237060547,28.170000076293945,27.8700008392334,28.09000015258789,480900,18.548948287963867
2004-07-13,28.200000762939453,28.219999313354492,28.1299991607666,28.149999618530273,763600,18.588577270507812
2004-07-14,27.93000030517578,28.329999923706055,27.799999237060547,28.100000381469727,853000,18.5555477142334
2004-07-15,28.079999923706055,28.360000610351562,28.079999923706055,28.239999771118164,1405300,18.647993087768555
2004-07-16,28.479999542236328,28.479999542236328,28.110000610351562,28.1299991607666,837900,18.575359344482422
2004-07-19,28.049999237060547,28.139999389648438,27.8799991607666,28.010000228881836,530300,18.496126174926758
2004-07-20,27.799999237060547,28.190000534057617,27.75,28.18000030517578,1143700,18.608383178710938
2004-07-21,28.239999771118164,28.389999389648438,27.809999465942383,27.809999465942383,490100,18.364046096801758
2004-07-22,27.729999542236328,27.75,27.360000610351562,27.639999389648438,2017500,18.251792907714844
2004-07-23,27.600000381469727,27.65999984741211,27.389999389648438,27.510000228881836,134800,18.165950775146484
2004-07-26,27.700000762939453,27.799999237060547,27.260000228881836,27.420000076293945,1001700,18.106523513793945
2004-07-27,27.299999237060547,27.75,27.299999237060547,27.700000762939453,776200,18.291418075561523
2004-07-28,27.520000457763672,27.940000534057617,27.43000030517578,27.8700008392334,327200,18.403676986694336
2004-07-29,27.700000762939453,28.020000457763672,27.690000534057617,27.899999618530273,1051100,18.423486709594727
2004-07-30,27.8700008392334,27.959999084472656,27.729999542236328,27.860000610351562,558300,18.39706802368164
2004-08-02,27.760000228881836,28.030000686645508,27.639999389648438,27.989999771118164,896800,18.4829044342041
2004-08-03,27.950000762939453,28.020000457763672,27.700000762939453,27.84000015258789,383900,18.383861541748047
2004-08-04,27.600000381469727,27.8700008392334,27.600000381469727,27.84000015258789,388900,18.383861541748047
2004-08-05,28.049999237060547,28.049999237060547,27.25,27.270000457763672,1283300,18.00747299194336
2004-08-06,26.899999618530273,27.100000381469727,26.670000076293945,26.709999084472656,1920500,17.637672424316406
2004-08-09,26.549999237060547,26.899999618530273,26.549999237060547,26.770000457763672,1007200,17.67730140686035
2004-08-10,26.950000762939453,27.219999313354492,26.809999465942383,27.219999313354492,914200,17.97445297241211
2004-08-11,27.010000228881836,27.219999313354492,26.860000610351562,27.190000534057617,1674400,17.954639434814453
2004-08-12,27.190000534057617,27.190000534057617,26.700000762939453,26.790000915527344,423700,17.690502166748047
2004-08-13,26.700000762939453,26.84000015258789,26.65999984741211,26.739999771118164,723200,17.657489776611328
2004-08-16,26.700000762939453,27.280000686645508,26.700000762939453,27.239999771118164,625200,17.987653732299805
2004-08-17,27.469999313354492,27.5,27.149999618530273,27.219999313354492,672400,17.97445297241211
2004-08-18,27,27.649999618530273,27,27.649999618530273,642900,18.258390426635742
2004-08-19,27.450000762939453,27.510000228881836,27.190000534057617,27.31999969482422,407300,18.04048728942871
2004-08-20,27.520000457763672,27.6200008392334,27.299999237060547,27.59000015258789,240800,18.218769073486328
2004-08-23,27.850000381469727,27.850000381469727,27.5,27.579999923706055,276900,18.212173461914062
2004-08-24,27.75,27.760000228881836,27.5,27.600000381469727,311200,18.225378036499023
2004-08-25,27.549999237060547,27.950000762939453,27.5,27.899999618530273,387400,18.423486709594727
2004-08-26,27.969999313354492,27.969999313354492,27.809999465942383,27.90999984741211,68400,18.43008804321289
2004-08-27,27.799999237060547,27.940000534057617,27.790000915527344,27.899999618530273,504300,18.423486709594727
2004-08-30,27.670000076293945,27.899999618530273,27.600000381469727,27.75,401500,18.324440002441406
2004-08-31,27.549999237060547,27.8799991607666,27.549999237060547,27.8799991607666,583600,18.410266876220703
2004-09-01,27.950000762939453,28.020000457763672,27.760000228881836,27.889999389648438,484600,18.41688346862793
2004-09-02,27.979999542236328,28.290000915527344,27.889999389648438,28.270000457763672,307800,18.66781997680664
2004-09-03,28.100000381469727,28.389999389648438,28.100000381469727,28.190000534057617,806800,18.614988327026367
2004-09-07,28.389999389648438,28.479999542236328,28.270000457763672,28.399999618530273,561900,18.75364875793457
2004-09-08,28.25,28.469999313354492,28.25,28.350000381469727,79400,18.720643997192383
2004-09-09,28.149999618530273,28.5,28.149999618530273,28.280000686645508,575100,18.674402236938477
2004-09-10,28.049999237060547,28.440000534057617,28.049999237060547,28.360000610351562,925000,18.72723960876465
2004-09-13,28.5,28.559999465942383,28.3799991607666,28.389999389648438,344500,18.74705696105957
2004-09-14,28.219999313354492,28.459999084472656,28.219999313354492,28.459999084472656,1348300,18.793275833129883
2004-09-15,28.5,28.5,28.18000030517578,28.200000762939453,693600,18.621578216552734
2004-09-16,28.270000457763672,28.459999084472656,28.149999618530273,28.3799991607666,481400,18.74044418334961
2004-09-17,28.530000686645508,28.639999389648438,28.389999389648438,28.59000015258789,646600,18.945207595825195
2004-09-20,28.600000381469727,28.6200008392334,28.389999389648438,28.440000534057617,296700,18.845809936523438
2004-09-21,28.450000762939453,28.639999389648438,28.450000762939453,28.549999237060547,435600,18.91869354248047
2004-09-22,28.549999237060547,28.549999237060547,28.079999923706055,28.149999618530273,317900,18.653642654418945
2004-09-23,28.100000381469727,28.100000381469727,27.8700008392334,27.8799991607666,155800,18.474720001220703
2004-09-24,27.809999465942383,28.06999969482422,27.700000762939453,27.979999542236328,172900,18.540990829467773
2004-09-27,27.81999969482422,27.899999618530273,27.760000228881836,27.760000228881836,1513500,18.39519691467285
2004-09-28,27.6299991607666,28.079999923706055,27.600000381469727,28.040000915527344,2896700,18.580751419067383
2004-09-29,28.100000381469727,28.18000030517578,27.959999084472656,28.139999389648438,180900,18.647008895874023
2004-09-30,28.059999465942383,28.440000534057617,28.059999465942383,28.3799991607666,465100,18.806049346923828
2004-10-01,28.200000762939453,28.790000915527344,28.200000762939453,28.780000686645508,795700,19.071104049682617
2004-10-04,28.920000076293945,29,28.75,28.75,1116200,19.05123519897461
2004-10-05,28.719999313354492,28.739999771118164,28.59000015258789,28.6299991607666,150400,18.971702575683594
2004-10-06,28.739999771118164,28.93000030517578,28.649999618530273,28.93000030517578,517300,19.170509338378906
2004-10-07,28.799999237060547,28.8700008392334,28.600000381469727,28.600000381469727,395800,18.95182991027832
2004-10-08,28.450000762939453,28.600000381469727,28.239999771118164,28.3700008392334,555000,18.799423217773438
2004-10-11,28.420000076293945,28.479999542236328,28.3700008392334,28.399999618530273,206300,18.81929588317871
2004-10-12,28.200000762939453,28.459999084472656,28.149999618530273,28.389999389648438,279400,18.812673568725586
2004-10-13,28.399999618530273,28.579999923706055,27.979999542236328,28.059999465942383,1047700,18.593997955322266
2004-10-14,27.959999084472656,28.1299991607666,27.5,27.940000534057617,1669700,18.514476776123047
2004-10-15,28.010000228881836,28.280000686645508,28,28.139999389648438,1899700,18.647008895874023
2004-10-18,27.8799991607666,28.219999313354492,27.8700008392334,28.219999313354492,786400,18.700021743774414
2004-10-19,28.299999237060547,28.389999389648438,27.969999313354492,27.969999313354492,1887000,18.534358978271484
2004-10-20,28.09000015258789,28.09000015258789,27.700000762939453,27.889999389648438,816200,18.481346130371094
2004-10-21,27.799999237060547,28.110000610351562,27.760000228881836,28.030000686645508,846200,18.574127197265625
2004-10-22,28.149999618530273,28.149999618530273,27.719999313354492,27.780000686645508,732600,18.40846061706543
2004-10-25,27.690000534057617,27.8700008392334,27.579999923706055,27.780000686645508,1495000,18.40846061706543
2004-10-26,27.770000457763672,28.209999084472656,27.739999771118164,28.200000762939453,773000,18.686767578125
2004-10-27,28.100000381469727,28.600000381469727,28.100000381469727,28.600000381469727,752900,18.95182991027832
2004-10-28,28.700000762939453,28.700000762939453,28.399999618530273,28.540000915527344,602200,18.912067413330078
2004-10-29,28.56999969482422,28.690000534057617,28.530000686645508,28.670000076293945,398100,18.998218536376953
2004-11-01,28.729999542236328,28.81999969482422,28.59000015258789,28.760000228881836,584100,19.057857513427734
2004-11-02,28.860000610351562,29.030000686645508,28.729999542236328,28.790000915527344,1362700,19.077735900878906
2004-11-03,29.200000762939453,29.25,28.90999984741211,29.110000610351562,398200,19.28978729248047
2004-11-04,29.190000534057617,29.670000076293945,29.079999923706055,29.59000015258789,641600,19.607860565185547
2004-11-05,29.799999237060547,29.940000534057617,29.68000030517578,29.81999969482422,664200,19.760269165039062
2004-11-08,29.950000762939453,29.950000762939453,29.729999542236328,29.899999618530273,271600,19.813278198242188
2004-11-09,29.799999237060547,30.100000381469727,29.799999237060547,30.010000228881836,680700,19.886171340942383
2004-11-10,30.149999618530273,30.209999084472656,30,30.100000381469727,231600,19.945804595947266
2004-11-11,30.200000762939453,30.469999313354492,30.15999984741211,30.450000762939453,2861200,20.177730560302734
2004-11-12,30.600000381469727,30.600000381469727,30.34000015258789,30.559999465942383,559000,20.250625610351562
2004-11-15,30.40999984741211,30.6299991607666,30.40999984741211,30.540000915527344,578600,20.237375259399414
2004-11-16,30.600000381469727,30.600000381469727,30.309999465942383,30.34000015258789,1082300,20.10485076904297
2004-11-17,30.540000915527344,30.799999237060547,30.43000030517578,30.559999465942383,957800,20.250625610351562
2004-11-18,30.739999771118164,30.75,30.59000015258789,30.729999542236328,1126700,20.363279342651367
2004-11-19,30.889999389648438,30.889999389648438,30.290000915527344,30.360000610351562,960100,20.118091583251953
2004-11-22,30.149999618530273,30.5,30.100000381469727,30.43000030517578,187500,20.164478302001953
2004-11-23,30.5,30.5,30.25,30.3799991607666,137600,20.131345748901367
2004-11-24,30.549999237060547,30.579999923706055,30.420000076293945,30.520000457763672,315900,20.2241268157959
2004-11-26,30.3799991607666,30.649999618530273,30.3799991607666,30.520000457763672,127200,20.2241268157959
2004-11-29,30.299999237060547,30.6299991607666,30.18000030517578,30.399999618530273,222800,20.144596099853516
2004-11-30,30.450000762939453,30.549999237060547,30.309999465942383,30.469999313354492,153600,20.19098472595215
2004-12-01,30.600000381469727,30.979999542236328,30.25,30.979999542236328,509100,20.5289363861084
2004-12-02,30.700000762939453,31.030000686645508,30.700000762939453,30.8799991607666,281400,20.462675094604492
2004-12-03,30.75,31.010000228881836,30.75,30.889999389648438,433100,20.46931266784668
2004-12-06,30.719999313354492,30.93000030517578,30.709999084472656,30.719999313354492,204400,20.35664939880371
2004-12-07,30.899999618530273,30.899999618530273,30.440000534057617,30.469999313354492,280200,20.19098472595215
2004-12-08,30.399999618530273,30.649999618530273,30.399999618530273,30.549999237060547,262900,20.244001388549805
2004-12-09,30.649999618530273,30.760000228881836,30.34000015258789,30.739999771118164,1157700,20.369903564453125
2004-12-10,30.639999389648438,30.899999618530273,30.639999389648438,30.850000381469727,921200,20.442794799804688
2004-12-13,30.950000762939453,31.209999084472656,30.920000076293945,31.190000534057617,464100,20.6680908203125
2004-12-14,31.299999237060547,31.34000015258789,31.139999389648438,31.25,707500,20.707857131958008
2004-12-15,31.350000381469727,31.350000381469727,31.040000915527344,31.290000915527344,429000,20.734363555908203
2004-12-16,31.299999237060547,31.299999237060547,30.989999771118164,31.110000610351562,1933200,20.61508560180664
2004-12-17,30.950000762939453,31.020000457763672,30.5,30.920000076293945,991700,20.592443466186523
2004-12-20,31.049999237060547,31.149999618530273,30.899999618530273,30.940000534057617,281700,20.605756759643555
2004-12-21,30.850000381469727,31.170000076293945,30.850000381469727,31.110000610351562,210800,20.718992233276367
2004-12-22,31.200000762939453,31.290000915527344,31.110000610351562,31.209999084472656,170800,20.785573959350586
2004-12-23,31.239999771118164,31.350000381469727,31.209999084472656,31.25,764100,20.81220817565918
2004-12-27,31.450000762939453,31.450000762939453,31.049999237060547,31.06999969482422,206700,20.69234848022461
2004-12-28,31.149999618530273,31.270000457763672,31.110000610351562,31.239999771118164,154600,20.80555534362793
2004-12-29,31.350000381469727,31.350000381469727,31.079999923706055,31.15999984741211,101100,20.752275466918945
2004-12-30,31.290000915527344,31.290000915527344,31.15999984741211,31.18000030517578,178800,20.765600204467773
2004-12-31,31.229999542236328,31.25,31.06999969482422,31.06999969482422,162800,20.69234848022461
2005-01-03,31.25,31.290000915527344,30.770000457763672,30.799999237060547,421800,20.512521743774414
2005-01-04,30.829999923706055,30.940000534057617,30.290000915527344,30.420000076293945,1901800,20.259445190429688
2005-01-05,30.299999237060547,30.420000076293945,30.190000534057617,30.209999084472656,882400,20.11959457397461
2005-01-06,30.200000762939453,30.459999084472656,30.200000762939453,30.309999465942383,252600,20.18618392944336
2005-01-07,30.40999984741211,30.450000762939453,30.100000381469727,30.170000076293945,245400,20.09295082092285
2005-01-10,30.25,30.3799991607666,30.1200008392334,30.280000686645508,222400,20.166213989257812
2005-01-11,30.299999237060547,30.299999237060547,30,30.139999389648438,371300,20.07297134399414
2005-01-12,30.100000381469727,30.299999237060547,29.799999237060547,30.18000030517578,826400,20.099609375
2005-01-13,30.25,30.25,29.799999237060547,29.889999389648438,333600,19.906475067138672
2005-01-14,29.8700008392334,30.149999618530273,29.8700008392334,30.09000015258789,427400,20.0396671295166
2005-01-18,29.700000762939453,30.219999313354492,29.600000381469727,30.209999084472656,1082900,20.11959457397461
2005-01-19,30.100000381469727,30.209999084472656,29.959999084472656,29.969999313354492,205900,19.959749221801758
2005-01-20,29.770000457763672,30.020000457763672,29.700000762939453,29.700000762939453,727400,19.77992820739746
2005-01-21,29.760000228881836,29.899999618530273,29.489999771118164,29.510000228881836,504700,19.653390884399414
2005-01-24,29.549999237060547,29.649999618530273,29.389999389648438,29.420000076293945,436900,19.593454360961914
2005-01-25,29.600000381469727,29.799999237060547,29.510000228881836,29.700000762939453,380300,19.77992820739746
2005-01-26,29.549999237060547,29.979999542236328,29.549999237060547,29.760000228881836,825500,19.81989288330078
2005-01-27,29.899999618530273,29.899999618530273,29.600000381469727,29.84000015258789,430700,19.873180389404297
2005-01-28,29.649999618530273,29.899999618530273,29.6299991607666,29.809999465942383,452700,19.85318374633789
2005-01-31,29.790000915527344,30.200000762939453,29.790000915527344,30.200000762939453,729500,20.112930297851562
2005-02-01,30.299999237060547,30.34000015258789,30.049999237060547,30.290000915527344,517700,20.17287254333496
2005-02-02,30.350000381469727,30.360000610351562,30.1200008392334,30.290000915527344,466400,20.17287254333496
2005-02-03,30.170000076293945,30.239999771118164,30.09000015258789,30.200000762939453,613600,20.112930297851562
2005-02-04,30.229999542236328,30.459999084472656,30.229999542236328,30.450000762939453,523500,20.279430389404297
2005-02-07,30.299999237060547,30.520000457763672,30.299999237060547,30.43000030517578,276500,20.266101837158203
2005-02-08,30.459999084472656,30.600000381469727,30.40999984741211,30.600000381469727,410300,20.379329681396484
2005-02-09,30.5,30.700000762939453,30.270000457763672,30.280000686645508,466400,20.166213989257812
2005-02-10,30.280000686645508,30.469999313354492,30.25,30.420000076293945,197600,20.259445190429688
2005-02-11,30.299999237060547,30.719999313354492,30.299999237060547,30.6200008392334,228000,20.39265251159668
2005-02-14,30.780000686645508,30.780000686645508,30.549999237060547,30.59000015258789,178900,20.37266731262207
2005-02-15,30.420000076293945,30.729999542236328,30.420000076293945,30.690000534057617,252800,20.43926429748535
2005-02-16,30.850000381469727,30.850000381469727,30.549999237060547,30.780000686645508,219400,20.49920654296875
2005-02-17,30.56999969482422,30.760000228881836,30.5,30.5,230400,20.312726974487305
2005-02-18,30.530000686645508,30.579999923706055,30.399999618530273,30.5,844300,20.312726974487305
2005-02-22,30.239999771118164,30.450000762939453,30,30.010000228881836,645700,19.986391067504883
2005-02-23,29.81999969482422,30.420000076293945,29.809999465942383,30.049999237060547,408900,20.013031005859375
2005-02-24,30.260000228881836,30.479999542236328,30.030000686645508,30.479999542236328,417900,20.299415588378906
2005-02-25,30.5,30.75,30.389999389648438,30.729999542236328,1288700,20.465911865234375
2005-02-28,30.700000762939453,30.719999313354492,30.389999389648438,30.549999237060547,202400,20.34602928161621
2005-03-01,30.700000762939453,30.719999313354492,30.510000228881836,30.649999618530273,192800,20.412628173828125
2005-03-02,30.649999618530273,30.809999465942383,30.399999618530273,30.739999771118164,222800,20.47256088256836
2005-03-03,30.649999618530273,30.899999618530273,30.59000015258789,30.809999465942383,400600,20.51918601989746
2005-03-04,30.93000030517578,31.34000015258789,30.93000030517578,31.239999771118164,1337000,20.80555534362793
2005-03-07,31.399999618530273,31.5,31.299999237060547,31.389999389648438,414900,20.90545654296875
2005-03-08,31.399999618530273,31.469999313354492,31.34000015258789,31.3700008392334,545200,20.892141342163086
2005-03-09,31.200000762939453,31.34000015258789,31.030000686645508,31.030000686645508,374700,20.665708541870117
2005-03-10,31,31.229999542236328,30.940000534057617,31.100000381469727,680800,20.71232032775879
2005-03-11,31,31.280000686645508,30.93000030517578,31.020000457763672,474200,20.659038543701172
2005-03-14,30.950000762939453,31.200000762939453,30.950000762939453,31.190000534057617,1422200,20.772266387939453
2005-03-15,31.350000381469727,31.350000381469727,31.020000457763672,31.020000457763672,843300,20.659038543701172
2005-03-16,30.959999084472656,30.979999542236328,30.579999923706055,30.65999984741211,1068200,20.41928482055664
2005-03-17,30.75,30.81999969482422,30.610000610351562,30.649999618530273,401600,20.412628173828125
2005-03-18,30.739999771118164,30.739999771118164,30.440000534057617,30.579999923706055,657300,20.43735694885254
2005-03-21,30.690000534057617,30.75,30.420000076293945,30.68000030517578,407600,20.50418472290039
2005-03-22,30.75,30.90999984741211,30.459999084472656,30.510000228881836,444100,20.390579223632812
2005-03-23,30.40999984741211,30.5,30.299999237060547,30.31999969482422,1197000,20.263586044311523
2005-03-24,30.40999984741211,30.700000762939453,30.389999389648438,30.469999313354492,430300,20.363832473754883
2005-03-28,30.549999237060547,30.600000381469727,30.420000076293945,30.440000534057617,588100,20.34379005432129
2005-03-29,30.399999618530273,30.5,29.899999618530273,29.940000534057617,1400000,20.009626388549805
2005-03-30,30.190000534057617,30.510000228881836,30.1200008392334,30.510000228881836,845400,20.390579223632812
2005-03-31,30.31999969482422,30.5,30.31999969482422,30.43000030517578,398600,20.337100982666016
2005-04-01,30.510000228881836,30.649999618530273,30.040000915527344,30.139999389648438,304400,20.143291473388672
2005-04-04,30.110000610351562,30.190000534057617,29.920000076293945,30.110000610351562,501700,20.12323760986328
2005-04-05,30.25,30.299999237060547,30.110000610351562,30.260000228881836,206900,20.223487854003906
2005-04-06,30.149999618530273,30.450000762939453,30.149999618530273,30.270000457763672,327100,20.23017692565918
2005-04-07,30.260000228881836,30.540000915527344,30.260000228881836,30.520000457763672,474400,20.397258758544922
2005-04-08,30.43000030517578,30.530000686645508,30.209999084472656,30.209999084472656,672400,20.190074920654297
2005-04-11,30.489999771118164,30.489999771118164,30.190000534057617,30.270000457763672,298000,20.23017692565918
2005-04-12,30.100000381469727,30.56999969482422,29.90999984741211,30.510000228881836,469900,20.390579223632812
2005-04-13,30.450000762939453,30.5,29.950000762939453,29.979999542236328,1041300,20.036357879638672
2005-04-14,29.950000762939453,30.06999969482422,29.43000030517578,29.530000686645508,1370300,19.73560905456543
2005-04-15,29.399999618530273,29.56999969482422,28.950000762939453,28.950000762939453,840900,19.34798240661621
2005-04-18,28.899999618530273,29.200000762939453,28.799999237060547,29.040000915527344,826900,19.408132553100586
2005-04-19,29,29.239999771118164,29,29.170000076293945,547700,19.495018005371094
2005-04-20,29.25,29.299999237060547,28.809999465942383,28.8700008392334,1293900,19.29451560974121
2005-04-21,29,29.639999389648438,29,29.639999389648438,1572200,19.809127807617188
2005-04-22,29.799999237060547,29.799999237060547,29.040000915527344,29.290000915527344,494200,19.575210571289062
2005-04-25,29.559999465942383,29.700000762939453,29.450000762939453,29.639999389648438,654400,19.809127807617188
2005-04-26,29.450000762939453,29.700000762939453,29.229999542236328,29.260000228881836,554200,19.55516815185547
2005-04-27,29.020000457763672,29.350000381469727,28.899999618530273,29.299999237060547,1380300,19.581897735595703
2005-04-28,29.18000030517578,29.360000610351562,28.950000762939453,28.979999542236328,1274900,19.368040084838867
2005-04-29,29.110000610351562,29.3700008392334,28.90999984741211,29.31999969482422,2476900,19.59527015686035
2005-05-02,29.489999771118164,29.56999969482422,29.280000686645508,29.479999542236328,971900,19.702198028564453
2005-05-03,29.5,29.5,29.139999389648438,29.270000457763672,1644100,19.561847686767578
2005-05-04,29.329999923706055,29.649999618530273,29.25,29.610000610351562,334900,19.78907585144043
2005-05-05,29.469999313354492,29.68000030517578,29.389999389648438,29.459999084472656,641000,19.68882942199707
2005-05-06,29.520000457763672,29.700000762939453,29.520000457763672,29.579999923706055,194800,19.769033432006836
2005-05-09,29.40999984741211,29.780000686645508,29.40999984741211,29.780000686645508,514100,19.90269660949707
2005-05-10,29.899999618530273,29.899999618530273,29.360000610351562,29.43000030517578,3093200,19.668781280517578
2005-05-11,29.31999969482422,29.709999084472656,29.309999465942383,29.639999389648438,675000,19.809127807617188
2005-05-12,29.84000015258789,29.84000015258789,29.290000915527344,29.31999969482422,959100,19.59527015686035
2005-05-13,29.450000762939453,29.469999313354492,28.959999084472656,29.170000076293945,3046100,19.495018005371094
2005-05-16,29.100000381469727,29.579999923706055,29.100000381469727,29.579999923706055,388100,19.769033432006836
2005-05-17,29.700000762939453,29.780000686645508,29.350000381469727,29.780000686645508,1150100,19.90269660949707
2005-05-18,29.700000762939453,30.329999923706055,29.6200008392334,30.229999542236328,2704400,20.20343780517578
2005-05-19,30.290000915527344,30.309999465942383,30.079999923706055,30.270000457763672,2282200,20.23017692565918
2005-05-20,29.469999313354492,30.299999237060547,29.469999313354492,30.260000228881836,3394700,20.223487854003906
2005-05-23,30.100000381469727,30.56999969482422,30.100000381469727,30.469999313354492,3516900,20.363832473754883
2005-05-24,30.600000381469727,30.780000686645508,30.260000228881836,30.389999389648438,229800,20.310379028320312
2005-05-25,30.329999923706055,30.399999618530273,30.049999237060547,30.1299991607666,1765400,20.136611938476562
2005-05-26,30.25,30.40999984741211,30.149999618530273,30.350000381469727,867600,20.283634185791016
2005-05-27,30.3799991607666,30.399999618530273,30.299999237060547,30.329999923706055,132500,20.270275115966797
2005-05-31,30.219999313354492,30.360000610351562,30.149999618530273,30.25,188100,20.21680450439453
2005-06-01,30.420000076293945,30.440000534057617,30.1299991607666,30.360000610351562,769400,20.290321350097656
2005-06-02,30.280000686645508,30.440000534057617,30.260000228881836,30.360000610351562,103400,20.290321350097656
2005-06-03,30.309999465942383,30.420000076293945,30.15999984741211,30.219999313354492,148300,20.196758270263672
2005-06-06,30.209999084472656,30.280000686645508,30.1200008392334,30.239999771118164,587800,20.210124969482422
2005-06-07,30.329999923706055,30.6299991607666,30.200000762939453,30.3700008392334,305000,20.2970027923584
2005-06-08,30.350000381469727,30.459999084472656,30.15999984741211,30.18000030517578,158700,20.170021057128906
2005-06-09,30.020000457763672,30.229999542236328,29.989999771118164,30.190000534057617,496800,20.176706314086914
2005-06-10,30.049999237060547,30.31999969482422,30,30.149999618530273,1494700,20.14997100830078
2005-06-13,30.170000076293945,30.3700008392334,30.06999969482422,30.200000762939453,433100,20.183385848999023
2005-06-14,30.15999984741211,30.25,30.1200008392334,30.1299991607666,280000,20.136611938476562
2005-06-15,30.229999542236328,30.229999542236328,29.940000534057617,30.15999984741211,599100,20.156658172607422
2005-06-16,30.049999237060547,30.31999969482422,30.049999237060547,30.190000534057617,556900,20.176706314086914
2005-06-17,30.059999465942383,30.479999542236328,30.059999465942383,30.360000610351562,1386000,20.340856552124023
2005-06-20,30.170000076293945,30.360000610351562,30.170000076293945,30.25,553900,20.26715850830078
2005-06-21,30.290000915527344,30.34000015258789,30.190000534057617,30.239999771118164,2044500,20.260454177856445
2005-06-22,30.209999084472656,30.360000610351562,30.09000015258789,30.09000015258789,534400,20.159954071044922
2005-06-23,30.040000915527344,30.040000915527344,29.479999542236328,29.479999542236328,1745800,19.751266479492188
2005-06-24,29.530000686645508,29.549999237060547,29.1200008392334,29.290000915527344,810300,19.623964309692383
2005-06-27,29.34000015258789,29.34000015258789,29.1299991607666,29.25,536400,19.597169876098633
2005-06-28,29.350000381469727,29.780000686645508,29.350000381469727,29.760000228881836,720300,19.938859939575195
2005-06-29,29.790000915527344,29.799999237060547,29.56999969482422,29.56999969482422,812800,19.81155776977539
2005-06-30,29.649999618530273,29.739999771118164,29.34000015258789,29.3799991607666,1053700,19.68426513671875
2005-07-01,29.600000381469727,29.600000381469727,29.389999389648438,29.479999542236328,508900,19.751266479492188
2005-07-05,29.489999771118164,29.6200008392334,29.290000915527344,29.56999969482422,877100,19.81155776977539
2005-07-06,29.399999618530273,29.56999969482422,29.239999771118164,29.239999771118164,868200,19.590465545654297
2005-07-07,28.829999923706055,29.360000610351562,28.829999923706055,29.309999465942383,808800,19.63736915588379
2005-07-08,29.31999969482422,29.81999969482422,29.31999969482422,29.81999969482422,1711200,19.97905731201172
2005-07-11,29.700000762939453,30,29.700000762939453,29.8700008392334,727600,20.01255989074707
2005-07-12,29.799999237060547,29.84000015258789,29.700000762939453,29.709999084472656,496600,19.905364990234375
2005-07-13,29.649999618530273,29.860000610351562,29.649999618530273,29.799999237060547,822300,19.965654373168945
2005-07-14,30.010000228881836,30.139999389648438,29.979999542236328,30.06999969482422,853400,20.146560668945312
2005-07-15,30.059999465942383,30.420000076293945,29.90999984741211,30.030000686645508,657800,20.119754791259766
2005-07-18,29.8700008392334,30.110000610351562,29.850000381469727,29.969999313354492,821100,20.079553604125977
2005-07-19,30.139999389648438,30.25,30.100000381469727,30.219999313354492,1048900,20.247055053710938
2005-07-20,30.389999389648438,30.600000381469727,30,30.56999969482422,448100,20.481555938720703
2005-07-21,30.59000015258789,30.690000534057617,30.389999389648438,30.40999984741211,975500,20.374357223510742
2005-07-22,30.399999618530273,30.600000381469727,30.3799991607666,30.5,694400,20.434648513793945
2005-07-25,30.450000762939453,30.639999389648438,30.280000686645508,30.280000686645508,721100,20.287254333496094
2005-07-26,30.420000076293945,30.5,30.329999923706055,30.43000030517578,438900,20.387754440307617
2005-07-27,30.530000686645508,30.559999465942383,30.40999984741211,30.549999237060547,1142900,20.46815299987793
2005-07-28,30.68000030517578,30.760000228881836,30.540000915527344,30.719999313354492,1007400,20.582050323486328
2005-07-29,30.719999313354492,30.75,30.5,30.5,666900,20.434648513793945
2005-08-01,30.579999923706055,30.610000610351562,30.43000030517578,30.479999542236328,505800,20.421255111694336
2005-08-02,30.399999618530273,30.520000457763672,30.350000381469727,30.440000534057617,977900,20.394454956054688
2005-08-03,30.450000762939453,30.450000762939453,30.309999465942383,30.3799991607666,1268000,20.35425567626953
2005-08-04,30.399999618530273,30.399999618530273,30.149999618530273,30.18000030517578,417500,20.220247268676758
2005-08-05,30.049999237060547,30.209999084472656,30,30.020000457763672,631600,20.113059997558594
2005-08-08,30.06999969482422,30.190000534057617,29.950000762939453,29.950000762939453,697200,20.0661563873291
2005-08-09,30.030000686645508,30.25,30.030000686645508,30.170000076293945,464700,20.213560104370117
2005-08-10,30.299999237060547,30.5,30.049999237060547,30.149999618530273,401700,20.20016098022461
2005-08-11,30.06999969482422,30.420000076293945,30.06999969482422,30.399999618530273,438400,20.367656707763672
2005-08-12,30.43000030517578,30.5,30.170000076293945,30.270000457763672,866100,20.28055763244629
2005-08-15,30.190000534057617,30.399999618530273,30.059999465942383,30.329999923706055,585000,20.32075309753418
2005-08-16,30.239999771118164,30.290000915527344,29.959999084472656,29.979999542236328,989300,20.086259841918945
2005-08-17,30.149999618530273,30.209999084472656,29.860000610351562,30.059999465942383,845000,20.139854431152344
2005-08-18,29.899999618530273,30.09000015258789,29.899999618530273,29.93000030517578,474000,20.05275535583496
2005-08-19,30.06999969482422,30.200000762939453,30.040000915527344,30.049999237060547,540100,20.133161544799805
2005-08-22,30.030000686645508,30.31999969482422,30.020000457763672,30.110000610351562,545100,20.173357009887695
2005-08-23,30.1200008392334,30.149999618530273,29.920000076293945,29.969999313354492,452900,20.079553604125977
2005-08-24,29.93000030517578,30.1200008392334,29.709999084472656,29.729999542236328,457400,19.918764114379883
2005-08-25,29.75,29.84000015258789,29.700000762939453,29.780000686645508,347300,19.952255249023438
2005-08-26,29.799999237060547,29.799999237060547,29.579999923706055,29.6200008392334,1614100,19.84505844116211
2005-08-29,29.6200008392334,29.799999237060547,29.459999084472656,29.799999237060547,259200,19.965654373168945
2005-08-30,29.649999618530273,29.68000030517578,29.329999923706055,29.559999465942383,1653900,19.80486488342285
2005-08-31,29.510000228881836,29.799999237060547,29.3799991607666,29.780000686645508,1055800,19.952255249023438
2005-09-01,29.40999984741211,29.860000610351562,29.149999618530273,29.65999984741211,1001200,19.871854782104492
2005-09-02,29.549999237060547,29.8700008392334,29.549999237060547,29.760000228881836,659400,19.938859939575195
2005-09-06,29.649999618530273,30.1299991607666,29.649999618530273,30.110000610351562,818400,20.173357009887695
2005-09-07,30.09000015258789,30.229999542236328,30.010000228881836,30.229999542236328,1976700,20.253753662109375
2005-09-08,30.049999237060547,30.170000076293945,29.979999542236328,30.059999465942383,200000,20.139854431152344
2005-09-09,30.059999465942383,30.260000228881836,30.059999465942383,30.229999542236328,270200,20.253753662109375
2005-09-12,30.149999618530273,30.420000076293945,30.100000381469727,30.420000076293945,713800,20.381053924560547
2005-09-13,30.34000015258789,30.420000076293945,30.200000762939453,30.290000915527344,620600,20.2939510345459
2005-09-14,30.299999237060547,30.329999923706055,30,30.059999465942383,1806300,20.139854431152344
2005-09-15,30.18000030517578,30.18000030517578,29.940000534057617,30.020000457763672,525200,20.113059997558594
2005-09-16,30.079999923706055,30.15999984741211,29.860000610351562,30.110000610351562,1144900,20.252967834472656
2005-09-19,30.020000457763672,30.020000457763672,29.579999923706055,29.709999084472656,1704500,19.98390769958496
2005-09-20,30.059999465942383,30.059999465942383,29.510000228881836,29.510000228881836,631400,19.849382400512695
2005-09-21,29.399999618530273,29.600000381469727,29.299999237060547,29.40999984741211,601200,19.782123565673828
2005-09-22,29.3700008392334,29.6200008392334,29.309999465942383,29.530000686645508,3667500,19.86283302307129
2005-09-23,29.56999969482422,29.81999969482422,29.469999313354492,29.75,1895400,20.01082992553711
2005-09-26,29.799999237060547,30,29.579999923706055,29.709999084472656,1362300,19.98390769958496
2005-09-27,29.559999465942383,29.940000534057617,29.559999465942383,29.8700008392334,1542800,20.091537475585938
2005-09-28,29.8799991607666,29.950000762939453,29.68000030517578,29.8799991607666,151800,20.098249435424805
2005-09-29,29.920000076293945,30.040000915527344,29.600000381469727,30.020000457763672,1069300,20.192426681518555
2005-09-30,30,30.15999984741211,29.959999084472656,30.15999984741211,261400,20.286598205566406
2005-10-03,30.260000228881836,30.260000228881836,29.93000030517578,29.979999542236328,906400,20.165525436401367
2005-10-04,30.09000015258789,30.149999618530273,29.690000534057617,29.709999084472656,1626400,19.98390769958496
2005-10-05,29.59000015258789,29.690000534057617,29.329999923706055,29.34000015258789,2624400,19.73504066467285
2005-10-06,29.440000534057617,29.709999084472656,29.329999923706055,29.540000915527344,6168400,19.869569778442383
2005-10-07,29.670000076293945,29.799999237060547,29.59000015258789,29.799999237060547,2373700,20.04444694519043
2005-10-10,29.770000457763672,29.770000457763672,29.520000457763672,29.56999969482422,390800,19.889738082885742
2005-10-11,29.450000762939453,29.670000076293945,29.3700008392334,29.40999984741211,406000,19.782123565673828
2005-10-12,29.399999618530273,29.6200008392334,29.229999542236328,29.40999984741211,1061300,19.782123565673828
2005-10-13,29.5,29.5,29.18000030517578,29.3700008392334,4903400,19.755216598510742
2005-10-14,29.479999542236328,29.68000030517578,29.3799991607666,29.6299991607666,1830300,19.93010139465332
2005-10-17,29.8799991607666,29.8799991607666,29.469999313354492,29.690000534057617,3865500,19.970449447631836
2005-10-18,29.709999084472656,29.709999084472656,29.420000076293945,29.479999542236328,1170200,19.829206466674805
2005-10-19,29.450000762939453,29.8700008392334,29.299999237060547,29.8700008392334,1481000,20.091537475585938
2005-10-20,29.700000762939453,30.040000915527344,29.399999618530273,29.489999771118164,450500,19.835933685302734
2005-10-21,29.520000457763672,29.610000610351562,29.239999771118164,29.290000915527344,1035300,19.7014102935791
2005-10-24,29.299999237060547,29.770000457763672,29.299999237060547,29.739999771118164,2441700,20.00408935546875
2005-10-25,29.790000915527344,29.889999389648438,29.489999771118164,29.700000762939453,526800,19.97718048095703
2005-10-26,29.56999969482422,29.760000228881836,29.440000534057617,29.440000534057617,1256200,19.802297592163086
2005-10-27,29.600000381469727,29.600000381469727,29.1200008392334,29.18000030517578,810300,19.627416610717773
2005-10-28,29.34000015258789,29.649999618530273,29.200000762939453,29.649999618530273,844200,19.94355010986328
2005-10-31,29.719999313354492,29.84000015258789,29.65999984741211,29.729999542236328,1339700,19.99736785888672
2005-11-01,29.850000381469727,29.850000381469727,29.600000381469727,29.639999389648438,694100,19.936826705932617
2005-11-02,29.610000610351562,29.969999313354492,29.479999542236328,29.940000534057617,880200,20.138620376586914
2005-11-03,30.100000381469727,30.209999084472656,30.020000457763672,30.06999969482422,726200,20.22605323791504
2005-11-04,30.149999618530273,30.170000076293945,29.959999084472656,30.09000015258789,662900,20.23950958251953
2005-11-07,30.200000762939453,30.25,30.020000457763672,30.200000762939453,297900,20.313499450683594
2005-11-08,30,30.110000610351562,29.959999084472656,30.010000228881836,269500,20.185699462890625
2005-11-09,30.049999237060547,30.25,29.969999313354492,30.079999923706055,562000,20.232784271240234
2005-11-10,30.15999984741211,30.5,30.059999465942383,30.469999313354492,282500,20.495113372802734
2005-11-11,30.350000381469727,30.579999923706055,30.350000381469727,30.530000686645508,502200,20.53547477722168
2005-11-14,30.520000457763672,30.610000610351562,30.489999771118164,30.59000015258789,198900,20.575824737548828
2005-11-15,30.739999771118164,30.75,30.5,30.579999923706055,840000,20.56910514831543
2005-11-16,30.649999618530273,30.760000228881836,30.639999389648438,30.690000534057617,885400,20.643089294433594
2005-11-17,30.799999237060547,31.020000457763672,30.6200008392334,30.979999542236328,426600,20.838153839111328
2005-11-18,31.100000381469727,31.3700008392334,31.100000381469727,31.299999237060547,786600,21.05339813232422
2005-11-21,31.309999465942383,31.530000686645508,31.25,31.479999542236328,1097900,21.17447280883789
2005-11-22,31.709999084472656,31.709999084472656,31.360000610351562,31.559999465942383,1308700,21.228281021118164
2005-11-23,31.559999465942383,31.690000534057617,31.549999237060547,31.600000381469727,559600,21.255189895629883
2005-11-25,31.799999237060547,31.799999237060547,31.549999237060547,31.610000610351562,394300,21.261913299560547
2005-11-28,31.6299991607666,31.709999084472656,31.420000076293945,31.440000534057617,1541200,21.14756202697754
2005-11-29,31.25,31.739999771118164,31.239999771118164,31.510000228881836,564000,21.19464874267578
2005-11-30,31.75,31.75,31.420000076293945,31.459999084472656,300700,21.16101837158203
2005-12-01,31.690000534057617,31.860000610351562,31.5,31.809999465942383,530100,21.396434783935547
2005-12-02,31.600000381469727,31.780000686645508,31.600000381469727,31.690000534057617,248500,21.31572723388672
2005-12-05,31.469999313354492,31.600000381469727,31.440000534057617,31.520000457763672,2599100,21.201374053955078
2005-12-06,31.770000457763672,31.889999389648438,31.600000381469727,31.649999618530273,829000,21.288816452026367
2005-12-07,31.899999618530273,31.969999313354492,31.31999969482422,31.420000076293945,749800,21.13411521911621
2005-12-08,31.670000076293945,31.670000076293945,31.170000076293945,31.280000686645508,477000,21.039939880371094
2005-12-09,31.100000381469727,31.59000015258789,31.09000015258789,31.450000762939453,2306800,21.154293060302734
2005-12-12,31.649999618530273,31.700000762939453,31.3700008392334,31.459999084472656,1050700,21.16101837158203
2005-12-13,31.700000762939453,31.700000762939453,31.329999923706055,31.489999771118164,2426700,21.181194305419922
2005-12-14,31.530000686645508,31.860000610351562,31.530000686645508,31.760000228881836,711000,21.362815856933594
2005-12-15,31.899999618530273,31.90999984741211,31.690000534057617,31.809999465942383,793100,21.396434783935547
2005-12-16,31.84000015258789,31.84000015258789,31.6200008392334,31.670000076293945,380300,21.430269241333008
2005-12-19,31.600000381469727,31.610000610351562,31.270000457763672,31.360000610351562,521600,21.220504760742188
2005-12-20,31.360000610351562,31.479999542236328,31.31999969482422,31.3799991607666,476300,21.23403549194336
2005-12-21,31.530000686645508,31.670000076293945,31.450000762939453,31.540000915527344,447200,21.34231185913086
2005-12-22,31.690000534057617,31.81999969482422,31.600000381469727,31.780000686645508,794700,21.50469970703125
2005-12-23,31.799999237060547,31.899999618530273,31.770000457763672,31.84000015258789,318600,21.545305252075195
2005-12-27,31.889999389648438,32.029998779296875,31.520000457763672,31.559999465942383,304500,21.3558349609375
2005-12-28,31.5,31.670000076293945,31.450000762939453,31.610000610351562,534000,21.389671325683594
2005-12-29,31.649999618530273,31.799999237060547,31.600000381469727,31.600000381469727,392500,21.38291358947754
2005-12-30,31.399999618530273,31.520000457763672,31.389999389648438,31.420000076293945,806400,21.26110076904297
2006-01-03,31.170000076293945,31.690000534057617,31.1200008392334,31.6299991607666,1256500,21.40321159362793
2006-01-04,31.75,31.790000915527344,31.6200008392334,31.709999084472656,3369000,21.45733642578125
2006-01-05,31.790000915527344,31.790000915527344,31.56999969482422,31.65999984741211,386200,21.42350196838379
2006-01-06,31.889999389648438,31.889999389648438,31.6299991607666,31.780000686645508,458700,21.50469970703125
2006-01-09,31.649999618530273,32.04999923706055,31.6200008392334,32.040000915527344,960100,21.68064308166504
2006-01-10,31.799999237060547,31.969999313354492,31.799999237060547,31.950000762939453,760900,21.619735717773438
2006-01-11,31.90999984741211,32.02000045776367,31.860000610351562,31.969999313354492,592100,21.63327407836914
2006-01-12,31.989999771118164,31.989999771118164,31.690000534057617,31.729999542236328,1296900,21.470874786376953
2006-01-13,31.40999984741211,31.709999084472656,31.40999984741211,31.6200008392334,903100,21.396434783935547
2006-01-17,31.8700008392334,31.8700008392334,31.360000610351562,31.459999084472656,886200,21.288175582885742
2006-01-18,31.229999542236328,31.549999237060547,31.229999542236328,31.5,928400,21.31523895263672
2006-01-19,31.639999389648438,31.700000762939453,31.440000534057617,31.649999618530273,1295100,21.416736602783203
2006-01-20,31.530000686645508,31.600000381469727,30.899999618530273,30.959999084472656,2775400,20.949844360351562
2006-01-23,31,31.110000610351562,30.950000762939453,30.979999542236328,1260300,20.963367462158203
2006-01-24,31.1200008392334,31.299999237060547,31.06999969482422,31.209999084472656,1639900,21.11900520324707
2006-01-25,31.389999389648438,31.389999389648438,31.110000610351562,31.200000762939453,883900,21.11224365234375
2006-01-26,31.209999084472656,31.549999237060547,31.209999084472656,31.549999237060547,822500,21.349071502685547
2006-01-27,31.68000030517578,31.68000030517578,31.43000030517578,31.6200008392334,578500,21.396434783935547
2006-01-30,31.510000228881836,31.690000534057617,31.440000534057617,31.690000534057617,1174500,21.44381332397461
2006-01-31,31.600000381469727,31.700000762939453,31.479999542236328,31.510000228881836,749200,21.322004318237305
2006-02-01,31.40999984741211,31.84000015258789,31.40999984741211,31.780000686645508,1824600,21.50469970703125
2006-02-02,31.6200008392334,31.850000381469727,31.420000076293945,31.510000228881836,979100,21.322004318237305
2006-02-03,31.469999313354492,31.600000381469727,31.360000610351562,31.440000534057617,766900,21.27463722229004
2006-02-06,31.389999389648438,31.559999465942383,31.3799991607666,31.549999237060547,543800,21.349071502685547
2006-02-07,31.540000915527344,31.610000610351562,31.280000686645508,31.31999969482422,649500,21.193439483642578
2006-02-08,31.329999923706055,31.530000686645508,31.25,31.469999313354492,968100,21.29494285583496
2006-02-09,31.43000030517578,31.790000915527344,31.43000030517578,31.649999618530273,501600,21.416736602783203
2006-02-10,31.899999618530273,31.959999084472656,31.579999923706055,31.860000610351562,961900,21.5588436126709
2006-02-13,31.829999923706055,31.959999084472656,31.579999923706055,31.899999618530273,387800,21.585908889770508
2006-02-14,31.93000030517578,32.33000183105469,31.780000686645508,32.279998779296875,664500,21.843040466308594
2006-02-15,32.20000076293945,32.380001068115234,32.130001068115234,32.369998931884766,772700,21.903942108154297
2006-02-16,32.52000045776367,32.52000045776367,32.25,32.459999084472656,657800,21.9648494720459
2006-02-17,32.45000076293945,32.59000015258789,32.349998474121094,32.540000915527344,923400,22.018980026245117
2006-02-21,32.599998474121094,32.61000061035156,32.31999969482422,32.40999984741211,1011100,21.93100357055664
2006-02-22,32.54999923706055,32.779998779296875,32.54999923706055,32.75,1452400,22.161087036132812
2006-02-23,32.65999984741211,32.79999923706055,32.599998474121094,32.63999938964844,521800,22.08664321899414
2006-02-24,32.58000183105469,32.7599983215332,32.47999954223633,32.65999984741211,581400,22.10018539428711
2006-02-27,32.95000076293945,32.970001220703125,32.560001373291016,32.869998931884766,1078600,22.242280960083008
2006-02-28,32.88999938964844,32.88999938964844,32.43000030517578,32.4900016784668,626700,21.98514747619629
2006-03-01,32.650001525878906,32.75,32.54999923706055,32.75,526200,22.161087036132812
2006-03-02,32.65999984741211,32.689998626708984,32.209999084472656,32.65999984741211,676600,22.10018539428711
2006-03-03,32.52000045776367,33,32.439998626708984,32.7400016784668,860200,22.15432357788086
2006-03-06,32.939998626708984,33.040000915527344,32.439998626708984,32.56999969482422,703600,22.039281845092773
2006-03-07,32.5,32.68000030517578,32.43000030517578,32.59000015258789,2502700,22.05281639099121
2006-03-08,32.540000915527344,32.59000015258789,32.25,32.54999923706055,1115200,22.025745391845703
2006-03-09,32.66999816894531,32.959999084472656,32.47999954223633,32.5099983215332,1567300,21.998682022094727
2006-03-10,32.63999938964844,32.869998931884766,32.459999084472656,32.849998474121094,1152600,22.228748321533203
2006-03-13,32.95000076293945,32.970001220703125,32.75,32.83000183105469,582900,22.215219497680664
2006-03-14,32.79999923706055,33.2400016784668,32.79999923706055,33.13999938964844,711900,22.42498779296875
2006-03-15,33.25,33.65999984741211,33.22999954223633,33.63999938964844,1200800,22.763317108154297
2006-03-16,33.849998474121094,33.86000061035156,33.650001525878906,33.65999984741211,1058400,22.776840209960938
2006-03-17,33.72999954223633,33.84000015258789,33.66999816894531,33.790000915527344,1050100,22.950733184814453
2006-03-20,33.9900016784668,34.099998474121094,33.709999084472656,33.72999954223633,928800,22.909975051879883
2006-03-21,33.810001373291016,33.95000076293945,33.560001373291016,33.599998474121094,1701800,22.821678161621094
2006-03-22,33.63999938964844,33.91999816894531,33.52000045776367,33.849998474121094,613500,22.99148941040039
2006-03-23,33.81999969482422,33.84000015258789,33.56999969482422,33.709999084472656,488100,22.896394729614258
2006-03-24,33.68000030517578,33.83000183105469,33.61000061035156,33.68000030517578,1006000,22.876022338867188
2006-03-27,33.709999084472656,33.7400016784668,33.58000183105469,33.709999084472656,483900,22.896394729614258
2006-03-28,33.709999084472656,33.81999969482422,33.45000076293945,33.470001220703125,944800,22.73338508605957
2006-03-29,33.56999969482422,33.86000061035156,33.56999969482422,33.810001373291016,1002900,22.964319229125977
2006-03-30,33.779998779296875,33.970001220703125,33.65999984741211,33.810001373291016,1178300,22.964319229125977
2006-03-31,33.790000915527344,33.939998626708984,33.779998779296875,33.79999923706055,292500,22.957523345947266
2006-04-03,34.0099983215332,34.20000076293945,33.84000015258789,33.91999816894531,1188900,23.039030075073242
2006-04-04,33.810001373291016,34.16999816894531,33.79999923706055,34.150001525878906,334200,23.19525718688965
2006-04-05,34.29999923706055,34.47999954223633,33.959999084472656,34.16999816894531,801800,23.208833694458008
2006-04-06,34.22999954223633,34.25,34,34.119998931884766,1090200,23.174877166748047
2006-04-07,34.11000061035156,34.34000015258789,33.83000183105469,33.95000076293945,1085700,23.059406280517578
2006-04-10,33.90999984741211,33.970001220703125,33.790000915527344,33.83000183105469,401600,22.977907180786133
2006-04-11,33.959999084472656,33.959999084472656,33.619998931884766,33.77000045776367,1090600,22.937152862548828
2006-04-12,33.88999938964844,34.02000045776367,33.810001373291016,34,632500,23.09335708618164
2006-04-13,33.88999938964844,34.029998779296875,33.75,33.86000061035156,648800,22.998281478881836
2006-04-17,33.91999816894531,33.970001220703125,33.560001373291016,33.689998626708984,841400,22.882810592651367
2006-04-18,33.880001068115234,34.540000915527344,33.77000045776367,34.5,914900,23.4329891204834
2006-04-19,34.40999984741211,34.790000915527344,34.40999984741211,34.720001220703125,618300,23.58241081237793
2006-04-20,34.81999969482422,34.95000076293945,34.650001525878906,34.849998474121094,862000,23.670698165893555
2006-04-21,34.95000076293945,35.119998931884766,34.619998931884766,34.88999938964844,1363100,23.697872161865234
2006-04-24,34.849998474121094,35.0099983215332,34.84000015258789,35.0099983215332,431500,23.77937126159668
2006-04-25,35.04999923706055,35.04999923706055,34.47999954223633,34.599998474121094,2203900,23.50090217590332
2006-04-26,34.56999969482422,34.86000061035156,34.560001373291016,34.790000915527344,859200,23.629953384399414
2006-04-27,34.5099983215332,34.880001068115234,34.40999984741211,34.599998474121094,1407300,23.50090217590332
2006-04-28,34.5,34.75,34.5,34.529998779296875,2827300,23.453351974487305
2006-05-01,34.45000076293945,34.810001373291016,34.45000076293945,34.619998931884766,708000,23.514484405517578
2006-05-02,34.869998931884766,34.93000030517578,34.63999938964844,34.900001525878906,370000,23.704668045043945
2006-05-03,34.939998626708984,35,34.849998474121094,34.90999984741211,478700,23.711448669433594
2006-05-04,34.9900016784668,35.400001525878906,34.9900016784668,35.33000183105469,731800,23.99673843383789
2006-05-05,35.63999938964844,35.72999954223633,35.5099983215332,35.68000030517578,2844500,24.234451293945312
2006-05-08,35.52000045776367,36.02000045776367,35.52000045776367,35.650001525878906,1278700,24.214082717895508
2006-05-09,35.88999938964844,35.88999938964844,35.59000015258789,35.650001525878906,1496600,24.214082717895508
2006-05-10,35.630001068115234,35.83000183105469,35.56999969482422,35.66999816894531,700300,24.227659225463867
2006-05-11,35.650001525878906,35.66999816894531,35.369998931884766,35.4900016784668,1764800,24.105411529541016
2006-05-12,35.29999923706055,35.33000183105469,34.900001525878906,34.93000030517578,1244200,23.72503089904785
2006-05-15,34.72999954223633,34.97999954223633,34.619998931884766,34.939998626708984,958000,23.73183250427246
2006-05-16,35.11000061035156,35.27000045776367,34.88999938964844,34.93000030517578,582200,23.72503089904785
2006-05-17,34.77000045776367,34.79999923706055,34.099998474121094,34.209999084472656,3193600,23.235998153686523
2006-05-18,34.349998474121094,34.349998474121094,33.81999969482422,33.93000030517578,2104200,23.04582405090332
2006-05-19,33.970001220703125,34.16999816894531,33.75,34.040000915527344,2165600,23.120548248291016
2006-05-22,33.790000915527344,34.11000061035156,33.65999984741211,33.970001220703125,1971200,23.07300567626953
2006-05-23,34.220001220703125,34.2400016784668,33.779998779296875,33.810001373291016,1617500,22.964319229125977
2006-05-24,33.900001525878906,33.900001525878906,33.349998474121094,33.720001220703125,1713300,22.903182983398438
2006-05-25,33.97999954223633,33.97999954223633,33.720001220703125,33.95000076293945,1310900,23.059406280517578
2006-05-26,34.13999938964844,34.16999816894531,33.959999084472656,34.13999938964844,1207400,23.18845558166504
2006-05-30,34.15999984741211,34.15999984741211,33.66999816894531,33.70000076293945,3879600,22.88960838317871
2006-05-31,33.70000076293945,34,33.70000076293945,33.939998626708984,1454600,23.052621841430664
2006-06-01,33.86000061035156,34.33000183105469,33.86000061035156,34.290000915527344,1210600,23.290346145629883
2006-06-02,34.34000015258789,34.5,34.13999938964844,34.34000015258789,2147000,23.32431411743164
2006-06-05,34.34000015258789,34.34000015258789,33.54999923706055,33.599998474121094,916000,22.821678161621094
2006-06-06,33.61000061035156,33.869998931884766,33.20000076293945,33.470001220703125,3365600,22.73338508605957
2006-06-07,33.59000015258789,33.66999816894531,33.099998474121094,33.099998474121094,2196200,22.482078552246094
2006-06-08,33.11000061035156,33.18000030517578,32.34000015258789,33.119998931884766,3012400,22.495662689208984
2006-06-09,33.290000915527344,33.290000915527344,32.84000015258789,32.84000015258789,6334500,22.305477142333984
2006-06-12,32.90999984741211,32.97999954223633,32.40999984741211,32.43000030517578,1532300,22.02700424194336
2006-06-13,32.2599983215332,32.68000030517578,32.2599983215332,32.33000183105469,1823700,21.959077835083008
2006-06-14,32.33000183105469,32.619998931884766,32.310001373291016,32.61000061035156,2045000,22.149255752563477
2006-06-15,32.77000045776367,33.45000076293945,32.72999954223633,33.349998474121094,1427900,22.65188217163086
2006-06-16,33.34000015258789,33.34000015258789,33.06999969482422,33.2599983215332,856100,22.648469924926758
2006-06-19,33.2599983215332,33.45000076293945,32.849998474121094,33,1026200,22.471418380737305
2006-06-20,33.02000045776367,33.15999984741211,32.869998931884766,32.959999084472656,1223900,22.44418716430664
2006-06-21,33.08000183105469,33.45000076293945,33,33.349998474121094,726900,22.70976448059082
2006-06-22,33.38999938964844,33.38999938964844,33.02000045776367,33.150001525878906,1854900,22.573575973510742
2006-06-23,33.189998626708984,33.470001220703125,32.970001220703125,33.2400016784668,488600,22.634859085083008
2006-06-26,33.25,33.34000015258789,33.09000015258789,33.33000183105469,1871100,22.69614601135254
2006-06-27,33.25,33.43000030517578,32.970001220703125,33.02000045776367,1026700,22.48503303527832
2006-06-28,33.099998474121094,33.16999816894531,32.81999969482422,33.119998931884766,515900,22.55314064025879
2006-06-29,33.369998931884766,33.849998474121094,33.25,33.81999969482422,1282400,23.029817581176758
2006-06-30,34.0099983215332,34.0099983215332,33.779998779296875,33.810001373291016,929000,23.022998809814453
2006-07-03,33.91999816894531,34,33.849998474121094,33.93000030517578,661200,23.104711532592773
2006-07-05,33.70000076293945,33.79999923706055,33.56999969482422,33.68000030517578,1263900,22.934476852416992
2006-07-06,33.689998626708984,33.900001525878906,33.66999816894531,33.77000045776367,806400,22.99576187133789
2006-07-07,33.599998474121094,33.599998474121094,33.20000076293945,33.27000045776367,1305500,22.655282974243164
2006-07-10,33.27000045776367,33.470001220703125,33.2400016784668,33.36000061035156,1221400,22.716569900512695
2006-07-11,33.209999084472656,33.470001220703125,33.04999923706055,33.45000076293945,1683400,22.77785873413086
2006-07-12,33.540000915527344,33.540000915527344,33.0099983215332,33.11000061035156,922500,22.546335220336914
2006-07-13,32.88999938964844,32.90999984741211,32.439998626708984,32.459999084472656,2140100,22.10370635986328
2006-07-14,32.459999084472656,32.459999084472656,31.739999771118164,32,4097700,21.79047393798828
2006-07-17,32.060001373291016,32.11000061035156,31.790000915527344,31.889999389648438,1746100,21.715566635131836
2006-07-18,32,32.04999923706055,31.649999618530273,32.040000915527344,1558400,21.81771469116211
2006-07-19,32.119998931884766,32.720001220703125,32.06999969482422,32.689998626708984,2387200,22.260334014892578
2006-07-20,32.61000061035156,32.86000061035156,32,32.02000045776367,3451700,21.804100036621094
2006-07-21,32.02000045776367,32.040000915527344,31.559999465942383,31.700000762939453,2855000,21.58618927001953
2006-07-24,31.809999465942383,32.27000045776367,31.809999465942383,32.220001220703125,2052500,21.940288543701172
2006-07-25,32.04999923706055,32.20000076293945,31.649999618530273,32.130001068115234,5472000,21.87900733947754
2006-07-26,32.099998474121094,32.130001068115234,31.520000457763672,31.719999313354492,2504700,21.59981346130371
2006-07-27,31.850000381469727,31.950000762939453,31.579999923706055,31.65999984741211,5677500,21.558942794799805
2006-07-28,31.84000015258789,32.099998474121094,31.700000762939453,32.02000045776367,1563500,21.804100036621094
2006-07-31,32.040000915527344,32.040000915527344,31.81999969482422,31.889999389648438,748400,21.715566635131836
2006-08-01,31.65999984741211,31.850000381469727,31.549999237060547,31.690000534057617,1862300,21.579383850097656
2006-08-02,31.670000076293945,31.969999313354492,31.649999618530273,31.889999389648438,1221000,21.715566635131836
2006-08-03,31.850000381469727,32.2599983215332,31.65999984741211,32.150001525878906,2952200,21.89261817932129
2006-08-04,32.369998931884766,32.58000183105469,31.860000610351562,32.060001373291016,1513800,21.83132553100586
2006-08-07,31.899999618530273,32.099998474121094,31.770000457763672,31.93000030517578,868300,21.742807388305664
2006-08-08,31.93000030517578,32,31.5,31.649999618530273,2577700,21.552133560180664
2006-08-09,31.75,31.850000381469727,31.1299991607666,31.15999984741211,1754100,21.218463897705078
2006-08-10,31.200000762939453,31.459999084472656,31.030000686645508,31.40999984741211,1934800,21.388710021972656
2006-08-11,31.280000686645508,31.489999771118164,31.1200008392334,31.229999542236328,1118100,21.26614761352539
2006-08-14,31.3700008392334,31.760000228881836,31.280000686645508,31.290000915527344,2420600,21.3070011138916
2006-08-15,31.649999618530273,31.899999618530273,31.559999465942383,31.860000610351562,1506600,21.69514274597168
2006-08-16,32.25,32.650001525878906,32.060001373291016,32.56999969482422,4211200,22.178619384765625
2006-08-17,32.45000076293945,32.72999954223633,32.45000076293945,32.61000061035156,803100,22.205854415893555
2006-08-18,32.72999954223633,32.779998779296875,32.43000030517578,32.529998779296875,1281800,22.151376724243164
2006-08-21,32.40999984741211,32.41999816894531,32.209999084472656,32.2400016784668,1914100,21.953907012939453
2006-08-22,32.130001068115234,32.43000030517578,32.130001068115234,32.34000015258789,1178200,22.02199363708496
2006-08-23,32.22999954223633,32.369998931884766,31.959999084472656,32.099998474121094,1701400,21.85856819152832
2006-08-24,32.2400016784668,32.2400016784668,31.81999969482422,31.93000030517578,1357300,21.742807388305664
2006-08-25,31.809999465942383,31.940000534057617,31.700000762939453,31.940000534057617,918800,21.749622344970703
2006-08-28,31.940000534057617,32.18000030517578,31.8700008392334,32.06999969482422,2617600,21.8381404876709
2006-08-29,32.16999816894531,32.16999816894531,31.8799991607666,32.150001525878906,833200,21.89261817932129
2006-08-30,32.040000915527344,32.209999084472656,32.040000915527344,32.18000030517578,697400,21.91305160522461
2006-08-31,32.08000183105469,32.290000915527344,32.08000183105469,32.25,602800,21.960710525512695
2006-09-01,32.439998626708984,32.5,32.25,32.47999954223633,791200,22.117326736450195
2006-09-05,32.380001068115234,32.59000015258789,32.33000183105469,32.54999923706055,1600500,22.16499900817871
2006-09-06,32.4900016784668,32.4900016784668,32.209999084472656,32.209999084472656,2513800,21.9334716796875
2006-09-07,32.04999923706055,32.220001220703125,32,32.130001068115234,1184100,21.87900733947754
2006-09-08,32.119998931884766,32.189998626708984,32.08000183105469,32.189998626708984,1063700,21.91985321044922
2006-09-11,32,32.2400016784668,31.90999984741211,32.220001220703125,835600,21.940288543701172
2006-09-12,32.290000915527344,32.540000915527344,32.16999816894531,32.52000045776367,3449600,22.14456558227539
2006-09-13,32.52000045776367,32.90999984741211,32.5,32.849998474121094,2139500,22.369287490844727
2006-09-14,32.65999984741211,32.79999923706055,32.630001068115234,32.70000076293945,1588500,22.26714515686035
2006-09-15,32.619998931884766,32.88999938964844,32.619998931884766,32.72999954223633,1908100,22.382028579711914
2006-09-18,32.68000030517578,32.88999938964844,32.68000030517578,32.810001373291016,472500,22.43674087524414
2006-09-19,32.810001373291016,32.810001373291016,32.47999954223633,32.68000030517578,1592700,22.347837448120117
2006-09-20,32.65999984741211,32.959999084472656,32.65999984741211,32.86000061035156,1442900,22.470932006835938
2006-09-21,32.9900016784668,32.9900016784668,32.41999816894531,32.54999923706055,1396300,22.258930206298828
2006-09-22,32.41999816894531,32.4900016784668,32.279998779296875,32.38999938964844,2069200,22.149518966674805
2006-09-25,32.650001525878906,32.81999969482422,32.369998931884766,32.779998779296875,1061700,22.41621971130371
2006-09-26,32.849998474121094,33.279998779296875,32.79999923706055,33.189998626708984,3463500,22.69658660888672
2006-09-27,33.349998474121094,33.459999084472656,33.25,33.27000045776367,1907100,22.751300811767578
2006-09-28,33.45000076293945,33.54999923706055,33.2599983215332,33.5,1211500,22.908580780029297
2006-09-29,33.630001068115234,33.66999816894531,33.33000183105469,33.34000015258789,861400,22.79917335510254
2006-10-02,33.59000015258789,33.619998931884766,33.29999923706055,33.439998626708984,2924900,22.867549896240234
2006-10-03,33.369998931884766,33.779998779296875,33.369998931884766,33.650001525878906,1645800,23.011154174804688
2006-10-04,33.58000183105469,34.150001525878906,33.56999969482422,34.150001525878906,3151900,23.353086471557617
2006-10-05,34.099998474121094,34.43000030517578,34.029998779296875,34.31999969482422,983600,23.469331741333008
2006-10-06,34.209999084472656,34.31999969482422,34.099998474121094,34.25,2477300,23.421463012695312
2006-10-09,34.2599983215332,34.36000061035156,34.060001373291016,34.290000915527344,373400,23.448808670043945
2006-10-10,34.220001220703125,34.47999954223633,34.220001220703125,34.34000015258789,1492200,23.483009338378906
2006-10-11,34.34000015258789,34.36000061035156,34.09000015258789,34.349998474121094,966300,23.489837646484375
2006-10-12,34.43000030517578,34.650001525878906,34.369998931884766,34.63999938964844,2358600,23.688159942626953
2006-10-13,34.56999969482422,34.630001068115234,34.459999084472656,34.560001373291016,592300,23.633460998535156
2006-10-16,34.459999084472656,34.90999984741211,34.459999084472656,34.790000915527344,1319900,23.790727615356445
2006-10-17,34.68000030517578,34.70000076293945,34.400001525878906,34.599998474121094,2131300,23.660804748535156
2006-10-18,34.900001525878906,35.04999923706055,34.40999984741211,34.5099983215332,2943200,23.599266052246094
2006-10-19,34.40999984741211,34.52000045776367,34.349998474121094,34.43000030517578,1457500,23.544551849365234
2006-10-20,34.38999938964844,34.4900016784668,34.15999984741211,34.279998779296875,4171800,23.441972732543945
2006-10-23,34.09000015258789,34.58000183105469,34.09000015258789,34.459999084472656,1401300,23.565061569213867
2006-10-24,34.36000061035156,34.52000045776367,34.36000061035156,34.47999954223633,807000,23.5787353515625
2006-10-25,34.54999923706055,34.56999969482422,34.33000183105469,34.5099983215332,1918900,23.599266052246094
2006-10-26,34.5099983215332,34.540000915527344,34.25,34.5,1976800,23.59242820739746
2006-10-27,34.4900016784668,34.4900016784668,34.16999816894531,34.25,1352600,23.421463012695312
2006-10-30,34.0099983215332,34.45000076293945,33.70000076293945,34.36000061035156,739000,23.496688842773438
2006-10-31,34.36000061035156,34.47999954223633,34.119998931884766,34.279998779296875,1387100,23.441972732543945
2006-11-01,34.40999984741211,34.439998626708984,33.9900016784668,34.11000061035156,1483300,23.325719833374023
2006-11-02,33.900001525878906,34.04999923706055,33.880001068115234,33.9900016784668,1618600,23.24366569519043
2006-11-03,34.06999969482422,34.13999938964844,33.790000915527344,33.91999816894531,1376000,23.19580078125
2006-11-06,34.0099983215332,34.310001373291016,33.9900016784668,34.220001220703125,1522400,23.400949478149414
2006-11-07,34.099998474121094,34.68000030517578,34.099998474121094,34.61000061035156,3315900,23.667646408081055
2006-11-08,34.400001525878906,34.75,34.400001525878906,34.65999984741211,899100,23.701833724975586
2006-11-09,34.59000015258789,34.689998626708984,34.349998474121094,34.45000076293945,1534000,23.55823516845703
2006-11-10,34.34000015258789,34.56999969482422,34.34000015258789,34.5,1413900,23.59242820739746
2006-11-13,34.5,34.83000183105469,34.5,34.77000045776367,1261500,23.777067184448242
2006-11-14,34.869998931884766,34.970001220703125,34.52000045776367,34.880001068115234,1344200,23.85228157043457
2006-11-15,34.939998626708984,35.2599983215332,34.88999938964844,35.220001220703125,2041200,24.084789276123047
2006-11-16,35.369998931884766,35.5,35.27000045776367,35.380001068115234,1200700,24.194204330444336
2006-11-17,35.369998931884766,35.41999816894531,35.279998779296875,35.400001525878906,848400,24.207866668701172
2006-11-20,35.45000076293945,35.45000076293945,35.25,35.279998779296875,595700,24.125822067260742
2006-11-21,35.40999984741211,35.5,35.20000076293945,35.400001525878906,2369300,24.207866668701172
2006-11-22,35.58000183105469,35.58000183105469,35.439998626708984,35.540000915527344,1154900,24.303619384765625
2006-11-24,35.290000915527344,35.52000045776367,35.25,35.470001220703125,108600,24.255741119384766
2006-11-27,35.36000061035156,35.369998931884766,34.86000061035156,34.900001525878906,1635300,23.865951538085938
2006-11-28,34.720001220703125,34.86000061035156,34.650001525878906,34.86000061035156,1699400,23.838607788085938
2006-11-29,34.86000061035156,35.13999938964844,34.84000015258789,35.13999938964844,1002100,24.030071258544922
2006-11-30,35.040000915527344,35.27000045776367,34.900001525878906,35.119998931884766,693400,24.016399383544922
2006-12-01,35.0099983215332,35.209999084472656,34.68000030517578,34.91999816894531,742100,23.879638671875
2006-12-04,35,35.38999938964844,34.959999084472656,35.369998931884766,1575200,24.187355041503906
2006-12-05,35.349998474121094,35.47999954223633,35.25,35.45000076293945,896000,24.24207305908203
2006-12-06,35.41999816894531,35.459999084472656,35.33000183105469,35.33000183105469,2713600,24.160011291503906
2006-12-07,35.279998779296875,35.54999923706055,35.27000045776367,35.27000045776367,483800,24.11897087097168
2006-12-08,35.25,35.34000015258789,35.15999984741211,35.310001373291016,991700,24.146329879760742
2006-12-11,35.18000030517578,35.34000015258789,35.150001525878906,35.150001525878906,286000,24.036916732788086
2006-12-12,35.150001525878906,35.25,34.93000030517578,35.209999084472656,2599200,24.077939987182617
2006-12-13,35.2400016784668,35.349998474121094,34.959999084472656,35.09000015258789,1596000,23.99588966369629
2006-12-14,35.16999816894531,35.369998931884766,34.959999084472656,35.290000915527344,1107700,24.13265609741211
2006-12-15,35.13999938964844,35.2599983215332,35.08000183105469,35.20000076293945,2519200,24.26571273803711
2006-12-18,35.310001373291016,35.380001068115234,35.15999984741211,35.2400016784668,978700,24.29327964782715
2006-12-19,35.119998931884766,35.34000015258789,35.029998779296875,35.25,579000,24.300167083740234
2006-12-20,35.119998931884766,35.43000030517578,35.119998931884766,35.29999923706055,428800,24.334640502929688
2006-12-21,35.349998474121094,35.47999954223633,35.150001525878906,35.22999954223633,879900,24.286380767822266
2006-12-22,35.27000045776367,35.27000045776367,34.93000030517578,35.0099983215332,357500,24.13471221923828
2006-12-26,35.029998779296875,35.18000030517578,35.02000045776367,35.18000030517578,696600,24.25191879272461
2006-12-27,35.36000061035156,35.38999938964844,35.15999984741211,35.36000061035156,1033200,24.375995635986328
2006-12-28,35.43000030517578,35.459999084472656,35.209999084472656,35.2400016784668,231300,24.29327964782715
2006-12-29,35.279998779296875,35.290000915527344,35.0099983215332,35.0099983215332,252000,24.13471221923828
2007-01-03,35.130001068115234,35.560001373291016,35.02000045776367,35.22999954223633,3095700,24.286380767822266
2007-01-04,35.08000183105469,35.189998626708984,34.83000183105469,35.08000183105469,1706700,24.1829776763916
2007-01-05,35.08000183105469,35.08000183105469,34.77000045776367,34.959999084472656,3413800,24.100250244140625
2007-01-08,34.869998931884766,35.150001525878906,34.75,35.09000015258789,1669600,24.189870834350586
2007-01-09,35.20000076293945,35.2400016784668,34.93000030517578,35.06999969482422,1043200,24.176082611083984
2007-01-10,34.900001525878906,35.189998626708984,34.869998931884766,35.189998626708984,2762800,24.258804321289062
2007-01-11,35.099998474121094,35.52000045776367,35.099998474121094,35.47999954223633,2450300,24.458724975585938
2007-01-12,35.5,35.619998931884766,35.40999984741211,35.58000183105469,1241300,24.527660369873047
2007-01-16,35.45000076293945,35.84000015258789,35.45000076293945,35.77000045776367,1560600,24.658641815185547
2007-01-17,35.849998474121094,35.959999084472656,35.72999954223633,35.79999923706055,1659600,24.6793212890625
2007-01-18,35.720001220703125,35.900001525878906,35.630001068115234,35.63999938964844,1329300,24.569021224975586
2007-01-19,35.650001525878906,35.810001373291016,35.59000015258789,35.619998931884766,1531000,24.555238723754883
2007-01-22,35.58000183105469,35.619998931884766,35.130001068115234,35.22999954223633,1188600,24.286380767822266
2007-01-23,35.150001525878906,35.709999084472656,35.150001525878906,35.63999938964844,1829300,24.569021224975586
2007-01-24,35.72999954223633,35.72999954223633,35.5,35.540000915527344,2334300,24.500093460083008
2007-01-25,35.68000030517578,35.68000030517578,35.2400016784668,35.349998474121094,2087600,24.36910629272461
2007-01-26,35.459999084472656,35.459999084472656,34.95000076293945,35.209999084472656,1771100,24.2725887298584
2007-01-29,35.20000076293945,35.34000015258789,35.08000183105469,35.290000915527344,2823500,24.327743530273438
2007-01-30,35.400001525878906,35.400001525878906,35.11000061035156,35.27000045776367,1692500,24.31395149230957
2007-01-31,35.20000076293945,35.779998779296875,35.20000076293945,35.7400016784668,1263600,24.63795280456543
2007-02-01,35.95000076293945,36.189998626708984,35.5099983215332,36.04999923706055,2036800,24.85165786743164
2007-02-02,36,36.310001373291016,36,36.189998626708984,2448900,24.94817352294922
2007-02-05,36.279998779296875,36.33000183105469,35.900001525878906,36.2599983215332,1521100,24.99642562866211
2007-02-06,36.22999954223633,36.279998779296875,36.13999938964844,36.27000045776367,2814600,25.003328323364258
2007-02-07,36.349998474121094,36.349998474121094,36.189998626708984,36.2400016784668,1130400,24.982648849487305
2007-02-08,36.279998779296875,36.279998779296875,35.970001220703125,35.9900016784668,2209000,24.810300827026367
2007-02-09,36.02000045776367,36.06999969482422,35.7400016784668,35.849998474121094,3604600,24.71379280090332
2007-02-12,35.869998931884766,35.93000030517578,35.75,35.90999984741211,2738100,24.75516700744629
2007-02-13,35.81999969482422,36.20000076293945,35.81999969482422,36.20000076293945,4795200,24.955066680908203
2007-02-14,36.34000015258789,36.779998779296875,36.2599983215332,36.72999954223633,2329000,25.320430755615234
2007-02-15,36.84000015258789,36.84000015258789,36.25,36.810001373291016,1417900,25.375581741333008
2007-02-16,36.79999923706055,36.79999923706055,36.560001373291016,36.65999984741211,971800,25.272188186645508
2007-02-20,36.619998931884766,36.790000915527344,36.5,36.720001220703125,1537800,25.313547134399414
2007-02-21,36.5,36.83000183105469,36.5,36.81999969482422,2347400,25.382484436035156
2007-02-22,36.88999938964844,36.95000076293945,36.5099983215332,36.70000076293945,1525100,25.299747467041016
2007-02-23,36.61000061035156,36.61000061035156,36.369998931884766,36.599998474121094,1953000,25.23081398010254
2007-02-26,36.54999923706055,36.599998474121094,36.25,36.38999938964844,1548900,25.08604621887207
2007-02-27,36.20000076293945,36.20000076293945,35,35.29999923706055,4292800,24.334640502929688
2007-02-28,35.34000015258789,35.630001068115234,35.09000015258789,35.34000015258789,3121100,24.362218856811523
2007-03-01,34.869998931884766,35.470001220703125,34.09000015258789,35.279998779296875,4232900,24.32085609436035
2007-03-02,35.349998474121094,35.349998474121094,34.84000015258789,34.84000015258789,3170500,24.017532348632812
2007-03-05,34.619998931884766,35.040000915527344,34.349998474121094,34.75,4517300,23.955482482910156
2007-03-06,34.9900016784668,35.150001525878906,34.77000045776367,35.150001525878906,5726800,24.231233596801758
2007-03-07,35.08000183105469,35.25,35.0099983215332,35.0099983215332,2483100,24.13471221923828
2007-03-08,35.189998626708984,35.9900016784668,35.189998626708984,35.27000045776367,2759100,24.31395149230957
2007-03-09,35.599998474121094,35.599998474121094,35.2599983215332,35.45000076293945,1306900,24.438051223754883
2007-03-12,35.650001525878906,35.709999084472656,35.25,35.619998931884766,1513400,24.555238723754883
2007-03-13,35.619998931884766,35.619998931884766,34.880001068115234,35.02000045776367,2573800,24.141611099243164
2007-03-14,35.150001525878906,35.20000076293945,34.54999923706055,35.15999984741211,3341700,24.23811912536621
2007-03-15,34.959999084472656,35.33000183105469,34.959999084472656,35.20000076293945,2479500,24.26571273803711
2007-03-16,35.290000915527344,35.380001068115234,34.9900016784668,35.25,1633400,24.352758407592773
2007-03-19,35.369998931884766,35.560001373291016,35.33000183105469,35.5,3446800,24.525470733642578
2007-03-20,35.58000183105469,35.63999938964844,35.459999084472656,35.59000015258789,1330600,24.587635040283203
2007-03-21,35.619998931884766,36.189998626708984,35.56999969482422,36.08000183105469,3295000,24.926164627075195
2007-03-22,36.189998626708984,36.189998626708984,35.93000030517578,36.150001525878906,2537800,24.974517822265625
2007-03-23,36.040000915527344,36.36000061035156,35.88999938964844,36.36000061035156,3497400,25.119604110717773
2007-03-26,35.959999084472656,36.470001220703125,35.84000015258789,36.060001373291016,2302400,24.912343978881836
2007-03-27,35.90999984741211,36.029998779296875,35.75,35.88999938964844,2552300,24.794893264770508
2007-03-28,35.97999954223633,35.97999954223633,35.40999984741211,35.599998474121094,4467300,24.59454917907715
2007-03-29,35.630001068115234,35.779998779296875,35.369998931884766,35.59000015258789,4731400,24.587635040283203
2007-03-30,35.81999969482422,35.88999938964844,35.310001373291016,35.54999923706055,5669400,24.560009002685547
2007-04-02,35.63999938964844,35.63999938964844,35.40999984741211,35.61000061035156,4166400,24.601465225219727
2007-04-03,35.779998779296875,35.939998626708984,35.7400016784668,35.86000061035156,3728000,24.774169921875
2007-04-04,35.599998474121094,35.900001525878906,35.599998474121094,35.720001220703125,2915700,24.67745590209961
2007-04-05,35.70000076293945,35.84000015258789,35.630001068115234,35.83000183105469,2503000,24.75343894958496
2007-04-09,36,36.060001373291016,35.790000915527344,35.790000915527344,2472000,24.725814819335938
2007-04-10,35.869998931884766,35.959999084472656,35.689998626708984,35.779998779296875,3088600,24.718910217285156
2007-04-11,35.91999816894531,35.959999084472656,35.59000015258789,35.63999938964844,4280500,24.622182846069336
2007-04-12,35.5,36.06999969482422,35.5,36.06999969482422,3867800,24.91925811767578
2007-04-13,36.099998474121094,36.150001525878906,35.88999938964844,36.060001373291016,3796500,24.912343978881836
2007-04-16,36.290000915527344,36.369998931884766,36.25,36.349998474121094,1429000,25.112689971923828
2007-04-17,36.34000015258789,36.369998931884766,36.18000030517578,36.349998474121094,1527900,25.112689971923828
2007-04-18,36.099998474121094,36.650001525878906,36.099998474121094,36.45000076293945,1542700,25.18177604675293
2007-04-19,36.41999816894531,36.709999084472656,36.31999969482422,36.56999969482422,3395400,25.264678955078125
2007-04-20,37.099998474121094,37.20000076293945,36.81999969482422,36.81999969482422,1695200,25.437395095825195
2007-04-23,36.93000030517578,37.119998931884766,36.900001525878906,36.959999084472656,2643200,25.53411865234375
2007-04-24,37.11000061035156,37.20000076293945,36.83000183105469,36.849998474121094,4669400,25.45812225341797
2007-04-25,37.130001068115234,37.86000061035156,36.84000015258789,37.22999954223633,2316400,25.720657348632812
2007-04-26,37.27000045776367,37.36000061035156,37.15999984741211,37.209999084472656,724100,25.706836700439453
2007-04-27,37.20000076293945,37.810001373291016,37.18000030517578,37.63999938964844,3192900,26.003910064697266
2007-04-30,37.93000030517578,38,37.20000076293945,37.20000076293945,1713900,25.699934005737305
2007-05-01,37.439998626708984,37.5,37.2599983215332,37.43000030517578,3308800,25.85883903503418
2007-05-02,37.33000183105469,37.900001525878906,37.33000183105469,37.66999816894531,2236900,26.02461814880371
2007-05-03,37.900001525878906,37.97999954223633,37.83000183105469,37.939998626708984,2078500,26.21114730834961
2007-05-04,38.150001525878906,38.400001525878906,37.88999938964844,37.97999954223633,3364100,26.238794326782227
2007-05-07,38.099998474121094,38.150001525878906,37.97999954223633,38.08000183105469,1978800,26.307870864868164
2007-05-08,37.900001525878906,38.06999969482422,37.84000015258789,38.060001373291016,1202500,26.2940616607666
2007-05-09,38.029998779296875,38.290000915527344,37.91999816894531,38.15999984741211,2064100,26.36313819885254
2007-05-10,38.02000045776367,38.20000076293945,37.75,37.900001525878906,3222600,26.18351936340332
2007-05-11,37.900001525878906,38.189998626708984,37.70000076293945,38.189998626708984,1681400,26.38387680053711
2007-05-14,38.279998779296875,38.279998779296875,37.900001525878906,38.02000045776367,3746800,26.26642417907715
2007-05-15,38.09000015258789,38.459999084472656,38.040000915527344,38.119998931884766,2981300,26.33550453186035
2007-05-16,38.27000045776367,38.349998474121094,38.02000045776367,38.310001373291016,2150400,26.466766357421875
2007-05-17,38.400001525878906,38.459999084472656,38.20000076293945,38.380001068115234,2809300,26.515138626098633
2007-05-18,38.33000183105469,38.5,38.25,38.25,2837700,26.42532730102539
2007-05-21,38.5,38.540000915527344,38.29999923706055,38.470001220703125,4293200,26.57732582092285
2007-05-22,38.720001220703125,38.720001220703125,38.310001373291016,38.38999938964844,1107900,26.52203941345215
2007-05-23,38.34000015258789,38.65999984741211,38.34000015258789,38.58000183105469,4071100,26.653303146362305
2007-05-24,38.70000076293945,38.7400016784668,38.20000076293945,38.27000045776367,3748200,26.439138412475586
2007-05-25,38.459999084472656,38.59000015258789,38.349998474121094,38.5,2288500,26.598041534423828
2007-05-29,38.25,38.75,38.25,38.75,5165600,26.770750045776367
2007-05-30,38.56999969482422,38.939998626708984,38.36000061035156,38.91999816894531,3556000,26.888202667236328
2007-05-31,39.060001373291016,39.20000076293945,39.0099983215332,39.130001068115234,4611600,27.033281326293945
2007-06-01,39.380001068115234,39.43000030517578,39.09000015258789,39.279998779296875,5356800,27.13690185546875
2007-06-04,39.029998779296875,39.36000061035156,39.029998779296875,39.290000915527344,5474900,27.143815994262695
2007-06-05,39.25,39.400001525878906,39.0099983215332,39.16999816894531,4470400,27.06089973449707
2007-06-06,38.959999084472656,39.0099983215332,38.630001068115234,38.75,6151500,26.770750045776367
2007-06-07,38.47999954223633,38.790000915527344,38.060001373291016,38.119998931884766,5776000,26.33550453186035
2007-06-08,38.29999923706055,38.72999954223633,38.06999969482422,38.650001525878906,3031400,26.7016658782959
2007-06-11,38.54999923706055,38.900001525878906,38.54999923706055,38.70000076293945,2960600,26.7362117767334
2007-06-12,38.66999816894531,38.75,38.20000076293945,38.20000076293945,3105200,26.390789031982422
2007-06-13,38.54999923706055,39.11000061035156,38.439998626708984,39.11000061035156,3294500,27.019454956054688
2007-06-14,39.11000061035156,39.47999954223633,39.11000061035156,39.310001373291016,2121200,27.157621383666992
2007-06-15,39.599998474121094,39.619998931884766,39.41999816894531,39.41999816894531,1733200,27.303768157958984
2007-06-18,39.5,39.63999938964844,39.279998779296875,39.400001525878906,1543100,27.28992462158203
2007-06-19,39.33000183105469,39.70000076293945,39.16999816894531,39.52000045776367,3627800,27.373043060302734
2007-06-20,39.810001373291016,39.869998931884766,39.29999923706055,39.29999923706055,2117900,27.220666885375977
2007-06-21,39.290000915527344,39.5099983215332,39.040000915527344,39.380001068115234,2777700,27.27607536315918
2007-06-22,39.369998931884766,39.459999084472656,38.9900016784668,39.150001525878906,3238300,27.11677360534668
2007-06-25,39.22999954223633,39.40999984741211,38.81999969482422,39.04999923706055,2682100,27.047496795654297
2007-06-26,39.040000915527344,39.15999984741211,38.709999084472656,38.720001220703125,7165100,26.818933486938477
2007-06-27,38.5099983215332,39.099998474121094,38.41999816894531,39.099998474121094,2196800,27.082134246826172
2007-06-28,38.849998474121094,39.16999816894531,38.849998474121094,38.900001525878906,2308900,26.943613052368164
2007-06-29,39.15999984741211,39.349998474121094,38.79999923706055,39.040000915527344,4411100,27.040576934814453
2007-07-02,39.06999969482422,39.459999084472656,38.88999938964844,39.31999969482422,3608300,27.23452377319336
2007-07-03,39.56999969482422,39.65999984741211,39.5,39.599998474121094,1674400,27.42845344543457
2007-07-05,39.599998474121094,40.4900016784668,39.40999984741211,39.560001373291016,1979200,27.400758743286133
2007-07-06,39.630001068115234,39.83000183105469,39.5,39.79999923706055,1566500,27.566984176635742
2007-07-09,39.869998931884766,40.119998931884766,39.810001373291016,40.099998474121094,2363400,27.77476692199707
2007-07-10,39.880001068115234,40.18000030517578,39.34000015258789,39.43000030517578,2392000,27.310697555541992
2007-07-11,39.400001525878906,39.849998474121094,39.38999938964844,39.849998474121094,3833200,27.601612091064453
2007-07-12,40.209999084472656,40.959999084472656,39.93000030517578,40.439998626708984,3015000,28.010271072387695
2007-07-13,40.5,40.88999938964844,40.5,40.720001220703125,3053200,28.204212188720703
2007-07-16,40.70000076293945,41.11000061035156,40.70000076293945,40.97999954223633,2413700,28.384302139282227
2007-07-17,41.08000183105469,41.439998626708984,40.9900016784668,41.220001220703125,4281800,28.550527572631836
2007-07-18,41.099998474121094,41.41999816894531,40.88999938964844,41.130001068115234,4158300,28.488189697265625
2007-07-19,41.380001068115234,41.59000015258789,41.36000061035156,41.5,4174700,28.74446678161621
2007-07-20,41.16999816894531,41.47999954223633,40.72999954223633,40.900001525878906,4509400,28.328880310058594
2007-07-23,41.189998626708984,41.369998931884766,41.02000045776367,41.16999816894531,1963600,28.515878677368164
2007-07-24,41.06999969482422,41.20000076293945,40.560001373291016,40.599998474121094,7209600,28.121091842651367
2007-07-25,40.849998474121094,41.040000915527344,40.290000915527344,40.70000076293945,8328900,28.190351486206055
2007-07-26,40.130001068115234,40.59000015258789,39.369998931884766,39.849998474121094,8378000,27.601612091064453
2007-07-27,39.7400016784668,40.0099983215332,39.04999923706055,39.11000061035156,7651900,27.08905792236328
2007-07-30,39.43000030517578,40.0099983215332,39.29999923706055,39.95000076293945,6668400,27.67087745666504
2007-07-31,40.11000061035156,40.59000015258789,39.310001373291016,39.40999984741211,9482400,27.29685401916504
2007-08-01,39.20000076293945,40.290000915527344,39.119998931884766,39.70000076293945,9594300,27.49771499633789
2007-08-02,39.88999938964844,40.150001525878906,39.66999816894531,39.970001220703125,7948200,27.684722900390625
2007-08-03,40.040000915527344,40.119998931884766,39.099998474121094,39.150001525878906,5419400,27.11677360534668
2007-08-06,39.18000030517578,39.7400016784668,39,39.7400016784668,6596400,27.52543830871582
2007-08-07,39.5,40.0099983215332,39.25,39.7400016784668,5377800,27.52543830871582
2007-08-08,39.849998474121094,40.04999923706055,39.400001525878906,40.04999923706055,7208400,27.740148544311523
2007-08-09,39.220001220703125,39.529998779296875,38.65999984741211,38.97999954223633,9365300,26.9990177154541
2007-08-10,38.18000030517578,38.81999969482422,37.68000030517578,38.529998779296875,15654300,26.687334060668945
2007-08-13,39.02000045776367,39.27000045776367,38.77000045776367,39.04999923706055,6220100,27.047496795654297
2007-08-14,39.25,39.25,38.04999923706055,38.04999923706055,4621200,26.354867935180664
2007-08-15,37.9900016784668,38.45000076293945,37.36000061035156,37.599998474121094,7857900,26.04318618774414
2007-08-16,37.029998779296875,37.619998931884766,36.040000915527344,37.619998931884766,14361500,26.057029724121094
2007-08-17,38.59000015258789,38.810001373291016,37.54999923706055,38,11701500,26.320236206054688
2007-08-20,38.16999816894531,38.65999984741211,37.970001220703125,38.54999923706055,11070500,26.701187133789062
2007-08-21,38.47999954223633,38.720001220703125,38.279998779296875,38.400001525878906,4968200,26.597293853759766
2007-08-22,38.650001525878906,39.20000076293945,38.63999938964844,39.09000015258789,4456300,27.075206756591797
2007-08-23,39.290000915527344,39.400001525878906,38.61000061035156,38.880001068115234,3297300,26.92974853515625
2007-08-24,38.75,39.369998931884766,38.75,39.20000076293945,4095000,27.151397705078125
2007-08-27,39.29999923706055,39.38999938964844,39.11000061035156,39.11000061035156,3444800,27.08905792236328
2007-08-28,39.04999923706055,39.06999969482422,38.119998931884766,38.16999816894531,4981900,26.43796730041504
2007-08-29,38.400001525878906,39.08000183105469,38.349998474121094,39.06999969482422,3397500,27.06135368347168
2007-08-30,38.720001220703125,39.130001068115234,38.56999969482422,38.83000183105469,2472300,26.89511489868164
2007-08-31,39.2400016784668,39.54999923706055,39.040000915527344,39.41999816894531,4389100,27.303768157958984
2007-09-04,39.36000061035156,39.77000045776367,39.13999938964844,39.599998474121094,5069600,27.42845344543457
2007-09-05,39.220001220703125,39.349998474121094,38.95000076293945,39.20000076293945,2298500,27.151397705078125
2007-09-06,39.22999954223633,39.52000045776367,38.88999938964844,39.52000045776367,3230200,27.373043060302734
2007-09-07,39.029998779296875,39.08000183105469,38.56999969482422,38.709999084472656,6721600,26.81200408935547
2007-09-10,38.869998931884766,38.959999084472656,38.209999084472656,38.7400016784668,5932500,26.832794189453125
2007-09-11,38.63999938964844,39.189998626708984,38.63999938964844,39.09000015258789,4543200,27.075206756591797
2007-09-12,38.97999954223633,39.38999938964844,38.86000061035156,39.060001373291016,3671400,27.054426193237305
2007-09-13,39.400001525878906,39.650001525878906,39.18000030517578,39.470001220703125,3566100,27.338420867919922
2007-09-14,39.400001525878906,39.61000061035156,39.15999984741211,39.540000915527344,2426700,27.386886596679688
2007-09-17,39.4900016784668,39.540000915527344,39.20000076293945,39.20000076293945,2308200,27.151397705078125
2007-09-18,39.40999984741211,40.619998931884766,39.40999984741211,40.470001220703125,5280900,28.03106117248535
2007-09-19,40.93000030517578,41.040000915527344,40.65999984741211,40.900001525878906,3263700,28.328880310058594
2007-09-20,40.7599983215332,40.810001373291016,40.5099983215332,40.560001373291016,7924500,28.093379974365234
2007-09-21,40.79999923706055,40.79999923706055,40.5,40.630001068115234,2176200,28.284135818481445
2007-09-24,40.689998626708984,40.72999954223633,40.209999084472656,40.2400016784668,4150100,28.012638092041016
2007-09-25,40.25,40.599998474121094,40.04999923706055,40.400001525878906,10901000,28.124027252197266
2007-09-26,40.650001525878906,40.869998931884766,40.560001373291016,40.68000030517578,7758200,28.318933486938477
2007-09-27,40.939998626708984,40.9900016784668,40.709999084472656,40.86000061035156,3595800,28.444255828857422
2007-09-28,41.029998779296875,41.08000183105469,40.7400016784668,41.08000183105469,3124700,28.597396850585938
2007-10-01,41.060001373291016,41.63999938964844,40.91999816894531,41.61000061035156,8254500,28.96634864807129
2007-10-02,41.68000030517578,41.77000045776367,41.189998626708984,41.27000045776367,1351600,28.729644775390625
2007-10-03,41.189998626708984,41.27000045776367,40.880001068115234,40.9900016784668,3975500,28.534727096557617
2007-10-04,41.150001525878906,41.150001525878906,40.93000030517578,41.130001068115234,3475100,28.6321964263916
2007-10-05,41.52000045776367,41.75,41.29999923706055,41.58000183105469,2919900,28.945463180541992
2007-10-08,41.52000045776367,41.66999816894531,41.34000015258789,41.5099983215332,849600,28.896713256835938
2007-10-09,41.70000076293945,41.900001525878906,41.45000076293945,41.900001525878906,1840900,29.168245315551758
2007-10-10,41.9900016784668,41.9900016784668,41.25,41.439998626708984,1855000,28.848007202148438
2007-10-11,41.75,41.790000915527344,40.959999084472656,41.13999938964844,5550500,28.6391658782959
2007-10-12,41.150001525878906,41.31999969482422,40.869998931884766,41.31999969482422,4771000,28.764461517333984
2007-10-15,40.310001373291016,41.7400016784668,40.310001373291016,41,5630200,28.54170799255371
2007-10-16,41,41,40.630001068115234,40.81999969482422,4872900,28.416406631469727
2007-10-17,40.95000076293945,41.16999816894531,40.43000030517578,40.93000030517578,7526300,28.49297332763672
2007-10-18,40.779998779296875,41.04999923706055,40.61000061035156,41.040000915527344,3888600,28.569549560546875
2007-10-19,40.63999938964844,40.75,39.689998626708984,39.900001525878906,5618700,27.77594757080078
2007-10-22,39.47999954223633,40.04999923706055,39.33000183105469,40.04999923706055,9143100,27.880373001098633
2007-10-23,40.29999923706055,40.369998931884766,39.970001220703125,40.31999969482422,5009200,28.06831932067871
2007-10-24,40.290000915527344,40.47999954223633,39.0099983215332,40.20000076293945,7285900,27.98478889465332
2007-10-25,40.369998931884766,40.4900016784668,39.810001373291016,40.27000045776367,7023600,28.033527374267578
2007-10-26,39.529998779296875,40.75,39.529998779296875,40.29999923706055,4185100,28.054397583007812
2007-10-29,40.369998931884766,40.560001373291016,40.279998779296875,40.560001373291016,2597100,28.235389709472656
2007-10-30,40.400001525878906,40.4900016784668,40.189998626708984,40.20000076293945,2207300,27.98478889465332
2007-10-31,40.099998474121094,40.81999969482422,40.099998474121094,40.54999923706055,5443400,28.22843360900879
2007-11-01,40,40.41999816894531,39.84000015258789,39.86000061035156,6016400,27.74809455871582
2007-11-02,40.349998474121094,40.349998474121094,39.68000030517578,40.220001220703125,6475400,27.998706817626953
2007-11-05,39.970001220703125,40.439998626708984,39.689998626708984,40.04999923706055,7972100,27.880373001098633
2007-11-06,40.540000915527344,40.70000076293945,40.119998931884766,40.68000030517578,4168900,28.318933486938477
2007-11-07,40.540000915527344,40.540000915527344,39.66999816894531,39.70000076293945,10259700,27.636716842651367
2007-11-08,39.88999938964844,39.91999816894531,39.22999954223633,39.709999084472656,8635800,27.643680572509766
2007-11-09,39.25,39.400001525878906,38.91999816894531,38.91999816894531,5710900,27.093740463256836
2007-11-12,38.75,39.25,38.5,38.5,5374200,26.801359176635742
2007-11-13,38.79999923706055,39.5099983215332,38.79999923706055,39.47999954223633,4289600,27.483572006225586
2007-11-14,39.720001220703125,39.849998474121094,39.209999084472656,39.349998474121094,5033000,27.393075942993164
2007-11-15,39.630001068115234,39.630001068115234,38.63999938964844,38.79999923706055,3506800,27.01019287109375
2007-11-16,38.81999969482422,38.970001220703125,38.34000015258789,38.810001373291016,7695300,27.017160415649414
2007-11-19,38.41999816894531,38.560001373291016,38.08000183105469,38.25,7974300,26.6273193359375
2007-11-20,38.040000915527344,38.7599983215332,37.79999923706055,38.310001373291016,7125500,26.669082641601562
2007-11-21,37.81999969482422,38.099998474121094,37.619998931884766,37.66999816894531,4936700,26.223556518554688
2007-11-23,37.63999938964844,38.290000915527344,37.63999938964844,38.16999816894531,1069100,26.571611404418945
2007-11-26,38.560001373291016,38.619998931884766,37.56999969482422,37.56999969482422,3644400,26.153945922851562
2007-11-27,37.5099983215332,38.45000076293945,37.5099983215332,38.31999969482422,6404300,26.676048278808594
2007-11-28,38.25,39.4900016784668,38.25,39.25,5381200,27.323453903198242
2007-11-29,38.790000915527344,39.439998626708984,38.790000915527344,39.25,3274500,27.323453903198242
2007-11-30,39.959999084472656,39.959999084472656,39.119998931884766,39.400001525878906,6791800,27.42786979675293
2007-12-03,39.650001525878906,39.650001525878906,39,39,3348700,27.149429321289062
2007-12-04,38.88999938964844,39.08000183105469,38.79999923706055,38.90999984741211,3114000,27.086772918701172
2007-12-05,39.540000915527344,39.560001373291016,39.2400016784668,39.54999923706055,2815800,27.53229331970215
2007-12-06,39.70000076293945,40.220001220703125,39.41999816894531,40,2220100,27.84555435180664
2007-12-07,40.18000030517578,40.369998931884766,40.15999984741211,40.29999923706055,3432400,28.054397583007812
2007-12-10,40.380001068115234,40.59000015258789,40.220001220703125,40.4900016784668,2496100,28.186670303344727
2007-12-11,40.81999969482422,40.81999969482422,39.20000076293945,39.20000076293945,8748500,27.28864288330078
2007-12-12,40,40.36000061035156,39.20000076293945,39.70000076293945,4597700,27.636716842651367
2007-12-13,39.18000030517578,39.9900016784668,39.18000030517578,39.900001525878906,3178300,27.77594757080078
2007-12-14,39.27000045776367,39.90999984741211,39.27000045776367,39.459999084472656,5105000,27.469635009765625
2007-12-17,39.220001220703125,39.279998779296875,38.619998931884766,38.75,5244200,26.97538185119629
2007-12-18,38.72999954223633,39.0099983215332,38.369998931884766,38.86000061035156,5743700,27.051963806152344
2007-12-19,39.209999084472656,39.209999084472656,38.439998626708984,38.72999954223633,3489600,26.961463928222656
2007-12-20,38.779998779296875,39.04999923706055,38.560001373291016,39.04999923706055,3717500,27.184223175048828
2007-12-21,39.68000030517578,39.68000030517578,39.099998474121094,39.54999923706055,2760800,27.664064407348633
2007-12-24,40.029998779296875,40.029998779296875,39.58000183105469,39.9900016784668,891200,27.971830368041992
2007-12-26,39.939998626708984,39.939998626708984,39.59000015258789,39.84000015258789,2219400,27.866910934448242
2007-12-27,39.59000015258789,39.959999084472656,39.29999923706055,39.380001068115234,2491000,27.545154571533203
2007-12-28,39.54999923706055,39.65999984741211,39.2400016784668,39.34000015258789,1541400,27.517179489135742
2007-12-31,39.540000915527344,39.540000915527344,39.04999923706055,39.15999984741211,2378300,27.39126968383789
2008-01-02,39.04999923706055,39.209999084472656,38.220001220703125,38.5099983215332,7781500,26.93660545349121
2008-01-03,38.7599983215332,38.810001373291016,38.4900016784668,38.540000915527344,5334700,26.957605361938477
2008-01-04,38.13999938964844,38.310001373291016,37.54999923706055,37.75,12500300,26.40502166748047
2008-01-07,37.72999954223633,37.900001525878906,37.040000915527344,37.279998779296875,8542800,26.076269149780273
2008-01-08,37.45000076293945,37.540000915527344,36.2599983215332,36.45000076293945,10547800,25.49570655822754
2008-01-09,36.349998474121094,36.79999923706055,35.90999984741211,36.560001373291016,11917100,25.572650909423828
2008-01-10,36.439998626708984,37.439998626708984,36.310001373291016,37.06999969482422,14380500,25.929370880126953
2008-01-11,36.869998931884766,37.119998931884766,36.2400016784668,36.439998626708984,8847000,25.48870849609375
2008-01-14,36.58000183105469,36.939998626708984,36.5,36.88999938964844,4419800,25.803485870361328
2008-01-15,36.4900016784668,36.65999984741211,35.91999816894531,36.119998931884766,13396100,25.264875411987305
2008-01-16,35.81999969482422,36.38999938964844,35.65999984741211,35.70000076293945,8588100,24.97110366821289
2008-01-17,36.11000061035156,36.15999984741211,34.4900016784668,34.75,12869100,24.306602478027344
2008-01-18,34.880001068115234,35.560001373291016,34.630001068115234,34.68000030517578,8143000,24.25765037536621
2008-01-22,32.720001220703125,35.16999816894531,32.400001525878906,34.79999923706055,10142800,24.341585159301758
2008-01-23,33.75,35.849998474121094,33.75,35.75,11973300,25.006080627441406
2008-01-24,36.099998474121094,36.16999816894531,35.63999938964844,35.959999084472656,7188500,25.1529598236084
2008-01-25,36.5099983215332,36.5099983215332,35.75,35.79999923706055,16852000,25.04104995727539
2008-01-28,36.02000045776367,36.439998626708984,35.720001220703125,36.33000183105469,11629800,25.41176414489746
2008-01-29,36.75,36.75,36.40999984741211,36.650001525878906,5274000,25.635608673095703
2008-01-30,36.7599983215332,37.5,36.459999084472656,36.79999923706055,6795200,25.740514755249023
2008-01-31,36.29999923706055,37.4900016784668,36.13999938964844,37,9121000,25.880420684814453
2008-02-01,37.349998474121094,37.849998474121094,37.2400016784668,37.849998474121094,8863300,26.47496223449707
2008-02-04,37.9900016784668,37.9900016784668,37.439998626708984,37.439998626708984,7162900,26.18819236755371
2008-02-05,36.56999969482422,37.06999969482422,36.43000030517578,36.4900016784668,8321600,25.5236873626709
2008-02-06,36.709999084472656,36.91999816894531,36.25,36.43000030517578,5560400,25.481719970703125
2008-02-07,36.22999954223633,36.599998474121094,36.060001373291016,36.439998626708984,7200500,25.48870849609375
2008-02-08,36.29999923706055,36.529998779296875,35.95000076293945,36.16999816894531,7242700,25.29985237121582
2008-02-11,36.040000915527344,36.619998931884766,35.939998626708984,36.529998779296875,5167400,25.55166244506836
2008-02-12,36.81999969482422,37.150001525878906,36.54999923706055,36.900001525878906,10940000,25.810466766357422
2008-02-13,36.90999984741211,37.560001373291016,36.619998931884766,37.560001373291016,5794700,26.272113800048828
2008-02-14,37.689998626708984,37.70000076293945,36.81999969482422,37,6746200,25.880420684814453
2008-02-15,36.619998931884766,36.93000030517578,36.540000915527344,36.77000045776367,6852500,25.71953582763672
2008-02-19,37.02000045776367,37.27000045776367,36.650001525878906,36.95000076293945,5918700,25.84544563293457
2008-02-20,36.83000183105469,37.13999938964844,36.400001525878906,37.06999969482422,4769600,25.929370880126953
2008-02-21,37.43000030517578,37.45000076293945,36.5099983215332,36.779998779296875,6813000,25.726533889770508
2008-02-22,36.779998779296875,37.150001525878906,36.189998626708984,37.150001525878906,6112500,25.985334396362305
2008-02-25,37.279998779296875,37.4900016784668,36.689998626708984,37.439998626708984,5766900,26.18819236755371
2008-02-26,37.25,37.779998779296875,37.150001525878906,37.470001220703125,6428700,26.20916748046875
2008-02-27,37.04999923706055,37.81999969482422,37.04999923706055,37.540000915527344,2573900,26.258140563964844
2008-02-28,37.40999984741211,37.45000076293945,37.029998779296875,37.27000045776367,3924300,26.069271087646484
2008-02-29,36.97999954223633,36.9900016784668,36.25,36.25,6461700,25.355819702148438
2008-03-03,36,36.779998779296875,35.9900016784668,36.779998779296875,3710200,25.726533889770508
2008-03-04,36.2400016784668,36.560001373291016,35.970001220703125,36.349998474121094,4853500,25.425756454467773
2008-03-05,36.380001068115234,37.029998779296875,36.380001068115234,36.83000183105469,4740900,25.761499404907227
2008-03-06,36.869998931884766,36.869998931884766,36.130001068115234,36.130001068115234,5262400,25.271879196166992
2008-03-07,36.0099983215332,36.279998779296875,35.38999938964844,35.61000061035156,7012900,24.908151626586914
2008-03-10,35.56999969482422,35.709999084472656,34.88999938964844,35.040000915527344,5628000,24.509456634521484
2008-03-11,35.61000061035156,36.22999954223633,35.290000915527344,36.22999954223633,9575100,25.341819763183594
2008-03-12,36.119998931884766,36.68000030517578,36.119998931884766,36.15999984741211,7534700,25.29286766052246
2008-03-13,35.41999816894531,36.65999984741211,35.41999816894531,36.65999984741211,7434800,25.64259910583496
2008-03-14,37,37.0099983215332,35.4900016784668,36.08000183105469,14902900,25.236906051635742
2008-03-17,35.130001068115234,36.2400016784668,35.130001068115234,35.900001525878906,9241100,25.111000061035156
2008-03-18,36.54999923706055,37.790000915527344,36.369998931884766,37.790000915527344,9586500,26.433000564575195
2008-03-19,37.16999816894531,37.56999969482422,36.31999969482422,36.40999984741211,5599300,25.467729568481445
2008-03-20,36.29999923706055,36.849998474121094,36.02000045776367,36.630001068115234,3951700,25.73541259765625
2008-03-24,37.040000915527344,37.459999084472656,36.810001373291016,37.459999084472656,6765200,26.318557739257812
2008-03-25,37.38999938964844,37.77000045776367,37.09000015258789,37.689998626708984,6335700,26.480140686035156
2008-03-26,37.369998931884766,37.4900016784668,37.150001525878906,37.38999938964844,3638200,26.26936912536621
2008-03-27,37.619998931884766,37.619998931884766,36.91999816894531,36.97999954223633,7984500,25.98131561279297
2008-03-28,37.279998779296875,37.31999969482422,36.810001373291016,36.84000015258789,3255600,25.882949829101562
2008-03-31,37,37.400001525878906,36.77000045776367,37.400001525878906,4198900,26.27640151977539
2008-04-01,37.68000030517578,38.38999938964844,37.45000076293945,38.25,14301000,26.873586654663086
2008-04-02,38.22999954223633,38.529998779296875,38.08000183105469,38.41999816894531,5795300,26.993024826049805
2008-04-03,37.939998626708984,38.290000915527344,37.939998626708984,38.25,4375800,26.873586654663086
2008-04-04,38.2599983215332,38.63999938964844,38.02000045776367,38.400001525878906,5045000,26.97897720336914
2008-04-07,38.66999816894531,38.72999954223633,38.13999938964844,38.15999984741211,6896600,26.810348510742188
2008-04-08,37.97999954223633,38.13999938964844,37.81999969482422,38.130001068115234,4186700,26.789268493652344
2008-04-09,37.84000015258789,38.119998931884766,37.4900016784668,37.7599983215332,5800600,26.529327392578125
2008-04-10,37.7400016784668,38.040000915527344,37.45000076293945,37.91999816894531,2775100,26.64173126220703
2008-04-11,36.86000061035156,36.9900016784668,36.33000183105469,36.43000030517578,6944500,25.59489631652832
2008-04-14,36.59000015258789,36.619998931884766,36.380001068115234,36.45000076293945,3620600,25.608945846557617
2008-04-15,36.68000030517578,36.70000076293945,36.220001220703125,36.619998931884766,4748200,25.72838592529297
2008-04-16,36.86000061035156,37.63999938964844,36.86000061035156,37.63999938964844,7933100,26.445016860961914
2008-04-17,37.38999938964844,37.459999084472656,37.09000015258789,37.20000076293945,5176600,26.135896682739258
2008-04-18,37.93000030517578,38.380001068115234,37.84000015258789,38.31999969482422,7603500,26.92275619506836
2008-04-21,38.04999923706055,38.189998626708984,37.880001068115234,38.189998626708984,7976300,26.831422805786133
2008-04-22,37.95000076293945,37.970001220703125,37.439998626708984,37.58000183105469,3361800,26.402868270874023
2008-04-23,37.7599983215332,38,37.47999954223633,37.599998474121094,4164200,26.416908264160156
2008-04-24,37.84000015258789,38.290000915527344,37.45000076293945,37.84000015258789,4105400,26.585521697998047
2008-04-25,38.31999969482422,38.47999954223633,37.849998474121094,38.369998931884766,2686500,26.957902908325195
2008-04-28,38.4900016784668,38.59000015258789,38.2599983215332,38.59000015258789,11001600,27.112455368041992
2008-04-29,38.439998626708984,38.4900016784668,38.150001525878906,38.22999954223633,5396000,26.85952377319336
2008-04-30,38.38999938964844,38.779998779296875,38.130001068115234,38.5,7494100,27.049236297607422
2008-05-01,38.27000045776367,38.880001068115234,38.13999938964844,38.75,10939000,27.224868774414062
2008-05-02,39.06999969482422,39.2400016784668,38.61000061035156,38.900001525878906,8936500,27.330259323120117
2008-05-05,38.939998626708984,38.97999954223633,38.529998779296875,38.79999923706055,3242900,27.2600040435791
2008-05-06,38.56999969482422,39.08000183105469,38.41999816894531,38.95000076293945,3398400,27.365385055541992
2008-05-07,39.029998779296875,39.060001373291016,38.27000045776367,38.349998474121094,5733600,26.94384002685547
2008-05-08,38.43000030517578,38.709999084472656,38.29999923706055,38.47999954223633,6928200,27.035181045532227
2008-05-09,38.15999984741211,38.36000061035156,38.11000061035156,38.2400016784668,4176400,26.86656951904297
2008-05-12,38.439998626708984,38.849998474121094,38.150001525878906,38.849998474121094,3550200,27.295146942138672
2008-05-13,38.5099983215332,39.16999816894531,38.5099983215332,39.11000061035156,3191600,27.477802276611328
2008-05-14,39.099998474121094,39.5,39.099998474121094,39.150001525878906,2979500,27.505901336669922
2008-05-15,39.150001525878906,39.38999938964844,39.0099983215332,39.380001068115234,3619100,27.66750144958496
2008-05-16,39.459999084472656,39.459999084472656,39.029998779296875,39.279998779296875,2605700,27.597240447998047
2008-05-19,39.349998474121094,39.970001220703125,39.189998626708984,39.720001220703125,6566900,27.90636444091797
2008-05-20,39.36000061035156,39.36000061035156,38.88999938964844,39.09000015258789,4368400,27.463743209838867
2008-05-21,39.040000915527344,39.25,38.29999923706055,38.43000030517578,8489100,27.00005531311035
2008-05-22,38.43000030517578,38.54999923706055,38.20000076293945,38.34000015258789,6620600,26.936824798583984
2008-05-23,38.209999084472656,38.209999084472656,37.650001525878906,37.790000915527344,4037400,26.5504150390625
2008-05-27,37.779998779296875,38.189998626708984,37.65999984741211,38.189998626708984,3903600,26.831422805786133
2008-05-28,38.400001525878906,38.4900016784668,38.09000015258789,38.45000076293945,5651000,27.01409339904785
2008-05-29,38.540000915527344,38.91999816894531,38.130001068115234,38.599998474121094,7581300,27.119487762451172
2008-05-30,38.77000045776367,39.02000045776367,38.56999969482422,38.84000015258789,4003200,27.28809928894043
2008-06-02,38.66999816894531,38.939998626708984,38.25,38.5099983215332,5004300,27.05624771118164
2008-06-03,38.540000915527344,38.68000030517578,37.900001525878906,38.380001068115234,5398300,26.964921951293945
2008-06-04,38.029998779296875,38.38999938964844,37.939998626708984,38.22999954223633,4411600,26.85952377319336
2008-06-05,38.25,38.599998474121094,38.040000915527344,38.5099983215332,6498400,27.05624771118164
2008-06-06,38.150001525878906,38.290000915527344,37.0099983215332,37.0099983215332,11162200,26.00238800048828
2008-06-09,37.290000915527344,37.4900016784668,37.09000015258789,37.38999938964844,7946800,26.26936912536621
2008-06-10,37.02000045776367,37.59000015258789,37.02000045776367,37.16999816894531,4217900,26.114810943603516
2008-06-11,37.150001525878906,37.150001525878906,36.400001525878906,36.470001220703125,6568200,25.622995376586914
2008-06-12,36.63999938964844,37.33000183105469,36.43000030517578,36.599998474121094,7316900,25.714330673217773
2008-06-13,36.7599983215332,37.15999984741211,36.709999084472656,37.02000045776367,8574500,26.00941276550293
2008-06-16,37.099998474121094,37.2599983215332,36.70000076293945,36.81999969482422,5626000,25.868886947631836
2008-06-17,37.130001068115234,37.150001525878906,36.54999923706055,36.7400016784668,3678400,25.812692642211914
2008-06-18,36.31999969482422,36.56999969482422,36.16999816894531,36.209999084472656,6784300,25.44033432006836
2008-06-19,36.22999954223633,36.83000183105469,36.16999816894531,36.68000030517578,6266300,25.77053451538086
2008-06-20,36.150001525878906,36.400001525878906,35.810001373291016,35.900001525878906,5842300,25.34067153930664
2008-06-23,36.16999816894531,36.20000076293945,35.869998931884766,35.970001220703125,3460300,25.390087127685547
2008-06-24,35.68000030517578,35.880001068115234,35.380001068115234,35.540000915527344,6387500,25.086549758911133
2008-06-25,35.59000015258789,35.59000015258789,35,35.279998779296875,8762400,24.903024673461914
2008-06-26,34.95000076293945,34.95000076293945,33.79999923706055,34.70000076293945,10217700,24.493627548217773
2008-06-27,34.08000183105469,34.08000183105469,33.5099983215332,33.70000076293945,9277200,23.787750244140625
2008-06-30,33.650001525878906,34.220001220703125,33.59000015258789,34.0099983215332,5948100,24.00658416748047
2008-07-01,33.5,34.15999984741211,33.369998931884766,33.9900016784668,12149100,23.992467880249023
2008-07-02,34.130001068115234,34.16999816894531,32.900001525878906,32.95000076293945,12311600,23.258344650268555
2008-07-03,33.349998474121094,33.529998779296875,32.95000076293945,33.40999984741211,5800600,23.583051681518555
2008-07-07,33.4900016784668,33.81999969482422,33,33.369998931884766,7051500,23.55482292175293
2008-07-08,33.25,34.13999938964844,33.25,34.13999938964844,12327600,24.098342895507812
2008-07-09,34.130001068115234,34.279998779296875,33.15999984741211,33.189998626708984,9153300,23.427759170532227
2008-07-10,33.5,33.790000915527344,33.18000030517578,33.70000076293945,9592300,23.787750244140625
2008-07-11,33.41999816894531,33.790000915527344,32.95000076293945,33.09000015258789,9542500,23.357179641723633
2008-07-14,33.45000076293945,33.88999938964844,32.88999938964844,33.2400016784668,7401600,23.463048934936523
2008-07-15,33.09000015258789,33.13999938964844,32,32.58000183105469,9592400,22.99717903137207
2008-07-16,32.75,33.59000015258789,32.34000015258789,33.33000183105469,9211200,23.52659797668457
2008-07-17,33.83000183105469,34.25,33.459999084472656,34.25,10626300,24.175981521606445
2008-07-18,34.150001525878906,34.29999923706055,33.79999923706055,34.29999923706055,7400600,24.211278915405273
2008-07-21,34.2400016784668,34.33000183105469,33.83000183105469,34.33000183105469,7538200,24.23245620727539
2008-07-22,34.08000183105469,34.790000915527344,34.08000183105469,34.75,6980700,24.528921127319336
2008-07-23,35,35.209999084472656,34.619998931884766,35.02000045776367,8744400,24.719511032104492
2008-07-24,35.29999923706055,35.349998474121094,34.130001068115234,34.150001525878906,9031900,24.10540199279785
2008-07-25,34.63999938964844,34.63999938964844,34.25,34.470001220703125,8323800,24.331274032592773
2008-07-28,34.599998474121094,34.599998474121094,33.56999969482422,33.68000030517578,7177100,23.773635864257812
2008-07-29,33.880001068115234,34.95000076293945,33.869998931884766,34.95000076293945,6799400,24.670080184936523
2008-07-30,34.95000076293945,35.47999954223633,34.84000015258789,35.36000061035156,9428100,24.959501266479492
2008-07-31,35.119998931884766,35.25,34.27000045776367,34.279998779296875,17874300,24.1971492767334
2008-08-01,34.599998474121094,34.70000076293945,34.04999923706055,34.25,8000000,24.175981521606445
2008-08-04,34.18000030517578,34.31999969482422,33.869998931884766,34.099998474121094,7557100,24.070106506347656
2008-08-05,34.41999816894531,35.09000015258789,34.41999816894531,35.04999923706055,9724900,24.740678787231445
2008-08-06,35.04999923706055,35.720001220703125,34.689998626708984,35.720001220703125,6915000,25.213607788085938
2008-08-07,34.81999969482422,35.099998474121094,34.52000045776367,34.52000045776367,10655800,24.36656951904297
2008-08-08,34.65999984741211,35.88999938964844,34.529998779296875,35.709999084472656,11684800,25.206544876098633
2008-08-11,35.81999969482422,36.11000061035156,35.5,35.79999923706055,12795800,25.270065307617188
2008-08-12,35.790000915527344,35.79999923706055,35.290000915527344,35.45000076293945,7227600,25.023021697998047
2008-08-13,35.279998779296875,35.38999938964844,34.720001220703125,35.31999969482422,11052000,24.93126678466797
2008-08-14,35.06999969482422,35.72999954223633,34.88999938964844,35.45000076293945,9603900,25.023021697998047
2008-08-15,35.59000015258789,35.86000061035156,35.43000030517578,35.650001525878906,6119200,25.164203643798828
2008-08-18,35.77000045776367,35.79999923706055,35,35.25,6234800,24.881851196289062
2008-08-19,35.209999084472656,35.209999084472656,34.5099983215332,34.810001373291016,6894300,24.571273803710938
2008-08-20,34.66999816894531,34.849998474121094,34.209999084472656,34.529998779296875,9990500,24.37362289428711
2008-08-21,34.310001373291016,34.77000045776367,34.20000076293945,34.61000061035156,8100500,24.43008804321289
2008-08-22,34.86000061035156,35.290000915527344,34.72999954223633,35.290000915527344,6478600,24.91008758544922
2008-08-25,35.099998474121094,35.099998474121094,34.40999984741211,34.7400016784668,5858300,24.521862030029297
2008-08-26,34.540000915527344,34.7400016784668,34.290000915527344,34.72999954223633,7859300,24.51480484008789
2008-08-27,34.43000030517578,34.9900016784668,34.43000030517578,34.83000183105469,5629600,24.58538055419922
2008-08-28,34.90999984741211,35.77000045776367,34.90999984741211,35.61000061035156,8421000,25.135957717895508
2008-08-29,35.56999969482422,35.75,35.189998626708984,35.220001220703125,3775700,24.86067008972168
2008-09-02,35.7599983215332,36.15999984741211,35,35.22999954223633,10442600,24.86774253845215
2008-09-03,35.220001220703125,35.310001373291016,34.70000076293945,34.970001220703125,9961700,24.68421173095703
2008-09-04,34.650001525878906,34.65999984741211,33.52000045776367,33.77000045776367,11476900,23.837167739868164
2008-09-05,33.41999816894531,33.790000915527344,33.13999938964844,33.7599983215332,12674700,23.830101013183594
2008-09-08,34.40999984741211,34.81999969482422,33.939998626708984,34.29999923706055,15606400,24.211278915405273
2008-09-09,34.09000015258789,34.56999969482422,33.2599983215332,33.290000915527344,11434900,23.498355865478516
2008-09-10,33.45000076293945,33.86000061035156,33.20000076293945,33.43000030517578,9732300,23.59717559814453
2008-09-11,33.13999938964844,34.20000076293945,33.040000915527344,34.20000076293945,8516300,24.140695571899414
2008-09-12,33.86000061035156,34.16999816894531,33.56999969482422,34.11000061035156,10793300,24.07716941833496
2008-09-15,32.63999938964844,33.66999816894531,32.63999938964844,32.7400016784668,16085600,23.11012840270996
2008-09-16,31.989999771118164,33.20000076293945,31.920000076293945,32.84000015258789,18499300,23.18070411682129
2008-09-17,32.36000061035156,32.369998931884766,31.43000030517578,31.729999542236328,15598500,22.397192001342773
2008-09-18,31.649999618530273,32.849998474121094,30.559999465942383,32.380001068115234,30949600,22.85601043701172
2008-09-19,35,35,33.099998474121094,33.11000061035156,15910100,23.499013900756836
2008-09-22,33,33.380001068115234,32.20000076293945,32.22999954223633,5309400,22.874467849731445
2008-09-23,32.439998626708984,32.59000015258789,31.5,31.520000457763672,12016100,22.37057113647461
2008-09-24,31.850000381469727,31.8799991607666,30.969999313354492,31.450000762939453,8931100,22.32088851928711
2008-09-25,31.3700008392334,31.93000030517578,31,31.700000762939453,11687900,22.498310089111328
2008-09-26,31.030000686645508,31.610000610351562,30.639999389648438,31.56999969482422,14531000,22.406042098999023
2008-09-29,31.040000915527344,31.34000015258789,29.290000915527344,30.5,16947400,21.64663314819336
2008-09-30,30,30.799999237060547,29.760000228881836,30.799999237060547,10050300,21.85955238342285
2008-10-01,30.309999465942383,30.309999465942383,29.3799991607666,30.06999969482422,21014600,21.341455459594727
2008-10-02,29.6299991607666,29.6299991607666,27.809999465942383,28.270000457763672,14679300,20.063945770263672
2008-10-03,28.5,28.93000030517578,27.579999923706055,27.81999969482422,18081900,19.744577407836914
2008-10-06,26.8700008392334,27.209999084472656,25.56999969482422,27.09000015258789,20767300,19.226470947265625
2008-10-07,27.56999969482422,27.780000686645508,25.81999969482422,26.190000534057617,15985000,18.587717056274414
2008-10-08,25.030000686645508,26.75,25.030000686645508,25.790000915527344,19232000,18.3038330078125
2008-10-09,26.420000076293945,26.420000076293945,24,24.31999969482422,15437500,17.260528564453125
2008-10-10,22.90999984741211,24.920000076293945,22.200000762939453,23.540000915527344,23376100,16.706945419311523
2008-10-13,25.190000534057617,26.459999084472656,24.600000381469727,26.059999465942383,7824200,18.495454788208008
2008-10-14,27.799999237060547,27.799999237060547,25.059999465942383,26.049999237060547,17373800,18.488359451293945
2008-10-15,25.440000534057617,25.440000534057617,23.40999984741211,23.600000381469727,15899300,16.749526977539062
2008-10-16,23.440000534057617,24.579999923706055,22.459999084472656,24.079999923706055,20528200,17.090200424194336
2008-10-17,23.239999771118164,25.18000030517578,23.239999771118164,23.559999465942383,12076100,16.721139907836914
2008-10-20,24.399999618530273,24.920000076293945,23.969999313354492,24.729999542236328,13286900,17.551515579223633
2008-10-21,24.729999542236328,25.100000381469727,24.18000030517578,24.510000228881836,11165500,17.3953857421875
2008-10-22,23.610000610351562,23.850000381469727,22.329999923706055,23.3799991607666,20321500,16.593379974365234
2008-10-23,23.239999771118164,23.600000381469727,21.920000076293945,23.440000534057617,19569400,16.635971069335938
2008-10-24,21.649999618530273,22.719999313354492,21.559999465942383,22.09000015258789,17650200,15.67784309387207
2008-10-27,21.799999237060547,22.760000228881836,21.239999771118164,21.239999771118164,11494200,15.074573516845703
2008-10-28,22.15999984741211,23.729999542236328,21.389999389648438,23.420000076293945,12324100,16.621780395507812
2008-10-29,23.84000015258789,24.920000076293945,23.469999313354492,23.520000457763672,15938400,16.692752838134766
2008-10-30,24.200000762939453,24.829999923706055,23.850000381469727,24.3700008392334,14639300,17.296022415161133
2008-10-31,24.530000686645508,25.299999237060547,24.09000015258789,25.18000030517578,12745900,17.870895385742188
2008-11-03,25.09000015258789,25.190000534057617,24.6200008392334,24.75,8841400,17.565711975097656
2008-11-04,25.520000457763672,26.360000610351562,25.25,25.829999923706055,15205500,18.332216262817383
2008-11-05,26.139999389648438,26.18000030517578,24.690000534057617,24.75,15585600,17.565711975097656
2008-11-06,24.5,24.93000030517578,23.149999618530273,23.59000015258789,13678700,16.742431640625
2008-11-07,23.940000534057617,24.059999465942383,23.280000686645508,23.829999923706055,11548100,16.91276741027832
2008-11-10,24.549999237060547,24.610000610351562,23.520000457763672,23.84000015258789,9504100,16.919864654541016
2008-11-11,23.440000534057617,23.75,22.829999923706055,23.309999465942383,15414600,16.543712615966797
2008-11-12,22.920000076293945,22.920000076293945,21.959999084472656,22.200000762939453,11420800,15.755908966064453
2008-11-13,22.43000030517578,23.469999313354492,20.899999618530273,23.389999389648438,24198500,16.600486755371094
2008-11-14,23.18000030517578,23.559999465942383,22.190000534057617,22.399999618530273,17514300,15.897860527038574
2008-11-17,21.899999618530273,22.6200008392334,21.639999389648438,21.950000762939453,17211600,15.578476905822754
2008-11-18,21.829999923706055,22.260000228881836,21.270000457763672,21.969999313354492,14682100,15.592674255371094
2008-11-19,22.209999084472656,22.209999084472656,20.510000228881836,20.549999237060547,23026400,14.584864616394043
2008-11-20,20.34000015258789,21.06999969482422,19.239999771118164,20,20907100,14.1945161819458
2008-11-21,20.059999465942383,20.760000228881836,19.190000534057617,20.59000015258789,27855900,14.613252639770508
2008-11-24,20.8799991607666,22.15999984741211,20.809999465942383,21.6200008392334,20405600,15.344269752502441
2008-11-25,22.25,22.3799991607666,21.3700008392334,21.93000030517578,14812300,15.564284324645996
2008-11-26,21.559999465942383,22.760000228881836,21.40999984741211,22.6200008392334,11156400,16.053998947143555
2008-11-28,22.559999465942383,23.25,22.510000228881836,23.110000610351562,4169300,16.40176773071289
2008-12-01,22.780000686645508,22.780000686645508,21.139999389648438,21.209999084472656,11050100,15.053285598754883
2008-12-02,21.65999984741211,22.239999771118164,21.3799991607666,22.190000534057617,13488200,15.748817443847656
2008-12-03,21.8700008392334,22.770000457763672,21.530000686645508,22.56999969482422,18149000,16.018510818481445
2008-12-04,22.260000228881836,22.8700008392334,21.729999542236328,22.1200008392334,16593900,15.69913101196289
2008-12-05,21.709999084472656,22.729999542236328,21.239999771118164,22.65999984741211,19686300,16.082380294799805
2008-12-08,23.549999237060547,23.950000762939453,22.899999618530273,23.25,17034400,16.501129150390625
2008-12-09,23.229999542236328,23.459999084472656,22.600000381469727,22.84000015258789,15503800,16.21013641357422
2008-12-10,23.139999389648438,23.469999313354492,22.81999969482422,23.209999084472656,10248800,16.47273063659668
2008-12-11,22.770000457763672,23.079999923706055,22.059999465942383,22.209999084472656,12010700,15.763012886047363
2008-12-12,21.719999313354492,22.3700008392334,21.5,22.270000457763672,10671300,15.805593490600586
2008-12-15,22.56999969482422,22.56999969482422,21.8700008392334,22.260000228881836,10048800,15.798498153686523
2008-12-16,23.360000610351562,23.510000228881836,22.25,23.360000610351562,14467100,16.579193115234375
2008-12-17,23.219999313354492,23.6299991607666,22.93000030517578,23.3700008392334,10329300,16.586292266845703
2008-12-18,23.459999084472656,23.559999465942383,22.489999771118164,22.549999237060547,12514900,16.004318237304688
2008-12-19,22.639999389648438,23.030000686645508,22.459999084472656,22.579999923706055,13077000,16.181324005126953
2008-12-22,22.75,22.75,21.920000076293945,22.229999542236328,10035200,15.930505752563477
2008-12-23,22.360000610351562,22.579999923706055,22.020000457763672,22.15999984741211,6315900,15.880341529846191
2008-12-24,22.18000030517578,22.389999389648438,22.1299991607666,22.299999237060547,2207000,15.980671882629395
2008-12-26,22.469999313354492,22.559999465942383,22.219999313354492,22.469999313354492,1231300,16.102493286132812
2008-12-29,22.3700008392334,22.479999542236328,21.860000610351562,22.049999237060547,3072500,15.80151081085205
2008-12-30,22.3799991607666,22.969999313354492,22.290000915527344,22.8700008392334,4754000,16.389141082763672
2008-12-31,23.020000457763672,23.540000915527344,22.860000610351562,23.420000076293945,6279000,16.783281326293945
2009-01-02,23.520000457763672,24.420000076293945,23.270000457763672,24.280000686645508,6659500,17.399581909179688
2009-01-05,24.18000030517578,24.459999084472656,23.8799991607666,24.09000015258789,11182100,17.263418197631836
2009-01-06,24.420000076293945,24.739999771118164,24.229999542236328,24.6200008392334,13437000,17.643230438232422
2009-01-07,24.260000228881836,24.260000228881836,23.510000228881836,23.520000457763672,10726200,16.854948043823242
2009-01-08,23.510000228881836,23.770000457763672,23.350000381469727,23.75,11184400,17.019771575927734
2009-01-09,23.850000381469727,23.889999389648438,23.200000762939453,23.229999542236328,6161400,16.647119522094727
2009-01-12,23.219999313354492,23.270000457763672,22.610000610351562,22.719999313354492,8466900,16.28165054321289
2009-01-13,22.709999084472656,22.809999465942383,22.010000228881836,22.329999923706055,19223500,16.00217056274414
2009-01-14,21.989999771118164,22.010000228881836,21.389999389648438,21.5,15643100,15.407373428344727
2009-01-15,21.549999237060547,21.860000610351562,20.799999237060547,21.700000762939453,14149200,15.550698280334473
2009-01-16,21.920000076293945,22.059999465942383,21.219999313354492,21.81999969482422,9030200,15.636682510375977
2009-01-20,21.68000030517578,21.84000015258789,20.799999237060547,20.809999465942383,13048000,14.9129056930542
2009-01-21,21.25,21.440000534057617,20.56999969482422,21.34000015258789,16046100,15.29271411895752
2009-01-22,21.040000915527344,21.479999542236328,20.670000076293945,21.270000457763672,17930200,15.242547988891602
2009-01-23,20.690000534057617,21.079999923706055,20.540000915527344,20.6299991607666,19148400,14.78390884399414
2009-01-26,20.639999389648438,21.280000686645508,20.5,20.8700008392334,19811700,14.955896377563477
2009-01-27,21.049999237060547,21.389999389648438,20.969999313354492,21.25,14817400,15.228216171264648
2009-01-28,21.81999969482422,22.100000381469727,21.649999618530273,21.860000610351562,17246000,15.665358543395996
2009-01-29,21.729999542236328,21.729999542236328,20.989999771118164,21.059999465942383,11543100,15.092058181762695
2009-01-30,21.1200008392334,21.229999542236328,20.399999618530273,20.610000610351562,7888000,14.769577980041504
2009-02-02,20.299999237060547,20.329999923706055,19.850000381469727,20.139999389648438,9383500,14.432760238647461
2009-02-03,20.18000030517578,20.610000610351562,20.110000610351562,20.510000228881836,9087600,14.697922706604004
2009-02-04,20.729999542236328,20.979999542236328,20.399999618530273,20.399999618530273,10417600,14.619091033935547
2009-02-05,20.25,20.899999618530273,20.040000915527344,20.639999389648438,11882400,14.791070938110352
2009-02-06,20.850000381469727,21.309999465942383,20.709999084472656,21.139999389648438,12767200,15.14938735961914
2009-02-09,21.190000534057617,21.719999313354492,21.049999237060547,21.540000915527344,8462300,15.43603801727295
2009-02-10,21.43000030517578,21.549999237060547,20.31999969482422,20.40999984741211,8791200,14.626258850097656
2009-02-11,20.530000686645508,20.780000686645508,20.350000381469727,20.56999969482422,6449700,14.740912437438965
2009-02-12,20.290000915527344,20.399999618530273,19.700000762939453,20.34000015258789,12775200,14.576089859008789
2009-02-13,20.459999084472656,20.760000228881836,20.299999237060547,20.34000015258789,8666900,14.576089859008789
2009-02-17,19.639999389648438,19.81999969482422,19.280000686645508,19.309999465942383,15837300,13.837966918945312
2009-02-18,19.6299991607666,19.65999984741211,19.1299991607666,19.34000015258789,11520600,13.859467506408691
2009-02-19,19.600000381469727,19.65999984741211,18.90999984741211,18.90999984741211,12493300,13.55132007598877
2009-02-20,18.729999542236328,18.93000030517578,18.270000457763672,18.6200008392334,16660800,13.34350299835205
2009-02-23,18.84000015258789,18.940000534057617,17.770000457763672,17.899999618530273,11756700,12.827523231506348
2009-02-24,17.860000610351562,18.549999237060547,17.639999389648438,18.290000915527344,10561700,13.107013702392578
2009-02-25,18.329999923706055,18.329999923706055,17.670000076293945,17.850000381469727,14156700,12.791702270507812
2009-02-26,18.209999084472656,18.229999542236328,17.540000915527344,17.540000915527344,8399100,12.569549560546875
2009-02-27,17.25,17.639999389648438,17.06999969482422,17.100000381469727,12092200,12.254236221313477
2009-03-02,16.889999389648438,16.899999618530273,15.979999542236328,15.979999542236328,9658600,11.451620101928711
2009-03-03,16.440000534057617,16.489999771118164,15.779999732971191,15.859999656677246,10174000,11.36562442779541
2009-03-04,16.299999237060547,16.600000381469727,15.850000381469727,16.299999237060547,10929900,11.680935859680176
2009-03-05,16.049999237060547,16.09000015258789,15.380000114440918,15.670000076293945,13470200,11.229467391967773
2009-03-06,15.859999656677246,16.030000686645508,15.140000343322754,15.5,13881200,11.10763931274414
2009-03-09,15.479999542236328,15.84000015258789,15.15999984741211,15.359999656677246,9734800,11.007314682006836
2009-03-10,15.630000114440918,16.610000610351562,15.630000114440918,16.520000457763672,10318500,11.838592529296875
2009-03-11,16.790000915527344,17.030000686645508,16.5,16.68000030517578,9343000,11.95325756072998
2009-03-12,16.8700008392334,17.420000076293945,16.43000030517578,17.219999313354492,8489700,12.340229988098145
2009-03-13,17.5,17.649999618530273,16.969999313354492,17.25,8099600,12.361729621887207
2009-03-16,17.489999771118164,18.040000915527344,17.40999984741211,17.440000534057617,11528100,12.497884750366211
2009-03-17,17.579999923706055,17.950000762939453,17.280000686645508,17.950000762939453,8405900,12.86336612701416
2009-03-18,17.81999969482422,18.520000457763672,17.43000030517578,18.290000915527344,12541000,13.107013702392578
2009-03-19,18.5,18.579999923706055,18.079999923706055,18.110000610351562,8776900,12.978023529052734
2009-03-20,18.049999237060547,18.09000015258789,17.270000457763672,17.389999389648438,12500500,12.582252502441406
2009-03-23,17.829999923706055,18.729999542236328,17.690000534057617,18.649999618530273,8470900,13.49390697479248
2009-03-24,18.399999618530273,18.989999771118164,18.3700008392334,18.5,14721600,13.385374069213867
2009-03-25,18.65999984741211,19.219999313354492,18.149999618530273,18.649999618530273,10733600,13.49390697479248
2009-03-26,18.93000030517578,19.649999618530273,18.899999618530273,19.649999618530273,16530500,14.217425346374512
2009-03-27,19.40999984741211,19.489999771118164,19.100000381469727,19.280000686645508,10115000,13.949728012084961
2009-03-30,18.649999618530273,18.690000534057617,18.09000015258789,18.31999969482422,8718200,13.255139350891113
2009-03-31,18.59000015258789,18.8700008392334,18.260000228881836,18.43000030517578,10759600,13.334723472595215
2009-04-01,18.260000228881836,18.850000381469727,18.1299991607666,18.84000015258789,8653300,13.631368637084961
2009-04-02,19.239999771118164,20.1200008392334,19.200000762939453,19.850000381469727,13177000,14.36214542388916
2009-04-03,19.860000610351562,19.969999313354492,19.610000610351562,19.8700008392334,11174400,14.376618385314941
2009-04-06,19.65999984741211,20.09000015258789,19.440000534057617,19.920000076293945,7783300,14.412784576416016
2009-04-07,19.610000610351562,19.780000686645508,19.34000015258789,19.350000381469727,9263800,14.000372886657715
2009-04-08,19.549999237060547,19.649999618530273,19.239999771118164,19.520000457763672,11783600,14.123374938964844
2009-04-09,19.93000030517578,20.639999389648438,19.93000030517578,20.479999542236328,18412800,14.817970275878906
2009-04-13,20.209999084472656,20.719999313354492,20.06999969482422,20.540000915527344,13678000,14.861381530761719
2009-04-14,20.299999237060547,20.700000762939453,20.15999984741211,20.239999771118164,13458100,14.644318580627441
2009-04-15,20.170000076293945,20.649999618530273,20.09000015258789,20.43000030517578,10098200,14.781797409057617
2009-04-16,20.739999771118164,21.260000228881836,20.459999084472656,21.1200008392334,15534200,15.281038284301758
2009-04-17,21.270000457763672,21.34000015258789,20.969999313354492,21.110000610351562,9920500,15.273799896240234
2009-04-20,20.770000457763672,20.799999237060547,20.110000610351562,20.18000030517578,11248100,14.600905418395996
2009-04-21,20.030000686645508,20.719999313354492,19.979999542236328,20.670000076293945,3242900,14.955439567565918
2009-04-22,20.40999984741211,21.479999542236328,20.40999984741211,20.989999771118164,13736400,15.186969757080078
2009-04-23,21.170000076293945,21.290000915527344,20.690000534057617,21.219999313354492,8470900,15.35338020324707
2009-04-24,21.489999771118164,21.799999237060547,21.280000686645508,21.65999984741211,9277200,15.671733856201172
2009-04-27,21.489999771118164,21.690000534057617,21.18000030517578,21.229999542236328,7980500,15.360618591308594
2009-04-28,21.030000686645508,21.329999923706055,20.799999237060547,20.979999542236328,9556200,15.179732322692871
2009-04-29,21.18000030517578,21.950000762939453,21.18000030517578,21.68000030517578,14356600,15.68620491027832
2009-04-30,22.139999389648438,22.31999969482422,21.649999618530273,21.760000228881836,11382600,15.744097709655762
2009-05-01,21.780000686645508,22.239999771118164,21.65999984741211,22,9052100,15.917742729187012
2009-05-04,22.290000915527344,22.84000015258789,22.059999465942383,22.719999313354492,9579800,16.43868637084961
2009-05-05,22.639999389648438,22.889999389648438,22.520000457763672,22.790000915527344,9942600,16.48933982849121
2009-05-06,23.010000228881836,23.229999542236328,22.700000762939453,23.149999618530273,18727800,16.74980354309082
2009-05-07,23.3700008392334,23.389999389648438,22.510000228881836,22.68000030517578,17176100,16.409744262695312
2009-05-08,22.8700008392334,23.510000228881836,22.8700008392334,23.510000228881836,9326800,17.010276794433594
2009-05-11,23.030000686645508,23.219999313354492,22.780000686645508,22.809999465942383,10456900,16.503795623779297
2009-05-12,23.06999969482422,23.06999969482422,22.15999984741211,22.559999465942383,12735500,16.322919845581055
2009-05-13,22.010000228881836,22.25,21.549999237060547,21.6299991607666,12479500,15.65002727508545
2009-05-14,21.579999923706055,22.06999969482422,21.579999923706055,21.790000915527344,10311200,15.765801429748535
2009-05-15,21.8700008392334,22.190000534057617,21.6299991607666,21.799999237060547,17495800,15.773033142089844
2009-05-18,21.90999984741211,22.600000381469727,21.90999984741211,22.600000381469727,10524600,16.35186004638672
2009-05-19,22.549999237060547,22.709999084472656,22.329999923706055,22.43000030517578,19701800,16.228858947753906
2009-05-20,22.790000915527344,23.09000015258789,22.450000762939453,22.450000762939453,13316600,16.243335723876953
2009-05-21,22.110000610351562,22.25,21.549999237060547,21.770000457763672,20545700,15.75132942199707
2009-05-22,21.75,21.989999771118164,21.56999969482422,21.690000534057617,8858200,15.693449020385742
2009-05-26,21.84000015258789,22.510000228881836,21.510000228881836,22.479999542236328,16082300,16.265029907226562
2009-05-27,22.479999542236328,22.579999923706055,21.75,21.75,10835700,15.736858367919922
2009-05-28,21.950000762939453,22.09000015258789,21.469999313354492,21.959999084472656,10851400,15.888792991638184
2009-05-29,22.15999984741211,22.520000457763672,21.93000030517578,22.489999771118164,10999600,16.27226448059082
2009-06-01,22.969999313354492,23.579999923706055,22.770000457763672,23.530000686645508,19477000,17.024747848510742
2009-06-02,23.399999618530273,23.75,23.3700008392334,23.56999969482422,10763500,17.053686141967773
2009-06-03,23.260000228881836,23.459999084472656,22.899999618530273,23.110000610351562,15375500,16.720861434936523
2009-06-04,23.260000228881836,23.579999923706055,23.059999465942383,23.530000686645508,7971400,17.024747848510742
2009-06-05,24.049999237060547,24.079999923706055,23.600000381469727,23.729999542236328,12146000,17.169456481933594
2009-06-08,23.719999313354492,23.920000076293945,23.31999969482422,23.790000915527344,8434700,17.21286392211914
2009-06-09,23.84000015258789,23.8700008392334,23.489999771118164,23.739999771118164,10302600,17.17668914794922
2009-06-10,24.09000015258789,24.1299991607666,23.170000076293945,23.59000015258789,12810100,17.06815528869629
2009-06-11,23.540000915527344,23.860000610351562,23.5,23.549999237060547,10526900,17.03921890258789
2009-06-12,23.530000686645508,23.600000381469727,23.229999542236328,23.59000015258789,8454700,17.06815528869629
2009-06-15,23.479999542236328,23.479999542236328,22.65999984741211,22.8700008392334,8953300,16.54721450805664
2009-06-16,22.969999313354492,23.059999465942383,22.450000762939453,22.450000762939453,9303600,16.243335723876953
2009-06-17,22.34000015258789,22.540000915527344,22.15999984741211,22.280000686645508,17690700,16.120325088500977
2009-06-18,22.450000762939453,22.459999084472656,22.030000686645508,22.299999237060547,12271900,16.134801864624023
2009-06-19,22.489999771118164,22.639999389648438,22.059999465942383,22.200000762939453,8822300,16.16975975036621
2009-06-22,22.020000457763672,22.049999237060547,21.3700008392334,21.459999084472656,11339600,15.63076400756836
2009-06-23,21.389999389648438,21.469999313354492,21.079999923706055,21.260000228881836,14739300,15.48509407043457
2009-06-24,21.479999542236328,21.899999618530273,21.290000915527344,21.399999618530273,13853900,15.587067604064941
2009-06-25,21.31999969482422,22.110000610351562,21.31999969482422,22.059999465942383,18079300,16.067787170410156
2009-06-26,22.06999969482422,22.200000762939453,21.90999984741211,21.969999313354492,11819300,16.002243041992188
2009-06-29,22.149999618530273,22.350000381469727,21.950000762939453,22.190000534057617,6238800,16.1624755859375
2009-06-30,22.190000534057617,22.290000915527344,21.770000457763672,21.959999084472656,8985100,15.994952201843262
2009-07-01,21.760000228881836,22.3700008392334,21.75,22.049999237060547,14009300,16.060503005981445
2009-07-02,22.010000228881836,22.010000228881836,21.31999969482422,21.360000610351562,13736200,15.557931900024414
2009-07-06,21.09000015258789,21.3700008392334,21,21.3700008392334,13749300,15.56522274017334
2009-07-07,21.239999771118164,21.299999237060547,20.59000015258789,20.639999389648438,13589900,15.033500671386719
2009-07-08,20.600000381469727,20.770000457763672,20.290000915527344,20.559999465942383,18108100,14.975235939025879
2009-07-09,20.690000534057617,20.84000015258789,20.579999923706055,20.75,10261300,15.113624572753906
2009-07-10,20.559999465942383,20.809999465942383,20.209999084472656,20.719999313354492,13920900,15.091784477233887
2009-07-13,20.850000381469727,21.290000915527344,20.56999969482422,21.25,9447400,15.477812767028809
2009-07-14,21.489999771118164,21.559999465942383,21.239999771118164,21.559999465942383,7456600,15.703603744506836
2009-07-15,21.90999984741211,22.280000686645508,21.770000457763672,22.229999542236328,12194400,16.191612243652344
2009-07-16,22.219999313354492,22.75,22.100000381469727,22.639999389648438,9079900,16.490249633789062
2009-07-17,22.59000015258789,22.59000015258789,22.209999084472656,22.3799991607666,8516800,16.300870895385742
2009-07-20,22.65999984741211,22.899999618530273,22.530000686645508,22.829999923706055,11225700,16.628629684448242
2009-07-21,23.110000610351562,23.299999237060547,22.579999923706055,22.84000015258789,11590000,16.635921478271484
2009-07-22,22.739999771118164,23.059999465942383,22.690000534057617,22.90999984741211,8604600,16.686901092529297
2009-07-23,22.809999465942383,23.510000228881836,22.780000686645508,23.389999389648438,12070000,17.036516189575195
2009-07-24,23.25,23.440000534057617,23.040000915527344,23.40999984741211,7254100,17.051082611083984
2009-07-27,23.420000076293945,23.579999923706055,23.219999313354492,23.540000915527344,8301500,17.145771026611328
2009-07-28,23.440000534057617,23.690000534057617,23.239999771118164,23.520000457763672,6436600,17.131200790405273
2009-07-29,23.34000015258789,23.420000076293945,23.09000015258789,23.40999984741211,11747600,17.051082611083984
2009-07-30,23.829999923706055,24.1299991607666,23.780000686645508,23.790000915527344,13001100,17.327863693237305
2009-07-31,23.850000381469727,24.100000381469727,23.790000915527344,23.8799991607666,10541300,17.39341926574707
2009-08-03,24.190000534057617,24.520000457763672,23.989999771118164,24.399999618530273,14748700,17.772167205810547
2009-08-04,24.360000610351562,24.59000015258789,24.200000762939453,24.579999923706055,8211800,17.90327262878418
2009-08-05,24.65999984741211,24.65999984741211,24.190000534057617,24.3799991607666,10111800,17.757598876953125
2009-08-06,24.56999969482422,24.649999618530273,24.309999465942383,24.510000228881836,20333600,17.852294921875
2009-08-07,24.8799991607666,25.329999923706055,24.719999313354492,25.1200008392334,13530300,18.296592712402344
2009-08-10,25.049999237060547,25.079999923706055,24.690000534057617,24.8799991607666,13115200,18.121788024902344
2009-08-11,24.68000030517578,24.850000381469727,24.3799991607666,24.549999237060547,12985000,17.88142967224121
2009-08-12,24.459999084472656,25.229999542236328,24.459999084472656,24.979999542236328,9455200,18.194618225097656
2009-08-13,25.170000076293945,25.18000030517578,24.81999969482422,25.09000015258789,8606100,18.27474594116211
2009-08-14,25.1299991607666,25.1299991607666,24.450000762939453,24.729999542236328,14117600,18.012531280517578
2009-08-17,24.149999618530273,24.209999084472656,23.84000015258789,24,15285100,17.48082160949707
2009-08-18,24.100000381469727,24.3700008392334,24.020000457763672,24.290000915527344,10463000,17.69204330444336
2009-08-19,24.040000915527344,24.489999771118164,23.969999313354492,24.360000610351562,8428000,17.743030548095703
2009-08-20,24.399999618530273,24.709999084472656,24.290000915527344,24.65999984741211,8648100,17.961544036865234
2009-08-21,24.979999542236328,25.31999969482422,24.56999969482422,25.299999237060547,8875000,18.427705764770508
2009-08-24,25.299999237060547,25.559999465942383,25.200000762939453,25.350000381469727,7054500,18.46411895751953
2009-08-25,25.540000915527344,25.690000534057617,25.329999923706055,25.489999771118164,8624800,18.56609535217285
2009-08-26,25.479999542236328,25.479999542236328,25.1200008392334,25.229999542236328,6914900,18.376720428466797
2009-08-27,25.219999313354492,25.559999465942383,25.020000457763672,25.459999084472656,8669600,18.544240951538086
2009-08-28,25.729999542236328,25.729999542236328,25.15999984741211,25.31999969482422,7591200,18.442264556884766
2009-08-31,25.139999389648438,25.149999618530273,24.829999923706055,25.020000457763672,8582000,18.2237548828125
2009-09-01,24.959999084472656,25.3799991607666,24.540000915527344,24.600000381469727,14918300,17.917844772338867
2009-09-02,24.559999465942383,24.6299991607666,24.360000610351562,24.5,10319500,17.845012664794922
2009-09-03,24.68000030517578,24.8700008392334,24.389999389648438,24.81999969482422,14405100,18.078079223632812
2009-09-04,24.84000015258789,25.350000381469727,24.760000228881836,25.309999465942383,8476400,18.434978485107422
2009-09-08,25.68000030517578,25.75,25.450000762939453,25.530000686645508,17735000,18.595226287841797
2009-09-09,25.65999984741211,26.100000381469727,25.6200008392334,25.959999084472656,12228700,18.90842056274414
2009-09-10,26.020000457763672,26.260000228881836,25.75,26.18000030517578,10479300,19.068668365478516
2009-09-11,26.389999389648438,26.540000915527344,26.239999771118164,26.350000381469727,10885000,19.192485809326172
2009-09-14,26.18000030517578,26.649999618530273,26.049999237060547,26.600000381469727,10257300,19.374576568603516
2009-09-15,26.700000762939453,27.030000686645508,26.540000915527344,26.920000076293945,12286200,19.607650756835938
2009-09-16,27.1299991607666,27.290000915527344,26.84000015258789,27.260000228881836,13884200,19.855304718017578
2009-09-17,27.299999237060547,27.549999237060547,27.020000457763672,27.309999465942383,12503700,19.8917293548584
2009-09-18,27.350000381469727,27.350000381469727,26.959999084472656,27.010000228881836,9784500,19.77749252319336
2009-09-21,26.899999618530273,27.110000610351562,26.700000762939453,26.850000381469727,8399100,19.660337448120117
2009-09-22,27.15999984741211,27.280000686645508,27,27.170000076293945,9695500,19.894657135009766
2009-09-23,27.290000915527344,27.3799991607666,26.860000610351562,26.940000534057617,8334000,19.726240158081055
2009-09-24,26.950000762939453,27.020000457763672,26.350000381469727,26.5,11069300,19.404054641723633
2009-09-25,26.389999389648438,26.479999542236328,26.06999969482422,26.1299991607666,8350800,19.133134841918945
2009-09-28,26.290000915527344,26.780000686645508,26.290000915527344,26.670000076293945,5896700,19.52853012084961
2009-09-29,26.770000457763672,26.90999984741211,26.579999923706055,26.610000610351562,12950800,19.484603881835938
2009-09-30,26.719999313354492,26.719999313354492,26.09000015258789,26.34000015258789,16520100,19.286897659301758
2009-10-01,26.1299991607666,26.360000610351562,25.6200008392334,25.68000030517578,23754600,18.803630828857422
2009-10-02,25.309999465942383,25.559999465942383,25.260000228881836,25.350000381469727,17744200,18.561988830566406
2009-10-05,25.469999313354492,25.889999389648438,25.3799991607666,25.8700008392334,11587400,18.942750930786133
2009-10-06,25.979999542236328,26.3700008392334,25.940000534057617,26.1200008392334,13054800,19.125810623168945
2009-10-07,26.1299991607666,26.1299991607666,25.889999389648438,26.020000457763672,8720100,19.052587509155273
2009-10-08,26.309999465942383,26.520000457763672,26.18000030517578,26.479999542236328,13050700,19.389413833618164
2009-10-09,26.309999465942383,26.549999237060547,26.229999542236328,26.549999237060547,9427600,19.440671920776367
2009-10-12,26.68000030517578,26.75,26.3700008392334,26.5,5634600,19.404054641723633
2009-10-13,26.489999771118164,26.520000457763672,26.239999771118164,26.520000457763672,8033400,19.4186954498291
2009-10-14,26.989999771118164,27.290000915527344,26.739999771118164,27.290000915527344,16827100,19.982513427734375
2009-10-15,27.1200008392334,27.270000457763672,27,27.25,7673500,19.953227996826172
2009-10-16,27.06999969482422,27.190000534057617,26.780000686645508,27.059999465942383,8309500,19.814104080200195
2009-10-19,27.18000030517578,27.469999313354492,27.09000015258789,27.350000381469727,7929700,20.026447296142578
2009-10-20,27.420000076293945,27.420000076293945,26.979999542236328,27.15999984741211,11172300,19.887325286865234
2009-10-21,27.149999618530273,27.5,26.899999618530273,26.969999313354492,11200900,19.74819564819336
2009-10-22,26.920000076293945,27.260000228881836,26.700000762939453,27.15999984741211,11423000,19.887325286865234
2009-10-23,27.299999237060547,27.299999237060547,26.610000610351562,26.68000030517578,12069300,19.53586196899414
2009-10-26,26.81999969482422,27.1200008392334,26.360000610351562,26.469999313354492,10952500,19.38208770751953
2009-10-27,26.43000030517578,26.6299991607666,26.110000610351562,26.110000610351562,13816500,19.118486404418945
2009-10-28,26.09000015258789,26.25,25.56999969482422,25.56999969482422,17674100,18.723081588745117
2009-10-29,25.6299991607666,26.18000030517578,25.6299991607666,26.18000030517578,12108400,19.16974449157715
2009-10-30,26.09000015258789,26.170000076293945,25.270000457763672,25.290000915527344,19261100,18.51805877685547
2009-11-02,25.40999984741211,25.790000915527344,25.200000762939453,25.579999923706055,19853300,18.730403900146484
2009-11-03,25.579999923706055,26.020000457763672,25.549999237060547,26.020000457763672,17826500,19.052587509155273
2009-11-04,26.239999771118164,26.399999618530273,25.920000076293945,25.969999313354492,12721200,19.015972137451172
2009-11-05,26.219999313354492,26.639999389648438,26.049999237060547,26.639999389648438,14457600,19.506568908691406
2009-11-06,26.56999969482422,26.93000030517578,26.540000915527344,26.8799991607666,9245300,19.682302474975586
2009-11-09,27.190000534057617,27.559999465942383,27.049999237060547,27.559999465942383,9692400,20.180217742919922
2009-11-10,27.3799991607666,27.600000381469727,27.239999771118164,27.399999618530273,10369500,20.06306266784668
2009-11-11,27.649999618530273,27.799999237060547,27.459999084472656,27.610000610351562,8986300,20.216833114624023
2009-11-12,27.530000686645508,27.690000534057617,27.219999313354492,27.290000915527344,11062300,19.982513427734375
2009-11-13,27.31999969482422,27.610000610351562,27.15999984741211,27.5,7949700,20.13628578186035
2009-11-16,27.549999237060547,28.170000076293945,27.549999237060547,28.1299991607666,9420500,20.597585678100586
2009-11-17,28.149999618530273,28.149999618530273,27.81999969482422,28.079999923706055,7449100,20.560977935791016
2009-11-18,28.100000381469727,28.110000610351562,27.799999237060547,27.93000030517578,5710800,20.451139450073242
2009-11-19,27.799999237060547,27.799999237060547,27.299999237060547,27.510000228881836,10683300,20.14361000061035
2009-11-20,27.309999465942383,27.520000457763672,27.25,27.459999084472656,10487600,20.10700225830078
2009-11-23,27.809999465942383,28.06999969482422,27.700000762939453,27.959999084472656,12004600,20.47311019897461
2009-11-24,27.8700008392334,27.8799991607666,27.549999237060547,27.729999542236328,8763900,20.304697036743164
2009-11-25,27.81999969482422,28.030000686645508,27.709999084472656,27.959999084472656,6123400,20.47311019897461
2009-11-27,27.06999969482422,27.690000534057617,27.040000915527344,27.420000076293945,10091300,20.077713012695312
2009-11-30,27.450000762939453,27.649999618530273,27.299999237060547,27.510000228881836,12897200,20.14361000061035
2009-12-01,27.8700008392334,28.059999465942383,27.709999084472656,27.959999084472656,8460800,20.47311019897461
2009-12-02,27.959999084472656,28.139999389648438,27.780000686645508,27.8799991607666,6255100,20.414533615112305
2009-12-03,27.969999313354492,28.139999389648438,27.690000534057617,27.75,6783000,20.319339752197266
2009-12-04,28.25,28.3700008392334,27.780000686645508,28.170000076293945,11692100,20.626873016357422
2009-12-07,28.1200008392334,28.280000686645508,28.049999237060547,28.06999969482422,6715500,20.553659439086914
2009-12-08,27.8700008392334,27.979999542236328,27.459999084472656,27.639999389648438,12208700,20.238786697387695
2009-12-09,27.780000686645508,27.790000915527344,27.489999771118164,27.770000457763672,9893200,20.333993911743164
2009-12-10,27.950000762939453,28.110000610351562,27.81999969482422,27.889999389648438,6255800,20.42185401916504
2009-12-11,28.049999237060547,28.229999542236328,27.899999618530273,28.170000076293945,6521800,20.626873016357422
2009-12-14,28.309999465942383,28.549999237060547,28.309999465942383,28.549999237060547,5908000,20.90513038635254
2009-12-15,28.440000534057617,28.559999465942383,28.31999969482422,28.469999313354492,5982400,20.84654426574707
2009-12-16,28.420000076293945,28.549999237060547,28.280000686645508,28.350000381469727,6433900,20.75868034362793
2009-12-17,28.229999542236328,28.239999771118164,28.010000228881836,28.040000915527344,8512500,20.53168487548828
2009-12-18,28.030000686645508,28.06999969482422,27.68000030517578,27.850000381469727,9836400,20.525053024291992
2009-12-21,28.049999237060547,28.139999389648438,27.969999313354492,28.059999465942383,8727800,20.67982292175293
2009-12-22,28.06999969482422,28.239999771118164,28.020000457763672,28.09000015258789,5726100,20.70193099975586
2009-12-23,28.100000381469727,28.18000030517578,27.979999542236328,28.139999389648438,2992900,20.738780975341797
2009-12-24,28.25,28.309999465942383,28.170000076293945,28.25,1277600,20.81985092163086
2009-12-28,28.299999237060547,28.299999237060547,28.09000015258789,28.200000762939453,6078400,20.783008575439453
2009-12-29,28.329999923706055,28.329999923706055,28.239999771118164,28.280000686645508,2883100,20.841955184936523
2009-12-30,28.1200008392334,28.25,28.100000381469727,28.139999389648438,5471000,20.738780975341797
2009-12-31,28.239999771118164,28.239999771118164,27.770000457763672,27.790000915527344,3117000,20.480836868286133
2010-01-04,28.09000015258789,28.31999969482422,27.959999084472656,28.31999969482422,7471500,20.871444702148438
2010-01-05,28.280000686645508,28.450000762939453,28.18000030517578,28.420000076293945,8256700,20.94513702392578
2010-01-06,28.350000381469727,28.510000228881836,28.34000015258789,28.479999542236328,5356700,20.989355087280273
2010-01-07,28.43000030517578,28.829999923706055,28.329999923706055,28.790000915527344,12118200,21.21782112121582
2010-01-08,28.799999237060547,29.260000228881836,28.780000686645508,29.25,8065000,21.55683708190918
2010-01-11,29.450000762939453,29.610000610351562,29.299999237060547,29.56999969482422,11895500,21.79266929626465
2010-01-12,29.31999969482422,29.40999984741211,29.1200008392334,29.329999923706055,12020700,21.61579704284668
2010-01-13,29.280000686645508,29.510000228881836,29.170000076293945,29.450000762939453,10978200,21.704238891601562
2010-01-14,29.40999984741211,29.469999313354492,29.329999923706055,29.450000762939453,4762700,21.704238891601562
2010-01-15,29.350000381469727,29.440000534057617,28.989999771118164,29.06999969482422,7251000,21.424177169799805
2010-01-19,29.170000076293945,29.43000030517578,29.040000915527344,29.389999389648438,11941300,21.660011291503906
2010-01-20,29.06999969482422,29.1299991607666,28.670000076293945,28.940000534057617,9810400,21.328359603881836
2010-01-21,28.920000076293945,29.049999237060547,28.25,28.270000457763672,17492900,20.83458709716797
2010-01-22,28.299999237060547,28.459999084472656,27.829999923706055,27.84000015258789,16216200,20.517688751220703
2010-01-25,28.170000076293945,28.209999084472656,27.860000610351562,28.020000457763672,12695500,20.650344848632812
2010-01-26,27.860000610351562,28.18000030517578,27.75,27.899999618530273,12708200,20.561899185180664
2010-01-27,27.799999237060547,28.040000915527344,27.520000457763672,27.979999542236328,22437800,20.62085723876953
2010-01-28,28.020000457763672,28.149999618530273,27.399999618530273,27.65999984741211,21371000,20.385028839111328
2010-01-29,27.709999084472656,27.979999542236328,27.309999465942383,27.3799991607666,17136200,20.178668975830078
2010-02-01,27.690000534057617,27.799999237060547,27.5,27.790000915527344,16144100,20.480836868286133
2010-02-02,27.950000762939453,28.3700008392334,27.889999389648438,28.31999969482422,20403200,20.871444702148438
2010-02-03,28.239999771118164,28.40999984741211,28.079999923706055,28.149999618530273,13675400,20.74615478515625
2010-02-04,27.959999084472656,28.010000228881836,27.31999969482422,27.31999969482422,20628100,20.134449005126953
2010-02-05,27.3799991607666,27.530000686645508,26.65999984741211,27.200000762939453,30821300,20.046010971069336
2010-02-08,27.270000457763672,27.31999969482422,26.899999618530273,26.899999618530273,17888900,19.82491111755371
2010-02-09,27.200000762939453,27.670000076293945,27.110000610351562,27.420000076293945,22723500,20.20815086364746
2010-02-10,27.440000534057617,27.510000228881836,27.1299991607666,27.3799991607666,12709800,20.178668975830078
2010-02-11,27.350000381469727,27.81999969482422,27.200000762939453,27.790000915527344,11507900,20.480836868286133
2010-02-12,27.420000076293945,27.670000076293945,27.280000686645508,27.56999969482422,16638900,20.318696975708008
2010-02-16,27.860000610351562,28.25,27.790000915527344,28.219999313354492,10497000,20.797739028930664
2010-02-17,28.43000030517578,28.489999771118164,28.25,28.459999084472656,14974300,20.974609375
2010-02-18,28.290000915527344,28.770000457763672,28.290000915527344,28.719999313354492,7602300,21.166229248046875
2010-02-19,28.68000030517578,29,28.59000015258789,28.860000610351562,12076500,21.2694091796875
2010-02-22,29,29.020000457763672,28.809999465942383,28.8799991607666,7382700,21.28415298461914
2010-02-23,28.809999465942383,28.989999771118164,28.43000030517578,28.510000228881836,16110200,21.01146697998047
2010-02-24,28.610000610351562,28.860000610351562,28.510000228881836,28.799999237060547,9011200,21.225189208984375
2010-02-25,28.280000686645508,28.790000915527344,28.149999618530273,28.729999542236328,12357000,21.173606872558594
2010-02-26,28.690000534057617,28.93000030517578,28.579999923706055,28.84000015258789,9004200,21.254671096801758
2010-03-01,28.959999084472656,29.260000228881836,28.850000381469727,29.219999313354492,11493900,21.53472900390625
2010-03-02,29.350000381469727,29.40999984741211,29.219999313354492,29.270000457763672,7327500,21.571578979492188
2010-03-03,29.3700008392334,29.600000381469727,29.239999771118164,29.309999465942383,5641200,21.601055145263672
2010-03-04,29.399999618530273,29.489999771118164,29.25,29.450000762939453,7479600,21.704238891601562
2010-03-05,29.649999618530273,29.90999984741211,29.600000381469727,29.899999618530273,9905300,22.035871505737305
2010-03-08,29.950000762939453,29.979999542236328,29.719999313354492,29.760000228881836,6773200,21.93269920349121
2010-03-09,29.690000534057617,30.09000015258789,29.6200008392334,30,7609900,22.10957145690918
2010-03-10,30,30.18000030517578,29.889999389648438,30.059999465942383,7923000,22.15379524230957
2010-03-11,29.969999313354492,30.18000030517578,29.790000915527344,30.170000076293945,7902700,22.234859466552734
2010-03-12,30.299999237060547,30.3700008392334,30.040000915527344,30.3700008392334,9897200,22.382253646850586
2010-03-15,30.270000457763672,30.440000534057617,30.1200008392334,30.3700008392334,13020600,22.382253646850586
2010-03-16,30.389999389648438,30.780000686645508,30.389999389648438,30.780000686645508,14118500,22.684419631958008
2010-03-17,30.8700008392334,30.969999313354492,30.729999542236328,30.829999923706055,10825000,22.72127342224121
2010-03-18,30.8700008392334,31.049999237060547,30.75,31.040000915527344,10298400,22.87602996826172
2010-03-19,30.809999465942383,31.1200008392334,30.690000534057617,30.809999465942383,8777800,22.78433609008789
2010-03-22,30.579999923706055,30.950000762939453,30.559999465942383,30.899999618530273,6434400,22.85089683532715
2010-03-23,30.979999542236328,31.25,30.90999984741211,31.25,8871300,23.10972023010254
2010-03-24,31.139999389648438,31.270000457763672,30.969999313354492,31.030000686645508,8390200,22.947038650512695
2010-03-25,31.31999969482422,31.420000076293945,30.950000762939453,31.010000228881836,10004200,22.93224334716797
2010-03-26,31.110000610351562,31.280000686645508,30.920000076293945,31.09000015258789,13362400,22.991403579711914
2010-03-29,31.280000686645508,31.40999984741211,31.190000534057617,31.3700008392334,17198200,23.19846534729004
2010-03-30,31.450000762939453,31.59000015258789,31.290000915527344,31.420000076293945,10610500,23.235443115234375
2010-03-31,31.3700008392334,31.43000030517578,31.149999618530273,31.239999771118164,11457200,23.102327346801758
2010-04-01,31.510000228881836,31.59000015258789,31.209999084472656,31.440000534057617,12537700,23.250228881835938
2010-04-05,31.56999969482422,31.75,31.450000762939453,31.670000076293945,11007700,23.420316696166992
2010-04-06,31.610000610351562,31.729999542236328,31.510000228881836,31.68000030517578,9108500,23.427715301513672
2010-04-07,31.600000381469727,31.670000076293945,31.34000015258789,31.5,10235200,23.29460906982422
2010-04-08,31.3799991607666,31.65999984741211,31.270000457763672,31.600000381469727,9100600,23.36855125427246
2010-04-09,31.690000534057617,31.790000915527344,31.59000015258789,31.780000686645508,6284600,23.50166893005371
2010-04-12,31.790000915527344,31.969999313354492,31.790000915527344,31.850000381469727,6771300,23.553428649902344
2010-04-13,31.770000457763672,31.979999542236328,31.649999618530273,31.899999618530273,8688200,23.590402603149414
2010-04-14,32.08000183105469,32.34000015258789,31.979999542236328,32.310001373291016,13028000,23.893606185913086
2010-04-15,32.290000915527344,32.689998626708984,32.2599983215332,32.619998931884766,6788800,24.12285041809082
2010-04-16,32.5,32.58000183105469,31.81999969482422,32.09000015258789,26511600,23.730918884277344
2010-04-19,32.060001373291016,32.150001525878906,31.729999542236328,32.029998779296875,16021200,23.686546325683594
2010-04-20,32.33000183105469,32.5,32.22999954223633,32.400001525878906,13103000,23.96016502380371
2010-04-21,32.459999084472656,32.689998626708984,32.36000061035156,32.619998931884766,19373000,24.12285041809082
2010-04-22,32.459999084472656,32.939998626708984,32.189998626708984,32.91999816894531,11770200,24.34470558166504
2010-04-23,32.97999954223633,33.150001525878906,32.75,33.119998931884766,15681200,24.492610931396484
2010-04-26,33.34000015258789,33.400001525878906,33.13999938964844,33.189998626708984,13312200,24.54436683654785
2010-04-27,33.02000045776367,33.27000045776367,32.27000045776367,32.38999938964844,31528700,23.95276641845703
2010-04-28,32.5099983215332,32.72999954223633,32.34000015258789,32.619998931884766,17520400,24.12285041809082
2010-04-29,32.88999938964844,33.36000061035156,32.79999923706055,33.36000061035156,14211400,24.670095443725586
2010-04-30,33.33000183105469,33.459999084472656,32.560001373291016,32.56999969482422,18401800,24.08588218688965
2010-05-03,32.59000015258789,33.31999969482422,32.59000015258789,33.220001220703125,16977700,24.56656265258789
2010-05-04,32.849998474121094,33,31.920000076293945,32.16999816894531,24814700,23.790071487426758
2010-05-05,31.59000015258789,32.130001068115234,31.540000915527344,31.760000228881836,28450700,23.486879348754883
2010-05-06,31.549999237060547,31.93000030517578,28.440000534057617,30.709999084472656,52085700,22.71038818359375
2010-05-07,30.81999969482422,30.850000381469727,29.600000381469727,30.030000686645508,48211400,22.207517623901367
2010-05-10,31.760000228881836,31.8700008392334,31.270000457763672,31.75,28537400,23.479480743408203
2010-05-11,31.600000381469727,32.119998931884766,31.350000381469727,31.65999984741211,21220600,23.412925720214844
2010-05-12,31.719999313354492,32.40999984741211,31.719999313354492,32.36000061035156,23705400,23.930583953857422
2010-05-13,32.220001220703125,32.400001525878906,31.850000381469727,31.860000610351562,15827900,23.560829162597656
2010-05-14,31.65999984741211,31.75,30.940000534057617,31.190000534057617,24135200,23.065353393554688
2010-05-17,31.290000915527344,31.43000030517578,30.469999313354492,31.110000610351562,30408700,23.006195068359375
2010-05-18,31.3799991607666,31.610000610351562,30.610000610351562,30.719999313354492,33891300,22.717784881591797
2010-05-19,30.399999618530273,30.770000457763672,29.850000381469727,30.329999923706055,42144400,22.429372787475586
2010-05-20,29.799999237060547,29.860000610351562,28.899999618530273,29.010000228881836,44338900,21.453222274780273
2010-05-21,28.5,29.540000915527344,28.389999389648438,29.420000076293945,39374700,21.756420135498047
2010-05-24,29.31999969482422,29.459999084472656,28.940000534057617,28.979999542236328,24343600,21.431041717529297
2010-05-25,28.100000381469727,28.969999313354492,27.90999984741211,28.959999084472656,30028300,21.41624641418457
2010-05-26,29.3700008392334,29.670000076293945,28.93000030517578,29.020000457763672,29128700,21.460615158081055
2010-05-27,29.75,30.010000228881836,29.43000030517578,30,21078000,22.185331344604492
2010-05-28,30,30.020000457763672,29.309999465942383,29.600000381469727,25026100,21.8895320892334
2010-06-01,29.309999465942383,29.770000457763672,28.899999618530273,28.940000534057617,27979600,21.401447296142578
2010-06-02,29.010000228881836,29.690000534057617,28.90999984741211,29.690000534057617,20844100,21.95609474182129
2010-06-03,29.979999542236328,29.989999771118164,29.549999237060547,29.829999923706055,21686700,22.059621810913086
2010-06-04,29.040000915527344,29.260000228881836,28.299999237060547,28.43000030517578,26172400,21.0242977142334
2010-06-07,28.399999618530273,28.540000915527344,27.68000030517578,27.700000762939453,30321200,20.484460830688477
2010-06-08,27.81999969482422,28.06999969482422,27.399999618530273,27.989999771118164,34376900,20.69891929626465
2010-06-09,28.18000030517578,28.670000076293945,27.8700008392334,27.989999771118164,30023200,20.69891929626465
2010-06-10,28.399999618530273,29.06999969482422,28.3799991607666,29.06999969482422,23492500,21.49759292602539
2010-06-11,28.770000457763672,29.200000762939453,28.6200008392334,29.170000076293945,14729700,21.571537017822266
2010-06-14,29.5,29.68000030517578,29.09000015258789,29.139999389648438,18225100,21.549354553222656
2010-06-15,29.3799991607666,30.06999969482422,29.309999465942383,30.020000457763672,17459700,22.200132369995117
2010-06-16,29.90999984741211,30.170000076293945,29.799999237060547,29.940000534057617,15416900,22.140968322753906
2010-06-17,30.1299991607666,30.1299991607666,29.600000381469727,30.030000686645508,22397500,22.207517623901367
2010-06-18,29.959999084472656,30.049999237060547,29.799999237060547,30,16529300,22.294466018676758
2010-06-21,30.43000030517578,30.600000381469727,29.899999618530273,30.049999237060547,17337100,22.33162498474121
2010-06-22,30.020000457763672,30.200000762939453,29.270000457763672,29.31999969482422,17664300,21.78912925720215
2010-06-23,29.280000686645508,29.5,28.940000534057617,29.209999084472656,19311200,21.707380294799805
2010-06-24,29.139999389648438,29.229999542236328,28.6299991607666,28.700000762939453,17170800,21.328372955322266
2010-06-25,28.760000228881836,28.979999542236328,28.489999771118164,28.920000076293945,18163500,21.491872787475586
2010-06-28,28.899999618530273,29.100000381469727,28.639999389648438,28.719999313354492,11263100,21.343244552612305
2010-06-29,28.31999969482422,28.329999923706055,27.3700008392334,27.610000610351562,31116800,20.518341064453125
2010-06-30,27.559999465942383,27.940000534057617,27.3700008392334,27.43000030517578,25416200,20.38457489013672
2010-07-01,27.399999618530273,27.540000915527344,26.850000381469727,27.350000381469727,26089500,20.32512664794922
2010-07-02,27.170000076293945,27.479999542236328,26.8799991607666,27.010000228881836,15578900,20.072450637817383
2010-07-06,27.5,27.610000610351562,26.790000915527344,27.059999465942383,16259000,20.1096134185791
2010-07-07,27.079999923706055,28.040000915527344,27.06999969482422,28,17141500,20.808176040649414
2010-07-08,28.219999313354492,28.479999542236328,28,28.360000610351562,17010400,21.075712203979492
2010-07-09,28.40999984741211,28.639999389648438,28.34000015258789,28.639999389648438,12659400,21.283794403076172
2010-07-12,28.469999313354492,28.649999618530273,28.25,28.489999771118164,14684600,21.17231559753418
2010-07-13,28.809999465942383,29.149999618530273,28.809999465942383,28.989999771118164,15580100,21.54389190673828
2010-07-14,28.950000762939453,29.229999542236328,28.809999465942383,29.049999237060547,15997600,21.588478088378906
2010-07-15,29.09000015258789,29.1200008392334,28.600000381469727,29.040000915527344,23101600,21.5810489654541
2010-07-16,28.889999389648438,28.889999389648438,27.989999771118164,28.06999969482422,21563500,20.86019515991211
2010-07-19,28.139999389648438,28.329999923706055,27.899999618530273,28.229999542236328,17957000,20.97908592224121
2010-07-20,27.8700008392334,28.739999771118164,27.739999771118164,28.670000076293945,17312400,21.306079864501953
2010-07-21,28.899999618530273,29.020000457763672,28.3700008392334,28.600000381469727,31327200,21.254056930541992
2010-07-22,28.93000030517578,29.639999389648438,28.93000030517578,29.479999542236328,24158500,21.90802574157715
2010-07-23,29.510000228881836,30.15999984741211,29.43000030517578,30.06999969482422,25468500,22.34648895263672
2010-07-26,30.229999542236328,30.600000381469727,30.1200008392334,30.559999465942383,17556400,22.710636138916016
2010-07-27,30.799999237060547,30.809999465942383,30.280000686645508,30.350000381469727,14145200,22.554569244384766
2010-07-28,30.25,30.389999389648438,30.149999618530273,30.270000457763672,15190500,22.495121002197266
2010-07-29,30.43000030517578,30.579999923706055,29.920000076293945,30.170000076293945,17623300,22.420806884765625
2010-07-30,29.899999618530273,30.399999618530273,29.770000457763672,30.290000915527344,17135700,22.509979248046875
2010-08-02,30.709999084472656,30.93000030517578,30.56999969482422,30.889999389648438,15965800,22.955873489379883
2010-08-03,30.799999237060547,30.899999618530273,30.579999923706055,30.729999542236328,11147100,22.836971282958984
2010-08-04,30.799999237060547,31.030000686645508,30.739999771118164,31,9579300,23.037614822387695
2010-08-05,30.729999542236328,31.059999465942383,30.700000762939453,31.020000457763672,20032500,23.0524845123291
2010-08-06,30.639999389648438,30.959999084472656,30.3799991607666,30.850000381469727,13396300,22.92613983154297
2010-08-09,31.149999618530273,31.149999618530273,30.84000015258789,31.010000228881836,8554800,23.04505157470703
2010-08-10,30.700000762939453,30.950000762939453,30.469999313354492,30.799999237060547,15325000,22.888986587524414
2010-08-11,30.239999771118164,30.290000915527344,29.469999313354492,29.649999618530273,33035000,22.034366607666016
2010-08-12,29.15999984741211,29.540000915527344,29.149999618530273,29.440000534057617,16303800,21.87830352783203
2010-08-13,29.280000686645508,29.549999237060547,29.25,29.399999618530273,8189100,21.84857749938965
2010-08-16,29.170000076293945,29.459999084472656,28.940000534057617,29.34000015258789,10913000,21.803997039794922
2010-08-17,29.6299991607666,30.18000030517578,29.56999969482422,29.850000381469727,17148200,22.183006286621094
2010-08-18,29.8799991607666,30.110000610351562,29.639999389648438,29.959999084472656,9109800,22.264745712280273
2010-08-19,29.760000228881836,29.889999389648438,29.139999389648438,29.31999969482422,19386600,21.78912925720215
2010-08-20,29.209999084472656,29.229999542236328,28.84000015258789,29.170000076293945,13057800,21.677654266357422
2010-08-23,29.350000381469727,29.479999542236328,28.809999465942383,28.850000381469727,15057000,21.43985366821289
2010-08-24,28.440000534057617,28.489999771118164,27.989999771118164,28.260000228881836,26300800,21.001392364501953
2010-08-25,28.010000228881836,28.350000381469727,27.670000076293945,28.209999084472656,31736800,20.964235305786133
2010-08-26,28.40999984741211,28.6200008392334,28.059999465942383,28.170000076293945,19824100,20.934507369995117
2010-08-27,28.309999465942383,28.809999465942383,27.979999542236328,28.739999771118164,19744200,21.358102798461914
2010-08-30,28.600000381469727,28.770000457763672,28.280000686645508,28.299999237060547,15607300,21.03111457824707
2010-08-31,28.139999389648438,28.43000030517578,27.989999771118164,28.190000534057617,20418200,20.949365615844727
2010-09-01,28.610000610351562,29.399999618530273,28.59000015258789,29.309999465942383,31329300,21.781694412231445
2010-09-02,29.43000030517578,29.729999542236328,29.34000015258789,29.68000030517578,13831600,22.05666160583496
2010-09-03,30.110000610351562,30.350000381469727,29.920000076293945,30.1299991607666,15635200,22.39107322692871
2010-09-07,29.940000534057617,30.010000228881836,29.770000457763672,29.850000381469727,15112700,22.183006286621094
2010-09-08,29.899999618530273,30.329999923706055,29.850000381469727,30.15999984741211,12996100,22.413373947143555
2010-09-09,30.450000762939453,30.579999923706055,29.950000762939453,30.1299991607666,10075600,22.39107322692871
2010-09-10,30.209999084472656,30.459999084472656,30.149999618530273,30.399999618530273,10923700,22.591724395751953
2010-09-13,30.729999542236328,30.829999923706055,30.540000915527344,30.700000762939453,12911800,22.81467628479004
2010-09-14,30.600000381469727,30.790000915527344,30.5,30.610000610351562,14376800,22.74778938293457
2010-09-15,30.489999771118164,30.68000030517578,30.34000015258789,30.610000610351562,14647100,22.74778938293457
2010-09-16,30.540000915527344,30.6200008392334,30.399999618530273,30.56999969482422,17618900,22.718069076538086
2010-09-17,30.579999923706055,30.75,30.31999969482422,30.700000762939453,16835100,22.93093490600586
2010-09-20,30.8700008392334,31.209999084472656,30.670000076293945,31.15999984741211,16996000,23.274538040161133
2010-09-21,31.149999618530273,31.459999084472656,31.079999923706055,31.219999313354492,23612800,23.31934928894043
2010-09-22,31.139999389648438,31.3700008392334,30.93000030517578,31.059999465942383,20258000,23.199840545654297
2010-09-23,30.770000457763672,31.010000228881836,30.510000228881836,30.600000381469727,17938700,22.856246948242188
2010-09-24,31.190000534057617,31.479999542236328,30.979999542236328,31.440000534057617,17403000,23.48367691040039
2010-09-27,31.459999084472656,31.479999542236328,31.190000534057617,31.239999771118164,10058400,23.334280014038086
2010-09-28,31.280000686645508,31.479999542236328,30.84000015258789,31.40999984741211,19118100,23.46126937866211
2010-09-29,31.309999465942383,31.510000228881836,31.209999084472656,31.399999618530273,12394700,23.453798294067383
2010-09-30,31.600000381469727,31.90999984741211,31.149999618530273,31.280000686645508,23180400,23.36416244506836
2010-10-01,31.540000915527344,31.610000610351562,31.200000762939453,31.309999465942383,13619600,23.386568069458008
2010-10-04,31.15999984741211,31.450000762939453,30.790000915527344,30.979999542236328,14881500,23.140085220336914
2010-10-05,31.350000381469727,31.940000534057617,31.280000686645508,31.809999465942383,15091600,23.760040283203125
2010-10-06,31.799999237060547,32.08000183105469,31.65999984741211,32,13307400,23.90195655822754
2010-10-07,32.15999984741211,32.15999984741211,31.739999771118164,31.93000030517578,9573800,23.84967041015625
2010-10-08,31.989999771118164,32.31999969482422,31.860000610351562,32.20000076293945,12642400,24.051347732543945
2010-10-11,32.22999954223633,32.290000915527344,32.029998779296875,32.11000061035156,7427400,23.984127044677734
2010-10-12,32.0099983215332,32.20000076293945,31.639999389648438,32.09000015258789,12817500,23.969181060791016
2010-10-13,32.290000915527344,32.779998779296875,32.290000915527344,32.619998931884766,27458300,24.365049362182617
2010-10-14,32.59000015258789,32.619998931884766,32.209999084472656,32.43000030517578,11352700,24.223134994506836
2010-10-15,32.54999923706055,32.58000183105469,32.04999923706055,32.22999954223633,17888500,24.073747634887695
2010-10-18,32.209999084472656,32.36000061035156,32.130001068115234,32.209999084472656,8869900,24.058799743652344
2010-10-19,31.989999771118164,32.060001373291016,31.579999923706055,31.780000686645508,21185500,23.737632751464844
2010-10-20,31.920000076293945,32.369998931884766,31.860000610351562,32.22999954223633,17689100,24.073747634887695
2010-10-21,32.380001068115234,32.66999816894531,32.20000076293945,32.4900016784668,17234400,24.26795768737793
2010-10-22,32.63999938964844,32.63999938964844,32.29999923706055,32.47999954223633,11714700,24.26048469543457
2010-10-25,32.599998474121094,32.95000076293945,32.54999923706055,32.59000015258789,12218800,24.342653274536133
2010-10-26,32.36000061035156,32.56999969482422,32.209999084472656,32.439998626708984,14680400,24.23061180114746
2010-10-27,32.220001220703125,32.27000045776367,31.8700008392334,32.20000076293945,15778300,24.051347732543945
2010-10-28,32.349998474121094,32.459999084472656,31.8700008392334,32.130001068115234,13483400,23.999065399169922
2010-10-29,32.08000183105469,32.22999954223633,31.979999542236328,32.18000030517578,9145200,24.036405563354492
2010-11-01,32.310001373291016,32.619998931884766,32.0099983215332,32.18000030517578,9119800,24.036405563354492
2010-11-02,32.43000030517578,32.560001373291016,32.349998474121094,32.4900016784668,8589600,24.26795768737793
2010-11-03,32.47999954223633,32.59000015258789,32.119998931884766,32.540000915527344,16252000,24.305301666259766
2010-11-04,32.93000030517578,33.290000915527344,32.869998931884766,33.22999954223633,17072300,24.820690155029297
2010-11-05,33.27000045776367,33.529998779296875,33.20000076293945,33.43000030517578,12831400,24.970073699951172
2010-11-08,33.2400016784668,33.369998931884766,33.13999938964844,33.290000915527344,10578000,24.86551284790039
2010-11-09,33.439998626708984,33.439998626708984,32.86000061035156,32.9900016784668,10906400,24.641416549682617
2010-11-10,33.0099983215332,33.060001373291016,32.68000030517578,32.97999954223633,11871200,24.63395118713379
2010-11-11,32.7400016784668,32.849998474121094,32.58000183105469,32.790000915527344,9974800,24.492036819458008
2010-11-12,32.58000183105469,32.720001220703125,32.25,32.40999984741211,14176900,24.20819854736328
2010-11-15,32.459999084472656,32.779998779296875,32.45000076293945,32.5099983215332,17186800,24.282896041870117
2010-11-16,32.290000915527344,32.400001525878906,31.81999969482422,31.989999771118164,25695300,23.894489288330078
2010-11-17,31.989999771118164,32.099998474121094,31.84000015258789,32.0099983215332,15984900,23.909427642822266
2010-11-18,32.380001068115234,32.7400016784668,32.380001068115234,32.65999984741211,18907900,24.394927978515625
2010-11-19,32.560001373291016,32.77000045776367,32.41999816894531,32.7599983215332,11092400,24.469623565673828
2010-11-22,32.619998931884766,32.75,32.25,32.689998626708984,8655600,24.4173526763916
2010-11-23,32.349998474121094,32.380001068115234,32.06999969482422,32.2400016784668,14588600,24.081226348876953
2010-11-24,32.45000076293945,33.0099983215332,32.45000076293945,32.970001220703125,11936700,24.62648582458496
2010-11-26,32.66999816894531,32.880001068115234,32.61000061035156,32.70000076293945,5191000,24.424819946289062
2010-11-29,32.5099983215332,32.779998779296875,32.2400016784668,32.689998626708984,8081700,24.4173526763916
2010-11-30,32.380001068115234,32.790000915527344,32.310001373291016,32.61000061035156,14234300,24.357587814331055
2010-12-01,33.11000061035156,33.52000045776367,33.11000061035156,33.45000076293945,16577100,24.98501968383789
2010-12-02,33.5,34.040000915527344,33.459999084472656,33.970001220703125,12706300,25.373424530029297
2010-12-03,33.79999923706055,34.09000015258789,33.65999984741211,34.040000915527344,10594000,25.42571449279785
2010-12-06,33.939998626708984,34.130001068115234,33.81999969482422,34.02000045776367,16351000,25.410770416259766
2010-12-07,34.36000061035156,34.43000030517578,34.099998474121094,34.11000061035156,19222200,25.477994918823242
2010-12-08,34.150001525878906,34.25,33.88999938964844,33.9900016784668,18080400,25.388357162475586
2010-12-09,34.20000076293945,34.2599983215332,33.970001220703125,34.09000015258789,10672900,25.463050842285156
2010-12-10,34.220001220703125,34.459999084472656,34.09000015258789,34.400001525878906,9182700,25.694597244262695
2010-12-13,34.650001525878906,34.65999984741211,34.400001525878906,34.41999816894531,9198600,25.709543228149414
2010-12-14,34.5099983215332,34.709999084472656,34.459999084472656,34.58000183105469,9619400,25.829051971435547
2010-12-15,34.54999923706055,34.7400016784668,34.380001068115234,34.439998626708984,11470800,25.72447967529297
2010-12-16,34.43000030517578,34.81999969482422,34.380001068115234,34.81999969482422,9357600,26.008312225341797
2010-12-17,34.720001220703125,34.720001220703125,34.38999938964844,34.540000915527344,8233700,25.930992126464844
2010-12-20,34.619998931884766,34.68000030517578,34.36000061035156,34.529998779296875,7327400,25.923479080200195
2010-12-21,34.65999984741211,34.84000015258789,34.560001373291016,34.810001373291016,7127700,26.13370132446289
2010-12-22,34.86000061035156,34.90999984741211,34.779998779296875,34.88999938964844,5748600,26.193761825561523
2010-12-23,34.869998931884766,34.88999938964844,34.709999084472656,34.81999969482422,4177700,26.14119529724121
2010-12-27,34.72999954223633,34.900001525878906,34.599998474121094,34.880001068115234,3151000,26.186243057250977
2010-12-28,34.90999984741211,34.95000076293945,34.709999084472656,34.86000061035156,3581300,26.17123031616211
2010-12-29,34.970001220703125,35,34.869998931884766,34.88999938964844,3893400,26.193761825561523
2010-12-30,34.849998474121094,34.959999084472656,34.790000915527344,34.83000183105469,4316100,26.148706436157227
2010-12-31,34.810001373291016,34.91999816894531,34.709999084472656,34.869998931884766,4004300,26.178739547729492
2011-01-03,35.04999923706055,35.31999969482422,35.04999923706055,35.119998931884766,6400800,26.366422653198242
2011-01-04,35.220001220703125,35.220001220703125,34.72999954223633,35.06999969482422,10059600,26.328895568847656
2011-01-05,34.93000030517578,35.349998474121094,34.88999938964844,35.25,9908900,26.464035034179688
2011-01-06,35.29999923706055,35.38999938964844,35.08000183105469,35.189998626708984,9881700,26.418977737426758
2011-01-07,35.310001373291016,35.5,35.029998779296875,35.2599983215332,11827900,26.471540451049805
2011-01-10,35.150001525878906,35.38999938964844,35.029998779296875,35.310001373291016,9419200,26.509071350097656
2011-01-11,35.54999923706055,35.61000061035156,35.25,35.439998626708984,7217300,26.60666847229004
2011-01-12,35.70000076293945,35.84000015258789,35.630001068115234,35.72999954223633,7173200,26.824392318725586
2011-01-13,35.7599983215332,35.880001068115234,35.66999816894531,35.77000045776367,9859400,26.854421615600586
2011-01-14,35.7400016784668,35.939998626708984,35.66999816894531,35.90999984741211,9937400,26.95951271057129
2011-01-18,36.0099983215332,36.18000030517578,35.970001220703125,36.16999816894531,9008500,27.154712677001953
2011-01-19,36.13999938964844,36.13999938964844,35.65999984741211,35.790000915527344,11443600,26.86944007873535
2011-01-20,35.63999938964844,35.779998779296875,35.380001068115234,35.61000061035156,19478600,26.734296798706055
2011-01-21,36.09000015258789,36.18000030517578,35.790000915527344,35.900001525878906,13339300,26.9520206451416
2011-01-24,35.93000030517578,36.290000915527344,35.86000061035156,36.2400016784668,9585400,27.207271575927734
2011-01-25,36.15999984741211,36.22999954223633,35.869998931884766,36.20000076293945,12919300,27.17723846435547
2011-01-26,36.189998626708984,36.52000045776367,36.18000030517578,36.40999984741211,15748300,27.33489227294922
2011-01-27,36.45000076293945,36.650001525878906,36.380001068115234,36.540000915527344,9505800,27.432491302490234
2011-01-28,36.63999938964844,36.81999969482422,35.779998779296875,35.83000183105469,18193600,26.89946174621582
2011-01-31,35.91999816894531,36.279998779296875,35.869998931884766,36.2400016784668,11530400,27.207271575927734
2011-02-01,36.470001220703125,36.79999923706055,36.380001068115234,36.75,13750600,27.59015464782715
2011-02-02,36.65999984741211,36.81999969482422,36.599998474121094,36.630001068115234,13112900,27.500062942504883
2011-02-03,36.689998626708984,36.689998626708984,36.400001525878906,36.650001525878906,10043600,27.51508331298828
2011-02-04,36.75,36.810001373291016,36.5099983215332,36.779998779296875,8689400,27.612674713134766
2011-02-07,36.880001068115234,37.220001220703125,36.880001068115234,37.130001068115234,9793100,27.875438690185547
2011-02-08,37.27000045776367,37.38999938964844,37.09000015258789,37.380001068115234,10042000,28.063127517700195
2011-02-09,37.290000915527344,37.40999984741211,37.18000030517578,37.369998931884766,12441700,28.055620193481445
2011-02-10,37.20000076293945,37.619998931884766,37.130001068115234,37.56999969482422,13896800,28.205759048461914
2011-02-11,37.41999816894531,37.93000030517578,37.380001068115234,37.849998474121094,11181900,28.41598129272461
2011-02-14,37.900001525878906,37.900001525878906,37.689998626708984,37.810001373291016,6367100,28.38595962524414
2011-02-15,37.72999954223633,37.7400016784668,37.47999954223633,37.66999816894531,8727900,28.28084373474121
2011-02-16,37.869998931884766,38,37.599998474121094,37.849998474121094,11612500,28.41598129272461
2011-02-17,37.79999923706055,37.97999954223633,37.689998626708984,37.939998626708984,10252100,28.483551025390625
2011-02-18,37.959999084472656,38.09000015258789,37.900001525878906,38.040000915527344,10110800,28.558609008789062
2011-02-22,37.630001068115234,37.689998626708984,36.81999969482422,36.939998626708984,13824200,27.7327938079834
2011-02-23,36.90999984741211,36.90999984741211,35.90999984741211,36.290000915527344,52702100,27.24481201171875
2011-02-24,36.220001220703125,36.72999954223633,36.099998474121094,36.5,19511100,27.402463912963867
2011-02-25,36.77000045776367,36.880001068115234,36.599998474121094,36.83000183105469,12152100,27.65021324157715
2011-02-28,37.029998779296875,37.20000076293945,36.81999969482422,37.0099983215332,10364700,27.785350799560547
2011-03-01,37.20000076293945,37.220001220703125,36.13999938964844,36.220001220703125,19055200,27.192251205444336
2011-03-02,36.150001525878906,36.650001525878906,36.130001068115234,36.400001525878906,22821600,27.327396392822266
2011-03-03,36.869998931884766,37.380001068115234,36.79999923706055,37.279998779296875,21478900,27.988048553466797
2011-03-04,37.209999084472656,37.27000045776367,36.540000915527344,36.84000015258789,19858700,27.657716751098633
2011-03-07,37.02000045776367,37.13999938964844,36.099998474121094,36.5,22908200,27.402463912963867
2011-03-08,36.56999969482422,37.22999954223633,36.43000030517578,37.06999969482422,15960000,27.830408096313477
2011-03-09,36.970001220703125,37.130001068115234,36.650001525878906,36.9900016784668,19656900,27.770349502563477
2011-03-10,36.52000045776367,36.68000030517578,36.130001068115234,36.2400016784668,31661700,27.207271575927734
2011-03-11,36.099998474121094,36.83000183105469,36.09000015258789,36.66999816894531,17054000,27.53009796142578
2011-03-14,36.43000030517578,36.540000915527344,35.959999084472656,36.36000061035156,26080600,27.297365188598633
2011-03-15,35.38999938964844,36.27000045776367,35.18000030517578,36.02000045776367,30467800,27.042104721069336
2011-03-16,35.900001525878906,36.060001373291016,35.08000183105469,35.349998474121094,31432000,26.539094924926758
2011-03-17,35.93000030517578,36.279998779296875,35.68000030517578,35.900001525878906,29099100,26.9520206451416
2011-03-18,36.310001373291016,36.380001068115234,35.869998931884766,35.970001220703125,18417600,27.123186111450195
2011-03-21,36.68000030517578,36.939998626708984,36.52000045776367,36.7599983215332,11446200,27.7188720703125
2011-03-22,36.779998779296875,36.779998779296875,36.400001525878906,36.470001220703125,11715200,27.50020408630371
2011-03-23,36.349998474121094,36.689998626708984,36.18000030517578,36.59000015258789,13553600,27.5906925201416
2011-03-24,36.7599983215332,37,36.58000183105469,36.970001220703125,17907900,27.877235412597656
2011-03-25,37.060001373291016,37.279998779296875,36.93000030517578,37.099998474121094,13925100,27.975255966186523
2011-03-28,37.209999084472656,37.33000183105469,37.060001373291016,37.06999969482422,9109400,27.952646255493164
2011-03-29,37.060001373291016,37.369998931884766,36.849998474121094,37.369998931884766,10837300,28.178852081298828
2011-03-30,37.59000015258789,37.650001525878906,37.41999816894531,37.52000045776367,14796000,28.291959762573242
2011-03-31,37.470001220703125,37.77000045776367,37.470001220703125,37.66999816894531,12774900,28.405057907104492
2011-04-01,37.849998474121094,38.209999084472656,37.849998474121094,37.97999954223633,19057800,28.638822555541992
2011-04-04,38.130001068115234,38.130001068115234,37.869998931884766,38.029998779296875,10353200,28.676528930664062
2011-04-05,37.970001220703125,38.150001525878906,37.810001373291016,37.88999938964844,14542800,28.570959091186523
2011-04-06,38.13999938964844,38.150001525878906,37.72999954223633,37.93000030517578,13959500,28.60112190246582
2011-04-07,37.86000061035156,38.02000045776367,37.58000183105469,37.75,13420600,28.465394973754883
2011-04-08,37.970001220703125,37.97999954223633,37.209999084472656,37.41999816894531,16274600,28.216552734375
2011-04-11,37.5099983215332,37.650001525878906,37.25,37.38999938964844,12334800,28.19392967224121
2011-04-12,37.150001525878906,37.310001373291016,36.90999984741211,37.11000061035156,15018800,27.98279571533203
2011-04-13,37.290000915527344,37.29999923706055,36.790000915527344,37,14807200,27.899860382080078
2011-04-14,36.810001373291016,37.060001373291016,36.470001220703125,37,14015700,27.899860382080078
2011-04-15,37.09000015258789,37.2599983215332,36.97999954223633,37.130001068115234,17703200,27.997882843017578
2011-04-18,36.75,36.75,36.2400016784668,36.599998474121094,18507800,27.598236083984375
2011-04-19,36.689998626708984,36.97999954223633,36.689998626708984,36.91999816894531,15654800,27.839536666870117
2011-04-20,37.470001220703125,37.70000076293945,37.38999938964844,37.52000045776367,18107300,28.291959762573242
2011-04-21,37.790000915527344,37.790000915527344,37.45000076293945,37.630001068115234,9687800,28.37490463256836
2011-04-25,37.61000061035156,37.66999816894531,37.40999984741211,37.52000045776367,9685500,28.291959762573242
2011-04-26,37.84000015258789,38.349998474121094,37.7599983215332,38.2400016784668,13200000,28.834882736206055
2011-04-27,38.34000015258789,38.4900016784668,37.9900016784668,38.40999984741211,15930800,28.963062286376953
2011-04-28,38.40999984741211,38.630001068115234,38.34000015258789,38.540000915527344,17612900,29.06109619140625
2011-04-29,38.650001525878906,38.869998931884766,38.63999938964844,38.70000076293945,17245700,29.181739807128906
2011-05-02,38.959999084472656,38.97999954223633,38.56999969482422,38.63999938964844,15333800,29.136486053466797
2011-05-03,38.58000183105469,38.650001525878906,38.290000915527344,38.47999954223633,16555100,29.015846252441406
2011-05-04,38.470001220703125,38.52000045776367,37.81999969482422,37.91999816894531,28869800,28.593576431274414
2011-05-05,37.709999084472656,38.220001220703125,37.529998779296875,37.7400016784668,34700000,28.457849502563477
2011-05-06,38.41999816894531,38.52000045776367,37.93000030517578,38.06999969482422,26364600,28.706695556640625
2011-05-09,38.060001373291016,38.38999938964844,37.970001220703125,38.22999954223633,10785700,28.82733726501465
2011-05-10,38.36000061035156,38.59000015258789,38.36000061035156,38.58000183105469,15172600,29.091259002685547
2011-05-11,38.5,38.54999923706055,37.93000030517578,38.060001373291016,21193700,28.69915199279785
2011-05-12,37.91999816894531,38.25,37.70000076293945,38.13999938964844,18091100,28.759469985961914
2011-05-13,38.18000030517578,38.279998779296875,37.58000183105469,37.68000030517578,20598400,28.41261100769043
2011-05-16,37.5,37.880001068115234,37.45000076293945,37.540000915527344,17250800,28.307043075561523
2011-05-17,37.33000183105469,37.400001525878906,36.880001068115234,37.029998779296875,33836400,27.92247200012207
2011-05-18,37.150001525878906,37.58000183105469,36.90999984741211,37.529998779296875,21985800,28.29949378967285
2011-05-19,37.70000076293945,37.97999954223633,37.59000015258789,37.77000045776367,18019800,28.480487823486328
2011-05-20,37.720001220703125,37.720001220703125,37.25,37.369998931884766,17170400,28.178852081298828
2011-05-23,36.869998931884766,37.04999923706055,36.650001525878906,36.84000015258789,25500000,27.779203414916992
2011-05-24,37.029998779296875,37.04999923706055,36.58000183105469,36.650001525878906,20280700,27.63593864440918
2011-05-25,36.5,37.13999938964844,36.41999816894531,36.959999084472656,20894300,27.869691848754883
2011-05-26,36.810001373291016,37.18000030517578,36.709999084472656,37.11000061035156,17458000,27.98279571533203
2011-05-27,37.2400016784668,37.38999938964844,37.15999984741211,37.290000915527344,14888700,28.118515014648438
2011-05-31,37.59000015258789,37.7400016784668,37.290000915527344,37.630001068115234,21659500,28.37490463256836
2011-06-01,37.470001220703125,37.560001373291016,36.279998779296875,36.400001525878906,35595200,27.447433471679688
2011-06-02,36.5,36.83000183105469,36.29999923706055,36.59000015258789,32240700,27.5906925201416
2011-06-03,36.06999969482422,36.38999938964844,35.97999954223633,36.099998474121094,21335300,27.221208572387695
2011-06-06,35.95000076293945,36.16999816894531,35.77000045776367,35.84000015258789,22799800,27.0251522064209
2011-06-07,36.0099983215332,36.119998931884766,35.79999923706055,35.81999969482422,16404900,27.010074615478516
2011-06-08,35.72999954223633,35.790000915527344,35.45000076293945,35.5099983215332,29280100,26.776321411132812
2011-06-09,35.650001525878906,35.93000030517578,35.54999923706055,35.779998779296875,20611200,26.97991943359375
2011-06-10,35.59000015258789,35.65999984741211,35.15999984741211,35.209999084472656,23679800,26.55010414123535
2011-06-13,35.380001068115234,35.459999084472656,35.04999923706055,35.220001220703125,22249700,26.55764389038086
2011-06-14,35.61000061035156,36.040000915527344,35.58000183105469,35.88999938964844,20142100,27.0628604888916
2011-06-15,35.56999969482422,35.779998779296875,35.2599983215332,35.349998474121094,28389000,26.655668258666992
2011-06-16,35.34000015258789,35.709999084472656,35.18000030517578,35.470001220703125,25782000,26.74614906311035
2011-06-17,35.65999984741211,35.7400016784668,35.33000183105469,35.45000076293945,28587900,26.863624572753906
2011-06-20,35.290000915527344,35.81999969482422,35.290000915527344,35.7599983215332,15241400,27.098526000976562
2011-06-21,36,36.400001525878906,35.95000076293945,36.31999969482422,20737900,27.522897720336914
2011-06-22,36.209999084472656,36.529998779296875,36.09000015258789,36.119998931884766,14254500,27.3713436126709
2011-06-23,35.59000015258789,36.06999969482422,35.33000183105469,36.040000915527344,22866400,27.310714721679688
2011-06-24,36.040000915527344,36.099998474121094,35.56999969482422,35.630001068115234,12507900,27.00000762939453
2011-06-27,35.599998474121094,36.060001373291016,35.5,35.90999984741211,11199400,27.21219253540039
2011-06-28,36.060001373291016,36.47999954223633,35.95000076293945,36.470001220703125,13263900,27.63656234741211
2011-06-29,36.72999954223633,36.779998779296875,36.369998931884766,36.65999984741211,19847200,27.780540466308594
2011-06-30,36.7400016784668,37.34000015258789,36.689998626708984,37.2400016784668,18578500,28.22005271911621
2011-07-01,37.220001220703125,37.9900016784668,37.20000076293945,37.90999984741211,23998200,28.727785110473633
2011-07-05,37.880001068115234,37.88999938964844,37.58000183105469,37.70000076293945,19248800,28.568649291992188
2011-07-06,37.630001068115234,38,37.599998474121094,37.900001525878906,19802800,28.720203399658203
2011-07-07,38.310001373291016,38.43000030517578,38.11000061035156,38.29999923706055,30538300,29.0233211517334
2011-07-08,37.790000915527344,37.84000015258789,37.56999969482422,37.81999969482422,21673800,28.659584045410156
2011-07-11,37.380001068115234,37.459999084472656,36.97999954223633,37.119998931884766,20456200,28.12912940979004
2011-07-12,36.97999954223633,37.119998931884766,36.720001220703125,36.7599983215332,31263100,27.856319427490234
2011-07-13,37.02000045776367,37.34000015258789,36.810001373291016,36.90999984741211,15477200,27.969987869262695
2011-07-14,36.90999984741211,37.13999938964844,36.400001525878906,36.5099983215332,20189500,27.6668701171875
2011-07-15,36.65999984741211,36.66999816894531,36.189998626708984,36.540000915527344,17199600,27.689599990844727
2011-07-18,36.34000015258789,36.45000076293945,35.90999984741211,36.130001068115234,17277300,27.378902435302734
2011-07-19,36.349998474121094,36.689998626708984,36.27000045776367,36.599998474121094,15177900,27.73506736755371
2011-07-20,36.77000045776367,36.810001373291016,36.540000915527344,36.66999816894531,9926400,27.78811264038086
2011-07-21,36.900001525878906,37.349998474121094,36.84000015258789,37.220001220703125,18054300,28.20490264892578
2011-07-22,37.060001373291016,37.09000015258789,36.70000076293945,36.83000183105469,20127000,27.90936279296875
2011-07-25,36.5,37.029998779296875,36.45000076293945,36.810001373291016,13278600,27.894210815429688
2011-07-26,36.68000030517578,36.709999084472656,36.040000915527344,36.130001068115234,24912000,27.378902435302734
2011-07-27,35.959999084472656,35.97999954223633,35.04999923706055,35.150001525878906,42181100,26.636287689208984
2011-07-28,35.189998626708984,35.5099983215332,34.77000045776367,34.849998474121094,32606300,26.408945083618164
2011-07-29,34.5099983215332,35.02000045776367,34.189998626708984,34.68000030517578,27382200,26.280115127563477
2011-08-01,35.15999984741211,35.220001220703125,34.060001373291016,34.459999084472656,36471600,26.11339569091797
2011-08-02,34.119998931884766,34.43000030517578,33.2599983215332,33.2599983215332,43640200,25.204063415527344
2011-08-03,33.290000915527344,33.58000183105469,32.66999816894531,33.560001373291016,49331300,25.431394577026367
2011-08-04,33,33.06999969482422,31.700000762939453,31.760000228881836,49619600,24.06736946105957
2011-08-05,32.209999084472656,32.40999984741211,30.969999313354492,31.760000228881836,67180800,24.06736946105957
2011-08-08,30.6200008392334,31.18000030517578,29.5,29.520000457763672,64519200,22.369932174682617
2011-08-09,29.920000076293945,30.979999542236328,29.030000686645508,30.979999542236328,55589000,23.47629737854004
2011-08-10,30.3799991607666,30.549999237060547,29.3799991607666,29.399999618530273,45042000,22.27898406982422
2011-08-11,29.65999984741211,31.260000228881836,29.450000762939453,30.799999237060547,40559500,23.339895248413086
2011-08-12,31.200000762939453,31.56999969482422,30.860000610351562,31.399999618530273,29823800,23.794572830200195
2011-08-15,31.59000015258789,31.940000534057617,31.530000686645508,31.8700008392334,36619200,24.150733947753906
2011-08-16,31.510000228881836,31.780000686645508,31.149999618530273,31.420000076293945,29966700,23.809720993041992
2011-08-17,31.690000534057617,31.8700008392334,31.079999923706055,31.31999969482422,28800600,23.73394775390625
2011-08-18,30.40999984741211,30.440000534057617,29.299999237060547,29.59000015258789,36126900,22.4229736328125
2011-08-19,29.1299991607666,30.059999465942383,29.09000015258789,29.1299991607666,36632900,22.074392318725586
2011-08-22,29.899999618530273,29.899999618530273,29.139999389648438,29.239999771118164,26082800,22.157747268676758
2011-08-23,29.350000381469727,30.270000457763672,29.170000076293945,30.270000457763672,30759300,22.938270568847656
2011-08-24,30.18000030517578,30.940000534057617,30.09000015258789,30.8799991607666,19658800,23.400522232055664
2011-08-25,31.09000015258789,31.25,30.190000534057617,30.299999237060547,23237000,22.96100425720215
2011-08-26,30.110000610351562,31.049999237060547,29.59000015258789,30.93000030517578,24837300,23.43841552734375
2011-08-29,31.280000686645508,31.940000534057617,31.280000686645508,31.90999984741211,22386300,24.181039810180664
2011-08-30,31.809999465942383,32.40999984741211,31.559999465942383,32.18000030517578,25620800,24.38564109802246
2011-08-31,32.470001220703125,32.88999938964844,32.119998931884766,32.400001525878906,32650500,24.552364349365234
2011-09-01,32.45000076293945,32.779998779296875,31.84000015258789,31.8700008392334,39363900,24.150733947753906
2011-09-02,31.170000076293945,31.299999237060547,30.729999542236328,30.850000381469727,30905300,23.377790451049805
2011-09-06,29.989999771118164,30.600000381469727,29.75,30.530000686645508,25692100,23.135292053222656
2011-09-07,31.079999923706055,31.510000228881836,30.950000762939453,31.479999542236328,26052400,23.855192184448242
2011-09-08,31.1200008392334,31.559999465942383,30.8799991607666,31.010000228881836,24264700,23.499032974243164
2011-09-09,30.639999389648438,30.790000915527344,29.989999771118164,30.18000030517578,34468600,22.870067596435547
2011-09-12,29.739999771118164,30.270000457763672,29.489999771118164,30.239999771118164,30422400,22.915538787841797
2011-09-13,30.350000381469727,31.010000228881836,30.170000076293945,30.799999237060547,41508700,23.339895248413086
2011-09-14,30.979999542236328,31.790000915527344,30.34000015258789,31.34000015258789,35106900,23.74911117553711
2011-09-15,31.68000030517578,32,31.520000457763672,31.979999542236328,32996200,24.234088897705078
2011-09-16,31.93000030517578,32.20000076293945,31.639999389648438,31.969999313354492,30668200,24.362106323242188
2011-09-19,31.489999771118164,31.809999465942383,31.15999984741211,31.670000076293945,25728600,24.133499145507812
2011-09-20,31.81999969482422,32.040000915527344,31.40999984741211,31.440000534057617,24276800,23.958234786987305
2011-09-21,31.360000610351562,31.399999618530273,30.110000610351562,30.139999389648438,39438900,22.967594146728516
2011-09-22,29.31999969482422,29.459999084472656,28.649999618530273,29.010000228881836,49906200,22.10649871826172
2011-09-23,28.860000610351562,29.59000015258789,28.860000610351562,29.309999465942383,40959900,22.33510398864746
2011-09-26,29.6200008392334,30.110000610351562,29.149999618530273,30.049999237060547,28701200,22.899011611938477
2011-09-27,30.790000915527344,31.1200008392334,30.3799991607666,30.579999923706055,31931700,23.302892684936523
2011-09-28,30.6299991607666,30.90999984741211,29.760000228881836,29.799999237060547,22879400,22.70850944519043
2011-09-29,30.43000030517578,30.6200008392334,29.59000015258789,30.229999542236328,25937500,23.03618049621582
2011-09-30,29.709999084472656,29.889999389648438,29.209999084472656,29.219999313354492,35514500,22.26652717590332
2011-10-03,29,29.510000228881836,28.360000610351562,28.399999618530273,31693400,21.64165687561035
2011-10-04,28,29.190000534057617,27.670000076293945,29.190000534057617,37532700,22.24366569519043
2011-10-05,29.170000076293945,29.889999389648438,29.010000228881836,29.809999465942383,26507900,22.716129302978516
2011-10-06,29.799999237060547,30.450000762939453,29.489999771118164,30.40999984741211,18317500,23.173336029052734
2011-10-07,30.709999084472656,30.739999771118164,30.040000915527344,30.34000015258789,26463200,23.1200008392334
2011-10-10,30.899999618530273,31.40999984741211,30.760000228881836,31.399999618530273,19918900,23.927753448486328
2011-10-11,31.1200008392334,31.610000610351562,31.110000610351562,31.489999771118164,17798900,23.996337890625
2011-10-12,31.75,32.25,31.639999389648438,31.889999389648438,26361000,24.3011417388916
2011-10-13,31.700000762939453,31.729999542236328,31.219999313354492,31.6200008392334,14207000,24.09539794921875
2011-10-14,32.0099983215332,32.22999954223633,31.790000915527344,32.189998626708984,12087800,24.529756546020508
2011-10-17,32.099998474121094,32.099998474121094,31.219999313354492,31.270000457763672,15218300,23.828685760498047
2011-10-18,31.299999237060547,32.5099983215332,31.149999618530273,32.16999816894531,22586500,24.514514923095703
2011-10-19,32.18000030517578,32.36000061035156,31.670000076293945,31.780000686645508,14325500,24.217330932617188
2011-10-20,31.8700008392334,32.18000030517578,31.540000915527344,32.04999923706055,17668000,24.42306900024414
2011-10-21,32.349998474121094,32.709999084472656,32.2400016784668,32.66999816894531,17444000,24.895523071289062
2011-10-24,32.900001525878906,33.400001525878906,32.79999923706055,33.279998779296875,20781300,25.360376358032227
2011-10-25,32.86000061035156,32.9900016784668,32.34000015258789,32.599998474121094,21930900,24.84218978881836
2011-10-26,33.040000915527344,33.099998474121094,32.38999938964844,32.83000183105469,19522200,25.017457962036133
2011-10-27,33.869998931884766,34.58000183105469,33.689998626708984,34.2599983215332,27019600,26.107152938842773
2011-10-28,34.220001220703125,34.349998474121094,34.04999923706055,34.2599983215332,11953200,26.107152938842773
2011-10-31,33.90999984741211,33.959999084472656,33.38999938964844,33.41999816894531,14055300,25.467052459716797
2011-11-01,32.400001525878906,32.90999984741211,32.15999984741211,32.40999984741211,33656400,24.69740104675293
2011-11-02,33.16999816894531,33.25,32.72999954223633,33.04999923706055,15434600,25.18509864807129
2011-11-03,33.4900016784668,33.90999984741211,33.09000015258789,33.86000061035156,18669300,25.802343368530273
2011-11-04,33.540000915527344,33.65999984741211,33.060001373291016,33.599998474121094,12744600,25.604215621948242
2011-11-07,33.599998474121094,33.790000915527344,33.08000183105469,33.68000030517578,14388400,25.665180206298828
2011-11-08,33.81999969482422,34.09000015258789,33.40999984741211,34.060001373291016,16127700,25.95475196838379
2011-11-09,33.36000061035156,33.36000061035156,32.61000061035156,32.7400016784668,23690600,24.94886589050293
2011-11-10,33.2400016784668,33.369998931884766,32.90999984741211,33.13999938964844,23184700,25.253681182861328
2011-11-11,33.5,34.04999923706055,33.5,33.93000030517578,13918200,25.85569190979004
2011-11-14,33.84000015258789,33.970001220703125,33.529998779296875,33.720001220703125,11332300,25.695653915405273
2011-11-15,33.560001373291016,34.06999969482422,33.470001220703125,33.91999816894531,12431600,25.848068237304688
2011-11-16,33.52000045776367,34.0099983215332,33.36000061035156,33.41999816894531,14013800,25.467052459716797
2011-11-17,33.349998474121094,33.41999816894531,32.560001373291016,32.84000015258789,23763800,25.025068283081055
2011-11-18,33.0099983215332,33.11000061035156,32.7400016784668,32.91999816894531,13851100,25.08603858947754
2011-11-21,32.41999816894531,32.41999816894531,31.799999237060547,32.15999984741211,18028600,24.50690460205078
2011-11-22,32.150001525878906,32.189998626708984,31.719999313354492,31.950000762939453,19366600,24.346864700317383
2011-11-23,31.690000534057617,31.700000762939453,31.190000534057617,31.209999084472656,18880000,23.78296661376953
2011-11-25,31.079999923706055,31.579999923706055,31.079999923706055,31.15999984741211,7025200,23.74486541748047
2011-11-28,32.11000061035156,32.40999984741211,31.969999313354492,32.209999084472656,15618000,24.544994354248047
2011-11-29,32.31999969482422,32.630001068115234,32.150001525878906,32.2400016784668,18321400,24.567859649658203
2011-11-30,33.310001373291016,33.88999938964844,33.11000061035156,33.88999938964844,23767800,25.82520294189453
2011-12-01,33.70000076293945,33.970001220703125,33.63999938964844,33.779998779296875,17912100,25.741374969482422
2011-12-02,34,34.2400016784668,33.66999816894531,33.709999084472656,18373000,25.68804359436035
2011-12-05,34.2599983215332,34.34000015258789,33.83000183105469,34.06999969482422,17993100,25.962371826171875
2011-12-06,34.13999938964844,34.31999969482422,33.93000030517578,34.060001373291016,12618300,25.95475196838379
2011-12-07,34.08000183105469,34.16999816894531,33.599998474121094,34.04999923706055,25265900,25.94713592529297
2011-12-08,33.83000183105469,33.900001525878906,33.130001068115234,33.209999084472656,17456600,25.307029724121094
2011-12-09,33.45000076293945,34.04999923706055,33.38999938964844,33.970001220703125,22390300,25.886173248291016
2011-12-12,33.689998626708984,33.689998626708984,33.08000183105469,33.349998474121094,15878100,25.413707733154297
2011-12-13,33.63999938964844,33.779998779296875,32.7599983215332,32.90999984741211,25786600,25.078418731689453
2011-12-14,32.63999938964844,32.900001525878906,32.45000076293945,32.52000045776367,19622000,24.78122901916504
2011-12-15,32.970001220703125,33.02000045776367,32.619998931884766,32.75,14535100,24.95648956298828
2011-12-16,32.810001373291016,33.130001068115234,32.540000915527344,32.66999816894531,35073700,25.062353134155273
2011-12-19,32.7400016784668,33,32.220001220703125,32.33000183105469,16276600,24.80153465270996
2011-12-20,32.810001373291016,33.5,32.810001373291016,33.439998626708984,24973900,25.653057098388672
2011-12-21,33.400001525878906,33.540000915527344,32.97999954223633,33.45000076293945,18990000,25.660730361938477
2011-12-22,33.4900016784668,33.83000183105469,33.4900016784668,33.77000045776367,12781100,25.90620231628418
2011-12-23,33.90999984741211,34.09000015258789,33.7599983215332,34.09000015258789,5526300,26.151695251464844
2011-12-27,33.959999084472656,34.150001525878906,33.88999938964844,34.08000183105469,5313800,26.144020080566406
2011-12-28,34.119998931884766,34.119998931884766,33.459999084472656,33.540000915527344,10798600,25.72977066040039
2011-12-29,33.560001373291016,33.9900016784668,33.54999923706055,33.959999084472656,6053600,26.05196189880371
2011-12-30,33.88999938964844,34.02000045776367,33.75,33.75,4281700,25.890865325927734
2012-01-03,34.40999984741211,34.810001373291016,34.40999984741211,34.4900016784668,19704600,26.458545684814453
2012-01-04,34.380001068115234,34.689998626708984,34.29999923706055,34.650001525878906,10290300,26.581281661987305
2012-01-05,34.43000030517578,34.68000030517578,34.150001525878906,34.65999984741211,8828900,26.588960647583008
2012-01-06,34.7400016784668,34.7400016784668,34.47999954223633,34.59000015258789,8702400,26.535261154174805
2012-01-09,34.689998626708984,34.900001525878906,34.540000915527344,34.849998474121094,15523400,26.734716415405273
2012-01-10,35.33000183105469,35.41999816894531,35.25,35.349998474121094,17201200,27.118282318115234
2012-01-11,35.220001220703125,35.529998779296875,35.20000076293945,35.459999084472656,9828900,27.202651977539062
2012-01-12,35.56999969482422,35.84000015258789,35.38999938964844,35.77000045776367,9283500,27.440479278564453
2012-01-13,35.4900016784668,35.540000915527344,35.15999984741211,35.4900016784668,10858400,27.225683212280273
2012-01-17,35.970001220703125,36.029998779296875,35.619998931884766,35.66999816894531,10633500,27.36376953125
2012-01-18,35.54999923706055,36.0099983215332,35.5099983215332,35.9900016784668,15984200,27.6092529296875
2012-01-19,36.18000030517578,36.380001068115234,36.09000015258789,36.369998931884766,9950600,27.900760650634766
2012-01-20,36.15999984741211,36.25,36.02000045776367,36.15999984741211,11160200,27.73966407775879
2012-01-23,36.099998474121094,36.45000076293945,36,36.119998931884766,13137700,27.708982467651367
2012-01-24,35.84000015258789,36.16999816894531,35.77000045776367,36.15999984741211,5679000,27.73966407775879
2012-01-25,36.02000045776367,36.66999816894531,35.86000061035156,36.560001373291016,13684300,28.0465145111084
2012-01-26,36.790000915527344,36.91999816894531,36.380001068115234,36.4900016784668,11594900,27.992822647094727
2012-01-27,36.31999969482422,36.59000015258789,36.290000915527344,36.459999084472656,6931100,27.96981430053711
2012-01-30,36.130001068115234,36.36000061035156,36,36.33000183105469,9735600,27.87008285522461
2012-01-31,36.4900016784668,36.619998931884766,36.040000915527344,36.220001220703125,18226900,27.78569221496582
2012-02-01,36.5,36.81999969482422,36.5,36.61000061035156,11770900,28.084884643554688
2012-02-02,36.689998626708984,36.75,36.52000045776367,36.630001068115234,9223800,28.100221633911133
2012-02-03,37.040000915527344,37.31999969482422,36.97999954223633,37.2599983215332,11529700,28.583520889282227
2012-02-06,37,37.2599983215332,36.97999954223633,37.16999816894531,8686800,28.51448631286621
2012-02-07,37.09000015258789,37.209999084472656,36.779998779296875,37.130001068115234,9038900,28.48377799987793
2012-02-08,37.209999084472656,37.279998779296875,37.029998779296875,37.209999084472656,10111800,28.54515838623047
2012-02-09,37.349998474121094,37.380001068115234,37.099998474121094,37.310001373291016,9383900,28.621870040893555
2012-02-10,36.97999954223633,36.9900016784668,36.72999954223633,36.970001220703125,14726700,28.36104393005371
2012-02-13,37.290000915527344,37.45000076293945,37.029998779296875,37.41999816894531,16480700,28.706254959106445
2012-02-14,37.310001373291016,37.31999969482422,37.02000045776367,37.290000915527344,13354100,28.60653305053711
2012-02-15,37.41999816894531,37.41999816894531,36.709999084472656,36.79999923706055,18457100,28.23063850402832
2012-02-16,36.79999923706055,37.15999984741211,36.709999084472656,37.13999938964844,12220200,28.491455078125
2012-02-17,37.25,37.38999938964844,37.150001525878906,37.279998779296875,9207600,28.598861694335938
2012-02-21,37.470001220703125,37.56999969482422,37.27000045776367,37.40999984741211,13518700,28.698585510253906
2012-02-22,37.369998931884766,37.470001220703125,37.22999954223633,37.369998931884766,9040900,28.667898178100586
2012-02-23,37.33000183105469,37.529998779296875,37.16999816894531,37.4900016784668,9914900,28.759960174560547
2012-02-24,37.58000183105469,37.65999984741211,37.41999816894531,37.47999954223633,8444500,28.752281188964844
2012-02-27,37.22999954223633,37.65999984741211,37.11000061035156,37.5099983215332,13756800,28.775291442871094
2012-02-28,37.47999954223633,37.54999923706055,37.29999923706055,37.459999084472656,12782300,28.736942291259766
2012-02-29,37.560001373291016,37.619998931884766,37.15999984741211,37.22999954223633,14362100,28.56050682067871
2012-03-01,37.290000915527344,37.5099983215332,37.20000076293945,37.36000061035156,15367900,28.660234451293945
2012-03-02,37.38999938964844,37.45000076293945,37.02000045776367,37.13999938964844,11497300,28.491455078125
2012-03-05,37.04999923706055,37.09000015258789,36.75,36.880001068115234,15998800,28.29200553894043
2012-03-06,36.349998474121094,36.47999954223633,35.959999084472656,36.04999923706055,27730300,27.655282974243164
2012-03-07,36.18000030517578,36.47999954223633,36.150001525878906,36.41999816894531,14552900,27.939115524291992
2012-03-08,36.75,37.02000045776367,36.59000015258789,36.939998626708984,16027500,28.338029861450195
2012-03-09,37.02000045776367,37.16999816894531,36.810001373291016,37.02000045776367,17457500,28.399410247802734
2012-03-12,37.06999969482422,37.130001068115234,36.900001525878906,37.0099983215332,10597700,28.39173126220703
2012-03-13,37.2599983215332,37.79999923706055,37.06999969482422,37.779998779296875,25778700,28.982418060302734
2012-03-14,37.709999084472656,37.880001068115234,37.58000183105469,37.689998626708984,12873000,28.913394927978516
2012-03-15,37.79999923706055,38.16999816894531,37.61000061035156,38.13999938964844,15961100,29.258588790893555
2012-03-16,38.09000015258789,38.099998474121094,37.849998474121094,37.97999954223633,10822600,29.271697998046875
2012-03-19,37.959999084472656,38.11000061035156,37.83000183105469,37.97999954223633,13637700,29.271697998046875
2012-03-20,37.66999816894531,37.7599983215332,37.38999938964844,37.540000915527344,16481000,28.93258285522461
2012-03-21,37.619998931884766,37.66999816894531,37.43000030517578,37.52000045776367,9452100,28.917179107666016
2012-03-22,37.2400016784668,37.25,36.79999923706055,37.099998474121094,20800100,28.593475341796875
2012-03-23,37.060001373291016,37.220001220703125,36.849998474121094,37.15999984741211,11167800,28.63971710205078
2012-03-26,37.45000076293945,37.709999084472656,37.45000076293945,37.709999084472656,22876500,29.063602447509766
2012-03-27,37.72999954223633,37.790000915527344,37.58000183105469,37.59000015258789,11364300,28.971128463745117
2012-03-28,37.540000915527344,37.630001068115234,36.90999984741211,37.22999954223633,26574800,28.693674087524414
2012-03-29,36.88999938964844,37.29999923706055,36.75,37.25,18527600,28.709074020385742
2012-03-30,37.470001220703125,37.52000045776367,37.22999954223633,37.41999816894531,12711400,28.840091705322266
2012-04-02,37.34000015258789,37.790000915527344,37.15999984741211,37.65999984741211,24390700,29.025068283081055
2012-04-03,37.560001373291016,37.65999984741211,37.220001220703125,37.38999938964844,10447200,28.81698226928711
2012-04-04,37.029998779296875,37.189998626708984,36.95000076293945,37.119998931884766,13437700,28.608884811401367
2012-04-05,37.0099983215332,37.16999816894531,36.91999816894531,36.970001220703125,10535800,28.493276596069336
2012-04-09,36.369998931884766,36.529998779296875,36.27000045776367,36.369998931884766,13811000,28.030851364135742
2012-04-10,36.33000183105469,36.33000183105469,35.560001373291016,35.630001068115234,21444600,27.460512161254883
2012-04-11,36.099998474121094,36.189998626708984,35.900001525878906,36.029998779296875,19239100,27.768814086914062
2012-04-12,36.099998474121094,36.81999969482422,36.029998779296875,36.79999923706055,24078200,28.362255096435547
2012-04-13,36.56999969482422,36.630001068115234,36.31999969482422,36.33000183105469,17836200,28.000028610229492
2012-04-16,36.54999923706055,36.709999084472656,36.290000915527344,36.43000030517578,20864200,28.077089309692383
2012-04-17,36.689998626708984,37.119998931884766,36.529998779296875,37.029998779296875,16312000,28.539514541625977
2012-04-18,36.849998474121094,37.02000045776367,36.77000045776367,36.869998931884766,13415200,28.41620445251465
2012-04-19,36.88999938964844,36.970001220703125,36.25,36.459999084472656,25315800,28.1002197265625
2012-04-20,36.779998779296875,36.939998626708984,36.619998931884766,36.77000045776367,18231800,28.339122772216797
2012-04-23,36.310001373291016,36.400001525878906,36.08000183105469,36.36000061035156,25099300,28.023149490356445
2012-04-24,36.529998779296875,36.869998931884766,36.5,36.84000015258789,15002500,28.393089294433594
2012-04-25,37.130001068115234,37.16999816894531,36.79999923706055,36.90999984741211,18132200,28.447040557861328
2012-04-26,36.83000183105469,37.16999816894531,36.7599983215332,37.130001068115234,14809200,28.6165828704834
2012-04-27,37.33000183105469,37.45000076293945,37.099998474121094,37.36000061035156,14101000,28.793855667114258
2012-04-30,37.220001220703125,37.279998779296875,36.869998931884766,37.0099983215332,16463800,28.524106979370117
2012-05-01,36.93000030517578,37.400001525878906,36.63999938964844,37.119998931884766,17561900,28.608884811401367
2012-05-02,36.86000061035156,37.15999984741211,36.779998779296875,37.130001068115234,10896500,28.6165828704834
2012-05-03,37.13999938964844,37.20000076293945,36.72999954223633,36.83000183105469,12904900,28.385377883911133
2012-05-04,36.650001525878906,36.689998626708984,36.20000076293945,36.29999923706055,20063400,27.976900100708008
2012-05-07,36.099998474121094,36.380001068115234,36.09000015258789,36.20000076293945,15554200,27.899829864501953
2012-05-08,35.97999954223633,36.18000030517578,35.619998931884766,36.11000061035156,18180500,27.83046531677246
2012-05-09,35.66999816894531,36.029998779296875,35.459999084472656,35.689998626708984,31133700,27.506759643554688
2012-05-10,35.9900016784668,36.130001068115234,35.66999816894531,35.7400016784668,13300000,27.545307159423828
2012-05-11,35.52000045776367,36.04999923706055,35.5099983215332,35.66999816894531,14050700,27.491352081298828
2012-05-14,35.349998474121094,35.560001373291016,35.11000061035156,35.2599983215332,23499400,27.175365447998047
2012-05-15,35.20000076293945,35.470001220703125,34.97999954223633,35.08000183105469,14061700,27.03663444519043
2012-05-16,35.349998474121094,35.529998779296875,35,35.040000915527344,14807700,27.005802154541016
2012-05-17,35.0099983215332,35.06999969482422,34.27000045776367,34.290000915527344,23972500,26.42776870727539
2012-05-18,34.400001525878906,34.619998931884766,34.02000045776367,34.119998931884766,21477400,26.2967472076416
2012-05-21,34.33000183105469,34.90999984741211,34.310001373291016,34.880001068115234,16473500,26.882488250732422
2012-05-22,35.0099983215332,35.22999954223633,34.77000045776367,35.0099983215332,14386000,26.982677459716797
2012-05-23,34.720001220703125,35.27000045776367,34.380001068115234,35.20000076293945,25824400,27.12911605834961
2012-05-24,35.290000915527344,35.33000183105469,34.77000045776367,35.15999984741211,13768100,27.09828758239746
2012-05-25,35.16999816894531,35.2400016784668,34.84000015258789,34.91999816894531,8026500,26.913305282592773
2012-05-29,35.209999084472656,35.5,35.18000030517578,35.38999938964844,14105300,27.275558471679688
2012-05-30,35.06999969482422,35.06999969482422,34.72999954223633,34.79999923706055,15655500,26.820831298828125
2012-05-31,34.70000076293945,34.91999816894531,34.27000045776367,34.66999816894531,17828700,26.72063446044922
2012-06-01,33.97999954223633,34.150001525878906,33.66999816894531,33.709999084472656,24430500,25.98075294494629
2012-06-04,33.72999954223633,33.77000045776367,33.08000183105469,33.36000061035156,23893000,25.711000442504883
2012-06-05,33.27000045776367,33.5099983215332,33.13999938964844,33.459999084472656,17784400,25.788076400756836
2012-06-06,33.7599983215332,34.36000061035156,33.70000076293945,34.349998474121094,20089700,26.47401237487793
2012-06-07,34.77000045776367,35.060001373291016,34.4900016784668,34.540000915527344,21550300,26.62044334411621
2012-06-08,34.529998779296875,34.83000183105469,34.31999969482422,34.79999923706055,12401500,26.820831298828125
2012-06-11,35.15999984741211,35.18000030517578,34.310001373291016,34.349998474121094,15671400,26.47401237487793
2012-06-12,34.5099983215332,34.939998626708984,34.33000183105469,34.900001525878906,20210900,26.897907257080078
2012-06-13,34.75,34.900001525878906,34.38999938964844,34.54999923706055,22045200,26.628158569335938
2012-06-14,34.63999938964844,34.959999084472656,34.43000030517578,34.81999969482422,22125000,26.83623695373535
2012-06-15,34.81999969482422,34.970001220703125,34.7599983215332,34.959999084472656,12906000,27.071645736694336
2012-06-18,34.810001373291016,35.16999816894531,34.70000076293945,35.040000915527344,13380900,27.133602142333984
2012-06-19,35.20000076293945,35.70000076293945,35.189998626708984,35.5099983215332,12630300,27.49755096435547
2012-06-20,35.400001525878906,35.5099983215332,35.06999969482422,35.31999969482422,20907000,27.35042381286621
2012-06-21,35.439998626708984,35.540000915527344,34.59000015258789,34.630001068115234,16671700,26.81611442565918
2012-06-22,34.72999954223633,34.83000183105469,34.4900016784668,34.75,11993100,26.909034729003906
2012-06-25,34.34000015258789,34.400001525878906,33.970001220703125,34.11000061035156,20371600,26.413442611694336
2012-06-26,34.16999816894531,34.27000045776367,33.84000015258789,34.16999816894531,13684600,26.459897994995117
2012-06-27,34.29999923706055,34.58000183105469,34.2400016784668,34.5,14267600,26.71544647216797
2012-06-28,34.2599983215332,34.5099983215332,34.060001373291016,34.470001220703125,18115400,26.692216873168945
2012-06-29,35.22999954223633,35.66999816894531,35.06999969482422,35.66999816894531,18557700,27.62144660949707
2012-07-02,35.7599983215332,35.81999969482422,35.119998931884766,35.36000061035156,14682400,27.381391525268555
2012-07-03,35.33000183105469,35.7400016784668,35.29999923706055,35.72999954223633,10841200,27.66790771484375
2012-07-05,35.529998779296875,35.84000015258789,35.470001220703125,35.689998626708984,8771000,27.636932373046875
2012-07-06,35.36000061035156,35.36000061035156,34.9900016784668,35.209999084472656,9875000,27.265241622924805
2012-07-09,34.93000030517578,35.27000045776367,34.88999938964844,35.189998626708984,7220700,27.249753952026367
2012-07-10,35.400001525878906,35.4900016784668,34.40999984741211,34.619998931884766,32477900,26.8083553314209
2012-07-11,34.599998474121094,34.65999984741211,34.16999816894531,34.34000015258789,22717500,26.59154510498047
2012-07-12,34.13999938964844,34.380001068115234,33.869998931884766,34.209999084472656,31597700,26.490886688232422
2012-07-13,34.279998779296875,34.88999938964844,34.22999954223633,34.869998931884766,23745400,27.0019474029541
2012-07-16,34.709999084472656,34.7400016784668,34.380001068115234,34.630001068115234,15931600,26.81611442565918
2012-07-17,34.560001373291016,34.91999816894531,34.31999969482422,34.779998779296875,17282200,26.93226432800293
2012-07-18,34.66999816894531,35.52000045776367,34.66999816894531,35.43000030517578,30367800,27.435606002807617
2012-07-19,35.52000045776367,35.720001220703125,35.34000015258789,35.599998474121094,14611600,27.56723976135254
2012-07-20,35.36000061035156,35.5,35.119998931884766,35.15999984741211,16714900,27.22651481628418
2012-07-23,34.619998931884766,35.11000061035156,34.5,34.97999954223633,15299000,27.087133407592773
2012-07-24,35.0099983215332,35.060001373291016,34.31999969482422,34.59000015258789,22018500,26.785144805908203
2012-07-25,34.84000015258789,35.02000045776367,34.47999954223633,34.709999084472656,23365000,26.878067016601562
2012-07-26,35.11000061035156,35.38999938964844,34.970001220703125,35.2400016784668,16735900,27.28847312927246
2012-07-27,35.290000915527344,36.189998626708984,35.290000915527344,36.0099983215332,18798400,27.88473892211914
2012-07-30,35.959999084472656,36.16999816894531,35.79999923706055,35.90999984741211,12948400,27.807300567626953
2012-07-31,35.900001525878906,36.09000015258789,35.790000915527344,35.810001373291016,13125300,27.729854583740234
2012-08-01,35.9900016784668,36.04999923706055,35.54999923706055,35.56999969482422,17120500,27.544015884399414
2012-08-02,35.439998626708984,35.59000015258789,35,35.38999938964844,16934400,27.404626846313477
2012-08-03,35.84000015258789,36.31999969482422,35.83000183105469,36.15999984741211,16954500,28.00088119506836
2012-08-06,36.31999969482422,36.470001220703125,36.15999984741211,36.15999984741211,14753100,28.00088119506836
2012-08-07,36.310001373291016,36.70000076293945,36.310001373291016,36.529998779296875,16614200,28.287391662597656
2012-08-08,36.38999938964844,36.529998779296875,36.290000915527344,36.47999954223633,10220100,28.248672485351562
2012-08-09,36.459999084472656,36.59000015258789,36.369998931884766,36.5099983215332,12669800,28.271907806396484
2012-08-10,36.369998931884766,36.70000076293945,36.279998779296875,36.68000030517578,10449000,28.403541564941406
2012-08-13,36.61000061035156,36.63999938964844,36.349998474121094,36.599998474121094,13026200,28.341602325439453
2012-08-14,36.779998779296875,36.779998779296875,36.459999084472656,36.54999923706055,9495500,28.302892684936523
2012-08-15,36.36000061035156,36.689998626708984,36.349998474121094,36.630001068115234,9977000,28.364830017089844
2012-08-16,36.619998931884766,37.06999969482422,36.560001373291016,37,12786000,28.651344299316406
2012-08-17,37,37.209999084472656,37,37.18000030517578,8877500,28.790729522705078
2012-08-20,37.08000183105469,37.16999816894531,36.93000030517578,37.099998474121094,6612400,28.728782653808594
2012-08-21,37.22999954223633,37.38999938964844,36.91999816894531,37.02000045776367,10171300,28.666831970214844
2012-08-22,36.880001068115234,37,36.689998626708984,36.84000015258789,10960400,28.52744483947754
2012-08-23,36.790000915527344,36.790000915527344,36.459999084472656,36.540000915527344,11985000,28.295146942138672
2012-08-24,36.40999984741211,36.810001373291016,36.400001525878906,36.709999084472656,8736200,28.426782608032227
2012-08-27,36.779998779296875,36.83000183105469,36.56999969482422,36.599998474121094,5977000,28.341602325439453
2012-08-28,36.560001373291016,36.650001525878906,36.45000076293945,36.459999084472656,8513600,28.233198165893555
2012-08-29,36.459999084472656,36.59000015258789,36.31999969482422,36.45000076293945,8432100,28.225454330444336
2012-08-30,36.31999969482422,36.34000015258789,36.04999923706055,36.13999938964844,8604100,27.985393524169922
2012-08-31,36.380001068115234,36.529998779296875,36.130001068115234,36.36000061035156,9433100,28.15575408935547
2012-09-04,36.2400016784668,36.31999969482422,35.81999969482422,35.97999954223633,17603100,27.861494064331055
2012-09-05,35.9900016784668,36.060001373291016,35.75,35.880001068115234,11777300,27.784067153930664
2012-09-06,36.08000183105469,36.70000076293945,36.08000183105469,36.689998626708984,12695200,28.411300659179688
2012-09-07,36.79999923706055,37.040000915527344,36.790000915527344,37,10639100,28.651344299316406
2012-09-10,36.88999938964844,36.97999954223633,36.75,36.7599983215332,8961600,28.46549415588379
2012-09-11,36.75,37.060001373291016,36.72999954223633,36.959999084472656,10463700,28.620380401611328
2012-09-12,37.06999969482422,37.18000030517578,36.939998626708984,37.11000061035156,8450400,28.73651695251465
2012-09-13,37.02000045776367,37.689998626708984,36.849998474121094,37.529998779296875,16405700,29.06175994873047
2012-09-14,37.380001068115234,38.06999969482422,37.380001068115234,37.7599983215332,12253000,29.239870071411133
2012-09-17,37.619998931884766,37.709999084472656,37.4900016784668,37.58000183105469,7801500,29.100482940673828
2012-09-18,37.45000076293945,37.599998474121094,37.41999816894531,37.59000015258789,8073100,29.10822105407715
2012-09-19,37.52000045776367,37.7400016784668,37.40999984741211,37.68000030517578,9284300,29.177907943725586
2012-09-20,37.349998474121094,37.36000061035156,37.150001525878906,37.31999969482422,12558200,28.899141311645508
2012-09-21,37.25,37.279998779296875,36.84000015258789,36.970001220703125,15043900,28.813411712646484
2012-09-24,36.7400016784668,37.060001373291016,36.70000076293945,36.970001220703125,11603200,28.813411712646484
2012-09-25,36.959999084472656,37.02000045776367,36.470001220703125,36.47999954223633,14575300,28.4315185546875
2012-09-26,36.5,36.5099983215332,36.209999084472656,36.34000015258789,12515200,28.322402954101562
2012-09-27,36.47999954223633,36.72999954223633,36.29999923706055,36.68000030517578,13296800,28.587390899658203
2012-09-28,36.470001220703125,36.68000030517578,36.2599983215332,36.529998779296875,13149000,28.470474243164062
2012-10-01,36.720001220703125,37.02000045776367,36.58000183105469,36.70000076293945,14698000,28.602983474731445
2012-10-02,36.83000183105469,36.869998931884766,36.5,36.63999938964844,10302000,28.556222915649414
2012-10-03,36.79999923706055,36.900001525878906,36.540000915527344,36.83000183105469,7830300,28.70429801940918
2012-10-04,37.029998779296875,37.119998931884766,36.900001525878906,37.040000915527344,8888800,28.867969512939453
2012-10-05,37.290000915527344,37.41999816894531,37,37.15999984741211,10555200,28.96150016784668
2012-10-08,36.939998626708984,37.130001068115234,36.88999938964844,37.06999969482422,4917400,28.89134979248047
2012-10-09,37.06999969482422,37.11000061035156,36.619998931884766,36.63999938964844,10963500,28.556222915649414
2012-10-10,36.5,36.619998931884766,36.2599983215332,36.29999923706055,14504500,28.291227340698242
2012-10-11,36.560001373291016,36.709999084472656,36.40999984741211,36.40999984741211,8828800,28.376964569091797
2012-10-12,36.560001373291016,36.7400016784668,36.310001373291016,36.45000076293945,9760800,28.408140182495117
2012-10-15,36.45000076293945,36.720001220703125,36.38999938964844,36.70000076293945,9734700,28.602983474731445
2012-10-16,36.790000915527344,37.119998931884766,36.790000915527344,37.09000015258789,9357800,28.906932830810547
2012-10-17,37.15999984741211,37.36000061035156,37.09000015258789,37.310001373291016,7774700,29.078407287597656
2012-10-18,37.150001525878906,37.540000915527344,37.130001068115234,37.41999816894531,15649400,29.16412353515625
2012-10-19,37.099998474121094,37.220001220703125,36.650001525878906,36.790000915527344,15722900,28.673120498657227
2012-10-22,36.68000030517578,36.95000076293945,36.369998931884766,36.689998626708984,14300700,28.595186233520508
2012-10-23,36.25,36.439998626708984,36.11000061035156,36.31999969482422,13211400,28.30683135986328
2012-10-24,36.5,36.5099983215332,36.040000915527344,36.09000015258789,12980200,28.1275577545166
2012-10-25,36.41999816894531,36.5,35.9900016784668,36.290000915527344,14927000,28.283445358276367
2012-10-26,36.22999954223633,36.4900016784668,36.11000061035156,36.31999969482422,10533400,28.30683135986328
2012-10-31,36.4900016784668,36.779998779296875,36.36000061035156,36.4900016784668,10557300,28.43931007385254
2012-11-01,36.59000015258789,37.209999084472656,36.45000076293945,37.13999938964844,15309200,28.94590950012207
2012-11-02,37.349998474121094,37.439998626708984,36.810001373291016,36.83000183105469,13364000,28.70429801940918
2012-11-05,36.689998626708984,37.09000015258789,36.66999816894531,37.029998779296875,8533000,28.860170364379883
2012-11-06,37.209999084472656,37.61000061035156,37.13999938964844,37.43000030517578,10045200,29.17192268371582
2012-11-07,37.119998931884766,37.119998931884766,36.349998474121094,36.54999923706055,17347500,28.486072540283203
2012-11-08,36.54999923706055,36.65999984741211,36.15999984741211,36.16999816894531,13404000,28.189905166625977
2012-11-09,36.0099983215332,36.58000183105469,36,36.27000045776367,13425000,28.267864227294922
2012-11-12,36.369998931884766,36.54999923706055,36.2400016784668,36.369998931884766,7727700,28.34578514099121
2012-11-13,36.060001373291016,36.63999938964844,36.060001373291016,36.27000045776367,9957900,28.267864227294922
2012-11-14,36.38999938964844,36.38999938964844,35.31999969482422,35.41999816894531,22260800,27.605390548706055
2012-11-15,35.27000045776367,35.61000061035156,35.25,35.41999816894531,15774000,27.605390548706055
2012-11-16,35.33000183105469,35.61000061035156,35.189998626708984,35.52000045776367,13761100,27.68332290649414
2012-11-19,35.959999084472656,36.20000076293945,35.86000061035156,36.189998626708984,10984600,28.20549964904785
2012-11-20,36.209999084472656,36.2599983215332,35.93000030517578,36.220001220703125,8771800,28.2288761138916
2012-11-21,36.20000076293945,36.349998474121094,36.130001068115234,36.27000045776367,4986700,28.267864227294922
2012-11-23,36.349998474121094,36.7400016784668,36.349998474121094,36.7400016784668,3286600,28.634151458740234
2012-11-26,36.599998474121094,36.790000915527344,36.52000045776367,36.77000045776367,7471900,28.657535552978516
2012-11-27,36.810001373291016,37.0099983215332,36.650001525878906,36.689998626708984,9702800,28.595186233520508
2012-11-28,36.5,37.029998779296875,36.349998474121094,37,11098800,28.8367919921875
2012-11-29,37.20000076293945,37.34000015258789,36.970001220703125,37.209999084472656,10531000,29.000465393066406
2012-11-30,37.16999816894531,37.279998779296875,37.04999923706055,37.130001068115234,7943400,28.9381046295166
2012-12-03,37.31999969482422,37.38999938964844,36.72999954223633,36.72999954223633,10585100,28.626358032226562
2012-12-04,36.81999969482422,37.029998779296875,36.709999084472656,36.869998931884766,7176000,28.735469818115234
2012-12-05,36.95000076293945,37.400001525878906,36.709999084472656,37.2599983215332,13665100,29.039430618286133
2012-12-06,37.2400016784668,37.290000915527344,37.0099983215332,37.25,5501600,29.031633377075195
2012-12-07,37.459999084472656,37.52000045776367,37.25,37.4900016784668,6771000,29.21868133544922
2012-12-10,37.47999954223633,37.720001220703125,37.38999938964844,37.68000030517578,7387800,29.36676025390625
2012-12-11,37.880001068115234,37.970001220703125,37.68000030517578,37.7599983215332,9455300,29.42912483215332
2012-12-12,37.95000076293945,38.119998931884766,37.779998779296875,37.81999969482422,6911500,29.475889205932617
2012-12-13,37.75,37.97999954223633,37.58000183105469,37.70000076293945,9328400,29.382352828979492
2012-12-14,37.61000061035156,37.83000183105469,37.599998474121094,37.619998931884766,6747900,29.31999969482422
2012-12-17,37.79999923706055,37.97999954223633,37.720001220703125,37.970001220703125,9667100,29.592777252197266
2012-12-18,38.0099983215332,38.5,37.90999984741211,38.459999084472656,11656700,29.974687576293945
2012-12-19,38.52000045776367,38.529998779296875,38.22999954223633,38.25,15895400,29.811006546020508
2012-12-20,38.29999923706055,38.45000076293945,38.209999084472656,38.45000076293945,7665800,29.96687889099121
2012-12-21,37.619998931884766,37.9900016784668,37.5,37.93000030517578,10871700,29.778472900390625
2012-12-24,37.84000015258789,37.93000030517578,37.75,37.81999969482422,1647100,29.69209861755371
2012-12-26,37.93000030517578,37.959999084472656,37.63999938964844,37.689998626708984,6267300,29.590028762817383
2012-12-27,37.7400016784668,37.77000045776367,37.22999954223633,37.630001068115234,6387000,29.54293441772461
2012-12-28,37.34000015258789,37.619998931884766,37.18000030517578,37.220001220703125,6626000,29.221054077148438
2012-12-31,37.119998931884766,37.93000030517578,37.040000915527344,37.900001525878906,13414400,29.754911422729492
2013-01-02,38.720001220703125,38.90999984741211,38.54999923706055,38.810001373291016,14885700,30.469345092773438
2013-01-03,38.77000045776367,39.09000015258789,38.72999954223633,38.83000183105469,9592100,30.485050201416016
2013-01-04,38.97999954223633,39.150001525878906,38.88999938964844,39.119998931884766,6466400,30.712711334228516
2013-01-07,39,39.029998779296875,38.810001373291016,38.95000076293945,5513800,30.579252243041992
2013-01-08,38.83000183105469,38.91999816894531,38.52000045776367,38.650001525878906,7543400,30.34372901916504
2013-01-09,38.79999923706055,39.119998931884766,38.77000045776367,39.040000915527344,6851700,30.6499080657959
2013-01-10,39.2400016784668,39.2599983215332,38.95000076293945,39.22999954223633,11710300,30.799072265625
2013-01-11,39.119998931884766,39.189998626708984,39.0099983215332,39.09000015258789,6999900,30.689151763916016
2013-01-14,39.15999984741211,39.25,39.06999969482422,39.2400016784668,6250500,30.80694007873535
2013-01-15,39.029998779296875,39.38999938964844,39.0099983215332,39.349998474121094,5115200,30.893281936645508
2013-01-16,39.13999938964844,39.209999084472656,39.09000015258789,39.189998626708984,7569900,30.767667770385742
2013-01-17,39.380001068115234,39.68000030517578,39.279998779296875,39.61000061035156,11890000,31.097421646118164
2013-01-18,39.77000045776367,39.959999084472656,39.59000015258789,39.93000030517578,10912700,31.348651885986328
2013-01-22,39.84000015258789,40.09000015258789,39.77000045776367,40.09000015258789,7550200,31.474246978759766
2013-01-23,40,40.15999984741211,39.900001525878906,40.099998474121094,6430700,31.482099533081055
2013-01-24,40.11000061035156,40.90999984741211,40.06999969482422,40.34000015258789,6893000,31.6705322265625
2013-01-25,40.470001220703125,40.52000045776367,40.290000915527344,40.470001220703125,6908900,31.772584915161133
2013-01-28,40.630001068115234,40.650001525878906,40.31999969482422,40.5,5583500,31.796127319335938
2013-01-29,40.40999984741211,40.599998474121094,40.349998474121094,40.59000015258789,5456100,31.866809844970703
2013-01-30,40.54999923706055,40.63999938964844,40.20000076293945,40.220001220703125,6991200,31.5762996673584
2013-01-31,40.08000183105469,40.279998779296875,39.9900016784668,40.08000183105469,9929300,31.466419219970703
2013-02-01,40.33000183105469,40.52000045776367,40.2400016784668,40.470001220703125,8661400,31.772584915161133
2013-02-04,40.27000045776367,40.349998474121094,40.06999969482422,40.119998931884766,8989600,31.49781036376953
2013-02-05,40.34000015258789,40.58000183105469,40.279998779296875,40.4900016784668,8590700,31.788305282592773
2013-02-06,40.349998474121094,40.529998779296875,40.2599983215332,40.5,11049500,31.796127319335938
2013-02-07,40.560001373291016,40.61000061035156,40.150001525878906,40.45000076293945,8007000,31.75688934326172
2013-02-08,40.5099983215332,40.63999938964844,40.439998626708984,40.61000061035156,7164200,31.88249397277832
2013-02-11,40.529998779296875,40.63999938964844,40.4900016784668,40.58000183105469,7718700,31.85894775390625
2013-02-12,40.65999984741211,40.83000183105469,40.650001525878906,40.7599983215332,5780100,32.00025939941406
2013-02-13,40.970001220703125,41.119998931884766,40.86000061035156,40.97999954223633,6412200,32.172977447509766
2013-02-14,40.79999923706055,41.060001373291016,40.72999954223633,41.040000915527344,9256100,32.220088958740234
2013-02-15,41.099998474121094,41.16999816894531,40.93000030517578,41.060001373291016,8009200,32.235782623291016
2013-02-19,41.220001220703125,41.38999938964844,41.099998474121094,41.36000061035156,8524900,32.4713249206543
2013-02-20,41.40999984741211,41.41999816894531,40.790000915527344,40.81999969482422,10619200,32.04738998413086
2013-02-21,40.65999984741211,40.72999954223633,40.34000015258789,40.52000045776367,15582800,31.81184959411621
2013-02-22,40.66999816894531,40.88999938964844,40.66999816894531,40.84000015258789,9693400,32.063072204589844
2013-02-25,41.060001373291016,41.11000061035156,39.97999954223633,40,10921300,31.403594970703125
2013-02-26,40.11000061035156,40.33000183105469,39.970001220703125,40.2400016784668,14203900,31.592021942138672
2013-02-27,40.25,41.119998931884766,40.189998626708984,41,10214100,32.188682556152344
2013-02-28,41.06999969482422,41.290000915527344,40.93000030517578,40.970001220703125,11140000,32.165130615234375
2013-03-01,40.709999084472656,41.04999923706055,40.470001220703125,40.900001525878906,11544800,32.11018753051758
2013-03-04,40.81999969482422,40.83000183105469,40.41999816894531,40.81999969482422,17799700,32.04738998413086
2013-03-05,41.08000183105469,41.619998931884766,41.08000183105469,41.400001525878906,12343100,32.50272750854492
2013-03-06,41.65999984741211,41.66999816894531,41.33000183105469,41.400001525878906,11365300,32.50272750854492
2013-03-07,41.5099983215332,41.59000015258789,41.369998931884766,41.43000030517578,6392600,32.526275634765625
2013-03-08,41.720001220703125,41.86000061035156,41.540000915527344,41.81999969482422,7986200,32.83245849609375
2013-03-11,41.779998779296875,41.97999954223633,41.689998626708984,41.959999084472656,6118800,32.942359924316406
2013-03-12,41.81999969482422,41.93000030517578,41.540000915527344,41.720001220703125,11166800,32.75395965576172
2013-03-13,41.720001220703125,41.95000076293945,41.630001068115234,41.91999816894531,7192600,32.91096878051758
2013-03-14,42,42.15999984741211,41.959999084472656,42.119998931884766,5869900,33.06797409057617
2013-03-15,41.900001525878906,42.0099983215332,41.79999923706055,41.970001220703125,9136300,33.09322738647461
2013-03-18,41.66999816894531,42.04999923706055,41.4900016784668,41.709999084472656,6696600,32.88819885253906
2013-03-19,41.7599983215332,41.88999938964844,41.38999938964844,41.66999816894531,12386200,32.85666275024414
2013-03-20,41.880001068115234,41.93000030517578,41.58000183105469,41.720001220703125,16633100,32.89609909057617
2013-03-21,41.54999923706055,41.95000076293945,41.220001220703125,41.29999923706055,6847500,32.5649299621582
2013-03-22,41.619998931884766,41.630001068115234,41.310001373291016,41.619998931884766,6952300,32.81724548339844
2013-03-25,41.7400016784668,41.7599983215332,41.06999969482422,41.25,18316700,32.52550506591797
2013-03-26,41.45000076293945,41.4900016784668,41.310001373291016,41.459999084472656,8772200,32.69108200073242
2013-03-27,41.27000045776367,41.4900016784668,41.04999923706055,41.459999084472656,6666500,32.69108200073242
2013-03-28,41.400001525878906,41.77000045776367,41.400001525878906,41.7599983215332,7850900,32.92763900756836
2013-04-01,41.70000076293945,41.709999084472656,41.16999816894531,41.25,15500700,32.52550506591797
2013-04-02,41.38999938964844,41.439998626708984,41.040000915527344,41.119998931884766,11715400,32.42300033569336
2013-04-03,41.20000076293945,41.2599983215332,40.810001373291016,40.869998931884766,20235400,32.22587585449219
2013-04-04,40.90999984741211,41.11000061035156,40.869998931884766,41.04999923706055,12607200,32.3677978515625
2013-04-05,40.5099983215332,41,40.439998626708984,40.970001220703125,12848400,32.30472183227539
2013-04-08,40.939998626708984,41.209999084472656,40.810001373291016,41.209999084472656,8246300,32.49395751953125
2013-04-09,41.33000183105469,41.4900016784668,41.060001373291016,41.34000015258789,10682100,32.596466064453125
2013-04-10,41.529998779296875,41.93000030517578,41.369998931884766,41.88999938964844,11590300,33.0301399230957
2013-04-11,41.939998626708984,42.130001068115234,41.779998779296875,42,9855000,33.116886138916016
2013-04-12,41.849998474121094,41.91999816894531,41.61000061035156,41.7599983215332,7438400,32.92763900756836
2013-04-15,41.47999954223633,41.529998779296875,40.459999084472656,40.4900016784668,29888200,31.926237106323242
2013-04-16,40.86000061035156,41.06999969482422,40.72999954223633,41.040000915527344,10143300,32.35992431640625
2013-04-17,40.709999084472656,40.779998779296875,40.130001068115234,40.36000061035156,15939300,31.823741912841797
2013-04-18,40.5,40.5,40.02000045776367,40.18000030517578,16722700,31.681804656982422
2013-04-19,40.220001220703125,40.41999816894531,40.029998779296875,40.380001068115234,15449100,31.839519500732422
2013-04-22,40.40999984741211,40.54999923706055,40.029998779296875,40.43000030517578,13880400,31.878908157348633
2013-04-23,40.599998474121094,40.790000915527344,40.33000183105469,40.720001220703125,11194400,32.10760498046875
2013-04-24,40.90999984741211,41.209999084472656,40.880001068115234,41.13999938964844,9976300,32.43876647949219
2013-04-25,41.279998779296875,41.540000915527344,41.15999984741211,41.349998474121094,9845400,32.6043586730957
2013-04-26,41.29999923706055,41.45000076293945,41.13999938964844,41.22999954223633,7837600,32.509727478027344
2013-04-29,41.400001525878906,41.540000915527344,41.15999984741211,41.439998626708984,7934300,32.67531204223633
2013-04-30,41.5,41.5,41.130001068115234,41.45000076293945,8112900,32.68320083618164
2013-05-01,41.20000076293945,41.34000015258789,40.900001525878906,40.90999984741211,12152700,32.257415771484375
2013-05-02,41.04999923706055,41.470001220703125,41.04999923706055,41.41999816894531,7422000,32.6595344543457
2013-05-03,41.869998931884766,42.369998931884766,41.83000183105469,42.130001068115234,14713900,33.2193717956543
2013-05-06,42.13999938964844,42.439998626708984,42.08000183105469,42.400001525878906,13657900,33.4322624206543
2013-05-07,42.5099983215332,42.79999923706055,42.45000076293945,42.790000915527344,14716800,33.739784240722656
2013-05-08,42.720001220703125,43.06999969482422,42.63999938964844,43.060001373291016,9877400,33.952674865722656
2013-05-09,43.08000183105469,43.290000915527344,42.939998626708984,43.060001373291016,8065700,33.952674865722656
2013-05-10,43.130001068115234,43.209999084472656,42.880001068115234,43.189998626708984,9576300,34.05517578125
2013-05-13,43.13999938964844,43.15999984741211,42.88999938964844,43.02000045776367,5737800,33.921142578125
2013-05-14,43.15999984741211,43.54999923706055,43.040000915527344,43.54999923706055,9893500,34.33903884887695
2013-05-15,43.349998474121094,43.7400016784668,43.290000915527344,43.72999954223633,12427900,34.48097610473633
2013-05-16,43.54999923706055,43.79999923706055,43.439998626708984,43.5099983215332,12043500,34.30750274658203
2013-05-17,43.70000076293945,44.18000030517578,43.68000030517578,44.16999816894531,14377300,34.82792663574219
2013-05-20,44.040000915527344,44.439998626708984,44.040000915527344,44.29999923706055,14154300,34.9304084777832
2013-05-21,44.310001373291016,44.54999923706055,44.2400016784668,44.36000061035156,11247100,34.977725982666016
2013-05-22,44.43000030517578,44.70000076293945,43.81999969482422,43.970001220703125,16560400,34.67022705078125
2013-05-23,43.43000030517578,43.95000076293945,43.43000030517578,43.849998474121094,10855000,34.57558059692383
2013-05-24,43.58000183105469,43.779998779296875,43.380001068115234,43.709999084472656,8787600,34.465213775634766
2013-05-28,44.25,44.349998474121094,43.86000061035156,43.939998626708984,13685500,34.64655685424805
2013-05-29,43.72999954223633,43.88999938964844,43.54999923706055,43.689998626708984,9298000,34.449440002441406
2013-05-30,43.81999969482422,44.150001525878906,43.709999084472656,43.95000076293945,7269400,34.65444564819336
2013-05-31,43.84000015258789,44.279998779296875,43.4900016784668,43.529998779296875,11180400,34.323280334472656
2013-06-03,43.709999084472656,43.810001373291016,43.22999954223633,43.7400016784668,25628800,34.48887634277344
2013-06-04,43.7400016784668,43.970001220703125,43.20000076293945,43.5,12262700,34.29962921142578
2013-06-05,43.33000183105469,43.380001068115234,42.65999984741211,42.709999084472656,12775200,33.67670440673828
2013-06-06,42.779998779296875,43.02000045776367,42.54999923706055,42.97999954223633,13916500,33.88959503173828
2013-06-07,43.34000015258789,43.810001373291016,43.16999816894531,43.790000915527344,14067500,34.52827835083008
2013-06-10,43.939998626708984,43.939998626708984,43.52000045776367,43.65999984741211,9390300,34.42577362060547
2013-06-11,43.22999954223633,43.630001068115234,43.11000061035156,43.2599983215332,9883800,34.11037826538086
2013-06-12,43.59000015258789,43.619998931884766,42.88999938964844,42.959999084472656,11072600,33.87382888793945
2013-06-13,42.91999816894531,43.66999816894531,42.83000183105469,43.59000015258789,12985500,34.37059020996094
2013-06-14,43.54999923706055,43.7599983215332,43.25,43.29999923706055,8207200,34.14191818237305
2013-06-17,43.58000183105469,43.790000915527344,43.380001068115234,43.63999938964844,8527400,34.41001510620117
2013-06-18,43.65999984741211,44.2599983215332,43.650001525878906,44.150001525878906,8798300,34.812137603759766
2013-06-19,44.060001373291016,44.16999816894531,43.47999954223633,43.47999954223633,13613100,34.283851623535156
2013-06-20,43.060001373291016,43.13999938964844,42.439998626708984,42.4900016784668,19493200,33.50324630737305
2013-06-21,42.630001068115234,42.66999816894531,42,42.29999923706055,14635300,33.52383041381836
2013-06-24,41.90999984741211,41.970001220703125,41.369998931884766,41.59000015258789,17405800,32.96113967895508
2013-06-25,41.959999084472656,42.189998626708984,41.790000915527344,42.060001373291016,8717400,33.33363723754883
2013-06-26,42.459999084472656,42.650001525878906,42.22999954223633,42.470001220703125,14745100,33.6585693359375
2013-06-27,42.81999969482422,43.0099983215332,42.689998626708984,42.88999938964844,9177300,33.99142837524414
2013-06-28,42.79999923706055,42.959999084472656,42.56999969482422,42.63999938964844,13129300,33.79330825805664
2013-07-01,42.9900016784668,43.34000015258789,42.81999969482422,43.06999969482422,15781300,34.13407516479492
2013-07-02,42.91999816894531,43.119998931884766,42.470001220703125,42.61000061035156,12916900,33.769527435302734
2013-07-03,42.439998626708984,42.77000045776367,42.349998474121094,42.630001068115234,6081900,33.78538131713867
2013-07-05,42.959999084472656,43.29999923706055,42.779998779296875,43.29999923706055,5687500,34.31636428833008
2013-07-08,43.380001068115234,43.689998626708984,43.349998474121094,43.41999816894531,10901800,34.411468505859375
2013-07-09,43.7400016784668,44.2400016784668,43.72999954223633,44.029998779296875,13045100,34.89491653442383
2013-07-10,44.040000915527344,44.2400016784668,43.869998931884766,44.02000045776367,9349600,34.88698959350586
2013-07-11,44.689998626708984,44.75,44.470001220703125,44.720001220703125,14058700,35.44176483154297
2013-07-12,44.560001373291016,44.65999984741211,44.220001220703125,44.45000076293945,11366200,35.227779388427734
2013-07-15,44.58000183105469,44.689998626708984,44.5099983215332,44.61000061035156,11794300,35.35457229614258
2013-07-16,44.68000030517578,44.7400016784668,44.310001373291016,44.369998931884766,6269200,35.16438293457031
2013-07-17,44.59000015258789,44.689998626708984,44.41999816894531,44.5,9605200,35.26740646362305
2013-07-18,44.599998474121094,45.08000183105469,44.540000915527344,44.95000076293945,10896300,35.62403869628906
2013-07-19,45.11000061035156,45.43000030517578,45.04999923706055,45.40999984741211,13266600,35.98859786987305
2013-07-22,45.4900016784668,45.56999969482422,45.36000061035156,45.439998626708984,5960900,36.01237106323242
2013-07-23,45.59000015258789,45.63999938964844,45.27000045776367,45.40999984741211,6252900,35.98859786987305
2013-07-24,45.560001373291016,45.63999938964844,44.9900016784668,45.060001373291016,10965000,35.71122360229492
2013-07-25,44.939998626708984,45.08000183105469,44.68000030517578,45.08000183105469,7031800,35.72706985473633
2013-07-26,44.86000061035156,44.959999084472656,44.66999816894531,44.93000030517578,5800300,35.608192443847656
2013-07-29,44.7400016784668,44.97999954223633,44.72999954223633,44.810001373291016,8372300,35.51307678222656
2013-07-30,45,45.2400016784668,44.880001068115234,45,7145100,35.66366958618164
2013-07-31,45.06999969482422,45.5,45.06999969482422,45.15999984741211,12300000,35.790470123291016
2013-08-01,45.41999816894531,45.9900016784668,45.41999816894531,45.93000030517578,12594500,36.40070724487305
2013-08-02,45.77000045776367,46.02000045776367,45.650001525878906,46.02000045776367,5985800,36.47203063964844
2013-08-05,45.83000183105469,45.970001220703125,45.77000045776367,45.84000015258789,4468100,36.32939147949219
2013-08-06,45.7599983215332,45.7599983215332,45.41999816894531,45.5,8233700,36.05992889404297
2013-08-07,45.29999923706055,45.45000076293945,45.189998626708984,45.43000030517578,8927600,36.00444412231445
2013-08-08,45.68000030517578,45.779998779296875,45.45000076293945,45.63999938964844,4971300,36.17087173461914
2013-08-09,45.66999816894531,45.66999816894531,45.310001373291016,45.4900016784668,5525800,36.051998138427734
2013-08-12,45.209999084472656,45.599998474121094,45.189998626708984,45.54999923706055,6165300,36.09954833984375
2013-08-13,45.56999969482422,45.869998931884766,45.400001525878906,45.75,7791700,36.258056640625
2013-08-14,45.709999084472656,45.79999923706055,45.41999816894531,45.43000030517578,10253000,36.00444412231445
2013-08-15,44.9900016784668,45.060001373291016,44.77000045776367,44.91999816894531,7586200,35.60026168823242
2013-08-16,44.88999938964844,45.11000061035156,44.790000915527344,44.97999954223633,8138800,35.64780807495117
2013-08-19,44.849998474121094,45.04999923706055,44.7400016784668,44.7400016784668,5182300,35.457611083984375
2013-08-20,44.790000915527344,45.0099983215332,44.619998931884766,44.81999969482422,6768600,35.52101135253906
2013-08-21,44.75,44.86000061035156,44.459999084472656,44.5099983215332,7865000,35.27532196044922
2013-08-22,44.61000061035156,45.189998626708984,44.61000061035156,45.119998931884766,9124600,35.758766174316406
2013-08-23,45.22999954223633,45.22999954223633,44.90999984741211,45.130001068115234,5267700,35.766700744628906
2013-08-26,45.220001220703125,45.400001525878906,44.97999954223633,45.029998779296875,6568200,35.68744659423828
2013-08-27,44.5099983215332,44.66999816894531,44.06999969482422,44.119998931884766,14017100,34.96623992919922
2013-08-28,44.0099983215332,44.34000015258789,43.970001220703125,44.15999984741211,7962900,34.9979362487793
2013-08-29,44.04999923706055,44.52000045776367,44.029998779296875,44.290000915527344,4614400,35.10095977783203
2013-08-30,44.38999938964844,44.470001220703125,43.93000030517578,44.040000915527344,8162900,34.9028434753418
2013-09-03,44.459999084472656,44.75,44.130001068115234,44.31999969482422,9736700,35.12474822998047
2013-09-04,44.27000045776367,44.849998474121094,44.2400016784668,44.77000045776367,7486900,35.481380462646484
2013-09-05,44.83000183105469,45.02000045776367,44.66999816894531,44.880001068115234,4880200,35.56856155395508
2013-09-06,45.09000015258789,45.22999954223633,44.45000076293945,44.86000061035156,11587200,35.552703857421875
2013-09-09,45.02000045776367,45.529998779296875,45.0099983215332,45.41999816894531,8454200,35.996524810791016
2013-09-10,45.790000915527344,46.15999984741211,45.720001220703125,46.08000183105469,14050400,36.51959991455078
2013-09-11,46.06999969482422,46.290000915527344,45.939998626708984,46.27000045776367,11984400,36.670166015625
2013-09-12,46.22999954223633,46.349998474121094,46.040000915527344,46.08000183105469,8270400,36.51959991455078
2013-09-13,46.16999816894531,46.220001220703125,45.93000030517578,46.209999084472656,6506600,36.622615814208984
2013-09-16,46.79999923706055,46.95000076293945,46.63999938964844,46.810001373291016,15482500,37.0981330871582
2013-09-17,46.7599983215332,47.06999969482422,46.7400016784668,47.0099983215332,7651000,37.25662612915039
2013-09-18,47.04999923706055,47.70000076293945,46.88999938964844,47.599998474121094,12259900,37.72422790527344
2013-09-19,47.77000045776367,48.0099983215332,47.720001220703125,47.7599983215332,12368500,37.85103988647461
2013-09-20,47.65999984741211,47.68000030517578,46.93000030517578,46.959999084472656,11923900,37.388458251953125
2013-09-23,46.880001068115234,47.0099983215332,46.59000015258789,46.810001373291016,7456100,37.2690315246582
2013-09-24,46.779998779296875,47.25,46.7599983215332,46.97999954223633,6755000,37.40436935424805
2013-09-25,47.029998779296875,47.130001068115234,46.77000045776367,46.77000045776367,8193200,37.237186431884766
2013-09-26,46.849998474121094,47.08000183105469,46.75,46.97999954223633,5383000,37.40436935424805
2013-09-27,46.66999816894531,46.7400016784668,46.4900016784668,46.68000030517578,5966100,37.16552734375
2013-09-30,46.20000076293945,46.59000015258789,46.119998931884766,46.40999984741211,7457800,36.9505500793457
2013-10-01,46.38999938964844,46.810001373291016,46.380001068115234,46.70000076293945,11204000,37.18144989013672
2013-10-02,46.439998626708984,46.54999923706055,46.20000076293945,46.47999954223633,9274700,37.006309509277344
2013-10-03,46.470001220703125,46.470001220703125,45.66999816894531,45.970001220703125,15708500,36.600250244140625
2013-10-04,46.0099983215332,46.29999923706055,45.869998931884766,46.27000045776367,9868400,36.839088439941406
2013-10-07,45.68000030517578,46.2599983215332,45.68000030517578,45.95000076293945,8956500,36.584312438964844
2013-10-08,45.9900016784668,46.11000061035156,45.40999984741211,45.43000030517578,17558800,36.17030334472656
2013-10-09,45.619998931884766,45.619998931884766,45.09000015258789,45.40999984741211,14004300,36.15437698364258
2013-10-10,45.95000076293945,46.599998474121094,45.86000061035156,46.58000183105469,14282100,37.085906982421875
2013-10-11,46.5,46.880001068115234,46.470001220703125,46.79999923706055,8039000,37.26107406616211
2013-10-14,46.58000183105469,47.0099983215332,46.45000076293945,46.97999954223633,9823100,37.40436935424805
2013-10-15,46.880001068115234,47,46.459999084472656,46.5099983215332,13450200,37.03019714355469
2013-10-16,46.72999954223633,46.91999816894531,46.470001220703125,46.81999969482422,11994900,37.27699661254883
2013-10-17,46.63999938964844,47.189998626708984,46.630001068115234,47.18000030517578,10314700,37.56361770629883
2013-10-18,47.470001220703125,47.790000915527344,47.369998931884766,47.689998626708984,12946800,37.96966552734375
2013-10-21,47.7599983215332,47.86000061035156,47.720001220703125,47.810001373291016,6115400,38.06521224975586
2013-10-22,47.970001220703125,48.40999984741211,47.970001220703125,48.130001068115234,8021700,38.319984436035156
2013-10-23,48.060001373291016,48.18000030517578,47.83000183105469,48.150001525878906,8815400,38.33591842651367
2013-10-24,48.2400016784668,48.560001373291016,48.20000076293945,48.5099983215332,8296900,38.62253952026367
2013-10-25,48.619998931884766,48.779998779296875,48.34000015258789,48.7599983215332,10031400,38.821571350097656
2013-10-28,48.599998474121094,48.81999969482422,48.58000183105469,48.689998626708984,6626200,38.765830993652344
2013-10-29,48.7599983215332,48.83000183105469,48.5099983215332,48.83000183105469,7591100,38.8773078918457
2013-10-30,48.939998626708984,48.9900016784668,48.470001220703125,48.61000061035156,8914100,38.70214080810547
2013-10-31,48.529998779296875,48.95000076293945,48.41999816894531,48.619998931884766,9897500,38.71010208129883
2013-11-01,48.72999954223633,49.08000183105469,48.56999969482422,48.970001220703125,9922600,38.98877716064453
2013-11-04,49.16999816894531,49.16999816894531,48.9900016784668,49.150001525878906,5477400,39.1320686340332
2013-11-05,48.959999084472656,49.209999084472656,48.689998626708984,49.099998474121094,6572100,39.09227752685547
2013-11-06,49.310001373291016,49.369998931884766,48.9900016784668,49.2400016784668,5889600,39.2037353515625
2013-11-07,49.380001068115234,49.52000045776367,48.63999938964844,48.720001220703125,10880700,38.789737701416016
2013-11-08,48.68000030517578,49.380001068115234,48.650001525878906,49.380001068115234,8964900,39.315216064453125
2013-11-11,49.369998931884766,49.400001525878906,49.22999954223633,49.34000015258789,5319400,39.28334426879883
2013-11-12,49.16999816894531,49.45000076293945,49.119998931884766,49.36000061035156,10837900,39.299278259277344
2013-11-13,49.099998474121094,49.650001525878906,49.060001373291016,49.650001525878906,9779500,39.53017044067383
2013-11-14,49.58000183105469,49.95000076293945,49.58000183105469,49.84000015258789,11060700,39.681453704833984
2013-11-15,49.97999954223633,50.060001373291016,49.790000915527344,50.0099983215332,7836800,39.816802978515625
2013-11-18,50.25,50.400001525878906,49.970001220703125,50.09000015258789,6686900,39.8804931640625
2013-11-19,50.060001373291016,50.16999816894531,49.66999816894531,49.72999954223633,9411800,39.5938606262207
2013-11-20,49.90999984741211,49.90999984741211,49.400001525878906,49.5099983215332,9381700,39.41870880126953
2013-11-21,49.720001220703125,49.959999084472656,49.560001373291016,49.90999984741211,6829300,39.73716354370117
2013-11-22,50.060001373291016,50.349998474121094,49.88999938964844,50.349998474121094,5430400,40.08750915527344
2013-11-25,50.45000076293945,50.5099983215332,50.119998931884766,50.2400016784668,7895000,39.99990463256836
2013-11-26,50.25,50.459999084472656,50.189998626708984,50.34000015258789,8142500,40.07953643798828
2013-11-27,50.459999084472656,50.619998931884766,50.40999984741211,50.540000915527344,3774500,40.23876190185547
2013-11-29,50.72999954223633,50.779998779296875,50.34000015258789,50.400001525878906,6964900,40.127315521240234
2013-12-02,50.380001068115234,50.47999954223633,50.06999969482422,50.189998626708984,6976700,39.96011734008789
2013-12-03,50.11000061035156,50.11000061035156,49.58000183105469,49.7599983215332,8976000,39.617759704589844
2013-12-04,49.52000045776367,49.91999816894531,49.130001068115234,49.560001373291016,6776400,39.45851516723633
2013-12-05,49.560001373291016,49.810001373291016,49.459999084472656,49.58000183105469,6939600,39.47444534301758
2013-12-06,50.189998626708984,50.36000061035156,50.04999923706055,50.34000015258789,8399500,40.07953643798828
2013-12-09,50.380001068115234,50.540000915527344,50.36000061035156,50.470001220703125,5566600,40.18305587768555
2013-12-10,50.380001068115234,50.650001525878906,50.20000076293945,50.36000061035156,10114300,40.09545135498047
2013-12-11,50.380001068115234,50.380001068115234,49.52000045776367,49.56999969482422,11225000,39.46647262573242
2013-12-12,49.45000076293945,49.77000045776367,49.43000030517578,49.619998931884766,9293200,39.50629806518555
2013-12-13,49.70000076293945,49.880001068115234,49.540000915527344,49.77000045776367,6254100,39.625709533691406
2013-12-16,49.93000030517578,50.40999984741211,49.93000030517578,50.2400016784668,9108300,39.99990463256836
2013-12-17,50.40999984741211,50.470001220703125,50.13999938964844,50.220001220703125,11324000,39.98399353027344
2013-12-18,50.36000061035156,51.09000015258789,49.90999984741211,51.060001373291016,21338300,40.65277862548828
2013-12-19,50.9900016784668,51.13999938964844,50.77000045776367,51.11000061035156,13576700,40.692596435546875
2013-12-20,50.939998626708984,51.41999816894531,50.83000183105469,51.2599983215332,13806000,41.019901275634766
2013-12-23,51.529998779296875,51.58000183105469,51.349998474121094,51.459999084472656,6969500,41.179931640625
2013-12-24,51.45000076293945,51.709999084472656,51.45000076293945,51.70000076293945,2765300,41.37199401855469
2013-12-26,51.869998931884766,52.11000061035156,51.70000076293945,52.060001373291016,6725200,41.66008758544922
2013-12-27,52.290000915527344,52.290000915527344,51.93000030517578,52,4157300,41.6120491027832
2013-12-30,52.02000045776367,52.060001373291016,51.88999938964844,51.95000076293945,4944000,41.572059631347656
2013-12-31,52.119998931884766,52.29999923706055,52.029998779296875,52.2599983215332,6575600,41.82011413574219
2014-01-02,51.97999954223633,52.06999969482422,51.459999084472656,51.529998779296875,9337000,41.23594665527344
2014-01-03,51.66999816894531,51.900001525878906,51.58000183105469,51.66999816894531,6104000,41.34797286987305
2014-01-06,51.91999816894531,52.06999969482422,51.369998931884766,51.369998931884766,7486900,41.1079216003418
2014-01-07,51.63999938964844,51.810001373291016,51.5099983215332,51.689998626708984,7068800,41.36398696899414
2014-01-08,51.70000076293945,51.720001220703125,51.400001525878906,51.599998474121094,8091500,41.291969299316406
2014-01-09,51.900001525878906,52.04999923706055,51.52000045776367,51.849998474121094,10795300,41.49201583862305
2014-01-10,51.939998626708984,51.970001220703125,51.59000015258789,51.93000030517578,12522200,41.55603790283203
2014-01-13,51.79999923706055,52.099998474121094,51.2400016784668,51.29999923706055,12241300,41.05188751220703
2014-01-14,51.560001373291016,51.880001068115234,51.36000061035156,51.84000015258789,9435800,41.4840202331543
2014-01-15,51.970001220703125,52.31999969482422,51.91999816894531,52.209999084472656,6790200,41.78009033203125
2014-01-16,52.02000045776367,52.150001525878906,51.90999984741211,52.08000183105469,8180600,41.67607116699219
2014-01-17,51.88999938964844,51.959999084472656,51.70000076293945,51.81999969482422,8662300,41.468013763427734
2014-01-21,52.06999969482422,52.310001373291016,51.58000183105469,51.869998931884766,11033500,41.508026123046875
2014-01-22,52.060001373291016,52.099998474121094,51.849998474121094,52.029998779296875,6348800,41.63605880737305
2014-01-23,51.720001220703125,51.869998931884766,51.2400016784668,51.40999984741211,8550600,41.13991165161133
2014-01-24,51.060001373291016,51.060001373291016,49.79999923706055,49.810001373291016,25688100,39.85954284667969
2014-01-27,50.040000915527344,50.2400016784668,49.52000045776367,49.86000061035156,17553000,39.899559020996094
2014-01-28,50.0099983215332,50.470001220703125,50.0099983215332,50.33000183105469,9909400,40.275665283203125
2014-01-29,49.810001373291016,50.209999084472656,49.65999984741211,49.790000915527344,15007700,39.84354782104492
2014-01-30,50.2400016784668,50.400001525878906,49.939998626708984,50.279998779296875,9984800,40.23564910888672
2014-01-31,49.439998626708984,50.380001068115234,49.439998626708984,50.029998779296875,15208000,40.03561019897461
2014-02-03,49.90999984741211,50.22999954223633,48.619998931884766,48.63999938964844,23578000,38.92328643798828
2014-02-04,48.81999969482422,49.119998931884766,48.380001068115234,48.95000076293945,14235900,39.17134475708008
2014-02-05,48.75,49.119998931884766,48.38999938964844,48.93000030517578,15364900,39.15534591674805
2014-02-06,49.13999938964844,49.68000030517578,49.040000915527344,49.61000061035156,13598300,39.699501037597656
2014-02-07,49.86000061035156,50.5099983215332,49.86000061035156,50.470001220703125,15046600,40.38770294189453
2014-02-10,50.52000045776367,50.540000915527344,50.040000915527344,50.150001525878906,14047400,40.13163757324219
2014-02-11,50.33000183105469,50.90999984741211,50.2400016784668,50.709999084472656,10364000,40.57975769042969
2014-02-12,50.790000915527344,51.04999923706055,50.77000045776367,51,10282600,40.81182861328125
2014-02-13,50.65999984741211,51.11000061035156,50.4900016784668,51.040000915527344,11396800,40.84383010864258
2014-02-14,50.97999954223633,51.5099983215332,50.900001525878906,51.369998931884766,9132200,41.1079216003418
2014-02-18,51.52000045776367,51.619998931884766,51.150001525878906,51.33000183105469,7282200,41.07591247558594
2014-02-19,51.27000045776367,51.56999969482422,50.81999969482422,50.849998474121094,10443000,40.69179916381836
2014-02-20,51.029998779296875,51.5,50.779998779296875,51.33000183105469,15387500,41.07591247558594
2014-02-21,51.529998779296875,51.630001068115234,51.31999969482422,51.38999938964844,6108500,41.12391662597656
2014-02-24,51.58000183105469,52.22999954223633,51.5,51.779998779296875,9311600,41.435997009277344
2014-02-25,51.709999084472656,51.900001525878906,51.470001220703125,51.61000061035156,7522100,41.29996871948242
2014-02-26,51.720001220703125,51.869998931884766,51.459999084472656,51.65999984741211,10607400,41.339988708496094
2014-02-27,51.59000015258789,51.959999084472656,51.5099983215332,51.959999084472656,5723700,41.58004379272461
2014-02-28,51.97999954223633,52.34000015258789,51.79999923706055,52.060001373291016,12876700,41.66008758544922
2014-03-03,51.5,51.880001068115234,51.33000183105469,51.709999084472656,17327500,41.37997817993164
2014-03-04,52.189998626708984,52.720001220703125,52.119998931884766,52.459999084472656,12361000,41.98015213012695
2014-03-05,52.56999969482422,52.709999084472656,52.459999084472656,52.529998779296875,11014900,42.03616714477539
2014-03-06,52.790000915527344,52.95000076293945,52.66999816894531,52.83000183105469,9427300,42.276248931884766
2014-03-07,53.18000030517578,53.25,52.869998931884766,53,12752100,42.41230010986328
2014-03-10,52.849998474121094,52.91999816894531,52.439998626708984,52.77000045776367,8201100,42.22823715209961
2014-03-11,52.97999954223633,52.97999954223633,52.2599983215332,52.38999938964844,9575600,41.92415237426758
2014-03-12,52.08000183105469,52.29999923706055,51.900001525878906,52.290000915527344,12433300,41.84413146972656
2014-03-13,52.5,52.619998931884766,51.33000183105469,51.54999923706055,17725500,41.251949310302734
2014-03-14,51.470001220703125,51.7400016784668,51.27000045776367,51.349998474121094,17127600,41.09191131591797
2014-03-17,51.560001373291016,52.15999984741211,51.560001373291016,51.97999954223633,11471900,41.5960578918457
2014-03-18,52.06999969482422,52.380001068115234,52.060001373291016,52.2599983215332,7434300,41.82011413574219
2014-03-19,52.2599983215332,52.349998474121094,51.43000030517578,51.720001220703125,13222700,41.38798904418945
2014-03-20,51.720001220703125,51.91999816894531,51.47999954223633,51.869998931884766,11205800,41.508026123046875
2014-03-21,51.959999084472656,52.119998931884766,51.61000061035156,51.650001525878906,13683400,41.512054443359375
2014-03-24,51.88999938964844,51.93000030517578,51.189998626708984,51.47999954223633,14063100,41.375423431396484
2014-03-25,51.75,52.09000015258789,51.68000030517578,51.95000076293945,11722300,41.753173828125
2014-03-26,52.279998779296875,52.279998779296875,51.41999816894531,51.41999816894531,9906800,41.32719039916992
2014-03-27,51.41999816894531,51.5,51.02000045776367,51.349998474121094,9369500,41.27093505859375
2014-03-28,51.459999084472656,51.939998626708984,51.45000076293945,51.72999954223633,8982600,41.57634353637695
2014-03-31,52,52.41999816894531,52,52.33000183105469,7563100,42.058570861816406
2014-04-01,52.54999923706055,52.869998931884766,52.36000061035156,52.70000076293945,13773800,42.3559455871582
2014-04-02,52.7400016784668,53.11000061035156,52.720001220703125,53.06999969482422,12812900,42.6533317565918
2014-04-03,53.150001525878906,53.18000030517578,52.900001525878906,53.150001525878906,9268300,42.71762466430664
2014-04-04,53.400001525878906,53.4900016784668,52.40999984741211,52.540000915527344,14930600,42.22737121582031
2014-04-07,52.400001525878906,52.56999969482422,51.68000030517578,51.790000915527344,12402800,41.62458038330078
2014-04-08,51.709999084472656,51.970001220703125,51.459999084472656,51.790000915527344,9462400,41.62458038330078
2014-04-09,52.06999969482422,52.4900016784668,51.849998474121094,52.45000076293945,11329100,42.15502166748047
2014-04-10,52.369998931884766,52.56999969482422,51.40999984741211,51.40999984741211,11634000,41.31916046142578
2014-04-11,51.2599983215332,51.47999954223633,50.88999938964844,50.900001525878906,11243000,40.909271240234375
2014-04-14,51.2400016784668,51.470001220703125,50.779998779296875,51.189998626708984,6844900,41.1423454284668
2014-04-15,51.279998779296875,51.619998931884766,50.7400016784668,51.54999923706055,14535100,41.431671142578125
2014-04-16,51.709999084472656,52.349998474121094,51.709999084472656,52.34000015258789,9096000,42.066612243652344
2014-04-17,52.45000076293945,52.900001525878906,52.36000061035156,52.75,12903800,42.39614486694336
2014-04-21,52.84000015258789,52.95000076293945,52.56999969482422,52.900001525878906,9673300,42.51670455932617
2014-04-22,53.060001373291016,53.2400016784668,52.90999984741211,52.93000030517578,11155800,42.540802001953125
2014-04-23,52.95000076293945,53.2400016784668,52.90999984741211,53.130001068115234,8965000,42.70155715942383
2014-04-24,53.38999938964844,53.38999938964844,52.790000915527344,53.029998779296875,11864200,42.62117004394531
2014-04-25,52.790000915527344,52.95000076293945,52.380001068115234,52.5099983215332,6997500,42.20326232910156
2014-04-28,52.720001220703125,52.88999938964844,52.0099983215332,52.540000915527344,12105400,42.22737121582031
2014-04-29,52.70000076293945,52.7400016784668,52.310001373291016,52.68000030517578,9382800,42.33987808227539
2014-04-30,52.689998626708984,53.099998474121094,52.58000183105469,53.029998779296875,13299600,42.62117004394531
2014-05-01,52.97999954223633,53.15999984741211,52.709999084472656,52.900001525878906,10600400,42.51670455932617
2014-05-02,52.900001525878906,53.16999816894531,52.810001373291016,52.81999969482422,8701100,42.452396392822266
2014-05-05,52.66999816894531,53,52.400001525878906,52.93000030517578,5358600,42.540802001953125
2014-05-06,52.849998474121094,52.86000061035156,52.47999954223633,52.529998779296875,6032300,42.21931076049805
2014-05-07,52.599998474121094,53,52.380001068115234,52.97999954223633,7959000,42.58099365234375
2014-05-08,52.90999984741211,53.310001373291016,52.810001373291016,52.970001220703125,8034200,42.572959899902344
2014-05-09,52.880001068115234,53.040000915527344,52.650001525878906,53.0099983215332,5133400,42.6050910949707
2014-05-12,53.189998626708984,53.81999969482422,53.16999816894531,53.79999923706055,11275000,43.24003219604492
2014-05-13,53.880001068115234,54.06999969482422,53.79999923706055,53.88999938964844,8650500,43.312381744384766
2014-05-14,53.91999816894531,53.939998626708984,53.38999938964844,53.4900016784668,6946900,42.99089431762695
2014-05-15,53.2599983215332,53.36000061035156,52.66999816894531,53.02000045776367,13016200,42.613136291503906
2014-05-16,53.0099983215332,53.09000015258789,52.779998779296875,53.09000015258789,7490300,42.669403076171875
2014-05-19,52.970001220703125,53.34000015258789,52.849998474121094,53.29999923706055,4645800,42.83818817138672
2014-05-20,53.29999923706055,53.29999923706055,52.40999984741211,52.59000015258789,9782300,42.26754379272461
2014-05-21,52.7400016784668,53.130001068115234,52.7400016784668,53.11000061035156,7658900,42.685482025146484
2014-05-22,53.209999084472656,53.369998931884766,52.9900016784668,53.209999084472656,4482100,42.76584243774414
2014-05-23,53.290000915527344,53.58000183105469,53.209999084472656,53.54999923706055,3732400,43.03910827636719
2014-05-27,53.709999084472656,53.90999984741211,53.68000030517578,53.83000183105469,6702700,43.26415252685547
2014-05-28,53.939998626708984,54.09000015258789,53.849998474121094,53.869998931884766,10303800,43.29630661010742
2014-05-29,54,54.09000015258789,53.7599983215332,54.09000015258789,4218400,43.47311019897461
2014-05-30,54.04999923706055,54.119998931884766,53.880001068115234,54.04999923706055,6156200,43.440975189208984
2014-06-02,54.08000183105469,54.36000061035156,53.869998931884766,54.279998779296875,7070700,43.625831604003906
2014-06-03,54.13999938964844,54.31999969482422,54.0099983215332,54.220001220703125,4007000,43.577606201171875
2014-06-04,54.099998474121094,54.2599983215332,54.060001373291016,54.209999084472656,3792100,43.56956100463867
2014-06-05,54.31999969482422,54.84000015258789,54.2400016784668,54.7599983215332,5805600,44.0116081237793
2014-06-06,54.849998474121094,55.310001373291016,54.83000183105469,55.310001373291016,8384300,44.45365905761719
2014-06-09,55.290000915527344,55.81999969482422,55.220001220703125,55.59000015258789,11160300,44.6786994934082
2014-06-10,55.459999084472656,55.56999969482422,55.22999954223633,55.459999084472656,3846600,44.5742073059082
2014-06-11,55.279998779296875,55.279998779296875,54.95000076293945,55.04999923706055,5541500,44.244686126708984
2014-06-12,54.97999954223633,54.97999954223633,54.209999084472656,54.310001373291016,10181700,43.64993667602539
2014-06-13,54.349998474121094,54.63999938964844,54.27000045776367,54.5,6885600,43.80263900756836
2014-06-16,54.4900016784668,54.56999969482422,54.25,54.439998626708984,6861400,43.75442886352539
2014-06-17,54.40999984741211,54.689998626708984,54.25,54.59000015258789,9600600,43.8749885559082
2014-06-18,54.77000045776367,54.959999084472656,54.369998931884766,54.900001525878906,12209900,44.1241455078125
2014-06-19,54.95000076293945,55.060001373291016,54.75,55.040000915527344,7149000,44.23664474487305
2014-06-20,54.900001525878906,55.04999923706055,54.84000015258789,55.02000045776367,4304700,44.42235565185547
2014-06-23,55.15999984741211,55.15999984741211,54.599998474121094,54.70000076293945,5192400,44.16398620605469
2014-06-24,54.61000061035156,54.81999969482422,54.09000015258789,54.150001525878906,7429900,43.71992874145508
2014-06-25,53.9900016784668,54.310001373291016,53.970001220703125,54.20000076293945,6506400,43.76029586791992
2014-06-26,54.2599983215332,54.310001373291016,53.790000915527344,54.15999984741211,6845400,43.72798538208008
2014-06-27,53.97999954223633,54.47999954223633,53.779998779296875,54.290000915527344,8214600,43.83296203613281
2014-06-30,54.27000045776367,54.29999923706055,54.0099983215332,54.060001373291016,7963600,43.64726257324219
2014-07-01,54.119998931884766,54.59000015258789,54.119998931884766,54.38999938964844,8026200,43.913692474365234
2014-07-02,54.2400016784668,54.459999084472656,54.20000076293945,54.29999923706055,10068000,43.841041564941406
2014-07-03,54.529998779296875,54.810001373291016,54.52000045776367,54.75,8550300,44.2043571472168
2014-07-07,54.7400016784668,54.7400016784668,54.290000915527344,54.36000061035156,9334300,43.88948059082031
2014-07-08,54.279998779296875,54.290000915527344,53.84000015258789,53.9900016784668,8154200,43.590755462646484
2014-07-09,54.22999954223633,54.2599983215332,53.93000030517578,54.08000183105469,8600600,43.66340637207031
2014-07-10,53.470001220703125,53.97999954223633,53.40999984741211,53.7599983215332,10553800,43.4050407409668
2014-07-11,53.83000183105469,54.09000015258789,53.63999938964844,54.06999969482422,10186800,43.65534210205078
2014-07-14,54.380001068115234,54.560001373291016,54.27000045776367,54.380001068115234,9399900,43.9056282043457
2014-07-15,54.459999084472656,54.65999984741211,54.189998626708984,54.40999984741211,6921300,43.929840087890625
2014-07-16,54.56999969482422,54.720001220703125,54.40999984741211,54.63999938964844,5963700,44.11555480957031
2014-07-17,54.439998626708984,54.5,53.77000045776367,53.790000915527344,14896000,43.42926788330078
2014-07-18,53.97999954223633,54.290000915527344,53.91999816894531,54.2400016784668,6424400,43.79258728027344
2014-07-21,54.16999816894531,54.279998779296875,53.84000015258789,54.209999084472656,9365700,43.76837158203125
2014-07-22,54.459999084472656,54.540000915527344,54.31999969482422,54.40999984741211,5319300,43.929840087890625
2014-07-23,54.41999816894531,54.52000045776367,54.18000030517578,54.189998626708984,7924400,43.75222396850586
2014-07-24,54.2400016784668,54.25,53.86000061035156,53.93000030517578,10014600,43.54230499267578
2014-07-25,53.79999923706055,54.02000045776367,53.709999084472656,53.790000915527344,7514800,43.42926788330078
2014-07-28,53.779998779296875,53.79999923706055,53.2400016784668,53.52000045776367,13004100,43.211273193359375
2014-07-29,53.4900016784668,53.56999969482422,52.849998474121094,52.849998474121094,13456500,42.67032241821289
2014-07-30,53,53.119998931884766,52.56999969482422,52.900001525878906,14834700,42.7107048034668
2014-07-31,52.4900016784668,52.869998931884766,51.79999923706055,51.83000183105469,17185600,41.8467903137207
2014-08-01,51.70000076293945,52.09000015258789,51.40999984741211,51.779998779296875,15724600,41.80642318725586
2014-08-04,51.88999938964844,52.029998779296875,51.5099983215332,51.959999084472656,9212400,41.951744079589844
2014-08-05,51.689998626708984,52.20000076293945,51.5,51.650001525878906,13501500,41.70146942138672
2014-08-06,51.439998626708984,51.619998931884766,51.20000076293945,51.38999938964844,31000700,41.49153137207031
2014-08-07,51.66999816894531,51.86000061035156,51.34000015258789,51.439998626708984,14560100,41.53190994262695
2014-08-08,51.56999969482422,52.209999084472656,51.38999938964844,52.16999816894531,11882700,42.12130355834961
2014-08-11,52.400001525878906,52.68000030517578,52.20000076293945,52.380001068115234,7057100,42.290855407714844
2014-08-12,52.33000183105469,52.59000015258789,52.16999816894531,52.2599983215332,11550900,42.1939697265625
2014-08-13,52.459999084472656,52.79999923706055,52.459999084472656,52.77000045776367,7600500,42.60573196411133
2014-08-14,52.779998779296875,53.02000045776367,52.77000045776367,53,7470600,42.791439056396484
2014-08-15,53.220001220703125,53.279998779296875,52.5099983215332,52.88999938964844,11193000,42.70261764526367
2014-08-18,53.2400016784668,53.689998626708984,53.220001220703125,53.689998626708984,7944300,43.348533630371094
2014-08-19,53.79999923706055,53.900001525878906,53.72999954223633,53.81999969482422,6246500,43.4534912109375
2014-08-20,53.869998931884766,54.47999954223633,53.810001373291016,54.38999938964844,26415100,43.913692474365234
2014-08-21,54.45000076293945,54.5,54.189998626708984,54.34000015258789,9971800,43.87331771850586
2014-08-22,54.279998779296875,54.380001068115234,54.02000045776367,54.150001525878906,5621900,43.71992874145508
2014-08-25,54.400001525878906,54.47999954223633,54.27000045776367,54.36000061035156,3997800,43.88948059082031
2014-08-26,54.439998626708984,54.459999084472656,54.15999984741211,54.18000030517578,2874100,43.74414825439453
2014-08-27,54.29999923706055,54.31999969482422,54.040000915527344,54.150001525878906,3757600,43.71992874145508
2014-08-28,54.04999923706055,54.08000183105469,53.79999923706055,54.06999969482422,4227200,43.65534210205078
2014-08-29,54.099998474121094,54.15999984741211,53.810001373291016,54.02000045776367,5453300,43.61497116088867
2014-09-02,54.13999938964844,54.36000061035156,53.959999084472656,54.20000076293945,7153200,43.76029586791992
2014-09-03,54.31999969482422,54.38999938964844,54.029998779296875,54.130001068115234,5289400,43.70378112792969
2014-09-04,54.22999954223633,54.54999923706055,54.04999923706055,54.150001525878906,6924900,43.71992874145508
2014-09-05,54.099998474121094,54.34000015258789,53.869998931884766,54.33000183105469,9279800,43.86524963378906
2014-09-08,54.2400016784668,54.470001220703125,54.22999954223633,54.279998779296875,5321100,43.82489013671875
2014-09-09,54.349998474121094,54.369998931884766,54.02000045776367,54.11000061035156,5796600,43.68763732910156
2014-09-10,54.08000183105469,54.220001220703125,53.86000061035156,54.150001525878906,5445100,43.71992874145508
2014-09-11,53.90999984741211,54.22999954223633,53.90999984741211,54.16999816894531,5783900,43.73606872558594
2014-09-12,54.060001373291016,54.150001525878906,53.84000015258789,53.9900016784668,9045800,43.590755462646484
2014-09-15,53.91999816894531,54.04999923706055,53.709999084472656,53.970001220703125,7027300,43.57460403442383
2014-09-16,53.90999984741211,54.34000015258789,53.709999084472656,54.27000045776367,7319400,43.816802978515625
2014-09-17,54.36000061035156,54.75,54.22999954223633,54.47999954223633,9715900,43.986358642578125
2014-09-18,54.61000061035156,54.81999969482422,54.58000183105469,54.7400016784668,8057200,44.1962890625
2014-09-19,54.79999923706055,54.83000183105469,54.349998474121094,54.43000030517578,9271200,44.153297424316406
2014-09-22,54.33000183105469,54.36000061035156,53.7599983215332,53.81999969482422,10709000,43.6584587097168
2014-09-23,53.619998931884766,53.7400016784668,53.36000061035156,53.380001068115234,8630000,43.301536560058594
2014-09-24,53.40999984741211,53.720001220703125,53.189998626708984,53.65999984741211,8569800,43.52865982055664
2014-09-25,53.470001220703125,53.5099983215332,52.810001373291016,52.81999969482422,10761400,42.84726333618164
2014-09-26,52.970001220703125,53.439998626708984,52.83000183105469,53.310001373291016,5839000,43.244747161865234
2014-09-29,52.81999969482422,53.31999969482422,52.75,53.22999954223633,7661600,43.17986297607422
2014-09-30,53.29999923706055,53.540000915527344,53.060001373291016,53.150001525878906,12380000,43.114959716796875
2014-10-01,52.97999954223633,52.97999954223633,52.029998779296875,52.150001525878906,20308400,42.30376052856445
2014-10-02,52.130001068115234,52.31999969482422,51.619998931884766,52.09000015258789,13007000,42.25510787963867
2014-10-03,52.47999954223633,52.88999938964844,52.400001525878906,52.79999923706055,14246700,42.83104705810547
2014-10-06,53.099998474121094,53.189998626708984,52.4900016784668,52.63999938964844,12069800,42.701263427734375
2014-10-07,52.2400016784668,52.349998474121094,51.36000061035156,51.36000061035156,19321900,41.662925720214844
2014-10-08,51.380001068115234,52.33000183105469,51.0099983215332,52.279998779296875,23937700,42.40921401977539
2014-10-09,52.16999816894531,52.2599983215332,50.97999954223633,51.06999969482422,23240000,41.42768096923828
2014-10-10,51.06999969482422,51.16999816894531,50.310001373291016,50.31999969482422,20032100,40.81930160522461
2014-10-13,50.459999084472656,50.93000030517578,49.5,49.540000915527344,24625300,40.18656921386719
2014-10-14,49.93000030517578,50.849998474121094,49.81999969482422,50.22999954223633,22094900,40.746280670166016
2014-10-15,49.45000076293945,50.349998474121094,48.83000183105469,50.11000061035156,28271700,40.64892578125
2014-10-16,49.279998779296875,50.90999984741211,49.150001525878906,50.47999954223633,43949200,40.94907760620117
2014-10-17,51.459999084472656,51.79999923706055,51.220001220703125,51.47999954223633,24733100,41.760276794433594
2014-10-20,51.369998931884766,51.63999938964844,51.209999084472656,51.630001068115234,17450100,41.8819465637207
2014-10-21,51.97999954223633,52.84000015258789,51.959999084472656,52.779998779296875,12829700,42.8148307800293
2014-10-22,52.9900016784668,52.9900016784668,52.040000915527344,52.09000015258789,16417700,42.25510787963867
2014-10-23,52.81999969482422,53.599998474121094,52.75,53.2400016784668,23317200,43.187965393066406
2014-10-24,53.54999923706055,53.7400016784668,53.09000015258789,53.709999084472656,8938000,43.5692253112793
2014-10-27,53.58000183105469,53.7400016784668,53.22999954223633,53.689998626708984,9692900,43.55300521850586
2014-10-28,54.0099983215332,54.689998626708984,54.0099983215332,54.63999938964844,10066800,44.323638916015625
2014-10-29,54.83000183105469,54.83000183105469,54.040000915527344,54.45000076293945,12580600,44.16950607299805
2014-10-30,54.220001220703125,54.869998931884766,53.9900016784668,54.66999816894531,10528600,44.34796905517578
2014-10-31,55.529998779296875,55.529998779296875,55.04999923706055,55.209999084472656,10174400,44.7860221862793
2014-11-03,55.290000915527344,55.34000015258789,54.900001525878906,55.13999938964844,11111400,44.72922134399414
2014-11-04,55.06999969482422,55.36000061035156,54.91999816894531,55.11000061035156,6232600,44.704917907714844
2014-11-05,55.59000015258789,55.59000015258789,55.13999938964844,55.45000076293945,8110600,44.98070526123047
2014-11-06,55.54999923706055,56.099998474121094,55.470001220703125,56.029998779296875,5731600,45.45119857788086
2014-11-07,56.04999923706055,56.150001525878906,55.849998474121094,56.11000061035156,8241600,45.51608657836914
2014-11-10,56.15999984741211,56.41999816894531,56.09000015258789,56.38999938964844,6131300,45.743221282958984
2014-11-11,56.470001220703125,56.540000915527344,56.16999816894531,56.31999969482422,9905400,45.68644332885742
2014-11-12,56.08000183105469,56.4900016784668,56.08000183105469,56.400001525878906,7108400,45.751346588134766
2014-11-13,56.400001525878906,56.619998931884766,56.06999969482422,56.2400016784668,6437000,45.621551513671875
2014-11-14,56.20000076293945,56.439998626708984,56.130001068115234,56.310001373291016,5554500,45.67835235595703
2014-11-17,56.150001525878906,56.369998931884766,56.060001373291016,56.22999954223633,4271100,45.613433837890625
2014-11-18,56.20000076293945,56.790000915527344,56.20000076293945,56.650001525878906,8658600,45.95414733886719
2014-11-19,56.619998931884766,56.63999938964844,56.27000045776367,56.47999954223633,5200400,45.816226959228516
2014-11-20,56.310001373291016,56.70000076293945,56.119998931884766,56.630001068115234,7383100,45.93791580200195
2014-11-21,57.290000915527344,57.34000015258789,57.04999923706055,57.18000030517578,7509600,46.38408660888672
2014-11-24,57.34000015258789,57.529998779296875,57.20000076293945,57.33000183105469,6706900,46.505760192871094
2014-11-25,57.470001220703125,57.619998931884766,57.290000915527344,57.5,8276900,46.643653869628906
2014-11-26,57.529998779296875,57.540000915527344,57.279998779296875,57.38999938964844,5373800,46.55442810058594
2014-11-28,57.540000915527344,57.54999923706055,56.83000183105469,56.90999984741211,5866000,46.165061950683594
2014-12-01,56.72999954223633,56.72999954223633,56.040000915527344,56.18000030517578,16636300,45.572879791259766
2014-12-02,56.400001525878906,56.720001220703125,56.16999816894531,56.65999984741211,6621000,45.96225357055664
2014-12-03,56.70000076293945,57.5,56.70000076293945,57.41999816894531,11434700,46.57875061035156
2014-12-04,57.36000061035156,57.380001068115234,56.880001068115234,57.130001068115234,6474500,46.343509674072266
2014-12-05,57.220001220703125,57.47999954223633,57.09000015258789,57.2599983215332,7454600,46.448951721191406
2014-12-08,57.16999816894531,57.2599983215332,56.45000076293945,56.630001068115234,8838300,45.93791580200195
2014-12-09,56,56.709999084472656,55.84000015258789,56.63999938964844,10282200,45.94603729248047
2014-12-10,56.47999954223633,56.59000015258789,55.5,55.560001373291016,12942200,45.0699348449707
2014-12-11,55.470001220703125,56.29999923706055,55.38999938964844,55.83000183105469,11749900,45.28895568847656
2014-12-12,55.369998931884766,55.61000061035156,54.790000915527344,54.81999969482422,13168800,44.46964645385742
2014-12-15,55.279998779296875,55.310001373291016,54.349998474121094,54.63999938964844,16225600,44.323638916015625
2014-12-16,54.54999923706055,55.77000045776367,54.5099983215332,54.689998626708984,15504600,44.36419677734375
2014-12-17,54.529998779296875,55.34000015258789,54.13999938964844,55.20000076293945,21899700,44.777915954589844
2014-12-18,56.25,56.630001068115234,55.77000045776367,56.59000015258789,14040400,45.905452728271484
2014-12-19,56.45000076293945,56.810001373291016,56.310001373291016,56.59000015258789,12359000,46.163230895996094
2014-12-22,56.79999923706055,57.150001525878906,56.720001220703125,57.130001068115234,6987900,46.60375213623047
2014-12-23,57.41999816894531,57.56999969482422,57.2400016784668,57.34000015258789,5552900,46.775062561035156
2014-12-24,57.470001220703125,57.560001373291016,57.349998474121094,57.400001525878906,1958200,46.82400131225586
2014-12-26,57.599998474121094,57.599998474121094,57.400001525878906,57.400001525878906,5733900,46.82400131225586
2014-12-29,57.33000183105469,57.540000915527344,56.90999984741211,57.4900016784668,3566200,46.897430419921875
2014-12-30,57.72999954223633,57.72999954223633,57.06999969482422,57.150001525878906,3602800,46.620059967041016
2014-12-31,57.380001068115234,57.380001068115234,56.54999923706055,56.58000183105469,5572900,46.155094146728516
2015-01-02,56.86000061035156,56.939998626708984,56.02000045776367,56.5099983215332,10982800,46.097965240478516
2015-01-05,56.040000915527344,56.2599983215332,55.06999969482422,55.189998626708984,15144700,45.02119064331055
2015-01-06,55.25,55.310001373291016,54.15999984741211,54.5099983215332,19209800,44.466487884521484
2015-01-07,55.02000045776367,55.15999984741211,54.650001525878906,54.91999816894531,11770300,44.800933837890625
2015-01-08,55.40999984741211,56.04999923706055,55.290000915527344,56.02000045776367,11419800,45.698272705078125
2015-01-09,56.09000015258789,56.150001525878906,55.33000183105469,55.41999816894531,10168200,45.20880889892578
2015-01-12,55.459999084472656,55.5099983215332,54.790000915527344,55.040000915527344,11229500,44.898834228515625
2015-01-13,55.5,55.93000030517578,54.40999984741211,54.93000030517578,17530900,44.80910873413086
2015-01-14,54.2599983215332,54.709999084472656,53.97999954223633,54.630001068115234,19597500,44.56438064575195
2015-01-15,54.849998474121094,55.04999923706055,54.33000183105469,54.369998931884766,15614500,44.35227966308594
2015-01-16,54.15999984741211,54.77000045776367,53.88999938964844,54.72999954223633,16371500,44.645938873291016
2015-01-20,55.099998474121094,55.2400016784668,54.529998779296875,55.119998931884766,11072100,44.96408462524414
2015-01-21,54.959999084472656,55.689998626708984,54.91999816894531,55.56999969482422,8943500,45.331180572509766
2015-01-22,55.84000015258789,56.58000183105469,55.59000015258789,56.459999084472656,10950900,46.057193756103516
2015-01-23,56.060001373291016,56.38999938964844,55.939998626708984,55.9900016784668,10148500,45.67379379272461
2015-01-26,55.880001068115234,56.15999984741211,55.599998474121094,56.060001373291016,6037000,45.73090362548828
2015-01-27,55.0099983215332,55.63999938964844,54.869998931884766,55.31999969482422,12118500,45.12725830078125
2015-01-28,55.75,55.810001373291016,54.77000045776367,54.84000015258789,14674000,44.735687255859375
2015-01-29,54.900001525878906,55.56999969482422,54.529998779296875,55.470001220703125,14215100,45.249603271484375
2015-01-30,54.86000061035156,55.2400016784668,54.52000045776367,54.56999969482422,14650000,44.51543045043945
2015-02-02,54.709999084472656,55.439998626708984,54.209999084472656,55.380001068115234,19465900,45.176177978515625
2015-02-03,55.75,56.31999969482422,55.65999984741211,56.279998779296875,18896200,45.91035461425781
2015-02-04,56.11000061035156,56.209999084472656,55.68000030517578,55.849998474121094,10600100,45.55958938598633
2015-02-05,56.029998779296875,56.400001525878906,55.880001068115234,56.33000183105469,9193900,45.951148986816406
2015-02-06,56.380001068115234,56.68000030517578,56.06999969482422,56.20000076293945,6192200,45.845096588134766
2015-02-09,55.88999938964844,56.310001373291016,55.880001068115234,56.04999923706055,7112100,45.722740173339844
2015-02-10,56.349998474121094,56.459999084472656,55.88999938964844,56.36000061035156,9000400,45.97562026977539
2015-02-11,56.25,56.59000015258789,56.13999938964844,56.380001068115234,7058100,45.991943359375
2015-02-12,56.56999969482422,56.959999084472656,56.5099983215332,56.90999984741211,6249100,46.42428970336914
2015-02-13,57,57.279998779296875,56.86000061035156,57.16999816894531,5922400,46.636375427246094
2015-02-17,57.040000915527344,57.36000061035156,56.97999954223633,57.25,4174400,46.70164489746094
2015-02-18,57.29999923706055,57.61000061035156,57.20000076293945,57.56999969482422,5806400,46.96268844604492
2015-02-19,57.38999938964844,57.810001373291016,57.38999938964844,57.66999816894531,5458000,47.04424285888672
2015-02-20,57.560001373291016,58.220001220703125,57.220001220703125,58.15999984741211,8557400,47.44397735595703
2015-02-23,58.099998474121094,58.11000061035156,57.810001373291016,57.90999984741211,6238300,47.24004364013672
2015-02-24,57.900001525878906,58.20000076293945,57.77000045776367,58.13999938964844,4989300,47.427650451660156
2015-02-25,58.09000015258789,58.22999954223633,57.939998626708984,58.02000045776367,4574100,47.32976150512695
2015-02-26,57.970001220703125,58.06999969482422,57.630001068115234,57.7599983215332,6443100,47.117652893066406
2015-02-27,57.709999084472656,57.84000015258789,57.4900016784668,57.4900016784668,7201500,46.897430419921875
2015-03-02,57.619998931884766,58.029998779296875,57.4900016784668,58.02000045776367,8560200,47.32976150512695
2015-03-03,57.88999938964844,57.88999938964844,57.41999816894531,57.650001525878906,7716000,47.027950286865234
2015-03-04,57.38999938964844,57.459999084472656,56.939998626708984,57.20000076293945,6262400,46.66085433959961
2015-03-05,57.2400016784668,57.29999923706055,57.029998779296875,57.2400016784668,4991000,46.693477630615234
2015-03-06,56.619998931884766,57.06999969482422,56.38999938964844,56.459999084472656,8247200,46.057193756103516
2015-03-09,56.459999084472656,57.09000015258789,56.459999084472656,56.9900016784668,6107000,46.489540100097656
2015-03-10,56.59000015258789,56.59000015258789,55.939998626708984,55.939998626708984,10087800,45.63300323486328
2015-03-11,56.060001373291016,56.15999984741211,55.84000015258789,55.880001068115234,9394700,45.58406066894531
2015-03-12,55.9900016784668,56.650001525878906,55.97999954223633,56.599998474121094,8721200,46.17140579223633
2015-03-13,56.5,56.54999923706055,55.75,56.08000183105469,11110500,45.74722671508789
2015-03-16,56.310001373291016,57.040000915527344,56.310001373291016,57.0099983215332,11142300,46.505855560302734
2015-03-17,56.709999084472656,56.939998626708984,56.58000183105469,56.779998779296875,8362100,46.318241119384766
2015-03-18,56.529998779296875,57.630001068115234,56.25,57.45000076293945,20049500,46.86478805541992
2015-03-19,57.33000183105469,57.349998474121094,56.849998474121094,57.060001373291016,10568600,46.54664611816406
2015-03-20,57.060001373291016,57.310001373291016,56.95000076293945,57.119998931884766,10878000,46.8097038269043
2015-03-23,57.220001220703125,57.220001220703125,56.63999938964844,56.63999938964844,7219200,46.41634750366211
2015-03-24,56.52000045776367,56.7599983215332,56.349998474121094,56.45000076293945,12607400,46.26064682006836
2015-03-25,56.599998474121094,56.599998474121094,55.4900016784668,55.4900016784668,9037300,45.473941802978516
2015-03-26,55.220001220703125,55.540000915527344,54.95000076293945,55.34000015258789,10124000,45.35099792480469
2015-03-27,55.25,55.630001068115234,55.20000076293945,55.54999923706055,4969400,45.523094177246094
2015-03-30,55.79999923706055,56.4900016784668,55.709999084472656,56.33000183105469,5838000,46.162296295166016
2015-03-31,55.900001525878906,56.900001525878906,55.7400016784668,55.77000045776367,6532200,45.70338439941406
2015-04-01,55.63999938964844,55.63999938964844,55.06999969482422,55.400001525878906,8788900,45.40016555786133
2015-04-02,55.2599983215332,55.7599983215332,55.25,55.43000030517578,6565700,45.42475891113281
2015-04-06,55.029998779296875,56.060001373291016,55.02000045776367,55.849998474121094,8204900,45.76894760131836
2015-04-07,55.880001068115234,56.13999938964844,55.720001220703125,55.720001220703125,5257200,45.66241455078125
2015-04-08,55.70000076293945,55.97999954223633,55.59000015258789,55.90999984741211,6526800,45.81812286376953
2015-04-09,55.70000076293945,56.279998779296875,55.63999938964844,56.18000030517578,8191200,46.03938674926758
2015-04-10,56.630001068115234,57.060001373291016,56.529998779296875,56.970001220703125,9486400,46.686790466308594
2015-04-13,56.810001373291016,56.9900016784668,56.400001525878906,56.43000030517578,6388700,46.24424743652344
2015-04-14,56.209999084472656,56.540000915527344,55.900001525878906,56.5,5845700,46.30160903930664
2015-04-15,56.52000045776367,56.83000183105469,56.52000045776367,56.599998474121094,7345400,46.38355255126953
2015-04-16,56.27000045776367,56.66999816894531,56.27000045776367,56.47999954223633,7164600,46.28522872924805
2015-04-17,56.209999084472656,56.209999084472656,55.599998474121094,55.79999923706055,11304100,45.727970123291016
2015-04-20,56,56.58000183105469,56,56.45000076293945,6734900,46.26064682006836
2015-04-21,56.540000915527344,56.720001220703125,56.13999938964844,56.380001068115234,8007700,46.203285217285156
2015-04-22,56.41999816894531,56.68000030517578,56.02000045776367,56.619998931884766,13779300,46.39994812011719
2015-04-23,56.33000183105469,56.79999923706055,56.310001373291016,56.560001373291016,7345200,46.350772857666016
2015-04-24,56.52000045776367,56.58000183105469,56.16999816894531,56.31999969482422,5148300,46.15410614013672
2015-04-27,56.400001525878906,56.540000915527344,56.22999954223633,56.29999923706055,8308600,46.137718200683594
2015-04-28,56.150001525878906,56.41999816894531,55.790000915527344,56.400001525878906,8348800,46.21967315673828
2015-04-29,56.630001068115234,56.630001068115234,55.790000915527344,56.119998931884766,9978700,45.990211486816406
2015-04-30,55.86000061035156,56.11000061035156,55.439998626708984,55.630001068115234,12970700,45.58864974975586
2015-05-01,55.88999938964844,56.36000061035156,55.810001373291016,56.33000183105469,11017900,46.162296295166016
2015-05-04,56.349998474121094,56.7400016784668,56.349998474121094,56.41999816894531,6096300,46.23604965209961
2015-05-05,56.22999954223633,56.52000045776367,55.599998474121094,55.65999984741211,10026900,45.61323165893555
2015-05-06,55.91999816894531,55.97999954223633,55.31999969482422,55.630001068115234,8247700,45.58864974975586
2015-05-07,55.459999084472656,56.04999923706055,55.459999084472656,55.91999816894531,10668300,45.82630157470703
2015-05-08,56.52000045776367,56.7400016784668,56.36000061035156,56.58000183105469,7025100,46.367183685302734
2015-05-11,56.560001373291016,56.77000045776367,56.47999954223633,56.529998779296875,5169800,46.32619857788086
2015-05-12,56.36000061035156,56.65999984741211,56.099998474121094,56.470001220703125,7542400,46.27702713012695
2015-05-13,56.68000030517578,56.970001220703125,56.5099983215332,56.59000015258789,7704300,46.375362396240234
2015-05-14,56.84000015258789,57.220001220703125,56.790000915527344,57.15999984741211,8698400,46.842472076416016
2015-05-15,57.13999938964844,57.27000045776367,56.939998626708984,57.11000061035156,6266300,46.801509857177734
2015-05-18,57.2599983215332,57.290000915527344,56.97999954223633,57.220001220703125,6643800,46.891666412353516
2015-05-19,57.0099983215332,57.290000915527344,56.97999954223633,57.060001373291016,6186900,46.76054000854492
2015-05-20,57.099998474121094,57.130001068115234,56.7599983215332,56.849998474121094,7064400,46.58845138549805
2015-05-21,56.779998779296875,57.279998779296875,56.779998779296875,57.15999984741211,6276700,46.842472076416016
2015-05-22,57.130001068115234,57.189998626708984,56.880001068115234,56.900001525878906,5835300,46.629425048828125
2015-05-26,56.810001373291016,56.810001373291016,56.13999938964844,56.279998779296875,7889900,46.1213264465332
2015-05-27,56.470001220703125,56.709999084472656,56.290000915527344,56.63999938964844,5498900,46.41634750366211
2015-05-28,56.5,56.540000915527344,56.15999984741211,56.369998931884766,5775300,46.19508743286133
2015-05-29,56.31999969482422,56.34000015258789,55.70000076293945,55.810001373291016,11799000,45.73616409301758
2015-06-01,55.9900016784668,56.25,55.66999816894531,56.060001373291016,8712900,45.94104766845703
2015-06-02,55.869998931884766,56.40999984741211,55.72999954223633,56.16999816894531,6126800,46.03118133544922
2015-06-03,56.310001373291016,56.63999938964844,56.130001068115234,56.45000076293945,7917000,46.26064682006836
2015-06-04,56.15999984741211,56.33000183105469,55.72999954223633,55.81999969482422,10183400,45.744354248046875
2015-06-05,55.709999084472656,55.93000030517578,55.5,55.86000061035156,9071800,45.777130126953125
2015-06-08,55.77000045776367,55.86000061035156,55.439998626708984,55.45000076293945,6920500,45.44114685058594
2015-06-09,55.38999938964844,55.68000030517578,55.29999923706055,55.439998626708984,5631700,45.43294906616211
2015-06-10,55.63999938964844,56.13999938964844,55.58000183105469,55.9900016784668,7293500,45.883670806884766
2015-06-11,56.13999938964844,56.34000015258789,56.04999923706055,56.310001373291016,5256700,46.14592361450195
2015-06-12,56.0099983215332,56.16999816894531,55.83000183105469,55.97999954223633,7799300,45.875484466552734
2015-06-15,55.560001373291016,55.72999954223633,55.25,55.5099983215332,8872400,45.490318298339844
2015-06-16,55.439998626708984,55.650001525878906,55.33000183105469,55.560001373291016,7514400,45.531280517578125
2015-06-17,55.59000015258789,55.83000183105469,55.2599983215332,55.709999084472656,10321000,45.65422058105469
2015-06-18,55.58000183105469,56.470001220703125,55.58000183105469,56.27000045776367,9470300,46.11314392089844
2015-06-19,55.880001068115234,56.09000015258789,55.720001220703125,55.720001220703125,8899800,45.889129638671875
2015-06-22,56.029998779296875,56.20000076293945,55.939998626708984,56.060001373291016,4913300,46.16914749145508
2015-06-23,56.13999938964844,56.16999816894531,55.84000015258789,55.91999816894531,3837400,46.053829193115234
2015-06-24,55.79999923706055,55.88999938964844,55.38999938964844,55.400001525878906,5976600,45.62556838989258
2015-06-25,55.349998474121094,55.56999969482422,54.970001220703125,54.970001220703125,8323300,45.27145004272461
2015-06-26,55.130001068115234,55.2400016784668,54.95000076293945,55.06999969482422,6424800,45.35380935668945
2015-06-29,54.630001068115234,54.84000015258789,54,54.029998779296875,13132800,44.49729919433594
2015-06-30,54.56999969482422,54.56999969482422,53.970001220703125,54.060001373291016,12494900,44.522003173828125
2015-07-01,54.599998474121094,54.70000076293945,54.060001373291016,54.33000183105469,10981600,44.74436569213867
2015-07-02,54.47999954223633,54.52000045776367,54.130001068115234,54.22999954223633,10477800,44.66201400756836
2015-07-06,53.86000061035156,54.380001068115234,53.77000045776367,54.02000045776367,10782500,44.489070892333984
2015-07-07,53.939998626708984,54.4900016784668,53.45000076293945,54.459999084472656,16636000,44.85142517089844
2015-07-08,53.91999816894531,54.08000183105469,53.349998474121094,53.47999954223633,12608900,44.04433822631836
2015-07-09,54.0099983215332,54.2599983215332,53.61000061035156,53.61000061035156,8918200,44.151390075683594
2015-07-10,54.13999938964844,54.369998931884766,53.959999084472656,54.16999816894531,8348000,44.61257553100586
2015-07-13,54.529998779296875,54.79999923706055,54.529998779296875,54.77000045776367,6754600,45.10673522949219
2015-07-14,54.709999084472656,55.0099983215332,54.61000061035156,54.91999816894531,9130400,45.23027420043945
2015-07-15,54.93000030517578,54.939998626708984,54.58000183105469,54.689998626708984,7249200,45.04085159301758
2015-07-16,55,55.11000061035156,54.84000015258789,54.939998626708984,8273000,45.246742248535156
2015-07-17,55.029998779296875,55.150001525878906,54.779998779296875,54.91999816894531,5506000,45.23027420043945
2015-07-20,54.91999816894531,55.04999923706055,54.84000015258789,54.93000030517578,5163100,45.23850631713867
2015-07-21,54.52000045776367,54.709999084472656,54.279998779296875,54.34000015258789,7287400,44.752593994140625
2015-07-22,54.25,54.52000045776367,53.959999084472656,54.099998474121094,7549200,44.55495071411133
2015-07-23,53.90999984741211,54.20000076293945,53.470001220703125,53.599998474121094,11548000,44.143157958984375
2015-07-24,53.58000183105469,53.619998931884766,52.810001373291016,52.900001525878906,10889100,43.56667709350586
2015-07-27,52.540000915527344,52.79999923706055,52.459999084472656,52.63999938964844,11680700,43.3525390625
2015-07-28,52.84000015258789,53.7400016784668,52.84000015258789,53.65999984741211,15470300,44.192562103271484
2015-07-29,53.560001373291016,54.36000061035156,53.529998779296875,54.31999969482422,13128800,44.73613739013672
2015-07-30,54.029998779296875,54.31999969482422,53.970001220703125,54.27000045776367,5884500,44.694942474365234
2015-07-31,54.4900016784668,54.5,54.15999984741211,54.220001220703125,7504200,44.65378952026367
2015-08-03,54.119998931884766,54.22999954223633,53.689998626708984,53.959999084472656,14268400,44.439632415771484
2015-08-04,53.93000030517578,54.2599983215332,53.79999923706055,53.93000030517578,8623700,44.41493225097656
2015-08-05,54.209999084472656,54.58000183105469,54.150001525878906,54.22999954223633,8099700,44.66201400756836
2015-08-06,54.2400016784668,54.31999969482422,53.84000015258789,53.95000076293945,5672500,44.4314079284668
2015-08-07,53.84000015258789,53.95000076293945,53.529998779296875,53.689998626708984,8335200,44.21728515625
2015-08-10,54.13999938964844,54.77000045776367,54.09000015258789,54.7400016784668,9164600,45.08203125
2015-08-11,54.08000183105469,54.31999969482422,53.86000061035156,54.06999969482422,10203200,44.530250549316406
2015-08-12,53.61000061035156,54.18000030517578,53.2400016784668,54.08000183105469,8130500,44.53847885131836
2015-08-13,54.11000061035156,54.220001220703125,53.81999969482422,54.040000915527344,4747200,44.50552749633789
2015-08-14,53.97999954223633,54.40999984741211,53.959999084472656,54.380001068115234,6666200,44.78553771972656
2015-08-17,54.119998931884766,54.650001525878906,53.869998931884766,54.650001525878906,5611000,45.00790786743164
2015-08-18,54.349998474121094,54.63999938964844,54.349998474121094,54.54999923706055,3845000,44.92554473876953
2015-08-19,54.380001068115234,54.52000045776367,53.849998474121094,54.040000915527344,9147300,44.50552749633789
2015-08-20,53.58000183105469,53.709999084472656,52.90999984741211,52.91999816894531,18301100,43.583133697509766
2015-08-21,52.33000183105469,52.56999969482422,51.459999084472656,51.459999084472656,27372900,42.380733489990234
2015-08-24,47.90999984741211,51.060001373291016,47.599998474121094,49.630001068115234,66306700,40.87359619140625
2015-08-25,50.619998931884766,51.4900016784668,48.95000076293945,48.97999954223633,25681300,40.33827209472656
2015-08-26,49.95000076293945,50.56999969482422,49.150001525878906,50.5099983215332,26147400,41.59834289550781
2015-08-27,50.97999954223633,51.77000045776367,50.470001220703125,51.72999954223633,21356600,42.60309600830078
2015-08-28,51.540000915527344,51.81999969482422,51.2599983215332,51.75,7899900,42.619564056396484
2015-08-31,51.38999938964844,51.72999954223633,51.11000061035156,51.290000915527344,13446800,42.24072265625
2015-09-01,50.209999084472656,50.779998779296875,49.68000030517578,49.93000030517578,14607000,41.120670318603516
2015-09-02,50.689998626708984,51.04999923706055,50.209999084472656,51.040000915527344,18173200,42.034828186035156
2015-09-03,51.15999984741211,51.58000183105469,50.93000030517578,51.06999969482422,10907300,42.05954360961914
2015-09-04,50.65999984741211,50.65999984741211,50.18000030517578,50.36000061035156,10212500,41.474815368652344
2015-09-08,51.119998931884766,51.779998779296875,51.02000045776367,51.75,8437800,42.619564056396484
2015-09-09,52.189998626708984,53.04999923706055,51.119998931884766,51.20000076293945,8866200,42.16659927368164
2015-09-10,51.04999923706055,51.59000015258789,50.9900016784668,51.22999954223633,9707000,42.19131088256836
2015-09-11,51.18000030517578,51.5099983215332,50.9900016784668,51.5099983215332,6120100,42.421913146972656
2015-09-14,51.61000061035156,51.61000061035156,51.13999938964844,51.25,8436900,42.20777130126953
2015-09-15,51.459999084472656,52.2400016784668,51.349998474121094,52.13999938964844,7747100,42.94075012207031
2015-09-16,52.16999816894531,52.619998931884766,52.060001373291016,52.52000045776367,19320900,43.25371170043945
2015-09-17,52.45000076293945,53.119998931884766,52.15999984741211,52.290000915527344,18977400,43.06427764892578
2015-09-18,51.209999084472656,51.470001220703125,50.77000045776367,50.86000061035156,20172500,42.11289596557617
2015-09-21,51.13999938964844,51.45000076293945,50.869998931884766,51.11000061035156,10205200,42.31991195678711
2015-09-22,50.38999938964844,50.54999923706055,50.040000915527344,50.369998931884766,12687100,41.70716857910156
2015-09-23,50.380001068115234,50.4900016784668,49.84000015258789,50.02000045776367,7970900,41.4173698425293
2015-09-24,49.43000030517578,49.83000183105469,49.040000915527344,49.709999084472656,13891600,41.16067123413086
2015-09-25,50.220001220703125,50.220001220703125,49.599998474121094,49.810001373291016,10210300,41.24348831176758
2015-09-28,49.529998779296875,49.59000015258789,48.83000183105469,48.83000183105469,14443700,40.432029724121094
2015-09-29,49.09000015258789,49.33000183105469,48.810001373291016,49.150001525878906,15337800,40.69697952270508
2015-09-30,49.54999923706055,49.95000076293945,49.27000045776367,49.88999938964844,17662400,41.30972671508789
2015-10-01,49.81999969482422,50.130001068115234,49.310001373291016,49.779998779296875,10529700,41.21863555908203
2015-10-02,49.119998931884766,50.40999984741211,48.9900016784668,50.40999984741211,12274600,41.74028396606445
2015-10-05,51.150001525878906,51.959999084472656,50.709999084472656,51.84000015258789,10410500,42.924354553222656
2015-10-06,51.75,52.11000061035156,51.720001220703125,51.790000915527344,11798600,42.88294982910156
2015-10-07,52.060001373291016,52.709999084472656,51.959999084472656,52.470001220703125,15540400,43.44599914550781
2015-10-08,52.20000076293945,53.36000061035156,52.18000030517578,53.20000076293945,21823100,44.05046081542969
2015-10-09,53.7599983215332,53.7599983215332,53.209999084472656,53.380001068115234,33291000,44.199501037597656
2015-10-12,53.34000015258789,53.439998626708984,53.119998931884766,53.38999938964844,9030800,44.20777893066406
2015-10-13,53,53.310001373291016,52.79999923706055,52.81999969482422,10302500,43.735816955566406
2015-10-14,52.650001525878906,52.91999816894531,52.16999816894531,52.25,11827900,43.26384735107422
2015-10-15,52.630001068115234,52.849998474121094,52.20000076293945,52.81999969482422,13924800,43.735816955566406
2015-10-16,53,53,52.31999969482422,52.54999923706055,13954700,43.512237548828125
2015-10-19,52.349998474121094,52.68000030517578,52.27000045776367,52.619998931884766,8112300,43.57020950317383
2015-10-20,52.439998626708984,53.13999938964844,52.34000015258789,52.970001220703125,11314700,43.86000442504883
2015-10-21,53.029998779296875,53.58000183105469,52.90999984741211,52.97999954223633,16097800,43.86829376220703
2015-10-22,53.189998626708984,54.66999816894531,53.11000061035156,54.459999084472656,20908800,45.093753814697266
2015-10-23,54.779998779296875,54.86000061035156,54.310001373291016,54.65999984741211,13400900,45.25934982299805
2015-10-26,54.540000915527344,54.81999969482422,54.41999816894531,54.540000915527344,11294900,45.16000747680664
2015-10-27,54.09000015258789,54.20000076293945,53.83000183105469,53.939998626708984,14483600,44.66318893432617
2015-10-28,54.13999938964844,54.400001525878906,53.709999084472656,54.369998931884766,13933200,45.01925277709961
2015-10-29,54.04999923706055,54.41999816894531,54.029998779296875,54.34000015258789,13466100,44.994388580322266
2015-10-30,54.36000061035156,54.560001373291016,54.25,54.27000045776367,14763600,44.936424255371094
2015-11-02,54.279998779296875,55.0099983215332,54.279998779296875,54.900001525878906,15329000,45.45808029174805
2015-11-03,54.849998474121094,55.09000015258789,54.72999954223633,54.939998626708984,7486400,45.49120330810547
2015-11-04,54.90999984741211,55.099998474121094,54.68000030517578,54.790000915527344,9670900,45.36701202392578
2015-11-05,54.77000045776367,55,54.470001220703125,54.86000061035156,11531100,45.42496871948242
2015-11-06,54.540000915527344,54.869998931884766,54.290000915527344,54.86000061035156,15269300,45.42496871948242
2015-11-09,54.59000015258789,54.689998626708984,53.91999816894531,54.439998626708984,13570600,45.07720184326172
2015-11-10,54.220001220703125,54.61000061035156,53.97999954223633,54.43000030517578,18957300,45.06892013549805
2015-11-11,54.560001373291016,54.790000915527344,54.38999938964844,54.5,12916000,45.12687683105469
2015-11-12,54.119998931884766,54.47999954223633,53.75,53.7599983215332,19057100,44.5141487121582
2015-11-13,53.54999923706055,53.959999084472656,53.43000030517578,53.52000045776367,13959100,44.3154296875
2015-11-16,53.2400016784668,54.25,53.2400016784668,54.209999084472656,13303900,44.88676071166992
2015-11-17,54.279998779296875,54.47999954223633,53.939998626708984,54.099998474121094,15564400,44.79566955566406
2015-11-18,54.150001525878906,54.869998931884766,54.150001525878906,54.849998474121094,10434800,45.41666793823242
2015-11-19,54.720001220703125,55.13999938964844,54.720001220703125,55.09000015258789,12257400,45.615413665771484
2015-11-20,55.310001373291016,55.560001373291016,55.15999984741211,55.369998931884766,9014100,45.84724807739258
2015-11-23,55.41999816894531,55.4900016784668,54.95000076293945,55.09000015258789,9956000,45.615413665771484
2015-11-24,54.72999954223633,55.130001068115234,54.540000915527344,55,15131400,45.5408821105957
2015-11-25,55.150001525878906,55.15999984741211,54.900001525878906,55,6406800,45.5408821105957
2015-11-27,54.959999084472656,55.16999816894531,54.86000061035156,55.099998474121094,4454500,45.62368392944336
2015-11-30,55.099998474121094,55.13999938964844,54.709999084472656,54.7400016784668,11017800,45.32560729980469
2015-12-01,54.7599983215332,55.18000030517578,54.689998626708984,55,11475900,45.5408821105957
2015-12-02,54.90999984741211,55.060001373291016,54.33000183105469,54.439998626708984,13131600,45.07720184326172
2015-12-03,54.58000183105469,54.61000061035156,53.560001373291016,53.7599983215332,16001400,44.5141487121582
2015-12-04,53.84000015258789,54.56999969482422,53.720001220703125,54.560001373291016,13891900,45.17655944824219
2015-12-07,54.38999938964844,54.56999969482422,54.099998474121094,54.290000915527344,9665500,44.9530029296875
2015-12-08,53.58000183105469,53.84000015258789,53.31999969482422,53.41999816894531,15508600,44.23262023925781
2015-12-09,53.220001220703125,53.900001525878906,52.90999984741211,53.2599983215332,16784000,44.10013198852539
2015-12-10,53.209999084472656,53.86000061035156,53.209999084472656,53.5099983215332,13231600,44.3071403503418
2015-12-11,53.06999969482422,53.209999084472656,52.529998779296875,52.61000061035156,24625500,43.56193161010742
2015-12-14,52.630001068115234,52.880001068115234,52.130001068115234,52.79999923706055,27426200,43.71925735473633
2015-12-15,52.900001525878906,53.150001525878906,52.68000030517578,52.810001373291016,17052100,43.7275390625
2015-12-16,53.11000061035156,53.869998931884766,52.959999084472656,53.75,19045700,44.50586700439453
2015-12-17,53.939998626708984,54.0099983215332,52.86000061035156,52.86000061035156,15902700,43.76893615722656
2015-12-18,52.43000030517578,52.43000030517578,51.70000076293945,51.7400016784668,19378200,43.101661682128906
2015-12-21,52.20000076293945,52.36000061035156,51.83000183105469,52.13999938964844,9394700,43.43487548828125
2015-12-22,52.349998474121094,52.97999954223633,52.22999954223633,52.86000061035156,11833500,44.03467559814453
2015-12-23,53.099998474121094,53.52000045776367,52.959999084472656,53.47999954223633,9604800,44.55115509033203
2015-12-24,53.290000915527344,53.599998474121094,53.290000915527344,53.459999084472656,2040500,44.53449630737305
2015-12-28,53.25,53.45000076293945,52.9900016784668,53.34000015258789,4687600,44.434539794921875
2015-12-29,53.59000015258789,53.95000076293945,53.529998779296875,53.849998474121094,5054700,44.8593864440918
2015-12-30,53.75,53.849998474121094,53.33000183105469,53.400001525878906,10957700,44.48451614379883
2015-12-31,53.150001525878906,53.45000076293945,52.91999816894531,53.0099983215332,6785400,44.15961837768555
2016-01-04,52.11000061035156,52.31999969482422,51.709999084472656,52.29999923706055,16404600,43.56816101074219
2016-01-05,52.43000030517578,52.529998779296875,51.970001220703125,52.439998626708984,8726300,43.684791564941406
2016-01-06,51.720001220703125,52.060001373291016,51.310001373291016,51.630001068115234,9980000,43.01002502441406
2016-01-07,50.79999923706055,51.099998474121094,50.09000015258789,50.22999954223633,17225600,41.84376525878906
2016-01-08,50.709999084472656,50.709999084472656,49.650001525878906,49.720001220703125,17198600,41.41891098022461
2016-01-11,50.04999923706055,50.09000015258789,49.279998779296875,49.75,18962400,41.44392013549805
2016-01-12,50.09000015258789,50.2400016784668,49.5099983215332,50.150001525878906,19297300,41.77711486816406
2016-01-13,50.380001068115234,50.47999954223633,48.79999923706055,48.939998626708984,18966900,40.769134521484375
2016-01-14,49.099998474121094,49.869998931884766,48.599998474121094,49.52000045776367,19261200,41.252315521240234
2016-01-15,48.13999938964844,48.84000015258789,48.02000045776367,48.650001525878906,20434600,40.52755355834961
2016-01-19,49.18000030517578,49.27000045776367,48.189998626708984,48.63999938964844,14845000,40.51922607421875
2016-01-20,47.95000076293945,48.43000030517578,46.81999969482422,48.0099983215332,26092600,39.9943962097168
2016-01-21,48.0099983215332,48.68000030517578,47.65999984741211,48.220001220703125,18593800,40.16936111450195
2016-01-22,48.84000015258789,48.9900016784668,48.220001220703125,48.63999938964844,12781600,40.51922607421875
2016-01-25,48.560001373291016,48.650001525878906,47.959999084472656,48.040000915527344,14534000,40.0194091796875
2016-01-26,48.150001525878906,48.970001220703125,48.13999938964844,48.95000076293945,12038300,40.7774658203125
2016-01-27,48.689998626708984,49.279998779296875,48.13999938964844,48.400001525878906,16437200,40.31930160522461
2016-01-28,48.63999938964844,48.810001373291016,48.18000030517578,48.68000030517578,12553000,40.552555084228516
2016-01-29,49,50.0099983215332,48.880001068115234,49.9900016784668,14570300,41.643836975097656
2016-02-01,49.59000015258789,50.119998931884766,49.27000045776367,49.869998931884766,15940600,41.54387664794922
2016-02-02,49.380001068115234,49.41999816894531,48.709999084472656,48.869998931884766,15284800,40.71082305908203
2016-02-03,49.2599983215332,49.7400016784668,48.349998474121094,49.65999984741211,25732900,41.36894226074219
2016-02-04,49.59000015258789,50.90999984741211,49.54999923706055,50.52000045776367,18452300,42.085350036621094
2016-02-05,50.25,50.540000915527344,49.79999923706055,50.040000915527344,15512300,41.68549346923828
2016-02-08,49.4900016784668,49.7599983215332,48.970001220703125,49.619998931884766,20001200,41.33561325073242
2016-02-09,49.040000915527344,50.2599983215332,49.040000915527344,49.91999816894531,15370000,41.58551788330078
2016-02-10,50.040000915527344,50.5099983215332,49.63999938964844,49.65999984741211,15079400,41.36894226074219
2016-02-11,48.81999969482422,49.36000061035156,48.11000061035156,48.689998626708984,19179900,40.56087112426758
2016-02-12,48.97999954223633,49.68000030517578,48.880001068115234,49.66999816894531,19249100,41.377262115478516
2016-02-16,50.29999923706055,50.72999954223633,49.869998931884766,50.66999816894531,15037900,42.21030807495117
2016-02-17,51,51.63999938964844,50.849998474121094,51.45000076293945,15619900,42.860076904296875
2016-02-18,51.47999954223633,51.61000061035156,51.22999954223633,51.41999816894531,9587800,42.8350830078125
2016-02-19,50.97999954223633,51.380001068115234,50.88999938964844,51.31999969482422,12613600,42.75178146362305
2016-02-22,51.79999923706055,52.439998626708984,51.79999923706055,52.189998626708984,12143800,43.47653579711914
2016-02-23,51.970001220703125,52.15999984741211,51.560001373291016,51.66999816894531,9727900,43.0433464050293
2016-02-24,51.060001373291016,51.83000183105469,50.7400016784668,51.70000076293945,17347300,43.0683479309082
2016-02-25,51.849998474121094,52.400001525878906,51.689998626708984,52.380001068115234,9312700,43.63481140136719
2016-02-26,52.5099983215332,52.849998474121094,52.439998626708984,52.45000076293945,8312300,43.693115234375
2016-02-29,52.45000076293945,52.720001220703125,52.099998474121094,52.119998931884766,13823000,43.418216705322266
2016-03-01,52.33000183105469,53.220001220703125,52.33000183105469,53.13999938964844,13424800,44.26791000366211
2016-03-02,53,53.2400016784668,52.90999984741211,53.18000030517578,8877600,44.301239013671875
2016-03-03,53.150001525878906,53.61000061035156,53.060001373291016,53.560001373291016,9809000,44.61780548095703
2016-03-04,53.529998779296875,54.099998474121094,53.40999984741211,53.779998779296875,10006900,44.80107498168945
2016-03-07,53.5,53.959999084472656,53.41999816894531,53.939998626708984,11754000,44.93436050415039
2016-03-08,53.5,53.540000915527344,53.099998474121094,53.18000030517578,12241100,44.301239013671875
2016-03-09,53.31999969482422,53.5,53.16999816894531,53.349998474121094,11060100,44.44286346435547
2016-03-10,53.470001220703125,53.709999084472656,52.81999969482422,53.27000045776367,12693300,44.37622833251953
2016-03-11,53.7599983215332,54.16999816894531,53.720001220703125,54.040000915527344,11059900,45.01765823364258
2016-03-14,53.84000015258789,54.22999954223633,53.84000015258789,54.09000015258789,6946700,45.05931091308594
2016-03-15,53.70000076293945,54.060001373291016,53.529998779296875,54.060001373291016,6948700,45.034324645996094
2016-03-16,53.939998626708984,54.56999969482422,53.810001373291016,54.25,11447900,45.19260025024414
2016-03-17,54.59000015258789,55.619998931884766,54.2599983215332,55.439998626708984,17009400,46.183921813964844
2016-03-18,55.29999923706055,55.75,55.2400016784668,55.630001068115234,17059800,46.57997512817383
2016-03-21,55.560001373291016,55.959999084472656,55.4900016784668,55.959999084472656,7150400,46.856285095214844
2016-03-22,55.40999984741211,55.810001373291016,55.400001525878906,55.63999938964844,7570500,46.58835220336914
2016-03-23,55.52000045776367,55.59000015258789,55.22999954223633,55.279998779296875,10833200,46.28691482543945
2016-03-24,54.959999084472656,55.119998931884766,54.7400016784668,55.119998931884766,10403600,46.15292739868164
2016-03-28,55.130001068115234,55.279998779296875,54.88999938964844,55.13999938964844,6591700,46.16969299316406
2016-03-29,55.029998779296875,55.5099983215332,54.720001220703125,55.5,9271800,46.47113037109375
2016-03-30,55.9900016784668,56.029998779296875,55.599998474121094,55.599998474121094,8197600,46.55485534667969
2016-03-31,55.709999084472656,55.790000915527344,55.400001525878906,55.470001220703125,12949100,46.44599914550781
2016-04-01,55.150001525878906,55.72999954223633,54.75,55.72999954223633,16184500,46.6637077331543
2016-04-04,55.540000915527344,55.61000061035156,55,55.099998474121094,12014900,46.13619613647461
2016-04-05,54.72999954223633,55.0099983215332,54.560001373291016,54.7599983215332,11244900,45.85152053833008
2016-04-06,54.7400016784668,55.029998779296875,54.25,55.029998779296875,10962400,46.07759094238281
2016-04-07,54.56999969482422,54.86000061035156,54.33000183105469,54.5,13364500,45.6338005065918
2016-04-08,54.84000015258789,55.31999969482422,54.66999816894531,54.709999084472656,9188900,45.80963897705078
2016-04-11,54.97999954223633,55.34000015258789,54.709999084472656,54.72999954223633,7710100,45.826393127441406
2016-04-12,54.75,55.33000183105469,54.65999984741211,55.04999923706055,10724300,46.09431076049805
2016-04-13,55.560001373291016,56.02000045776367,55.4900016784668,55.869998931884766,13215500,46.78094482421875
2016-04-14,56.13999938964844,56.20000076293945,55.88999938964844,55.970001220703125,13195200,46.86465835571289
2016-04-15,56.06999969482422,56.099998474121094,55.900001525878906,56.04999923706055,10781600,46.93165588378906
2016-04-18,55.79999923706055,56.290000915527344,55.709999084472656,56.099998474121094,8619000,46.973514556884766
2016-04-19,56.400001525878906,56.720001220703125,56.279998779296875,56.5,9318800,47.308441162109375
2016-04-20,56.52000045776367,56.709999084472656,56.2599983215332,56.40999984741211,13632600,47.233089447021484
2016-04-21,56.4900016784668,56.599998474121094,56.209999084472656,56.27000045776367,11941800,47.11587142944336
2016-04-22,56.310001373291016,56.5,56.13999938964844,56.40999984741211,14749400,47.233089447021484
2016-04-25,56.36000061035156,56.380001068115234,55.869998931884766,56.13999938964844,10224100,47.006996154785156
2016-04-26,56.27000045776367,56.63999938964844,56.2400016784668,56.63999938964844,10139900,47.4256591796875
2016-04-27,56.709999084472656,57.18000030517578,56.47999954223633,57.040000915527344,9258100,47.760589599609375
2016-04-28,56.650001525878906,57.13999938964844,56.36000061035156,56.4900016784668,19554900,47.30006790161133
2016-04-29,56.16999816894531,56.400001525878906,55.81999969482422,56.15999984741211,16369900,47.02375411987305
2016-05-02,56.27000045776367,56.4900016784668,56.02000045776367,56.45000076293945,10145100,47.2665901184082
2016-05-03,56.08000183105469,56.08000183105469,55.599998474121094,55.9900016784668,11171400,46.881404876708984
2016-05-04,55.689998626708984,55.72999954223633,55.060001373291016,55.29999923706055,22102700,46.303653717041016
2016-05-05,55.45000076293945,55.59000015258789,55.150001525878906,55.27000045776367,12841100,46.278541564941406
2016-05-06,55.040000915527344,55.68000030517578,54.939998626708984,55.63999938964844,9934400,46.58835220336914
2016-05-09,55.52000045776367,55.630001068115234,55.27000045776367,55.38999938964844,7765100,46.37901306152344
2016-05-10,55.54999923706055,56.349998474121094,55.54999923706055,56.34000015258789,14983100,47.17447280883789
2016-05-11,56.29999923706055,56.47999954223633,55.869998931884766,55.869998931884766,12802000,46.78094482421875
2016-05-12,55.880001068115234,56.130001068115234,55.40999984741211,55.75,13992400,46.680458068847656
2016-05-13,55.65999984741211,55.880001068115234,54.900001525878906,55.04999923706055,13018000,46.09431076049805
2016-05-16,55.04999923706055,55.900001525878906,55.04999923706055,55.72999954223633,9210800,46.6637077331543
2016-05-17,55.54999923706055,56.040000915527344,55.27000045776367,55.459999084472656,11830000,46.4376335144043
2016-05-18,55.310001373291016,55.7599983215332,54.959999084472656,55.27000045776367,13605200,46.278541564941406
2016-05-19,54.83000183105469,55.029998779296875,54.38999938964844,54.75,15143100,45.84312438964844
2016-05-20,54.970001220703125,55.31999969482422,54.959999084472656,55.029998779296875,9397900,46.07759094238281
2016-05-23,54.959999084472656,55.150001525878906,54.7400016784668,54.93000030517578,7617200,45.99384689331055
2016-05-24,55.15999984741211,55.65999984741211,55.13999938964844,55.5,7274500,46.47113037109375
2016-05-25,55.599998474121094,56.029998779296875,55.599998474121094,55.880001068115234,11092500,46.7893180847168
2016-05-26,55.90999984741211,56.11000061035156,55.720001220703125,55.720001220703125,6108400,46.65534210205078
2016-05-27,55.84000015258789,55.95000076293945,55.779998779296875,55.93000030517578,6250000,46.8311767578125
2016-05-31,56,56.15999984741211,55.709999084472656,55.91999816894531,11290300,46.82279968261719
2016-06-01,55.630001068115234,56,55.40999984741211,55.970001220703125,11013000,46.86465835571289
2016-06-02,55.849998474121094,56.06999969482422,55.720001220703125,56.040000915527344,6113500,46.92327880859375
2016-06-03,55.91999816894531,56.130001068115234,55.54999923706055,55.9900016784668,11948800,46.881404876708984
2016-06-06,56.119998931884766,56.56999969482422,56.08000183105469,56.52000045776367,8888100,47.32518768310547
2016-06-07,56.630001068115234,56.959999084472656,56.529998779296875,56.790000915527344,8372700,47.55126953125
2016-06-08,56.970001220703125,57.220001220703125,56.86000061035156,57.150001525878906,9201800,47.852699279785156
2016-06-09,56.84000015258789,57.16999816894531,56.779998779296875,57.13999938964844,9984700,47.84432601928711
2016-06-10,56.68000030517578,56.810001373291016,56.31999969482422,56.470001220703125,13734300,47.28330993652344
2016-06-13,56.45000076293945,56.52000045776367,55.86000061035156,55.86000061035156,18783300,46.772544860839844
2016-06-14,55.790000915527344,56.040000915527344,55.540000915527344,55.869998931884766,12839000,46.78094482421875
2016-06-15,56.029998779296875,56.33000183105469,55.84000015258789,55.88999938964844,10429600,46.79767608642578
2016-06-16,55.630001068115234,56.130001068115234,55.209999084472656,55.9900016784668,15040400,46.881404876708984
2016-06-17,55.56999969482422,55.91999816894531,55.459999084472656,55.72999954223633,15947800,46.92097854614258
2016-06-20,56.150001525878906,56.7599983215332,56.150001525878906,56.2400016784668,11778700,47.350364685058594
2016-06-21,56.279998779296875,56.38999938964844,56.099998474121094,56.20000076293945,8451400,47.316688537597656
2016-06-22,56.18000030517578,56.40999984741211,56,56.040000915527344,10509100,47.18198013305664
2016-06-23,56.599998474121094,56.72999954223633,56.380001068115234,56.689998626708984,8840600,47.72924041748047
2016-06-24,54.720001220703125,55.47999954223633,54.22999954223633,54.380001068115234,34954000,45.784366607666016
2016-06-27,53.84000015258789,54.119998931884766,52.779998779296875,53.099998474121094,39536900,44.706695556640625
2016-06-28,53.77000045776367,54,53.38999938964844,54,18523900,45.46443557739258
2016-06-29,54.56999969482422,55.040000915527344,54.41999816894531,54.959999084472656,14316300,46.2726936340332
2016-06-30,54.869998931884766,56.029998779296875,54.86000061035156,56.0099983215332,19397800,47.1567268371582
2016-07-01,56.029998779296875,56.459999084472656,55.9900016784668,56.189998626708984,23322700,47.30827331542969
2016-07-05,55.880001068115234,56.27000045776367,55.41999816894531,55.68000030517578,14808600,46.87888717651367
2016-07-06,55.52000045776367,56,55.09000015258789,55.959999084472656,12776400,47.114620208740234
2016-07-07,56.04999923706055,56.380001068115234,55.869998931884766,56.11000061035156,8697900,47.24091339111328
2016-07-08,56.599998474121094,57.33000183105469,56.13999938964844,57.22999954223633,16226400,48.183895111083984
2016-07-11,57.349998474121094,57.720001220703125,57.27000045776367,57.59000015258789,15259700,48.486976623535156
2016-07-12,57.88999938964844,58.209999084472656,57.779998779296875,58.119998931884766,13635100,48.933204650878906
2016-07-13,58.27000045776367,58.310001373291016,57.900001525878906,58.2599983215332,13119800,49.05107498168945
2016-07-14,58.63999938964844,58.869998931884766,58.459999084472656,58.70000076293945,11795400,49.42152404785156
2016-07-15,58.88999938964844,58.91999816894531,58.54999923706055,58.689998626708984,6238000,49.413108825683594
2016-07-18,58.61000061035156,58.75,58.45000076293945,58.63999938964844,5983600,49.371002197265625
2016-07-19,58.45000076293945,58.75,58.349998474121094,58.66999816894531,7393900,49.39625549316406
2016-07-20,58.650001525878906,58.9900016784668,58.599998474121094,58.779998779296875,5491600,49.488868713378906
2016-07-21,58.54999923706055,58.689998626708984,58.06999969482422,58.18000030517578,7583300,48.98371124267578
2016-07-22,57.91999816894531,58.29999923706055,57.70000076293945,58.290000915527344,8747800,49.076324462890625
2016-07-25,58.150001525878906,58.15999984741211,57.79999923706055,57.97999954223633,11063200,48.815330505371094
2016-07-26,58.060001373291016,58.54999923706055,57.97999954223633,58.459999084472656,9376000,49.21946716308594
2016-07-27,58.459999084472656,58.63999938964844,58.0099983215332,58.22999954223633,10760700,49.02582931518555
2016-07-28,58,58.34000015258789,57.81999969482422,58.209999084472656,6505600,49.00897216796875
2016-07-29,58.029998779296875,58.2400016784668,57.83000183105469,58.040000915527344,10712400,48.8658447265625
2016-08-01,57.93000030517578,58.18000030517578,57.75,57.970001220703125,7949600,48.80690383911133
2016-08-02,57.84000015258789,57.959999084472656,57.27000045776367,57.43000030517578,13473800,48.352264404296875
2016-08-03,57.43000030517578,57.72999954223633,57.400001525878906,57.709999084472656,6087900,48.5880126953125
2016-08-04,57.75,57.959999084472656,57.63999938964844,57.72999954223633,8028700,48.604854583740234
2016-08-05,58.060001373291016,58.369998931884766,57.97999954223633,58.310001373291016,7380100,49.09317398071289
2016-08-08,58.41999816894531,58.630001068115234,58.27000045776367,58.38999938964844,6052600,49.160526275634766
2016-08-09,58.349998474121094,58.540000915527344,58.27000045776367,58.369998931884766,4579800,49.1436767578125
2016-08-10,58.38999938964844,58.529998779296875,58.18000030517578,58.34000015258789,5293300,49.11844253540039
2016-08-11,58.5,58.81999969482422,58.47999954223633,58.720001220703125,8172100,49.43836975097656
2016-08-12,58.619998931884766,58.68000030517578,58.459999084472656,58.560001373291016,4357400,49.303653717041016
2016-08-15,58.72999954223633,59.02000045776367,58.689998626708984,58.95000076293945,8643500,49.63200378417969
2016-08-16,58.869998931884766,58.900001525878906,58.63999938964844,58.689998626708984,4725200,49.413108825683594
2016-08-17,58.56999969482422,58.91999816894531,58.54999923706055,58.86000061035156,8260500,49.556243896484375
2016-08-18,58.77000045776367,59.040000915527344,58.72999954223633,59.040000915527344,9830200,49.7077751159668
2016-08-19,58.70000076293945,59.099998474121094,58.66999816894531,59.02000045776367,8334300,49.690940856933594
2016-08-22,58.959999084472656,59.099998474121094,58.77000045776367,58.970001220703125,6624700,49.64884567260742
2016-08-23,59.150001525878906,59.34000015258789,59.02000045776367,59.02000045776367,8326900,49.690940856933594
2016-08-24,58.939998626708984,59.0099983215332,58.7400016784668,58.84000015258789,8569700,49.53940200805664
2016-08-25,58.83000183105469,58.97999954223633,58.650001525878906,58.83000183105469,8623200,49.530975341796875
2016-08-26,58.939998626708984,59.25,58.47999954223633,58.65999984741211,15676900,49.387847900390625
2016-08-29,58.66999816894531,59.09000015258789,58.66999816894531,59.08000183105469,7628200,49.741458892822266
2016-08-30,59.040000915527344,59.08000183105469,58.77000045776367,58.91999816894531,5953800,49.60674285888672
2016-08-31,58.77000045776367,58.81999969482422,58.369998931884766,58.59000015258789,9592200,49.32891845703125
2016-09-01,58.689998626708984,58.810001373291016,58.189998626708984,58.63999938964844,9397600,49.371002197265625
2016-09-02,58.90999984741211,59.130001068115234,58.7400016784668,58.93000030517578,11405400,49.61518096923828
2016-09-06,58.84000015258789,58.9900016784668,58.47999954223633,58.7599983215332,11028400,49.472042083740234
2016-09-07,58.560001373291016,58.90999984741211,58.560001373291016,58.83000183105469,6686800,49.530975341796875
2016-09-08,58.72999954223633,58.810001373291016,58.599998474121094,58.779998779296875,8202800,49.488868713378906
2016-09-09,58.25,58.369998931884766,57.119998931884766,57.119998931884766,19609100,48.09126663208008
2016-09-12,56.810001373291016,58.029998779296875,56.709999084472656,57.849998474121094,18644900,48.70588302612305
2016-09-13,57.40999984741211,57.61000061035156,56.880001068115234,57,21760600,47.990238189697266
2016-09-14,56.9900016784668,57.369998931884766,56.779998779296875,56.95000076293945,13591700,47.94813537597656
2016-09-15,56.84000015258789,57.5099983215332,56.75,57.400001525878906,14893500,48.3270149230957
2016-09-16,56.83000183105469,57.04999923706055,56.5,56.61000061035156,15706400,47.9223747253418
2016-09-19,56.869998931884766,57.2400016784668,56.7400016784668,56.86000061035156,8810900,48.13399887084961
2016-09-20,57.15999984741211,57.33000183105469,56.900001525878906,56.90999984741211,8007500,48.176326751708984
2016-09-21,57.13999938964844,57.72999954223633,56.97999954223633,57.650001525878906,14979800,48.80277633666992
2016-09-22,58.029998779296875,58.2599983215332,57.95000076293945,58.060001373291016,9377200,49.149845123291016
2016-09-23,57.9900016784668,57.9900016784668,57.66999816894531,57.720001220703125,11269400,48.86202621459961
2016-09-26,57.5,57.689998626708984,57.34000015258789,57.470001220703125,9560400,48.65038299560547
2016-09-27,57.380001068115234,57.95000076293945,57.290000915527344,57.869998931884766,6882700,48.98900604248047
2016-09-28,57.91999816894531,58.349998474121094,57.810001373291016,58.31999969482422,7366600,49.36993408203125
2016-09-29,58.189998626708984,58.52000045776367,57.75,57.86000061035156,11584200,48.98052978515625
2016-09-30,58.119998931884766,58.599998474121094,58.060001373291016,58.380001068115234,11206800,49.42073440551758
2016-10-03,58.20000076293945,58.5,58.08000183105469,58.43000030517578,12590000,49.46306610107422
2016-10-04,58.59000015258789,58.619998931884766,57.84000015258789,57.939998626708984,11208500,49.04826354980469
2016-10-05,58.099998474121094,58.43000030517578,57.970001220703125,58.310001373291016,8430900,49.361480712890625
2016-10-06,58.2599983215332,58.380001068115234,58.029998779296875,58.310001373291016,7474300,49.361480712890625
2016-10-07,57.91999816894531,57.939998626708984,57.310001373291016,57.560001373291016,12646100,48.7265739440918
2016-10-10,57.84000015258789,58,57.54999923706055,57.619998931884766,8706400,48.77737045288086
2016-10-11,57.5,57.54999923706055,56.77000045776367,57.02000045776367,13409100,48.26944351196289
2016-10-12,57.08000183105469,57.290000915527344,56.86000061035156,57.130001068115234,8374300,48.3625602722168
2016-10-13,56.63999938964844,57.25,56.5099983215332,57.11000061035156,12266000,48.34563064575195
2016-10-14,57.4900016784668,57.65999984741211,57.209999084472656,57.22999954223633,7633400,48.44722366333008
2016-10-17,57.22999954223633,57.380001068115234,57.04999923706055,57.08000183105469,5911200,48.320228576660156
2016-10-18,57.45000076293945,57.599998474121094,57.13999938964844,57.20000076293945,6044200,48.42182159423828
2016-10-19,57.349998474121094,57.54999923706055,57.16999816894531,57.380001068115234,7374100,48.57420349121094
2016-10-20,57.150001525878906,57.31999969482422,56.959999084472656,57.06999969482422,8215300,48.311767578125
2016-10-21,56.61000061035156,57.029998779296875,56.400001525878906,56.9900016784668,9850700,48.24404525756836
2016-10-24,57.279998779296875,57.52000045776367,57.09000015258789,57.099998474121094,9737600,48.3371696472168
2016-10-25,56.869998931884766,57.130001068115234,56.810001373291016,56.95000076293945,8777500,48.210182189941406
2016-10-26,56.72999954223633,57.45000076293945,56.599998474121094,57.150001525878906,10043800,48.37950897216797
2016-10-27,57.29999923706055,57.369998931884766,56.61000061035156,56.7599983215332,8155400,48.049346923828125
2016-10-28,56.849998474121094,57.470001220703125,56.810001373291016,57.099998474121094,11514100,48.3371696472168
2016-10-31,57.31999969482422,57.43000030517578,57.16999816894531,57.209999084472656,9590900,48.4302864074707
2016-11-01,57.2599983215332,57.33000183105469,56.380001068115234,56.720001220703125,19622500,48.01548767089844
2016-11-02,56.68000030517578,56.93000030517578,56.369998931884766,56.5099983215332,14355900,47.83769989013672
2016-11-03,56.75,56.77000045776367,56.27000045776367,56.41999816894531,13887400,47.76152801513672
2016-11-04,56.40999984741211,56.95000076293945,56.29999923706055,56.470001220703125,8438100,47.8038444519043
2016-11-07,57.349998474121094,57.880001068115234,57.310001373291016,57.86000061035156,13794100,48.98052978515625
2016-11-08,57.88999938964844,58.38999938964844,57.7599983215332,58.209999084472656,12073900,49.27682113647461
2016-11-09,58.099998474121094,59.959999084472656,58.08000183105469,59.66999816894531,36607500,50.512760162353516
2016-11-10,60.29999923706055,61.040000915527344,60.130001068115234,60.939998626708984,41589600,51.58786392211914
2016-11-11,60.779998779296875,61.08000183105469,60.529998779296875,61.04999923706055,24055100,51.68096923828125
2016-11-14,61.5,61.540000915527344,61.20000076293945,61.310001373291016,17077000,51.90107727050781
2016-11-15,61.45000076293945,61.540000915527344,60.970001220703125,61.540000915527344,12828400,52.095802307128906
2016-11-16,61.400001525878906,61.47999954223633,60.97999954223633,61.189998626708984,14472900,51.79949188232422
2016-11-17,61.13999938964844,61.349998474121094,61.13999938964844,61.31999969482422,10382800,51.909549713134766
2016-11-18,61.380001068115234,61.380001068115234,61.11000061035156,61.29999923706055,9246400,51.89262008666992
2016-11-21,61.4900016784668,61.65999984741211,61.369998931884766,61.630001068115234,11767700,52.17197799682617
2016-11-22,61.79999923706055,61.959999084472656,61.709999084472656,61.90999984741211,8901300,52.408992767333984
2016-11-23,62.04999923706055,62.439998626708984,61.9900016784668,62.369998931884766,15506800,52.79841232299805
2016-11-25,62.54999923706055,62.709999084472656,62.45000076293945,62.709999084472656,4172500,53.08623123168945
2016-11-28,62.59000015258789,62.61000061035156,62.209999084472656,62.279998779296875,15898500,52.72221755981445
2016-11-29,62.2400016784668,62.529998779296875,62.060001373291016,62.33000183105469,12692400,52.76453399658203
2016-11-30,62.68000030517578,62.849998474121094,62.38999938964844,62.40999984741211,14903800,52.832271575927734
2016-12-01,62.529998779296875,63.0099983215332,62.40999984741211,62.81999969482422,24438500,53.17934799194336
2016-12-02,62.91999816894531,63.029998779296875,62.66999816894531,62.810001373291016,11902500,53.170875549316406
2016-12-05,63.08000183105469,63.189998626708984,62.630001068115234,62.7599983215332,9448800,53.12855529785156
2016-12-06,62.720001220703125,62.95000076293945,62.5099983215332,62.880001068115234,10543600,53.23014450073242
2016-12-07,62.900001525878906,64.06999969482422,62.86000061035156,64.05000305175781,10416800,54.2205924987793
2016-12-08,64.05000305175781,64.05000305175781,63.560001373291016,63.689998626708984,10688200,53.91584396362305
2016-12-09,63.689998626708984,64.04000091552734,63.65999984741211,63.97999954223633,7939600,54.16133499145508
2016-12-12,63.75,63.869998931884766,63.31999969482422,63.75,9519600,53.96662521362305
2016-12-13,63.93000030517578,64.01000213623047,63.45000076293945,63.65999984741211,8280900,53.890438079833984
2016-12-14,63.5,63.810001373291016,62.95000076293945,63.02000045776367,19782900,53.34865951538086
2016-12-15,62.95000076293945,63.540000915527344,62.91999816894531,63.09000015258789,12262100,53.407920837402344
2016-12-16,62.58000183105469,63.029998779296875,62.470001220703125,62.58000183105469,9523700,53.30059814453125
2016-12-19,62.72999954223633,62.970001220703125,62.61000061035156,62.93000030517578,5982900,53.59870147705078
2016-12-20,63.040000915527344,63.31999969482422,63.040000915527344,63.290000915527344,5011400,53.90532684326172
2016-12-21,63.25,63.279998779296875,63.029998779296875,63.04999923706055,4649000,53.70090866088867
2016-12-22,63.0099983215332,63.08000183105469,62.779998779296875,62.93000030517578,4642700,53.59870147705078
2016-12-23,62.91999816894531,63.060001373291016,62.869998931884766,62.9900016784668,5100800,53.64979934692383
2016-12-27,63.099998474121094,63.22999954223633,62.9900016784668,63.119998931884766,3499400,53.760520935058594
2016-12-28,63.20000076293945,63.2400016784668,62.45000076293945,62.459999084472656,8982400,53.198387145996094
2016-12-29,62.5,62.75,62.33000183105469,62.439998626708984,7757200,53.181365966796875
2016-12-30,62.599998474121094,62.75,62.02000045776367,62.220001220703125,6932300,52.993980407714844
2017-01-03,62.68000030517578,63.060001373291016,62.349998474121094,62.59000015258789,21592200,53.30912780761719
2017-01-04,62.7599983215332,63.08000183105469,62.68000030517578,62.959999084472656,8889300,53.62424850463867
2017-01-05,62.90999984741211,63.27000045776367,62.439998626708984,62.779998779296875,9850900,53.470943450927734
2017-01-06,62.790000915527344,63.310001373291016,62.58000183105469,63.13999938964844,12124500,53.777557373046875
2017-01-09,63.06999969482422,63.06999969482422,62.619998931884766,62.650001525878906,5970500,53.3602180480957
2017-01-10,62.7599983215332,63.150001525878906,62.630001068115234,62.90999984741211,8237800,53.581668853759766
2017-01-11,62.95000076293945,63.29999923706055,62.880001068115234,63.2400016784668,11113700,53.862728118896484
2017-01-12,63.18000030517578,63.2400016784668,62.369998931884766,62.97999954223633,11844600,53.64127731323242
2017-01-13,63.02000045776367,63.279998779296875,63,63.220001220703125,7130200,53.84571075439453
2017-01-17,62.880001068115234,62.9900016784668,62.54999923706055,62.72999954223633,10689400,53.42835235595703
2017-01-18,62.63999938964844,63.09000015258789,62.5099983215332,62.970001220703125,8098600,53.63276672363281
2017-01-19,63.63999938964844,63.75,63.060001373291016,63.43000030517578,8833200,54.02456283569336
2017-01-20,63.40999984741211,63.5099983215332,63.08000183105469,63.439998626708984,11620300,54.03307342529297
2017-01-23,63.369998931884766,63.5,62.7400016784668,63.09000015258789,14303700,53.7349739074707
2017-01-24,63.099998474121094,63.869998931884766,63.02000045776367,63.720001220703125,9199500,54.27157211303711
2017-01-25,64.1500015258789,64.47000122070312,64.02999877929688,64.38999938964844,12955600,54.842201232910156
2017-01-26,64.45999908447266,64.8499984741211,64.2699966430664,64.54000091552734,10141800,54.969966888427734
2017-01-27,64.62000274658203,64.7699966430664,64.37999725341797,64.48999786376953,8697700,54.92738342285156
2017-01-30,64.16999816894531,64.23999786376953,63.439998626708984,63.939998626708984,13354500,54.45893478393555
2017-01-31,63.720001220703125,63.720001220703125,63.060001373291016,63.380001068115234,19335200,53.981971740722656
2017-02-01,63.47999954223633,63.709999084472656,62.95000076293945,63.27000045776367,15358800,53.88828659057617
2017-02-02,63.16999816894531,63.34000015258789,62.88999938964844,63.150001525878906,9568400,53.786067962646484
2017-02-03,63.29999923706055,63.70000076293945,63.2400016784668,63.619998931884766,9874200,54.18639373779297
2017-02-06,63.58000183105469,63.869998931884766,63.4900016784668,63.709999084472656,7109300,54.263038635253906
2017-02-07,63.93000030517578,64.16000366210938,63.720001220703125,63.81999969482422,13347400,54.35672378540039
2017-02-08,63.81999969482422,63.81999969482422,63.52000045776367,63.72999954223633,7808400,54.28007507324219
2017-02-09,63.72999954223633,64.37999725341797,63.72999954223633,64.22000122070312,8176700,54.697425842285156
2017-02-10,64.5199966430664,64.79000091552734,64.37000274658203,64.7300033569336,7445800,55.131797790527344
2017-02-13,64.98999786376953,65.5,64.97000122070312,65.37999725341797,17349600,55.685420989990234
2017-02-14,65.29000091552734,65.41000366210938,65.05000305175781,65.41000366210938,8578600,55.71096420288086
2017-02-15,65.43000030517578,65.83000183105469,65.29000091552734,65.76000213623047,7845400,56.00905990600586
2017-02-16,65.76000213623047,65.79000091552734,65.33999633789062,65.77999877929688,10062400,56.026100158691406
2017-02-17,65.61000061035156,65.88999938964844,65.41000366210938,65.88999938964844,5194700,56.11980056762695
2017-02-21,65.98999786376953,66.27999877929688,65.9000015258789,66.22000122070312,9573900,56.40085983276367
2017-02-22,66.02999877929688,66.13999938964844,65.8499984741211,66.04000091552734,10614700,56.2475471496582
2017-02-23,66.1500015258789,66.22000122070312,65.38999938964844,65.61000061035156,16800100,55.88130569458008
2017-02-24,65.26000213623047,65.9000015258789,65.16999816894531,65.88999938964844,12663000,56.11980056762695
2017-02-27,65.94999694824219,66.18000030517578,65.7300033569336,66.12999725341797,10705400,56.324195861816406
2017-02-28,66.16000366210938,66.26000213623047,65.73999786376953,65.86000061035156,9629900,56.09423828125
2017-03-01,66.43000030517578,67.19000244140625,66.41999816894531,66.97000122070312,16452600,57.03964614868164
2017-03-02,66.87000274658203,67.05000305175781,66.2300033569336,66.25,8453900,56.426414489746094
2017-03-03,66.26000213623047,66.43000030517578,66.01000213623047,66.31999969482422,5862800,56.48601531982422
2017-03-06,66,66.23999786376953,65.88999938964844,66.16000366210938,7164700,56.349754333496094
2017-03-07,66.13999938964844,66.23999786376953,65.87999725341797,65.97000122070312,8790800,56.18793487548828
2017-03-08,66.05999755859375,66.0999984741211,65.62999725341797,65.73999786376953,10729000,55.99202346801758
2017-03-09,65.69999694824219,65.86000061035156,65.16000366210938,65.44000244140625,9976100,55.73649978637695
2017-03-10,65.79000091552734,65.83999633789062,65.31999969482422,65.83999633789062,9780500,56.07720947265625
2017-03-13,65.7699966430664,65.93000030517578,65.61000061035156,65.80000305175781,11620300,56.04313278198242
2017-03-14,65.58000183105469,65.66000366210938,65.05000305175781,65.18000030517578,10810700,55.51506805419922
2017-03-15,65.33000183105469,66.13999938964844,65.25,65.91999816894531,14737200,56.14533996582031
2017-03-16,66.02999877929688,66.1500015258789,65.56999969482422,65.62000274658203,14152400,55.889827728271484
2017-03-17,65.5199966430664,65.8499984741211,65.38999938964844,65.68000030517578,10880100,56.19526672363281
2017-03-20,65.73999786376953,65.81999969482422,65.48999786376953,65.55999755859375,5752600,56.09260177612305
2017-03-21,65.73999786376953,65.79000091552734,64.47000122070312,64.55999755859375,12661000,55.237003326416016
2017-03-22,64.58000183105469,64.91999816894531,64.33000183105469,64.79000091552734,12266300,55.433799743652344
2017-03-23,64.86000061035156,65.12999725341797,64.56999969482422,64.69999694824219,10682500,55.35679244995117
2017-03-24,64.68000030517578,64.94999694824219,64.25,64.52999877929688,9924600,55.211341857910156
2017-03-27,63.90999984741211,64.41999816894531,63.54999923706055,64.30000305175781,11711900,55.014556884765625
2017-03-28,64.0999984741211,65.19000244140625,64.0999984741211,64.9800033569336,8973000,55.59635925292969
2017-03-29,64.91000366210938,65.02999877929688,64.73999786376953,64.97000122070312,8301000,55.587791442871094
2017-03-30,64.94000244140625,65.41000366210938,64.9000015258789,65.33000183105469,12838000,55.89581298828125
2017-03-31,65.16000366210938,65.37999725341797,65.05999755859375,65.05999755859375,7736100,55.66480255126953
2017-04-03,65.08999633789062,65.30000305175781,64.51000213623047,64.91999816894531,10474800,55.5450325012207
2017-04-04,64.91000366210938,65.08999633789062,64.7699966430664,65.08999633789062,9239700,55.69046401977539
2017-04-05,65.31999969482422,65.87999725341797,64.79000091552734,64.87999725341797,11422600,55.51079559326172
2017-04-06,64.91999816894531,65.36000061035156,64.80000305175781,65.05999755859375,7633700,55.66480255126953
2017-04-07,65.08999633789062,65.4000015258789,65,65.12999725341797,7522700,55.72469711303711
2017-04-10,65.16999816894531,65.66999816894531,65.1500015258789,65.29000091552734,6330900,55.86159133911133
2017-04-11,65.18000030517578,65.4000015258789,64.7699966430664,65.37999725341797,10172900,55.938602447509766
2017-04-12,65.31999969482422,65.44000244140625,64.44000244140625,64.4800033569336,11281500,55.16855239868164
2017-04-13,64.43000030517578,64.63999938964844,64.0199966430664,64.0199966430664,10118300,54.77498245239258
2017-04-17,64.22000122070312,64.75,64.13999938964844,64.72000122070312,8852400,55.37391662597656
2017-04-18,64.4000015258789,64.7699966430664,64.23999786376953,64.51000213623047,7502800,55.1942253112793
2017-04-19,64.73999786376953,64.97000122070312,64.44999694824219,64.56999969482422,9455300,55.245574951171875
2017-04-20,64.91000366210938,65.56999969482422,64.87999725341797,65.3499984741211,9492500,55.91292190551758
2017-04-21,65.37000274658203,65.61000061035156,65.22000122070312,65.41000366210938,10211400,55.964263916015625
2017-04-24,66.30999755859375,66.43000030517578,66.0999984741211,66.33999633789062,10498300,56.75996398925781
2017-04-25,66.62000274658203,66.83999633789062,66.44000244140625,66.66000366210938,12385000,57.03375244140625
2017-04-26,66.7699966430664,67.04000091552734,66.61000061035156,66.66999816894531,12033100,57.04230880737305
2017-04-27,66.62000274658203,66.87000274658203,66.38999938964844,66.6500015258789,8111400,57.02519989013672
2017-04-28,66.75,66.88999938964844,66.26000213623047,66.33999633789062,10386300,56.75996398925781
2017-05-01,66.4800033569336,66.4800033569336,65.98999786376953,66.13999938964844,11234100,56.58883285522461
2017-05-02,66.31999969482422,66.5,66.18000030517578,66.45999908447266,9450900,56.86262893676758
2017-05-03,66.2699966430664,66.61000061035156,66.13999938964844,66.51000213623047,8729200,56.9054069519043
2017-05-04,66.69000244140625,66.76000213623047,66.19999694824219,66.58000183105469,8143600,56.96529769897461
2017-05-05,66.66999816894531,66.94000244140625,66.52999877929688,66.91999816894531,7110800,57.25621032714844
2017-05-08,66.9000015258789,66.97000122070312,66.63999938964844,66.73999786376953,6078200,57.10219955444336
2017-05-09,66.79000091552734,67,66.75,66.83000183105469,5969000,57.179195404052734
2017-05-10,66.87000274658203,66.87000274658203,66.41000366210938,66.69000244140625,7471400,57.059425354003906
2017-05-11,66.4800033569336,66.76000213623047,66.08000183105469,66.66999816894531,8400000,57.04230880737305
2017-05-12,66.5,66.5,66.13999938964844,66.30000305175781,7186400,56.725746154785156
2017-05-15,66.30000305175781,66.66000366210938,66.30000305175781,66.61000061035156,8413500,56.99097442626953
2017-05-16,66.69000244140625,66.75,66.27999877929688,66.54000091552734,5848800,56.93107986450195
2017-05-17,65.91000366210938,66.01000213623047,65.19000244140625,65.20999908447266,15221000,55.793148040771484
2017-05-18,65.01000213623047,65.69000244140625,64.6500015258789,65.30000305175781,15260100,55.87015151977539
2017-05-19,65.51000213623047,66.45999908447266,65.51000213623047,66.16000366210938,10322300,56.605960845947266
2017-05-22,66.66000366210938,66.76000213623047,66.47000122070312,66.66999816894531,6506200,57.04230880737305
2017-05-23,66.77999877929688,66.87000274658203,66.5,66.80999755859375,7856000,57.16208267211914
2017-05-24,66.88999938964844,67.12999725341797,66.66999816894531,66.88999938964844,7877300,57.230525970458984
2017-05-25,67.04000091552734,67.41999816894531,66.98999786376953,67.33000183105469,6840800,57.60700225830078
2017-05-26,67.23999786376953,67.5,67.22000122070312,67.41000366210938,5991000,57.67544937133789
2017-05-30,67.22000122070312,67.4800033569336,67.12999725341797,67.38999938964844,6092500,57.65833282470703
2017-05-31,67.47000122070312,67.54000091552734,67.05999755859375,67.5199966430664,10518800,57.769561767578125
2017-06-01,67.69999694824219,68.12000274658203,67.4800033569336,67.94000244140625,16118000,58.1289176940918
2017-06-02,68.05999755859375,68.58000183105469,68.05000305175781,68.20999908447266,17769600,58.35991287231445
2017-06-05,68.12999725341797,68.31999969482422,67.94000244140625,67.97000122070312,16550700,58.154579162597656
2017-06-06,67.72000122070312,67.8499984741211,67.51000213623047,67.51000213623047,15201400,57.76100158691406
2017-06-07,67.6500015258789,67.6500015258789,67.12999725341797,67.43000030517578,8342400,57.69255065917969
2017-06-08,67.38999938964844,67.80000305175781,67.33999633789062,67.6500015258789,7040100,57.88078689575195
2017-06-09,67.72000122070312,68.01000213623047,67.55999755859375,67.91000366210938,10433700,58.10325241088867
2017-06-12,68.06999969482422,68.25,67.70999908447266,68.16000366210938,13889200,58.31714630126953
2017-06-13,68.26000213623047,68.47000122070312,68.16000366210938,68.44000244140625,6723500,58.55670928955078
2017-06-14,68.5999984741211,68.5999984741211,68.13999938964844,68.37000274658203,8892800,58.496803283691406
2017-06-15,67.97000122070312,68.77999877929688,67.94999694824219,68.77999877929688,20188100,58.84758758544922
2017-06-16,68.58999633789062,68.72000122070312,68.43000030517578,68.68000030517578,12871600,59.0401611328125
2017-06-19,69.0199966430664,69.19000244140625,68.81999969482422,69.0999984741211,6867000,59.401214599609375
2017-06-20,68.94999694824219,69.01000213623047,68.3499984741211,68.36000061035156,7242800,58.76508331298828
2017-06-21,68.45999908447266,68.47000122070312,67.81999969482422,67.9000015258789,7530200,58.36964416503906
2017-06-22,67.88999938964844,67.98999786376953,67.76000213623047,67.76000213623047,6921700,58.249305725097656
2017-06-23,67.81999969482422,68.16000366210938,67.66999816894531,68.01000213623047,6979300,58.46420669555664
2017-06-26,68.20999908447266,68.5199966430664,67.9800033569336,68.02999877929688,7161700,58.48140335083008
2017-06-27,67.94999694824219,68.0199966430664,67.5,67.5199966430664,7417200,58.042991638183594
2017-06-28,67.83999633789062,68.29000091552734,67.81999969482422,68.12999725341797,7314300,58.567344665527344
2017-06-29,68.19999694824219,68.26000213623047,67.16999816894531,67.55000305175781,9543600,58.06878662109375
2017-06-30,67.80999755859375,68.44000244140625,67.80999755859375,68.11000061035156,6748500,58.550167083740234
2017-07-03,68.41999816894531,68.7699966430664,68.31999969482422,68.52999877929688,5553100,58.91122055053711
2017-07-05,68.70999908447266,68.81999969482422,68.41999816894531,68.7300033569336,7236000,59.08315658569336
2017-07-06,68.55999755859375,68.6500015258789,68.05000305175781,68.12999725341797,5599900,58.567344665527344
2017-07-07,68.30000305175781,68.87000274658203,68.23999786376953,68.66000366210938,4166700,59.022972106933594
2017-07-10,68.61000061035156,69.18000030517578,68.52999877929688,68.86000061035156,7919500,59.194915771484375
2017-07-11,68.86000061035156,68.91000366210938,68.31999969482422,68.80000305175781,7683500,59.14332580566406
2017-07-12,69.19000244140625,69.5,69.0999984741211,69.18000030517578,5821800,59.46998596191406
2017-07-13,69.25,69.4000015258789,68.97000122070312,69.12999725341797,3938800,59.427005767822266
2017-07-14,69.23999786376953,69.58000183105469,69.11000061035156,69.43000030517578,5519200,59.68490219116211
2017-07-17,69.37999725341797,69.5,69.19000244140625,69.38999938964844,5113400,59.6505126953125
2017-07-18,69.27999877929688,69.37000274658203,69.02999877929688,69.2300033569336,6891100,59.51296615600586
2017-07-19,69.11000061035156,69.30000305175781,69,69.30000305175781,8864600,59.57316207885742
2017-07-20,69.36000061035156,69.4000015258789,68.81999969482422,68.91000366210938,7428000,59.237876892089844
2017-07-21,68.56999969482422,68.80999755859375,68.33999633789062,68.77999877929688,7600500,59.12613296508789
2017-07-24,68.70999908447266,68.80999755859375,68.52999877929688,68.62999725341797,7551700,58.99718475341797
2017-07-25,68.9800033569336,68.9800033569336,68.33999633789062,68.54000091552734,9077100,58.91981506347656
2017-07-26,68.73999786376953,68.73999786376953,68.47000122070312,68.62999725341797,6804000,58.99718475341797
2017-07-27,68.55999755859375,68.55999755859375,67.91000366210938,68.23999786376953,9900900,58.66191864013672
2017-07-28,68.16999816894531,68.44999694824219,68.0199966430664,68.4000015258789,11435700,58.79946517944336
2017-07-31,68.72000122070312,68.75,68.29000091552734,68.30999755859375,6787300,58.72209930419922
2017-08-01,68.37000274658203,68.48999786376953,67.91000366210938,68.11000061035156,16893700,58.550167083740234
2017-08-02,68.11000061035156,68.43000030517578,68,68.41000366210938,17642900,58.80806350708008
2017-08-03,68.27999877929688,68.75,68.27999877929688,68.75,13298800,59.100337982177734
2017-08-04,68.72000122070312,68.91000366210938,68.5999984741211,68.87999725341797,12746000,59.21208953857422
2017-08-07,68.83000183105469,68.97000122070312,68.72000122070312,68.87999725341797,7753100,59.21208953857422
2017-08-08,68.77999877929688,69.06999969482422,68.56999969482422,68.66999816894531,9136500,59.03156661987305
2017-08-09,68.52999877929688,68.77999877929688,68.5,68.69000244140625,8088200,59.04877853393555
2017-08-10,68.37999725341797,68.55999755859375,67.77999877929688,67.81999969482422,10779700,58.300865173339844
2017-08-11,67.8499984741211,68.18000030517578,67.77999877929688,67.86000061035156,10501200,58.33526611328125
2017-08-14,68.30999755859375,68.6500015258789,68.23999786376953,68.56999969482422,6680900,58.94561004638672
2017-08-15,68.52999877929688,68.62000274658203,68.30999755859375,68.41999816894531,5055000,58.816654205322266
2017-08-16,68.41999816894531,68.7699966430664,68.41999816894531,68.61000061035156,7725800,58.9799919128418
2017-08-17,68.23999786376953,68.43000030517578,67.37999725341797,67.41999816894531,10766200,57.957008361816406
2017-08-18,67.08000183105469,67.61000061035156,67,67.1500015258789,14111100,57.72490692138672
2017-08-21,67.22000122070312,67.30999755859375,66.94999694824219,67.26000213623047,7447300,57.81947326660156
2017-08-22,67.44000244140625,68.08999633789062,67.44000244140625,68.02999877929688,6559200,58.48140335083008
2017-08-23,67.75,67.75,67.38999938964844,67.38999938964844,7027100,57.931236267089844
2017-08-24,67.55999755859375,67.58000183105469,67.1500015258789,67.18000030517578,7917400,57.750701904296875
2017-08-25,67.48999786376953,67.76000213623047,67.41000366210938,67.5,7846300,58.02579116821289
2017-08-28,67.6500015258789,67.72000122070312,67.36000061035156,67.45999908447266,5999200,57.991416931152344
2017-08-29,67.23999786376953,68.01000213623047,67.08000183105469,67.94999694824219,8150200,58.41263198852539
2017-08-30,68,68.26000213623047,67.86000061035156,68.2300033569336,5463300,58.6533317565918
2017-08-31,68.36000061035156,68.5999984741211,68.23999786376953,68.45999908447266,8635000,58.85104751586914
2017-09-01,68.61000061035156,68.80000305175781,68.5199966430664,68.5199966430664,14501900,58.90262985229492
2017-09-05,68.33999633789062,68.41999816894531,67.68000030517578,67.83000183105469,16031100,58.309478759765625
2017-09-06,67.97000122070312,68.12000274658203,67.83000183105469,67.9000015258789,19701400,58.36964416503906
2017-09-07,67.94999694824219,68.04000091552734,67.63999938964844,68.04000091552734,13887000,58.489990234375
2017-09-08,67.70999908447266,68.37000274658203,67.61000061035156,68.2699966430664,8067000,58.687705993652344
2017-09-11,68.52999877929688,68.87999725341797,68.52999877929688,68.86000061035156,8005600,59.194915771484375
2017-09-12,69.0199966430664,69.20999908447266,68.9000015258789,69.19000244140625,7606200,59.47860336303711
2017-09-13,69.13999938964844,69.19000244140625,68.94000244140625,69.08999633789062,5528400,59.392608642578125
2017-09-14,68.98999786376953,69.44000244140625,68.9000015258789,69.41999816894531,6864900,59.676300048828125
2017-09-15,69.1500015258789,69.41999816894531,69,69.38999938964844,9989800,59.92326736450195
2017-09-18,69.54000091552734,69.8499984741211,69.4800033569336,69.77999877929688,6143700,60.26007080078125
2017-09-19,69.83999633789062,69.94000244140625,69.7699966430664,69.8499984741211,7160000,60.320533752441406
2017-09-20,69.88999938964844,70.37999725341797,69.88999938964844,70.36000061035156,6676200,60.76095199584961
2017-09-21,70.31999969482422,70.63999938964844,70.19999694824219,70.56999969482422,4377700,60.94228744506836
2017-09-22,70.62000274658203,70.81999969482422,70.55000305175781,70.75,3533900,61.097747802734375
2017-09-25,70.83000183105469,70.8499984741211,70.26000213623047,70.75,6917100,61.097747802734375
2017-09-26,70.7699966430664,70.87999725341797,70.69999694824219,70.75,3997800,61.097747802734375
2017-09-27,70.93000030517578,71.11000061035156,70.6500015258789,70.83000183105469,6943700,61.16682434082031
2017-09-28,70.7300033569336,70.8499984741211,70.5,70.79000091552734,6124600,61.13227081298828
2017-09-29,70.75,71.01000213623047,70.62000274658203,71,6527200,61.31363296508789
2017-10-02,70.97000122070312,71.48999786376953,70.86000061035156,71.48999786376953,16764700,61.736793518066406
2017-10-03,71.52999877929688,71.80000305175781,71.43000030517578,71.80000305175781,11793400,62.004493713378906
2017-10-04,71.77999877929688,71.9000015258789,71.6500015258789,71.77999877929688,14772500,61.98722457885742
2017-10-05,71.73999786376953,72.0199966430664,71.61000061035156,71.94999694824219,15061300,62.1340217590332
2017-10-06,71.83999633789062,72.0199966430664,71.66000366210938,71.94000244140625,4445400,62.12541198730469
2017-10-09,71.97000122070312,72.11000061035156,71.62999725341797,71.73999786376953,7814000,61.952667236328125
2017-10-10,72.16999816894531,72.19000244140625,71.72000122070312,71.8499984741211,6264300,62.04768371582031
2017-10-11,71.76000213623047,71.8499984741211,71.6500015258789,71.80999755859375,7294400,62.013126373291016
2017-10-12,71.69999694824219,72.2699966430664,71.69000244140625,72.19000244140625,12112100,62.34128952026367
2017-10-13,72.48999786376953,72.62000274658203,72,72.05999755859375,5759000,62.229007720947266
2017-10-16,72.12000274658203,72.19000244140625,71.91999816894531,72.13999938964844,7215700,62.298095703125
2017-10-17,71.94000244140625,72.05000305175781,71.80000305175781,71.94999694824219,5236000,62.1340217590332
2017-10-18,72,72.19000244140625,71.88999938964844,71.9800033569336,7887700,62.15993881225586
2017-10-19,71.69000244140625,72.18000030517578,71.55000305175781,72.18000030517578,6962500,62.332645416259766
2017-10-20,72.19999694824219,72.95999908447266,72.01000213623047,72.95999908447266,9043400,63.0062370300293
2017-10-23,72.94999694824219,72.95999908447266,72.4800033569336,72.5,6800600,62.608978271484375
2017-10-24,72.86000061035156,73.19999694824219,72.81999969482422,72.91000366210938,7921900,62.96306610107422
2017-10-25,72.86000061035156,72.86000061035156,71.83000183105469,72.19000244140625,11078800,62.34128952026367
2017-10-26,72.43000030517578,72.62999725341797,72.12999725341797,72.29000091552734,8323300,62.42764663696289
2017-10-27,72.19000244140625,72.5199966430664,72.1500015258789,72.31999969482422,7534200,62.45353698730469
2017-10-30,72.19000244140625,72.20999908447266,71.7699966430664,71.81999969482422,9082100,62.02175521850586
2017-10-31,71.88999938964844,72.08000183105469,71.5,71.52999877929688,8793300,61.77132797241211
2017-11-01,71.75,71.91999816894531,71.44999694824219,71.48999786376953,9104800,61.736793518066406
2017-11-02,71.44999694824219,71.94000244140625,71.27999877929688,71.9000015258789,6924300,62.090843200683594
2017-11-03,71.88999938964844,71.97000122070312,71.6500015258789,71.83000183105469,6975000,62.030418395996094
2017-11-06,71.87999725341797,72,71.7699966430664,71.87000274658203,7134600,62.06493377685547
2017-11-07,71.87000274658203,72.08999633789062,71.83999633789062,71.9800033569336,5181100,62.15993881225586
2017-11-08,71.87999725341797,71.94000244140625,71.72000122070312,71.86000061035156,5622700,62.056304931640625
2017-11-09,71.47000122070312,71.54000091552734,70.66999816894531,70.95999908447266,10442000,61.279090881347656
2017-11-10,70.80999755859375,71.1500015258789,70.69000244140625,71.05999755859375,5344800,61.36543655395508
2017-11-13,70.83999633789062,71,70.62999725341797,70.81999969482422,5256800,61.15818405151367
2017-11-14,70.62999725341797,70.7300033569336,70.41000366210938,70.62999725341797,7062100,60.99411392211914
2017-11-15,70.30000305175781,70.47000122070312,70.04000091552734,70.2300033569336,10669200,60.648685455322266
2017-11-16,70.55000305175781,70.9800033569336,70.43000030517578,70.88999938964844,6038900,61.21864700317383
2017-11-17,70.63999938964844,70.75,70.44999694824219,70.5,7745100,60.881839752197266
2017-11-20,70.56999969482422,70.91000366210938,70.51000213623047,70.81999969482422,6485700,61.15818405151367
2017-11-21,71.05000305175781,71.33999633789062,70.87999725341797,71.33000183105469,7387900,61.59858703613281
2017-11-22,71.37999725341797,71.62999725341797,71.30000305175781,71.41000366210938,7037400,61.667694091796875
2017-11-24,71.58999633789062,71.5999984741211,71.37000274658203,71.41000366210938,3387500,61.667694091796875
2017-11-27,71.58999633789062,71.62000274658203,71.4000015258789,71.52999877929688,4739300,61.77132797241211
2017-11-28,71.69000244140625,72.62000274658203,71.61000061035156,72.62000274658203,10065300,62.71260452270508
2017-11-29,72.63999938964844,73.30000305175781,72.48999786376953,73.26000213623047,12393500,63.26531219482422
2017-11-30,73.51000213623047,74.66000366210938,73.30000305175781,74.51000213623047,19672700,64.34475708007812
2017-12-01,74.37999725341797,74.48999786376953,72.76000213623047,73.58999633789062,29693700,63.550296783447266
2017-12-04,74.36000061035156,75.0999984741211,74.20999908447266,74.20999908447266,19276400,64.08570098876953
2017-12-05,74.33999633789062,74.55000305175781,73.5199966430664,73.58000183105469,16548300,63.54164123535156
2017-12-06,73.44000244140625,73.95999908447266,73.36000061035156,73.69000244140625,15569300,63.636653900146484
2017-12-07,73.5999984741211,74.52999877929688,73.58000183105469,74.37000274658203,10918400,64.22386169433594
2017-12-08,74.75,74.75,74.37999725341797,74.69000244140625,6804500,64.50023651123047
2017-12-11,74.75,74.83000183105469,74.41000366210938,74.54000091552734,5911600,64.37068176269531
2017-12-12,74.66999816894531,74.83000183105469,74.55000305175781,74.62000274658203,9259700,64.43976593017578
2017-12-13,74.80999755859375,75.30999755859375,74.5,74.91000366210938,8626600,64.69021606445312
2017-12-14,75.2300033569336,75.2300033569336,74.38999938964844,74.4000015258789,9214300,64.24978637695312
2017-12-15,74.44000244140625,74.70999908447266,74.02999877929688,74.5199966430664,8935000,64.7030258178711
2017-12-18,74.91000366210938,75.13999938964844,74.8499984741211,75.05000305175781,6017300,65.16321563720703
2017-12-19,75.27999877929688,75.41999816894531,74.87000274658203,75.06999969482422,6211600,65.1805648803711
2017-12-20,75.48999786376953,75.58000183105469,75.20999908447266,75.31999969482422,5778900,65.39762115478516
2017-12-21,75.5999984741211,75.66999816894531,75.19000244140625,75.37999725341797,9456400,65.44971466064453
2017-12-22,75.54000091552734,75.54000091552734,75.19999694824219,75.4000015258789,3730500,65.46710968017578
2017-12-26,75.48999786376953,75.7300033569336,75.31999969482422,75.4800033569336,4983900,65.53653717041016
2017-12-27,75.54000091552734,75.69000244140625,75.44000244140625,75.66000366210938,4730300,65.69282531738281
2017-12-28,75.87000274658203,75.87999725341797,75.52999877929688,75.80999755859375,4629600,65.82305908203125
2017-12-29,75.97000122070312,76,75.5999984741211,75.66999816894531,4825900,65.70153045654297
2018-01-02,75.91999816894531,76.12999725341797,75.56999969482422,76.12000274658203,14903900,66.09223937988281
2018-01-03,76.23999786376953,76.58000183105469,76.05999755859375,76.52999877929688,18155000,66.44822692871094
2018-01-04,76.86000061035156,77.1500015258789,76.72000122070312,77.08999633789062,16483000,66.93444061279297
2018-01-05,77.45999908447266,77.66000366210938,77.02999877929688,77.62000274658203,16996200,67.39463806152344
2018-01-08,77.69999694824219,77.98999786376953,77.5999984741211,77.94000244140625,5727500,67.67247009277344
2018-01-09,78.04000091552734,78.63999938964844,78.01000213623047,78.44000244140625,8967700,68.10660552978516
2018-01-10,78.29000091552734,78.69000244140625,78.05999755859375,78.43000030517578,11669500,68.09793853759766
2018-01-11,78.77999877929688,79.45999908447266,78.58000183105469,79.43000030517578,9448300,68.96617889404297
2018-01-12,79.79000091552734,80.25,79.6500015258789,80.16999816894531,7436200,69.60871124267578
2018-01-16,80.47000122070312,80.5999984741211,79.08999633789062,79.44999694824219,13343700,68.98355102539062
2018-01-17,79.58999633789062,79.97000122070312,79.33999633789062,79.88999938964844,7814300,69.36560821533203
2018-01-18,79.88999938964844,80.11000061035156,79.38999938964844,79.45999908447266,7790400,68.99224090576172
2018-01-19,79.77999877929688,79.79000091552734,79.33000183105469,79.69000244140625,8657700,69.19195556640625
2018-01-22,79.47000122070312,79.70999908447266,79.0999984741211,79.69000244140625,12175300,69.19195556640625
2018-01-23,79.68000030517578,79.80999755859375,79.3499984741211,79.7300033569336,8953800,69.22667694091797
2018-01-24,79.70999908447266,80.08000183105469,79.16999816894531,79.66000366210938,9660000,69.1658935546875
2018-01-25,79.86000061035156,79.9800033569336,79.06999969482422,79.73999786376953,12499200,69.2353515625
2018-01-26,79.9800033569336,80.66000366210938,79.70999908447266,80.66000366210938,8008300,70.03416442871094
2018-01-29,80.5199966430664,80.95999908447266,80.08999633789062,80.12000274658203,12870300,69.5652847290039
2018-01-30,79.58999633789062,79.86000061035156,79.12000274658203,79.48999786376953,16742400,69.01827239990234
2018-01-31,80.22000122070312,80.5199966430664,79.47000122070312,79.7300033569336,15988100,69.22667694091797
2018-02-01,79.22000122070312,80.2699966430664,79.11000061035156,79.58999633789062,14169300,69.10511016845703
2018-02-02,79.11000061035156,79.23999786376953,77.97000122070312,77.98999786376953,17929500,67.71589660644531
2018-02-05,77.16999816894531,78.18000030517578,73.94999694824219,74.44999694824219,30309100,64.64225006103516
2018-02-06,73.05000305175781,76.02999877929688,72.63999938964844,75.80999755859375,31980600,65.82305908203125
2018-02-07,75.75,77.1500015258789,75.48999786376953,75.94999694824219,22666800,65.94463348388672
2018-02-08,76.04000091552734,76.16000366210938,72.98999786376953,73.0199966430664,27282100,63.40062713623047
2018-02-09,73.87000274658203,74.43000030517578,71.48999786376953,73.80999755859375,40362500,64.08654022216797
2018-02-12,74.41000366210938,75.54000091552734,73.91000366210938,75,20776900,65.1197738647461
2018-02-13,74.58000183105469,75.37999725341797,74.48999786376953,75.16999816894531,12974600,65.26737976074219
2018-02-14,74.80000305175781,76.20999908447266,74.72000122070312,76.12000274658203,13482800,66.09223937988281
2018-02-15,76.72000122070312,77.2699966430664,76.06999969482422,77.2699966430664,10800400,67.09072875976562
2018-02-16,77.08999633789062,78.06999969482422,77.02999877929688,77.29000091552734,11161700,67.10809326171875
2018-02-20,76.93000030517578,77.27999877929688,76.23999786376953,76.51000213623047,11838900,66.43087005615234
2018-02-21,76.58999633789062,77.93000030517578,76.51000213623047,76.52999877929688,8650500,66.44822692871094
2018-02-22,76.87000274658203,77.73999786376953,76.80000305175781,77.04000091552734,10545200,66.89102935791016
2018-02-23,77.4000015258789,77.72000122070312,76.97000122070312,77.68000030517578,6603300,67.44670867919922
2018-02-26,78.05000305175781,78.87999725341797,77.7699966430664,78.75,8623300,68.37577056884766
2018-02-27,78.77999877929688,79.27999877929688,77.75,77.76000213623047,11019300,67.51619720458984
2018-02-28,78.16000366210938,78.2699966430664,76.6500015258789,76.6500015258789,16203900,66.55242156982422
2018-03-01,76.68000030517578,77.23999786376953,74.75,75.1500015258789,35549400,65.25001525878906
2018-03-02,74.5,75.3499984741211,73.9800033569336,75.12999725341797,27076400,65.2326431274414
2018-03-05,74.66000366210938,76.22000122070312,74.37999725341797,76.02999877929688,23038400,66.01409149169922
2018-03-06,76.43000030517578,76.56999969482422,75.79000091552734,76.37000274658203,18536300,66.30929565429688
2018-03-07,75.43000030517578,76.52999877929688,75.23999786376953,76.36000061035156,13625400,66.30062866210938
2018-03-08,76.68000030517578,76.83000183105469,76.0199966430664,76.76000213623047,10849100,66.64791870117188
2018-03-09,77.2699966430664,78.44999694824219,77.02999877929688,78.44999694824219,13092600,68.11528015136719
2018-03-12,78.58000183105469,78.58000183105469,77.26000213623047,77.4800033569336,11093600,67.2730941772461
2018-03-13,77.69999694824219,78.0999984741211,76.94999694824219,77.0999984741211,11518800,66.94312286376953
2018-03-14,77.54000091552734,77.54000091552734,76.04000091552734,76.26000213623047,11626200,66.21380615234375
2018-03-15,76.5,76.91999816894531,75.98999786376953,76.4800033569336,8362700,66.40483856201172
2018-03-16,76.08999633789062,76.8499984741211,76.08999633789062,76.58000183105469,10840000,66.75961303710938
2018-03-19,76.36000061035156,76.38999938964844,75.37000274658203,75.98999786376953,10845700,66.24527740478516
2018-03-20,76.13999938964844,76.69999694824219,76.08999633789062,76.25,7111800,66.4719467163086
2018-03-21,76.26000213623047,77.12999725341797,76.0199966430664,76.33999633789062,13818700,66.55036926269531
2018-03-22,75.58000183105469,75.83999633789062,73.72000122070312,73.81999969482422,18793900,64.35352325439453
2018-03-23,73.93000030517578,74.5,72.68000030517578,72.73999786376953,15457100,63.41204833984375
2018-03-26,73.94999694824219,74.5999984741211,73.12999725341797,74.5,12197000,64.94635009765625
2018-03-27,74.8499984741211,75.25,73.04000091552734,73.47000122070312,14726000,64.04843139648438
2018-03-28,73.72000122070312,73.80999755859375,72.63999938964844,73.22000122070312,21892300,63.83050537109375
2018-03-29,73.61000061035156,74.8499984741211,73.5,74.29000091552734,14051800,64.76329040527344
2018-04-02,74.06999969482422,74.19999694824219,71.77999877929688,72.76000213623047,27498800,63.429508209228516
2018-04-03,73.12999725341797,73.81999969482422,72.62999725341797,73.7699966430664,20149100,64.30994415283203
2018-04-04,72.19000244140625,74.16999816894531,72.01000213623047,74.08999633789062,19987600,64.58892822265625
2018-04-05,74.5,75.0199966430664,74.27999877929688,74.83999633789062,16496100,65.24272918701172
2018-04-06,74.0999984741211,74.55000305175781,72.11000061035156,72.7699966430664,18353400,63.43819046020508
2018-04-09,73.18000030517578,73.72000122070312,72.43000030517578,72.55000305175781,10279200,63.24643325805664
2018-04-10,73.63999938964844,74.08999633789062,73.13999938964844,73.66000366210938,18459100,64.21407318115234
2018-04-11,73,73.69999694824219,72.98999786376953,73.12000274658203,10633900,63.743343353271484
2018-04-12,73.61000061035156,74.47000122070312,73.55999755859375,74.16999816894531,8921500,64.65866088867188
2018-04-13,74.66999816894531,74.70999908447266,73.62999725341797,73.98999786376953,9904100,64.5017318725586
2018-04-16,74.52999877929688,74.95999908447266,74.41000366210938,74.7300033569336,8232700,65.14686584472656
2018-04-17,75.30999755859375,75.66999816894531,75.0999984741211,75.36000061035156,8676800,65.69605255126953
2018-04-18,75.8499984741211,76.41000366210938,75.73999786376953,76.13999938964844,10138200,66.37604522705078
2018-04-19,76.04000091552734,76.23999786376953,75.41999816894531,75.93000030517578,12515200,66.19296264648438
2018-04-20,76.25,76.3499984741211,75.33000183105469,75.5999984741211,11612800,65.9052734375
2018-04-23,75.88999938964844,75.91000366210938,75.1500015258789,75.51000213623047,14427800,65.82683563232422
2018-04-24,75.88999938964844,76.04000091552734,72.4800033569336,73.4000015258789,21104800,63.98741912841797
2018-04-25,73.4800033569336,73.83999633789062,72.4800033569336,73.61000061035156,14949200,64.17049407958984
2018-04-26,73.52999877929688,73.72000122070312,72.68000030517578,73.33999633789062,19955400,63.93508529663086
2018-04-27,73,73.33000183105469,72.72000122070312,73.19000244140625,11555800,63.804359436035156
2018-04-30,73.38999938964844,73.52999877929688,72.20999908447266,72.22000122070312,15867500,62.95875930786133
2018-05-01,72.11000061035156,72.13999938964844,70.79000091552734,71.88999938964844,21829500,62.67104721069336
2018-05-02,71.61000061035156,72.98999786376953,71.18000030517578,71.26000213623047,14789300,62.12184143066406
2018-05-03,70.91000366210938,71.80000305175781,70.02999877929688,71.43000030517578,25826600,62.27006149291992
2018-05-04,70.9000015258789,72.5,70.81999969482422,72.26000213623047,11695500,62.99360656738281
2018-05-07,72.5,72.94999694824219,72.41000366210938,72.73999786376953,11812600,63.41204833984375
2018-05-08,72.69999694824219,73.36000061035156,72.55000305175781,73.26000213623047,10341600,63.8653564453125
2018-05-09,73.48999786376953,74.29000091552734,73.41000366210938,74.05000305175781,14973400,64.5540542602539
2018-05-10,74.33000183105469,74.70999908447266,74.19999694824219,74.55000305175781,7213700,64.98995971679688
2018-05-11,74.6500015258789,75.02999877929688,74.51000213623047,74.70999908447266,8060000,65.12942504882812
2018-05-14,74.88999938964844,75.13999938964844,74.41000366210938,74.58000183105469,5856600,65.0160903930664
2018-05-15,74.18000030517578,74.38999938964844,74.01000213623047,74.33000183105469,10180500,64.79816436767578
2018-05-16,74.31999969482422,74.8499984741211,74.23999786376953,74.5999984741211,6281300,65.03350830078125
2018-05-17,74.56999969482422,75.20999908447266,74.5199966430664,74.88999938964844,7519500,65.2863540649414
2018-05-18,74.88999938964844,75.47000122070312,74.86000061035156,75.33000183105469,7482900,65.66990661621094
2018-05-21,76.0999984741211,76.80999755859375,76,76.47000122070312,13744100,66.6637191772461
2018-05-22,76.5999984741211,76.68000030517578,75.5,75.52999877929688,8754900,65.84424591064453
2018-05-23,75.06999969482422,75.45999908447266,74.7699966430664,75.45999908447266,12909000,65.78323364257812
2018-05-24,75.2699966430664,75.94000244140625,75.18000030517578,75.83000183105469,9371800,66.10581970214844
2018-05-25,75.68000030517578,75.94000244140625,75.47000122070312,75.69000244140625,8111800,65.98377227783203
2018-05-29,75.05999755859375,75.25,74.12999725341797,74.4800033569336,18470400,64.92894744873047
2018-05-30,74.97000122070312,75.61000061035156,74.72000122070312,75.52999877929688,11431700,65.84424591064453
2018-05-31,75.37999725341797,75.43000030517578,74.20999908447266,74.44000244140625,14117000,64.89405059814453
2018-06-01,74.87000274658203,75.38999938964844,74.81999969482422,75.26000213623047,9717100,65.60887908935547
2018-06-04,75.51000213623047,75.8499984741211,75.04000091552734,75.1500015258789,8788700,65.51299285888672
2018-06-05,75.1500015258789,75.38999938964844,74.91999816894531,75.23999786376953,7906100,65.59143829345703
2018-06-06,75.41000366210938,75.94999694824219,75.16999816894531,75.87000274658203,6751900,66.14067840576172
2018-06-07,76.05000305175781,76.29000091552734,75.70999908447266,76.19000244140625,9952400,66.41961669921875
2018-06-08,76.08000183105469,76.54000091552734,75.91999816894531,76.44000244140625,6557900,66.6375732421875
2018-06-11,76.44999694824219,76.81999969482422,76.3499984741211,76.58999633789062,5225300,66.76834106445312
2018-06-12,76.70999908447266,76.77999877929688,76.31999969482422,76.51000213623047,5802800,66.69860076904297
2018-06-13,76.54000091552734,76.58999633789062,75.8499984741211,75.9000015258789,8553700,66.16682434082031
2018-06-14,76.13999938964844,76.3499984741211,75.41000366210938,75.61000061035156,10501500,65.91400909423828
2018-06-15,74.80999755859375,75.26000213623047,74.29000091552734,75.12000274658203,14757400,65.74945831298828
2018-06-18,74.55000305175781,74.94000244140625,74.33999633789062,74.80999755859375,8330300,65.4781265258789
2018-06-19,73.94999694824219,74,72.94999694824219,73.2300033569336,17955400,64.0952377319336
2018-06-20,73.4800033569336,73.5199966430664,73.0199966430664,73.27999877929688,11975900,64.13898468017578
2018-06-21,73.01000213623047,73.13999938964844,72.11000061035156,72.36000061035156,15497800,63.33371353149414
2018-06-22,72.87000274658203,73.08000183105469,72.52999877929688,72.61000061035156,13643900,63.55256271362305
2018-06-25,72.04000091552734,72.22000122070312,71.22000122070312,71.69000244140625,23091500,62.74732971191406
2018-06-26,72.01000213623047,72.31999969482422,71.80000305175781,71.95999908447266,11342100,62.983638763427734
2018-06-27,72.25,73.01000213623047,71.3499984741211,71.37999725341797,19853200,62.47597885131836
2018-06-28,71.23999786376953,71.80000305175781,70.81999969482422,71.4800033569336,15329800,62.563514709472656
2018-06-29,71.77999877929688,72.43000030517578,71.5999984741211,71.62999725341797,14908000,62.69481658935547
2018-07-02,71.06999969482422,71.80000305175781,70.88999938964844,71.79000091552734,14098700,62.834842681884766
2018-07-03,72.06999969482422,72.4000015258789,71.37000274658203,71.55999755859375,7083300,62.63352966308594
2018-07-05,71.80999755859375,71.95999908447266,71.22000122070312,71.91000366210938,8465700,62.939884185791016
2018-07-06,71.8499984741211,72.37999725341797,71.43000030517578,72.16000366210938,9757500,63.15868377685547
2018-07-09,72.4800033569336,73.5199966430664,72.41000366210938,73.5,13034000,64.33154296875
2018-07-10,73.52999877929688,73.9000015258789,73.33999633789062,73.7300033569336,9880400,64.5328598022461
2018-07-11,73.08999633789062,73.0999984741211,72.36000061035156,72.5199966430664,14208000,63.47380828857422
2018-07-12,73.05999755859375,73.44999694824219,72.61000061035156,73.37000274658203,12705600,64.2177505493164
2018-07-13,73.33999633789062,73.87999725341797,73.30000305175781,73.75,18494200,64.55035400390625
2018-07-16,73.88999938964844,74.05999755859375,73.26000213623047,73.44999694824219,9576100,64.28776550292969
2018-07-17,73.38999938964844,73.83000183105469,73.19000244140625,73.73999786376953,7326000,64.54158782958984
2018-07-18,74,74.76000213623047,73.91000366210938,74.55000305175781,13821300,65.25057220458984
2018-07-19,74.2699966430664,74.68000030517578,73.97000122070312,74.5199966430664,8790000,65.22430419921875
2018-07-20,74.41999816894531,74.72000122070312,74.12000274658203,74.44000244140625,7922400,65.15430450439453
2018-07-23,74.26000213623047,74.29000091552734,73.83999633789062,73.9800033569336,7822000,64.75166320800781
2018-07-24,74.36000061035156,74.72000122070312,73.95999908447266,74.29000091552734,12140400,65.02298736572266
2018-07-25,74.06999969482422,75.41999816894531,73.94999694824219,75.41999816894531,17949600,66.01203918457031
2018-07-26,75.26000213623047,76.1500015258789,75.25,76,15115200,66.51966857910156
2018-07-27,76.1500015258789,76.33999633789062,75.6500015258789,76.01000213623047,11281500,66.52845764160156
2018-07-30,76.11000061035156,76.5,75.18000030517578,75.26000213623047,13423600,65.87198638916016
2018-07-31,75.83000183105469,76.98999786376953,75.69000244140625,76.91999816894531,17709500,67.3249282836914
2018-08-01,76.62999725341797,76.68000030517578,75.69000244140625,75.87999725341797,14214600,66.41465759277344
2018-08-02,75.33999633789062,75.87999725341797,75.11000061035156,75.77999877929688,10812400,66.3271255493164
2018-08-03,75.72000122070312,75.9000015258789,75.37999725341797,75.8499984741211,11021500,66.3884048461914
2018-08-06,75.80999755859375,75.98999786376953,75.5,75.95999908447266,5460300,66.48467254638672
2018-08-07,76.22000122070312,76.61000061035156,76.01000213623047,76.5,8381900,66.9572982788086
2018-08-08,76.44999694824219,76.51000213623047,76.05999755859375,76.16000366210938,4745200,66.65973663330078
2018-08-09,76.13999938964844,76.33999633789062,75.69000244140625,75.73999786376953,13085900,66.29212188720703
2018-08-10,75.30000305175781,75.43000030517578,74.86000061035156,75.06999969482422,10684800,65.70568084716797
2018-08-13,75.37999725341797,75.41000366210938,74.51000213623047,74.70999908447266,13471800,65.39061737060547
2018-08-14,75,75.52999877929688,74.94000244140625,75.2300033569336,8500500,65.84574127197266
2018-08-15,74.61000061035156,74.98999786376953,73.98999786376953,74.87000274658203,20329400,65.5306396484375
2018-08-16,75.45999908447266,76,75.25,75.81999969482422,10447200,66.36214447021484
2018-08-17,75.63999938964844,76.44000244140625,75.61000061035156,76.27999877929688,13993100,66.7647476196289
2018-08-20,76.44000244140625,76.94000244140625,76.4000015258789,76.79000091552734,8239300,67.21113586425781
2018-08-21,76.87999725341797,77.45999908447266,76.87999725341797,77.36000061035156,10034000,67.71004486083984
2018-08-22,77.16000366210938,77.25,76.61000061035156,76.61000061035156,7149700,67.05359649658203
2018-08-23,76.6500015258789,76.6500015258789,76.20999908447266,76.38999938964844,8336500,66.86105346679688
2018-08-24,76.56999969482422,76.7699966430664,76.36000061035156,76.72000122070312,6411600,67.14987182617188
2018-08-27,77.0999984741211,77.70999908447266,77.01000213623047,77.69000244140625,9767500,67.99888610839844
2018-08-28,77.83999633789062,77.91999816894531,77.47000122070312,77.52999877929688,8440600,67.85884857177734
2018-08-29,77.58999633789062,77.7300033569336,77.36000061035156,77.58999633789062,6339000,67.91133880615234
2018-08-30,77.41999816894531,77.61000061035156,76.86000061035156,77.05000305175781,10145600,67.43872833251953
2018-08-31,76.86000061035156,77.23999786376953,76.79000091552734,77.0999984741211,7192400,67.48246002197266
2018-09-04,76.80999755859375,77.0999984741211,76.6500015258789,77.04000091552734,8597700,67.42996215820312
2018-09-05,76.91000366210938,77.61000061035156,76.70999908447266,77.58999633789062,10761300,67.91133880615234
2018-09-06,77.63999938964844,78.05999755859375,77.5,77.83000183105469,8083000,68.12140655517578
2018-09-07,77.62000274658203,77.94999694824219,77.18000030517578,77.58999633789062,11039700,67.91133880615234
2018-09-10,77.88999938964844,78.30000305175781,77.88999938964844,77.98999786376953,9550200,68.2614517211914
2018-09-11,77.6500015258789,78.19999694824219,77.47000122070312,77.97000122070312,6945600,68.24394989013672
2018-09-12,77.93000030517578,78.52999877929688,77.7699966430664,78.20999908447266,10906200,68.45399475097656
2018-09-13,78.58999633789062,78.95999908447266,78.38999938964844,78.68000030517578,8849000,68.86539459228516
2018-09-14,78.69999694824219,79.12999725341797,78.44000244140625,79.06999969482422,8478500,69.20674133300781
2018-09-17,79.02999877929688,79.44000244140625,78.95999908447266,79.0999984741211,8368500,69.23297882080078
2018-09-18,79.27999877929688,80,78.93000030517578,79.81999969482422,8691000,69.86317443847656
2018-09-19,79.73999786376953,80.25,79.6500015258789,79.75,7938300,69.80191802978516
2018-09-20,80.12000274658203,80.41000366210938,79.54000091552734,79.87000274658203,11466900,69.90693664550781
2018-09-21,79.75,80,79.62999725341797,80,15133900,70.35897827148438
2018-09-24,79.5,79.5999984741211,78.55000305175781,78.62999725341797,11999600,69.15408325195312
2018-09-25,78.7300033569336,78.83000183105469,78.30999755859375,78.38999938964844,12369600,68.9430160522461
2018-09-26,78.55999755859375,78.83999633789062,78.19000244140625,78.33999633789062,11426200,68.8990478515625
2018-09-27,78.54000091552734,78.81999969482422,78.19000244140625,78.44999694824219,8504200,68.99577331542969
2018-09-28,78.2699966430664,78.58000183105469,78.12999725341797,78.4000015258789,7545400,68.95182800292969
2018-10-01,79.36000061035156,79.55000305175781,78.80999755859375,79.08999633789062,16832100,69.55867004394531
2018-10-02,79.05000305175781,79.41000366210938,78.80000305175781,79.2699966430664,8523700,69.71694946289062
2018-10-03,79.5999984741211,80.0199966430664,79.43000030517578,79.5999984741211,10534900,70.00720977783203
2018-10-04,79.43000030517578,79.75,78.73999786376953,79.33999633789062,12520900,69.77853393554688
2018-10-05,79.38999938964844,79.75,78.5199966430664,78.93000030517578,14165500,69.41795349121094
2018-10-08,78.9000015258789,79.19999694824219,78.30999755859375,79.12999725341797,9359700,69.59383392333984
2018-10-09,78.9000015258789,79.0199966430664,77.9000015258789,77.91000366210938,11606800,68.52086639404297
2018-10-10,77.7699966430664,77.7699966430664,75.19000244140625,75.4000015258789,34050400,66.31336975097656
2018-10-11,74.91000366210938,75.56999969482422,73.19999694824219,73.41000366210938,54550500,64.56317138671875
2018-10-12,74.69999694824219,74.80999755859375,73.05000305175781,73.9000015258789,29409800,64.99413299560547
2018-10-15,73.8499984741211,74.62999725341797,73.79000091552734,74.04000091552734,15201200,65.11726379394531
2018-10-16,74.31999969482422,75.36000061035156,74,75.29000091552734,12547300,66.21661376953125
2018-10-17,75.30999755859375,75.55000305175781,74.33999633789062,74.73999786376953,15610600,65.73291778564453
2018-10-18,74.27999877929688,74.58000183105469,73,73.44999694824219,19139300,64.59835052490234
2018-10-19,73.41000366210938,73.88999938964844,72.91999816894531,73.18000030517578,17152400,64.36090850830078
2018-10-22,73.29000091552734,73.47000122070312,72.58999633789062,72.93000030517578,13675500,64.1410140991211
2018-10-23,71.23999786376953,72.25,70.66999816894531,71.7300033569336,25139900,63.08563995361328
2018-10-24,71.94999694824219,72.1500015258789,69.16999816894531,69.30000305175781,22170900,60.94850158691406
2018-10-25,69.5999984741211,70.30999755859375,69.25,69.79000091552734,23871500,61.379425048828125
2018-10-26,69.08000183105469,69.86000061035156,68.12000274658203,69.0999984741211,34330800,60.772586822509766
2018-10-29,70.05999755859375,70.22000122070312,66.98999786376953,67.94999694824219,23645600,59.761173248291016
2018-10-30,67.87999725341797,69.43000030517578,67.61000061035156,69.3499984741211,23445800,60.992462158203125
2018-10-31,70.01000213623047,70.73999786376953,69.83999633789062,69.87999725341797,14205500,61.45858383178711
2018-11-01,70.16999816894531,71.3499984741211,70.0199966430664,71.11000061035156,22653800,62.540374755859375
2018-11-02,71.75,71.93000030517578,70.55000305175781,70.98999786376953,23216400,62.43479537963867
2018-11-05,71.05999755859375,71.63999938964844,70.86000061035156,71.36000061035156,17524400,62.76021194458008
2018-11-06,71.29000091552734,72.16000366210938,71.19000244140625,72.11000061035156,15588600,63.41984939575195
2018-11-07,72.79000091552734,73.33999633789062,72,73.27999877929688,14217700,64.4488296508789
2018-11-08,73.12000274658203,73.54000091552734,72.86000061035156,73.16000366210938,11967400,64.34331512451172
2018-11-09,72.6500015258789,72.9000015258789,71.91000366210938,72.41999816894531,23409100,63.69245529174805
2018-11-12,72.37000274658203,72.41999816894531,70.87999725341797,70.98999786376953,10822300,62.43479537963867
2018-11-13,71.05999755859375,72.22000122070312,70.86000061035156,71.30999755859375,16032200,62.71626281738281
2018-11-14,71.79000091552734,72.2699966430664,70.5999984741211,71.06999969482422,18374100,62.505165100097656
2018-11-15,70.52999877929688,72.38999938964844,70.2699966430664,72.01000213623047,24411600,63.331878662109375
2018-11-16,71.80000305175781,72.33999633789062,71.36000061035156,71.98999786376953,15156000,63.31428527832031
2018-11-19,71.87000274658203,71.94999694824219,70.56999969482422,70.8499984741211,14365300,62.31168746948242
2018-11-20,69.68000030517578,70.05999755859375,69.08000183105469,69.37999725341797,18024900,61.018829345703125
2018-11-21,69.91000366210938,70.41999816894531,69.73999786376953,69.87000274658203,10846000,61.44977951049805
2018-11-23,69.3499984741211,70.20999908447266,69.33999633789062,69.7300033569336,6205500,61.3266716003418
2018-11-26,70.2699966430664,70.66000366210938,69.7300033569336,70.23999786376953,12896300,61.77519607543945
2018-11-27,69.91000366210938,70.19999694824219,69.43000030517578,70.12000274658203,14430900,61.669654846191406
2018-11-28,70.5,71.80000305175781,69.9800033569336,71.80000305175781,14139400,63.14719772338867
2018-11-29,71.63999938964844,72.18000030517578,71.12999725341797,71.83999633789062,12997900,63.18238067626953
2018-11-30,71.76000213623047,72.6500015258789,71.5999984741211,72.54000091552734,16428000,63.79802322387695
2018-12-03,73.91000366210938,74.45999908447266,73.06999969482422,73.37999725341797,19554600,64.53678894042969
2018-12-04,73.13999938964844,73.13999938964844,70.16000366210938,70.26000213623047,20580300,61.79279708862305
2018-12-06,68.95999908447266,69.87999725341797,67.80000305175781,69.87000274658203,28325800,61.44977951049805
2018-12-07,69.69999694824219,70.5,67.80000305175781,68.02999877929688,19238300,59.83152389526367
2018-12-10,67.95999908447266,68.44000244140625,66.69999694824219,68.19999694824219,25360000,59.98103713989258
2018-12-11,69.30000305175781,69.44000244140625,67.38999938964844,67.80000305175781,18475700,59.6292610168457
2018-12-12,68.69999694824219,69.19999694824219,68.12999725341797,68.18000030517578,14776400,59.96345138549805
2018-12-13,68.69999694824219,68.80999755859375,67.72000122070312,67.98999786376953,15917800,59.79633331298828
2018-12-14,67.26000213623047,67.94000244140625,66.83000183105469,67.05000305175781,14806200,58.969635009765625
2018-12-17,66.87999725341797,67.30000305175781,65.54000091552734,65.94999694824219,19796800,58.002197265625
2018-12-18,66.62999725341797,67.13999938964844,65.9000015258789,66.27999877929688,15665200,58.29243087768555
2018-12-19,66.19999694824219,67.5999984741211,64.58999633789062,65.02999877929688,23552900,57.19306182861328
2018-12-20,64.5999984741211,65.18000030517578,63.130001068115234,63.84000015258789,25709900,56.1464729309082
2018-12-21,63.61000061035156,64.22000122070312,62.11000061035156,62.25,28744200,55.086341857910156
2018-12-24,61.66999816894531,61.95000076293945,60.290000915527344,60.34000015258789,15800200,53.39613342285156
2018-12-26,60.58000183105469,63.220001220703125,59.91999816894531,63.150001525878906,17549000,55.882774353027344
2018-12-27,62.220001220703125,63.970001220703125,61.529998779296875,63.939998626708984,13980700,56.58186721801758
2018-12-28,64.16999816894531,64.69999694824219,63.54999923706055,63.77000045776367,15917200,56.43142318725586
2018-12-31,64.1500015258789,64.54000091552734,63.72999954223633,64.41000366210938,10068900,56.997779846191406
2019-01-02,63.459999084472656,64.79000091552734,63.09000015258789,64.73999786376953,14687500,57.28978729248047
2019-01-03,64.29000091552734,64.29000091552734,62.4900016784668,62.77000045776367,25976200,55.5464973449707
2019-01-04,63.689998626708984,65.2699966430664,63.689998626708984,65.1500015258789,19883600,57.65262222290039
2019-01-07,65.41999816894531,66.11000061035156,64.80000305175781,65.68000030517578,15193100,58.121620178222656
2019-01-08,66.58000183105469,66.98999786376953,65.94999694824219,66.58000183105469,23069500,58.918060302734375
2019-01-09,66.83999633789062,67.33999633789062,66.5999984741211,67.02999877929688,10036600,59.31627655029297
2019-01-10,66.79000091552734,68.0199966430664,66.48999786376953,67.94000244140625,8900400,60.12153625488281
2019-01-11,67.4800033569336,67.91000366210938,67.23999786376953,67.87000274658203,10691300,60.05961227416992
2019-01-14,67.37000274658203,68.16999816894531,67.16000366210938,67.86000061035156,10105500,60.050758361816406
2019-01-15,67.80000305175781,68.08999633789062,67.2699966430664,67.6500015258789,12517400,59.86493682861328
2019-01-16,67.73999786376953,68.05999755859375,67.62000274658203,67.72000122070312,12029900,59.92686462402344
2019-01-17,67.44000244140625,69.26000213623047,67.3499984741211,68.87999725341797,22922500,60.9533576965332
2019-01-18,69.4800033569336,70.44000244140625,69.2699966430664,70.19000244140625,20020200,62.112613677978516
2019-01-22,69.58999633789062,69.61000061035156,68.27999877929688,68.73999786376953,15935300,60.829471588134766
2019-01-23,69.19000244140625,69.55000305175781,68.06999969482422,68.83999633789062,13243800,60.9179573059082
2019-01-24,69.08999633789062,69.5,68.80000305175781,69.19000244140625,10361800,61.22770690917969
2019-01-25,69.8499984741211,70.36000061035156,69.66000366210938,70.06999969482422,13065900,62.00642395019531
2019-01-28,69.06999969482422,69.44000244140625,68.77999877929688,69.4000015258789,13144000,61.41353225708008
2019-01-29,69.69999694824219,70.48999786376953,69.68000030517578,70.36000061035156,12384000,62.2630615234375
2019-01-30,71.08999633789062,71.80000305175781,70.29000091552734,71.45999908447266,16892500,63.23645782470703
2019-01-31,71.58999633789062,72.11000061035156,71.30000305175781,71.7699966430664,13867100,63.51078796386719
2019-02-01,71.9800033569336,72.41000366210938,71.69000244140625,71.87999725341797,11845000,63.60811996459961
2019-02-04,71.9800033569336,72.8499984741211,71.79000091552734,72.80999755859375,7688400,64.43110656738281
2019-02-05,72.93000030517578,73.4800033569336,72.69999694824219,73.44000244140625,9079100,64.9886245727539
2019-02-06,73.31999969482422,73.80999755859375,73.20999908447266,73.45999908447266,15557600,65.00629425048828
2019-02-07,72.98999786376953,73.37999725341797,72.4000015258789,72.95999908447266,15611400,64.5638427734375
2019-02-08,72.5,73.06999969482422,72.1500015258789,73.06999969482422,15977000,64.66117858886719
2019-02-11,73.27999877929688,73.63999938964844,73.23999786376953,73.45999908447266,7909800,65.00629425048828
2019-02-12,74.0199966430664,74.76000213623047,73.87000274658203,74.5999984741211,8909700,66.01512145996094
2019-02-13,74.87000274658203,75.2699966430664,74.66999816894531,75.04000091552734,8134200,66.40448760986328
2019-02-14,74.61000061035156,75,74.41000366210938,74.69000244140625,11703600,66.09476470947266
2019-02-15,75.1500015258789,75.69999694824219,74.98999786376953,75.69000244140625,9593200,66.97970581054688
2019-02-19,75.45999908447266,75.9000015258789,75.22000122070312,75.66000366210938,7994800,66.9531478881836
2019-02-20,75.62999725341797,76.05999755859375,75.54000091552734,76.0199966430664,8911400,67.27171325683594
2019-02-21,75.83999633789062,76.02999877929688,75.45999908447266,75.70999908447266,6782700,66.99736785888672
2019-02-22,75.9800033569336,76.25,75.68000030517578,76.20999908447266,9816900,67.43983459472656
2019-02-25,77,77.12999725341797,76.4800033569336,76.51000213623047,10108500,67.70533752441406
2019-02-26,76.30999755859375,82.66000366210938,76.27999877929688,76.30000305175781,11730800,67.51947784423828
2019-02-27,76.16999816894531,76.66999816894531,75.88999938964844,76.5999984741211,8033300,67.78495788574219
2019-02-28,76.61000061035156,76.6500015258789,76.29000091552734,76.33999633789062,8531300,67.55487060546875
2019-03-01,76.91000366210938,77.0999984741211,76.01000213623047,76.41000366210938,12786600,67.61683654785156
2019-03-04,76.7699966430664,77.0999984741211,75.4800033569336,76.06999969482422,19150400,67.31595611572266
2019-03-05,76.11000061035156,76.27999877929688,75.55999755859375,75.58000183105469,13820500,66.8823471069336
2019-03-06,75.47000122070312,75.61000061035156,74.8499984741211,74.87000274658203,18468400,66.2540512084961
2019-03-07,74.68000030517578,74.80000305175781,73.7699966430664,74.41999816894531,19104700,65.85584259033203
2019-03-08,73.70999908447266,74.30000305175781,73.61000061035156,74.2699966430664,14341300,65.72309112548828
2019-03-11,73.20999908447266,74.93000030517578,73.04000091552734,74.9000015258789,15298200,66.28060913085938
2019-03-12,74.80000305175781,74.88999938964844,74.13999938964844,74.27999877929688,17995800,65.73193359375
2019-03-13,74.55000305175781,75.18000030517578,74.45999908447266,74.93000030517578,13387900,66.30712890625
2019-03-14,74.91999816894531,75.11000061035156,74.48999786376953,74.68000030517578,9636500,66.0859146118164
2019-03-15,74.33999633789062,74.5199966430664,73.8499984741211,73.98999786376953,24900000,65.85272979736328
2019-03-18,73.87999725341797,74.7699966430664,73.80000305175781,74.70999908447266,10313900,66.49353790283203
2019-03-19,74.95999908447266,75.22000122070312,74.16000366210938,74.44000244140625,10778100,66.25323486328125
2019-03-20,74.25,74.52999877929688,73.5199966430664,73.93000030517578,11259400,65.7993392944336
2019-03-21,73.70999908447266,74.80000305175781,73.6500015258789,74.63999938964844,10638600,66.4312515258789
2019-03-22,74.22000122070312,74.2699966430664,72.9000015258789,72.94999694824219,18004400,64.92709350585938
2019-03-25,72.97000122070312,73.51000213623047,72.79000091552734,73.12000274658203,12372800,65.07842254638672
2019-03-26,73.63999938964844,73.91000366210938,73.16000366210938,73.61000061035156,10524000,65.5145263671875
2019-03-27,73.62999725341797,74.02999877929688,73.13999938964844,73.69000244140625,10556100,65.58573150634766
2019-03-28,73.9000015258789,74.33000183105469,73.69000244140625,74.2300033569336,10030100,66.06632995605469
2019-03-29,74.72000122070312,75.08999633789062,74.66000366210938,75.02999877929688,10138800,66.77835083007812
2019-04-01,75.72000122070312,76.69999694824219,75.66999816894531,76.58000183105469,15531000,68.15789031982422
2019-04-02,76.62000274658203,76.81999969482422,76.36000061035156,76.55000305175781,10397600,68.13117980957031
2019-04-03,76.86000061035156,76.95999908447266,76.12000274658203,76.31999969482422,12726000,67.92647552490234
2019-04-04,76.27999877929688,77.05999755859375,76.2699966430664,76.79000091552734,9236600,68.34477996826172
2019-04-05,77.08000183105469,77.25,76.88999938964844,77.01000213623047,7531000,68.54061126708984
2019-04-08,76.43000030517578,76.69999694824219,76.0999984741211,76.68000030517578,8819100,68.24688720703125
2019-04-09,76.1500015258789,76.18000030517578,75.51000213623047,75.63999938964844,9814500,67.32127380371094
2019-04-10,75.69999694824219,75.77999877929688,75.16000366210938,75.62000274658203,13974700,67.30347442626953
2019-04-11,75.63999938964844,76.3499984741211,75.58999633789062,76.2699966430664,9532200,67.8819808959961
2019-04-12,77.01000213623047,77.27999877929688,76.73999786376953,77.27999877929688,11175100,68.78089904785156
2019-04-15,77.16999816894531,77.33000183105469,76.73999786376953,76.8499984741211,7368100,68.39820098876953
2019-04-16,77.11000061035156,77.41999816894531,76.93000030517578,77.31999969482422,7101600,68.8165054321289
2019-04-17,77.77999877929688,77.98999786376953,77.4000015258789,77.41999816894531,10363900,68.9054946899414
2019-04-18,77.73999786376953,78.41999816894531,77.73999786376953,78.30999755859375,13192700,69.69759368896484
2019-04-22,78.01000213623047,78.25,77.69000244140625,78.06999969482422,6477700,69.48403930664062
2019-04-23,78.30000305175781,78.91000366210938,78.05999755859375,78.75,13760500,70.08922576904297
2019-04-24,78.75,78.94999694824219,78.48999786376953,78.5199966430664,7718000,69.88452911376953
2019-04-25,77.63999938964844,77.66000366210938,76.58999633789062,76.94000244140625,12555900,68.47832489013672
2019-04-26,76.9800033569336,77.5199966430664,76.83999633789062,77.5199966430664,12262600,68.99449920654297
2019-04-29,77.5199966430664,77.94999694824219,77.43000030517578,77.69999694824219,8759000,69.15471649169922
2019-04-30,78.0199966430664,78.22000122070312,77.3499984741211,78.01000213623047,9546700,69.43061065673828
2019-05-01,78.25,78.5,77.5,77.5,16918700,68.9767074584961
2019-05-02,77.30999755859375,77.62999725341797,76.80999755859375,77.45999908447266,16360900,68.94110870361328
2019-05-03,77.7300033569336,78.47000122070312,77.7300033569336,78.4000015258789,12904100,69.77774047851562
2019-05-06,76.76000213623047,77.79000091552734,76.69999694824219,77.6500015258789,11928800,69.11021423339844
2019-05-07,76.69999694824219,76.8499984741211,75.48999786376953,76.08000183105469,18355800,67.71287536621094
2019-05-08,75.94000244140625,76.61000061035156,75.83000183105469,76.08000183105469,16464800,67.71287536621094
2019-05-09,75.27999877929688,76.0999984741211,74.83000183105469,75.97000122070312,14923700,67.61498260498047
2019-05-10,75.47000122070312,76.45999908447266,74.58999633789062,76.2699966430664,17419800,67.8819808959961
2019-05-13,74.5,74.79000091552734,73.5999984741211,74.0999984741211,20011000,65.95063781738281
2019-05-14,74.37000274658203,75.44000244140625,74.2699966430664,74.87000274658203,11317900,66.63594055175781
2019-05-15,74.19999694824219,75.27999877929688,74.02999877929688,74.97000122070312,12290000,66.7249526977539
2019-05-16,75.30999755859375,75.91000366210938,75.16000366210938,75.66000366210938,7450000,67.33906555175781
2019-05-17,74.83999633789062,75.63999938964844,74.7300033569336,74.81999969482422,16305500,66.59143829345703
2019-05-20,74.3499984741211,74.91000366210938,74.27999877929688,74.62999725341797,11638300,66.42235565185547
2019-05-21,75.2699966430664,75.5999984741211,75.06999969482422,75.51000213623047,10612300,67.20556640625
2019-05-22,75.25,75.33999633789062,74.88999938964844,74.88999938964844,9114700,66.65374755859375
2019-05-23,74.06999969482422,74.18000030517578,73.29000091552734,73.75,16205600,65.63911437988281
2019-05-24,74.23999786376953,74.37000274658203,73.58000183105469,73.77999877929688,11127400,65.66581726074219
2019-05-28,73.87000274658203,74.1500015258789,73.08999633789062,73.0999984741211,11263100,65.06059265136719
2019-05-29,72.77999877929688,73.0999984741211,72.08000183105469,72.7699966430664,14257100,64.76688385009766
2019-05-30,73.08999633789062,73.41000366210938,72.80000305175781,73.05000305175781,10103500,65.01610565185547
2019-05-31,72.2699966430664,72.55000305175781,71.98999786376953,72.05000305175781,13718400,64.12608337402344
2019-06-03,71.93000030517578,72.94000244140625,71.91000366210938,72.54000091552734,17515000,64.56219482421875
2019-06-04,73.23999786376953,74.30000305175781,73.11000061035156,74.2699966430664,16424700,66.1019058227539
2019-06-05,74.66000366210938,75.08000183105469,74.4000015258789,74.98999786376953,12865600,66.74274444580078
2019-06-06,75.06999969482422,75.31999969482422,74.44000244140625,75.12000274658203,11387300,66.85846710205078
2019-06-07,75.4000015258789,76.02999877929688,75.3499984741211,75.72000122070312,9234300,67.39247131347656
2019-06-10,76.44000244140625,76.6500015258789,75.80000305175781,75.81999969482422,9513900,67.48148345947266
2019-06-11,76.2699966430664,76.44999694824219,74.87000274658203,75.16999816894531,11936300,66.90296173095703
2019-06-12,75.11000061035156,75.37000274658203,74.93000030517578,75.33000183105469,5612300,67.04534912109375
2019-06-13,75.45999908447266,75.76000213623047,75.26000213623047,75.70999908447266,6987000,67.3835678100586
2019-06-14,75.62000274658203,75.70999908447266,75.08999633789062,75.41000366210938,5966600,67.11656188964844
2019-06-17,75.44999694824219,75.56999969482422,75.08999633789062,75.1500015258789,7708800,66.8851547241211
2019-06-18,75.54000091552734,76.70999908447266,75.54000091552734,76.61000061035156,12506300,68.1845932006836
2019-06-19,76.73999786376953,76.76000213623047,76.19000244140625,76.55000305175781,11171700,68.13117980957031
2019-06-20,77.44999694824219,77.93000030517578,76.95999908447266,77.83000183105469,14503200,69.2704086303711
2019-06-21,77.48999786376953,77.80999755859375,77.05000305175781,77.08000183105469,11526800,68.90122985839844
2019-06-24,77.11000061035156,77.38999938964844,76.9000015258789,76.93000030517578,8388300,68.76715850830078
2019-06-25,76.93000030517578,76.95999908447266,76.29000091552734,76.3499984741211,9267600,68.24869537353516
2019-06-26,76.55999755859375,76.76000213623047,76.3499984741211,76.54000091552734,7262700,68.41851806640625
2019-06-27,76.5999984741211,76.87000274658203,76.29000091552734,76.61000061035156,7573800,68.48110961914062
2019-06-28,76.72000122070312,77.47000122070312,76.72000122070312,77.41999816894531,11152300,69.20513916015625
2019-07-01,78.05000305175781,78.44000244140625,77.16000366210938,77.48999786376953,10300100,69.26771545410156
2019-07-02,77.56999969482422,77.68000030517578,77.20999908447266,77.38999938964844,9237200,69.17835235595703
2019-07-03,77.63999938964844,77.8499984741211,77.36000061035156,77.81999969482422,8091400,69.5627212524414
2019-07-05,77.45999908447266,77.51000213623047,76.44999694824219,77.51000213623047,6389000,69.28560638427734
2019-07-08,77.04000091552734,77.2699966430664,76.66999816894531,76.87000274658203,6039900,68.71353149414062
2019-07-09,76.4000015258789,76.79000091552734,76.27999877929688,76.69999694824219,10137500,68.56153869628906
2019-07-10,76.91999816894531,77.26000213623047,76.44999694824219,76.5199966430664,10124800,68.4006576538086
2019-07-11,76.5,77.05000305175781,76.37999725341797,77.04000091552734,7393900,68.86548614501953
2019-07-12,77.30000305175781,78.41000366210938,77.30000305175781,78.38999938964844,12152800,70.07222747802734
2019-07-15,78.38999938964844,78.38999938964844,77.95999908447266,78.06999969482422,4452300,69.78620910644531
2019-07-16,78.05999755859375,78.77999877929688,78.05999755859375,78.56999969482422,8115300,70.23311614990234
2019-07-17,78.12000274658203,78.19000244140625,76.86000061035156,76.88999938964844,11235100,68.73139953613281
2019-07-18,76.94000244140625,77.13999938964844,76.55999755859375,77.02999877929688,6647900,68.85652160644531
2019-07-19,77.52999877929688,77.91999816894531,77.4000015258789,77.44999694824219,7601700,69.23196411132812
2019-07-22,77.58999633789062,77.91000366210938,77.26000213623047,77.51000213623047,8448200,69.28560638427734
2019-07-23,78.08000183105469,78.5199966430664,77.76000213623047,78.48999786376953,10284200,70.16162872314453
2019-07-24,77.8499984741211,79.0199966430664,77.83000183105469,78.83000183105469,8692500,70.4655532836914
2019-07-25,78.83000183105469,79.06999969482422,78.31999969482422,78.66999816894531,8759000,70.322509765625
2019-07-26,78.5199966430664,78.70999908447266,78.23999786376953,78.5,6147900,70.17057037353516
2019-07-29,78.41000366210938,78.55000305175781,78.2300033569336,78.36000061035156,5387500,70.0454330444336
2019-07-30,77.87000274658203,78.69999694824219,77.5999984741211,78.69999694824219,7071100,70.34931945800781
2019-07-31,78.73999786376953,78.9000015258789,77.22000122070312,77.81999969482422,12485300,69.5627212524414
2019-08-01,77.68000030517578,78.27999877929688,76.16999816894531,76.30999755859375,18665700,68.21292877197266
2019-08-02,76.05000305175781,76.20999908447266,75.30000305175781,75.81999969482422,12992400,67.77495574951172
2019-08-05,74.62000274658203,74.62999725341797,73.08000183105469,73.72000122070312,14505200,65.89777374267578
2019-08-06,74.2300033569336,74.88999938964844,73.87999725341797,74.83000183105469,11758600,66.88998413085938
2019-08-07,73.86000061035156,74.93000030517578,73.31999969482422,74.79000091552734,15604300,66.85421752929688
2019-08-08,75.12000274658203,76.11000061035156,75.02999877929688,76.05999755859375,9353100,67.98944854736328
2019-08-09,75.77999877929688,75.86000061035156,74.9800033569336,75.41999816894531,8213600,67.4173583984375
2019-08-12,74.88999938964844,75.1500015258789,74.13999938964844,74.37999725341797,15560600,66.48771667480469
2019-08-13,74.29000091552734,76.02999877929688,74.1500015258789,75.2699966430664,14379300,67.28328704833984
2019-08-14,74.12000274658203,74.2699966430664,72.88999938964844,72.97000122070312,13653800,65.22733306884766
2019-08-15,73.08999633789062,73.0999984741211,72.19000244140625,72.88999938964844,11974400,65.15583801269531
2019-08-16,73.48999786376953,74.44999694824219,73.41000366210938,74.30000305175781,9575500,66.41621398925781
2019-08-19,75.18000030517578,75.31999969482422,74.87000274658203,75,4260500,67.04194641113281
2019-08-20,74.86000061035156,75.02999877929688,74.5,74.55999755859375,4695400,66.64862823486328
2019-08-21,75.12999725341797,75.3499984741211,74.9000015258789,75.0199966430664,5399200,67.059814453125
2019-08-22,75.2300033569336,75.54000091552734,74.56999969482422,75.12999725341797,7692400,67.15814971923828
2019-08-23,74.66000366210938,75.22000122070312,72.7699966430664,73.12000274658203,26474900,65.36143493652344
2019-08-26,73.97000122070312,74.08999633789062,73.0199966430664,73.66000366210938,14041900,65.84413146972656
2019-08-27,74.05000305175781,74.08000183105469,73.11000061035156,73.27999877929688,9943300,65.50445556640625
2019-08-28,73.08000183105469,74.18000030517578,72.7699966430664,74.18000030517578,11921300,66.30894470214844
2019-08-29,75,75.62000274658203,74.69999694824219,75.44999694824219,10651000,67.44417572021484
2019-08-30,75.94999694824219,76.26000213623047,75.61000061035156,75.76000213623047,7500200,67.72130584716797
2019-09-03,75.04000091552734,75.80000305175781,74.26000213623047,74.7300033569336,12787100,66.80059051513672
2019-09-04,75.33000183105469,75.76000213623047,74.7300033569336,75.68000030517578,9265600,67.64981842041016
2019-09-05,76.58999633789062,77.5999984741211,76.54000091552734,77.04000091552734,14266800,68.86548614501953
2019-09-06,77.33000183105469,77.45999908447266,76.97000122070312,77.19999694824219,6940300,69.00849151611328
2019-09-09,77.37999725341797,77.77999877929688,77.25,77.43000030517578,8081000,69.21409606933594
2019-09-10,77.2300033569336,78.16000366210938,76.95999908447266,78.13999938964844,9487400,69.8487548828125
2019-09-11,78.30000305175781,78.91999816894531,77.87999725341797,78.87000274658203,14262600,70.50129699707031
2019-09-12,79.08999633789062,79.30000305175781,78.56999969482422,78.91999816894531,18667600,70.54598999023438
2019-09-13,79.27999877929688,79.79000091552734,79.25,79.3499984741211,9357700,70.93036651611328
2019-09-16,79.12000274658203,79.41000366210938,78.94000244140625,79.27999877929688,8011700,70.86780548095703
2019-09-17,79.08999633789062,79.30999755859375,78.66999816894531,79.23999786376953,6249300,70.83201599121094
2019-09-18,78.77999877929688,79.16000366210938,78.23999786376953,79.12000274658203,8089600,70.72478485107422
2019-09-19,79.08999633789062,79.3499984741211,78.68000030517578,78.72000122070312,5076800,70.36721801757812
2019-09-20,78.38999938964844,78.66000366210938,77.58999633789062,77.80999755859375,10478700,69.9223861694336
2019-09-23,77.5,77.94000244140625,77.22000122070312,77.66000366210938,14475100,69.78761291503906
2019-09-24,78,78.19000244140625,76.83000183105469,77.22000122070312,11798600,69.39220428466797
2019-09-25,77.33999633789062,77.87000274658203,77.06999969482422,77.72000122070312,10000200,69.84154510498047
2019-09-26,77.8499984741211,78.08000183105469,77.41999816894531,77.83000183105469,9083000,69.94036865234375
2019-09-27,78.08999633789062,78.18000030517578,77.16000366210938,77.5199966430664,10226900,69.6617660522461
2019-09-30,77.61000061035156,77.88999938964844,77.61000061035156,77.62999725341797,6225100,69.76063537597656
2019-10-01,77.91000366210938,78.23999786376953,75.69000244140625,75.7699966430664,15968900,68.08919525146484
2019-10-02,75.12000274658203,75.12999725341797,73.79000091552734,74.33999633789062,12341200,66.80416870117188
2019-10-03,74.16999816894531,74.8499984741211,73.18000030517578,74.83000183105469,16621700,67.24447631835938
2019-10-04,74.87999725341797,75.69999694824219,74.80000305175781,75.61000061035156,9175800,67.94538879394531
2019-10-07,75.37999725341797,75.87000274658203,75.06999969482422,75.2300033569336,6505400,67.60392761230469
2019-10-08,74.47000122070312,74.87000274658203,74.0199966430664,74.06999969482422,11579500,66.5615234375
2019-10-09,74.68000030517578,75,74.27999877929688,74.69999694824219,6271500,67.1276626586914
2019-10-10,74.55000305175781,75.6500015258789,74.55000305175781,75.37999725341797,9321000,67.73872375488281
2019-10-11,76.37999725341797,77.4800033569336,76.18000030517578,76.80000305175781,16243500,69.01478576660156
2019-10-14,76.6500015258789,76.87000274658203,76.41000366210938,76.6500015258789,4829300,68.88001251220703
2019-10-15,76.79000091552734,77.56999969482422,76.62999725341797,77.2699966430664,8973800,69.43714904785156
2019-10-16,77.12999725341797,77.62000274658203,77.08999633789062,77.2300033569336,8786300,69.40119934082031
2019-10-17,77.66999816894531,78.19000244140625,77.54000091552734,77.61000061035156,7976200,69.74267578125
2019-10-18,77.44000244140625,77.5999984741211,76.86000061035156,76.94000244140625,9694500,69.1406021118164
2019-10-21,77.2300033569336,77.56999969482422,77.11000061035156,77.4000015258789,8419400,69.55396270751953
2019-10-22,77.48999786376953,78.23999786376953,77.19999694824219,78.01000213623047,11351500,70.10214233398438
2019-10-23,77.9800033569336,78.05000305175781,77.66999816894531,78,7370300,70.09315490722656
2019-10-24,78.12999725341797,78.22000122070312,77.55000305175781,78.11000061035156,8355700,70.1919937133789
2019-10-25,78.08999633789062,78.77999877929688,78.05000305175781,78.5999984741211,7718500,70.6323013305664
2019-10-28,78.7699966430664,79.2300033569336,78.76000213623047,78.81999969482422,8138200,70.83000946044922
2019-10-29,78.5,79.29000091552734,78.4000015258789,79.08000183105469,10429100,71.06365966796875
2019-10-30,79.2300033569336,79.43000030517578,78.80000305175781,79.36000061035156,9208200,71.3152847290039
2019-10-31,79.12000274658203,79.12000274658203,78.11000061035156,78.51000213623047,10693200,70.55144500732422
2019-11-01,79.05999755859375,80.22000122070312,79.01000213623047,80.22000122070312,19657900,72.08809661865234
2019-11-04,80.66000366210938,81.18000030517578,80.66000366210938,81.1500015258789,15286500,72.92382049560547
2019-11-05,81.30000305175781,81.68000030517578,81.08000183105469,81.31999969482422,14923700,73.07659149169922
2019-11-06,81.25,81.37999725341797,80.9000015258789,81.37000274658203,12253200,73.12152862548828
2019-11-07,81.80000305175781,82.18000030517578,81.5199966430664,81.6500015258789,10297000,73.3731460571289
2019-11-08,81.4800033569336,81.76000213623047,81.2300033569336,81.76000213623047,6323400,73.4720230102539
2019-11-11,81.26000213623047,81.93000030517578,81.12999725341797,81.80000305175781,5801500,73.50792694091797
2019-11-12,81.93000030517578,82.16999816894531,81.62000274658203,81.79000091552734,8293500,73.49893951416016
2019-11-13,81.45999908447266,81.75,81.19999694824219,81.44999694824219,9885400,73.19342041015625
2019-11-14,81.29000091552734,81.87999725341797,81.27999877929688,81.70999908447266,7355000,73.42704772949219
2019-11-15,82.16999816894531,82.4800033569336,82.0999984741211,82.30999755859375,6150700,73.96623992919922
2019-11-18,82.16000366210938,82.16000366210938,81.83000183105469,82,5119400,73.6876449584961
2019-11-19,82.26000213623047,82.33000183105469,81.75,81.93000030517578,9192800,73.62474822998047
2019-11-20,81.66999816894531,81.86000061035156,80.95999908447266,81.27999877929688,14726700,73.0406494140625
2019-11-21,81.29000091552734,81.51000213623047,81,81.25,6094800,73.0136947631836
2019-11-22,81.44999694824219,81.69000244140625,81.19000244140625,81.66999816894531,5205100,73.39110565185547
2019-11-25,81.97000122070312,82.41999816894531,81.76000213623047,82.26000213623047,9190000,73.92129516601562
2019-11-26,82.33999633789062,82.6500015258789,82.18000030517578,82.5,6069400,74.1369857788086
2019-11-27,82.44000244140625,82.44999694824219,82.0999984741211,82.41999816894531,9186200,74.06509399414062
2019-11-29,82.31999969482422,82.31999969482422,81.9000015258789,82.04000091552734,5645400,73.7236099243164
2019-12-02,82.02999877929688,82.1500015258789,80.6500015258789,80.69000244140625,18275700,72.51046752929688
2019-12-03,79.83999633789062,79.87999725341797,79.26000213623047,79.80999755859375,20384400,71.71965789794922
2019-12-04,80.2300033569336,80.9000015258789,80.04000091552734,80.12000274658203,16090300,71.99822998046875
2019-12-05,80.2699966430664,80.33000183105469,79.79000091552734,80.13999938964844,18539400,72.0162124633789
2019-12-06,80.88999938964844,81.26000213623047,80.86000061035156,81.11000061035156,8966700,72.88786315917969
2019-12-09,80.87999725341797,81.0999984741211,80.76000213623047,80.80000305175781,6951300,72.60929870605469
2019-12-10,80.79000091552734,81.02999877929688,80.55999755859375,80.69999694824219,9046900,72.51942443847656
2019-12-11,80.77999877929688,81.27999877929688,80.58000183105469,81.20999908447266,9070300,72.97772979736328
2019-12-12,81.25,82.19000244140625,81.04000091552734,81.93000030517578,15561500,73.62474822998047
2019-12-13,81.88999938964844,82.54000091552734,81.44000244140625,81.70999908447266,11754800,73.42704772949219
2019-12-16,81.98999786376953,82.12000274658203,81.66000366210938,81.66999816894531,8046500,73.39110565185547
2019-12-17,81.68000030517578,81.86000061035156,81.54000091552734,81.58999633789062,5949600,73.3192138671875
2019-12-18,81.5999984741211,81.62000274658203,81.0999984741211,81.25,6679300,73.0136947631836
2019-12-19,81.26000213623047,81.55999755859375,81.16999816894531,81.47000122070312,5744000,73.21138000488281
2019-12-20,81.33999633789062,81.62999725341797,81.16000366210938,81.44000244140625,8913300,73.54824829101562
2019-12-23,81.93000030517578,82.19999694824219,81.79000091552734,82.11000061035156,5675700,74.1532974243164
2019-12-24,82.08999633789062,82.19999694824219,81.69000244140625,81.77999877929688,4451600,73.85530090332031
2019-12-26,81.95999908447266,81.9800033569336,81.58000183105469,81.97000122070312,3914200,74.02689361572266
2019-12-27,82.2300033569336,82.2300033569336,81.79000091552734,81.9000015258789,5300700,73.96366882324219
2019-12-30,81.98999786376953,81.98999786376953,81.36000061035156,81.5199966430664,7716400,73.62049102783203
2019-12-31,81.31999969482422,81.69000244140625,81.18000030517578,81.47000122070312,6458200,73.57533264160156
2020-01-02,82.05000305175781,83.01000213623047,81.83000183105469,83.01000213623047,16121300,74.96609497070312
2020-01-03,82.05999755859375,82.94999694824219,81.98999786376953,82.8499984741211,17571300,74.82160949707031
2020-01-06,82.45999908447266,82.88999938964844,82.2699966430664,82.87999725341797,16153100,74.84868621826172
2020-01-07,82.56999969482422,83.0199966430664,82.29000091552734,82.70999908447266,16675400,74.69517517089844
2020-01-08,82.7699966430664,83.36000061035156,82.62999725341797,82.98999786376953,10677700,74.94802856445312
2020-01-09,83.33999633789062,83.43000030517578,83.08000183105469,83.33999633789062,7407200,75.26409912109375
2020-01-10,83.51000213623047,83.51000213623047,82.61000061035156,82.75,8856800,74.7313003540039
2020-01-13,83.01000213623047,83.5199966430664,82.8499984741211,83.43000030517578,7893800,75.34540557861328
2020-01-14,83.4800033569336,83.9800033569336,83.33000183105469,83.44000244140625,9649400,75.35444641113281
2020-01-15,83.44999694824219,83.91999816894531,83.37999725341797,83.56999969482422,12014500,75.47183227539062
2020-01-16,84,84.44000244140625,83.93000030517578,84.4000015258789,9493300,76.22140502929688
2020-01-17,84.45999908447266,84.80999755859375,84.30000305175781,84.41000366210938,7013400,76.23043823242188
2020-01-21,84.02999877929688,84.2699966430664,83.11000061035156,83.4800033569336,13005000,75.39054870605469
2020-01-22,83.70999908447266,83.9000015258789,82.9800033569336,83.04000091552734,7490500,74.99319458007812
2020-01-23,82.93000030517578,84.05000305175781,82.62999725341797,83.94000244140625,10758500,75.80599212646484
2020-01-24,84.0999984741211,84.16999816894531,82.93000030517578,83.55000305175781,13402200,75.45377349853516
2020-01-27,82.05999755859375,82.5199966430664,81.97000122070312,81.97000122070312,15013800,74.02689361572266
2020-01-28,82.23999786376953,82.91000366210938,81.86000061035156,82.5,14918000,74.50553894042969
2020-01-29,83.33000183105469,83.56999969482422,82.8499984741211,82.94000244140625,10355100,74.90290069580078
2020-01-30,82.13999938964844,83.12000274658203,81.97000122070312,83.02999877929688,13158200,74.98417663574219
2020-01-31,82.58000183105469,82.69999694824219,80.80000305175781,81.11000061035156,19083600,73.25020599365234
2020-02-03,81.55000305175781,82.2300033569336,80.98999786376953,81.08000183105469,15676600,73.2231216430664
2020-02-04,82.31999969482422,82.80999755859375,82.23999786376953,82.61000061035156,13597200,74.6048355102539
2020-02-05,83.54000091552734,84,83.11000061035156,83.98999786376953,12835800,75.85114288330078
2020-02-06,84.33000183105469,84.4000015258789,83.72000122070312,84.26000213623047,8627600,76.094970703125
2020-02-07,83.94000244140625,84.1500015258789,83.58000183105469,83.6500015258789,12394500,75.5440902709961
2020-02-10,83.5199966430664,84.13999938964844,83.41999816894531,84.12000274658203,8074200,75.96852111816406
2020-02-11,84.55000305175781,84.83999633789062,84.2300033569336,84.44000244140625,6291400,76.25752258300781
2020-02-12,84.9000015258789,85.33000183105469,84.69999694824219,85.2300033569336,7808900,76.97099304199219
2020-02-13,84.79000091552734,85.11000061035156,84.45999908447266,84.75,8231500,76.53749084472656
2020-02-14,84.7300033569336,84.88999938964844,84.30000305175781,84.63999938964844,5319300,76.43814086914062
2020-02-18,84.29000091552734,84.52999877929688,83.7699966430664,84.16000366210938,10399700,76.004638671875
2020-02-19,84.33000183105469,84.56999969482422,84.08999633789062,84.12999725341797,4638700,75.97757720947266
2020-02-20,83.9800033569336,84.58999633789062,83.4000015258789,84.01000213623047,9518700,75.86920166015625
2020-02-21,83.55999755859375,83.83999633789062,83.20999908447266,83.58999633789062,13184800,75.48989868164062
2020-02-24,81.20999908447266,81.72000122070312,80.70999908447266,81.20999908447266,18010100,73.34052276611328
2020-02-25,81.37999725341797,81.62000274658203,77.69000244140625,77.9000015258789,33000700,70.35127258300781
2020-02-26,78.38999938964844,79.38999938964844,77.13999938964844,77.30999755859375,32619800,69.81846618652344
2020-02-27,75.79000091552734,77.4000015258789,74.38999938964844,74.44000244140625,42597300,67.2265625
2020-02-28,72.16999816894531,73.66999816894531,71.30000305175781,73.08000183105469,79118200,65.99835205078125
2020-03-02,73.94999694824219,75.83000183105469,72.58999633789062,75.6500015258789,44798900,68.31929779052734
2020-03-03,75.8499984741211,77.52999877929688,73.3499984741211,73.80000305175781,53823900,66.64857482910156
2020-03-04,74.95999908447266,76.94999694824219,74.26000213623047,76.8499984741211,32387800,69.40300750732422
2020-03-05,74.66999816894531,75.22000122070312,72.7699966430664,73.08999633789062,28762200,66.00737762451172
2020-03-06,70.66000366210938,72.73999786376953,70.44999694824219,72.44999694824219,40681300,65.42939758300781
2020-03-09,66.69999694824219,68.3499984741211,65.08000183105469,65.7699966430664,24792500,59.39670944213867
2020-03-10,68.04000091552734,69.2300033569336,65.3499984741211,69.18000030517578,18385600,62.47626495361328
2020-03-11,67.04000091552734,67.6500015258789,64.4000015258789,65.12000274658203,28414900,58.80970001220703
2020-03-12,59.59000015258789,63,54.099998474121094,58.380001068115234,23659800,52.72282028198242
2020-03-13,61.83000183105469,62.9900016784668,58.59000015258789,62.939998626708984,18660300,56.8409309387207
2020-03-16,56.220001220703125,59.88999938964844,55.56999969482422,55.79999923706055,18656400,50.392826080322266
2020-03-17,56.68000030517578,58.66999816894531,54.61000061035156,58.369998931884766,24962200,52.713783264160156
2020-03-18,54.29999923706055,54.9900016784668,50.36000061035156,54.06999969482422,26018900,48.83047103881836
2020-03-19,53.400001525878906,54.959999084472656,51.290000915527344,54.11000061035156,16868000,48.8665885925293
2020-03-20,54.5099983215332,55.15999984741211,51.18000030517578,51.400001525878906,22341700,46.41920471191406
2020-03-23,50.83000183105469,50.83000183105469,47.709999084472656,48.77000045776367,34346400,44.386016845703125
2020-03-24,51.7400016784668,55.119998931884766,51.61000061035156,54.939998626708984,29349700,50.00139236450195
2020-03-25,55.9900016784668,60.04999923706055,54.63999938964844,57.83000183105469,27753000,52.63160705566406
2020-03-26,58.93000030517578,61.83000183105469,58.40999984741211,61.47999954223633,22110200,55.953495025634766
2020-03-27,59.130001068115234,61.56999969482422,57.970001220703125,58.88999938964844,22486700,53.5963249206543
2020-03-30,58.91999816894531,60.040000915527344,57.97999954223633,59.75,15759000,54.3790168762207
2020-03-31,59.25,60.25,58.7599983215332,59.0099983215332,12883900,53.70552444458008
2020-04-01,56.380001068115234,57.060001373291016,55.540000915527344,56.349998474121094,16057100,51.28463363647461
2020-04-02,55.849998474121094,57.869998931884766,55.630001068115234,57.099998474121094,23895100,51.967220306396484
2020-04-03,56.939998626708984,57.529998779296875,55.720001220703125,56.34000015258789,15912400,51.275543212890625
2020-04-06,58.880001068115234,60.59000015258789,58.810001373291016,60.2400016784668,19306700,54.8249626159668
2020-04-07,62.5,63.189998626708984,60.060001373291016,60.099998474121094,18391000,54.69754409790039
2020-04-08,60.93000030517578,62.619998931884766,60.43000030517578,62.279998779296875,11986700,56.681583404541016
2020-04-09,63.470001220703125,64.33000183105469,62.650001525878906,63.220001220703125,21132300,57.53710174560547
2020-04-13,62.81999969482422,62.86000061035156,60.79999923706055,61.369998931884766,11086600,55.8533821105957
2020-04-14,62.720001220703125,63.18000030517578,61.91999816894531,62.540000915527344,15293600,56.91822052001953
2020-04-15,61.16999816894531,61.290000915527344,59.790000915527344,60.810001373291016,12758400,55.343727111816406
2020-04-16,60.720001220703125,60.7400016784668,59.369998931884766,60.27000045776367,16117600,54.85226821899414
2020-04-17,62.33000183105469,63.310001373291016,62.11000061035156,63.099998474121094,18372500,57.42787551879883
2020-04-20,61.900001525878906,62.63999938964844,61.220001220703125,61.41999816894531,10475100,55.898887634277344
2020-04-21,60.09000015258789,60.77000045776367,59.72999954223633,59.970001220703125,9553300,54.57923126220703
2020-04-22,61.13999938964844,61.29999923706055,60.22999954223633,60.599998474121094,9185000,55.1525993347168
2020-04-23,61.06999969482422,62.349998474121094,61.060001373291016,61.08000183105469,14256500,55.589454650878906
2020-04-24,61.61000061035156,61.779998779296875,60.58000183105469,61.56999969482422,7139000,56.03541946411133
2020-04-27,62,63.4900016784668,61.880001068115234,63.099998474121094,9323200,57.42787551879883
2020-04-28,64.33999633789062,65.01000213623047,63.61000061035156,64.27999877929688,9938600,58.50180435180664
2020-04-29,65.56999969482422,66.22000122070312,64.91999816894531,65.51000213623047,12757000,59.621238708496094
2020-04-30,64.5999984741211,64.72000122070312,63.7400016784668,64.20999908447266,14309800,58.43809509277344
2020-05-01,63.08000183105469,63.25,61.86000061035156,62.27000045776367,9019200,56.6724853515625
2020-05-04,61.38999938964844,61.4900016784668,60.599998474121094,61.47999954223633,8551700,55.953495025634766
2020-05-05,62.04999923706055,62.560001373291016,61.650001525878906,61.720001220703125,8691200,56.17192840576172
2020-05-06,62.060001373291016,62.11000061035156,60.790000915527344,60.869998931884766,7048100,55.39833068847656
2020-05-07,61.689998626708984,62.369998931884766,61.34000015258789,61.58000183105469,8144500,56.04450988769531
2020-05-08,62.33000183105469,63.2400016784668,62.310001373291016,63.11000061035156,8661500,57.43698501586914
2020-05-11,62.47999954223633,62.79999923706055,61.88999938964844,62.31999969482422,8407700,56.71800231933594
2020-05-12,62.470001220703125,62.709999084472656,60.560001373291016,60.56999969482422,12329000,55.12528991699219
2020-05-13,60.209999084472656,60.279998779296875,58.5,59.04999923706055,15434500,53.741939544677734
2020-05-14,58.18000030517578,59.66999816894531,56.970001220703125,59.66999816894531,14221100,54.30620193481445
2020-05-15,58.970001220703125,59.83000183105469,58.70000076293945,59.459999084472656,17398000,54.115081787109375
2020-05-18,61.81999969482422,63.779998779296875,61.650001525878906,63.380001068115234,22117500,57.682701110839844
2020-05-19,63.2599983215332,63.869998931884766,62.560001373291016,62.56999969482422,12447700,56.945518493652344
2020-05-20,63.560001373291016,64.3499984741211,63.470001220703125,63.7400016784668,8644000,58.010353088378906
2020-05-21,63.75,64.4000015258789,63.40999984741211,63.88999938964844,7682300,58.14685821533203
2020-05-22,64.01000213623047,64.05999755859375,63.27000045776367,63.84000015258789,7113000,58.10134506225586
2020-05-26,65.8499984741211,67.02999877929688,65.81999969482422,66.5199966430664,14908000,60.54045486450195
2020-05-27,67.95999908447266,68.79000091552734,67.29000091552734,68.73999786376953,21918500,62.560874938964844
2020-05-28,69.43000030517578,69.6500015258789,67.97000122070312,68.08999633789062,17490200,61.969322204589844
2020-05-29,67.45999908447266,68.12999725341797,66.75,67.66999816894531,18881500,61.58707046508789
2020-06-01,67.5999984741211,68.33000183105469,67.33999633789062,67.81999969482422,12919200,61.72359085083008
2020-06-02,68.33000183105469,68.87999725341797,68.04000091552734,68.69999694824219,10852400,62.524478912353516
2020-06-03,69.69999694824219,71.56999969482422,69.66999816894531,71.37999725341797,16253300,64.96356964111328
2020-06-04,71.22000122070312,72.16999816894531,71.04000091552734,72.13999938964844,17880500,65.6552505493164
2020-06-05,75.16000366210938,76.20999908447266,74.48999786376953,74.79000091552734,19564100,68.06706237792969
2020-06-08,75.75,76.52999877929688,75.72000122070312,76.29000091552734,18906200,69.43218994140625
2020-06-09,74.9000015258789,75,74.05999755859375,74.38999938964844,15074600,67.70301818847656
2020-06-10,74.04000091552734,74.13999938964844,72.37999725341797,72.61000061035156,16694200,66.08302307128906
2020-06-11,69.5199966430664,70.08999633789062,67.41000366210938,67.51000213623047,26054800,61.44145202636719
2020-06-12,69.94999694824219,70.13999938964844,67.13999938964844,68.81999969482422,29161900,62.63369369506836
2020-06-15,66.62999725341797,69.93000030517578,66.36000061035156,69.5,18116200,63.252567291259766
2020-06-16,72.41000366210938,72.48999786376953,69.58999633789062,70.86000061035156,20563200,64.49031066894531
2020-06-17,71.0199966430664,71.16000366210938,70.18000030517578,70.3499984741211,9448200,64.02615356445312
2020-06-18,69.69000244140625,70.72000122070312,69.55000305175781,70.08999633789062,8632800,63.789546966552734
2020-06-19,71.12999725341797,71.20999908447266,68.76000213623047,69.2300033569336,15601300,63.00685501098633
2020-06-22,68.51000213623047,69.26000213623047,67.94000244140625,69.04000091552734,7932000,63.11288833618164
2020-06-23,69.73999786376953,69.83000183105469,68.87999725341797,69.05000305175781,8849600,63.12200927734375
2020-06-24,68.11000061035156,68.33999633789062,66.4800033569336,66.6500015258789,16922800,60.92805862426758
2020-06-25,66.20999908447266,67.44999694824219,65.62999725341797,67.38999938964844,11623700,61.60454177856445
2020-06-26,67.12000274658203,67.37000274658203,65.8499984741211,66.13999938964844,21429900,60.461856842041016
2020-06-29,67.12000274658203,68.30999755859375,66.69000244140625,68.30999755859375,10864700,62.44556427001953
2020-06-30,67.79000091552734,69.08999633789062,67.58999633789062,68.69999694824219,8868500,62.802066802978516
2020-07-01,69.37999725341797,69.94000244140625,68.33000183105469,68.38999938964844,9789000,62.518672943115234
2020-07-02,69.48999786376953,70,68.80999755859375,68.9800033569336,8279800,63.05803680419922
2020-07-06,70.05000305175781,70.33999633789062,69.45999908447266,69.97000122070312,10815400,63.96305847167969
2020-07-07,69.29000091552734,69.58999633789062,68.55000305175781,68.62999725341797,6111800,62.738067626953125
2020-07-08,68.5999984741211,69.05999755859375,68.05000305175781,68.62999725341797,8576500,62.738067626953125
2020-07-09,68.51000213623047,68.58999633789062,66.91999816894531,67.13999938964844,16782900,61.375999450683594
2020-07-10,67.08000183105469,68.06999969482422,67.08000183105469,68.01000213623047,9255300,62.17129898071289
2020-07-13,68.5999984741211,69.45999908447266,67.93000030517578,68.29000091552734,14570100,62.427276611328125
2020-07-14,68.05000305175781,69.8499984741211,67.7699966430664,69.7699966430664,12689500,63.780208587646484
2020-07-15,71.05999755859375,71.87000274658203,70.66000366210938,71.55000305175781,15472400,65.40738677978516
2020-07-16,71.22000122070312,71.91999816894531,70.88999938964844,71.56999969482422,13017100,65.4256820678711
2020-07-17,71.88999938964844,72.1500015258789,71.5199966430664,72,8605200,65.81874084472656
2020-07-20,71.58999633789062,71.76000213623047,70.91000366210938,71.12000274658203,9404600,65.01432037353516
2020-07-21,71.76000213623047,72.58000183105469,71.62999725341797,72.05999755859375,9344300,65.87361907958984
2020-07-22,71.77999877929688,72.73999786376953,71.76000213623047,72.63999938964844,7620200,66.40380859375
2020-07-23,72.55000305175781,73.08999633789062,72.13999938964844,72.41999816894531,7538000,66.20270538330078
2020-07-24,72.30999755859375,72.70999908447266,71.62999725341797,71.83999633789062,10061400,65.6725082397461
2020-07-27,71.81999969482422,72.23999786376953,71.4000015258789,72.13999938964844,6198400,65.94673156738281
2020-07-28,71.80000305175781,72.23999786376953,71.58000183105469,71.63999938964844,5964500,65.48967742919922
2020-07-29,72.01000213623047,72.88999938964844,71.95999908447266,72.7300033569336,6935400,66.48611450195312
2020-07-30,72.22000122070312,72.41000366210938,71.47000122070312,72,9118700,65.81874084472656
2020-07-31,71.70999908447266,71.87999725341797,70.52999877929688,71.7300033569336,9836300,65.57194519042969
2020-08-03,71.81999969482422,72.27999877929688,71.37000274658203,72.02999877929688,12737000,65.84619903564453
2020-08-04,71.7699966430664,72.25,71.75,72.20999908447266,6560900,66.01073455810547
2020-08-05,72.69999694824219,73.68000030517578,72.61000061035156,73.58999633789062,8520900,67.27227020263672
2020-08-06,73.5,73.87999725341797,73.4000015258789,73.87000274658203,5880600,67.5282211303711
2020-08-07,73.81999969482422,75.16000366210938,73.70999908447266,75.12999725341797,12952100,68.68003845214844
2020-08-10,75.4000015258789,77.05000305175781,75.36000061035156,76.9800033569336,15626800,70.3712158203125
2020-08-11,78.05999755859375,78.66999816894531,77.2300033569336,77.38999938964844,17263700,70.74602508544922
2020-08-12,78.12000274658203,78.20999908447266,77.33999633789062,77.63999938964844,12587200,70.97457885742188
2020-08-13,77.22000122070312,77.75,76.93000030517578,77.2300033569336,13298800,70.59976959228516
2020-08-14,76.83999633789062,77.91999816894531,76.72000122070312,77.52999877929688,5909700,70.87400817871094
2020-08-17,77.68000030517578,77.83999633789062,77.02999877929688,77.16999816894531,5898700,70.544921875
2020-08-18,77.12000274658203,77.36000061035156,76.63999938964844,76.75,5145500,70.16098022460938
2020-08-19,76.83999633789062,77.23999786376953,76.37999725341797,76.55000305175781,6297900,69.97814178466797
2020-08-20,75.94999694824219,76.31999969482422,75.70999908447266,76.13999938964844,10529300,69.60334777832031
2020-08-21,76.06999969482422,76.66000366210938,76.0199966430664,76.44999694824219,7113600,69.88672637939453
2020-08-24,76.95999908447266,77.83000183105469,76.61000061035156,77.83000183105469,10171400,71.14826965332031
2020-08-25,78.36000061035156,78.36000061035156,77.31999969482422,77.7300033569336,12076100,71.05683898925781
2020-08-26,77.58000183105469,78.04000091552734,77.19999694824219,77.7699966430664,6538500,71.09339904785156
2020-08-27,78.20999908447266,78.70999908447266,77.79000091552734,78.05000305175781,10260100,71.34937286376953
2020-08-28,78.31999969482422,78.83000183105469,77.94999694824219,78.79000091552734,10323900,72.02584075927734
2020-08-31,78.56999969482422,78.86000061035156,77.80999755859375,77.80999755859375,9908100,71.1299819946289
2020-09-01,77.55999755859375,78.66999816894531,77.27999877929688,78.5999984741211,14431600,71.85215759277344
2020-09-02,78.87999725341797,80.12000274658203,78.66000366210938,79.9000015258789,15333500,73.04057312011719
2020-09-03,79.95999908447266,80.26000213623047,77.16000366210938,77.66000366210938,19995100,70.99285888671875
2020-09-04,78.3499984741211,78.87999725341797,76.80999755859375,77.83999633789062,21632400,71.15740203857422
2020-09-08,77.30999755859375,77.4000015258789,76.16999816894531,76.37999725341797,14913700,69.82273864746094
2020-09-09,77.08000183105469,78.19999694824219,76.87999725341797,77.55999755859375,16222000,70.90143585205078
2020-09-10,77.81999969482422,78.05999755859375,76.33000183105469,76.56999969482422,16547200,69.99641418457031
2020-09-11,76.86000061035156,77.9800033569336,76.80000305175781,77.61000061035156,16124400,70.9471435546875
2020-09-14,78.33999633789062,78.91000366210938,77.97000122070312,78.66000366210938,9641800,71.9070053100586
2020-09-15,78.9800033569336,79.18000030517578,78.58000183105469,78.70999908447266,13583700,71.95270538330078
2020-09-16,79.33000183105469,80.30999755859375,78.88999938964844,79.51000213623047,10296200,72.68403625488281
2020-09-17,78.37000274658203,80.16000366210938,78.01000213623047,79.66999816894531,19265500,72.83027648925781
2020-09-18,79.91999816894531,80.22000122070312,78.72000122070312,78.77999877929688,13358700,72.0167007446289
2020-09-21,77.05999755859375,77.2300033569336,75.11000061035156,75.87000274658203,23188100,69.62610626220703
2020-09-22,75.83999633789062,76.7699966430664,75.7699966430664,76.62000274658203,7512500,70.31437683105469
2020-09-23,76.77999877929688,77.58999633789062,75.16999816894531,75.25,16388700,69.05711364746094
2020-09-24,75.12999725341797,76.20999908447266,74.3499984741211,75.36000061035156,12111100,69.1580581665039
2020-09-25,74.9000015258789,76.75,74.9000015258789,76.48999786376953,7346900,70.195068359375
2020-09-28,77.44999694824219,78.48999786376953,77.44999694824219,77.87000274658203,7409600,71.46151733398438
2020-09-29,77.7300033569336,78.05000305175781,76.95999908447266,77.18000030517578,9633000,70.82829284667969
2020-09-30,77.4800033569336,78.38999938964844,76.41000366210938,76.9800033569336,12184900,70.64474487304688
2020-10-01,77.5199966430664,77.87000274658203,76.20999908447266,76.75,14045400,70.43364715576172
2020-10-02,75.5,78.05999755859375,75.47000122070312,77.61000061035156,17895400,71.2228775024414
2020-10-05,78.2699966430664,79.02999877929688,78.2699966430664,78.86000061035156,8880800,72.3700180053711
2020-10-06,79.19000244140625,79.72000122070312,77.81999969482422,77.9000015258789,12587300,71.48900604248047
2020-10-07,78.81999969482422,79.86000061035156,78.79000091552734,79.62000274658203,10049900,73.06747436523438
2020-10-08,80.1500015258789,80.41999816894531,79.44000244140625,80.41000366210938,16341600,73.79246520996094
2020-10-09,80.91000366210938,81.26000213623047,80.45999908447266,80.70999908447266,12603500,74.0677719116211
2020-10-12,81.06999969482422,81.45999908447266,80.83000183105469,81.16999816894531,8662000,74.48991394042969
2020-10-13,80.5999984741211,81.08999633789062,80.02999877929688,80.2699966430664,11004600,73.66397094726562
2020-10-14,80.4000015258789,81.33000183105469,80.38999938964844,80.72000122070312,10052300,74.07695007324219
2020-10-15,79.8499984741211,81.05000305175781,79.72000122070312,81.01000213623047,12063800,74.34307861328125
2020-10-16,81.51000213623047,82.0999984741211,81.38999938964844,81.5999984741211,9422400,74.884521484375
2020-10-19,81.66000366210938,82.12999725341797,80.29000091552734,80.58999633789062,8531000,73.95763397216797
2020-10-20,81.01000213623047,82.04000091552734,80.81999969482422,81.01000213623047,9806800,74.34307861328125
2020-10-21,80.70999908447266,81.37999725341797,80.19000244140625,80.19000244140625,8009000,73.59056854248047
2020-10-22,80.37000274658203,80.98999786376953,80.12000274658203,80.8499984741211,6878200,74.19624328613281
2020-10-23,81.2699966430664,81.5199966430664,80.55000305175781,81.16999816894531,8038300,74.48991394042969
2020-10-26,80.0999984741211,80.19000244140625,78.27999877929688,79.13999938964844,10692400,72.6269760131836
2020-10-27,78.91000366210938,79,77.38999938964844,77.41000366210938,8736000,71.03937530517578
2020-10-28,75.83000183105469,76.68000030517578,74.77999877929688,74.87000274658203,17321800,68.70838928222656
2020-10-29,74.81999969482422,76.61000061035156,74.63999938964844,75.95999908447266,14272900,69.70869445800781
2020-10-30,75.55999755859375,76.18000030517578,74.72000122070312,75.87000274658203,15374700,69.62610626220703
2020-11-02,77,78.06999969482422,76.44000244140625,77.91999816894531,14166800,71.50738525390625
2020-11-03,78.9800033569336,80.66999816894531,78.80000305175781,80.22000122070312,16357500,73.61810302734375
2020-11-04,79.55999755859375,81.19000244140625,78.87000274658203,79.38999938964844,23229800,72.85639953613281
2020-11-05,80.47000122070312,81.79000091552734,80.41999816894531,81.26000213623047,12159300,74.572509765625
2020-11-06,81.11000061035156,81.69999694824219,80.76000213623047,81.33999633789062,10091600,74.64591979980469
2020-11-09,86.87000274658203,87.87999725341797,84.05000305175781,84.11000061035156,25393800,77.18794250488281
2020-11-10,84.38999938964844,85.93000030517578,84.12999725341797,85.58999633789062,18983800,78.546142578125
2020-11-11,86.12999725341797,86.13999938964844,84.44000244140625,84.87000274658203,11081400,77.88541412353516
2020-11-12,84.01000213623047,84.80999755859375,83.33000183105469,83.9000015258789,10776400,76.99524688720703
2020-11-13,84.61000061035156,85.86000061035156,84.55000305175781,85.76000213623047,9280200,78.70216369628906
2020-11-16,87.66000366210938,87.98999786376953,86.43000030517578,87.8499984741211,14364100,80.62015533447266
2020-11-17,87.19000244140625,87.91000366210938,86.31999969482422,87.62000274658203,11029700,80.40910339355469
2020-11-18,88.30999755859375,88.68000030517578,87.16999816894531,87.2300033569336,11882700,80.05117797851562
2020-11-19,87.01000213623047,87.52999877929688,86.44000244140625,87.44999694824219,8451900,80.25309753417969
2020-11-20,87.23999786376953,87.58999633789062,86.45999908447266,86.66000366210938,7288200,79.5280990600586
2020-11-23,87.4000015258789,88.27999877929688,87.4000015258789,88.11000061035156,11396000,80.8587646484375
2020-11-24,89.45999908447266,90.16000366210938,89.0199966430664,89.6500015258789,13977000,82.27203369140625
2020-11-25,89.58000183105469,89.5999984741211,88.52999877929688,88.97000122070312,9382800,81.64798736572266
2020-11-27,89.20999908447266,89.5,88.55999755859375,88.81999969482422,5023100,81.51031494140625
2020-11-30,88.62000274658203,88.72000122070312,87.52999877929688,88.02999877929688,10379800,80.78535461425781
2020-12-01,89.01000213623047,89.43000030517578,87.7699966430664,87.80999755859375,14520400,80.58343505859375
2020-12-02,87.4800033569336,88.1500015258789,87.37999725341797,87.93000030517578,13219800,80.69357299804688
2020-12-03,88.05000305175781,88.95999908447266,87.98999786376953,88.16000366210938,11677400,80.9046401977539
2020-12-04,88.44999694824219,89.37999725341797,88.41999816894531,89.20999908447266,11754100,81.86824035644531
2020-12-07,89.16000366210938,89.26000213623047,88.5199966430664,88.77999877929688,7599000,81.47362518310547
2020-12-08,88.5,89.37000274658203,88.47000122070312,89.20999908447266,5038200,81.86824035644531
2020-12-09,89.5199966430664,89.7300033569336,88.7699966430664,89.41000366210938,12047100,82.05179595947266
2020-12-10,88.79000091552734,89.22000122070312,88.16999816894531,88.55999755859375,11628000,81.271728515625
2020-12-11,88.01000213623047,88.95999908447266,88,88.7699966430664,6577500,81.46446228027344
2020-12-14,89.62999725341797,89.69999694824219,87.5999984741211,87.62000274658203,6841800,80.40910339355469
2020-12-15,88.26000213623047,89.19000244140625,87.7300033569336,88.83999633789062,7351300,81.5286865234375
2020-12-16,88.91999816894531,88.97000122070312,88.0999984741211,88.29000091552734,6805000,81.02396392822266
2020-12-17,88.80999755859375,88.94000244140625,88.31999969482422,88.83000183105469,9088500,81.51952362060547
2020-12-18,88.95999908447266,89.05999755859375,88.13999938964844,88.83999633789062,8640000,81.5286865234375
2020-12-21,86.70999908447266,88.3499984741211,86.38999938964844,87.94000244140625,9071100,81.03660583496094
2020-12-22,87.9000015258789,87.98999786376953,86.87999725341797,87.52999877929688,11451100,80.6587905883789
2020-12-23,87.9800033569336,88.45999908447266,87.87000274658203,87.98999786376953,8939400,81.08270263671875
2020-12-24,88.12000274658203,88.13999938964844,87.5,88,2367400,81.09190368652344
2020-12-28,88.58000183105469,88.87000274658203,88.01000213623047,88.11000061035156,4849900,81.19326782226562
2020-12-29,88.55999755859375,88.68000030517578,86.98999786376953,87.58000183105469,6729500,80.70487976074219
2020-12-30,87.7300033569336,88.37999725341797,87.68000030517578,88.13999938964844,5019300,81.22090148925781
2020-12-31,88.11000061035156,88.72000122070312,87.66000366210938,88.55000305175781,6761600,81.59872436523438
2021-01-04,88.66000366210938,88.73999786376953,85.91999816894531,86.41000366210938,16200700,79.62671661376953
2021-01-05,86.25,87.58999633789062,86.23999786376953,87.26000213623047,16004600,80.40998077392578
2021-01-06,87.81999969482422,90.06999969482422,87.55000305175781,89.33999633789062,19500600,82.32671356201172
2021-01-07,89.83999633789062,90.18000030517578,89.0999984741211,89.83000183105469,10114900,82.77825164794922
2021-01-08,90.02999877929688,90.27999877929688,88.70999908447266,89.61000061035156,11043300,82.57550048828125
2021-01-11,88.66999816894531,89.83999633789062,88.5999984741211,89.58000183105469,11911100,82.54785919189453
2021-01-12,89.55999755859375,90.69000244140625,89.05000305175781,90.47000122070312,10408000,83.36798858642578
2021-01-13,90.31999969482422,90.44999694824219,89.55000305175781,89.69000244140625,9230300,82.64923858642578
2021-01-14,90.1500015258789,90.6500015258789,89.83999633789062,90,10669800,82.93489837646484
2021-01-15,89.4000015258789,89.61000061035156,88.08000183105469,88.83000183105469,12924800,81.85672760009766
2021-01-19,89.58999633789062,89.88999938964844,89.08999633789062,89.12000274658203,8933700,82.12398529052734
2021-01-20,89.58999633789062,89.87999725341797,89.08999633789062,89.66999816894531,8374300,82.63078308105469
2021-01-21,89.47000122070312,89.68000030517578,88.83999633789062,88.97000122070312,9601500,81.98575592041016
2021-01-22,88.38999938964844,88.87999725341797,87.7699966430664,88.51000213623047,9728800,81.56187438964844
2021-01-25,88.0999984741211,88.3499984741211,87.04000091552734,87.91000366210938,18249000,81.00894927978516
2021-01-26,88.66999816894531,88.80999755859375,87.05000305175781,87.0999984741211,10480800,80.26255798339844
2021-01-27,85.93000030517578,86.1500015258789,84.72000122070312,85.37000274658203,23140100,78.6683349609375
2021-01-28,86.19999694824219,87.66999816894531,86.11000061035156,86.63999938964844,17928300,79.83865356445312
2021-01-29,86.08000183105469,86.51000213623047,84.51000213623047,84.7699966430664,20895000,78.11544036865234
2021-02-01,85.61000061035156,85.88999938964844,84.94000244140625,85.6500015258789,11318700,78.92638397216797
2021-02-02,86.66000366210938,87.86000061035156,86.56999969482422,87.47000122070312,10443800,80.60350036621094
2021-02-03,87.37000274658203,87.69000244140625,86.79000091552734,87.52999877929688,9662900,80.6587905883789
2021-02-04,87.83000183105469,88.62000274658203,87.70999908447266,88.47000122070312,7113900,81.5250015258789
2021-02-05,89.16000366210938,89.41999816894531,88.76000213623047,88.98999786376953,7481900,82.0041732788086
2021-02-08,89.3499984741211,89.79000091552734,89.1500015258789,89.75,8848000,82.70452117919922
2021-02-09,89.66999816894531,90.27999877929688,89.05999755859375,89.9800033569336,8298500,82.91647338867188
2021-02-10,90.37999725341797,90.41000366210938,89.43000030517578,89.83999633789062,10982400,82.7874526977539
2021-02-11,90.06999969482422,90.19999694824219,88.73999786376953,89.6500015258789,8868500,82.61238098144531
2021-02-12,89.44999694824219,90.37000274658203,89.3499984741211,90.30000305175781,7983500,83.21134948730469
2021-02-16,90.51000213623047,90.87999725341797,90.01000213623047,90.20999908447266,8227600,83.12840270996094
2021-02-17,89.81999969482422,90.02999877929688,89.26000213623047,89.95999908447266,7266000,82.89804077148438
2021-02-18,89.5,89.72000122070312,88.83999633789062,89.51000213623047,6409500,82.4833755493164
2021-02-19,90.1500015258789,91.25,90.08000183105469,90.9800033569336,8737200,83.83797454833984
2021-02-22,90.5199966430664,91.94000244140625,90.44000244140625,91.2699966430664,10552200,84.10518646240234
2021-02-23,91.44000244140625,91.77999877929688,90.19000244140625,91.55000305175781,16573400,84.36321258544922
2021-02-24,91.7699966430664,93.66000366210938,91.36000061035156,93.27999877929688,16795900,85.9574203491211
2021-02-25,93.2699966430664,93.37999725341797,91.18000030517578,91.55999755859375,19945300,84.3724365234375
2021-02-26,91.77999877929688,92.05000305175781,90.36000061035156,90.61000061035156,18163400,83.49700927734375
2021-03-01,91.93000030517578,93.62000274658203,91.80000305175781,92.93000030517578,11494000,85.63488006591797
2021-03-02,92.9800033569336,93.12999725341797,92.26000213623047,92.66000366210938,11530700,85.38607788085938
2021-03-03,92.73999786376953,93.8499984741211,92.52999877929688,92.76000213623047,17497800,85.47821807861328
2021-03-04,92.88999938964844,93.2300033569336,89.8499984741211,91.27999877929688,27730400,84.11441802978516
2021-03-05,92.1500015258789,93.75,90.2699966430664,93.44000244140625,22816300,86.10484313964844
2021-03-08,94.06999969482422,95.88999938964844,93.80999755859375,94.41999816894531,16782400,87.00790405273438
2021-03-09,94.9000015258789,95.38999938964844,94.0199966430664,94.02999877929688,12484800,86.6485366821289
2021-03-10,94.29000091552734,95.91000366210938,94.16000366210938,95.41999816894531,17276200,87.92939758300781
2021-03-11,95.69999694824219,96.30999755859375,94.91999816894531,95.48999786376953,12211100,87.99391174316406
2021-03-12,95.83999633789062,96.8499984741211,95.75,96.7699966430664,10112800,89.17344665527344
2021-03-15,97.16000366210938,97.61000061035156,96.19000244140625,97.58000183105469,11390900,89.91986846923828
2021-03-16,97.37000274658203,97.43000030517578,96.08000183105469,96.19000244140625,12538800,88.63896179199219
2021-03-17,96.37999725341797,97.5,96.12999725341797,97.30000305175781,14844000,89.6618423461914
2021-03-18,97.19999694824219,98.5199966430664,97.0199966430664,97.20999908447266,16893400,89.57891845703125
2021-03-19,97.2699966430664,97.30999755859375,95.93000030517578,96.47000122070312,18430600,88.8969955444336
2021-03-22,96.36000061035156,96.52999877929688,95.44999694824219,96.12000274658203,12319900,88.84709167480469
2021-03-23,95.47000122070312,96.33999633789062,94.08999633789062,94.44000244140625,16949000,87.29419708251953
2021-03-24,94.93000030517578,96.62000274658203,94.88999938964844,95.12999725341797,14581900,87.93199157714844
2021-03-25,94.87999725341797,96.80000305175781,93.94999694824219,96.6500015258789,18519500,89.33695983886719
2021-03-26,97.19000244140625,98.37999725341797,96.80999755859375,98.31999969482422,14396000,90.88062286376953
2021-03-29,98.20999908447266,98.91999816894531,97.83999633789062,98.33999633789062,12712800,90.89910888671875
2021-03-30,98.33999633789062,99.01000213623047,98.1500015258789,98.7699966430664,10180500,91.29656219482422
2021-03-31,99,99.26000213623047,98.12000274658203,98.44999694824219,12291300,91.00077056884766
2021-04-01,98.62000274658203,98.86000061035156,98.13999938964844,98.77999877929688,11189300,91.30582427978516
2021-04-05,99.73999786376953,100.33999633789062,99.55999755859375,100,10789200,92.4334945678711
2021-04-06,99.91000366210938,100.56999969482422,99.66000366210938,99.76000213623047,8203000,92.21167755126953
2021-04-07,99.77999877929688,100.02999877929688,98.98999786376953,99.30000305175781,8865800,91.78646087646484
2021-04-08,99.16000366210938,99.58000183105469,98.61000061035156,99.54000091552734,9151600,92.00829315185547
2021-04-09,99.72000122070312,100.55999755859375,99.58000183105469,100.51000213623047,9655900,92.9049072265625
2021-04-12,100.37000274658203,100.94000244140625,100.30999755859375,100.87999725341797,7704800,93.24691772460938
2021-04-13,100.41000366210938,100.69999694824219,99.68000030517578,100.38999938964844,10612000,92.79399871826172
2021-04-14,100.45999908447266,101.19999694824219,100.4000015258789,100.5199966430664,9331900,92.91414642333984
2021-04-15,100.86000061035156,101.05999755859375,100.19000244140625,100.91999816894531,12631200,93.28389739990234
2021-04-16,101.5199966430664,101.80000305175781,100.69999694824219,101.13999938964844,10221900,93.48722076416016
2021-04-19,100.9800033569336,101,100.22000122070312,100.72000122070312,8140900,93.09903717041016
2021-04-20,100.5,100.68000030517578,99,99.61000061035156,13622200,92.07300567626953
2021-04-21,99.4800033569336,101.01000213623047,99.27999877929688,100.97000122070312,11352800,93.3301010131836
2021-04-22,101.05999755859375,101.69999694824219,100.36000061035156,100.45999908447266,11778700,92.85870361328125
2021-04-23,100.58000183105469,101.81999969482422,100.4000015258789,101.55999755859375,8126800,93.87545776367188
2021-04-26,101.91000366210938,102.41999816894531,101.19999694824219,101.26000213623047,7824800,93.59815979003906
2021-04-27,101.66000366210938,102.26000213623047,101.30999755859375,102.0999984741211,13774800,94.37459564208984
2021-04-28,102.05999755859375,102.41000366210938,101.76000213623047,101.88999938964844,7877900,94.18048858642578
2021-04-29,102.5,102.73999786376953,101.86000061035156,102.61000061035156,11035300,94.84600830078125
2021-04-30,102.01000213623047,102.33000183105469,101.56999969482422,101.93000030517578,9861200,94.21746063232422
2021-05-03,102.69999694824219,103.26000213623047,102.31999969482422,102.9800033569336,9445300,95.18802642822266
2021-05-04,102.6500015258789,103.44999694824219,102.18000030517578,103.43000030517578,11677400,95.60396575927734
2021-05-05,103.69000244140625,104.0199966430664,103.41999816894531,103.52999877929688,9989000,95.6964111328125
2021-05-06,103.80000305175781,104.27999877929688,103.33999633789062,104.25,18276400,96.3619155883789
2021-05-07,104,105.5999984741211,103.62000274658203,105.3499984741211,19343000,97.37867736816406
2021-05-10,105.91999816894531,106.80999755859375,105.4000015258789,105.44999694824219,16335500,97.47111511230469
2021-05-11,104.4000015258789,104.66999816894531,102.83999633789062,103.88999938964844,25425800,96.0291748046875
2021-05-12,103.58000183105469,103.95999908447266,101.33000183105469,101.4000015258789,18125700,93.72757720947266
2021-05-13,101.45999908447266,103.79000091552734,101.4000015258789,103.30000305175781,16457900,95.48381805419922
2021-05-14,104.0999984741211,105,103.73999786376953,104.7300033569336,11217700,96.80561828613281
2021-05-17,104.41000366210938,104.77999877929688,103.6500015258789,104.41000366210938,11547700,96.50981140136719
2021-05-18,104.38999938964844,104.55999755859375,102.8499984741211,102.88999938964844,11195500,95.10482788085938
2021-05-19,101.75,102.31999969482422,100.66999816894531,102.30999755859375,16656400,94.5687255859375
2021-05-20,102.4800033569336,102.9000015258789,101.91999816894531,102.54000091552734,11635300,94.78132629394531
2021-05-21,103.12000274658203,103.87999725341797,102.68000030517578,103.04000091552734,13420200,95.24348449707031
2021-05-24,103.66999816894531,103.9000015258789,103.12000274658203,103.68000030517578,7097900,95.83505249023438
2021-05-25,103.95999908447266,104.44999694824219,103.2300033569336,103.37000274658203,8574700,95.54851531982422
2021-05-26,103.5199966430664,103.83999633789062,103.12000274658203,103.69999694824219,7615800,95.85352325439453
2021-05-27,104.63999938964844,105.30000305175781,104.54000091552734,105.12000274658203,11467400,97.16609191894531
2021-05-28,105.44000244140625,105.44999694824219,104.76000213623047,105.12000274658203,7606300,97.16609191894531
2021-06-01,106.13999938964844,106.30999755859375,105.31999969482422,105.52999877929688,9456900,97.54505920410156
2021-06-02,105.62000274658203,105.7300033569336,105.06999969482422,105.2300033569336,7547800,97.26776123046875
2021-06-03,104.68000030517578,105.58999633789062,104.25,105,10342300,97.05516815185547
2021-06-04,105.38999938964844,105.56999969482422,104.80000305175781,105.33999633789062,7118200,97.36943817138672
2021-06-07,105.54000091552734,105.55999755859375,104.33000183105469,104.61000061035156,8298700,96.69469451904297
2021-06-08,104.66999816894531,105.11000061035156,104.16000366210938,104.87999725341797,8847800,96.94425964355469
2021-06-09,104.80999755859375,104.80999755859375,103.7699966430664,103.80999755859375,10967100,95.95521545410156
2021-06-10,104.4800033569336,104.68000030517578,103.25,103.30000305175781,10645200,95.48381805419922
2021-06-11,103.69999694824219,104.0199966430664,102.97000122070312,103.51000213623047,10113500,95.67789459228516
2021-06-14,103.41000366210938,103.55000305175781,102.47000122070312,103.04000091552734,11312100,95.24348449707031
2021-06-15,103.19000244140625,103.69999694824219,102.7699966430664,103.4800033569336,8948600,95.65017700195312
2021-06-16,103.37999725341797,103.5,102.18000030517578,102.5,13977900,94.74433135986328
2021-06-17,102.44000244140625,102.69999694824219,99.97000122070312,100.91999816894531,20842900,93.28389739990234
2021-06-18,99.7300033569336,100.45999908447266,99.48999786376953,99.61000061035156,21546100,92.07300567626953
2021-06-21,100.0999984741211,101.61000061035156,100.01000213623047,101.4800033569336,15499900,94.09815216064453
2021-06-22,101.5199966430664,101.97000122070312,100.9000015258789,101.58999633789062,10646400,94.20011138916016
2021-06-23,101.79000091552734,102.06999969482422,101.33000183105469,101.36000061035156,9136300,93.98686981201172
2021-06-24,101.95999908447266,102.30999755859375,101.41999816894531,102.1500015258789,11687400,94.71941375732422
2021-06-25,102.2300033569336,102.72000122070312,102.06999969482422,102.3499984741211,13039300,94.90486145019531
2021-06-28,102.30999755859375,102.38999938964844,101.3499984741211,101.80999755859375,11997600,94.40412902832031
2021-06-29,102.13999938964844,102.56999969482422,101.51000213623047,101.61000061035156,11134200,94.21868133544922
2021-06-30,101.52999877929688,102.58999633789062,101.51000213623047,102.4000015258789,13677200,94.95121765136719
2021-07-01,103,103.19000244140625,102.58999633789062,103.12999725341797,13858600,95.62811279296875
2021-07-02,103.1500015258789,103.47000122070312,102.69999694824219,103.29000091552734,9911600,95.77647399902344
2021-07-06,103.05000305175781,103.19000244140625,101.18000030517578,102.30000305175781,11564100,94.85850524902344
2021-07-07,102.06999969482422,103.47000122070312,101.97000122070312,103.31999969482422,14971800,95.80430603027344
2021-07-08,101.69000244140625,102.52999877929688,101.02999877929688,101.87999725341797,17419300,94.46903228759766
2021-07-09,102.97000122070312,103.6500015258789,102.87000274658203,103.48999786376953,13341900,95.96192932128906
2021-07-12,102.97000122070312,103.75,102.5999984741211,103.62999725341797,10846500,96.09175109863281
2021-07-13,103.41000366210938,103.5,102.58000183105469,102.62999725341797,14881700,95.16448974609375
2021-07-14,102.88999938964844,103.29000091552734,102.26000213623047,102.62000274658203,10140000,95.15521240234375
2021-07-15,102.04000091552734,103.23999786376953,101.98999786376953,102.81999969482422,11071600,95.34066772460938
2021-07-16,103.16999816894531,103.19000244140625,101.77999877929688,101.91000366210938,17307200,94.49686431884766
2021-07-19,100.27999877929688,100.48999786376953,98.7699966430664,99.77999877929688,23792700,92.52179718017578
2021-07-20,100.08000183105469,102.69999694824219,99.94000244140625,102.56999969482422,20937100,95.1088638305664
2021-07-21,102.94000244140625,103.9000015258789,102.9000015258789,103.55000305175781,14449600,96.017578125
2021-07-22,103.73999786376953,103.75,103.01000213623047,103.16999816894531,6318700,95.66520690917969
2021-07-23,103.54000091552734,103.80999755859375,103.0999984741211,103.61000061035156,8055800,96.07321166992188
2021-07-26,103.33000183105469,103.91000366210938,102.88999938964844,103.55999755859375,7488800,96.02684020996094
2021-07-27,102.9000015258789,103.54000091552734,102.4000015258789,102.98999786376953,12402200,95.49829864501953
2021-07-28,103.31999969482422,103.55000305175781,102.20999908447266,102.75,11996500,95.2757568359375
2021-07-29,103.55000305175781,103.86000061035156,102.9800033569336,103.55999755859375,9767700,96.02684020996094
2021-07-30,103.04000091552734,103.58000183105469,102.86000061035156,103.36000061035156,12824400,95.84137725830078
2021-08-02,103.76000213623047,104.62999725341797,102.55999755859375,102.6500015258789,15925500,95.18304443359375
2021-08-03,102.8499984741211,104.04000091552734,101.97000122070312,103.98999786376953,14814100,96.42555236816406
2021-08-04,103.27999877929688,103.80999755859375,102.55999755859375,102.58000183105469,16180900,95.11811828613281
2021-08-05,103,103.41000366210938,102.66999816894531,103.05999755859375,12561500,95.56319427490234
2021-08-06,103.4800033569336,103.9800033569336,103.3499984741211,103.54000091552734,8677100,96.00829315185547
2021-08-09,103.08000183105469,103.37999725341797,102.62999725341797,103.12999725341797,7469700,95.62811279296875
2021-08-10,103.31999969482422,104.47000122070312,103.19999694824219,104.18000030517578,12730900,96.60173797607422
2021-08-11,104.38999938964844,105.54000091552734,104.01000213623047,105.52999877929688,12817200,97.8535385131836
2021-08-12,105.52999877929688,105.7300033569336,104.79000091552734,105.33000183105469,9265300,97.6680908203125
2021-08-13,105.33999633789062,105.5,104.86000061035156,105,8909300,97.36209106445312
2021-08-16,104.69000244140625,105.37000274658203,104,105.36000061035156,10231100,97.6958999633789
2021-08-17,104.7300033569336,104.77999877929688,103.2300033569336,104.22000122070312,15569900,96.63883972167969
2021-08-18,103.80999755859375,104.4000015258789,103.05000305175781,103.08000183105469,11955100,95.58177185058594
2021-08-19,102.30999755859375,103.05999755859375,101.77999877929688,102.36000061035156,17529700,94.91413879394531
2021-08-20,102.41000366210938,102.94000244140625,102.13999938964844,102.62999725341797,11753000,95.16448974609375
2021-08-23,103.11000061035156,103.91999816894531,103.05999755859375,103.47000122070312,8471000,95.94338989257812
2021-08-24,103.66999816894531,104.44999694824219,103.6500015258789,103.98999786376953,7593200,96.42555236816406
2021-08-25,104.06999969482422,105,103.75,104.66000366210938,9404200,97.04682159423828
2021-08-26,104.54000091552734,104.61000061035156,103.98999786376953,104.19999694824219,9951100,96.62026977539062
2021-08-27,104.55000305175781,105.20999908447266,104.31999969482422,104.91999816894531,10484200,97.28791809082031
2021-08-30,105.0999984741211,105.27999877929688,104.55000305175781,104.80000305175781,6528200,97.17662811279297
2021-08-31,104.7300033569336,104.94999694824219,104.27999877929688,104.51000213623047,9621200,96.90774536132812
2021-09-01,104.7300033569336,104.7300033569336,103.72000122070312,104.11000061035156,13116800,96.53683471679688
2021-09-02,104.54000091552734,105.23999786376953,104.5199966430664,105.2300033569336,9633500,97.57535552978516
2021-09-03,104.94000244140625,105.13999938964844,104.5199966430664,104.58999633789062,9855000,96.98192596435547
2021-09-07,104.2300033569336,104.30000305175781,102.70999908447266,102.77999877929688,17842300,95.3035659790039
2021-09-08,102.56999969482422,103.12000274658203,102.13999938964844,102.91999816894531,13561600,95.43339538574219
2021-09-09,102.75,103.4800033569336,102.16999816894531,102.41999816894531,9406200,94.96976470947266
2021-09-10,102.91000366210938,103.12000274658203,101.91999816894531,101.95999908447266,9547800,94.54322052001953
2021-09-13,102.73999786376953,103,101.45999908447266,102.2300033569336,12451000,94.79359436035156
2021-09-14,102.51000213623047,102.5999984741211,100.7699966430664,101,11493500,93.65306091308594
2021-09-15,101.05000305175781,102.37000274658203,100.83000183105469,102.11000061035156,9175000,94.68231201171875
2021-09-16,102.0999984741211,102.3499984741211,101.23999786376953,101.41000366210938,10516200,94.03323364257812
2021-09-17,101.05999755859375,101.30000305175781,100.18000030517578,100.33000183105469,16250700,93.03179931640625
2021-09-20,98.54000091552734,99.05999755859375,97.77999877929688,98.86000061035156,21453500,91.96479034423828
2021-09-21,99.33999633789062,99.4000015258789,97.88999938964844,98.33999633789062,14345200,91.48106384277344
2021-09-22,98.62999725341797,99.79000091552734,98.62999725341797,99.12000274658203,13079900,92.20667266845703
2021-09-23,99.58999633789062,101.19000244140625,99.55000305175781,100.63999938964844,11439900,93.62064361572266
2021-09-24,100.37999725341797,101.12999725341797,100.30999755859375,100.8499984741211,8254500,93.81598663330078
2021-09-27,100.98999786376953,101.8499984741211,100.88999938964844,100.94999694824219,9338000,93.90902709960938
2021-09-28,100.66999816894531,100.93000030517578,99.55000305175781,99.77999877929688,17057300,92.82061767578125
2021-09-29,100.22000122070312,100.41000366210938,99.73999786376953,99.88999938964844,12148200,92.92295837402344
2021-09-30,100.20999908447266,100.29000091552734,97.7300033569336,97.83999633789062,24624300,91.01592254638672
2021-10-01,98.45999908447266,99.70999908447266,97.4800033569336,99.18000030517578,17051800,92.2624740600586
2021-10-04,99.01000213623047,99.63999938964844,98.0199966430664,98.63999938964844,20182900,91.76012420654297
2021-10-05,98.81999969482422,100.25,98.38999938964844,99.73999786376953,12987900,92.78340911865234
2021-10-06,98.66999816894531,100.22000122070312,98.20999908447266,100.18000030517578,14702500,93.19271850585938
2021-10-07,100.94999694824219,101.69000244140625,100.87000274658203,100.95999908447266,9669700,93.9183120727539
2021-10-08,100.86000061035156,101.19999694824219,100.5199966430664,100.94999694824219,8565100,93.90902709960938
2021-10-11,100.81999969482422,101.45999908447266,100.12999725341797,100.13999938964844,9984000,93.155517578125
2021-10-12,100.26000213623047,100.61000061035156,99.61000061035156,99.80999755859375,10048700,92.8485336303711
2021-10-13,99.98999786376953,100.44000244140625,98.93000030517578,100.0199966430664,12416600,93.04389190673828
2021-10-14,100.83000183105469,101.94000244140625,100.62000274658203,101.91000366210938,9752800,94.80207824707031
2021-10-15,102.61000061035156,103.33000183105469,102.47000122070312,102.88999938964844,11775100,95.71371459960938
2021-10-18,102.30000305175781,103.06999969482422,101.9000015258789,102.95999908447266,6780200,95.77881622314453
2021-10-19,103.47000122070312,103.61000061035156,102.86000061035156,103.56999969482422,6911200,96.3462905883789
2021-10-20,103.58999633789062,104.33000183105469,103.3499984741211,104.22000122070312,9258500,96.95095825195312
2021-10-21,104,104.4800033569336,103.73999786376953,104.43000030517578,7824900,97.14629364013672
2021-10-22,104.63999938964844,105.19000244140625,104.4800033569336,104.80000305175781,9826300,97.49049377441406
2021-10-25,104.63999938964844,105.44000244140625,104.30000305175781,105.04000091552734,8093600,97.7137680053711
2021-10-26,104.93000030517578,105.37000274658203,104.37999725341797,104.38999938964844,12314000,97.10908508300781
2021-10-27,104.58999633789062,104.66000366210938,103.1500015258789,103.16999816894531,9015100,95.97418975830078
2021-10-28,103.31999969482422,104.5199966430664,103.31999969482422,104.45999908447266,9260400,97.17420196533203
2021-10-29,104.2699966430664,104.87000274658203,104.06999969482422,104.48999786376953,6831600,97.20211791992188
2021-11-01,104.69999694824219,104.98999786376953,104.2699966430664,104.77999877929688,10775200,97.47187805175781
2021-11-02,104.93000030517578,105.2300033569336,104.62999725341797,105.12999725341797,8833600,97.7974853515625
2021-11-03,104.54000091552734,104.97000122070312,103.98999786376953,104.9000015258789,11567300,97.58352661132812
2021-11-04,105.19999694824219,105.69999694824219,105.08000183105469,105.31999969482422,10201200,97.9742202758789
2021-11-05,106.54000091552734,107.05000305175781,106.04000091552734,106.38999938964844,12906400,98.96958923339844
2021-11-08,107.33000183105469,107.58000183105469,106.41999816894531,106.83000183105469,8928900,99.37891387939453
2021-11-09,107.02999877929688,107.36000061035156,106.51000213623047,107.0999984741211,10637300,99.63008117675781
2021-11-10,106.94999694824219,107.29000091552734,106.20999908447266,106.5,10326000,99.07193756103516
2021-11-11,106.70999908447266,106.70999908447266,105.94999694824219,106.05999755859375,5921200,98.66260528564453
2021-11-12,106.36000061035156,107.08000183105469,106.0199966430664,106.9000015258789,7929000,99.44403839111328
2021-11-15,107.33000183105469,107.44999694824219,106.86000061035156,107.0999984741211,7672400,99.63008117675781
2021-11-16,107.11000061035156,107.6500015258789,107.0199966430664,107.12000274658203,6625000,99.648681640625
2021-11-17,107.13999938964844,107.27999877929688,106.11000061035156,106.4800033569336,8164300,99.05332946777344
2021-11-18,106.83000183105469,106.83000183105469,105.70999908447266,106.26000213623047,9806200,98.84867095947266
2021-11-19,106.20999908447266,106.29000091552734,105.58000183105469,105.7300033569336,8935600,98.35562896728516
2021-11-22,106.06999969482422,107.01000213623047,105.80999755859375,106.0199966430664,11911200,98.62540435791016
2021-11-23,106.13999938964844,106.58000183105469,105.6500015258789,106.19999694824219,14090400,98.79285430908203
2021-11-24,105.8499984741211,106.30000305175781,105.70999908447266,106.08000183105469,10760400,98.68122100830078
2021-11-26,103.3499984741211,103.77999877929688,102.4800033569336,103.20999908447266,14694100,96.01138305664062
2021-11-29,104.26000213623047,104.27999877929688,102.83999633789062,103.38999938964844,11693000,96.1788330078125
2021-11-30,102.61000061035156,102.93000030517578,100.66999816894531,100.7699966430664,21058800,93.7415771484375
2021-12-01,102.30000305175781,102.70999908447266,99.33000183105469,99.37000274658203,19783600,92.43922424316406
2021-12-02,100.12999725341797,102.66999816894531,99.79000091552734,102.31999969482422,21919300,95.18346405029297
2021-12-03,102.5199966430664,102.77999877929688,101.16999816894531,102.19999694824219,19584900,95.07183074951172
2021-12-06,103.22000122070312,104.58000183105469,103.05000305175781,103.93000030517578,14457500,96.68116760253906
2021-12-07,104.72000122070312,105.86000061035156,104.68000030517578,104.98999786376953,10563300,97.667236328125
2021-12-08,105.04000091552734,105.44000244140625,104.7300033569336,105.25,10419600,97.90909576416016
2021-12-09,104.83000183105469,105.45999908447266,104.55999755859375,104.91999816894531,7325800,97.60212707519531
2021-12-10,105.38999938964844,105.56999969482422,104.83999633789062,105.3499984741211,8304100,98.00212860107422
2021-12-13,105.11000061035156,105.30999755859375,104.08000183105469,104.26000213623047,12690200,96.98815155029297
2021-12-14,103.69999694824219,104.70999908447266,102.86000061035156,103.2699966430664,13174200,96.06719970703125
2021-12-15,103.55000305175781,104.30999755859375,102.86000061035156,104.16999816894531,16908600,96.90443420410156
2021-12-16,104.83999633789062,105.30000305175781,103.8499984741211,104.22000122070312,11866200,96.95095825195312
2021-12-17,104.19999694824219,104.31999969482422,102.41000366210938,102.44000244140625,19332600,95.29509735107422
2021-12-20,100.80999755859375,100.83000183105469,99.55999755859375,100.41999816894531,17968300,93.7684097290039
2021-12-21,101.16999816894531,102.62999725341797,101.12999725341797,102.41999816894531,10497400,95.63591766357422
2021-12-22,102.37000274658203,102.88999938964844,102.19999694824219,102.70999908447266,8297000,95.90672302246094
2021-12-23,103.08000183105469,104.26000213623047,103.05999755859375,103.91999816894531,7047000,97.03656768798828
2021-12-27,104.08000183105469,105.05999755859375,103.93000030517578,105.0199966430664,5196000,98.06370544433594
2021-12-28,104.91999816894531,105.81999969482422,104.86000061035156,105.55000305175781,5368600,98.55860137939453
2021-12-29,105.38999938964844,105.97000122070312,105.26000213623047,105.73999786376953,5922300,98.73600006103516
2021-12-30,105.8499984741211,106.37000274658203,105.27999877929688,105.36000061035156,6190400,98.38118743896484
2021-12-31,105.18000030517578,106.2300033569336,105.05999755859375,105.80999755859375,7726100,98.80135345458984
2022-01-03,106.02999877929688,106.26000213623047,104.4000015258789,104.94000244140625,10188300,97.98899841308594
2022-01-04,105.62000274658203,107.25,105.5,107.05000305175781,14572600,99.95924377441406
2022-01-05,107.33000183105469,107.87999725341797,105.98999786376953,106.02999877929688,16196100,99.00679016113281
2022-01-06,106.4000015258789,106.91000366210938,105.9800033569336,106.5199966430664,10437800,99.46434783935547
2022-01-07,106.55000305175781,107.19999694824219,106.44999694824219,106.48999786376953,11614900,99.43633270263672
2022-01-10,106.2300033569336,106.31999969482422,104.47000122070312,105.29000091552734,15670900,98.3158187866211
2022-01-11,105.4000015258789,106.04000091552734,104.26000213623047,105.91999816894531,11966500,98.90409088134766
2022-01-12,106.37000274658203,106.80000305175781,105.91999816894531,106.26000213623047,9938000,99.22158813476562
2022-01-13,106.55000305175781,107.44000244140625,106.12000274658203,106.48999786376953,10995400,99.43633270263672
2022-01-14,105.5199966430664,105.94000244140625,104.77999877929688,105.8499984741211,14758600,98.8387222290039
2022-01-18,104.86000061035156,105.06999969482422,104.02999877929688,104.62999725341797,13878100,97.69953155517578
2022-01-19,104.91000366210938,105.05000305175781,103.37999725341797,103.45999908447266,13367000,96.60704803466797
2022-01-20,103.66000366210938,104.7300033569336,102.01000213623047,102.13999938964844,16726100,95.37447357177734
2022-01-21,102.1500015258789,102.91999816894531,100.80000305175781,101.19999694824219,33329600,94.49673461914062
2022-01-24,99.51000213623047,101.93000030517578,98.05000305175781,101.77999877929688,37356500,95.03831481933594
2022-01-25,100.01000213623047,101.62000274658203,98.37000274658203,100.77999877929688,28146300,94.10455322265625
2022-01-26,101.36000061035156,102.48999786376953,98.87999725341797,99.9000015258789,27633700,93.28284454345703
2022-01-27,100.7300033569336,101.55999755859375,98.36000061035156,99.01000213623047,23186100,92.45181274414062
2022-01-28,98.58999633789062,99.70999908447266,96.94000244140625,99.69999694824219,22967200,93.09607696533203
2022-01-31,99.02999877929688,100.8499984741211,98.80000305175781,100.73999786376953,12183200,94.06719207763672
2022-02-01,101.37000274658203,102.45999908447266,100.76000213623047,102.12999725341797,17200700,95.3651351928711
2022-02-02,102,103.05000305175781,101.58000183105469,102.83999633789062,14199200,96.0280990600586
2022-02-03,102.13999938964844,102.62000274658203,101.05999755859375,101.19999694824219,14007400,94.49673461914062
2022-02-04,100.63999938964844,101.0999984741211,99.27999877929688,100.11000061035156,16025200,93.47894287109375
2022-02-07,100.37000274658203,100.97000122070312,99.83999633789062,100.19000244140625,10452100,93.55363464355469
2022-02-08,100.44999694824219,101.38999938964844,100.05000305175781,101.19000244140625,10376500,94.48738861083984
2022-02-09,102.04000091552734,102.72000122070312,102.01000213623047,102.58000183105469,13166200,95.78533172607422
2022-02-10,101.37000274658203,102.76000213623047,100.37999725341797,100.9000015258789,15560000,94.21659088134766
2022-02-11,100.93000030517578,101.4000015258789,98.87000274658203,99.36000061035156,18726900,92.77861785888672
2022-02-14,99.5,99.77999877929688,98.19999694824219,98.98999786376953,15297400,92.4331283569336
2022-02-15,99.97000122070312,100.91000366210938,99.91000366210938,100.4800033569336,10542100,93.82443237304688
2022-02-16,100.20999908447266,101.36000061035156,99.95999908447266,101.01000213623047,8222600,94.31930541992188
2022-02-17,100.20999908447266,100.43000030517578,98.98999786376953,99.16000366210938,10912200,92.59187316894531
2022-02-18,98.9800033569336,99.7300033569336,98.0199966430664,98.33999633789062,11969700,91.82617950439453
2022-02-22,98.2699966430664,98.83999633789062,96.86000061035156,97.38999938964844,16809500,90.93909454345703
2022-02-23,97.80999755859375,97.97000122070312,95.44999694824219,95.5999984741211,16296200,89.26766967773438
2022-02-24,94.19000244140625,97.02999877929688,93.4000015258789,96.81999969482422,27356100,90.40686798095703
2022-02-25,97.05000305175781,99.45999908447266,97,99.12999725341797,13511700,92.56383514404297
2022-02-28,98.20999908447266,100.08999633789062,98.16000366210938,99.88999938964844,18310700,93.27349090576172
2022-03-01,99.52999877929688,100.16000366210938,97.76000213623047,98.4000015258789,21884800,91.88218688964844
2022-03-02,98.87999725341797,100.9800033569336,98.73999786376953,100.5,16881400,93.84310150146484
2022-03-03,101.23999786376953,101.51000213623047,100.16999816894531,100.61000061035156,14831600,93.94580841064453
2022-03-04,99.58999633789062,100.51000213623047,99,100.38999938964844,17167400,93.7403793334961
2022-03-07,100.06999969482422,100.80000305175781,97.66999816894531,97.69999694824219,16533900,91.22856140136719
2022-03-08,97.94000244140625,99.70999908447266,97.01000213623047,97.0999984741211,22316800,90.66829681396484
2022-03-09,98.80999755859375,99.61000061035156,98.41000366210938,98.86000061035156,18757400,92.31171417236328
2022-03-10,97.62000274658203,98.91999816894531,97.52999877929688,98.7300033569336,13317200,92.19033813476562
2022-03-11,99.30000305175781,99.91000366210938,97.87999725341797,97.94000244140625,10695200,91.45266723632812
2022-03-14,98.52999877929688,99.33999633789062,97.58000183105469,98.2699966430664,12988000,91.76081085205078
2022-03-15,99.16999816894531,100.02999877929688,98.56999969482422,99.83000183105469,11204900,93.21747589111328
2022-03-16,100.45999908447266,101.33000183105469,99.1500015258789,101.1500015258789,15840900,94.45002746582031
2022-03-17,100.5,102.5,100.5,102.44999694824219,10897900,95.6639175415039
2022-03-18,102.2699966430664,102.93000030517578,101.51000213623047,102.83999633789062,14921800,96.0280990600586
2022-03-21,102.26000213623047,103.11000061035156,102.08999633789062,102.7300033569336,10821400,96.24451446533203
2022-03-22,103.05000305175781,103.55000305175781,102.75,103.29000091552734,8292000,96.76914978027344
2022-03-23,102.86000061035156,103.06999969482422,102.27999877929688,102.30000305175781,10475400,95.84165954589844
2022-03-24,102.81999969482422,103.12999725341797,102.29000091552734,103.08000183105469,7698900,96.57241821289062
2022-03-25,103.30000305175781,103.76000213623047,102.83999633789062,103.72000122070312,7350200,97.17201232910156
2022-03-28,103.62999725341797,103.77999877929688,102.80000305175781,103.75,7940900,97.20011901855469
2022-03-29,104.43000030517578,104.7699966430664,103.69999694824219,104.70999908447266,12157500,98.09952545166016
2022-03-30,104.5999984741211,105.2300033569336,104.12999725341797,104.58999633789062,8731200,97.98709869384766
2022-03-31,104.31999969482422,104.95999908447266,102.95999908447266,102.9800033569336,9441900,96.47874450683594
2022-04-01,103.41999816894531,103.51000213623047,101.43000030517578,102.18000030517578,11182200,95.72923278808594
2022-04-04,101.9800033569336,102.12999725341797,100.79000091552734,102.05000305175781,10436500,95.60746002197266
2022-04-05,101.6500015258789,102.47000122070312,100.38999938964844,100.5999984741211,15332800,94.24898529052734
2022-04-06,99.76000213623047,100.11000061035156,99.13999938964844,99.81999969482422,15573200,93.51823425292969
2022-04-07,99.45999908447266,100.5199966430664,98.55999755859375,100.16000366210938,12381300,93.8367691040039
2022-04-08,100,100.48999786376953,99.37000274658203,99.5999984741211,12923200,93.31212615966797
2022-04-11,99.27999877929688,100.4000015258789,99.0999984741211,99.27999877929688,11246300,93.01231384277344
2022-04-12,99.58000183105469,100.55999755859375,98.69000244140625,99.12000274658203,11473900,92.8624496459961
2022-04-13,99.31999969482422,100.16000366210938,99.30999755859375,100.05000305175781,7661100,93.73370361328125
2022-04-14,100.37000274658203,100.91000366210938,99.91999816894531,99.94000244140625,8252400,93.63065338134766
2022-04-18,99.66000366210938,100.5999984741211,99.16999816894531,99.58999633789062,8701000,93.30274963378906
2022-04-19,99.91999816894531,101.54000091552734,99.87000274658203,101.4000015258789,10920100,94.99848937988281
2022-04-20,102.26000213623047,102.6500015258789,101.80999755859375,101.94999694824219,8623000,95.51376342773438
2022-04-21,102.95999908447266,103.12000274658203,100.66999816894531,100.91000366210938,11117200,94.53942108154297
2022-04-22,100.4000015258789,100.45999908447266,98.33999633789062,98.43000030517578,12030400,92.21598815917969
2022-04-25,97.86000061035156,98.58000183105469,96.19000244140625,98.43000030517578,16391100,92.21598815917969
2022-04-26,97.69999694824219,98.06999969482422,96.25,96.27999877929688,14594100,90.20171356201172
2022-04-27,96.2300033569336,97.51000213623047,95.77999877929688,96.63999938964844,13363100,90.53898620605469
2022-04-28,96.91000366210938,98.11000061035156,95.7300033569336,97.7300033569336,13461600,91.5601806640625
2022-04-29,97.58000183105469,98.08000183105469,94.94999694824219,95.13999938964844,15135400,89.13368225097656
2022-05-02,95.04000091552734,96.19000244140625,93.5,95.33999633789062,19101300,89.32106018066406
2022-05-03,95.54000091552734,96.5999984741211,95.13999938964844,95.97000122070312,13315900,89.91130065917969
2022-05-04,95.91999816894531,98.9800033569336,95.66000366210938,98.75,18468900,92.51577758789062
2022-05-05,97.80000305175781,98.27999877929688,95.4000015258789,96.16999816894531,24943700,90.09864044189453
2022-05-06,95.77999877929688,95.81999969482422,93.95999908447266,95.5199966430664,24153900,89.48967742919922
2022-05-09,94.41000366210938,94.77999877929688,92.83000183105469,93.20999908447266,21188700,87.3255386352539
2022-05-10,94.22000122070312,94.5,91.68000030517578,92.5999984741211,22935000,86.75404357910156
2022-05-11,92.52999877929688,94.13999938964844,91.61000061035156,91.76000213623047,21838600,85.96707153320312
2022-05-12,91.29000091552734,92.51000213623047,90.19000244140625,91.93000030517578,18517400,86.12632751464844
2022-05-13,92.75,93.62999725341797,92.1500015258789,93.0999984741211,12837800,87.22247314453125
2022-05-16,92.83000183105469,93.70999908447266,92.19999694824219,92.97000122070312,10865900,87.10067749023438
2022-05-17,94.47000122070312,95.22000122070312,93.68000030517578,95.08000183105469,9490500,89.07745361328125
2022-05-18,94.2300033569336,94.4000015258789,91.2699966430664,91.54000091552734,11173000,85.7609634399414
2022-05-19,90.58000183105469,91.87999725341797,89.68000030517578,90.72000122070312,14482000,84.99272918701172
2022-05-20,91,91.19000244140625,88.04000091552734,89.73999786376953,15695100,84.07460021972656
2022-05-23,90.61000061035156,91.44000244140625,90.16000366210938,91.20999908447266,11989100,85.45178985595703
2022-05-24,90.73999786376953,91.37000274658203,89.23999786376953,91.16000366210938,9917000,85.40494537353516
2022-05-25,90.86000061035156,92.04000091552734,90.54000091552734,91.69000244140625,9460100,85.9014892578125
2022-05-26,92.5199966430664,94.01000213623047,92.33000183105469,93.55000305175781,8028100,87.64407348632812
2022-05-27,94.29000091552734,95.48999786376953,94.16999816894531,95.47000122070312,8669600,89.44285583496094
2022-05-31,94.47000122070312,95.36000061035156,93.80000305175781,94.69999694824219,14498300,88.7214584350586
2022-06-01,95.26000213623047,95.48999786376953,93.3499984741211,94.12000274658203,8713700,88.1780776977539
2022-06-02,94.7699966430664,95.97000122070312,93.93000030517578,95.91999816894531,8432500,89.86445617675781
2022-06-03,95.05999755859375,95.80000305175781,94.94999694824219,95.55000305175781,6828800,89.51781463623047
2022-06-06,96.23999786376953,96.54000091552734,95.75,95.94999694824219,8334500,89.89253234863281
2022-06-07,95.0999984741211,97.33999633789062,94.77999877929688,97.23999786376953,7427700,91.10111236572266
2022-06-08,96.51000213623047,96.75,95.26000213623047,95.4800033569336,7028700,89.45222473144531
2022-06-09,95.08000183105469,95.45999908447266,93.5999984741211,93.5999984741211,6737800,87.69092559814453
2022-06-10,91.94000244140625,92.1500015258789,90.80999755859375,90.83999633789062,10416600,85.10513305664062
2022-06-13,89.05000305175781,89.18000030517578,87.55999755859375,88.11000061035156,18353300,82.54749298095703
2022-06-14,88.48999786376953,89.1500015258789,87.16000366210938,87.88999938964844,10512800,82.34139251708984
2022-06-15,88.58000183105469,89.80000305175781,87.37000274658203,88.73999786376953,13335200,83.13773345947266
2022-06-16,87.01000213623047,87.05999755859375,85.33000183105469,85.77999877929688,13500700,80.36459350585938
2022-06-17,85.68000030517578,86.41000366210938,84.56999969482422,85.55999755859375,14253500,80.1584701538086
2022-06-21,86.52999877929688,87.06999969482422,85.93000030517578,86.73999786376953,9161600,81.62076568603516
2022-06-22,85.5199966430664,86.95999908447266,85.3499984741211,86.26000213623047,11136800,81.16910552978516
2022-06-23,86.22000122070312,86.55999755859375,84.75,85.81999969482422,9744400,80.75505828857422
2022-06-24,86.63999938964844,88.83000183105469,86.5999984741211,88.81999969482422,9634000,83.57801055908203
2022-06-27,89.29000091552734,89.29000091552734,88.20999908447266,88.61000061035156,6361300,83.38040161132812
2022-06-28,89.19999694824219,90.19999694824219,87.51000213623047,87.58000183105469,6476300,82.41119384765625
2022-06-29,87.75,87.76000213623047,86.37999725341797,87.06999969482422,6818200,81.93128967285156
2022-06-30,86.01000213623047,87.72000122070312,85.61000061035156,87.33999633789062,8708500,82.18535614013672
2022-07-01,87.18000030517578,88.38999938964844,86.51000213623047,88.0999984741211,11717900,82.90050506591797
2022-07-05,86.62000274658203,86.81999969482422,85.2699966430664,86.77999877929688,10994500,81.65840148925781
2022-07-06,86.9800033569336,87.81999969482422,86.16000366210938,87.27999877929688,9781700,82.12889099121094
2022-07-07,87.88999938964844,88.52999877929688,87.30999755859375,88.30999755859375,5865600,83.09810638427734
2022-07-08,88.08000183105469,88.47000122070312,87.2300033569336,87.91000366210938,4912800,82.72171783447266
2022-07-11,87.4000015258789,87.91000366210938,87.12000274658203,87.31999969482422,7985000,82.16654205322266
2022-07-12,86.91999816894531,88.2300033569336,86.73999786376953,87.05000305175781,8018000,81.91246795654297
2022-07-13,85.66000366210938,86.72000122070312,85.44000244140625,85.98999786376953,9498600,80.91503143310547
2022-07-14,84.76000213623047,85.5999984741211,84.27999877929688,85.5,6825200,80.45394897460938
2022-07-15,86.69999694824219,86.97000122070312,85.79000091552734,86.83999633789062,7855600,81.71487426757812
2022-07-18,87.61000061035156,87.94999694824219,86.05000305175781,86.31999969482422,6282000,81.2255630493164
2022-07-19,87.02999877929688,89.55999755859375,87.01000213623047,89.4000015258789,7326900,84.12377166748047
2022-07-20,89.43000030517578,90.33000183105469,89.11000061035156,90.08999633789062,8260600,84.77305603027344
2022-07-21,89.83000183105469,90.76000213623047,89.4800033569336,90.73999786376953,5899300,85.38470458984375
2022-07-22,91.04000091552734,91.33000183105469,90.02999877929688,90.44999694824219,5969800,85.11180877685547
2022-07-25,90.55000305175781,91.13999938964844,90,90.87999725341797,6154900,85.51642608642578
2022-07-26,90.58999633789062,91.22000122070312,90.18000030517578,90.38999938964844,5522200,85.05535125732422
2022-07-27,90.9800033569336,92.23999786376953,90.37999725341797,91.79000091552734,8662100,86.37273406982422
2022-07-28,92.25,93.80999755859375,91.98999786376953,93.70999908447266,8668500,88.17941284179688
2022-07-29,93.73999786376953,95.83999633789062,93.73999786376953,95.63999938964844,9000600,89.99551391601562
2022-08-01,95.04000091552734,96.05000305175781,94.86000061035156,95.73999786376953,8599400,90.08960723876953
2022-08-02,95.37999725341797,95.91000366210938,94.55000305175781,94.7300033569336,10039900,89.13922119140625
2022-08-03,95.13999938964844,95.91999816894531,94.4800033569336,95.62000274658203,5509400,89.97669219970703
2022-08-04,95.63999938964844,96.25,95.41999816894531,95.97000122070312,5339300,90.30604553222656
2022-08-05,94.98999786376953,96.19000244140625,94.98999786376953,96.12000274658203,7857300,90.44718170166016
2022-08-08,96.87000274658203,97.13999938964844,95.83999633789062,96.08999633789062,5606000,90.4189682006836
2022-08-09,96.08000183105469,96.2300033569336,95.54000091552734,95.73999786376953,4398000,90.08960723876953
2022-08-10,97.26000213623047,98.1500015258789,97.05000305175781,97.83999633789062,5967000,92.06568145751953
2022-08-11,98.4800033569336,99.2300033569336,98.16999816894531,98.36000061035156,5711600,92.55498504638672
2022-08-12,98.80999755859375,99.87000274658203,98.45999908447266,99.83999633789062,7808200,93.9476318359375
2022-08-15,99.1500015258789,100.22000122070312,99,100.08000183105469,6558400,94.17347717285156
2022-08-16,99.5999984741211,100.97000122070312,99.5999984741211,100.52999877929688,5564200,94.596923828125
2022-08-17,99.3499984741211,100.19000244140625,99.19999694824219,99.7300033569336,6578800,93.8441162109375
2022-08-18,99.91000366210938,100.27999877929688,99.56999969482422,100.12999725341797,7003400,94.22051239013672
2022-08-19,99.51000213623047,99.54000091552734,98.58000183105469,98.83999633789062,6893400,93.00663757324219
2022-08-22,97.62999725341797,97.77999877929688,96.83000183105469,96.95999908447266,5804800,91.23760986328125
2022-08-23,97,97.77999877929688,96.83999633789062,97.13999938964844,9874700,91.40699005126953
2022-08-24,97.23999786376953,97.75,97.05000305175781,97.45999908447266,6443800,91.7081069946289
2022-08-25,97.9000015258789,98.9800033569336,97.80999755859375,98.94999694824219,6045900,93.11016082763672
2022-08-26,99.13999938964844,99.19000244140625,95.44999694824219,95.5199966430664,8006200,89.88257598876953
2022-08-29,94.91000366210938,95.8499984741211,94.54000091552734,95.08999633789062,6386900,89.47796630859375
2022-08-30,95.30000305175781,95.43000030517578,93.33000183105469,93.72000122070312,9546600,88.18883514404297
2022-08-31,94.0999984741211,94.2699966430664,92.83000183105469,92.93000030517578,9683700,87.4454345703125
2022-09-01,92.31999969482422,93.12000274658203,91.91999816894531,93.05999755859375,8790000,87.56778717041016
2022-09-02,94.0999984741211,94.22000122070312,91.7300033569336,92.16000366210938,9839300,86.72090148925781
2022-09-06,92.19999694824219,92.7699966430664,91.51000213623047,92.30999755859375,11438600,86.8620376586914
2022-09-07,91.9800033569336,94.02999877929688,91.95999908447266,93.79000091552734,7934100,88.25469207763672
2022-09-08,93.22000122070312,94.11000061035156,92.62999725341797,94.06999969482422,6979900,88.51815032958984
2022-09-09,94.68000030517578,95.48999786376953,94.63999938964844,95.29000091552734,7440000,89.6661605834961
2022-09-12,95.83999633789062,96.3499984741211,95.36000061035156,95.86000061035156,5874000,90.2025146484375
2022-09-13,93.80000305175781,94.54000091552734,91.9000015258789,92.25,11236300,86.80558013916016
2022-09-14,92.19999694824219,92.4800033569336,90.91999816894531,92.06999969482422,8889400,86.63619995117188
2022-09-15,92,92.6500015258789,90.81999969482422,91.11000061035156,10688800,85.73286437988281
2022-09-16,89.06999969482422,89.61000061035156,88.44000244140625,89.20999908447266,19141400,83.94499969482422
2022-09-19,88.16999816894531,90.12000274658203,88.11000061035156,89.98999786376953,8455400,85.08428955078125
2022-09-20,89.31999969482422,89.37999725341797,88.12999725341797,88.87000274658203,6652500,84.02537536621094
2022-09-21,89.66000366210938,90.36000061035156,87.68000030517578,87.69000244140625,10846700,82.90967559814453
2022-09-22,87.4800033569336,87.61000061035156,86.23999786376953,86.37000274658203,8925600,81.6616439819336
2022-09-23,85.51000213623047,85.5999984741211,83.70999908447266,84.75,13831600,80.12995147705078
2022-09-26,84.48999786376953,85.20999908447266,83.4800033569336,83.86000061035156,9241600,79.28846740722656
2022-09-27,84.62000274658203,84.88999938964844,82.87000274658203,83.58000183105469,12179600,79.02374267578125
2022-09-28,83.94000244140625,85.88999938964844,83.66999816894531,85.41999816894531,11920100,80.763427734375
2022-09-29,84.66999816894531,84.75,83.16000366210938,83.94000244140625,9357400,79.36412048339844
2022-09-30,83.69999694824219,84.44999694824219,82.75,82.83999633789062,8935700,78.32406616210938
2022-10-03,83.76000213623047,86.01000213623047,83.5,85.33999633789062,8612500,80.68778991699219
2022-10-04,86.63999938964844,88.33000183105469,86.63999938964844,88.30999755859375,9676100,83.49586486816406
2022-10-05,87.3499984741211,88.58000183105469,86.93000030517578,87.83000183105469,7055800,83.04206848144531
2022-10-06,87.37999725341797,88.02999877929688,86.5999984741211,86.81999969482422,8813300,82.08712005615234
2022-10-07,85.98999786376953,86.12999725341797,84.63999938964844,85.16000366210938,7415200,80.51760864257812
2022-10-10,85.87000274658203,86.33000183105469,84.73999786376953,85.45999908447266,7564300,80.8012466430664
2022-10-11,85.12000274658203,86.5999984741211,84.88999938964844,85.44000244140625,8661700,80.7823486328125
2022-10-12,85.38999938964844,85.79000091552734,84.7300033569336,84.7699966430664,6727400,80.14884948730469
2022-10-13,82.8499984741211,87.08999633789062,82.76000213623047,86.63999938964844,18956100,81.91691589355469
2022-10-14,87.25,87.4000015258789,84.55999755859375,84.73999786376953,9432900,80.1205062866211
2022-10-17,86.23999786376953,87.05999755859375,86.13999938964844,86.58999633789062,9541100,81.86963653564453
2022-10-18,88.45999908447266,88.91000366210938,87.44000244140625,88.68000030517578,10160500,83.8457260131836
2022-10-19,88.25,88.8499984741211,87.3499984741211,88.05000305175781,7705500,83.25006866455078
2022-10-20,87.79000091552734,88.30999755859375,86.16999816894531,86.31999969482422,8773200,81.61437225341797
2022-10-21,86.4000015258789,88.87000274658203,86.08999633789062,88.69000244140625,13148200,83.85517883300781
2022-10-24,89.31999969482422,90.20999908447266,89.06999969482422,89.87000274658203,9388700,84.97084045410156
2022-10-25,89.7699966430664,91.1500015258789,89.72000122070312,91.08000183105469,9807900,86.11487579345703
2022-10-26,91.91000366210938,92.70999908447266,91.06999969482422,91.4000015258789,10250400,86.41743469238281
2022-10-27,92.29000091552734,93.58000183105469,92.27999877929688,92.47000122070312,9223900,87.4291000366211
2022-10-28,92.66000366210938,94.69999694824219,92.41999816894531,94.62000274658203,9161700,89.4619140625
2022-10-31,94.16000366210938,94.94999694824219,93.88999938964844,94.3499984741211,9144900,89.20663452148438
2022-11-01,95.05000305175781,95.16999816894531,93.66999816894531,94.26000213623047,9673000,89.12152862548828
2022-11-02,93.79000091552734,95.72000122070312,92.55000305175781,92.5999984741211,13884600,87.5520248413086
2022-11-03,91.66000366210938,94.41000366210938,91.5999984741211,93.56999969482422,13331000,88.46914672851562
2022-11-04,94.87000274658203,95.33999633789062,93.5,95.06999969482422,11497500,89.88738250732422
2022-11-07,95.5,96.23999786376953,94.9000015258789,96.08999633789062,8286900,90.85177612304688
2022-11-08,96.4000015258789,97.37999725341797,95.7699966430664,96.93000030517578,8951500,91.6459732055664
2022-11-09,96.3499984741211,97,95.45999908447266,95.58000183105469,9217600,90.36956787109375
2022-11-10,98.30000305175781,99.72000122070312,97.83999633789062,99.58999633789062,18633600,94.16096496582031
2022-11-11,99.83000183105469,100.23999786376953,99.12000274658203,99.52999877929688,9975400,94.10424041748047
2022-11-14,99.23999786376953,100.26000213623047,98.88999938964844,98.91999816894531,8854100,93.52748107910156
2022-11-15,99.98999786376953,100.18000030517578,98.73999786376953,99.5999984741211,10514100,94.1704330444336
2022-11-16,99.4800033569336,99.68000030517578,98.66000366210938,98.87999725341797,9612000,93.48967742919922
2022-11-17,97.61000061035156,98.75,97.0999984741211,98.70999908447266,8753800,93.32893371582031
2022-11-18,99.5999984741211,99.88999938964844,98.80000305175781,99.44000244140625,7661500,94.01914978027344
2022-11-21,99.18000030517578,100.05999755859375,99.1500015258789,99.76000213623047,7072600,94.32170867919922
2022-11-22,100.19999694824219,100.76000213623047,100.0999984741211,100.52999877929688,7470200,95.04972076416016
2022-11-23,100.6500015258789,101.29000091552734,100.58000183105469,100.91000366210938,5649000,95.40902709960938
2022-11-25,101.12999725341797,101.5,101.01000213623047,101.30000305175781,2665900,95.77777862548828
2022-11-28,100.8499984741211,100.94000244140625,99.13999938964844,99.45999908447266,7870200,94.03805541992188
2022-11-29,99.68000030517578,100.2300033569336,99.37999725341797,100.06999969482422,5563400,94.61481475830078
2022-11-30,100.05000305175781,101.73999786376953,98.94000244140625,101.72000122070312,18295400,96.17485046386719
2022-12-01,102.0999984741211,102.36000061035156,100.97000122070312,101.75,13848600,96.20323944091797
2022-12-02,100.66000366210938,102.69000244140625,100.66000366210938,102.33000183105469,10767900,96.75160217285156
2022-12-05,101.4000015258789,101.5199966430664,100.44000244140625,100.62000274658203,11070700,95.13481903076172
2022-12-06,100.8499984741211,100.9000015258789,98.68000030517578,99.43000030517578,8854500,94.00968933105469
2022-12-07,99.25,100,99.11000061035156,99.30000305175781,7173700,93.88677978515625
2022-12-08,99.66000366210938,100.5,99.52999877929688,99.88999938964844,6462400,94.44462585449219
2022-12-09,99.83999633789062,100.26000213623047,99.04000091552734,99.06999969482422,7208000,93.6693115234375
2022-12-12,99.30000305175781,100.80000305175781,99.22000122070312,100.7699966430664,7043300,95.27665710449219
2022-12-13,103.2300033569336,103.30999755859375,100.41000366210938,101.1500015258789,17589500,95.63592529296875
2022-12-14,101.2699966430664,102.27999877929688,100.37999725341797,100.95999908447266,10428900,95.45626831054688
2022-12-15,99.5999984741211,100.05000305175781,98.01000213623047,98.5199966430664,11588400,93.14929962158203
2022-12-16,97.58999633789062,98.30999755859375,97.13999938964844,98.0999984741211,17357100,92.752197265625
2022-12-19,97.37000274658203,98.2699966430664,96.6500015258789,97.12000274658203,8814700,92.26390838623047
2022-12-20,96.91000366210938,97.87000274658203,96.80000305175781,97.23999786376953,9294200,92.3779067993164
2022-12-21,98.37999725341797,99.23999786376953,98.05000305175781,99.06999969482422,8220700,94.11639404296875
2022-12-22,98.38999938964844,98.47000122070312,96.30000305175781,97.80999755859375,11024700,92.91938781738281
2022-12-23,97.80000305175781,98.52999877929688,97.37000274658203,98.38999938964844,6142400,93.47040557861328
2022-12-27,98.54000091552734,99.18000030517578,98.16000366210938,98.69000244140625,5213800,93.7553939819336
2022-12-28,98.87000274658203,99.0999984741211,97.37999725341797,97.4000015258789,6803900,92.52989959716797
2022-12-29,97.8499984741211,98.9000015258789,97.7699966430664,98.5999984741211,8309000,93.6698989868164
2022-12-30,98.01000213623047,98.4000015258789,97.29000091552734,98.20999908447266,6874400,93.29940032958984
2023-01-03,98.77999877929688,98.94000244140625,97.51000213623047,98.41999816894531,11407700,93.4989013671875
2023-01-04,98.73999786376953,99.61000061035156,98.5199966430664,99.29000091552734,12236000,94.3254165649414
2023-01-05,98.7300033569336,98.95999908447266,97.94999694824219,98.22000122070312,9649600,93.30889129638672
2023-01-06,99.20999908447266,101.19000244140625,99.02999877929688,100.91000366210938,16270200,95.86439514160156
2023-01-09,101.16000366210938,102.06999969482422,100.33000183105469,100.45999908447266,12846700,95.43688201904297
2023-01-10,100.12999725341797,101.06999969482422,100.06999969482422,101.01000213623047,9166200,95.95939636230469
2023-01-11,101.5999984741211,102,101.04000091552734,101.9800033569336,7395400,96.88090515136719
2023-01-12,102.3499984741211,102.9800033569336,101.48999786376953,102.58000183105469,9883200,97.4509048461914
2023-01-13,101.70999908447266,102.54000091552734,101.44999694824219,102.45999908447266,14206900,97.33687591552734
2023-01-17,102.4000015258789,102.54000091552734,101.4800033569336,101.58999633789062,9274900,96.51039123535156
2023-01-18,101.94000244140625,102.16999816894531,99.62000274658203,99.68000030517578,15026000,94.69590759277344
2023-01-19,99.06999969482422,99.31999969482422,97.62000274658203,97.62999725341797,17155600,92.7483901977539
2023-01-20,97.70999908447266,99.0199966430664,97.30999755859375,98.98999786376953,12816500,94.0403823852539
2023-01-23,99.30000305175781,100.61000061035156,98.87999725341797,100.06999969482422,11113600,95.06639099121094
2023-01-24,99.51000213623047,101.02999877929688,98.98999786376953,100.7300033569336,11341200,95.69340515136719
2023-01-25,99.62999725341797,100.44000244140625,98.80000305175781,100.16999816894531,11728300,95.16138458251953
2023-01-26,100.87999725341797,100.87999725341797,99.47000122070312,100.72000122070312,14985500,95.68389129638672
2023-01-27,100.5,101.62000274658203,100.41999816894531,101.13999938964844,14187300,96.0829086303711
2023-01-30,100.51000213623047,101.48999786376953,100.06999969482422,100.1500015258789,10057900,95.14241027832031
2023-01-31,100.44999694824219,101.87999725341797,100.08999633789062,101.8499984741211,10367500,96.75738525390625
2023-02-01,101.44000244140625,103.33000183105469,100.9800033569336,102.58999633789062,16673700,97.46038818359375
2023-02-02,102.97000122070312,103.98999786376953,102.33000183105469,103.38999938964844,13459800,98.22039031982422
2023-02-03,102.72000122070312,103.69999694824219,102.58000183105469,102.8499984741211,13567600,97.70738983154297
2023-02-06,102.3499984741211,102.98999786376953,102.19000244140625,102.5999984741211,10260900,97.46988677978516
2023-02-07,102.30000305175781,103.19000244140625,101.25,102.91999816894531,10946100,97.7739028930664
2023-02-08,102.38999938964844,102.83000183105469,102,102.33999633789062,7429700,97.22288513183594
2023-02-09,102.83999633789062,103.08000183105469,101.13999938964844,101.41999816894531,8882400,96.34889221191406
2023-02-10,101.19000244140625,102.22000122070312,101.08000183105469,102.13999938964844,7710500,97.03290557861328
2023-02-13,102.33999633789062,103.12999725341797,102.16000366210938,103.06999969482422,5781400,97.9164047241211
2023-02-14,102.70999908447266,103.26000213623047,101.7300033569336,102.79000091552734,7722200,97.65039825439453
2023-02-15,102.22000122070312,103.45999908447266,102.0199966430664,103.43000030517578,6005600,98.2583999633789
2023-02-16,102.0999984741211,103.13999938964844,101.91999816894531,102.36000061035156,8838600,97.24189758300781
2023-02-17,102.29000091552734,103.08999633789062,101.88999938964844,103.02999877929688,8779000,97.87838745117188
2023-02-21,102.26000213623047,102.58000183105469,100.56999969482422,100.66999816894531,9805000,95.63640594482422
2023-02-22,100.76000213623047,101.25,100,100.41999816894531,8867100,95.3989028930664
2023-02-23,100.93000030517578,101.5,99.81999969482422,100.88999938964844,8995600,95.84539794921875
2023-02-24,99.8499984741211,100.47000122070312,99.4000015258789,100.30999755859375,9288400,95.29438781738281
2023-02-27,101.5199966430664,101.97000122070312,100.97000122070312,101.19999694824219,8677600,96.13988494873047
2023-02-28,101.06999969482422,101.5999984741211,100.87000274658203,100.97000122070312,10854200,95.92138671875
2023-03-01,100.87999725341797,101.9000015258789,100.69999694824219,101.37000274658203,10365100,96.3013916015625
2023-03-02,100.76000213623047,102.76000213623047,100.76000213623047,102.55999755859375,10570200,97.4319076538086
2023-03-03,102.97000122070312,103.83999633789062,102.38999938964844,103.66999816894531,12097400,98.48638916015625
2023-03-06,103.73999786376953,104.18000030517578,103.33000183105469,103.4800033569336,9715000,98.3058853149414
2023-03-07,103.48999786376953,103.63999938964844,102.06999969482422,102.1500015258789,11034200,97.04240417480469
2023-03-08,102.2300033569336,102.63999938964844,101.6500015258789,102.38999938964844,11508800,97.2703857421875
2023-03-09,102.97000122070312,103.30000305175781,100.7300033569336,100.87999725341797,11018100,95.83587646484375
2023-03-10,100.72000122070312,101.2300033569336,98.69000244140625,99,27405100,94.04989624023438
2023-03-13,97.98999786376953,99.36000061035156,97.58999633789062,98.44000244140625,28616500,93.51789093017578
2023-03-14,99.69999694824219,100.48999786376953,98.31999969482422,99.4800033569336,15383900,94.50588989257812
2023-03-15,97.66999816894531,97.81999969482422,95.5,97.02999877929688,34251600,92.17839813232422
2023-03-16,96.4000015258789,98.56999969482422,96.12999725341797,98.27999877929688,24105200,93.36589050292969
2023-03-17,97.8499984741211,98.0199966430664,96.20999908447266,96.66999816894531,23170200,91.83639526367188
2023-03-20,96.70999908447266,97.79000091552734,96.70999908447266,97.55000305175781,14476200,93.05262756347656
2023-03-21,98.69000244140625,99.08999633789062,98.16999816894531,98.68000030517578,11495200,94.1305160522461
2023-03-22,98.6500015258789,99.13999938964844,96.75,96.79000091552734,14178400,92.32765197753906
2023-03-23,96.94000244140625,98.1500015258789,95.91000366210938,96.51000213623047,15857500,92.06055450439453
2023-03-24,95.79000091552734,96.9800033569336,95.19000244140625,96.91000366210938,15993200,92.44212341308594
2023-03-27,97.69000244140625,98.05000305175781,97.08000183105469,97.72000122070312,7668400,93.21478271484375
2023-03-28,97.52999877929688,98.61000061035156,97.52999877929688,98.22000122070312,9909000,93.69171905517578
2023-03-29,99.11000061035156,99.69999694824219,98.91999816894531,99.6500015258789,9387900,95.0558090209961
2023-03-30,100.13999938964844,100.33999633789062,99.54000091552734,99.86000061035156,8160100,95.25611877441406
2023-03-31,100.44999694824219,101.23999786376953,100.23999786376953,101.18000030517578,12006400,96.51526641845703
2023-04-03,100.95999908447266,101.7699966430664,100.62999725341797,101.36000061035156,11174100,96.68696594238281
2023-04-04,101.41999816894531,101.41999816894531,98.72000122070312,99.08999633789062,18801900,94.52161407470703
2023-04-05,98.58000183105469,99.0199966430664,97.5,97.80000305175781,16606700,93.29110717773438
2023-04-06,97.83000183105469,98.16999816894531,97.33999633789062,97.7699966430664,10886000,93.2624740600586
2023-04-10,97.38999938964844,98.68000030517578,97.38999938964844,98.66000366210938,10568900,94.11144256591797
2023-04-11,98.94999694824219,99.70999908447266,98.87000274658203,99.25,9753200,94.67424774169922
2023-04-12,99.79000091552734,100.16999816894531,99.30999755859375,99.58000183105469,11277200,94.98902893066406
2023-04-13,99.62000274658203,100.13999938964844,98.55999755859375,99.94999694824219,12289300,95.34196472167969
2023-04-14,99.61000061035156,100.37999725341797,99.23999786376953,99.83000183105469,9255000,95.22750854492188
2023-04-17,100.08000183105469,100.6500015258789,99.94000244140625,100.62000274658203,8007100,95.9810791015625
2023-04-18,101.11000061035156,101.69999694824219,100.7300033569336,101.0999984741211,9924700,96.4389419555664
2023-04-19,100.73999786376953,101.19000244140625,100.56999969482422,101.0199966430664,7734400,96.36262512207031
2023-04-20,100.43000030517578,101.2300033569336,100.43000030517578,100.83999633789062,9265100,96.1909408569336
2023-04-21,101.0199966430664,101.16999816894531,100.22000122070312,100.61000061035156,10668600,95.97154235839844
2023-04-24,100.61000061035156,101.19999694824219,100.44999694824219,100.8499984741211,6942000,96.20048522949219
2023-04-25,100.25,100.29000091552734,98.91999816894531,98.98999786376953,12306900,94.42623138427734
2023-04-26,98.3499984741211,98.61000061035156,96.91999816894531,97.12000274658203,16058800,92.64244842529297
2023-04-27,97.41000366210938,99.16000366210938,97.26000213623047,99.04000091552734,14421500,94.47392272949219
2023-04-28,98.91999816894531,100.16000366210938,98.91999816894531,100,10714800,95.3896713256836
2023-05-01,100.01000213623047,101.11000061035156,100,100.54000091552734,8551100,95.90477752685547
2023-05-02,100.18000030517578,100.36000061035156,98.36000061035156,99.48999786376953,12240400,94.9031753540039
2023-05-03,99.81999969482422,100.51000213623047,99.04000091552734,99.11000061035156,13371600,94.54070281982422
2023-05-04,99.01000213623047,99.22000122070312,97.48999786376953,98.02999877929688,15150000,93.5104751586914
2023-05-05,98.93000030517578,99.80999755859375,98.80999755859375,99.51000213623047,9231300,94.92225646972656
2023-05-08,99.9000015258789,100.06999969482422,98.79000091552734,99.1500015258789,7610200,94.57884216308594
2023-05-09,98.91000366210938,99.5199966430664,98.70999908447266,99.37000274658203,8068100,94.7887191772461
2023-05-10,100,100.12000274658203,97.87999725341797,99.01000213623047,12580500,94.4453125
2023-05-11,98.48999786376953,98.62000274658203,97.86000061035156,98.41000366210938,11573800,93.87297058105469
2023-05-12,98.83999633789062,99.1500015258789,97.75,98.4800033569336,8552400,93.93974304199219
2023-05-15,98.44000244140625,99.30000305175781,98.08999633789062,98.95999908447266,8433600,94.39761352539062
2023-05-16,98.48999786376953,98.58999633789062,97.62000274658203,97.62000274658203,9416200,93.11940002441406
2023-05-17,98.2300033569336,99.62000274658203,98.18000030517578,99.30000305175781,12387400,94.72193908691406
2023-05-18,99.13999938964844,100.18000030517578,98.86000061035156,100.0199966430664,10813000,95.40875244140625
2023-05-19,100.79000091552734,100.88999938964844,99.2699966430664,99.77999877929688,10028200,95.1798095703125
2023-05-22,99.81999969482422,100.37999725341797,98.94999694824219,99.76000213623047,9038600,95.16075134277344
2023-05-23,99.31999969482422,99.5999984741211,98.38999938964844,98.55999755859375,11744600,94.01605224609375
2023-05-24,98.2699966430664,98.30000305175781,97.1500015258789,97.29000091552734,11654900,92.80459594726562
2023-05-25,97.36000061035156,97.8499984741211,96.73999786376953,97.61000061035156,14259300,93.10986328125
2023-05-26,97.9000015258789,98.72000122070312,97.77999877929688,98.33999633789062,10790500,93.80619812011719
2023-05-30,98.4800033569336,98.72000122070312,97.69999694824219,98.19000244140625,9828300,93.66311645507812
2023-05-31,97.80999755859375,97.94999694824219,96.52999877929688,96.8499984741211,13021500,92.3848876953125
2023-06-01,97.08000183105469,98.30999755859375,96.75,98.08999633789062,12573600,93.56771850585938
2023-06-02,99.12000274658203,101.23999786376953,99.05999755859375,100.94000244140625,21451300,96.28632354736328
2023-06-05,101.1500015258789,101.1500015258789,100.11000061035156,100.23999786376953,9655500,95.61858367919922
2023-06-06,100,101.02999877929688,99.91000366210938,100.87000274658203,10509400,96.21955108642578
2023-06-07,100.93000030517578,102.55999755859375,100.58000183105469,102.48999786376953,13384300,97.76486206054688
2023-06-08,102.30999755859375,102.91000366210938,101.83000183105469,102.66999816894531,10074600,97.93656158447266
2023-06-09,102.69000244140625,102.76000213623047,101.7300033569336,102.4000015258789,9870800,97.67902374267578
2023-06-12,102.5,103.30999755859375,102.12000274658203,103.12999725341797,9905000,98.37535095214844
2023-06-13,103.31999969482422,104.41999816894531,103.19000244140625,104.33000183105469,14474000,99.52002716064453
2023-06-14,104.62000274658203,104.87000274658203,103.5999984741211,104.05000305175781,14953600,99.2529525756836
2023-06-15,104.01000213623047,105.83000183105469,103.94999694824219,105.62000274658203,12776600,100.75054931640625
2023-06-16,105.94999694824219,106.5999984741211,105.29000091552734,105.44999694824219,14448400,100.5884017944336
2023-06-20,104.36000061035156,104.66000366210938,103.83999633789062,104.25,9527500,99.84137725830078
2023-06-21,103.70999908447266,105.12999725341797,103.48999786376953,104.83000183105469,12206200,100.39685821533203
2023-06-22,104.43000030517578,104.55000305175781,103.88999938964844,104.06999969482422,11641800,99.66899871826172
2023-06-23,103.16999816894531,103.68000030517578,102.91000366210938,103.27999877929688,11246200,98.91240692138672
2023-06-26,103.23999786376953,104.33999633789062,103.11000061035156,104.13999938964844,7639200,99.73603057861328
2023-06-27,104.36000061035156,105.51000213623047,104.18000030517578,105.38999938964844,8210200,100.93317413330078
2023-06-28,105.41999816894531,105.5999984741211,105.02999877929688,105.38999938964844,7866600,100.93317413330078
2023-06-29,105.2699966430664,106.44000244140625,105.19000244140625,106.41000366210938,10236000,101.9100341796875
2023-06-30,107.05999755859375,107.62000274658203,106.5999984741211,107.31999969482422,11431400,102.78155517578125
2023-07-03,106.91000366210938,107.55000305175781,106.47000122070312,107.33999633789062,6786800,102.80070495605469
2023-07-05,106.68000030517578,107.12000274658203,106.41000366210938,106.76000213623047,9504700,102.24523162841797
2023-07-06,105.91999816894531,106.29000091552734,105.33999633789062,105.95999908447266,11209500,101.47907257080078
2023-07-07,105.6500015258789,107.22000122070312,105.62000274658203,106.19999694824219,9359300,101.70892333984375
2023-07-10,106.2300033569336,107.70999908447266,106.22000122070312,107.70999908447266,11765400,103.15506744384766
2023-07-11,107.95999908447266,109.13999938964844,107.93000030517578,108.9800033569336,10283200,104.371337890625
2023-07-12,109.86000061035156,109.87999725341797,108.66999816894531,108.79000091552734,13492900,104.18939208984375
2023-07-13,108.88999938964844,109.18000030517578,108.4800033569336,108.93000030517578,8964900,104.32347106933594
2023-07-14,108.8499984741211,108.88999938964844,108.05999755859375,108.61000061035156,9288100,104.01700592041016
2023-07-17,108.41999816894531,109.37999725341797,108.16999816894531,109.0199966430664,6517700,104.40966796875
2023-07-18,109.06999969482422,110,109.0199966430664,109.62999725341797,8098000,104.99386596679688
2023-07-19,109.37000274658203,109.9000015258789,108.93000030517578,109.58000183105469,8563500,104.94598388671875
2023-07-20,109.76000213623047,110.3499984741211,109.37000274658203,110.06999969482422,10643900,105.41524505615234
2023-07-21,109.94999694824219,110.19000244140625,109.52999877929688,109.55000305175781,8993400,104.9172592163086
2023-07-24,109.51000213623047,110.16000366210938,109.44000244140625,109.80000305175781,6754800,105.15667724609375
2023-07-25,108.80999755859375,109.75,108.58999633789062,109.66000366210938,8768400,105.0226058959961
2023-07-26,110.04000091552734,110.54000091552734,109.87000274658203,110.43000030517578,10555200,105.7600326538086
2023-07-27,110.47000122070312,110.47000122070312,109.19999694824219,109.4800033569336,11837800,104.8502197265625
2023-07-28,110.3499984741211,110.37000274658203,109.73999786376953,110.16000366210938,7466600,105.50145721435547
2023-07-31,110.30000305175781,110.58999633789062,110,110.41999816894531,6587200,105.7504653930664
2023-08-01,110.23999786376953,111.12000274658203,110.05999755859375,110.75,9003600,106.0665054321289
2023-08-02,110.12000274658203,110.5999984741211,109.4000015258789,109.58999633789062,9905900,104.95555877685547
2023-08-03,109.19000244140625,109.44999694824219,108.7300033569336,108.9000015258789,7991700,104.29475402832031
2023-08-04,109.31999969482422,109.4000015258789,108.06999969482422,108.23999786376953,10631100,103.66265106201172
2023-08-07,108.6500015258789,109.72000122070312,108.5999984741211,109.56999969482422,8462600,104.93641662597656
2023-08-08,108.9000015258789,109.27999877929688,108.16000366210938,109.06999969482422,7669100,104.4575424194336
2023-08-09,109.08000183105469,109.5,108.5999984741211,109.01000213623047,7881500,104.40010070800781
2023-08-10,109.16000366210938,109.94999694824219,108.47000122070312,108.70999908447266,7259200,104.1127700805664
2023-08-11,108.4800033569336,109.16999816894531,108.41999816894531,108.88999938964844,5720300,104.28517150878906
2023-08-14,108.80999755859375,108.98999786376953,108.5,108.93000030517578,6113000,104.32347106933594
2023-08-15,108.22000122070312,108.33999633789062,107.41999816894531,107.54000091552734,6911700,102.99226379394531
2023-08-16,107.33999633789062,108.19999694824219,106.8499984741211,106.94000244140625,10281000,102.4176254272461
2023-08-17,107.31999969482422,107.5,106.01000213623047,106.04000091552734,10867800,101.55569458007812
2023-08-18,105.41999816894531,106.58000183105469,105.3499984741211,106.23999786376953,10763900,101.74723815917969
2023-08-21,106.22000122070312,106.44999694824219,105.36000061035156,106.11000061035156,6464700,101.62274169921875
2023-08-22,106.44000244140625,106.69999694824219,105.61000061035156,105.86000061035156,8152300,101.38330841064453
2023-08-23,105.86000061035156,107.06999969482422,105.86000061035156,106.94999694824219,7643300,102.42719268798828
2023-08-24,106.54000091552734,107.30000305175781,105.61000061035156,105.6500015258789,9483700,101.18217468261719
2023-08-25,106.19999694824219,106.91000366210938,105.30999755859375,106.54000091552734,13142500,102.03453826904297
2023-08-28,107.05999755859375,107.7699966430664,107.0199966430664,107.41000366210938,7673700,102.86775207519531
2023-08-29,107.33000183105469,108.29000091552734,107.01000213623047,108.2300033569336,9326500,103.653076171875
2023-08-30,108.36000061035156,109.08000183105469,108.27999877929688,108.72000122070312,7849600,104.12236022949219
2023-08-31,108.9000015258789,109.1500015258789,108.20999908447266,108.2300033569336,5593400,103.653076171875
2023-09-01,108.9800033569336,109.13999938964844,108.3499984741211,108.80000305175781,7034200,104.19895935058594
2023-09-05,108.61000061035156,108.63999938964844,106.93000030517578,106.97000122070312,8452200,102.44635772705078
2023-09-06,106.66000366210938,107.30999755859375,105.91000366210938,106.51000213623047,8586600,102.00580596923828
2023-09-07,106.11000061035156,106.62000274658203,105.5,106.16000366210938,7561200,101.67061614990234
2023-09-08,106.19999694824219,106.33000183105469,105.41000366210938,105.62999725341797,6828700,101.16301727294922
2023-09-11,105.88999938964844,106.0999984741211,105.08000183105469,105.66000366210938,6308000,101.19176483154297
2023-09-12,105.12000274658203,105.87000274658203,105.01000213623047,105.27999877929688,8099500,100.82782745361328
2023-09-13,105.13999938964844,105.4800033569336,104.0999984741211,104.58000183105469,10646100,100.15743255615234
2023-09-14,105.22000122070312,105.62999725341797,104.98999786376953,105.61000061035156,10123900,101.14388275146484
2023-09-15,105.20999908447266,105.6500015258789,104.69999694824219,105,11446100,100.55965423583984
2023-09-18,104.56999969482422,105.29000091552734,104.3499984741211,104.69000244140625,6446700,100.67122650146484
2023-09-19,104.43000030517578,104.5999984741211,103.5,104.25,7360600,100.24811553955078
2023-09-20,104.8499984741211,105.33000183105469,103.77999877929688,103.83999633789062,8286700,99.85382843017578
2023-09-21,103.45999908447266,103.5,102.0999984741211,102.13999938964844,8931200,98.21910095214844
2023-09-22,101.94999694824219,102.44000244140625,101.73999786376953,101.79000091552734,10971200,97.88253021240234
2023-09-25,101.3499984741211,102.33999633789062,101.31999969482422,102.30000305175781,7355500,98.37296295166016
2023-09-26,101.63999938964844,101.95999908447266,100.62000274658203,100.73999786376953,11490500,96.87284851074219
2023-09-27,101.3499984741211,101.80999755859375,100.69000244140625,101.48999786376953,12676700,97.59405517578125
2023-09-28,101.41999816894531,102.62999725341797,101.29000091552734,101.91999816894531,9804800,98.00755310058594
2023-09-29,102.54000091552734,102.62999725341797,101.04000091552734,101.37999725341797,11041900,97.48828125
2023-10-02,101.08999633789062,101.37000274658203,99.93000030517578,100.38999938964844,11079200,96.53628540039062
2023-10-03,100.04000091552734,100.77999877929688,99.27999877929688,99.69000244140625,12055500,95.8631591796875
2023-10-04,99.66000366210938,100.19000244140625,98.91000366210938,100.01000213623047,11394500,96.17086791992188
2023-10-05,99.87000274658203,100.12999725341797,99.01000213623047,99.41999816894531,10336400,95.60350799560547
2023-10-06,99.04000091552734,101.36000061035156,98.69000244140625,100.77999877929688,13842700,96.91131591796875
2023-10-09,101.16999816894531,102.4800033569336,100.9800033569336,102.36000061035156,11059700,98.4306640625
2023-10-10,102.7699966430664,103.58999633789062,102.36000061035156,102.9800033569336,9658200,99.02684020996094
2023-10-11,103.25,103.6500015258789,102.79000091552734,103.5999984741211,7806500,99.62305450439453
2023-10-12,103.91999816894531,103.91999816894531,101.87999725341797,102.66000366210938,8102200,98.71913146972656
2023-10-13,102.7699966430664,103.1500015258789,101.30000305175781,101.75,9598000,97.84407806396484
2023-10-16,102.66999816894531,103.4000015258789,102.27999877929688,102.83000183105469,8344100,98.88261413574219
2023-10-17,102.37000274658203,103.81999969482422,102.33000183105469,103.1500015258789,10707200,99.19033813476562
2023-10-18,102.47000122070312,102.5199966430664,100.48999786376953,100.66000366210938,13582700,96.7959213256836
2023-10-19,100.86000061035156,101.44999694824219,99.5199966430664,99.7300033569336,12535100,95.90161895751953
2023-10-20,99.83999633789062,100.04000091552734,98.66000366210938,98.69999694824219,13641000,94.9111557006836
2023-10-23,98.55000305175781,99.62000274658203,98.19000244140625,98.23999786376953,12076800,94.46881866455078
2023-10-24,99.48999786376953,99.66000366210938,98.52999877929688,98.9800033569336,9324300,95.18041229248047
2023-10-25,98.83000183105469,98.91999816894531,97.66999816894531,97.70999908447266,10996000,93.95915985107422
2023-10-26,97.7699966430664,98.45999908447266,97.23999786376953,97.30000305175781,15387400,93.56489562988281
2023-10-27,97.3499984741211,97.51000213623047,96.12000274658203,96.44000244140625,13062000,92.7379150390625
2023-10-30,97.08000183105469,97.97000122070312,96.70999908447266,97.63999938964844,11242700,93.891845703125
2023-10-31,97.41999816894531,98.47000122070312,97.2699966430664,98.36000061035156,10540200,94.58419799804688
2023-11-01,98.45999908447266,98.87999725341797,97.79000091552734,98.68000030517578,14715300,94.89193725585938
2023-11-02,99.7699966430664,100.80999755859375,99.55000305175781,100.70999908447266,10739800,96.84398651123047
2023-11-03,101.62999725341797,102.1500015258789,101.55000305175781,101.5999984741211,10001200,97.69983673095703
2023-11-06,101.68000030517578,101.7300033569336,100.8499984741211,101.33000183105469,6899400,97.44020080566406
2023-11-07,100.63999938964844,101.23999786376953,100.4000015258789,101.08000183105469,7244500,97.1998062133789
2023-11-08,101.30000305175781,101.62999725341797,100.9000015258789,101.30999755859375,7494200,97.42096710205078
2023-11-09,101.94999694824219,102.12000274658203,100.9000015258789,101.08999633789062,12232900,97.20941162109375
2023-11-10,101.6500015258789,102.66000366210938,101.29000091552734,102.55000305175781,9576200,98.61334991455078
2023-11-13,102.30999755859375,102.87000274658203,102.12999725341797,102.63999938964844,6598000,98.69991302490234
2023-11-14,103.88999938964844,105.12000274658203,103.88999938964844,104.69999694824219,12873000,100.68083190917969
2023-11-15,104.98999786376953,105.72000122070312,104.83999633789062,104.91999816894531,8516300,100.89238739013672
2023-11-16,105.02999877929688,105.5199966430664,104.5199966430664,104.94000244140625,8611100,100.91162109375
2023-11-17,105.47000122070312,105.6500015258789,105.13999938964844,105.61000061035156,8034400,101.555908203125
2023-11-20,105.5,106.20999908447266,105.05999755859375,105.93000030517578,7338700,101.8636245727539
2023-11-21,105.76000213623047,106.05000305175781,105.41000366210938,105.8499984741211,7676500,101.78668975830078
2023-11-22,105.81999969482422,106.41000366210938,105.61000061035156,106.08000183105469,9059700,102.00785827636719
2023-11-24,106.12000274658203,106.54000091552734,106.06999969482422,106.33999633789062,4439200,102.25788116455078
2023-11-27,106,106.08999633789062,105.58000183105469,105.73999786376953,9157900,101.68091583251953
2023-11-28,105.88999938964844,106.37999725341797,105.33999633789062,105.48999786376953,7976000,101.44049072265625
2023-11-29,106.08000183105469,106.41999816894531,105.68000030517578,105.88999938964844,9101400,101.82515716552734
2023-11-30,106.08999633789062,107.11000061035156,105.76000213623047,107.05000305175781,14101600,102.94062805175781
2023-12-01,107.1500015258789,108.80999755859375,107.06999969482422,108.73999786376953,13279800,104.56575012207031
2023-12-04,107.88999938964844,108.97000122070312,107.88999938964844,108.91999816894531,11010900,104.73883819580078
2023-12-05,108.45999908447266,108.62999725341797,107.9000015258789,108.04000091552734,10056300,103.89263153076172
2023-12-06,108.52999877929688,109.16999816894531,108.3499984741211,108.5199966430664,8336300,104.35418701171875
2023-12-07,108.76000213623047,108.94000244140625,108.30999755859375,108.62000274658203,8457600,104.45034790039062
2023-12-08,108.66000366210938,109.48999786376953,108.62000274658203,108.95999908447266,7150000,104.77729034423828
2023-12-11,109.23999786376953,110.12999725341797,109.18000030517578,110,9380200,105.77738189697266
2023-12-12,110.16000366210938,110.7300033569336,109.80000305175781,110.5,6524600,106.25818634033203
2023-12-13,110.5,111.94000244140625,109.91999816894531,111.7300033569336,12976800,107.44097900390625
2023-12-14,112.5,113.44000244140625,112.3499984741211,113.16999816894531,15473800,108.82567596435547
2023-12-15,112.9000015258789,113.37999725341797,112.47000122070312,113.0199966430664,13800900,108.68145751953125
2023-12-18,112.68000030517578,112.76000213623047,112.27999877929688,112.4000015258789,6977200,108.6766128540039
2023-12-19,112.72000122070312,113.38999938964844,112.6500015258789,113.2699966430664,5249400,109.5177993774414
2023-12-20,112.45999908447266,113.38999938964844,111.37000274658203,111.44000244140625,8329600,107.74842071533203
2023-12-21,112.2300033569336,112.63999938964844,111.72000122070312,112.58999633789062,6962100,108.86031341552734
2023-12-22,112.81999969482422,113.52999877929688,112.68000030517578,113.12999725341797,5500100,109.38243865966797
2023-12-26,113.22000122070312,114.19999694824219,113.05000305175781,113.93000030517578,5181600,110.15593719482422
2023-12-27,113.91000366210938,114.37000274658203,113.72000122070312,114.0999984741211,5893900,110.3202896118164
2023-12-28,113.97000122070312,114.37000274658203,113.81999969482422,114.12999725341797,8240700,110.34929656982422
2023-12-29,113.9800033569336,114.4000015258789,113.51000213623047,113.98999786376953,7936300,110.21394348144531
2024-01-02,113.2300033569336,113.94000244140625,112.48999786376953,112.83999633789062,8558700,109.1020278930664
2024-01-03,112.22000122070312,112.41999816894531,111.08999633789062,111.16000366210938,18631200,107.47769165039062
2024-01-04,111.36000061035156,112.23999786376953,111.2300033569336,111.30000305175781,10715900,107.6130599975586
2024-01-05,111.22000122070312,111.94000244140625,111.02999877929688,111.43000030517578,7888100,107.7387466430664
2024-01-08,111.12999725341797,112.16000366210938,110.63999938964844,112.16000366210938,10855900,108.44457244873047
2024-01-09,111.4000015258789,111.94000244140625,110.98999786376953,111.80999755859375,8452000,108.10616302490234
2024-01-10,111.83000183105469,112.5199966430664,111.7300033569336,112.37999725341797,9109100,108.65726470947266
2024-01-11,112.41000366210938,112.56999969482422,111.19999694824219,112.12000274658203,9081700,108.40589141845703
2024-01-12,112.5,112.75,111.66999816894531,112.11000061035156,6631000,108.39620971679688
2024-01-16,111.55000305175781,111.63999938964844,110.61000061035156,110.9800033569336,10834200,107.30365753173828
2024-01-17,110.19000244140625,110.94000244140625,109.94999694824219,110.2300033569336,7604700,106.57849884033203
2024-01-18,110.63999938964844,111.9000015258789,110.5,111.72000122070312,9060600,108.0191421508789
2024-01-19,111.9800033569336,112.73999786376953,111.0999984741211,112.44999694824219,10355700,108.7249526977539
2024-01-22,112.83999633789062,113.61000061035156,112.83999633789062,113.31999969482422,9912900,109.56613159179688
2024-01-23,113.3499984741211,113.72000122070312,112.73999786376953,113.2300033569336,10275200,109.47911834716797
2024-01-24,113.69000244140625,113.70999908447266,112.47000122070312,112.52999877929688,9638600,108.80230712890625
2024-01-25,113.08999633789062,113.62999725341797,112.80000305175781,113.61000061035156,9898900,109.84652709960938
2024-01-26,113.7300033569336,114.11000061035156,113.11000061035156,113.43000030517578,7031100,109.67250061035156
2024-01-29,113.31999969482422,114.18000030517578,113.16999816894531,114.16999816894531,5849900,110.38797760009766
2024-01-30,113.36000061035156,114.37000274658203,113.36000061035156,114.20999908447266,8300000,110.42665100097656
2024-01-31,114.12999725341797,114.33999633789062,112.87000274658203,112.88999938964844,14462300,109.15037536621094
2024-02-01,113.5999984741211,114.83999633789062,112.9800033569336,114.80999755859375,13946100,111.00676727294922
2024-02-02,114.56999969482422,116.08000183105469,114.12999725341797,115.58000183105469,12830200,111.75127410888672
2024-02-05,115.12000274658203,115.36000061035156,114.30000305175781,114.94999694824219,9536700,111.14215087890625
2024-02-06,115.08999633789062,116.04000091552734,114.81999969482422,115.9800033569336,8722800,112.13803100585938
2024-02-07,116.37000274658203,117.0999984741211,116.31999969482422,116.75,7557100,112.88250732421875
2024-02-08,117.02999877929688,117.0999984741211,116.29000091552734,116.7699966430664,8532300,112.90184783935547
2024-02-09,116.93000030517578,116.95999908447266,116.30000305175781,116.94999694824219,10106000,113.07588958740234
2024-02-12,116.87999725341797,117.44000244140625,116.7699966430664,117.12000274658203,8383200,113.24024963378906
2024-02-13,116.11000061035156,116.13999938964844,115.08999633789062,115.91999816894531,14054200,112.08001708984375
2024-02-14,116.80999755859375,117.91000366210938,116.68000030517578,117.86000061035156,11889500,113.95573425292969
2024-02-15,118,118.80999755859375,117.83000183105469,118.73999786376953,11644100,114.80659484863281
2024-02-16,118.47000122070312,118.86000061035156,117.9000015258789,118.02999877929688,8740900,114.12010955810547
2024-02-20,117.62000274658203,118.04000091552734,117.37999725341797,117.66000366210938,7392100,113.76237487792969
2024-02-21,117.68000030517578,118.18000030517578,117.3499984741211,118.12999725341797,8873000,114.216796875
2024-02-22,118.81999969482422,119.80999755859375,118.73999786376953,119.58999633789062,10604300,115.6284408569336
2024-02-23,119.86000061035156,120.4800033569336,119.76000213623047,120.22000122070312,8757400,116.23756408691406
2024-02-26,120.20999908447266,120.4800033569336,119.91000366210938,120.04000091552734,7951300,116.06352233886719
2024-02-27,120.30000305175781,120.33999633789062,119.72000122070312,120.22000122070312,6275500,116.23756408691406
2024-02-28,120.0999984741211,120.94000244140625,120,120.62999725341797,8324000,116.63397216796875
2024-02-29,121,121.2699966430664,120.41000366210938,121,9662100,116.9917221069336
2024-03-01,120.95999908447266,121.58999633789062,120.61000061035156,121.5199966430664,10782400,117.4945068359375
2024-03-04,121.5199966430664,122.30999755859375,121.5199966430664,121.95999908447266,11886600,117.91991424560547
2024-03-05,121.69000244140625,122.0199966430664,120.44999694824219,120.95999908447266,11999000,116.95305633544922
2024-03-06,121.44000244140625,122.2699966430664,121.30999755859375,121.58999633789062,8644800,117.56217956542969
2024-03-07,122.37000274658203,122.7300033569336,122.06999969482422,122.56999969482422,7936800,118.50971221923828
2024-03-08,122.86000061035156,123.5,121.95999908447266,122.30000305175781,10157100,118.24866485595703
2024-03-11,121.91999816894531,122.18000030517578,120.81999969482422,121.66999816894531,9179300,117.6395263671875
2024-03-12,121.66000366210938,122.33000183105469,121.0999984741211,122.20999908447266,9125300,118.16163635253906
2024-03-13,122.0199966430664,122.81999969482422,122.0199966430664,122.54000091552734,8009300,118.48069763183594
2024-03-14,122.7300033569336,122.86000061035156,121.22000122070312,122.0199966430664,9684800,117.97794342041016
2024-03-15,121.52999877929688,122.52999877929688,121.47000122070312,122.04000091552734,10739900,117.99727630615234
2024-03-18,122.0999984741211,122.37999725341797,121.73999786376953,121.87999725341797,7178800,118.20675659179688
2024-03-19,121.93000030517578,122.94000244140625,121.86000061035156,122.93000030517578,8842400,119.2251205444336
2024-03-20,122.7699966430664,124.58999633789062,122.63999938964844,124.41000366210938,10400900,120.66051483154297
2024-03-21,124.98999786376953,125.94000244140625,124.79000091552734,125.63999938964844,9965100,121.85344696044922
2024-03-22,126,126.0999984741211,125.18000030517578,125.20999908447266,6771100,121.4364013671875
2024-03-25,125.18000030517578,125.2699966430664,124.31999969482422,124.4000015258789,7658200,120.65081024169922
2024-03-26,124.4000015258789,124.7300033569336,123.9000015258789,123.94999694824219,7292700,120.2143783569336
2024-03-27,124.75,125.94999694824219,124.68000030517578,125.94000244140625,7162900,122.14441680908203
2024-03-28,126.0999984741211,126.29000091552734,125.72000122070312,125.95999908447266,7287000,122.1637954711914
2024-04-01,126.08999633789062,126.16000366210938,124.91000366210938,124.98999786376953,6905300,121.22303009033203
2024-04-02,124.48999786376953,124.9000015258789,124.1500015258789,124.41000366210938,11049400,120.66051483154297
2024-04-03,124.31999969482422,125.4000015258789,124.31999969482422,125.05000305175781,7589900,121.28124237060547
2024-04-04,125.87000274658203,126.38999938964844,123.58000183105469,123.94999694824219,10659800,120.2143783569336
2024-04-05,124.3499984741211,126,124.29000091552734,125.66999816894531,10718600,121.88253784179688
2024-04-08,125.8499984741211,126.05999755859375,125.36000061035156,125.44999694824219,6096100,121.6691665649414
2024-04-09,125.62000274658203,125.95999908447266,123.7300033569336,125.16000366210938,9042200,121.3879165649414
2024-04-10,123.61000061035156,124.47000122070312,123.18000030517578,124.08999633789062,14119500,120.35015869140625
2024-04-11,124.1500015258789,124.73999786376953,123.19999694824219,124.2300033569336,8228700,120.48595428466797
2024-04-12,123.44999694824219,123.88999938964844,122.37999725341797,122.9000015258789,11604300,119.19602966308594
2024-04-15,124.58000183105469,124.76000213623047,121.6500015258789,122.0199966430664,10374500,118.3425521850586
2024-04-16,121.9800033569336,122.31999969482422,121.12000274658203,121.73999786376953,11046200,118.07097625732422
2024-04-17,122.41999816894531,122.44999694824219,120.36000061035156,121.11000061035156,11084200,117.45996856689453
2024-04-18,121.69000244140625,122.19000244140625,120.51000213623047,120.69000244140625,9195800,117.05262756347656
2024-04-19,120.94999694824219,121.62000274658203,120.16999816894531,120.47000122070312,10832100,116.8392562866211
2024-04-22,121.19999694824219,122.19000244140625,120.62999725341797,121.37999725341797,10484900,117.72184753417969
2024-04-23,122.23999786376953,123.23999786376953,122.05999755859375,123.06999969482422,9870000,119.36089324951172
2024-04-24,122.95999908447266,123.18000030517578,121.06999969482422,122.08999633789062,11063800,118.41043853759766
2024-04-25,121.41000366210938,122.75,120.5999984741211,122.45999908447266,10321200,118.76927947998047
2024-04-26,122.1500015258789,123.02999877929688,122.12999725341797,122.66000366210938,6958100,118.96326446533203
2024-04-29,122.91000366210938,123.58999633789062,122.87000274658203,123.4800033569336,6339800,119.758544921875
2024-04-30,123.30000305175781,123.4800033569336,121.47000122070312,121.5199966430664,15475900,117.85762786865234
2024-05-01,121.33000183105469,122.8499984741211,120.91999816894531,121.22000122070312,15569500,117.56666564941406
2024-05-02,121.80000305175781,122.16000366210938,120.55999755859375,121.91999816894531,11999600,118.24556732177734
2024-05-03,123.06999969482422,123.20999908447266,122.19999694824219,122.7699966430664,9068500,119.06993865966797
2024-05-06,123.58000183105469,124.11000061035156,123.47000122070312,124.01000213623047,7157300,120.27256774902344
2024-05-07,124.23999786376953,124.70999908447266,124.02999877929688,124.3499984741211,5244200,120.60232543945312
2024-05-08,123.61000061035156,124.5199966430664,123.58999633789062,124.3499984741211,5062500,120.60232543945312
2024-05-09,124.58999633789062,125.58999633789062,124.44999694824219,125.58999633789062,6682000,121.8049545288086
2024-05-10,126.13999938964844,126.22000122070312,125.44000244140625,125.68000030517578,6038500,121.89224243164062
2024-05-13,125.95999908447266,126.0999984741211,125.08000183105469,125.1500015258789,5946900,121.37821960449219
2024-05-14,125.38999938964844,125.61000061035156,124.8499984741211,125.12000274658203,5105700,121.34912109375
2024-05-15,125.77999877929688,126.02999877929688,125.55999755859375,125.94000244140625,8404100,122.14441680908203
2024-05-16,125.72000122070312,125.95999908447266,125.13999938964844,125.19000244140625,7135900,121.41700744628906
2024-05-17,125.29000091552734,125.4800033569336,124.70999908447266,125.33000183105469,5714100,121.55278778076172
2024-05-20,125.36000061035156,126.02999877929688,125.23999786376953,125.56999969482422,4337600,121.78555297851562
2024-05-21,125.33999633789062,125.36000061035156,124.83999633789062,125.16000366210938,6010000,121.3879165649414
2024-05-22,124.97000122070312,125.62999725341797,124.62999725341797,125.30999755859375,7910500,121.53339385986328
2024-05-23,125.61000061035156,125.68000030517578,123.5999984741211,123.83000183105469,9078200,120.0979995727539
2024-05-24,124.30000305175781,124.7300033569336,123.79000091552734,124.45999908447266,7556800,120.7090072631836
2024-05-28,124.41000366210938,124.41000366210938,122.52999877929688,122.94000244140625,8525400,119.23481750488281
2024-05-29,121.9000015258789,121.98999786376953,121.0999984741211,121.19999694824219,16725400,117.54725646972656
2024-05-30,121.36000061035156,122.12000274658203,121.33000183105469,122.02999877929688,7816300,118.35225677490234
2024-05-31,122.31999969482422,123.55999755859375,121.33000183105469,123.51000213623047,9703500,119.78764343261719
2024-06-03,123.91000366210938,123.95999908447266,120.87000274658203,122,15241000,118.3231430053711
2024-06-04,121.75,122.2300033569336,121.01000213623047,121.69999694824219,10061500,118.03218841552734
2024-06-05,122.16000366210938,122.94999694824219,121.44000244140625,122.93000030517578,8666000,119.2251205444336
2024-06-06,122.79000091552734,123.08999633789062,121.72000122070312,122.19999694824219,6523900,118.51712036132812
2024-06-07,121.88999938964844,123.13999938964844,121.58000183105469,122.33000183105469,7036200,118.64320373535156
2024-06-10,122.1500015258789,122.87999725341797,122.08999633789062,122.70999908447266,6642600,119.01174926757812
2024-06-11,122.05000305175781,122.16999816894531,121.19999694824219,122.01000213623047,11217000,118.33284759521484
2024-06-12,123.13999938964844,123.88999938964844,122.62999725341797,123.16999816894531,11106700,119.4578857421875
2024-06-13,123,123.06999969482422,121.33999633789062,122.37999725341797,8056100,118.69168853759766
2024-06-14,121.33000183105469,121.33000183105469,119.66000366210938,121.1500015258789,15315800,117.49877166748047
2024-06-17,120.7300033569336,122.69000244140625,120.54000091552734,122.48999786376953,12522100,118.79839324951172
2024-06-18,122.45999908447266,123.16000366210938,122.2300033569336,123.1500015258789,8176500,119.43849182128906
2024-06-20,123.01000213623047,123.55999755859375,122.73999786376953,123.2300033569336,6350700,119.5160903930664
2024-06-21,123.20999908447266,123.27999877929688,121.91999816894531,122.97000122070312,8231000,119.26392364501953
2024-06-24,122.87999725341797,124.20999908447266,122.61000061035156,123.06999969482422,8650600,119.77095794677734
2024-06-25,122.97000122070312,122.97000122070312,121.44999694824219,122.0199966430664,11365300,118.74909210205078
2024-06-26,121.86000061035156,121.87999725341797,121.20999908447266,121.69000244140625,7350500,118.42794036865234
2024-06-27,121.80999755859375,122.05000305175781,121.37999725341797,121.81999969482422,4804100,118.554443359375
2024-06-28,122.16000366210938,122.95999908447266,121.27999877929688,121.87000274658203,9796400,118.60311889648438
2024-07-01,122.44000244140625,122.69000244140625,120.29000091552734,120.55999755859375,10008500,117.32823181152344
2024-07-02,120.37999725341797,121.26000213623047,120.29000091552734,121.22000122070312,6789000,117.97054290771484
2024-07-03,121.36000061035156,122.0999984741211,121.1500015258789,121.66000366210938,5467700,118.39875793457031
2024-07-05,121.62999725341797,121.62999725341797,120.25,121.22000122070312,6367100,117.97054290771484
2024-07-08,121.55999755859375,122.20999908447266,121,121.37000274658203,7405600,118.11652374267578
2024-07-09,121.43000030517578,121.62000274658203,120.80999755859375,120.83999633789062,4617900,117.60071563720703
2024-07-10,121.01000213623047,121.95999908447266,120.76000213623047,121.91999816894531,6930900,118.65176391601562
2024-07-11,122.23999786376953,123.91000366210938,122.05999755859375,123.47000122070312,11113900,120.16022491455078
2024-07-12,124.18000030517578,124.91000366210938,123.87000274658203,124.18000030517578,10565200,120.85118865966797
2024-07-15,124.55000305175781,125.66000366210938,124.27999877929688,125.06999969482422,9680800,121.71733093261719
2024-07-16,125.44000244140625,128.30999755859375,125.43000030517578,128.19000244140625,15501400,124.75370025634766
2024-07-17,127.62999725341797,127.9000015258789,126.5199966430664,126.55000305175781,14511200,123.15766906738281
2024-07-18,126.54000091552734,127.80999755859375,125.37999725341797,125.55999755859375,9267900,122.1941909790039
2024-07-19,125.83999633789062,126.0999984741211,124.58999633789062,124.87000274658203,9955300,121.52269744873047
2024-07-22,125.45999908447266,126.2300033569336,124.4800033569336,126.13999938964844,8334900,122.75865173339844
2024-07-23,125.51000213623047,126.58999633789062,125.44000244140625,125.9000015258789,9432900,122.52509307861328
2024-07-24,125.27999877929688,125.52999877929688,123.06999969482422,123.19000244140625,11370800,119.88774108886719
2024-07-25,123.3499984741211,126.0999984741211,123.02999877929688,124.18000030517578,14738900,120.85118865966797
2024-07-26,125.5999984741211,127.19000244140625,125.38999938964844,126.30000305175781,10620800,122.91436767578125
2024-07-29,126.69999694824219,126.69999694824219,125.68000030517578,126.08000183105469,8946500,122.70026397705078
2024-07-30,126.62000274658203,127.33999633789062,125.94000244140625,126.44999694824219,7811200,123.06034088134766
2024-07-31,127.91999816894531,129.07000732421875,127.29000091552734,127.86000061035156,10947600,124.43255615234375
2024-08-01,127.54000091552734,128.55999755859375,124.7300033569336,125.48999786376953,17283200,122.1260757446289
2024-08-02,124.12999725341797,124.3499984741211,121.56999969482422,122.7300033569336,16916300,119.44005584716797
2024-08-05,120.37999725341797,121.83999633789062,119.16999816894531,120.5999984741211,20012000,117.3671646118164
2024-08-06,121.30999755859375,123.77999877929688,120.77999877929688,122.05000305175781,13732600,118.77828216552734
2024-08-07,123.19999694824219,124.2300033569336,121.38999938964844,121.45999908447266,8307700,118.2041015625
2024-08-08,122.36000061035156,124.3499984741211,122.33999633789062,124.26000213623047,7976800,120.9290542602539
2024-08-09,124.0999984741211,124.52999877929688,123,124.27999877929688,5891400,120.94851684570312
2024-08-12,124.29000091552734,124.4800033569336,123.25,123.6500015258789,5733400,120.33539581298828
2024-08-13,124.2300033569336,125.05000305175781,123.33999633789062,124.94999694824219,7808300,121.60054016113281
2024-08-14,124.91000366210938,125.68000030517578,124.83999633789062,125.45999908447266,5506400,122.09687805175781
2024-08-15,126.6500015258789,127.51000213623047,126.30000305175781,127.1500015258789,5717400,123.7415771484375
2024-08-16,126.98999786376953,127.33000183105469,126.41000366210938,126.97000122070312,5448600,123.56640625
2024-08-19,127.08000183105469,127.77999877929688,126.94000244140625,127.73999786376953,3482900,124.31576538085938
2024-08-20,127.68000030517578,127.8499984741211,127.01000213623047,127.38999938964844,6443300,123.97515106201172
2024-08-21,127.69000244140625,128.3800048828125,127.54000091552734,128.16000366210938,4989200,124.7245101928711
2024-08-22,128.3800048828125,128.6699981689453,127.5999984741211,128,6355600,124.56880187988281
2024-08-23,128.44000244140625,129.5800018310547,128.19000244140625,129.27999877929688,5888000,125.8144760131836
2024-08-26,129.55999755859375,130,128.8699951171875,129.13999938964844,6226600,125.67823791503906
2024-08-27,128.9499969482422,129.2899932861328,128.50999450683594,129.22000122070312,4000900,125.75608825683594
2024-08-28,129.27999877929688,129.9499969482422,128.50999450683594,129.16000366210938,4336300,125.69769287109375
2024-08-29,129.75999450683594,131.1999969482422,129.10000610351562,130.07000732421875,8226000,126.58329772949219
2024-08-30,130.52999877929688,131.58999633789062,129.58999633789062,131.4600067138672,8347900,127.93606567382812
2024-09-03,130.80999755859375,131.02000427246094,128.05999755859375,128.5500030517578,9332600,125.10405731201172
2024-09-04,128.47000122070312,129.4600067138672,128.19000244140625,128.67999267578125,7809700,125.23056030273438
2024-09-05,128.41000366210938,128.55999755859375,126.47000122070312,127.18000030517578,8044500,123.77076721191406
2024-09-06,127.33999633789062,128.27000427246094,125.63999938964844,125.88999938964844,9567300,122.51534271240234
2024-09-09,126.95999908447266,128.3300018310547,126.91999816894531,127.81999969482422,7283100,124.39362335205078
2024-09-10,128.32000732421875,128.32000732421875,126.97000122070312,128.0399932861328,6270200,124.60771179199219
2024-09-11,127.7300033569336,128.42999267578125,125.11000061035156,128.27000427246094,7969700,124.8315658569336
2024-09-12,128.3000030517578,129.27000427246094,127.58999633789062,129.25999450683594,7012600,125.79500579833984
2024-09-13,129.82000732421875,131.05999755859375,129.55999755859375,130.57000732421875,7913800,127.06991577148438
2024-09-16,131.13999938964844,132.02999877929688,130.4499969482422,131.24000549316406,6400800,127.7219467163086
2024-09-17,131.5,132.42999267578125,131.22000122070312,131.9600067138672,7820700,128.42263793945312
2024-09-18,132.1699981689453,133.6699981689453,131.64999389648438,131.85000610351562,9191600,128.31558227539062
2024-09-19,134.00999450683594,134.3699951171875,132.97000122070312,134.1199951171875,8957800,130.52474975585938
2024-09-20,133.0800018310547,133.4600067138672,132.44000244140625,133.17999267578125,10907500,129.60992431640625
2024-09-23,133.25999450683594,133.85000610351562,132.75999450683594,133.63999938964844,8284000,130.4798583984375
2024-09-24,134.00999450683594,134.63999938964844,133.6999969482422,134.60000610351562,7507900,131.4171600341797
2024-09-25,135.00999450683594,135.14999389648438,133.8699951171875,133.97000122070312,4422400,130.80206298828125
2024-09-26,135.05999755859375,135.47000122070312,134.47000122070312,134.63999938964844,6620700,131.4562225341797
2024-09-27,135.0500030517578,135.6999969482422,134.6199951171875,134.8300018310547,5859200,131.64173889160156
2024-09-30,134.8300018310547,135.57000732421875,134.0399932861328,135.44000244140625,5321200,132.23728942871094
2024-10-01,135.3699951171875,136.16000366210938,134.2899932861328,135.50999450683594,9398600,132.3056182861328
2024-10-02,135.25999450683594,135.77999877929688,134.69000244140625,135.25999450683594,5189700,132.06153869628906
2024-10-03,134.8699951171875,135.25999450683594,134.07000732421875,134.57000732421875,6361400,131.38787841796875
2024-10-04,135.6300048828125,135.9199981689453,134.27000427246094,135.50999450683594,5797100,132.3056182861328
2024-10-07,134.83999633789062,135.74000549316406,134.50999450683594,135.17999267578125,5737800,131.9834442138672
2024-10-08,135.6999969482422,135.89999389648438,134.9600067138672,135.47999572753906,4980600,132.27635192871094
2024-10-09,135.49000549316406,136.77999877929688,135.3000030517578,136.69000244140625,5064800,133.45774841308594
2024-10-10,136.14999389648438,136.3699951171875,135.52999877929688,135.99000549316406,5495600,132.77430725097656
2024-10-11,136.49000549316406,138.47000122070312,136.49000549316406,138.4199981689453,8764800,135.14683532714844
2024-10-14,138.38999938964844,139.32000732421875,137.85000610351562,139.25,6817400,135.95721435546875
2024-10-15,139.39999389648438,139.77000427246094,138.05999755859375,138.17999267578125,7808900,134.91250610351562
2024-10-16,138.39999389648438,139.5500030517578,138.33999633789062,139.25,8207800,135.95721435546875
2024-10-17,139.27000427246094,139.47000122070312,138.60000610351562,138.85000610351562,5065100,135.56666564941406
2024-10-18,139.2100067138672,139.3300018310547,138.42999267578125,139.27000427246094,4782100,135.97674560546875
2024-10-21,139.25,139.4499969482422,138.22000122070312,138.77999877929688,5216700,135.49832153320312
2024-10-22,138.1699981689453,138.27999877929688,136.38999938964844,137.10000610351562,8579700,133.85804748535156
2024-10-23,136.9600067138672,137.5399932861328,136,136.6999969482422,8480700,133.46751403808594
2024-10-24,136.49000549316406,136.49000549316406,135.3699951171875,135.75999450683594,6720400,132.54974365234375
2024-10-25,136.3800048828125,136.75,135.1199951171875,135.39999389648438,6399300,132.1982421875
2024-10-28,136.0800018310547,136.39999389648438,135.75999450683594,135.8000030517578,7132200,132.5887908935547
2024-10-29,135.38999938964844,136.14999389648438,134.58999633789062,135.6199951171875,11192300,132.41305541992188
2024-10-30,135.02000427246094,136.1199951171875,134.7899932861328,135.38999938964844,10469000,132.1884765625
2024-10-31,134.32000732421875,134.6699981689453,133.41000366210938,133.8300018310547,16640000,130.66537475585938
2024-11-01,134.50999450683594,135.24000549316406,133.97999572753906,134.00999450683594,7482300,130.8411102294922
2024-11-04,134.14999389648438,134.8800048828125,133.49000549316406,133.86000061035156,6744400,130.69467163085938
2024-11-05,134.3300018310547,136.1300048828125,133.99000549316406,136.10000610351562,7469400,132.88169860839844
2024-11-06,140.6699981689453,141.67999267578125,139.1699981689453,141.42999267578125,17738800,138.0856475830078
2024-11-07,141.8300018310547,141.88999938964844,140.38999938964844,140.5800018310547,10062400,137.25576782226562
2024-11-08,140.99000549316406,142.52999877929688,140.72000122070312,142.08999633789062,8270000,138.7300567626953
2024-11-11,142.88999938964844,143.72000122070312,142.86000061035156,143.19000244140625,8237000,139.8040313720703
2024-11-12,143.52999877929688,143.6699981689453,141.3800048828125,141.9600067138672,7161100,138.60313415527344
2024-11-13,142.11000061035156,143.05999755859375,142.07000732421875,142.25999450683594,6033400,138.8960418701172
2024-11-14,142.1199951171875,142.30999755859375,139.7100067138672,139.86000061035156,9977100,136.5527801513672
2024-11-15,139.3699951171875,140.2100067138672,138.75,139.11000061035156,6628500,135.82052612304688
2024-11-18,139.08999633789062,139.49000549316406,138.5800018310547,138.9199981689453,6414200,135.635009765625
2024-11-19,138.05999755859375,139.16000366210938,137.82000732421875,138.8000030517578,5554700,135.51785278320312
2024-11-20,139.1300048828125,139.27999877929688,137.92999267578125,138.9499969482422,6527600,135.66429138183594
2024-11-21,139.6199951171875,141.17999267578125,139.0800018310547,140.69000244140625,9677300,137.36317443847656
2024-11-22,141.05999755859375,142.69000244140625,140.92999267578125,142.64999389648438,7924300,139.2768096923828
2024-11-25,143.3800048828125,143.92999267578125,142.9199981689453,143.5399932861328,7411700,140.145751953125
2024-11-26,143.3699951171875,143.97000122070312,142.8300018310547,143.7100067138672,6524900,140.311767578125
2024-11-27,144.14999389648438,144.50999450683594,143.13999938964844,143.17999267578125,5561100,139.79425048828125
2024-11-29,143.39999389648438,144.25999450683594,143.39999389648438,143.99000549316406,3091500,140.5851287841797
2024-12-02,143.89999389648438,144.11000061035156,142.74000549316406,142.92999267578125,6217500,139.55018615722656
2024-12-03,142.97999572753906,143.22000122070312,141.55999755859375,142.02999877929688,4528000,138.67147827148438
2024-12-04,142.0500030517578,142.66000366210938,141.66000366210938,142.64999389648438,5727700,139.2768096923828
2024-12-05,142.64999389648438,142.77000427246094,140.88999938964844,140.9199981689453,5233900,137.5877227783203
2024-12-06,141.33999633789062,141.66000366210938,140.3300018310547,140.55999755859375,5432800,137.23622131347656
2024-12-09,140.58999633789062,140.75,139.25999450683594,139.33999633789062,7434200,136.04507446289062
2024-12-10,139.1699981689453,139.52000427246094,138.19000244140625,139,7382800,135.71310424804688
2024-12-11,139.72000122070312,139.92999267578125,138.6199951171875,138.67999267578125,6168900,135.40066528320312
2024-12-12,138.75,138.9499969482422,137.72000122070312,137.7899932861328,7081600,134.53172302246094
2024-12-13,137.9499969482422,138.10000610351562,137.2899932861328,137.42999267578125,6709900,134.18023681640625
2024-12-16,137.5800018310547,138.05999755859375,137.11000061035156,137.5500030517578,6573400,134.2974090576172
2024-12-17,136.9600067138672,137.27000427246094,135.97000122070312,136.2899932861328,6861700,133.06719970703125
2024-12-18,136.47999572753906,136.7899932861328,132.35000610351562,132.44000244140625,13428100,129.30824279785156
2024-12-19,133.0800018310547,134.0500030517578,132.22000122070312,132.27000427246094,12507400,129.14227294921875
2024-12-20,132.13999938964844,134.80999755859375,131.80999755859375,133.82000732421875,11849600,130.65562438964844
2024-12-23,132.99000549316406,133.32000732421875,132.00999450683594,133.1199951171875,8022300,130.62615966796875
2024-12-24,132.97999572753906,134.22000122070312,132.72999572753906,134.16000366210938,2972900,131.64669799804688
2024-12-26,133.85000610351562,134.58999633789062,133.50999450683594,134.25999450683594,4749500,131.74481201171875
2024-12-27,133.49000549316406,134.25999450683594,132.49000549316406,133.25999450683594,6060000,130.7635498046875
2024-12-30,131.80999755859375,132.5399932861328,130.63999938964844,131.9199981689453,8725500,129.4486541748047
2024-12-31,132.3300018310547,132.52999877929688,131.36000061035156,131.75999450683594,6009800,129.29164123535156
2025-01-02,132.72999572753906,132.9499969482422,130.7100067138672,131.3000030517578,7227600,128.84027099609375
2025-01-03,131.75999450683594,133,131.3300018310547,132.72000122070312,7676100,130.23365783691406
2025-01-06,133.39999389648438,133.82000732421875,132.19000244140625,132.42999267578125,6899500,129.9490966796875
2025-01-07,132.72999572753906,133.16000366210938,131.85000610351562,132.3000030517578,6841200,129.821533203125
2025-01-08,132.0500030517578,132.9499969482422,131.25,132.82000732421875,8277600,130.33181762695312
2025-01-10,132.1300048828125,132.25,131.0500030517578,131.3300018310547,9997300,128.86972045898438
2025-01-13,130.58999633789062,132.9499969482422,130.4499969482422,132.8699951171875,8365400,130.38087463378906
2025-01-14,133.80999755859375,134.63999938964844,133.2100067138672,134.44000244140625,6746700,131.92144775390625
2025-01-15,136.42999267578125,136.63999938964844,135.0399932861328,135.2899932861328,9184200,132.75550842285156
2025-01-16,135.66000366210938,137.1300048828125,135.50999450683594,136.92999267578125,6556500,134.3647918701172
2025-01-17,137.80999755859375,138.25999450683594,137.2100067138672,137.75,6869200,135.16943359375
2025-01-21,138.9600067138672,140.5800018310547,138.9600067138672,140.5800018310547,12177700,137.9464111328125
2025-01-22,141.02000427246094,141.1699981689453,140.19000244140625,140.25,7206000,137.6226043701172
2025-01-23,141.13999938964844,141.89999389648438,140.55999755859375,141.6699981689453,7353400,139.0159912109375
2025-01-24,141.60000610351562,141.64999389648438,140.7899932861328,141.07000732421875,6457700,138.42726135253906
2025-01-27,138.92999267578125,139.50999450683594,138.5,139.17999267578125,10909300,136.57266235351562
2025-01-28,139.50999450683594,139.6300048828125,137.85000610351562,138.25999450683594,8900000,135.6698760986328
2025-01-29,138.35000610351562,139.22999572753906,137.7100067138672,137.7899932861328,9100900,135.20867919921875
2025-01-30,137.58999633789062,139.58999633789062,137.58999633789062,139.3300018310547,8169600,136.71983337402344
2025-01-31,139.2899932861328,139.74000549316406,138.19000244140625,138.35000610351562,10144700,135.75819396972656
2025-02-03,135.92999267578125,137.97000122070312,135.3300018310547,136.97999572753906,13906700,134.41384887695312
2025-02-04,137.11000061035156,137.75,136.72000122070312,137.02000427246094,7577200,134.453125
2025-02-05,137.5,137.74000549316406,136.16000366210938,137.1199951171875,8179200,134.55123901367188
2025-02-06,137.38999938964844,137.8800048828125,136.7899932861328,137.74000549316406,7368300,135.15963745117188
2025-02-07,138.3699951171875,138.5399932861328,137.0500030517578,137.3300018310547,10408900,134.75730895996094
2025-02-10,138.22000122070312,138.61000061035156,137.6300048828125,138.55999755859375,5446400,135.9642791748047
2025-02-11,138.10000610351562,138.67999267578125,137.6999969482422,138.61000061035156,5787700,136.01332092285156
2025-02-12,136.6300048828125,138.24000549316406,136.41000366210938,137.75,7694300,135.16943359375
2025-02-13,137.74000549316406,138.25,137.30999755859375,137.88999938964844,8539100,135.3068084716797
2025-02-14,138.0800018310547,138.25,137.38999938964844,137.5500030517578,5800000,134.9731903076172
2025-02-18,138.02000427246094,138.88999938964844,137.8800048828125,138.6300048828125,7226600,136.03294372558594
2025-02-19,138.2899932861328,139.0800018310547,138.07000732421875,138.77000427246094,9454100,136.17031860351562
2025-02-20,138.61000061035156,138.6300048828125,136.8699951171875,137.86000061035156,9306700,135.27735900878906
2025-02-21,138,138,134.30999755859375,134.83999633789062,14561200,132.31394958496094
2025-02-24,135.36000061035156,135.60000610351562,134.0500030517578,134.22999572753906,10876100,131.7153778076172
2025-02-25,134.24000549316406,135.39999389648438,133.49000549316406,134.9199981689453,9898500,132.3924560546875
2025-02-26,135.61000061035156,136.36000061035156,134.82000732421875,135,8330400,132.470947265625
2025-02-27,135.30999755859375,136.42999267578125,134.35000610351562,134.52999877929688,9624600,132.00975036621094
2025-02-28,134.89999389648438,136.4600067138672,134.24000549316406,136.3300018310547,9888000,133.7760467529297
2025-03-03,137.1199951171875,137.63999938964844,133.6699981689453,134.38999938964844,12683000,131.8723907470703
2025-03-04,132.91000366210938,134,130.7899932861328,131.77000427246094,15191300,129.3014678955078
2025-03-05,132.24000549316406,134.39999389648438,132.10000610351562,133.85000610351562,12117600,131.34249877929688
2025-03-06,132.47000122070312,133.60000610351562,131.74000549316406,132.6999969482422,12029100,130.2140350341797
2025-03-07,131.9499969482422,134.60000610351562,131.52999877929688,134.25,17504500,131.73500061035156
2025-03-10,132.5399932861328,134.0800018310547,131.10000610351562,132.14999389648438,15123900,129.67434692382812
2025-03-11,131.85000610351562,132.02000427246094,129.4199981689453,130.1199951171875,13176800,127.68235778808594
2025-03-12,131.30999755859375,131.49000549316406,128.99000549316406,130.11000061035156,12728100,127.67254638671875
2025-03-13,129.8000030517578,130.39999389648438,128.25999450683594,128.77999877929688,10596900,126.36747741699219
2025-03-14,130.00999450683594,131.3800048828125,129.47000122070312,131.1300048828125,8920000,128.67347717285156
2025-03-17,130.94000244140625,133.5500030517578,130.8000030517578,132.94000244140625,6918300,130.44955444335938
2025-03-18,132.3800048828125,132.5800018310547,131.1300048828125,131.8800048828125,8051800,129.40939331054688
2025-03-19,132.30999755859375,134.38999938964844,132.14999389648438,133.6300048828125,8274900,131.1266326904297
2025-03-20,132.57000732421875,133.94000244140625,132.32000732421875,132.9600067138672,8078300,130.46917724609375
2025-03-21,131.80999755859375,132.41000366210938,130.97999572753906,132.25,10036500,129.7724609375
2025-03-24,133.42999267578125,134.52000427246094,133.10000610351562,134.2899932861328,8446800,132.1790313720703
2025-03-25,134.55999755859375,134.94000244140625,133.83999633789062,134.49000549316406,5337100,132.3759002685547
2025-03-26,134.6999969482422,135.3800048828125,133.1999969482422,133.60000610351562,6899300,131.49986267089844
2025-03-27,133.55999755859375,134.00999450683594,132.27000427246094,132.88999938964844,8414000,130.80104064941406
2025-03-28,132.4499969482422,132.8000030517578,130.0800018310547,130.14999389648438,10196800,128.10411071777344
2025-03-31,129.13999938964844,131.85000610351562,128.4199981689453,131.07000732421875,9650200,129.00965881347656
2025-04-01,130.77000427246094,132.08999633789062,129.64999389648438,131.80999755859375,8722200,129.73800659179688
2025-04-02,130.30999755859375,133.50999450683594,130.25999450683594,133.0500030517578,6398000,130.9585418701172
2025-04-03,128.58999633789062,129.7100067138672,125.76000213623047,125.8499984741211,15962200,123.8717041015625
2025-04-04,122.25,122.68000030517578,117.79000091552734,117.94000244140625,28516400,116.08604431152344
2025-04-07,114.6500015258789,121.80000305175781,112.75,117.38999938964844,42518300,115.5447006225586
2025-04-08,121.04000091552734,121.66999816894531,114.63999938964844,116.41999816894531,21272000,114.58995056152344
2025-04-09,115.2300033569336,127.55000305175781,115.2300033569336,126.76000213623047,36610700,124.76740264892578
2025-04-10,124.45999908447266,124.9800033569336,119.91000366210938,123.48999786376953,26234000,121.5488052368164
2025-04-11,123.20999908447266,126.31999969482422,121.98999786376953,125.66999816894531,13750300,123.69454193115234
2025-04-14,127.19000244140625,127.81999969482422,125.91999816894531,126.9800033569336,8060500,124.98394775390625
2025-04-15,126.7699966430664,127.80999755859375,126.16000366210938,126.3499984741211,6230200,124.36384582519531
2025-04-16,125.73999786376953,126.43000030517578,123.63999938964844,124.62000274658203,8043500,122.66104125976562
2025-04-17,124.70999908447266,126.48999786376953,124.66999816894531,125.30000305175781,7850400,123.33035278320312
2025-04-21,124.08999633789062,124.3499984741211,121.13999938964844,122.48999786376953,9083500,120.56451416015625
2025-04-22,123.48999786376953,125.18000030517578,123.12000274658203,124.62999725341797,7493200,122.67088317871094
2025-04-23,128.02999877929688,129.1300048828125,125.81999969482422,126.19000244140625,9718300,124.20636749267578
2025-04-24,126.13999938964844,129.25999450683594,125.76000213623047,129.02000427246094,7145400,126.99188232421875
2025-04-25,128.7100067138672,129.5,128.10000610351562,129.00999450683594,5826900,126.98202514648438
2025-04-28,129.22999572753906,130.3000030517578,128.22000122070312,129.44000244140625,6202200,127.4052963256836
2025-04-29,129.0500030517578,130.5399932861328,128.94000244140625,130.27999877929688,5040600,128.23207092285156
2025-04-30,129.41000366210938,131.58999633789062,127.8499984741211,131.22000122070312,7532300,129.15728759765625
2025-05-01,131.77999877929688,133.16000366210938,131.25,132.2100067138672,9338700,130.13174438476562
2025-05-02,133.88999938964844,135.11000061035156,133.6999969482422,134.5800018310547,7227600,132.46449279785156
2025-05-05,133.75999450683594,135.4499969482422,133.6699981689453,134.64999389648438,4523400,132.5333709716797
2025-05-06,133.24000549316406,134.22999572753906,132.9600067138672,133.47000122070312,5404100,131.37191772460938
2025-05-07,133.8699951171875,134.74000549316406,133.4199981689453,134.14999389648438,5304600,132.04122924804688
2025-05-08,135.19000244140625,137.35000610351562,134.94000244140625,136,7914800,133.86215209960938
2025-05-09,136.27000427246094,136.55999755859375,135.1999969482422,136.11000061035156,4541200,133.97044372558594
2025-05-12,140.30999755859375,140.35000610351562,138.97999572753906,140.3000030517578,8321800,138.09454345703125
2025-05-13,140.75,142.17999267578125,140.58999633789062,141.27999877929688,9795200,139.0591583251953
2025-05-14,141.19000244140625,141.4199981689453,140.1999969482422,140.60000610351562,6517700,138.38986206054688
2025-05-15,141,142.3800048828125,140.8000030517578,142.16000366210938,5761900,139.92532348632812
2025-05-16,142.3800048828125,143.77999877929688,141.91000366210938,143.77999877929688,5384200,141.51983642578125
2025-05-19,142.38999938964844,144.38999938964844,142.38999938964844,144.27000427246094,5459200,142.00216674804688
2025-05-20,143.69000244140625,144.4600067138672,143.19000244140625,143.75,6825700,141.49032592773438
2025-05-21,142.97999572753906,143.38999938964844,141.11000061035156,141.32000732421875,9600200,139.09854125976562
2025-05-22,141.05999755859375,142.16000366210938,140.52999877929688,141.2899932861328,8993200,139.06898498535156
2025-05-23,139.69000244140625,141.33999633789062,139.6300048828125,140.8300018310547,8233100,138.61622619628906
2025-05-27,142.49000549316406,143.42999267578125,141.6999969482422,143.30999755859375,11862100,141.05722045898438
2025-05-28,143.52999877929688,143.7899932861328,142.39999389648438,142.60000610351562,9058300,140.35841369628906
2025-05-29,143.19000244140625,143.2899932861328,141.72000122070312,142.72999572753906,12106600,140.48635864257812
2025-05-30,142.58999633789062,143.32000732421875,141.55999755859375,142.82000732421875,14254700,140.574951171875
2025-06-02,142.6300048828125,142.6999969482422,140.83999633789062,142.63999938964844,12641300,140.3977813720703
2025-06-03,142.61000061035156,143.8300018310547,142.5500030517578,143.74000549316406,10896800,141.48049926757812
2025-06-04,144.08999633789062,144.57000732421875,143.80999755859375,143.82000732421875,7975800,141.55923461914062
2025-06-05,144.27000427246094,144.35000610351562,143.1699981689453,143.72000122070312,13814300,141.46080017089844
2025-06-06,145,145.55999755859375,144.47000122070312,144.92999267578125,11289200,142.65176391601562
2025-06-09,145.30999755859375,145.52000427246094,144.50999450683594,144.8000030517578,9162800,142.52383422851562
2025-06-10,145.0800018310547,145.0800018310547,143.41000366210938,144.1699981689453,15625600,141.90371704101562
2025-06-11,144.3000030517578,144.69000244140625,142.83999633789062,144.24000549316406,15837000,141.97264099121094
2025-06-12,143.1199951171875,143.97999572753906,142.9600067138672,143.86000061035156,13097400,141.59861755371094
2025-06-13,142.83999633789062,143.9199981689453,142.22000122070312,142.64999389648438,14060500,140.40760803222656
2025-06-16,143.5,144.52999877929688,143.3300018310547,143.6300048828125,13711000,141.37222290039062
2025-06-17,143.10000610351562,143.5800018310547,142.35000610351562,142.5500030517578,12654200,140.3092041015625
2025-06-18,142.69000244140625,143.66000366210938,142.1199951171875,142.2100067138672,14008800,139.9745330810547
2025-06-20,143.0800018310547,143.4199981689453,141.88999938964844,142.3699951171875,13985200,140.13201904296875
2025-06-23,142.1999969482422,143.94000244140625,141.27999877929688,143.86000061035156,15902400,142.0295867919922
2025-06-24,144.6300048828125,145.3000030517578,143.82000732421875,145.05999755859375,11518200,143.21429443359375
2025-06-25,145.16000366210938,145.24000549316406,143.4600067138672,143.77999877929688,9751600,141.95059204101562
2025-06-26,144.41000366210938,145.50999450683594,144.10000610351562,145.33999633789062,9728300,143.49073791503906
2025-06-27,145.75999450683594,147.42999267578125,145.42999267578125,146.7899932861328,13380900,144.92230224609375
2025-06-30,147.05999755859375,147.72999572753906,146.5800018310547,147.52000427246094,10914600,145.6429901123047
2025-07-01,147.16000366210938,148.36000061035156,146.91000366210938,148.00999450683594,13189100,146.12677001953125
2025-07-02,147.7899932861328,148.16000366210938,147.3000030517578,148.16000366210938,11061700,146.2748565673828
2025-07-03,148.6699981689453,149.5399932861328,148.5500030517578,149.4199981689453,4864900,147.5188446044922
2025-07-07,149.39999389648438,149.82000732421875,147.8699951171875,148.89999389648438,10687700,147.00543212890625
2025-07-08,148.91000366210938,149.30999755859375,148.13999938964844,148.86000061035156,10845500,146.9659423828125
2025-07-09,149.8699951171875,150.0399932861328,148.89999389648438,149.89999389648438,10173600,147.99270629882812
2025-07-10,150.07000732421875,151.25999450683594,150.00999450683594,150.74000549316406,12385600,148.82203674316406
2025-07-11,149.99000549316406,150.61000061035156,149.6199951171875,150.1999969482422,7065200,148.2888946533203
2025-07-14,150.19000244140625,151.13999938964844,149.89999389648438,151.00999450683594,9069900,149.08859252929688
2025-07-15,151.47999572753906,151.47999572753906,149.86000061035156,149.8800048828125,10278700,147.9729766845703
2025-07-16,150.3000030517578,150.52000427246094,148.38999938964844,150.41000366210938,9998300,148.49623107910156
2025-07-17,150.97999572753906,151.97999572753906,150.80999755859375,151.8000030517578,13374200,149.86856079101562
2025-07-18,152.27000427246094,152.47999572753906,150.7899932861328,151.4600067138672,10201800,149.5328826904297
2025-07-21,151.92999267578125,152.0399932861328,150.60000610351562,150.66000366210938,10089300,148.74305725097656
2025-07-22,150.1300048828125,151.32000732421875,149.7100067138672,151.02000427246094,15053900,149.0984649658203
2025-07-23,152.27999877929688,153.80999755859375,152.0399932861328,153.72999572753906,14747300,151.77398681640625
2025-07-24,153.57000732421875,154.58999633789062,153.0500030517578,153.47000122070312,11695600,151.51730346679688
2025-07-25,153.94000244140625,155.05999755859375,153.36000061035156,154.99000549316406,9376600,153.01795959472656
2025-07-28,155.07000732421875,155.14999389648438,154.07000732421875,154.50999450683594,9214700,152.5440673828125
2025-07-29,154.5500030517578,154.60000610351562,152.24000549316406,152.75,13546500,150.80645751953125
2025-07-30,152.5399932861328,152.83999633789062,151.2899932861328,152,13795300,150.06600952148438
2025-07-31,151.50999450683594,153.07000732421875,151.50999450683594,152.00999450683594,16520400,150.07586669921875
2025-08-01,149.9499969482422,150.35000610351562,148.1300048828125,149.74000549316406,19191700,147.83477783203125
2025-08-04,150.25999450683594,151.25999450683594,150.1199951171875,151.1199951171875,11355600,149.19717407226562
2025-08-05,150.88999938964844,151.60000610351562,149.77999877929688,150.80999755859375,12724800,148.89114379882812
2025-08-06,150.9499969482422,151.25,149.80999755859375,150.92999267578125,10736700,149.0095977783203
2025-08-07,151.77999877929688,151.83999633789062,149.7899932861328,150.7100067138672,11095100,148.7924346923828
2025-08-08,151.14999389648438,151.7899932861328,150.44000244140625,150.8300018310547,9124700,148.91087341308594
2025-08-11,150.85000610351562,150.94000244140625,149.97999572753906,150.33999633789062,9643500,148.4271240234375
2025-08-12,150.97000122070312,151.9600067138672,150.67999267578125,151.89999389648438,9518300,149.96726989746094
2025-08-13,152.3300018310547,152.57000732421875,150.74000549316406,152.47999572753906,12786800,150.53990173339844
2025-08-14,151.4499969482422,151.89999389648438,150.85000610351562,151.1300048828125,9516400,149.20709228515625
2025-08-15,150.97999572753906,151.25999450683594,150.3300018310547,150.44000244140625,8796000,148.52584838867188
2025-08-18,150.4499969482422,151.19000244140625,150.3000030517578,151.02999877929688,7342100,149.1083526611328
2025-08-19,151.1999969482422,152.3000030517578,150.75,151.36000061035156,9035200,149.43414306640625
2025-08-20,151.1999969482422,151.57000732421875,150.27000427246094,151.22000122070312,9549500,149.29592895507812
2025-08-21,151,151.38999938964844,150.4199981689453,150.67999267578125,7679600,148.7627716064453
2025-08-22,151.5,154.1999969482422,151.4499969482422,153.13999938964844,9298800,151.19146728515625
2025-08-25,152.8800048828125,153.38999938964844,151.58999633789062,151.61000061035156,6869000,149.6809539794922
2025-08-26,151.6699981689453,153.32000732421875,151.61000061035156,153.1699981689453,6927500,151.2211151123047
2025-08-27,153.10000610351562,153.39999389648438,152.85000610351562,153.14999389648438,5876400,151.2013702392578
2025-08-28,153.64999389648438,153.75,152.83999633789062,153.4199981689453,7166700,151.46792602539062
2025-08-29,153.19000244140625,153.30999755859375,151.41000366210938,152.00999450683594,8806100,150.07586669921875
2025-09-02,150.4199981689453,150.72000122070312,149.61000061035156,150.55999755859375,9798600,148.64431762695312
2025-09-03,150.52000427246094,150.6199951171875,149.10000610351562,149.8000030517578,12036200,147.89398193359375
2025-09-04,150.0800018310547,151.52000427246094,149.67999267578125,151.49000549316406,10148800,149.56248474121094
2025-09-05,151.75,152.0800018310547,149.39999389648438,150.92999267578125,16781000,149.0095977783203
2025-09-08,151.1300048828125,151.5399932861328,150.11000061035156,151.27000427246094,11647200,149.3452911376953
2025-09-09,151,151.00999450683594,149.32000732421875,150.25,12179400,148.3382568359375
2025-09-10,150.5,151.83999633789062,150.47000122070312,151.36000061035156,16515000,149.43414306640625
2025-09-11,151.44000244140625,153.27000427246094,151.22000122070312,152.8000030517578,17820600,150.8558349609375
2025-09-12,152.47999572753906,152.83999633789062,151.49000549316406,151.5800018310547,8907500,149.65135192871094
2025-09-15,151.92999267578125,152.67999267578125,151.6999969482422,152.27999877929688,9412900,150.34243774414062
2025-09-16,152.50999450683594,152.67999267578125,151.33999633789062,151.8300018310547,10336100,149.89817810058594
2025-09-17,151.88999938964844,152.6999969482422,150.14999389648438,151.13999938964844,12549500,149.21694946289062
2025-09-18,151.50999450683594,153.10000610351562,151.19000244140625,152.75,13071800,150.80645751953125
2025-09-19,153.25,153.4600067138672,151.91000366210938,153.1199951171875,8778300,151.1717529296875
2025-09-22,152,153.24000549316406,151.69000244140625,153,5688500,151.67733764648438
2025-09-23,153.35000610351562,154.25999450683594,152.42999267578125,153.0399932861328,8589300,151.71697998046875
2025-09-24,153.3699951171875,153.6999969482422,152.22000122070312,152.25,5938400,150.93382263183594
2025-09-25,151.74000549316406,151.77000427246094,150.6199951171875,151.22000122070312,7145800,149.9127197265625
2025-09-26,152.05999755859375,153.2100067138672,152.02000427246094,152.5800018310547,6958900,151.26097106933594
2025-09-29,153.77000427246094,153.9199981689453,152.52999877929688,153.0500030517578,7177600,151.72691345214844
2025-09-30,152.8699951171875,154.3800048828125,152.83999633789062,154.22999572753906,8211200,152.89671325683594
2025-10-01,153.47999572753906,154.11000061035156,153.11000061035156,153.8000030517578,8753400,152.47042846679688
2025-10-02,153.9600067138672,154.8000030517578,153.27999877929688,154.1999969482422,8495400,152.86695861816406
2025-10-03,154.41000366210938,155.41000366210938,153.94000244140625,154.41000366210938,7430000,153.07516479492188
2025-10-06,154.91000366210938,155.44000244140625,154.1699981689453,155.1300048828125,6861000,153.78892517089844
2025-10-07,155.36000061035156,155.77000427246094,153.89999389648438,154.25,11204100,152.91653442382812
2025-10-08,154.63999938964844,155.82000732421875,153.9600067138672,155.58999633789062,9686000,154.2449493408203
2025-10-09,155.75,155.94000244140625,153.07000732421875,153.2899932861328,9751200,151.96482849121094
2025-10-10,153.6999969482422,154.1999969482422,149.88999938964844,149.89999389648438,24285300,148.6041259765625
2025-10-13,151,152.0399932861328,150.69000244140625,151.4600067138672,11014200,150.15066528320312
2025-10-14,150.0800018310547,153.92999267578125,149.97999572753906,153.24000549316406,11015600,151.91526794433594
2025-10-15,153.7899932861328,154.64999389648438,151.25999450683594,152.60000610351562,10338300,151.2808074951172
2025-10-16,153.0500030517578,153.30999755859375,150.83999633789062,151.60000610351562,13796400,150.28944396972656
2025-10-17,151.44000244140625,152.35000610351562,150.99000549316406,151.72999572753906,10806300,150.41831970214844
2025-10-20,152.5399932861328,153.85000610351562,152.47999572753906,153.52000427246094,8192600,152.19285583496094
2025-10-21,153.82000732421875,155.64999389648438,153.72000122070312,154.8800048828125,11589400,153.5410919189453
2025-10-22,155.22000122070312,155.4600067138672,152.41000366210938,152.8699951171875,13612300,151.5484619140625
2025-10-23,153.1999969482422,155.00999450683594,153.1999969482422,154.77999877929688,8035200,153.4419403076172
2025-10-24,156,156.0399932861328,154.83999633789062,154.91000366210938,7502400,153.57083129882812
2025-10-27,155.97000122070312,156.0500030517578,155.08999633789062,155.7899932861328,5828900,154.44320678710938
2025-10-28,155.89999389648438,156.2899932861328,154.66000366210938,154.67999267578125,9022200,153.34280395507812
2025-10-29,154.8000030517578,156.27000427246094,154.35000610351562,155.0800018310547,16439600,153.73934936523438
2025-10-30,154.49000549316406,156.99000549316406,154.30999755859375,154.69000244140625,11840000,153.3527374267578
2025-10-31,154.5,155.6300048828125,154.2899932861328,155.05999755859375,10414800,153.7195281982422
2025-11-03,155.0500030517578,155.0500030517578,153.25,154.39999389648438,9797400,153.0652313232422
2025-11-04,152.75999450683594,153,151.80999755859375,152.61000061035156,13391600,151.29071044921875
2025-11-05,152.2100067138672,154.0399932861328,152.02999877929688,153.1999969482422,11121900,151.8756103515625
2025-11-06,153.25,153.77000427246094,152.2100067138672,152.58999633789062,11735400,151.27088928222656
2025-11-07,152.02999877929688,153.5500030517578,151.13999938964844,153.3300018310547,13518600,152.00450134277344
2025-11-10,154,154.6300048828125,152.52999877929688,154.1999969482422,10900400,152.86695861816406
2025-11-11,154.2100067138672,154.69000244140625,153.35000610351562,154.24000549316406,8652400,152.9066162109375
2025-11-12,154.52000427246094,155.5399932861328,154.2899932861328,154.38999938964844,9583300,153.05532836914062
2025-11-13,154.32000732421875,154.8300018310547,151.67999267578125,152,15475400,150.6859893798828
2025-11-14,151.14999389648438,152.8800048828125,150.7899932861328,152.00999450683594,13433100,150.69590759277344
2025-11-17,152.00999450683594,152.2899932861328,149.8800048828125,150.52000427246094,15294100,149.2187957763672
2025-11-18,149.86000061035156,150.75999450683594,149.10000610351562,149.85000610351562,19820200,148.55458068847656
2025-11-19,150,150.86000061035156,149.60000610351562,150.35000610351562,12575500,149.05026245117188
2025-11-20,152.35000610351562,152.72000122070312,147.72000122070312,147.8300018310547,27790800,146.5520477294922
2025-11-21,148.47999572753906,150.2899932861328,147.13999938964844,149.6300048828125,20982900,148.3364715576172
2025-11-24,149.82000732421875,150.61000061035156,148.92999267578125,150,12658900,148.70327758789062
2025-11-25,150.36000061035156,152.17999267578125,149.30999755859375,151.9199981689453,13636100,150.606689453125
2025-11-26,152.02999877929688,153.57000732421875,151.89999389648438,152.8000030517578,10206200,151.4790802001953
2025-11-28,153.05999755859375,153.86000061035156,152.77000427246094,153.69000244140625,3507600,152.3613739013672
2025-12-01,152.5399932861328,153.00999450683594,151.3699951171875,151.44000244140625,10704600,150.13082885742188
2025-12-02,152.24000549316406,153.2100067138672,151.69000244140625,152.75999450683594,9712300,151.4394073486328
2025-12-03,152.94000244140625,154.25,152.5500030517578,154.2100067138672,9128800,152.87689208984375
2025-12-04,154.2899932861328,155.47000122070312,154.11000061035156,155.00999450683594,9249400,153.66995239257812
2025-12-05,155.02999877929688,155.3300018310547,154.11000061035156,154.5800018310547,8228800,153.24368286132812
2025-12-08,154.77000427246094,155.00999450683594,154.02000427246094,154.38999938964844,6721600,153.05532836914062
2025-12-09,154,155.02000427246094,153.19000244140625,153.25999450683594,7375100,151.93507385253906
2025-12-10,154.0800018310547,156.72000122070312,153.83999633789062,156.05999755859375,13463300,154.71087646484375
2025-12-11,155.89999389648438,157.8800048828125,155.75999450683594,157.72999572753906,9999300,156.366455078125
2025-12-12,158.22000122070312,158.4600067138672,156.25999450683594,156.74000549316406,12062900,155.385009765625
2025-12-15,157.5800018310547,157.74000549316406,156.61000061035156,156.99000549316406,10889500,155.63284301757812
2025-12-16,156.85000610351562,157.2899932861328,155.41000366210938,156.05999755859375,10277500,154.71087646484375
2025-12-17,155.77000427246094,156.4499969482422,153.3699951171875,153.52999877929688,11612500,152.2027587890625
2025-12-18,154.88999938964844,155.77999877929688,154.05999755859375,154.52999877929688,10021200,153.19410705566406
2025-12-19,154.69000244140625,156.1199951171875,154.58999633789062,155.86000061035156,6957800,154.5126190185547
2025-12-22,156.07000732421875,157.17999267578125,155.7100067138672,157.0500030517578,5369000,156.22557067871094
2025-12-23,157.02000427246094,157.3699951171875,156.67999267578125,156.99000549316406,5044600,156.1658935546875
2025-12-24,156.99000549316406,157.69000244140625,156.8000030517578,157.5,2238500,156.6732177734375
2025-12-26,157.36000061035156,157.4199981689453,156.7899932861328,157.2100067138672,4155300,156.38475036621094
2025-12-29,156.91000366210938,157.57000732421875,156.52999877929688,156.8699951171875,4455400,156.04652404785156
2025-12-30,156.88999938964844,157.07000732421875,156.38999938964844,156.4199981689453,3810500,155.598876953125
2025-12-31,156.49000549316406,156.55999755859375,155.05999755859375,155.1199951171875,3691800,154.3057098388672
2026-01-02,155.6199951171875,158.00999450683594,154.97999572753906,157.97999572753906,10122900,157.15069580078125
2026-01-05,158.3000030517578,160.57000732421875,158.3000030517578,159.85000610351562,16194200,159.01087951660156
2026-01-06,159.44000244140625,162.16000366210938,159.17999267578125,162.02000427246094,12757200,161.16949462890625
2026-01-07,162.49000549316406,162.60000610351562,158.8699951171875,158.97000122070312,12333000,158.135498046875
2026-01-08,160.02000427246094,161.36000061035156,159.75999450683594,160.1699981689453,11555400,159.32920837402344
2026-01-09,160.6300048828125,162.22000122070312,160.6300048828125,161.92999267578125,9439600,161.0799560546875
2026-01-12,161.6300048828125,163.25,161.3699951171875,163.1699981689453,7420500,162.31346130371094
2026-01-13,163.8800048828125,164.5399932861328,163.4199981689453,164.00999450683594,9580400,163.14903259277344
2026-01-14,163.77999877929688,164.3000030517578,162.80999755859375,164.27000427246094,10727100,163.40768432617188
2026-01-15,165.07000732421875,166.0500030517578,164.99000549316406,165.77999877929688,9197400,164.9097442626953
2026-01-16,166.39999389648438,167.1999969482422,166.1199951171875,166.89999389648438,13483100,166.02386474609375
2026-01-20,164.75999450683594,165.7100067138672,163.17999267578125,163.52999877929688,14435200,162.67156982421875
2026-01-21,164.3800048828125,167.00999450683594,164.1699981689453,166.36000061035156,14068600,165.48670959472656
2026-01-22,166.55999755859375,167.00999450683594,165.19000244140625,165.5,9937200,164.6312255859375
2026-01-23,165.5,165.82000732421875,163.7100067138672,164.22000122070312,11673600,163.35794067382812
2026-01-26,164.22000122070312,164.6699981689453,163.85000610351562,164.3800048828125,8231500,163.51710510253906
2026-01-27,164.66000366210938,165.3800048828125,163.7100067138672,165.05999755859375,9439300,164.19354248046875
2026-01-28,164.4199981689453,165.27999877929688,163.52000427246094,164.13999938964844,10144900,163.2783660888672
2026-01-29,165.25,166.91000366210938,164.0500030517578,165.86000061035156,16332500,164.9893341064453
2026-01-30,164.66000366210938,166.30999755859375,163.72999572753906,165.44000244140625,11612500,164.57154846191406
2026-02-02,165.22000122070312,167.6199951171875,165.05999755859375,167.52999877929688,11466600,166.6505584716797
2026-02-03,167.52999877929688,169.8000030517578,166.9199981689453,168.94000244140625,16444000,168.05316162109375
2026-02-04,169.97999572753906,170.77000427246094,167.85000610351562,169.38999938964844,21338400,168.50079345703125
2026-02-05,168.25,169.32000732421875,167.4499969482422,168.3699951171875,18699300,167.4861602783203
2026-02-06,169.88999938964844,173.38999938964844,169.80999755859375,173.17999267578125,11992100,172.27088928222656
2026-02-09,172.80999755859375,174.1300048828125,172.63999938964844,173.6999969482422,9472200,172.78817749023438
2026-02-10,173.7100067138672,174.85000610351562,173.42999267578125,173.91000366210938,8820200,172.9970703125
2026-02-11,175.4199981689453,176.75,174.0800018310547,174.83999633789062,12551900,173.9221954345703
2026-02-12,175.77999877929688,177.75999450683594,172.4499969482422,172.75,18157000,171.84315490722656
2026-02-13,173.10000610351562,175.30999755859375,172.63999938964844,174.1699981689453,13617900,173.25570678710938
2026-02-17,173.9199981689453,175.97000122070312,173.39999389648438,175.0800018310547,13810800,174.1609344482422
2026-02-18,175.3800048828125,176,174.3800048828125,175.0399932861328,10623800,174.1211395263672
2026-02-19,175.05999755859375,176.94000244140625,174.75,176.33999633789062,13431100,175.414306640625
2026-02-20,176.1300048828125,178.22000122070312,175.61000061035156,177.22999572753906,13104100,176.29965209960938
2026-02-23,176.41000366210938,176.9199981689453,174.35000610351562,174.8300018310547,10566600,173.9122314453125
2026-02-24,174.5800018310547,177.22000122070312,174.3699951171875,176.97999572753906,9756500,176.05096435546875
2026-02-25,177.55999755859375,177.75999450683594,174.44000244140625,175.60000610351562,11757700,174.67820739746094
2026-02-26,176.13999938964844,176.97000122070312,173.91000366210938,176.6999969482422,13764500,175.77243041992188
2026-02-27,175.3699951171875,177.22999572753906,175.02999877929688,177.13999938964844,9692600,176.21011352539062
2026-03-02,176.5,179.30999755859375,175.66000366210938,178.89999389648438,21918000,177.96087646484375
2026-03-03,176.02000427246094,176.19000244140625,172.6699981689453,175.44000244140625,20481300,174.51904296875
2026-03-04,176.3300018310547,176.92999267578125,174.69000244140625,175.97000122070312,13604000,175.0462646484375
2026-03-05,174.80999755859375,175.24000549316406,170.2100067138672,172.05999755859375,21308200,171.1567840576172
2026-03-06,169.75999450683594,170.66000366210938,168.25999450683594,169.94000244140625,22680300,169.04791259765625
2026-03-09,168.13999938964844,171.39999389648438,166.1699981689453,170.94000244140625,19492500,170.04266357421875
2026-03-10,170.6699981689453,172.3800048828125,169.82000732421875,170.02000427246094,16791100,169.12750244140625
2026-03-11,169.72999572753906,170.32000732421875,168.3699951171875,169.49000549316406,14287600,168.60028076171875
2026-03-12,167.97999572753906,168.1199951171875,165.16000366210938,165.24000549316406,15925600,164.3726043701172
2026-03-13,166.2899932861328,166.82000732421875,163.72999572753906,164.64999389648438,15836200,163.78567504882812
2026-03-16,166.1699981689453,167.13999938964844,165.33999633789062,166.05999755859375,11091300,165.1882781982422
2026-03-17,167.22000122070312,167.55999755859375,165.0500030517578,166.5,12772600,165.6259765625
2026-03-18,166.1699981689453,167.1699981689453,165.05999755859375,165.17999267578125,11872400,164.31289672851562
2026-03-19,163.4600067138672,164.99000549316406,162.25,164.05999755859375,17989900,163.1987762451172
2026-03-20,164.02000427246094,164.64999389648438,160.30999755859375,161.6699981689453,19199200,160.82131958007812
2026-03-23,164.10000610351562,166.17999267578125,163.02000427246094,163.0500030517578,18508400,162.6498260498047
2026-03-24,161.3699951171875,164.55999755859375,161.13999938964844,164,14110200,163.59750366210938
2026-03-25,165.86000061035156,166.32000732421875,164.32000732421875,165.10000610351562,12205600,164.69480895996094
2026-03-26,163.72999572753906,164.61000061035156,161.08999633789062,161.27000427246094,15416400,160.87420654296875
2026-03-27,160.58999633789062,161.2899932861328,158.85000610351562,159.1999969482422,13923700,158.8092803955078
2026-03-30,160.5500030517578,160.74000549316406,156.0800018310547,156.61000061035156,17459600,156.2256317138672
2026-03-31,158.6999969482422,162.24000549316406,158.0500030517578,161.72999572753906,15855900,161.33306884765625
2026-04-01,163.49000549316406,165.77000427246094,163.27000427246094,164.42999267578125,17035300,164.02642822265625
2026-04-02,161.72000122070312,165.74000549316406,161.13999938964844,163.77000427246094,11097200,163.36807250976562
2026-04-06,163.5399932861328,164.63999938964844,162.77000427246094,164.61000061035156,7105500,164.2060089111328
2026-04-07,163.64999389648438,164.67999267578125,162.8000030517578,164.27999877929688,10068200,163.87681579589844
2026-04-08,169.60000610351562,171.05999755859375,169.11000061035156,170.44000244140625,12808600,170.02169799804688
2026-04-09,169.8800048828125,173.16000366210938,169.8000030517578,172.19000244140625,8180000,171.76739501953125
2026-04-10,172.49000549316406,172.6999969482422,171.2100067138672,171.52000427246094,5169700,171.0990447998047
2026-04-13,170.99000549316406,172.77999877929688,170.61000061035156,172.72999572753906,6814100,172.30606079101562
2026-04-14,173.1300048828125,174.0399932861328,172.02999877929688,173.35000610351562,5490700,172.924560546875
2026-04-15,173.11000061035156,173.14999389648438,170.0800018310547,171.17999267578125,13548300,170.75987243652344
2026-04-16,171.25,172.05999755859375,169.52000427246094,170.3300018310547,8629200,169.91195678710938
2026-04-17,172.24000549316406,175.1300048828125,172.13999938964844,173.50999450683594,9529000,173.0841522216797
2026-04-20,173.1300048828125,173.97999572753906,172.55999755859375,173.89999389648438,5734900,173.4731903076172
2026-04-21,173.52999877929688,174.69000244140625,170.92999267578125,171.44000244140625,8752700,171.0192413330078
2026-04-22,173.30999755859375,173.9199981689453,170.3300018310547,171.0399932861328,10595400,170.62020874023438
2026-04-23,171.8300018310547,174.7899932861328,171.60000610351562,174.07000732421875,14418800,173.64279174804688
2026-04-24,173.97000122070312,174.17999267578125,171.9600067138672,172.47000122070312,7665200,172.0467071533203
2026-04-27,172.50999450683594,173.50999450683594,171.52000427246094,172.50999450683594,6689500,172.08660888671875
2026-04-28,171.67999267578125,171.86000061035156,169.5399932861328,170.97999572753906,9000000,170.56036376953125
2026-04-29,171.25,171.7100067138672,169.22999572753906,169.92999267578125,9059900,169.512939453125
2026-04-30,171.49000549316406,174.82000732421875,171.13999938964844,174.5800018310547,12012100,174.1515350341797
2026-05-01,175.22999572753906,175.42999267578125,172.94000244140625,172.9600067138672,6800700,172.53550720214844
2026-05-04,172.5,173.2100067138672,170.66000366210938,170.97999572753906,7618500,170.56036376953125
2026-05-05,172.14999389648438,173.05999755859375,171.1999969482422,172.41000366210938,6189400,171.9868621826172
2026-05-06,175.27999877929688,177.33999633789062,174.25,176.8699951171875,10461300,176.4359130859375
2026-05-07,177.44000244140625,177.72000122070312,173.42999267578125,174,10627700,173.5729522705078
2026-05-08,175.14999389648438,175.32000732421875,173.08999633789062,173.1999969482422,5883800,172.77491760253906
2026-05-11,173.24000549316406,175.5500030517578,172.8800048828125,175.0399932861328,6277200,174.6103973388672
2026-05-12,174.42999267578125,174.7899932861328,172.13999938964844,174.35000610351562,7468700,173.92210388183594
2026-05-13,174.24000549316406,174.61000061035156,172.52000427246094,173.6199951171875,6070600,173.19387817382812
2026-05-14,174.1699981689453,174.72999572753906,172.83999633789062,174.50999450683594,7364000,174.08169555664062
2026-05-15,172.8000030517578,172.8000030517578,170.92999267578125,171.39999389648438,7826300,170.9793243408203
2026-05-18,171.55999755859375,171.57000732421875,169.5,170.75,8696000,170.3309326171875
2026-05-19,169.6300048828125,170.17999267578125,168.11000061035156,168.74000549316406,7503400,168.32586669921875
2026-05-20,169.22999572753906,171.47999572753906,168.3699951171875,170.72999572753906,10524700,170.31097412109375
2026-05-21,169.80999755859375,171.3000030517578,168.91000366210938,170.52999877929688,8535000,170.11146545410156
2026-05-22,171.75,172.8800048828125,170.4199981689453,171.77000427246094,6910500,171.3484344482422
2026-05-26,173.19000244140625,174.77999877929688,172.8699951171875,174.3000030517578,6797700,173.87222290039062
2026-05-27,174.5399932861328,174.86000061035156,173.47000122070312,174.3000030517578,7413200,173.87222290039062
2026-05-28,173.49000549316406,174.7100067138672,172.05999755859375,173.8000030517578,8669000,173.37344360351562
2026-05-29,173.57000732421875,173.8800048828125,172.3699951171875,173.1300048828125,7054700,172.70509338378906
2026-06-01,171.58999633789062,172.86000061035156,170.38999938964844,172.39999389648438,8235000,171.9768829345703
2026-06-02,172.94000244140625,174.5,172.3699951171875,174.19000244140625,8663800,173.7624969482422
2026-06-03,173.72999572753906,176.10000610351562,173.5500030517578,174.0500030517578,6900600,173.62283325195312
2026-06-04,174.92999267578125,176.47999572753906,174.27999877929688,176.16000366210938,6670100,175.7276611328125
2026-06-05,175.61000061035156,176.3699951171875,173.47999572753906,174.17999267578125,8893400,173.75250244140625
2026-06-08,174.9199981689453,175.3300018310547,173.27000427246094,173.6300048828125,5372100,173.20387268066406
2026-06-09,174.3699951171875,176.58999633789062,171.72999572753906,175.60000610351562,9457400,175.16903686523438
2026-06-10,174.57000732421875,174.5800018310547,169.4499969482422,169.66000366210938,13851900,169.2436065673828
2026-06-11,171.27999877929688,175.67999267578125,170.99000549316406,175.14999389648438,11046100,174.72012329101562
2026-06-12,176.02000427246094,176.61000061035156,174.6300048828125,176.17999267578125,6961600,175.7476043701172
2026-06-15,178.8000030517578,179.97999572753906,178.50999450683594,178.67999267578125,7522100,178.241455078125
2026-06-16,179.5800018310547,181.10000610351562,179.30999755859375,179.85000610351562,8978400,179.40859985351562
2026-06-17,179.97000122070312,182.3300018310547,179.1300048828125,179.60000610351562,11053200,179.15921020507812
2026-06-18,182.5,182.9199981689453,180.4499969482422,180.91000366210938,8059200,180.46600341796875
2026-06-22,180.77999877929688,182.27999877929688,180.69000244140625,181.8000030517578,6669200,181.8000030517578
2026-06-23,179.16000366210938,180.00999450683594,177.22999572753906,178.14999389648438,8927400,178.14999389648438
2026-06-24,179.07000732421875,181.88999938964844,178.33999633789062,180.2100067138672,7088600,180.2100067138672
2026-06-25,182.24000549316406,186.08999633789062,182.05999755859375,184.1199951171875,7867600,184.1199951171875
2026-06-26,182.63999938964844,183.07000732421875,180.91000366210938,181.1999969482422,8856200,181.1999969482422
2026-06-29,181.50999450683594,183.5800018310547,181.35000610351562,182.75999450683594,7860500,182.75999450683594
2026-06-30,183.32000732421875,185.4499969482422,182.6999969482422,185.22999572753906,6530900,185.22999572753906
2026-07-01,184.3699951171875,185.64999389648438,182.72000122070312,183.36000061035156,8112800,183.36000061035156
2026-07-02,184.7100067138672,185.47999572753906,181.91000366210938,183.91000366210938,6530800,183.91000366210938
2026-07-06,184.6999969482422,186.4499969482422,184.6999969482422,185.55999755859375,6701800,185.55999755859375
2026-07-07,184.5399932861328,184.9199981689453,180.66000366210938,182.3800048828125,7721500,182.3800048828125
2026-07-08,180.75999450683594,181.88999938964844,179.0800018310547,180.4199981689453,7333300,180.4199981689453
2026-07-09,182.42999267578125,182.75,180.72999572753906,181.11000061035156,5381900,181.11000061035156
2026-07-10,181.14999389648438,182.5800018310547,180.16000366210938,181.9199981689453,5315600,181.9199981689453
2026-07-13,181.52000427246094,182.17999267578125,179.8000030517578,180.3699951171875,5384700,180.3699951171875
2026-07-14,181.6699981689453,182.50999450683594,179.86000061035156,180.4499969482422,6672800,180.4499969482422
2026-07-15,180.77999877929688,181.02000427246094,177.77999877929688,180.05999755859375,7491300,180.05999755859375
2026-07-16,178.7899932861328,180.55999755859375,178.5500030517578,180.14999389648438,6093200,180.14999389648438
2026-07-17,178.25999450683594,181.4600067138672,177.60000610351562,179.41000366210938,8061700,179.41000366210938
2026-07-20,180.61000061035156,181.27000427246094,177.58999633789062,178.1199951171875,6044600,178.1199951171875
2026-07-21,179.50999450683594,179.94000244140625,177.75999450683594,178.66000366210938,4836000,178.66000366210938
2026-07-22,178.1999969482422,179.83999633789062,178.13999938964844,178.85000610351562,4350100,178.85000610351562
2026-07-23,179.08999633789062,182.97999572753906,179.08999633789062,181.94000244140625,8556000,181.94000244140625
2026-07-24,181.9199981689453,183.89999389648438,181.74000549316406,182.66000366210938,5507700,182.66000366210938
2026-07-27,183.6199951171875,184.4199981689453,180.83999633789062,183.1999969482422,6193700,183.1999969482422
2026-07-28,182.6300048828125,182.9499969482422,181.44000244140625,182.49000549316406,5707200,182.49000549316406
2026-07-29,181,181.44000244140625,176.35000610351562,176.66000366210938,9505200,176.66000366210938
2026-07-30,178.92999267578125,179.10000610351562,175.9600067138672,178.38999938964844,7367000,178.38999938964844
2026-07-31,180.5,180.9199981689453,177.88999938964844,179.83999633789062,7206200,179.83999633789062
2026-08-03,180.4600067138672,183.35000610351562,180.10000610351562,183.16000366210938,8814000,183.16000366210938
2026-08-04,185.63999938964844,186.8699951171875,183.27999877929688,186.39999389648438,10498000,186.39999389648438
2026-08-05,186.5800018310547,188.19000244140625,185.99000549316406,186.35000610351562,5641100,186.35000610351562
2026-08-06,186.6999969482422,187.4600067138672,184.5,184.75999450683594,5520400,184.75999450683594
2026-08-07,185.4499969482422,185.8699951171875,183.99000549316406,185.17999267578125,6170200,185.17999267578125
2026-08-10,185.92999267578125,185.92999267578125,184.3699951171875,184.60000610351562,3438400,184.60000610351562
2026-08-11,185.0800018310547,187.25999450683594,185.02999877929688,185.6999969482422,4893700,185.6999969482422
2026-08-12,187.1699981689453,187.41000366210938,185.14999389648438,185.8800048828125,4052000,185.8800048828125
2026-08-13,186.47999572753906,186.6699981689453,184.74000549316406,185.7899932861328,4942500,185.7899932861328
2026-08-14,186.17999267578125,186.8800048828125,185.60000610351562,186.50999450683594,3590300,186.50999450683594
2026-08-17,186.38999938964844,187.38999938964844,186.17999267578125,186.32000732421875,5363000,186.32000732421875
2026-08-18,185.2100067138672,185.5800018310547,183.50999450683594,183.57000732421875,4646800,183.57000732421875
2026-08-19,184.24000549316406,184.6199951171875,181.72000122070312,181.9499969482422,8312100,181.9499969482422
2026-08-20,181.00999450683594,182.02999877929688,179.5500030517578,179.77000427246094,6497700,179.77000427246094