date,open,high,low,close,volume,adj_close
1990-01-02,9.074073791503906,9.074073791503906,8.962963104248047,9.074073791503906,166725,7.35861873626709
1990-01-03,9.259259223937988,9.851852416992188,9.259259223937988,9.740740776062012,504563,7.899251937866211
1990-01-04,9.740740776062012,9.88888931274414,9.703703880310059,9.814814567565918,242663,7.959323406219482
1990-01-05,9.814814567565918,9.814814567565918,9.703703880310059,9.740740776062012,85050,7.899251937866211
1990-01-08,9.740740776062012,9.740740776062012,9.666666984558105,9.666666984558105,78975,7.839181900024414
1990-01-09,9.703703880310059,9.777777671813965,9.666666984558105,9.740740776062012,184950,7.899251937866211
1990-01-10,9.666666984558105,9.703703880310059,9.481480598449707,9.518519401550293,207900,7.71904182434082
1990-01-11,9.5925931930542,9.703703880310059,9.518519401550293,9.666666984558105,347288,7.839181900024414
1990-01-12,9.555556297302246,9.5925931930542,9.481480598449707,9.481480598449707,208575,7.689007759094238
1990-01-15,9.555556297302246,9.5925931930542,9.4074068069458,9.444443702697754,117450,7.658972263336182
1990-01-16,9.333333015441895,9.4074068069458,9.074073791503906,9.370369911193848,123863,7.598901271820068
1990-01-17,9.4074068069458,9.4074068069458,9.333333015441895,9.370369911193848,100238,7.598901271820068
1990-01-18,9.333333015441895,9.370369911193848,9.333333015441895,9.370369911193848,45900,7.598901271820068
1990-01-19,9.4074068069458,9.481480598449707,9.370369911193848,9.444443702697754,71550,7.658972263336182
1990-01-22,9.370369911193848,9.444443702697754,9.333333015441895,9.370369911193848,84713,7.598901271820068
1990-01-23,9.296296119689941,9.333333015441895,9.222222328186035,9.259259223937988,119813,7.50879430770874
1990-01-24,9.11111068725586,9.148147583007812,8.962963104248047,9.11111068725586,120825,7.388655662536621
1990-01-25,9.074073791503906,9.11111068725586,9,9.11111068725586,62438,7.388655662536621
1990-01-26,9.074073791503906,9.148147583007812,9.037036895751953,9.074073791503906,234563,7.35861873626709
1990-01-29,9.11111068725586,9.11111068725586,9,9.037036895751953,236588,7.328585147857666
1990-01-30,9,9.037036895751953,8.814814567565918,8.88888931274414,148163,7.208444595336914
1990-01-31,8.851852416992188,8.88888931274414,8.814814567565918,8.851852416992188,216000,7.178410530090332
1990-02-01,8.851852416992188,8.851852416992188,8.814814567565918,8.814814567565918,128925,7.148372173309326
1990-02-02,8.777777671813965,9.037036895751953,8.740740776062012,8.962963104248047,325688,7.268515110015869
1990-02-05,8.88888931274414,9.11111068725586,8.88888931274414,9.11111068725586,59738,7.388655662536621
1990-02-06,9.074073791503906,9.148147583007812,9,9.074073791503906,76950,7.35861873626709
1990-02-07,9.11111068725586,9.296296119689941,9.11111068725586,9.296296119689941,53663,7.538832187652588
1990-02-08,9.370369911193848,9.666666984558105,9.296296119689941,9.555556297302246,407025,7.749078750610352
1990-02-09,9.555556297302246,9.555556297302246,9.481480598449707,9.518519401550293,104963,7.71904182434082
1990-02-12,9.518519401550293,9.518519401550293,9.444443702697754,9.444443702697754,119475,7.658972263336182
1990-02-13,9.444443702697754,9.444443702697754,9.259259223937988,9.259259223937988,45563,7.50879430770874
1990-02-14,9.259259223937988,9.4074068069458,9.259259223937988,9.296296119689941,84375,7.538832187652588
1990-02-15,9.370369911193848,9.370369911193848,9.296296119689941,9.370369911193848,62438,7.598901271820068
1990-02-16,9.444443702697754,9.444443702697754,9.222222328186035,9.333333015441895,73913,7.568869113922119
1990-02-20,9.259259223937988,9.333333015441895,9.259259223937988,9.259259223937988,116100,7.50879430770874
1990-02-21,9.222222328186035,9.296296119689941,9.185185432434082,9.259259223937988,42525,7.50879430770874
1990-02-22,9.296296119689941,9.4074068069458,9.296296119689941,9.370369911193848,76613,7.598901271820068
1990-02-23,9.296296119689941,9.333333015441895,9.259259223937988,9.259259223937988,97538,7.50879430770874
1990-02-26,9.296296119689941,9.333333015441895,9.259259223937988,9.296296119689941,71888,7.538832187652588
1990-02-27,9.333333015441895,9.333333015441895,9.296296119689941,9.333333015441895,36113,7.568869113922119
1990-02-28,9.333333015441895,9.4074068069458,9.296296119689941,9.370369911193848,243000,7.598901271820068
1990-03-01,9.333333015441895,9.4074068069458,9.333333015441895,9.370369911193848,118125,7.598901271820068
1990-03-02,9.370369911193848,9.4074068069458,9.296296119689941,9.333333015441895,358425,7.568869113922119
1990-03-05,9.333333015441895,9.4074068069458,9.296296119689941,9.4074068069458,70200,7.628935813903809
1990-03-06,9.370369911193848,9.4074068069458,9.333333015441895,9.4074068069458,47588,7.628935813903809
1990-03-07,9.4074068069458,9.629630088806152,9.370369911193848,9.555556297302246,145800,7.749078750610352
1990-03-08,9.555556297302246,10.037036895751953,9.518519401550293,10.037036895751953,218700,8.139534950256348
1990-03-09,10.074073791503906,10.444443702697754,10.074073791503906,10.333333015441895,572063,8.379816055297852
1990-03-12,10.333333015441895,10.333333015441895,10.11111068725586,10.185185432434082,155588,8.259674072265625
1990-03-13,10.11111068725586,10.185185432434082,10.037036895751953,10.037036895751953,57713,8.139534950256348
1990-03-14,10.037036895751953,10.074073791503906,9.962963104248047,10,54675,8.109495162963867
1990-03-15,9.962963104248047,10,9.925926208496094,10,39150,8.109495162963867
1990-03-16,10.037036895751953,10.037036895751953,9.814814567565918,9.814814567565918,125888,7.959323406219482
1990-03-19,9.851852416992188,9.88888931274414,9.703703880310059,9.88888931274414,37800,8.019392967224121
1990-03-20,9.88888931274414,9.925926208496094,9.814814567565918,9.925926208496094,67838,8.049428939819336
1990-03-21,9.851852416992188,9.925926208496094,9.777777671813965,9.814814567565918,61763,7.959323406219482
1990-03-22,9.814814567565918,9.851852416992188,9.5925931930542,9.629630088806152,84038,7.809148788452148
1990-03-23,9.5925931930542,9.629630088806152,9.5925931930542,9.629630088806152,37463,7.809148788452148
1990-03-26,9.555556297302246,9.629630088806152,9.518519401550293,9.555556297302246,108675,7.749078750610352
1990-03-27,9.629630088806152,9.629630088806152,9.555556297302246,9.555556297302246,43200,7.749078750610352
1990-03-28,9.555556297302246,9.555556297302246,9.333333015441895,9.444443702697754,120150,7.658972263336182
1990-03-29,9.444443702697754,9.481480598449707,9.4074068069458,9.444443702697754,33750,7.658972263336182
1990-03-30,9.444443702697754,9.481480598449707,9.333333015441895,9.481480598449707,61425,7.689007759094238
1990-04-02,9.4074068069458,9.4074068069458,9.185185432434082,9.185185432434082,103950,7.44872522354126
1990-04-03,9.185185432434082,9.4074068069458,9.185185432434082,9.370369911193848,64463,7.598901271820068
1990-04-04,9.296296119689941,9.370369911193848,9.259259223937988,9.296296119689941,50625,7.538832187652588
1990-04-05,9.259259223937988,9.370369911193848,9.259259223937988,9.333333015441895,39825,7.568869113922119
1990-04-06,9.333333015441895,9.814814567565918,9.333333015441895,9.814814567565918,145125,7.959323406219482
1990-04-09,9.814814567565918,9.925926208496094,9.777777671813965,9.777777671813965,47588,7.929288864135742
1990-04-10,9.777777671813965,9.851852416992188,9.703703880310059,9.814814567565918,83363,7.959323406219482
1990-04-11,9.777777671813965,9.814814567565918,9.777777671813965,9.777777671813965,35775,7.929288864135742
1990-04-12,9.740740776062012,9.814814567565918,9.740740776062012,9.740740776062012,55688,7.899251937866211
1990-04-16,9.777777671813965,9.88888931274414,9.740740776062012,9.814814567565918,80325,7.959323406219482
1990-04-17,9.777777671813965,9.777777671813965,9.629630088806152,9.666666984558105,135675,7.839181900024414
1990-04-18,9.666666984558105,9.777777671813965,9.4074068069458,9.481480598449707,111375,7.689007759094238
1990-04-19,9.481480598449707,9.481480598449707,9.370369911193848,9.444443702697754,38138,7.658972263336182
1990-04-20,9.481480598449707,9.481480598449707,9.222222328186035,9.4074068069458,49275,7.628935813903809
1990-04-23,9.481480598449707,9.481480598449707,9.370369911193848,9.444443702697754,46575,7.658972263336182
1990-04-24,9.444443702697754,9.555556297302246,9.4074068069458,9.555556297302246,17213,7.749078750610352
1990-04-25,9.5925931930542,9.5925931930542,9.444443702697754,9.481480598449707,43538,7.689007759094238
1990-04-26,9.481480598449707,9.703703880310059,9.444443702697754,9.666666984558105,85050,7.839181900024414
1990-04-27,9.666666984558105,9.666666984558105,9.555556297302246,9.555556297302246,31388,7.749078750610352
1990-04-30,9.481480598449707,9.5925931930542,9.481480598449707,9.555556297302246,51975,7.749078750610352
1990-05-01,9.518519401550293,9.555556297302246,9.481480598449707,9.481480598449707,42188,7.689007759094238
1990-05-02,9.481480598449707,9.666666984558105,9.481480598449707,9.666666984558105,74250,7.839181900024414
1990-05-03,9.703703880310059,9.814814567565918,9.703703880310059,9.814814567565918,47250,7.959323406219482
1990-05-04,9.851852416992188,9.851852416992188,9.666666984558105,9.851852416992188,162675,7.989360332489014
1990-05-07,9.777777671813965,9.851852416992188,9.740740776062012,9.777777671813965,62438,7.929288864135742
1990-05-08,9.703703880310059,9.740740776062012,9.4074068069458,9.481480598449707,116100,7.689007759094238
1990-05-09,9.444443702697754,9.555556297302246,9.444443702697754,9.555556297302246,230850,7.749078750610352
1990-05-10,9.481480598449707,9.555556297302246,9.444443702697754,9.555556297302246,106988,7.749078750610352
1990-05-11,9.629630088806152,9.740740776062012,9.518519401550293,9.666666984558105,259538,7.839181900024414
1990-05-14,9.666666984558105,9.740740776062012,9.481480598449707,9.481480598449707,72225,7.689007759094238
1990-05-15,9.4074068069458,9.481480598449707,9.296296119689941,9.333333015441895,61088,7.568869113922119
1990-05-16,9.259259223937988,9.5925931930542,9.222222328186035,9.5925931930542,245363,7.779109954833984
1990-05-17,9.5925931930542,9.925926208496094,9.5925931930542,9.777777671813965,535275,7.929288864135742
1990-05-18,9.851852416992188,10,9.777777671813965,9.925926208496094,71550,8.049428939819336
1990-05-21,9.962963104248047,10.148147583007812,9.925926208496094,10.074073791503906,179550,8.169569969177246
1990-05-22,10.11111068725586,10.11111068725586,9.962963104248047,9.962963104248047,161325,8.079463005065918
1990-05-23,10.037036895751953,10.185185432434082,9.925926208496094,10.11111068725586,662850,8.199605941772461
1990-05-24,10.148147583007812,10.222222328186035,10,10.222222328186035,183263,8.289712905883789
1990-05-25,10.222222328186035,10.4074068069458,10,10.333333015441895,461700,8.379816055297852
1990-05-29,10.296296119689941,10.370369911193848,10.222222328186035,10.259259223937988,47925,8.319744110107422
1990-05-30,10.259259223937988,10.333333015441895,10.259259223937988,10.333333015441895,196763,8.379816055297852
1990-05-31,9.777777671813965,10.148147583007812,9.666666984558105,10.037036895751953,914288,8.139534950256348
1990-06-01,10.037036895751953,10.148147583007812,10.037036895751953,10.074073791503906,162000,8.169569969177246
1990-06-04,10.037036895751953,10.148147583007812,10.037036895751953,10.11111068725586,118800,8.199605941772461
1990-06-05,10.074073791503906,10.148147583007812,9.851852416992188,9.851852416992188,133313,7.989360332489014
1990-06-06,9.814814567565918,9.962963104248047,9.814814567565918,9.851852416992188,89775,7.989360332489014
1990-06-07,9.814814567565918,9.851852416992188,9.740740776062012,9.814814567565918,182925,7.959323406219482
1990-06-08,9.814814567565918,9.851852416992188,9.777777671813965,9.777777671813965,135675,7.929288864135742
1990-06-11,9.777777671813965,9.814814567565918,9.740740776062012,9.740740776062012,74588,7.899251937866211
1990-06-12,9.740740776062012,9.777777671813965,9.666666984558105,9.666666984558105,55688,7.839181900024414
1990-06-13,9.703703880310059,9.740740776062012,9.629630088806152,9.740740776062012,226125,7.899251937866211
1990-06-14,9.703703880310059,9.88888931274414,9.666666984558105,9.851852416992188,88088,7.989360332489014
1990-06-15,9.925926208496094,10,9.851852416992188,9.851852416992188,77625,7.989360332489014
1990-06-18,9.814814567565918,9.814814567565918,9.666666984558105,9.703703880310059,179213,7.8692169189453125
1990-06-19,9.666666984558105,9.703703880310059,9.629630088806152,9.703703880310059,220388,7.8692169189453125
1990-06-20,9.666666984558105,9.703703880310059,9.5925931930542,9.629630088806152,105975,7.809148788452148
1990-06-21,9.629630088806152,9.666666984558105,9.555556297302246,9.5925931930542,119475,7.779109954833984
1990-06-22,9.555556297302246,9.629630088806152,9.481480598449707,9.481480598449707,41513,7.689007759094238
1990-06-25,9.4074068069458,9.4074068069458,9.11111068725586,9.148147583007812,343913,7.418691158294678
1990-06-26,9.185185432434082,9.296296119689941,8.851852416992188,8.962963104248047,522450,7.268515110015869
1990-06-27,8.925926208496094,9,8.851852416992188,8.925926208496094,328725,7.238478660583496
1990-06-28,8.88888931274414,9.148147583007812,8.88888931274414,9.148147583007812,91800,7.418691158294678
1990-06-29,9.074073791503906,9.11111068725586,8.925926208496094,9.037036895751953,50625,7.328585147857666
1990-07-02,8.962963104248047,9.11111068725586,8.88888931274414,9.11111068725586,77625,7.388655662536621
1990-07-03,9.074073791503906,9.148147583007812,9.037036895751953,9.037036895751953,50625,7.328585147857666
1990-07-05,9.037036895751953,9.148147583007812,9.037036895751953,9.037036895751953,183600,7.328585147857666
1990-07-06,9.037036895751953,9.074073791503906,9,9.037036895751953,99225,7.328585147857666
1990-07-09,9,9.037036895751953,8.962963104248047,9,55013,7.298549175262451
1990-07-10,8.962963104248047,9.074073791503906,8.814814567565918,8.814814567565918,349650,7.148372173309326
1990-07-11,8.814814567565918,9.11111068725586,8.814814567565918,9.11111068725586,68513,7.388655662536621
1990-07-12,9.074073791503906,9.185185432434082,9.037036895751953,9.11111068725586,723938,7.388655662536621
1990-07-13,9.185185432434082,9.481480598449707,9.185185432434082,9.296296119689941,128250,7.538832187652588
1990-07-16,9.296296119689941,9.4074068069458,9.148147583007812,9.185185432434082,292613,7.44872522354126
1990-07-17,9.185185432434082,9.296296119689941,9.11111068725586,9.11111068725586,55350,7.388655662536621
1990-07-18,9.185185432434082,9.222222328186035,9.037036895751953,9.037036895751953,138713,7.328585147857666
1990-07-19,9.11111068725586,9.11111068725586,9,9,76613,7.298549175262451
1990-07-20,9.037036895751953,9.074073791503906,9,9,69863,7.298549175262451
1990-07-23,9.037036895751953,9.037036895751953,8.5925931930542,8.740740776062012,351000,7.088303565979004
1990-07-24,8.703703880310059,8.777777671813965,8.629630088806152,8.703703880310059,280125,7.058269023895264
1990-07-25,8.703703880310059,8.814814567565918,8.666666984558105,8.777777671813965,159300,7.118337631225586
1990-07-26,8.814814567565918,8.814814567565918,8.703703880310059,8.777777671813965,87750,7.118337631225586
1990-07-27,8.703703880310059,8.703703880310059,8.518519401550293,8.5925931930542,480263,6.96816349029541
1990-07-30,8.518519401550293,8.555556297302246,8.481480598449707,8.555556297302246,77963,6.938128471374512
1990-07-31,8.518519401550293,8.555556297302246,8.518519401550293,8.518519401550293,32063,6.908092021942139
1990-08-01,8.518519401550293,8.555556297302246,8.444443702697754,8.444443702697754,145463,6.848021984100342
1990-08-02,8.444443702697754,8.518519401550293,8.333333015441895,8.518519401550293,208575,6.908092021942139
1990-08-03,8.518519401550293,8.518519401550293,8.185185432434082,8.222222328186035,486000,6.667809009552002
1990-08-06,8,8.037036895751953,7.555555820465088,7.740740776062012,243338,6.277352809906006
1990-08-07,7.851851940155029,7.888888835906982,7.740740776062012,7.777778148651123,204188,6.307389259338379
1990-08-08,7.814815044403076,7.851851940155029,7.740740776062012,7.777778148651123,351338,6.307389259338379
1990-08-09,7.777778148651123,7.777778148651123,7.703703880310059,7.740740776062012,475875,6.277352809906006
1990-08-10,7.740740776062012,7.740740776062012,7.555555820465088,7.629630088806152,144113,6.187249183654785
1990-08-13,7.592593193054199,7.6666669845581055,7.555555820465088,7.555555820465088,121163,6.12717866897583
1990-08-14,7.481481075286865,7.555555820465088,7.481481075286865,7.555555820465088,71213,6.12717866897583
1990-08-15,7.481481075286865,7.481481075286865,7.259259223937988,7.444444179534912,376988,6.037071704864502
1990-08-16,7.444444179534912,7.444444179534912,7.074073791503906,7.148148059844971,352688,5.796791076660156
1990-08-17,7,7,6.703703880310059,6.814815044403076,432675,5.526474475860596
1990-08-20,6.888888835906982,7.074073791503906,6.888888835906982,7,107325,5.67664909362793
1990-08-21,7,7,6.740740776062012,6.851851940155029,284513,5.556510925292969
1990-08-22,6.851851940155029,6.962963104248047,6.814815044403076,6.851851940155029,196088,5.556510925292969
1990-08-23,6.777778148651123,6.888888835906982,6.703703880310059,6.814815044403076,173475,5.526474475860596
1990-08-24,6.888888835906982,6.962963104248047,6.814815044403076,6.814815044403076,250425,5.526474475860596
1990-08-27,6.740740776062012,7.222221851348877,6.740740776062012,7.222221851348877,162338,5.856861114501953
1990-08-28,7.222221851348877,7.370369911193848,7.222221851348877,7.296296119689941,202163,5.916930675506592
1990-08-29,7.259259223937988,7.481481075286865,7.259259223937988,7.481481075286865,153225,6.0671067237854
1990-08-30,7.481481075286865,7.518518924713135,7.370369911193848,7.370369911193848,104288,5.976999282836914
1990-08-31,7.3333330154418945,7.518518924713135,7.3333330154418945,7.518518924713135,82350,6.097140789031982
1990-09-04,7.444444179534912,7.444444179534912,7.185184955596924,7.222221851348877,140738,5.856861114501953
1990-09-05,7.222221851348877,7.259259223937988,7.111111164093018,7.111111164093018,54675,5.766756057739258
1990-09-06,7.111111164093018,7.111111164093018,7,7,92475,5.67664909362793
1990-09-07,6.962963104248047,7,6.851851940155029,7,309150,5.67664909362793
1990-09-10,6.962963104248047,7.259259223937988,6.962963104248047,7.222221851348877,71213,5.856861114501953
1990-09-11,7.148148059844971,7.185184955596924,7.111111164093018,7.148148059844971,32063,5.796791076660156
1990-09-12,7.185184955596924,7.370369911193848,7.185184955596924,7.296296119689941,70875,5.916930675506592
1990-09-13,7.370369911193848,7.370369911193848,7.222221851348877,7.259259223937988,78638,5.886898040771484
1990-09-14,7.185184955596924,7.185184955596924,6.925926208496094,7.185184955596924,162675,5.8268256187438965
1990-09-17,7.111111164093018,7.185184955596924,7.111111164093018,7.148148059844971,41850,5.796791076660156
1990-09-18,7.111111164093018,7.185184955596924,7.074073791503906,7.185184955596924,92138,5.8268256187438965
1990-09-19,7.222221851348877,7.296296119689941,7.148148059844971,7.296296119689941,251775,5.916930675506592
1990-09-20,7.3333330154418945,7.370369911193848,7.222221851348877,7.3333330154418945,73575,5.94696569442749
1990-09-21,7.370369911193848,7.370369911193848,7.222221851348877,7.259259223937988,57713,5.886898040771484
1990-09-24,7.259259223937988,7.259259223937988,7.111111164093018,7.185184955596924,54675,5.8268256187438965
1990-09-25,7.111111164093018,7.185184955596924,7.111111164093018,7.148148059844971,96525,5.796791076660156
1990-09-26,7.185184955596924,7.185184955596924,7.111111164093018,7.111111164093018,139050,5.766756057739258
1990-09-27,7.111111164093018,7.111111164093018,6.777778148651123,6.888888835906982,410400,5.586544513702393
1990-09-28,6.814815044403076,6.814815044403076,6.740740776062012,6.814815044403076,1572075,5.526474475860596
1990-10-01,6.777778148651123,6.814815044403076,6.703703880310059,6.814815044403076,214988,5.526474475860596
1990-10-02,6.851851940155029,6.888888835906982,6.777778148651123,6.851851940155029,353363,5.556510925292969
1990-10-03,6.814815044403076,6.888888835906982,6.740740776062012,6.740740776062012,62775,5.466401100158691
1990-10-04,6.592593193054199,6.777778148651123,6.518518924713135,6.740740776062012,246713,5.466401100158691
1990-10-05,6.629630088806152,6.740740776062012,6.555555820465088,6.740740776062012,82688,5.466401100158691
1990-10-08,6.814815044403076,6.851851940155029,6.740740776062012,6.777778148651123,27675,5.4964399337768555
1990-10-09,6.703703880310059,6.740740776062012,6.592593193054199,6.6666669845581055,52650,5.406333923339844
1990-10-10,6.703703880310059,6.740740776062012,6.629630088806152,6.6666669845581055,27000,5.406333923339844
1990-10-11,6.592593193054199,6.629630088806152,6.481481075286865,6.481481075286865,187313,5.256158351898193
1990-10-12,6.518518924713135,6.518518924713135,6.444444179534912,6.481481075286865,54338,5.256158351898193
1990-10-15,6.555555820465088,6.703703880310059,6.481481075286865,6.6666669845581055,105975,5.406333923339844
1990-10-16,6.740740776062012,6.740740776062012,6.518518924713135,6.555555820465088,57375,5.316227912902832
1990-10-17,6.555555820465088,6.592593193054199,6.444444179534912,6.518518924713135,52988,5.286192417144775
1990-10-18,6.592593193054199,6.814815044403076,6.592593193054199,6.814815044403076,132975,5.526474475860596
1990-10-19,6.740740776062012,6.888888835906982,6.740740776062012,6.851851940155029,62775,5.556510925292969
1990-10-22,6.814815044403076,7.111111164093018,6.814815044403076,7.111111164093018,138713,5.766756057739258
1990-10-23,7.111111164093018,7.111111164093018,7,7,85725,5.67664909362793
1990-10-24,7,7.037036895751953,6.925926208496094,7.037036895751953,49275,5.7066850662231445
1990-10-25,7.074073791503906,7.148148059844971,7,7.037036895751953,67163,5.7066850662231445
1990-10-26,6.925926208496094,6.962963104248047,6.888888835906982,6.888888835906982,43200,5.586544513702393
1990-10-29,6.888888835906982,7,6.888888835906982,6.888888835906982,39150,5.586544513702393
1990-10-30,6.925926208496094,6.962963104248047,6.888888835906982,6.962963104248047,13838,5.6466145515441895
1990-10-31,6.888888835906982,6.888888835906982,6.814815044403076,6.851851940155029,77963,5.556510925292969
1990-11-01,6.814815044403076,6.814815044403076,6.629630088806152,6.703703880310059,107325,5.436367511749268
1990-11-02,6.703703880310059,6.814815044403076,6.6666669845581055,6.777778148651123,57713,5.4964399337768555
1990-11-05,6.777778148651123,6.925926208496094,6.777778148651123,6.888888835906982,57038,5.586544513702393
1990-11-06,6.925926208496094,7.111111164093018,6.814815044403076,7.111111164093018,92138,5.766756057739258
1990-11-07,7.111111164093018,7.518518924713135,7.037036895751953,7.370369911193848,420188,5.976999282836914
1990-11-08,7.444444179534912,7.740740776062012,7.444444179534912,7.518518924713135,268650,6.097140789031982
1990-11-09,7.481481075286865,7.555555820465088,7.444444179534912,7.481481075286865,207225,6.0671067237854
1990-11-12,7.444444179534912,7.629630088806152,7.444444179534912,7.592593193054199,210600,6.157214164733887
1990-11-13,7.629630088806152,7.888888835906982,7.555555820465088,7.851851940155029,242325,6.367457866668701
1990-11-14,7.851851940155029,7.962963104248047,7.814815044403076,7.925926208496094,405338,6.4275288581848145
1990-11-15,7.851851940155029,8.333333015441895,7.851851940155029,8.148147583007812,282150,6.607738971710205
1990-11-16,8.148147583007812,8.185185432434082,8.074073791503906,8.148147583007812,221063,6.607738971710205
1990-11-19,8.185185432434082,8.296296119689941,8.148147583007812,8.222222328186035,61425,6.667809009552002
1990-11-20,8.222222328186035,8.370369911193848,8.222222328186035,8.296296119689941,129600,6.727880954742432
1990-11-21,8.222222328186035,8.370369911193848,8.11111068725586,8.370369911193848,535613,6.78795051574707
1990-11-23,8.333333015441895,8.370369911193848,8.259259223937988,8.259259223937988,128588,6.697846412658691
1990-11-26,8.185185432434082,8.185185432434082,8.148147583007812,8.148147583007812,102938,6.607738971710205
1990-11-27,8.11111068725586,8.444443702697754,8.11111068725586,8.444443702697754,306450,6.848021984100342
1990-11-28,8.370369911193848,8.518519401550293,8.296296119689941,8.4074068069458,89100,6.817986011505127
1990-11-29,8.333333015441895,8.518519401550293,8.333333015441895,8.518519401550293,213300,6.908092021942139
1990-11-30,8.518519401550293,8.777777671813965,8.444443702697754,8.703703880310059,101250,7.058269023895264
1990-12-03,8.666666984558105,8.740740776062012,8.555556297302246,8.555556297302246,41513,6.938128471374512
1990-12-04,8.481480598449707,8.5925931930542,8.4074068069458,8.518519401550293,78975,6.908092021942139
1990-12-05,8.444443702697754,8.666666984558105,8.4074068069458,8.629630088806152,88425,6.998197555541992
1990-12-06,8.5925931930542,8.740740776062012,8.5925931930542,8.703703880310059,171450,7.058269023895264
1990-12-07,8.5925931930542,8.703703880310059,8.555556297302246,8.666666984558105,153563,7.02823543548584
1990-12-10,8.666666984558105,8.703703880310059,8.555556297302246,8.629630088806152,77963,6.998197555541992
1990-12-11,8.481480598449707,8.666666984558105,8.481480598449707,8.5925931930542,248400,6.96816349029541
1990-12-12,8.555556297302246,8.629630088806152,8.518519401550293,8.629630088806152,147825,6.998197555541992
1990-12-13,8.629630088806152,8.777777671813965,8.629630088806152,8.777777671813965,146813,7.118337631225586
1990-12-14,8.666666984558105,8.666666984558105,8.518519401550293,8.555556297302246,73575,6.938128471374512
1990-12-17,8.518519401550293,8.5925931930542,8.4074068069458,8.5925931930542,69525,6.96816349029541
1990-12-18,8.518519401550293,8.740740776062012,8.481480598449707,8.518519401550293,73238,6.908092021942139
1990-12-19,8.518519401550293,8.5925931930542,8.444443702697754,8.518519401550293,190688,6.908092021942139
1990-12-20,8.518519401550293,8.555556297302246,8.444443702697754,8.481480598449707,56363,6.87805700302124
1990-12-21,8.444443702697754,8.555556297302246,8.444443702697754,8.481480598449707,89438,6.87805700302124
1990-12-24,8.481480598449707,8.481480598449707,8.444443702697754,8.444443702697754,51975,6.848021984100342
1990-12-26,8.444443702697754,8.518519401550293,8.444443702697754,8.518519401550293,45225,6.908092021942139
1990-12-27,8.518519401550293,8.555556297302246,8.481480598449707,8.555556297302246,111375,6.938128471374512
1990-12-28,8.481480598449707,8.555556297302246,8.481480598449707,8.518519401550293,117113,6.908092021942139
1990-12-31,8.518519401550293,8.555556297302246,8.481480598449707,8.555556297302246,250425,6.938128471374512
1991-01-02,8.481480598449707,8.481480598449707,8.333333015441895,8.370369911193848,147488,6.78795051574707
1991-01-03,8.370369911193848,8.481480598449707,8.333333015441895,8.333333015441895,65138,6.757915019989014
1991-01-04,8.333333015441895,8.444443702697754,8.259259223937988,8.370369911193848,72225,6.78795051574707
1991-01-07,8.370369911193848,8.370369911193848,7.851851940155029,7.851851940155029,155925,6.367457866668701
1991-01-08,7.851851940155029,7.925926208496094,7.6666669845581055,7.777778148651123,74250,6.307389259338379
1991-01-09,7.777778148651123,8.074073791503906,7.777778148651123,8,211950,6.487599849700928
1991-01-10,8.074073791503906,8.296296119689941,8.074073791503906,8.148147583007812,129263,6.607738971710205
1991-01-11,8.11111068725586,8.296296119689941,8.11111068725586,8.222222328186035,117450,6.667809009552002
1991-01-14,8.148147583007812,8.148147583007812,8.074073791503906,8.148147583007812,39150,6.607738971710205
1991-01-15,8.11111068725586,8.222222328186035,8.11111068725586,8.148147583007812,30038,6.607738971710205
1991-01-16,8.148147583007812,8.4074068069458,8.11111068725586,8.4074068069458,284175,6.817986011505127
1991-01-17,8.740740776062012,8.777777671813965,8.518519401550293,8.518519401550293,384413,6.908092021942139
1991-01-18,8.444443702697754,8.444443702697754,8.333333015441895,8.4074068069458,80663,6.817986011505127
1991-01-21,8.333333015441895,8.4074068069458,8.259259223937988,8.4074068069458,35100,6.817986011505127
1991-01-22,8.4074068069458,8.666666984558105,8.4074068069458,8.5925931930542,119138,6.96816349029541
1991-01-23,8.518519401550293,8.5925931930542,8.518519401550293,8.555556297302246,85725,6.938128471374512
1991-01-24,8.5925931930542,8.88888931274414,8.555556297302246,8.88888931274414,256163,7.208444595336914
1991-01-25,8.851852416992188,9.11111068725586,8.851852416992188,9,366188,7.298549175262451
1991-01-28,8.962963104248047,9.037036895751953,8.851852416992188,9.037036895751953,125888,7.328585147857666
1991-01-29,9,9.629630088806152,9,9.629630088806152,208238,7.809148788452148
1991-01-30,9.629630088806152,9.629630088806152,9.185185432434082,9.296296119689941,270338,7.538832187652588
1991-01-31,9.333333015441895,9.4074068069458,9.259259223937988,9.4074068069458,318938,7.628935813903809
1991-02-01,9.4074068069458,9.481480598449707,9.222222328186035,9.296296119689941,149850,7.538832187652588
1991-02-04,9.222222328186035,9.222222328186035,9.148147583007812,9.222222328186035,136013,7.478759288787842
1991-02-05,9.296296119689941,9.296296119689941,9.037036895751953,9.074073791503906,770850,7.35861873626709
1991-02-06,9,9.148147583007812,8.925926208496094,9.074073791503906,702000,7.35861873626709
1991-02-07,9.11111068725586,9.259259223937988,9.074073791503906,9.222222328186035,873450,7.478759288787842
1991-02-08,9.259259223937988,9.370369911193848,9.148147583007812,9.222222328186035,540000,7.478759288787842
1991-02-11,9.222222328186035,9.481480598449707,9.222222328186035,9.481480598449707,445500,7.689007759094238
1991-02-12,9.481480598449707,9.481480598449707,9.4074068069458,9.4074068069458,118800,7.628935813903809
1991-02-13,9.370369911193848,9.4074068069458,9.296296119689941,9.370369911193848,225113,7.598901271820068
1991-02-14,9.333333015441895,9.4074068069458,9.296296119689941,9.296296119689941,316575,7.538832187652588
1991-02-15,9.222222328186035,9.259259223937988,9.037036895751953,9.074073791503906,195075,7.35861873626709
1991-02-19,9.074073791503906,9.074073791503906,8.925926208496094,8.962963104248047,448538,7.268515110015869
1991-02-20,9,9.148147583007812,9,9.037036895751953,155250,7.328585147857666
1991-02-21,9.11111068725586,9.370369911193848,9.11111068725586,9.370369911193848,286200,7.598901271820068
1991-02-22,9.4074068069458,9.555556297302246,9.4074068069458,9.481480598449707,740813,7.689007759094238
1991-02-25,9.629630088806152,9.666666984558105,9.296296119689941,9.4074068069458,379688,7.628935813903809
1991-02-26,9.481480598449707,9.5925931930542,9.444443702697754,9.5925931930542,175163,7.779109954833984
1991-02-27,9.666666984558105,9.703703880310059,9.5925931930542,9.666666984558105,268988,7.839181900024414
1991-02-28,9.666666984558105,9.703703880310059,9.5925931930542,9.629630088806152,283500,7.809148788452148
1991-03-01,9.666666984558105,9.777777671813965,9.5925931930542,9.666666984558105,312863,7.839181900024414
1991-03-04,9.5925931930542,9.814814567565918,9.5925931930542,9.777777671813965,356400,7.929288864135742
1991-03-05,9.777777671813965,10.222222328186035,9.777777671813965,10.222222328186035,305100,8.289712905883789
1991-03-06,10.222222328186035,10.333333015441895,10.148147583007812,10.222222328186035,391163,8.289712905883789
1991-03-07,10.296296119689941,10.296296119689941,10.148147583007812,10.222222328186035,214313,8.289712905883789
1991-03-08,10.259259223937988,10.296296119689941,10.185185432434082,10.222222328186035,147488,8.289712905883789
1991-03-11,10.148147583007812,10.222222328186035,10.037036895751953,10.074073791503906,245700,8.169569969177246
1991-03-12,10.037036895751953,10.148147583007812,10.037036895751953,10.074073791503906,257850,8.169569969177246
1991-03-13,10.074073791503906,10.074073791503906,9.962963104248047,10,109013,8.109495162963867
1991-03-14,10.037036895751953,10.074073791503906,9.88888931274414,10,459675,8.109495162963867
1991-03-15,9.88888931274414,9.88888931274414,9.703703880310059,9.740740776062012,222413,7.899251937866211
1991-03-18,9.814814567565918,9.814814567565918,9.703703880310059,9.703703880310059,146813,7.8692169189453125
1991-03-19,9.629630088806152,9.666666984558105,9.5925931930542,9.5925931930542,69863,7.779109954833984
1991-03-20,9.555556297302246,9.555556297302246,9.481480598449707,9.518519401550293,394200,7.71904182434082
1991-03-21,9.5925931930542,9.777777671813965,9.555556297302246,9.666666984558105,78638,7.839181900024414
1991-03-22,9.629630088806152,9.703703880310059,9.518519401550293,9.703703880310059,234225,7.8692169189453125
1991-03-25,9.703703880310059,9.88888931274414,9.629630088806152,9.88888931274414,222750,8.019392967224121
1991-03-26,9.925926208496094,10.074073791503906,9.851852416992188,10,421200,8.109495162963867
1991-03-27,10.037036895751953,10.11111068725586,10.037036895751953,10.11111068725586,461025,8.199605941772461
1991-03-28,10.11111068725586,10.185185432434082,10.074073791503906,10.148147583007812,298013,8.22964096069336
1991-04-01,10.074073791503906,10.11111068725586,10.037036895751953,10.074073791503906,490725,8.169569969177246
1991-04-02,10.074073791503906,10.222222328186035,10.037036895751953,10.222222328186035,579825,8.289712905883789
1991-04-03,10.222222328186035,10.333333015441895,10.222222328186035,10.296296119689941,579825,8.349781036376953
1991-04-04,10.333333015441895,10.518519401550293,10.259259223937988,10.370369911193848,401625,8.409849166870117
1991-04-05,10.4074068069458,10.703703880310059,10.333333015441895,10.666666984558105,305100,8.650131225585938
1991-04-08,10.5925931930542,10.703703880310059,10.481480598449707,10.5925931930542,211613,8.59006118774414
1991-04-09,10.518519401550293,10.629630088806152,10.370369911193848,10.370369911193848,187650,8.409849166870117
1991-04-10,10.444443702697754,10.5925931930542,10.370369911193848,10.518519401550293,100913,8.529995918273926
1991-04-11,10.518519401550293,10.5925931930542,10.333333015441895,10.4074068069458,308813,8.439887046813965
1991-04-12,10.444443702697754,10.518519401550293,10.333333015441895,10.518519401550293,243000,8.529995918273926
1991-04-15,10.370369911193848,10.666666984558105,10.370369911193848,10.666666984558105,367538,8.650131225585938
1991-04-16,10.666666984558105,10.88888931274414,10.5925931930542,10.88888931274414,323663,8.830342292785645
1991-04-17,10.814814567565918,10.88888931274414,10.777777671813965,10.777777671813965,469125,8.74023723602295
1991-04-18,10.666666984558105,10.814814567565918,10.666666984558105,10.740740776062012,273375,8.710201263427734
1991-04-19,10.703703880310059,10.814814567565918,10.5925931930542,10.666666984558105,197438,8.650131225585938
1991-04-22,10.629630088806152,10.740740776062012,10.555556297302246,10.666666984558105,283163,8.650131225585938
1991-04-23,10.666666984558105,10.740740776062012,10.444443702697754,10.444443702697754,217350,8.46992301940918
1991-04-24,10.518519401550293,10.555556297302246,10.444443702697754,10.518519401550293,258188,8.529995918273926
1991-04-25,10.444443702697754,10.555556297302246,10.370369911193848,10.518519401550293,650025,8.529995918273926
1991-04-26,10.4074068069458,10.481480598449707,10.370369911193848,10.444443702697754,379688,8.46992301940918
1991-04-29,10.370369911193848,10.370369911193848,10.259259223937988,10.333333015441895,77963,8.379816055297852
1991-04-30,10.259259223937988,10.370369911193848,10.185185432434082,10.259259223937988,702675,8.319744110107422
1991-05-01,10.259259223937988,10.481480598449707,10.185185432434082,10.4074068069458,140063,8.439887046813965
1991-05-02,10.481480598449707,10.740740776062012,10.481480598449707,10.666666984558105,214988,8.650131225585938
1991-05-03,10.814814567565918,10.814814567565918,10.703703880310059,10.814814567565918,195750,8.77027416229248
1991-05-06,10.740740776062012,10.925926208496094,10.740740776062012,10.925926208496094,201825,8.860382080078125
1991-05-07,10.962963104248047,11.11111068725586,10.88888931274414,11.11111068725586,359775,9.010555267333984
1991-05-08,11.037036895751953,11.666666984558105,10.814814567565918,11.5925931930542,1932863,9.401012420654297
1991-05-09,11.5925931930542,11.851852416992188,11.5925931930542,11.703703880310059,1442138,9.491118431091309
1991-05-10,11.629630088806152,11.629630088806152,11.444443702697754,11.481480598449707,309150,9.310907363891602
1991-05-13,11.481480598449707,11.481480598449707,11.370369911193848,11.370369911193848,504225,9.220800399780273
1991-05-14,11.296296119689941,11.4074068069458,11.185185432434082,11.296296119689941,183600,9.16073226928711
1991-05-15,11.185185432434082,11.222222328186035,11.074073791503906,11.148147583007812,288563,9.0405912399292
1991-05-16,11.11111068725586,11.148147583007812,11,11.074073791503906,196088,8.98051929473877
1991-05-17,11.074073791503906,11.11111068725586,11,11.037036895751953,229500,8.950484275817871
1991-05-20,10.962963104248047,11.074073791503906,10.925926208496094,10.925926208496094,176175,8.860382080078125
1991-05-21,10.88888931274414,11.259259223937988,10.88888931274414,11.185185432434082,335813,9.070626258850098
1991-05-22,11.074073791503906,11.185185432434082,11,11.185185432434082,88763,9.070626258850098
1991-05-23,11.259259223937988,11.370369911193848,11.148147583007812,11.370369911193848,302738,9.220800399780273
1991-05-24,11.333333015441895,11.481480598449707,11.333333015441895,11.444443702697754,125888,9.280872344970703
1991-05-28,11.4074068069458,11.851852416992188,11.4074068069458,11.851852416992188,547763,9.611257553100586
1991-05-29,11.851852416992188,11.851852416992188,11.740740776062012,11.777777671813965,160313,9.551191329956055
1991-05-30,11.777777671813965,11.814814567565918,11.666666984558105,11.740740776062012,153563,9.521150588989258
1991-05-31,11.629630088806152,11.777777671813965,11.629630088806152,11.777777671813965,65475,9.551191329956055
1991-06-03,11.777777671813965,11.814814567565918,11.703703880310059,11.777777671813965,106650,9.551191329956055
1991-06-04,11.703703880310059,11.777777671813965,11.666666984558105,11.740740776062012,366863,9.521150588989258
1991-06-05,11.703703880310059,11.777777671813965,11.5925931930542,11.629630088806152,376650,9.431049346923828
1991-06-06,11.666666984558105,11.666666984558105,11.518519401550293,11.555556297302246,170438,9.370976448059082
1991-06-07,11.481480598449707,11.555556297302246,11.481480598449707,11.555556297302246,70538,9.370976448059082
1991-06-10,11.555556297302246,11.555556297302246,11.4074068069458,11.4074068069458,90788,9.250839233398438
1991-06-11,11.481480598449707,11.5925931930542,11.444443702697754,11.481480598449707,109013,9.310907363891602
1991-06-12,11.4074068069458,11.518519401550293,11.370369911193848,11.444443702697754,59738,9.280872344970703
1991-06-13,11.444443702697754,11.555556297302246,11.444443702697754,11.555556297302246,351338,9.370976448059082
1991-06-14,11.555556297302246,11.555556297302246,11.4074068069458,11.444443702697754,151200,9.280872344970703
1991-06-17,11.444443702697754,11.629630088806152,11.4074068069458,11.5925931930542,251438,9.401012420654297
1991-06-18,11.555556297302246,11.666666984558105,11.518519401550293,11.629630088806152,94838,9.431049346923828
1991-06-19,11.555556297302246,11.629630088806152,11.555556297302246,11.555556297302246,174488,9.370976448059082
1991-06-20,11.555556297302246,11.629630088806152,11.518519401550293,11.5925931930542,210938,9.401012420654297
1991-06-21,11.555556297302246,11.629630088806152,11.481480598449707,11.555556297302246,91463,9.370976448059082
1991-06-24,11.555556297302246,11.555556297302246,11.333333015441895,11.444443702697754,180563,9.280872344970703
1991-06-25,11.444443702697754,11.555556297302246,11.4074068069458,11.444443702697754,247725,9.280872344970703
1991-06-26,11.518519401550293,11.518519401550293,11.259259223937988,11.259259223937988,581513,9.130693435668945
1991-06-27,11.333333015441895,11.333333015441895,11.037036895751953,11.074073791503906,311850,8.98051929473877
1991-06-28,10.814814567565918,10.851852416992188,10.5925931930542,10.740740776062012,313875,8.710201263427734
1991-07-01,10.777777671813965,10.962963104248047,10.666666984558105,10.925926208496094,173813,8.860382080078125
1991-07-02,11,11,10.666666984558105,10.666666984558105,187988,8.650131225585938
1991-07-03,10.666666984558105,10.703703880310059,10.5925931930542,10.5925931930542,91125,8.59006118774414
1991-07-05,10.666666984558105,10.666666984558105,10.629630088806152,10.629630088806152,90788,8.620097160339355
1991-07-08,10.5925931930542,10.666666984558105,10.518519401550293,10.5925931930542,155925,8.59006118774414
1991-07-09,10.629630088806152,10.851852416992188,10.629630088806152,10.851852416992188,163013,8.800309181213379
1991-07-10,10.925926208496094,10.962963104248047,10.777777671813965,10.962963104248047,221063,8.890412330627441
1991-07-11,10.925926208496094,11.148147583007812,10.88888931274414,10.88888931274414,183938,8.830342292785645
1991-07-12,10.88888931274414,11.11111068725586,10.88888931274414,11.037036895751953,276750,8.950484275817871
1991-07-15,11.074073791503906,11.333333015441895,11.074073791503906,11.259259223937988,171113,9.130693435668945
1991-07-16,11.296296119689941,11.333333015441895,11.259259223937988,11.259259223937988,337838,9.130693435668945
1991-07-17,11.185185432434082,11.259259223937988,11.11111068725586,11.148147583007812,99563,9.0405912399292
1991-07-18,11.222222328186035,11.259259223937988,11.11111068725586,11.11111068725586,93825,9.010555267333984
1991-07-19,11.074073791503906,11.259259223937988,11.074073791503906,11.148147583007812,111375,9.0405912399292
1991-07-22,11.074073791503906,11.11111068725586,10.88888931274414,10.962963104248047,83025,8.890412330627441
1991-07-23,10.925926208496094,11,10.814814567565918,10.814814567565918,88088,8.77027416229248
1991-07-24,10.740740776062012,10.740740776062012,10.444443702697754,10.555556297302246,118463,8.560028076171875
1991-07-25,10.629630088806152,10.851852416992188,10.629630088806152,10.814814567565918,69863,8.77027416229248
1991-07-26,10.814814567565918,10.925926208496094,10.629630088806152,10.925926208496094,61425,8.860382080078125
1991-07-29,10.88888931274414,10.962963104248047,10.703703880310059,10.814814567565918,140738,8.77027416229248
1991-07-30,10.814814567565918,10.851852416992188,10.740740776062012,10.740740776062012,151538,8.710201263427734
1991-07-31,10.703703880310059,10.88888931274414,10.703703880310059,10.88888931274414,258525,8.830342292785645
1991-08-01,10.814814567565918,10.851852416992188,10.740740776062012,10.814814567565918,388125,8.77027416229248
1991-08-02,10.814814567565918,10.851852416992188,10.666666984558105,10.740740776062012,406688,8.710201263427734
1991-08-05,10.814814567565918,10.851852416992188,10.518519401550293,10.5925931930542,235913,8.59006118774414
1991-08-06,10.5925931930542,10.5925931930542,10.259259223937988,10.4074068069458,1074600,8.439887046813965
1991-08-07,10.444443702697754,10.481480598449707,10.296296119689941,10.481480598449707,488025,8.499957084655762
1991-08-08,10.518519401550293,10.703703880310059,10.518519401550293,10.666666984558105,312863,8.650131225585938
1991-08-09,10.666666984558105,10.666666984558105,10.481480598449707,10.5925931930542,162338,8.59006118774414
1991-08-12,10.518519401550293,10.703703880310059,10.481480598449707,10.703703880310059,112388,8.680166244506836
1991-08-13,10.666666984558105,10.88888931274414,10.666666984558105,10.777777671813965,485663,8.74023723602295
1991-08-14,10.88888931274414,10.925926208496094,10.814814567565918,10.851852416992188,360788,8.800309181213379
1991-08-15,10.814814567565918,11.037036895751953,10.777777671813965,11,570038,8.920443534851074
1991-08-16,10.962963104248047,11.074073791503906,10.925926208496094,10.962963104248047,74588,8.890412330627441
1991-08-19,10.666666984558105,10.777777671813965,10.4074068069458,10.740740776062012,379013,8.710201263427734
1991-08-20,10.814814567565918,10.925926208496094,10.814814567565918,10.851852416992188,127913,8.800309181213379
1991-08-21,11.037036895751953,11.11111068725586,10.962963104248047,10.962963104248047,692550,8.890412330627441
1991-08-22,10.962963104248047,10.962963104248047,10.925926208496094,10.962963104248047,170100,8.890412330627441
1991-08-23,10.925926208496094,11.074073791503906,10.925926208496094,10.962963104248047,85050,8.890412330627441
1991-08-26,11,11.148147583007812,11,11.148147583007812,68175,9.0405912399292
1991-08-27,11.222222328186035,11.296296119689941,11.222222328186035,11.259259223937988,199125,9.130693435668945
1991-08-28,11.259259223937988,11.629630088806152,11.259259223937988,11.629630088806152,328050,9.431049346923828
1991-08-29,11.703703880310059,11.703703880310059,11.481480598449707,11.555556297302246,162675,9.370976448059082
1991-08-30,11.518519401550293,11.555556297302246,11.4074068069458,11.444443702697754,57375,9.280872344970703
1991-09-03,11.481480598449707,11.481480598449707,11.4074068069458,11.444443702697754,107663,9.280872344970703
1991-09-04,11.481480598449707,11.481480598449707,11.444443702697754,11.481480598449707,99225,9.310907363891602
1991-09-05,11.481480598449707,11.703703880310059,11.481480598449707,11.703703880310059,411075,9.491118431091309
1991-09-06,11.703703880310059,12.074073791503906,11.703703880310059,11.88888931274414,630113,9.6412935256958
1991-09-09,11.925926208496094,12.037036895751953,11.925926208496094,12.037036895751953,245700,9.761435508728027
1991-09-10,12,12.074073791503906,11.703703880310059,11.740740776062012,424913,9.521150588989258
1991-09-11,11.703703880310059,11.777777671813965,11.703703880310059,11.777777671813965,71213,9.551191329956055
1991-09-12,11.814814567565918,11.814814567565918,11.703703880310059,11.703703880310059,400950,9.491118431091309
1991-09-13,11.777777671813965,11.851852416992188,11.777777671813965,11.777777671813965,186300,9.551191329956055
1991-09-16,11.851852416992188,11.962963104248047,11.740740776062012,11.814814567565918,290250,9.581223487854004
1991-09-17,11.740740776062012,11.777777671813965,11.555556297302246,11.703703880310059,279113,9.491118431091309
1991-09-18,11.666666984558105,11.962963104248047,11.5925931930542,11.962963104248047,172125,9.701367378234863
1991-09-19,11.962963104248047,12.037036895751953,11.814814567565918,11.814814567565918,139725,9.581223487854004
1991-09-20,11.814814567565918,11.814814567565918,11.703703880310059,11.777777671813965,294975,9.551191329956055
1991-09-23,11.703703880310059,11.851852416992188,11.703703880310059,11.777777671813965,302400,9.551191329956055
1991-09-24,11.703703880310059,11.851852416992188,11.629630088806152,11.666666984558105,133313,9.461079597473145
1991-09-25,11.666666984558105,11.666666984558105,11.555556297302246,11.5925931930542,180900,9.401012420654297
1991-09-26,11.629630088806152,12,11.5925931930542,11.962963104248047,384750,9.701367378234863
1991-09-27,12,12.074073791503906,11.851852416992188,11.88888931274414,152213,9.6412935256958
1991-09-30,11.925926208496094,11.962963104248047,11.814814567565918,11.925926208496094,147825,9.671326637268066
1991-10-01,11.962963104248047,12.037036895751953,11.88888931274414,12.037036895751953,105638,9.761435508728027
1991-10-02,12.037036895751953,12.222222328186035,12,12.037036895751953,241650,9.761435508728027
1991-10-03,12,12,11.777777671813965,11.88888931274414,115763,9.6412935256958
1991-10-04,11.814814567565918,12,11.814814567565918,11.925926208496094,116775,9.671326637268066
1991-10-07,11.851852416992188,11.851852416992188,11.777777671813965,11.814814567565918,284175,9.581223487854004
1991-10-08,11.851852416992188,11.851852416992188,11.703703880310059,11.740740776062012,140738,9.521150588989258
1991-10-09,11.666666984558105,11.814814567565918,11.666666984558105,11.740740776062012,73575,9.521150588989258
1991-10-10,11.703703880310059,11.851852416992188,11.703703880310059,11.851852416992188,129938,9.611257553100586
1991-10-11,11.814814567565918,12,11.814814567565918,12,104288,9.731400489807129
1991-10-14,12.11111068725586,12.370369911193848,12.074073791503906,12.370369911193848,165038,10.031750679016113
1991-10-15,12.370369911193848,12.444443702697754,12.333333015441895,12.4074068069458,259200,10.061788558959961
1991-10-16,12.4074068069458,12.444443702697754,12.370369911193848,12.444443702697754,243000,10.091819763183594
1991-10-17,12.444443702697754,12.518519401550293,12.370369911193848,12.370369911193848,121163,10.031750679016113
1991-10-18,12.4074068069458,12.555556297302246,12.4074068069458,12.518519401550293,172800,10.151891708374023
1991-10-21,12.4074068069458,12.518519401550293,12.333333015441895,12.370369911193848,80663,10.031750679016113
1991-10-22,12.4074068069458,12.481480598449707,12.370369911193848,12.444443702697754,172125,10.091819763183594
1991-10-23,12.518519401550293,12.518519401550293,12.370369911193848,12.518519401550293,66488,10.151891708374023
1991-10-24,12.555556297302246,12.555556297302246,12.185185432434082,12.259259223937988,303075,9.941644668579102
1991-10-25,12.296296119689941,12.296296119689941,12.148147583007812,12.259259223937988,108338,9.941644668579102
1991-10-28,12.296296119689941,12.333333015441895,12.148147583007812,12.185185432434082,86400,9.881572723388672
1991-10-29,12.222222328186035,12.296296119689941,12.148147583007812,12.259259223937988,93150,9.941644668579102
1991-10-30,12.333333015441895,12.333333015441895,12.222222328186035,12.222222328186035,179213,9.91160774230957
1991-10-31,12.296296119689941,12.296296119689941,12.222222328186035,12.259259223937988,351338,9.941644668579102
1991-11-01,12.333333015441895,12.518519401550293,12.296296119689941,12.370369911193848,335138,10.031750679016113
1991-11-04,12.4074068069458,12.4074068069458,12.222222328186035,12.370369911193848,189675,10.031750679016113
1991-11-05,12.555556297302246,13.148147583007812,12.555556297302246,12.814814567565918,689513,10.392171859741211
1991-11-06,12.925926208496094,13,12.851852416992188,12.88888931274414,362138,10.452241897583008
1991-11-07,12.962963104248047,13,12.814814567565918,12.814814567565918,185963,10.392171859741211
1991-11-08,12.88888931274414,12.962963104248047,12.777777671813965,12.777777671813965,109013,10.362138748168945
1991-11-11,12.851852416992188,12.88888931274414,12.740740776062012,12.814814567565918,104963,10.392171859741211
1991-11-12,12.88888931274414,12.88888931274414,12.777777671813965,12.851852416992188,81000,10.422210693359375
1991-11-13,12.777777671813965,12.851852416992188,12.703703880310059,12.814814567565918,40838,10.392171859741211
1991-11-14,12.88888931274414,12.88888931274414,12.740740776062012,12.740740776062012,162338,10.332104682922363
1991-11-15,12.666666984558105,12.962963104248047,12.222222328186035,12.444443702697754,424913,10.091819763183594
1991-11-18,11.851852416992188,12.074073791503906,11.851852416992188,12.074073791503906,520425,9.791472434997559
1991-11-19,12.074073791503906,12.074073791503906,11.777777671813965,11.777777671813965,332100,9.551191329956055
1991-11-20,11.851852416992188,12.037036895751953,11.777777671813965,12.037036895751953,82013,9.761435508728027
1991-11-21,12.037036895751953,12.259259223937988,12,12.074073791503906,86400,9.791472434997559
1991-11-22,12.074073791503906,12.259259223937988,12.074073791503906,12.074073791503906,67500,9.791472434997559
1991-11-25,11.925926208496094,12.037036895751953,11.88888931274414,12.037036895751953,119813,9.761435508728027
1991-11-26,12.11111068725586,12.11111068725586,11.962963104248047,12.037036895751953,84713,9.761435508728027
1991-11-27,12.037036895751953,12.037036895751953,11.925926208496094,12.037036895751953,66488,9.761435508728027
1991-11-29,11.962963104248047,12.074073791503906,11.925926208496094,12.074073791503906,43200,9.791472434997559
1991-12-02,11.925926208496094,12.5925931930542,11.88888931274414,12.5925931930542,235238,10.211962699890137
1991-12-03,12.518519401550293,12.925926208496094,12.444443702697754,12.814814567565918,199800,10.392171859741211
1991-12-04,12.925926208496094,12.925926208496094,12.814814567565918,12.925926208496094,116438,10.482278823852539
1991-12-05,12.88888931274414,13.222222328186035,12.814814567565918,13.222222328186035,206550,10.722559928894043
1991-12-06,13.259259223937988,13.259259223937988,13.074073791503906,13.11111068725586,144450,10.632454872131348
1991-12-09,13.11111068725586,13.148147583007812,13.037036895751953,13.11111068725586,108675,10.632454872131348
1991-12-10,13.074073791503906,13.222222328186035,13.037036895751953,13.148147583007812,594338,10.662487030029297
1991-12-11,13.148147583007812,13.222222328186035,13.11111068725586,13.148147583007812,213300,10.662487030029297
1991-12-12,13.185185432434082,13.259259223937988,13.11111068725586,13.259259223937988,175500,10.752598762512207
1991-12-13,13.333333015441895,13.333333015441895,13.148147583007812,13.185185432434082,99563,10.692529678344727
1991-12-16,13.259259223937988,13.555556297302246,13.222222328186035,13.518519401550293,343575,10.96284294128418
1991-12-17,13.555556297302246,13.5925931930542,13.444443702697754,13.481480598449707,151200,10.932801246643066
1991-12-18,13.481480598449707,13.518519401550293,13.4074068069458,13.481480598449707,146138,10.932801246643066
1991-12-19,13.444443702697754,13.481480598449707,13.259259223937988,13.296296119689941,183263,10.782631874084473
1991-12-20,13.333333015441895,13.333333015441895,13.037036895751953,13.11111068725586,475875,10.632454872131348
1991-12-23,13.185185432434082,13.222222328186035,13.074073791503906,13.222222328186035,200813,10.722559928894043
1991-12-24,13.259259223937988,13.4074068069458,13.222222328186035,13.370369911193848,104625,10.842700004577637
1991-12-26,13.370369911193848,13.518519401550293,13.370369911193848,13.518519401550293,116775,10.96284294128418
1991-12-27,13.481480598449707,13.666666984558105,13.481480598449707,13.629630088806152,198450,11.052948951721191
1991-12-30,13.629630088806152,13.925926208496094,13.629630088806152,13.88888931274414,355725,11.263195037841797
1991-12-31,13.814814567565918,13.851852416992188,13.629630088806152,13.814814567565918,374625,11.203125
1992-01-02,13.703703880310059,13.814814567565918,13.629630088806152,13.703703880310059,162675,11.113021850585938
1992-01-03,13.5925931930542,13.703703880310059,13.518519401550293,13.5925931930542,154913,11.022913932800293
1992-01-06,13.666666984558105,13.666666984558105,13.555556297302246,13.666666984558105,119475,11.082984924316406
1992-01-07,13.555556297302246,13.740740776062012,13.518519401550293,13.5925931930542,536288,11.022913932800293
1992-01-08,13.629630088806152,13.777777671813965,13.5925931930542,13.777777671813965,268650,11.173089027404785
1992-01-09,13.740740776062012,13.740740776062012,13.629630088806152,13.740740776062012,108000,11.14305591583252
1992-01-10,13.666666984558105,13.666666984558105,13.481480598449707,13.518519401550293,85050,10.96284294128418
1992-01-13,13.444443702697754,13.555556297302246,13.444443702697754,13.481480598449707,76950,10.932801246643066
1992-01-14,13.481480598449707,13.555556297302246,13.370369911193848,13.518519401550293,188663,10.96284294128418
1992-01-15,13.481480598449707,13.740740776062012,13.444443702697754,13.740740776062012,131963,11.14305591583252
1992-01-16,13.666666984558105,13.703703880310059,13.5925931930542,13.666666984558105,204525,11.082984924316406
1992-01-17,13.666666984558105,13.703703880310059,13.5925931930542,13.629630088806152,138375,11.052948951721191
1992-01-20,13.555556297302246,13.629630088806152,13.481480598449707,13.481480598449707,191363,10.932801246643066
1992-01-21,13.481480598449707,13.518519401550293,13.185185432434082,13.185185432434082,281138,10.692529678344727
1992-01-22,13.074073791503906,13.222222328186035,13.074073791503906,13.148147583007812,214313,10.662487030029297
1992-01-23,13.037036895751953,13.185185432434082,12.88888931274414,12.88888931274414,235575,10.452241897583008
1992-01-24,12.851852416992188,12.962963104248047,12.814814567565918,12.88888931274414,70538,10.452241897583008
1992-01-27,12.814814567565918,12.925926208496094,12.777777671813965,12.925926208496094,93150,10.482278823852539
1992-01-28,13,13.259259223937988,13,13.185185432434082,85388,10.692529678344727
1992-01-29,13.11111068725586,13.259259223937988,13.11111068725586,13.259259223937988,326025,10.752598762512207
1992-01-30,13.259259223937988,13.296296119689941,13.148147583007812,13.296296119689941,100575,10.782631874084473
1992-01-31,13.333333015441895,13.4074068069458,13.296296119689941,13.370369911193848,126900,10.842700004577637
1992-02-03,13.370369911193848,13.481480598449707,13.333333015441895,13.4074068069458,120150,10.872734069824219
1992-02-04,13.370369911193848,13.444443702697754,13.333333015441895,13.444443702697754,51300,10.902767181396484
1992-02-05,13.370369911193848,13.555556297302246,13.259259223937988,13.481480598449707,375975,10.932801246643066
1992-02-06,13.4074068069458,13.481480598449707,13.370369911193848,13.481480598449707,310163,10.932801246643066
1992-02-07,13.481480598449707,13.666666984558105,13.481480598449707,13.5925931930542,253463,11.022913932800293
1992-02-10,13.5925931930542,13.666666984558105,13.481480598449707,13.666666984558105,185963,11.082984924316406
1992-02-11,13.629630088806152,14,13.5925931930542,14,186975,11.35329818725586
1992-02-12,14,14.074073791503906,13.962963104248047,13.962963104248047,213975,11.323265075683594
1992-02-13,13.88888931274414,14.037036895751953,13.740740776062012,13.740740776062012,189000,11.14305591583252
1992-02-14,13.777777671813965,13.777777671813965,13.518519401550293,13.740740776062012,89100,11.14305591583252
1992-02-18,13.703703880310059,13.851852416992188,13.629630088806152,13.777777671813965,473850,11.173089027404785
1992-02-19,13.814814567565918,13.814814567565918,13.666666984558105,13.703703880310059,301388,11.113021850585938
1992-02-20,13.740740776062012,13.740740776062012,13.629630088806152,13.629630088806152,162675,11.052948951721191
1992-02-21,13.555556297302246,13.555556297302246,13.259259223937988,13.370369911193848,517388,10.842700004577637
1992-02-24,13.333333015441895,13.4074068069458,13.296296119689941,13.296296119689941,129938,10.782631874084473
1992-02-25,13.259259223937988,13.333333015441895,12.777777671813965,12.777777671813965,135675,10.362138748168945
1992-02-26,12.740740776062012,12.851852416992188,12.740740776062012,12.777777671813965,1973700,10.362138748168945
1992-02-27,12.740740776062012,12.740740776062012,12.444443702697754,12.703703880310059,427275,10.302070617675781
1992-02-28,12.629630088806152,12.703703880310059,12.5925931930542,12.5925931930542,427950,10.211962699890137
1992-03-02,12.5925931930542,12.814814567565918,12.5925931930542,12.740740776062012,664200,10.332104682922363
1992-03-03,12.814814567565918,12.88888931274414,12.777777671813965,12.88888931274414,612563,10.452241897583008
1992-03-04,12.814814567565918,12.925926208496094,12.777777671813965,12.851852416992188,113400,10.422210693359375
1992-03-05,12.814814567565918,12.851852416992188,12.740740776062012,12.740740776062012,97538,10.332104682922363
1992-03-06,12.740740776062012,12.777777671813965,12.444443702697754,12.518519401550293,260213,10.151891708374023
1992-03-09,12.555556297302246,12.629630088806152,12.481480598449707,12.629630088806152,148163,10.241996765136719
1992-03-10,12.703703880310059,12.814814567565918,12.703703880310059,12.740740776062012,320963,10.332104682922363
1992-03-11,12.740740776062012,12.740740776062012,12.518519401550293,12.555556297302246,100913,10.181926727294922
1992-03-12,12.555556297302246,12.555556297302246,12.259259223937988,12.259259223937988,281813,9.941644668579102
1992-03-13,12.296296119689941,12.370369911193848,12.296296119689941,12.370369911193848,381713,10.031750679016113
1992-03-16,12.333333015441895,12.370369911193848,12.185185432434082,12.185185432434082,210600,9.881572723388672
1992-03-17,12.333333015441895,12.481480598449707,12.296296119689941,12.296296119689941,237263,9.971680641174316
1992-03-18,12.296296119689941,12.333333015441895,12.222222328186035,12.222222328186035,167738,9.91160774230957
1992-03-19,12.185185432434082,12.259259223937988,12.037036895751953,12.11111068725586,658463,9.821502685546875
1992-03-20,12.148147583007812,12.148147583007812,11.925926208496094,11.962963104248047,139050,9.701367378234863
1992-03-23,12.037036895751953,12.037036895751953,11.777777671813965,12,286200,9.731400489807129
1992-03-24,12.037036895751953,12.074073791503906,11.962963104248047,12,304763,9.731400489807129
1992-03-25,12,12,11.851852416992188,11.88888931274414,190013,9.6412935256958
1992-03-26,11.814814567565918,11.962963104248047,11.814814567565918,11.851852416992188,348300,9.611257553100586
1992-03-27,11.851852416992188,11.925926208496094,11.666666984558105,11.777777671813965,261900,9.551191329956055
1992-03-30,11.851852416992188,11.851852416992188,11.444443702697754,11.444443702697754,370913,9.280872344970703
1992-03-31,11.518519401550293,11.518519401550293,11.185185432434082,11.370369911193848,570375,9.220800399780273
1992-04-01,11.222222328186035,11.555556297302246,11.222222328186035,11.555556297302246,224100,9.370976448059082
1992-04-02,11.5925931930542,11.666666984558105,11.555556297302246,11.5925931930542,144113,9.401012420654297
1992-04-03,11.5925931930542,11.5925931930542,11.444443702697754,11.481480598449707,245025,9.310907363891602
1992-04-06,11.518519401550293,11.925926208496094,11.481480598449707,11.851852416992188,533925,9.611257553100586
1992-04-07,11.88888931274414,12.222222328186035,11.851852416992188,12.185185432434082,181913,9.881572723388672
1992-04-08,12.259259223937988,12.296296119689941,11.925926208496094,12,375975,9.731400489807129
1992-04-09,11.925926208496094,12.074073791503906,11.925926208496094,12.037036895751953,127913,9.761435508728027
1992-04-10,12.148147583007812,12.333333015441895,12.148147583007812,12.259259223937988,88088,9.941644668579102
1992-04-13,12.296296119689941,12.518519401550293,12.296296119689941,12.518519401550293,178200,10.151891708374023
1992-04-14,12.518519401550293,12.88888931274414,12.518519401550293,12.88888931274414,194063,10.452241897583008
1992-04-15,12.925926208496094,12.925926208496094,12.740740776062012,12.740740776062012,325350,10.332104682922363
1992-04-16,12.740740776062012,12.777777671813965,12.629630088806152,12.703703880310059,105975,10.302070617675781
1992-04-20,12.777777671813965,12.851852416992188,12.666666984558105,12.703703880310059,93825,10.302070617675781
1992-04-21,12.666666984558105,12.777777671813965,12.629630088806152,12.740740776062012,71550,10.332104682922363
1992-04-22,12.629630088806152,12.777777671813965,12.5925931930542,12.777777671813965,135000,10.362138748168945
1992-04-23,12.703703880310059,12.740740776062012,12.5925931930542,12.703703880310059,305775,10.302070617675781
1992-04-24,12.629630088806152,12.629630088806152,12.185185432434082,12.222222328186035,156600,9.91160774230957
1992-04-27,12.11111068725586,12.11111068725586,11.962963104248047,12,133650,9.731400489807129
1992-04-28,12.037036895751953,12.185185432434082,11.851852416992188,12.185185432434082,181913,9.881572723388672
1992-04-29,12.148147583007812,12.444443702697754,12.148147583007812,12.370369911193848,295988,10.031750679016113
1992-04-30,12.370369911193848,12.444443702697754,12.296296119689941,12.4074068069458,311513,10.061788558959961
1992-05-01,12.370369911193848,12.444443702697754,12.333333015441895,12.4074068069458,49613,10.061788558959961
1992-05-04,12.4074068069458,12.4074068069458,12.222222328186035,12.222222328186035,96863,9.91160774230957
1992-05-05,12.370369911193848,12.4074068069458,12.259259223937988,12.333333015441895,203850,10.001712799072266
1992-05-06,12.370369911193848,12.444443702697754,12.296296119689941,12.444443702697754,154913,10.091819763183594
1992-05-07,12.518519401550293,12.518519401550293,12.4074068069458,12.444443702697754,310163,10.091819763183594
1992-05-08,12.444443702697754,12.481480598449707,12.333333015441895,12.444443702697754,84375,10.091819763183594
1992-05-11,12.444443702697754,12.444443702697754,12.333333015441895,12.370369911193848,51975,10.031750679016113
1992-05-12,12.333333015441895,12.4074068069458,12.296296119689941,12.296296119689941,83363,9.971680641174316
1992-05-13,12.222222328186035,12.4074068069458,12.185185432434082,12.370369911193848,94838,10.031750679016113
1992-05-14,12.259259223937988,12.296296119689941,12.148147583007812,12.148147583007812,110700,9.851537704467773
1992-05-15,12.11111068725586,12.222222328186035,12.037036895751953,12.074073791503906,143438,9.791472434997559
1992-05-18,11.962963104248047,12.11111068725586,11.925926208496094,12.11111068725586,103275,9.821502685546875
1992-05-19,12.037036895751953,12.481480598449707,12.037036895751953,12.4074068069458,199800,10.061788558959961
1992-05-20,12.444443702697754,12.481480598449707,12.296296119689941,12.4074068069458,164700,10.061788558959961
1992-05-21,12.333333015441895,12.629630088806152,12.296296119689941,12.629630088806152,225113,10.241996765136719
1992-05-22,12.5925931930542,12.666666984558105,12.5925931930542,12.666666984558105,363150,10.27203369140625
1992-05-26,12.5925931930542,12.629630088806152,12.518519401550293,12.518519401550293,94838,10.151891708374023
1992-05-27,12.555556297302246,12.5925931930542,12.481480598449707,12.518519401550293,147488,10.151891708374023
1992-05-28,12.555556297302246,12.5925931930542,12.518519401550293,12.555556297302246,190350,10.181926727294922
1992-05-29,12.481480598449707,12.555556297302246,12.481480598449707,12.481480598449707,79650,10.121857643127441
1992-06-01,12.4074068069458,12.481480598449707,12.370369911193848,12.481480598449707,295650,10.121857643127441
1992-06-02,12.555556297302246,12.666666984558105,12.555556297302246,12.666666984558105,118800,10.27203369140625
1992-06-03,12.666666984558105,12.703703880310059,12.5925931930542,12.703703880310059,172463,10.302070617675781
1992-06-04,12.703703880310059,12.703703880310059,12.518519401550293,12.5925931930542,135338,10.211962699890137
1992-06-05,12.629630088806152,12.629630088806152,12.518519401550293,12.5925931930542,93825,10.211962699890137
1992-06-08,12.518519401550293,12.555556297302246,12.4074068069458,12.481480598449707,202838,10.121857643127441
1992-06-09,12.481480598449707,12.5925931930542,12.444443702697754,12.444443702697754,137025,10.091819763183594
1992-06-10,12.4074068069458,12.518519401550293,12.370369911193848,12.444443702697754,123188,10.091819763183594
1992-06-11,12.444443702697754,12.555556297302246,12.444443702697754,12.481480598449707,97200,10.121857643127441
1992-06-12,12.444443702697754,12.629630088806152,12.4074068069458,12.629630088806152,150188,10.241996765136719
1992-06-15,12.703703880310059,12.777777671813965,12.666666984558105,12.777777671813965,90450,10.362138748168945
1992-06-16,12.777777671813965,12.777777671813965,12.629630088806152,12.629630088806152,63450,10.241996765136719
1992-06-17,12.5925931930542,12.5925931930542,12.185185432434082,12.185185432434082,267975,9.881572723388672
1992-06-18,12.296296119689941,12.333333015441895,12.185185432434082,12.222222328186035,167063,9.91160774230957
1992-06-19,12.185185432434082,12.333333015441895,12.185185432434082,12.296296119689941,110025,9.971680641174316
1992-06-22,12.333333015441895,12.333333015441895,12.037036895751953,12.037036895751953,87075,9.761435508728027
1992-06-23,12.222222328186035,12.333333015441895,12.037036895751953,12.074073791503906,160313,9.791472434997559
1992-06-24,12.11111068725586,12.11111068725586,11.88888931274414,11.88888931274414,178875,9.6412935256958
1992-06-25,11.962963104248047,12.037036895751953,11.88888931274414,11.88888931274414,63113,9.6412935256958
1992-06-26,11.88888931274414,12,11.88888931274414,12,80325,9.731400489807129
1992-06-29,11.925926208496094,12.259259223937988,11.88888931274414,12.185185432434082,74250,9.881572723388672
1992-06-30,12.148147583007812,12.148147583007812,12,12.074073791503906,102600,9.791472434997559
1992-07-01,12,12.222222328186035,11.962963104248047,12.222222328186035,129600,9.91160774230957
1992-07-02,12.222222328186035,12.333333015441895,12.185185432434082,12.259259223937988,120150,9.941644668579102
1992-07-06,12.148147583007812,12.4074068069458,12.148147583007812,12.370369911193848,178538,10.031750679016113
1992-07-07,12.444443702697754,12.5925931930542,12.222222328186035,12.222222328186035,410738,9.91160774230957
1992-07-08,12.296296119689941,12.4074068069458,12.148147583007812,12.4074068069458,287550,10.061788558959961
1992-07-09,12.4074068069458,12.444443702697754,12.4074068069458,12.4074068069458,101588,10.061788558959961
1992-07-10,12.4074068069458,12.444443702697754,12.370369911193848,12.4074068069458,89100,10.061788558959961
1992-07-13,12.444443702697754,12.5925931930542,12.444443702697754,12.5925931930542,39825,10.211962699890137
1992-07-14,12.518519401550293,12.5925931930542,12.481480598449707,12.555556297302246,282825,10.181926727294922
1992-07-15,12.444443702697754,12.481480598449707,11.777777671813965,11.777777671813965,1805288,9.551191329956055
1992-07-16,11.814814567565918,11.88888931274414,11.777777671813965,11.88888931274414,648338,9.6412935256958
1992-07-17,11.88888931274414,11.88888931274414,11.851852416992188,11.88888931274414,224775,9.6412935256958
1992-07-20,11.851852416992188,11.851852416992188,11.777777671813965,11.814814567565918,104963,9.581223487854004
1992-07-21,11.814814567565918,11.814814567565918,11.629630088806152,11.629630088806152,90788,9.431049346923828
1992-07-22,11.555556297302246,11.555556297302246,11.222222328186035,11.259259223937988,121163,9.130693435668945
1992-07-23,11.333333015441895,11.370369911193848,11.259259223937988,11.370369911193848,58725,9.220800399780273
1992-07-24,11.333333015441895,11.518519401550293,11.333333015441895,11.444443702697754,156938,9.280872344970703
1992-07-27,11.370369911193848,11.4074068069458,11.11111068725586,11.259259223937988,333788,9.130693435668945
1992-07-28,11.222222328186035,11.370369911193848,11.222222328186035,11.370369911193848,151538,9.220800399780273
1992-07-29,11.4074068069458,11.740740776062012,11.4074068069458,11.740740776062012,212963,9.521150588989258
1992-07-30,11.814814567565918,11.88888931274414,11.703703880310059,11.777777671813965,524138,9.551191329956055
1992-07-31,11.814814567565918,11.814814567565918,11.703703880310059,11.777777671813965,240300,9.551191329956055
1992-08-03,11.703703880310059,11.703703880310059,11.5925931930542,11.629630088806152,77963,9.431049346923828
1992-08-04,11.629630088806152,11.666666984558105,11.481480598449707,11.481480598449707,253800,9.310907363891602
1992-08-05,11.481480598449707,11.555556297302246,11.481480598449707,11.518519401550293,283500,9.3409423828125
1992-08-06,11.518519401550293,11.518519401550293,11.444443702697754,11.518519401550293,122513,9.3409423828125
1992-08-07,11.518519401550293,11.518519401550293,11.4074068069458,11.444443702697754,341550,9.280872344970703
1992-08-10,11.444443702697754,11.444443702697754,11.296296119689941,11.333333015441895,205538,9.190764427185059
1992-08-11,11.370369911193848,11.370369911193848,11.333333015441895,11.333333015441895,248400,9.190764427185059
1992-08-12,11.370369911193848,11.481480598449707,11.370369911193848,11.4074068069458,354713,9.250839233398438
1992-08-13,11.481480598449707,11.481480598449707,11.4074068069458,11.444443702697754,123863,9.280872344970703
1992-08-14,11.518519401550293,11.518519401550293,11.444443702697754,11.444443702697754,126225,9.280872344970703
1992-08-17,11.4074068069458,11.5925931930542,11.4074068069458,11.555556297302246,152888,9.370976448059082
1992-08-18,11.481480598449707,11.5925931930542,11.481480598449707,11.555556297302246,324675,9.370976448059082
1992-08-19,11.555556297302246,11.555556297302246,11.4074068069458,11.481480598449707,66825,9.310907363891602
1992-08-20,11.444443702697754,11.518519401550293,11.444443702697754,11.481480598449707,111713,9.310907363891602
1992-08-21,11.555556297302246,11.555556297302246,11.4074068069458,11.444443702697754,120150,9.280872344970703
1992-08-24,11.370369911193848,11.444443702697754,11.333333015441895,11.4074068069458,136013,9.250839233398438
1992-08-25,11.333333015441895,11.333333015441895,11.222222328186035,11.333333015441895,213975,9.190764427185059
1992-08-26,11.370369911193848,11.4074068069458,11.333333015441895,11.370369911193848,163688,9.220800399780273
1992-08-27,11.370369911193848,11.481480598449707,11.370369911193848,11.444443702697754,214988,9.280872344970703
1992-08-28,11.481480598449707,11.518519401550293,11.444443702697754,11.518519401550293,78300,9.3409423828125
1992-08-31,11.5925931930542,11.740740776062012,11.555556297302246,11.666666984558105,136350,9.461079597473145
1992-09-01,11.5925931930542,11.851852416992188,11.5925931930542,11.814814567565918,713813,9.581223487854004
1992-09-02,11.777777671813965,11.814814567565918,11.740740776062012,11.777777671813965,307125,9.551191329956055
1992-09-03,11.777777671813965,11.814814567565918,11.666666984558105,11.777777671813965,123188,9.551191329956055
1992-09-04,11.703703880310059,11.814814567565918,11.703703880310059,11.777777671813965,180225,9.551191329956055
1992-09-08,11.703703880310059,11.814814567565918,11.629630088806152,11.740740776062012,129938,9.521150588989258
1992-09-09,11.740740776062012,11.851852416992188,11.703703880310059,11.851852416992188,124200,9.611257553100586
1992-09-10,11.851852416992188,11.851852416992188,11.777777671813965,11.851852416992188,96525,9.611257553100586
1992-09-11,11.851852416992188,12.148147583007812,11.851852416992188,12.148147583007812,521100,9.851537704467773
1992-09-14,12.11111068725586,12.370369911193848,12.11111068725586,12.259259223937988,427275,9.941644668579102
1992-09-15,12.185185432434082,12.259259223937988,12.11111068725586,12.148147583007812,224438,9.851537704467773
1992-09-16,12.074073791503906,12.11111068725586,12,12.037036895751953,49613,9.761435508728027
1992-09-17,12.074073791503906,12.074073791503906,11.962963104248047,12.074073791503906,76613,9.791472434997559
1992-09-18,12,12.148147583007812,11.962963104248047,12.11111068725586,133650,9.821502685546875
1992-09-21,12.11111068725586,12.148147583007812,12.074073791503906,12.148147583007812,199800,9.851537704467773
1992-09-22,12.222222328186035,12.259259223937988,12.148147583007812,12.185185432434082,146138,9.881572723388672
1992-09-23,12.185185432434082,12.185185432434082,12,12,104625,9.731400489807129
1992-09-24,12.074073791503906,12.11111068725586,12,12,109350,9.731400489807129
1992-09-25,12,12.11111068725586,11.962963104248047,11.962963104248047,85725,9.701367378234863
1992-09-28,11.962963104248047,12,11.814814567565918,11.851852416992188,83025,9.611257553100586
1992-09-29,11.851852416992188,12.074073791503906,11.851852416992188,12.074073791503906,148163,9.791472434997559
1992-09-30,12,12.259259223937988,12,12.259259223937988,381038,9.941644668579102
1992-10-01,12.259259223937988,12.333333015441895,12.185185432434082,12.296296119689941,100575,9.971680641174316
1992-10-02,12.259259223937988,12.296296119689941,12.074073791503906,12.074073791503906,188663,9.791472434997559
1992-10-05,11.925926208496094,12.074073791503906,11.777777671813965,12.074073791503906,302063,9.791472434997559
1992-10-06,12.148147583007812,12.296296119689941,12.074073791503906,12.259259223937988,243338,9.941644668579102
1992-10-07,12.185185432434082,12.5925931930542,12.185185432434082,12.555556297302246,596025,10.181926727294922
1992-10-08,12.518519401550293,12.666666984558105,12.4074068069458,12.666666984558105,406350,10.27203369140625
1992-10-09,12.5925931930542,12.666666984558105,12.444443702697754,12.481480598449707,92475,10.121857643127441
1992-10-12,12.444443702697754,12.555556297302246,12.4074068069458,12.555556297302246,64463,10.181926727294922
1992-10-13,12.444443702697754,12.518519401550293,12.4074068069458,12.4074068069458,249750,10.061788558959961
1992-10-14,12.444443702697754,12.481480598449707,12.370369911193848,12.481480598449707,214988,10.121857643127441
1992-10-15,12.444443702697754,12.481480598449707,12.370369911193848,12.444443702697754,87075,10.091819763183594
1992-10-16,12.444443702697754,12.444443702697754,12.333333015441895,12.444443702697754,93825,10.091819763183594
1992-10-19,12.333333015441895,12.444443702697754,12.333333015441895,12.4074068069458,150525,10.061788558959961
1992-10-20,12.4074068069458,12.5925931930542,12.4074068069458,12.518519401550293,217350,10.151891708374023
1992-10-21,12.481480598449707,12.629630088806152,12.444443702697754,12.5925931930542,367875,10.211962699890137
1992-10-22,12.5925931930542,12.814814567565918,12.555556297302246,12.740740776062012,328050,10.332104682922363
1992-10-23,12.814814567565918,12.814814567565918,12.703703880310059,12.703703880310059,351338,10.302070617675781
1992-10-26,12.740740776062012,12.88888931274414,12.666666984558105,12.88888931274414,476550,10.452241897583008
1992-10-27,12.851852416992188,12.851852416992188,12.666666984558105,12.666666984558105,136350,10.27203369140625
1992-10-28,12.740740776062012,12.814814567565918,12.666666984558105,12.814814567565918,144450,10.392171859741211
1992-10-29,12.851852416992188,12.88888931274414,12.777777671813965,12.851852416992188,137025,10.422210693359375
1992-10-30,12.777777671813965,12.88888931274414,12.777777671813965,12.88888931274414,116100,10.452241897583008
1992-11-02,12.88888931274414,12.925926208496094,12.851852416992188,12.851852416992188,118463,10.422210693359375
1992-11-03,12.851852416992188,13,12.851852416992188,13,228150,10.54234790802002
1992-11-04,13,13,12.925926208496094,13,144450,10.54234790802002
1992-11-05,12.962963104248047,13,12.962963104248047,13,268988,10.54234790802002
1992-11-06,12.925926208496094,13,12.851852416992188,12.925926208496094,190350,10.482278823852539
1992-11-09,12.925926208496094,13.185185432434082,12.925926208496094,13.185185432434082,635175,10.692529678344727
1992-11-10,13.259259223937988,13.333333015441895,13.222222328186035,13.259259223937988,704363,10.752598762512207
1992-11-11,13.259259223937988,13.296296119689941,13.222222328186035,13.259259223937988,483638,10.752598762512207
1992-11-12,13.259259223937988,13.259259223937988,13.11111068725586,13.11111068725586,150188,10.632454872131348
1992-11-13,13.037036895751953,13.074073791503906,12.925926208496094,13,339863,10.54234790802002
1992-11-16,13,13.11111068725586,12.88888931274414,13.074073791503906,585225,10.6024169921875
1992-11-17,13.11111068725586,13.11111068725586,13.074073791503906,13.074073791503906,177525,10.6024169921875
1992-11-18,13.11111068725586,13.11111068725586,12.962963104248047,13.037036895751953,163350,10.572383880615234
1992-11-19,13,13.037036895751953,13,13.037036895751953,355725,10.572383880615234
1992-11-20,13.037036895751953,13.037036895751953,12.962963104248047,12.962963104248047,253125,10.512317657470703
1992-11-23,13.037036895751953,13.037036895751953,12.925926208496094,13.037036895751953,170100,10.572383880615234
1992-11-24,13.037036895751953,13.333333015441895,13,13.296296119689941,483975,10.782631874084473
1992-11-25,13.333333015441895,13.333333015441895,13.222222328186035,13.259259223937988,482963,10.752598762512207
1992-11-27,13.259259223937988,13.259259223937988,13.185185432434082,13.259259223937988,76275,10.752598762512207
1992-11-30,13.222222328186035,13.333333015441895,13.185185432434082,13.333333015441895,112725,10.812667846679688
1992-12-01,13.333333015441895,13.333333015441895,13.148147583007812,13.222222328186035,142763,10.722559928894043
1992-12-02,13.259259223937988,13.333333015441895,13.222222328186035,13.333333015441895,367538,10.812667846679688
1992-12-03,13.333333015441895,13.333333015441895,13.222222328186035,13.259259223937988,187313,10.752598762512207
1992-12-04,13.259259223937988,13.259259223937988,13.148147583007812,13.148147583007812,104963,10.662487030029297
1992-12-07,13.259259223937988,13.333333015441895,13.222222328186035,13.333333015441895,289238,10.812667846679688
1992-12-08,13.333333015441895,13.370369911193848,13.296296119689941,13.333333015441895,355050,10.812667846679688
1992-12-09,13.333333015441895,13.333333015441895,13.296296119689941,13.333333015441895,135000,10.812667846679688
1992-12-10,13.296296119689941,13.296296119689941,13.037036895751953,13.074073791503906,180563,10.6024169921875
1992-12-11,13.074073791503906,13.148147583007812,12.962963104248047,13.148147583007812,107663,10.662487030029297
1992-12-14,13.11111068725586,13.296296119689941,13.11111068725586,13.222222328186035,275738,10.722559928894043
1992-12-15,13.148147583007812,13.333333015441895,13.148147583007812,13.296296119689941,203850,10.782631874084473
1992-12-16,13.333333015441895,13.370369911193848,13.259259223937988,13.259259223937988,175838,10.752598762512207
1992-12-17,13.259259223937988,13.259259223937988,13,13.259259223937988,667913,10.752598762512207
1992-12-18,13.333333015441895,13.444443702697754,13.259259223937988,13.4074068069458,686813,10.872734069824219
1992-12-21,13.481480598449707,13.703703880310059,13.481480598449707,13.666666984558105,307463,11.082984924316406
1992-12-22,13.740740776062012,13.740740776062012,13.629630088806152,13.703703880310059,370913,11.113021850585938
1992-12-23,13.703703880310059,13.703703880310059,13.518519401550293,13.629630088806152,141750,11.052948951721191
1992-12-24,13.666666984558105,13.777777671813965,13.5925931930542,13.777777671813965,71213,11.173089027404785
1992-12-28,13.814814567565918,13.88888931274414,13.666666984558105,13.88888931274414,298013,11.263195037841797
1992-12-29,13.851852416992188,13.962963104248047,13.777777671813965,13.962963104248047,289575,11.323265075683594
1992-12-30,13.925926208496094,14,13.925926208496094,13.962963104248047,186975,11.323265075683594
1992-12-31,13.88888931274414,14.037036895751953,13.88888931274414,13.962963104248047,158625,11.323265075683594
1993-01-04,14,14.074073791503906,13.925926208496094,13.962963104248047,160650,11.323265075683594
1993-01-05,14.037036895751953,14.370369911193848,14.037036895751953,14.333333015441895,500513,11.623613357543945
1993-01-06,14.370369911193848,14.703703880310059,14.333333015441895,14.481480598449707,673650,11.743754386901855
1993-01-07,14.518519401550293,14.555556297302246,14.370369911193848,14.4074068069458,277763,11.683680534362793
1993-01-08,14.481480598449707,14.481480598449707,14.148147583007812,14.259259223937988,117450,11.563544273376465
1993-01-11,14.074073791503906,14.185185432434082,14.037036895751953,14.185185432434082,148838,11.503473281860352
1993-01-12,14.185185432434082,14.222222328186035,14.11111068725586,14.222222328186035,527175,11.533512115478516
1993-01-13,14.222222328186035,14.222222328186035,14.148147583007812,14.148147583007812,627750,11.47343921661377
1993-01-14,14.185185432434082,14.296296119689941,14.148147583007812,14.296296119689941,432000,11.593582153320312
1993-01-15,14.296296119689941,14.666666984558105,14.296296119689941,14.555556297302246,232875,11.80383014678955
1993-01-18,14.555556297302246,14.555556297302246,14.444443702697754,14.481480598449707,445500,11.743754386901855
1993-01-19,14.481480598449707,14.555556297302246,14.333333015441895,14.370369911193848,298013,11.653651237487793
1993-01-20,14.296296119689941,14.666666984558105,14.296296119689941,14.5925931930542,368550,11.8338623046875
1993-01-21,14.518519401550293,14.777777671813965,14.518519401550293,14.740740776062012,204525,11.953999519348145
1993-01-22,14.666666984558105,14.814814567565918,14.666666984558105,14.814814567565918,147488,12.01407241821289
1993-01-25,14.814814567565918,14.925926208496094,14.740740776062012,14.88888931274414,424238,12.07414436340332
1993-01-26,14.925926208496094,15.11111068725586,14.925926208496094,15.074073791503906,466425,12.224321365356445
1993-01-27,15.074073791503906,15.074073791503906,14.962963104248047,15,320963,12.164247512817383
1993-01-28,15.037036895751953,15.037036895751953,14.925926208496094,15.037036895751953,209250,12.194280624389648
1993-01-29,14.962963104248047,14.962963104248047,14.814814567565918,14.814814567565918,232875,12.01407241821289
1993-02-01,14.814814567565918,14.814814567565918,14.555556297302246,14.814814567565918,175838,12.01407241821289
1993-02-02,14.814814567565918,14.814814567565918,14.740740776062012,14.814814567565918,221400,12.01407241821289
1993-02-03,14.814814567565918,14.962963104248047,14.777777671813965,14.962963104248047,224100,12.134214401245117
1993-02-04,15,15.4074068069458,15,15.4074068069458,361463,12.494635581970215
1993-02-05,15.259259223937988,15.555556297302246,15.222222328186035,15.481480598449707,418838,12.554705619812012
1993-02-08,15.370369911193848,15.518519401550293,15.296296119689941,15.481480598449707,235913,12.554705619812012
1993-02-09,15.4074068069458,15.4074068069458,15.185185432434082,15.259259223937988,183263,12.374497413635254
1993-02-10,15.148147583007812,15.185185432434082,15,15.037036895751953,114413,12.194280624389648
1993-02-11,15,15.11111068725586,15,15.11111068725586,130613,12.25435733795166
1993-02-12,15.11111068725586,15.11111068725586,14.88888931274414,14.962963104248047,220725,12.134214401245117
1993-02-16,14.88888931274414,14.88888931274414,14.370369911193848,14.555556297302246,318263,11.80383014678955
1993-02-17,14.481480598449707,14.555556297302246,14.370369911193848,14.4074068069458,135000,11.683680534362793
1993-02-18,14.481480598449707,14.629630088806152,14.481480598449707,14.555556297302246,348638,11.80383014678955
1993-02-19,14.481480598449707,14.555556297302246,14.444443702697754,14.481480598449707,557888,11.743754386901855
1993-02-22,14.518519401550293,14.518519401550293,14.444443702697754,14.444443702697754,86063,11.713722229003906
1993-02-23,14.444443702697754,14.481480598449707,14.185185432434082,14.185185432434082,118463,11.503473281860352
1993-02-24,14.222222328186035,14.444443702697754,14.222222328186035,14.4074068069458,212288,11.683680534362793
1993-02-25,14.481480598449707,14.740740776062012,14.4074068069458,14.740740776062012,118800,11.953999519348145
1993-02-26,14.814814567565918,15.11111068725586,14.777777671813965,14.962963104248047,393525,12.134214401245117
1993-03-01,14.925926208496094,15.444443702697754,14.925926208496094,15.185185432434082,455963,12.314427375793457
1993-03-02,15.185185432434082,15.185185432434082,15,15.037036895751953,152550,12.194280624389648
1993-03-03,15,15.11111068725586,15,15.074073791503906,331763,12.224321365356445
1993-03-04,15.074073791503906,15.370369911193848,15.074073791503906,15.370369911193848,262913,12.464601516723633
1993-03-05,15.4074068069458,15.555556297302246,15.259259223937988,15.333333015441895,720900,12.434563636779785
1993-03-08,15.4074068069458,16.185184478759766,15.333333015441895,16,393863,12.975199699401855
1993-03-09,16.037036895751953,16.88888931274414,16.037036895751953,16.88888931274414,1147500,13.696044921875
1993-03-10,16.77777862548828,16.77777862548828,16.259258270263672,16.592592239379883,604800,13.455761909484863
1993-03-11,16.518518447875977,16.703704833984375,16.518518447875977,16.703704833984375,199463,13.545866966247559
1993-03-12,16.629629135131836,16.77777862548828,16.592592239379883,16.629629135131836,334463,13.485800743103027
1993-03-15,16.629629135131836,16.666667938232422,16.370370864868164,16.481481552124023,142425,13.365657806396484
1993-03-16,16.481481552124023,16.55555534362793,16.481481552124023,16.518518447875977,302738,13.395692825317383
1993-03-17,16.44444465637207,16.55555534362793,16.44444465637207,16.481481552124023,340538,13.365657806396484
1993-03-18,16.481481552124023,16.592592239379883,16.481481552124023,16.481481552124023,187650,13.365657806396484
1993-03-19,16.44444465637207,16.44444465637207,16.296295166015625,16.296295166015625,168750,13.21547794342041
1993-03-22,16.148147583007812,16.185184478759766,16.074073791503906,16.074073791503906,277763,13.035273551940918
1993-03-23,16.148147583007812,16.259258270263672,16.037036895751953,16.074073791503906,102263,13.035273551940918
1993-03-24,16.148147583007812,16.370370864868164,16.074073791503906,16.259258270263672,153563,13.185449600219727
1993-03-25,16.22222137451172,16.259258270263672,16.185184478759766,16.185184478759766,105638,13.125375747680664
1993-03-26,16.22222137451172,16.407407760620117,16.074073791503906,16.074073791503906,256500,13.035273551940918
1993-03-29,16.148147583007812,16.259258270263672,16.11111068725586,16.185184478759766,125213,13.125375747680664
1993-03-30,16.259258270263672,16.296295166015625,16.148147583007812,16.296295166015625,127913,13.21547794342041
1993-03-31,16.296295166015625,16.703704833984375,16.296295166015625,16.666667938232422,277763,13.51583194732666
1993-04-01,16.629629135131836,16.851852416992188,16.592592239379883,16.77777862548828,355725,13.605934143066406
1993-04-02,16.814815521240234,16.814815521240234,16.44444465637207,16.44444465637207,280800,13.335618019104004
1993-04-05,16.481481552124023,16.518518447875977,16.370370864868164,16.44444465637207,65138,13.335618019104004
1993-04-06,16.44444465637207,16.44444465637207,16.185184478759766,16.185184478759766,118463,13.125375747680664
1993-04-07,16.259258270263672,16.592592239379883,16.259258270263672,16.592592239379883,235913,13.455761909484863
1993-04-08,16.592592239379883,16.925926208496094,16.592592239379883,16.925926208496094,166725,13.726081848144531
1993-04-12,16.925926208496094,17.666667938232422,16.925926208496094,17.666667938232422,341213,14.326781272888184
1993-04-13,17.481481552124023,17.55555534362793,17.037036895751953,17.11111068725586,424575,13.87625503540039
1993-04-14,17.185184478759766,17.296295166015625,17.074073791503906,17.296295166015625,257850,14.026432037353516
1993-04-15,17.296295166015625,17.333332061767578,17.11111068725586,17.22222137451172,98550,13.966361045837402
1993-04-16,17.296295166015625,17.407407760620117,17.11111068725586,17.370370864868164,93825,14.086503982543945
1993-04-19,17.22222137451172,17.259258270263672,17.037036895751953,17.259258270263672,168750,13.996393203735352
1993-04-20,17.333332061767578,17.370370864868164,17.074073791503906,17.148147583007812,119138,13.90628433227539
1993-04-21,17,17.037036895751953,16.740741729736328,16.851852416992188,255825,13.66601276397705
1993-04-22,16.77777862548828,16.77777862548828,16.259258270263672,16.370370864868164,288900,13.275552749633789
1993-04-23,16.370370864868164,16.481481552124023,16.185184478759766,16.481481552124023,310163,13.365657806396484
1993-04-26,16.518518447875977,16.518518447875977,16.296295166015625,16.333332061767578,96525,13.245513916015625
1993-04-27,16.259258270263672,16.296295166015625,16.148147583007812,16.185184478759766,225113,13.125375747680664
1993-04-28,16.259258270263672,16.44444465637207,16.185184478759766,16.333332061767578,246375,13.245513916015625
1993-04-29,16.259258270263672,16.740741729736328,16.259258270263672,16.629629135131836,210938,13.485800743103027
1993-04-30,16.666667938232422,16.740741729736328,16.592592239379883,16.629629135131836,141075,13.485800743103027
1993-05-03,16.592592239379883,16.962963104248047,16.55555534362793,16.851852416992188,121838,13.66601276397705
1993-05-04,16.77777862548828,17.185184478759766,16.703704833984375,17.148147583007812,266625,13.90628433227539
1993-05-05,17.074073791503906,17.296295166015625,17,17.185184478759766,232875,13.93632698059082
1993-05-06,17.185184478759766,17.259258270263672,17,17.074073791503906,115763,13.846220970153809
1993-05-07,17.074073791503906,17.296295166015625,17.037036895751953,17.296295166015625,203513,14.026432037353516
1993-05-10,17.296295166015625,17.407407760620117,17.259258270263672,17.407407760620117,172463,14.116538047790527
1993-05-11,17.407407760620117,17.481481552124023,17.333332061767578,17.407407760620117,163688,14.116538047790527
1993-05-12,17.333332061767578,17.407407760620117,17.296295166015625,17.296295166015625,93825,14.026432037353516
1993-05-13,17.333332061767578,17.592592239379883,17.259258270263672,17.407407760620117,309825,14.116538047790527
1993-05-14,17.481481552124023,17.481481552124023,17.259258270263672,17.259258270263672,132300,13.996393203735352
1993-05-17,17.259258270263672,17.296295166015625,17.185184478759766,17.185184478759766,73913,13.93632698059082
1993-05-18,17.22222137451172,17.22222137451172,17.11111068725586,17.148147583007812,208575,13.90628433227539
1993-05-19,17.259258270263672,17.481481552124023,17.185184478759766,17.407407760620117,334463,14.116538047790527
1993-05-20,17.407407760620117,17.518518447875977,17.333332061767578,17.407407760620117,206213,14.116538047790527
1993-05-21,17.370370864868164,17.481481552124023,17.370370864868164,17.44444465637207,231188,14.146570205688477
1993-05-24,17.407407760620117,17.44444465637207,17.370370864868164,17.44444465637207,68513,14.146570205688477
1993-05-25,17.44444465637207,17.481481552124023,17.407407760620117,17.481481552124023,554175,14.176607131958008
1993-05-26,17.44444465637207,17.55555534362793,17.407407760620117,17.55555534362793,233888,14.236675262451172
1993-05-27,17.518518447875977,17.740741729736328,17.518518447875977,17.703704833984375,214988,14.356821060180664
1993-05-28,17.703704833984375,17.77777862548828,17.55555534362793,17.77777862548828,69525,14.416889190673828
1993-06-01,17.703704833984375,17.77777862548828,17.629629135131836,17.703704833984375,128250,14.356821060180664
1993-06-02,17.666667938232422,17.703704833984375,17.629629135131836,17.666667938232422,339188,14.326781272888184
1993-06-03,17.740741729736328,17.77777862548828,17.666667938232422,17.77777862548828,120488,14.416889190673828
1993-06-04,17.703704833984375,18.296295166015625,17.629629135131836,18.22222137451172,495113,14.777311325073242
1993-06-07,18.259258270263672,18.259258270263672,18.074073791503906,18.148147583007812,858600,14.71723747253418
1993-06-08,18.148147583007812,18.148147583007812,17.77777862548828,17.925926208496094,279788,14.537030220031738
1993-06-09,17.851852416992188,17.88888931274414,17.703704833984375,17.77777862548828,249075,14.416889190673828
1993-06-10,17.851852416992188,17.851852416992188,17.703704833984375,17.77777862548828,181913,14.416889190673828
1993-06-11,17.740741729736328,17.925926208496094,17.259258270263672,17.259258270263672,475875,13.996393203735352
1993-06-14,17.296295166015625,17.629629135131836,17.296295166015625,17.481481552124023,309825,14.176607131958008
1993-06-15,17.481481552124023,17.77777862548828,17.44444465637207,17.77777862548828,440438,14.416889190673828
1993-06-16,17.77777862548828,17.77777862548828,17.592592239379883,17.592592239379883,119813,14.266711235046387
1993-06-17,17.666667938232422,17.703704833984375,17.592592239379883,17.666667938232422,92138,14.326781272888184
1993-06-18,17.629629135131836,17.629629135131836,17.407407760620117,17.407407760620117,90113,14.116538047790527
1993-06-21,17.518518447875977,17.55555534362793,17.481481552124023,17.481481552124023,178538,14.176607131958008
1993-06-22,17.55555534362793,17.703704833984375,17.518518447875977,17.629629135131836,138038,14.296744346618652
1993-06-23,17.55555534362793,17.666667938232422,17.481481552124023,17.481481552124023,156263,14.176607131958008
1993-06-24,17.407407760620117,17.666667938232422,17.333332061767578,17.666667938232422,183600,14.326781272888184
1993-06-25,17.55555534362793,17.592592239379883,17.44444465637207,17.55555534362793,85388,14.236675262451172
1993-06-28,17.518518447875977,17.518518447875977,17.44444465637207,17.518518447875977,128925,14.206640243530273
1993-06-29,17.44444465637207,17.518518447875977,17.259258270263672,17.481481552124023,182925,14.176607131958008
1993-06-30,17.407407760620117,17.740741729736328,17.407407760620117,17.592592239379883,178200,14.266711235046387
1993-07-01,17.518518447875977,17.55555534362793,17.407407760620117,17.518518447875977,118463,14.206640243530273
1993-07-02,17.44444465637207,17.481481552124023,17.333332061767578,17.44444465637207,95513,14.146570205688477
1993-07-06,17.370370864868164,17.481481552124023,17.333332061767578,17.481481552124023,73238,14.176607131958008
1993-07-07,17.333332061767578,17.407407760620117,17.333332061767578,17.333332061767578,113738,14.056468963623047
1993-07-08,17.259258270263672,17.44444465637207,17.185184478759766,17.370370864868164,343575,14.086503982543945
1993-07-09,17.407407760620117,17.55555534362793,17.370370864868164,17.55555534362793,141413,14.236675262451172
1993-07-12,17.481481552124023,17.481481552124023,17.185184478759766,17.22222137451172,432000,13.966361045837402
1993-07-13,17.296295166015625,17.296295166015625,17.074073791503906,17.148147583007812,295650,13.90628433227539
1993-07-14,16.88888931274414,16.962963104248047,16.77777862548828,16.88888931274414,5197163,13.696044921875
1993-07-15,16.925926208496094,16.925926208496094,16.814815521240234,16.88888931274414,647663,13.696044921875
1993-07-16,16.851852416992188,16.88888931274414,16.814815521240234,16.851852416992188,284850,13.66601276397705
1993-07-19,16.88888931274414,16.88888931274414,16.77777862548828,16.814815521240234,285188,13.63597297668457
1993-07-20,16.77777862548828,16.925926208496094,16.703704833984375,16.88888931274414,501525,13.696044921875
1993-07-21,16.962963104248047,17.037036895751953,16.77777862548828,16.814815521240234,212963,13.63597297668457
1993-07-22,16.851852416992188,16.851852416992188,16.592592239379883,16.629629135131836,193050,13.485800743103027
1993-07-23,16.592592239379883,16.629629135131836,16.55555534362793,16.55555534362793,113738,13.425724029541016
1993-07-26,16.592592239379883,16.925926208496094,16.55555534362793,16.740741729736328,301725,13.575902938842773
1993-07-27,16.740741729736328,16.925926208496094,16.740741729736328,16.814815521240234,265275,13.63597297668457
1993-07-28,16.77777862548828,16.814815521240234,16.592592239379883,16.666667938232422,389813,13.51583194732666
1993-07-29,16.629629135131836,16.740741729736328,16.592592239379883,16.666667938232422,225788,13.51583194732666
1993-07-30,16.666667938232422,16.703704833984375,16.592592239379883,16.629629135131836,336825,13.485800743103027
1993-08-02,16.629629135131836,16.703704833984375,16.592592239379883,16.629629135131836,194400,13.485800743103027
1993-08-03,16.703704833984375,16.851852416992188,16.703704833984375,16.814815521240234,221738,13.63597297668457
1993-08-04,16.77777862548828,17.037036895751953,16.77777862548828,16.925926208496094,279113,13.726081848144531
1993-08-05,16.962963104248047,17.333332061767578,16.962963104248047,17.11111068725586,399600,13.87625503540039
1993-08-06,17.11111068725586,17.185184478759766,17.074073791503906,17.11111068725586,259538,13.91118335723877
1993-08-09,17.074073791503906,17.44444465637207,17.074073791503906,17.185184478759766,470138,13.971407890319824
1993-08-10,17.259258270263672,17.333332061767578,17.185184478759766,17.333332061767578,650363,14.09184741973877
1993-08-11,17.333332061767578,17.333332061767578,17.11111068725586,17.11111068725586,1104975,13.91118335723877
1993-08-12,17.185184478759766,17.259258270263672,17.185184478759766,17.22222137451172,254813,14.001514434814453
1993-08-13,17.259258270263672,17.55555534362793,17.185184478759766,17.518518447875977,446850,14.242402076721191
1993-08-16,17.55555534362793,17.851852416992188,17.55555534362793,17.77777862548828,478238,14.453176498413086
1993-08-17,17.851852416992188,18.296295166015625,17.851852416992188,18.148147583007812,799875,14.754284858703613
1993-08-18,18.296295166015625,18.925926208496094,18.296295166015625,18.814815521240234,1607850,15.296281814575195
1993-08-19,18.740741729736328,18.77777862548828,18.592592239379883,18.629629135131836,1234913,15.145727157592773
1993-08-20,18.592592239379883,18.629629135131836,18.55555534362793,18.592592239379883,268313,15.115615844726562
1993-08-23,18.55555534362793,18.629629135131836,18.55555534362793,18.629629135131836,298013,15.145727157592773
1993-08-24,18.77777862548828,18.925926208496094,18.629629135131836,18.925926208496094,457988,15.386616706848145
1993-08-25,18.962963104248047,19.22222137451172,18.925926208496094,19.037036895751953,409388,15.47694206237793
1993-08-26,18.962963104248047,19,18.703704833984375,18.740741729736328,225113,15.23606014251709
1993-08-27,18.666667938232422,18.814815521240234,18.592592239379883,18.629629135131836,436388,15.145727157592773
1993-08-30,18.666667938232422,18.77777862548828,18.592592239379883,18.629629135131836,455625,15.145727157592773
1993-08-31,18.629629135131836,18.629629135131836,18.55555534362793,18.629629135131836,68850,15.145727157592773
1993-09-01,18.629629135131836,18.629629135131836,18.44444465637207,18.592592239379883,210263,15.115615844726562
1993-09-02,18.55555534362793,18.592592239379883,18.481481552124023,18.518518447875977,251775,15.05539321899414
1993-09-03,18.592592239379883,18.592592239379883,18.481481552124023,18.481481552124023,1009463,15.02527904510498
1993-09-07,18.518518447875977,18.629629135131836,18.296295166015625,18.296295166015625,83025,14.874728202819824
1993-09-08,18.148147583007812,18.22222137451172,18.037036895751953,18.185184478759766,254475,14.784392356872559
1993-09-09,18.11111068725586,18.22222137451172,17.851852416992188,18.148147583007812,401288,14.754284858703613
1993-09-10,18.185184478759766,18.296295166015625,17.962963104248047,18.11111068725586,304763,14.724172592163086
1993-09-13,18.185184478759766,18.370370864868164,18.148147583007812,18.296295166015625,126225,14.874728202819824
1993-09-14,18.148147583007812,18.22222137451172,18.037036895751953,18.074073791503906,278775,14.69406509399414
1993-09-15,18.074073791503906,18.074073791503906,17.962963104248047,17.962963104248047,299025,14.603730201721191
1993-09-16,18.037036895751953,18.333332061767578,17.962963104248047,18.333332061767578,258188,14.90483570098877
1993-09-17,18.185184478759766,18.44444465637207,18.185184478759766,18.407407760620117,184275,14.965056419372559
1993-09-20,18.481481552124023,18.814815521240234,18.370370864868164,18.370370864868164,455963,14.934950828552246
1993-09-21,18.370370864868164,18.481481552124023,18.296295166015625,18.333332061767578,803588,14.90483570098877
1993-09-22,18.296295166015625,18.481481552124023,18.296295166015625,18.370370864868164,445163,14.934950828552246
1993-09-23,18.370370864868164,18.481481552124023,18.370370864868164,18.481481552124023,142425,15.02527904510498
1993-09-24,18.481481552124023,18.851852416992188,18.481481552124023,18.814815521240234,187313,15.296281814575195
1993-09-27,18.88888931274414,18.962963104248047,18.851852416992188,18.88888931274414,140738,15.356505393981934
1993-09-28,18.88888931274414,18.962963104248047,18.851852416992188,18.962963104248047,276075,15.416726112365723
1993-09-29,18.962963104248047,18.962963104248047,18.55555534362793,18.55555534362793,352013,15.085508346557617
1993-09-30,18.592592239379883,18.925926208496094,18.592592239379883,18.814815521240234,819450,15.296281814575195
1993-10-01,18.814815521240234,18.851852416992188,18.703704833984375,18.814815521240234,127575,15.296281814575195
1993-10-04,18.88888931274414,18.925926208496094,18.851852416992188,18.88888931274414,564975,15.356505393981934
1993-10-05,18.925926208496094,19.11111068725586,18.851852416992188,19.11111068725586,559575,15.537166595458984
1993-10-06,19.11111068725586,19.11111068725586,19,19.037036895751953,123188,15.47694206237793
1993-10-07,19.11111068725586,19.11111068725586,18.88888931274414,18.962963104248047,117450,15.416726112365723
1993-10-08,18.962963104248047,18.962963104248047,18.703704833984375,18.88888931274414,270675,15.356505393981934
1993-10-11,18.88888931274414,18.88888931274414,18.592592239379883,18.666667938232422,105638,15.17584228515625
1993-10-12,18.740741729736328,18.814815521240234,18.592592239379883,18.740741729736328,234900,15.23606014251709
1993-10-13,18.814815521240234,18.814815521240234,18.740741729736328,18.814815521240234,109350,15.296281814575195
1993-10-14,18.851852416992188,18.88888931274414,18.740741729736328,18.88888931274414,238275,15.356505393981934
1993-10-15,18.925926208496094,19.074073791503906,18.88888931274414,18.925926208496094,321638,15.386616706848145
1993-10-18,18.962963104248047,19,18.55555534362793,18.592592239379883,280463,15.115615844726562
1993-10-19,18.666667938232422,18.666667938232422,18.074073791503906,18.11111068725586,321975,14.724172592163086
1993-10-20,18.148147583007812,18.259258270263672,18,18,373950,14.633844375610352
1993-10-21,18.074073791503906,18.074073791503906,17.962963104248047,18.037036895751953,212288,14.663952827453613
1993-10-22,18.074073791503906,18.185184478759766,17.851852416992188,17.88888931274414,316238,14.54350757598877
1993-10-25,17.77777862548828,17.814815521240234,17.703704833984375,17.814815521240234,416813,14.483291625976562
1993-10-26,17.88888931274414,17.88888931274414,17.666667938232422,17.703704833984375,175163,14.392958641052246
1993-10-27,17.77777862548828,17.77777862548828,17.592592239379883,17.703704833984375,235913,14.392958641052246
1993-10-28,17.77777862548828,18.370370864868164,17.740741729736328,18.148147583007812,1021613,14.754284858703613
1993-10-29,18.22222137451172,18.44444465637207,18.11111068725586,18.11111068725586,108000,14.724172592163086
1993-11-01,18.22222137451172,18.333332061767578,18.166667938232422,18.27777862548828,277875,14.859676361083984
1993-11-02,18.27777862548828,18.27777862548828,18,18.11111068725586,157050,14.724172592163086
1993-11-03,18.11111068725586,18.22222137451172,17.72222137451172,17.88888931274414,194850,14.54350757598877
1993-11-04,18,18,17.38888931274414,17.44444465637207,269775,14.182180404663086
1993-11-05,17.44444465637207,17.44444465637207,17.05555534362793,17.27777862548828,232425,14.046683311462402
1993-11-08,17.166667938232422,17.22222137451172,16.94444465637207,17.22222137451172,378450,14.001514434814453
1993-11-09,17.44444465637207,17.77777862548828,17.44444465637207,17.77777862548828,463050,14.453176498413086
1993-11-10,17.61111068725586,18.166667938232422,17.61111068725586,18.166667938232422,338850,14.769343376159668
1993-11-11,18.166667938232422,18.72222137451172,18.166667938232422,18.666667938232422,919350,15.17584228515625
1993-11-12,18.666667938232422,18.666667938232422,18.44444465637207,18.55555534362793,87975,15.085508346557617
1993-11-15,18.55555534362793,18.666667938232422,18.333332061767578,18.5,217125,15.040334701538086
1993-11-16,18.55555534362793,18.61111068725586,18.05555534362793,18.55555534362793,673200,15.085508346557617
1993-11-17,18.666667938232422,19,18.55555534362793,18.72222137451172,169875,15.221004486083984
1993-11-18,18.77777862548828,18.88888931274414,18.61111068725586,18.88888931274414,156825,15.356505393981934
1993-11-19,18.88888931274414,18.88888931274414,18.22222137451172,18.44444465637207,239175,14.995172500610352
1993-11-22,18.333332061767578,18.38888931274414,17.38888931274414,17.38888931274414,261900,14.137012481689453
1993-11-23,17.44444465637207,17.88888931274414,17.22222137451172,17.833332061767578,289125,14.498342514038086
1993-11-24,18.05555534362793,18.166667938232422,17.94444465637207,18.166667938232422,221625,14.769343376159668
1993-11-26,18.166667938232422,18.166667938232422,17.88888931274414,17.88888931274414,39150,14.54350757598877
1993-11-29,17.88888931274414,17.88888931274414,17.333332061767578,17.5,514575,14.227349281311035
1993-11-30,17.61111068725586,17.61111068725586,17.05555534362793,17.05555534362793,281700,13.866015434265137
1993-12-01,17.166667938232422,17.72222137451172,17.166667938232422,17.61111068725586,463725,14.317675590515137
1993-12-02,17.77777862548828,17.77777862548828,17.22222137451172,17.5,313425,14.227349281311035
1993-12-03,17.61111068725586,17.833332061767578,17.61111068725586,17.833332061767578,355950,14.498342514038086
1993-12-06,17.88888931274414,18.05555534362793,17.77777862548828,18.05555534362793,188775,14.679010391235352
1993-12-07,17.94444465637207,18.44444465637207,17.88888931274414,18.333332061767578,180900,14.90483570098877
1993-12-08,18.333332061767578,18.38888931274414,18.11111068725586,18.333332061767578,720900,14.90483570098877
1993-12-09,18.5,18.5,18.22222137451172,18.22222137451172,457425,14.814509391784668
1993-12-10,18.38888931274414,18.833332061767578,18.38888931274414,18.5,415800,15.040334701538086
1993-12-13,18.55555534362793,18.72222137451172,18.44444465637207,18.666667938232422,466200,15.17584228515625
1993-12-14,18.77777862548828,18.77777862548828,18.22222137451172,18.22222137451172,165825,14.814509391784668
1993-12-15,18.22222137451172,18.333332061767578,18,18,632250,14.633844375610352
1993-12-16,18.05555534362793,18.05555534362793,17.88888931274414,17.88888931274414,255150,14.54350757598877
1993-12-17,17.833332061767578,18.22222137451172,17.833332061767578,18.166667938232422,176400,14.769343376159668
1993-12-20,18.22222137451172,18.27777862548828,17.88888931274414,18,164475,14.633844375610352
1993-12-21,18,18,17.61111068725586,17.72222137451172,288225,14.408016204833984
1993-12-22,17.72222137451172,17.94444465637207,17.55555534362793,17.94444465637207,194175,14.588678359985352
1993-12-23,18,18.22222137451172,18,18.11111068725586,216675,14.724172592163086
1993-12-27,18.22222137451172,18.27777862548828,18.05555534362793,18.27777862548828,205200,14.859676361083984
1993-12-28,18.22222137451172,18.27777862548828,17.94444465637207,18.22222137451172,162450,14.814509391784668
1993-12-29,18.166667938232422,18.44444465637207,18.11111068725586,18.333332061767578,82575,14.90483570098877
1993-12-30,18.38888931274414,18.38888931274414,18.11111068725586,18.22222137451172,96075,14.814509391784668
1993-12-31,18.333332061767578,18.666667938232422,18.27777862548828,18.666667938232422,236250,15.17584228515625
1994-01-03,18.55555534362793,18.55555534362793,18.05555534362793,18.333332061767578,112725,14.90483570098877
1994-01-04,18.44444465637207,18.5,18.11111068725586,18.333332061767578,238275,14.90483570098877
1994-01-05,18.44444465637207,18.44444465637207,18,18.166667938232422,286875,14.769343376159668
1994-01-06,18.44444465637207,18.5,18.11111068725586,18.22222137451172,288675,14.814509391784668
1994-01-07,18.166667938232422,18.333332061767578,18.05555534362793,18.333332061767578,124875,14.90483570098877
1994-01-10,18.333332061767578,18.333332061767578,18.05555534362793,18.05555534362793,183825,14.679010391235352
1994-01-11,18.05555534362793,18.11111068725586,18,18.11111068725586,161325,14.724172592163086
1994-01-12,18.11111068725586,18.5,18.05555534362793,18.5,338625,15.040334701538086
1994-01-13,18.333332061767578,18.44444465637207,18.05555534362793,18.44444465637207,448875,14.995172500610352
1994-01-14,18.333332061767578,18.38888931274414,18,18.22222137451172,93825,14.814509391784668
1994-01-17,18.27777862548828,18.27777862548828,18.11111068725586,18.166667938232422,76275,14.769343376159668
1994-01-18,18.166667938232422,18.166667938232422,18,18.05555534362793,102600,14.679010391235352
1994-01-19,18.166667938232422,18.22222137451172,18,18.05555534362793,102600,14.679010391235352
1994-01-20,18.05555534362793,18.05555534362793,17.94444465637207,18,58725,14.633844375610352
1994-01-21,17.94444465637207,18.05555534362793,17.94444465637207,18,109350,14.633844375610352
1994-01-24,17.94444465637207,18.05555534362793,17.88888931274414,18.05555534362793,130050,14.679010391235352
1994-01-25,18.05555534362793,18.44444465637207,17.94444465637207,18.22222137451172,506475,14.814509391784668
1994-01-26,18.22222137451172,18.5,18.22222137451172,18.27777862548828,279000,14.859676361083984
1994-01-27,18.38888931274414,18.72222137451172,18.11111068725586,18.72222137451172,149400,15.221004486083984
1994-01-28,18.72222137451172,19,18.666667938232422,18.88888931274414,255825,15.356505393981934
1994-01-31,19,19.333332061767578,18.88888931274414,19.05555534362793,447975,15.492002487182617
1994-02-01,19.05555534362793,19.11111068725586,18.77777862548828,18.94444465637207,300825,15.401660919189453
1994-02-02,19,19.72222137451172,18.94444465637207,19.666667938232422,493200,15.988832473754883
1994-02-03,19.72222137451172,19.72222137451172,19.55555534362793,19.55555534362793,410625,15.898494720458984
1994-02-04,19.55555534362793,19.61111068725586,18.88888931274414,19,278325,15.446832656860352
1994-02-07,18.77777862548828,18.77777862548828,18.22222137451172,18.5,444600,15.040334701538086
1994-02-08,18.61111068725586,19,18.55555534362793,18.55555534362793,270450,15.085508346557617
1994-02-09,19.11111068725586,19.666667938232422,19.05555534362793,19.27777862548828,711900,15.672660827636719
1994-02-10,19.333332061767578,19.44444465637207,18.94444465637207,19.27777862548828,412650,15.672660827636719
1994-02-11,19.27777862548828,19.27777862548828,18.88888931274414,19.22222137451172,346500,15.627496719360352
1994-02-14,19.22222137451172,19.55555534362793,18.5,18.61111068725586,715950,15.13066577911377
1994-02-15,18.833332061767578,19.11111068725586,18.833332061767578,19.05555534362793,1070775,15.492002487182617
1994-02-16,18.88888931274414,19.05555534362793,18.44444465637207,18.44444465637207,255150,14.995172500610352
1994-02-17,18.72222137451172,18.77777862548828,18.27777862548828,18.27777862548828,243450,14.859676361083984
1994-02-18,18.22222137451172,18.61111068725586,18.22222137451172,18.5,139725,15.040334701538086
1994-02-22,18.5,18.5,18.166667938232422,18.333332061767578,167850,14.90483570098877
1994-02-23,18.27777862548828,18.61111068725586,18.22222137451172,18.22222137451172,263925,14.814509391784668
1994-02-24,18.27777862548828,18.333332061767578,17.833332061767578,17.94444465637207,134550,14.588678359985352
1994-02-25,17.77777862548828,17.77777862548828,17.27777862548828,17.55555534362793,533925,14.272509574890137
1994-02-28,17.666667938232422,18.5,17.666667938232422,18.333332061767578,433350,14.90483570098877
1994-03-01,18.22222137451172,18.38888931274414,18,18,281700,14.633844375610352
1994-03-02,17.88888931274414,17.88888931274414,17.5,17.72222137451172,625500,14.408016204833984
1994-03-03,17.77777862548828,18.11111068725586,17.77777862548828,17.88888931274414,352350,14.54350757598877
1994-03-04,17.833332061767578,18.5,17.833332061767578,18.44444465637207,252450,14.995172500610352
1994-03-07,18.77777862548828,18.77777862548828,18.666667938232422,18.77777862548828,366525,15.266170501708984
1994-03-08,18.72222137451172,18.833332061767578,18.55555534362793,18.77777862548828,846450,15.266170501708984
1994-03-09,18.833332061767578,19.22222137451172,18.833332061767578,19.05555534362793,1224450,15.492002487182617
1994-03-10,19.11111068725586,19.5,19,19,341100,15.446832656860352
1994-03-11,18.94444465637207,19,18.833332061767578,18.833332061767578,226575,15.311338424682617
1994-03-14,18.833332061767578,19.166667938232422,18.77777862548828,19.05555534362793,924975,15.492002487182617
1994-03-15,19.05555534362793,19.166667938232422,18.88888931274414,19,300375,15.446832656860352
1994-03-16,19.11111068725586,19.11111068725586,19,19.11111068725586,192150,15.537166595458984
1994-03-17,19.166667938232422,19.22222137451172,19,19.166667938232422,194850,15.582332611083984
1994-03-18,19.27777862548828,19.333332061767578,19,19,241650,15.446832656860352
1994-03-21,19.05555534362793,19.11111068725586,18.833332061767578,18.94444465637207,216000,15.401660919189453
1994-03-22,19.05555534362793,19.11111068725586,18.88888931274414,19,227475,15.446832656860352
1994-03-23,19.05555534362793,19.11111068725586,18.94444465637207,19,105750,15.446832656860352
1994-03-24,19,19,18.666667938232422,18.666667938232422,103050,15.17584228515625
1994-03-25,18.72222137451172,18.88888931274414,18.55555534362793,18.55555534362793,135450,15.085508346557617
1994-03-28,18.5,18.61111068725586,18.05555534362793,18.22222137451172,257850,14.814509391784668
1994-03-29,18.27777862548828,18.333332061767578,17.94444465637207,17.94444465637207,158175,14.588678359985352
1994-03-30,17.833332061767578,17.88888931274414,17.22222137451172,17.22222137451172,537975,14.001514434814453
1994-03-31,17.27777862548828,17.38888931274414,16.88888931274414,17.27777862548828,589275,14.046683311462402
1994-04-04,17,17.27777862548828,16.5,17.11111068725586,329850,13.91118335723877
1994-04-05,17.333332061767578,18.166667938232422,17.27777862548828,18.166667938232422,704700,14.769343376159668
1994-04-06,18.333332061767578,18.44444465637207,18.05555534362793,18.27777862548828,360675,14.859676361083984
1994-04-07,17.77777862548828,17.833332061767578,17.55555534362793,17.833332061767578,1501200,14.498342514038086
1994-04-08,17.72222137451172,17.77777862548828,17.61111068725586,17.61111068725586,272700,14.317675590515137
1994-04-11,17.666667938232422,17.666667938232422,17.38888931274414,17.44444465637207,292725,14.182180404663086
1994-04-12,17.55555534362793,17.61111068725586,17.11111068725586,17.11111068725586,244125,13.91118335723877
1994-04-13,17.11111068725586,17.27777862548828,16.94444465637207,17.05555534362793,480600,13.866015434265137
1994-04-14,17.11111068725586,17.11111068725586,17,17.11111068725586,151425,13.91118335723877
1994-04-15,17.05555534362793,17.166667938232422,17,17.166667938232422,161550,13.956352233886719
1994-04-18,17.166667938232422,17.166667938232422,17,17.05555534362793,119700,13.866015434265137
1994-04-19,17,17.166667938232422,16.72222137451172,16.94444465637207,1214775,13.77568531036377
1994-04-20,16.94444465637207,16.94444465637207,16.11111068725586,16.94444465637207,602550,13.77568531036377
1994-04-21,16.11111068725586,16.55555534362793,16,16.5,1028925,13.414359092712402
1994-04-22,16.666667938232422,16.72222137451172,16.61111068725586,16.666667938232422,303975,13.549856185913086
1994-04-25,16.72222137451172,17.22222137451172,16.72222137451172,17.166667938232422,241875,13.956352233886719
1994-04-26,17.22222137451172,17.27777862548828,17,17.05555534362793,237600,13.866015434265137
1994-04-28,17.166667938232422,17.22222137451172,16.77777862548828,16.77777862548828,258975,13.640183448791504
1994-04-29,16.88888931274414,16.88888931274414,16.666667938232422,16.833332061767578,148725,13.68535327911377
1994-05-02,16.94444465637207,17.333332061767578,16.77777862548828,17.166667938232422,529200,13.956352233886719
1994-05-03,17.22222137451172,17.5,17.22222137451172,17.44444465637207,432450,14.182180404663086
1994-05-04,17.5,17.5,17.38888931274414,17.44444465637207,411525,14.182180404663086
1994-05-05,17.44444465637207,17.5,17.333332061767578,17.5,93825,14.227349281311035
1994-05-06,17.333332061767578,17.333332061767578,17,17,209025,13.820850372314453
1994-05-09,17,17,16.55555534362793,16.55555534362793,145800,13.45952033996582
1994-05-10,16.666667938232422,17,16.666667938232422,17,420075,13.820850372314453
1994-05-11,16.94444465637207,16.94444465637207,16.666667938232422,16.77777862548828,307800,13.640183448791504
1994-05-12,16.77777862548828,16.77777862548828,16.5,16.61111068725586,293400,13.504687309265137
1994-05-13,16.72222137451172,16.72222137451172,16.5,16.61111068725586,365850,13.504687309265137
1994-05-16,16.61111068725586,16.61111068725586,16.44444465637207,16.5,306225,13.414359092712402
1994-05-17,16.61111068725586,16.61111068725586,16.166667938232422,16.27777862548828,247950,13.233688354492188
1994-05-18,16.44444465637207,16.72222137451172,16.38888931274414,16.72222137451172,356400,13.59501838684082
1994-05-19,16.77777862548828,17.5,16.77777862548828,17.38888931274414,475650,14.137012481689453
1994-05-20,17.333332061767578,17.44444465637207,17.333332061767578,17.38888931274414,164250,14.137012481689453
1994-05-23,17.44444465637207,17.666667938232422,17.166667938232422,17.27777862548828,171225,14.046683311462402
1994-05-24,17.333332061767578,17.333332061767578,17,17.11111068725586,423675,13.91118335723877
1994-05-25,17.11111068725586,17.11111068725586,16.72222137451172,16.77777862548828,840375,13.640183448791504
1994-05-26,16.833332061767578,17.11111068725586,16.77777862548828,17.05555534362793,276075,13.866015434265137
1994-05-27,16.88888931274414,16.88888931274414,16.72222137451172,16.77777862548828,220500,13.640183448791504
1994-05-31,16.77777862548828,16.77777862548828,16.61111068725586,16.666667938232422,283050,13.549856185913086
1994-06-01,16.666667938232422,16.666667938232422,16.44444465637207,16.5,438300,13.414359092712402
1994-06-02,16.55555534362793,16.88888931274414,16.5,16.88888931274414,768150,13.730520248413086
1994-06-03,17,17.38888931274414,17,17.333332061767578,245475,14.09184741973877
1994-06-06,17.27777862548828,17.77777862548828,17.22222137451172,17.77777862548828,574650,14.453176498413086
1994-06-07,17.77777862548828,18.38888931274414,17.77777862548828,18,617850,14.633844375610352
1994-06-08,17.88888931274414,18,17.77777862548828,17.833332061767578,287325,14.498342514038086
1994-06-09,17.88888931274414,17.88888931274414,17.61111068725586,17.666667938232422,85725,14.362844467163086
1994-06-10,17.77777862548828,17.833332061767578,17.666667938232422,17.77777862548828,243450,14.453176498413086
1994-06-13,17.72222137451172,17.77777862548828,17.666667938232422,17.77777862548828,82575,14.453176498413086
1994-06-14,17.77777862548828,17.88888931274414,17.61111068725586,17.77777862548828,216450,14.453176498413086
1994-06-15,17.88888931274414,17.88888931274414,17.77777862548828,17.833332061767578,160650,14.498342514038086
1994-06-16,17.833332061767578,17.94444465637207,17.833332061767578,17.94444465637207,330750,14.588678359985352
1994-06-17,17.94444465637207,17.94444465637207,17.55555534362793,17.55555534362793,238950,14.272509574890137
1994-06-20,17.38888931274414,17.44444465637207,17.166667938232422,17.166667938232422,429300,13.956352233886719
1994-06-21,17.27777862548828,17.27777862548828,16.88888931274414,16.88888931274414,357525,13.730520248413086
1994-06-22,16.88888931274414,17.05555534362793,16.88888931274414,17.05555534362793,149850,13.866015434265137
1994-06-23,16.94444465637207,17,16.61111068725586,16.666667938232422,401175,13.549856185913086
1994-06-24,16.61111068725586,16.61111068725586,16.44444465637207,16.5,179550,13.414359092712402
1994-06-27,16.38888931274414,16.44444465637207,16.22222137451172,16.333332061767578,184050,13.278857231140137
1994-06-28,16.44444465637207,16.72222137451172,16.44444465637207,16.61111068725586,294975,13.504687309265137
1994-06-29,16.72222137451172,16.94444465637207,16.61111068725586,16.88888931274414,196200,13.730520248413086
1994-06-30,16.77777862548828,16.88888931274414,16.55555534362793,16.55555534362793,109350,13.45952033996582
1994-07-01,16.55555534362793,16.833332061767578,16.55555534362793,16.666667938232422,179550,13.549856185913086
1994-07-05,17,17.166667938232422,16.833332061767578,17.166667938232422,419175,13.956352233886719
1994-07-06,17.27777862548828,17.44444465637207,17.166667938232422,17.44444465637207,287325,14.182180404663086
1994-07-07,17.5,17.88888931274414,17.44444465637207,17.88888931274414,309600,14.54350757598877
1994-07-08,17.88888931274414,17.94444465637207,17.666667938232422,17.833332061767578,635625,14.498342514038086
1994-07-11,17.833332061767578,17.833332061767578,17.666667938232422,17.72222137451172,183600,14.408016204833984
1994-07-12,17.77777862548828,17.77777862548828,17.38888931274414,17.55555534362793,343800,14.272509574890137
1994-07-13,17.55555534362793,17.61111068725586,17.38888931274414,17.61111068725586,779400,14.317675590515137
1994-07-14,17.72222137451172,18,17.666667938232422,17.88888931274414,667575,14.54350757598877
1994-07-15,17.94444465637207,18,17.88888931274414,18,358200,14.633844375610352
1994-07-18,18,18.05555534362793,17.77777862548828,17.94444465637207,364950,14.588678359985352
1994-07-19,18,18.05555534362793,17.833332061767578,18,714375,14.633844375610352
1994-07-20,17.88888931274414,17.88888931274414,17.61111068725586,17.77777862548828,131400,14.453176498413086
1994-07-21,17.666667938232422,17.833332061767578,17.61111068725586,17.666667938232422,428175,14.362844467163086
1994-07-22,17.72222137451172,17.833332061767578,17.666667938232422,17.72222137451172,234450,14.408016204833984
1994-07-25,17.666667938232422,17.72222137451172,17.55555534362793,17.55555534362793,218025,14.272509574890137
1994-07-26,17.61111068725586,17.666667938232422,17.5,17.61111068725586,107550,14.317675590515137
1994-07-27,17.55555534362793,17.61111068725586,17.44444465637207,17.44444465637207,47025,14.182180404663086
1994-07-28,17.55555534362793,17.55555534362793,17.38888931274414,17.38888931274414,56025,14.137012481689453
1994-07-29,17.5,17.77777862548828,17.44444465637207,17.72222137451172,326025,14.408016204833984
1994-08-01,17.833332061767578,17.94444465637207,17.666667938232422,17.94444465637207,166950,14.588678359985352
1994-08-02,17.88888931274414,17.88888931274414,17.55555534362793,17.55555534362793,268875,14.272509574890137
1994-08-03,17.61111068725586,18.11111068725586,17.61111068725586,18.11111068725586,240300,14.724172592163086
1994-08-04,18.166667938232422,18.27777862548828,18,18.27777862548828,475875,14.859676361083984
1994-08-05,18.11111068725586,18.44444465637207,18.11111068725586,18.44444465637207,371025,14.995172500610352
1994-08-08,18.333332061767578,18.38888931274414,18.11111068725586,18.22222137451172,689400,14.814509391784668
1994-08-09,18.27777862548828,18.333332061767578,18.22222137451172,18.27777862548828,353025,14.859676361083984
1994-08-10,18.27777862548828,19.11111068725586,18.27777862548828,19.11111068725586,1447650,15.537166595458984
1994-08-11,19.166667938232422,19.44444465637207,18.833332061767578,19.44444465637207,1342575,15.808155059814453
1994-08-12,19.44444465637207,19.44444465637207,19.22222137451172,19.38888931274414,513675,15.763002395629883
1994-08-15,19.38888931274414,19.38888931274414,19.27777862548828,19.38888931274414,762525,15.763002395629883
1994-08-16,19.27777862548828,19.333332061767578,19.166667938232422,19.27777862548828,636750,15.672660827636719
1994-08-17,19.333332061767578,19.5,19.22222137451172,19.44444465637207,498600,15.808155059814453
1994-08-18,19.38888931274414,20,19.333332061767578,20,1166850,16.25981330871582
1994-08-19,19.77777862548828,19.833332061767578,19.55555534362793,19.61111068725586,567675,15.943666458129883
1994-08-22,19.44444465637207,19.5,19.38888931274414,19.44444465637207,576000,15.808155059814453
1994-08-23,19.5,19.5,19.22222137451172,19.27777862548828,500175,15.672660827636719
1994-08-24,19.333332061767578,19.333332061767578,19.27777862548828,19.27777862548828,344475,15.672660827636719
1994-08-25,19.22222137451172,19.27777862548828,19.22222137451172,19.22222137451172,395550,15.627496719360352
1994-08-26,19.333332061767578,19.44444465637207,19.22222137451172,19.333332061767578,313425,15.717827796936035
1994-08-29,19.38888931274414,19.61111068725586,19.333332061767578,19.61111068725586,548775,15.943666458129883
1994-08-30,19.72222137451172,19.94444465637207,19.61111068725586,19.833332061767578,424800,16.12432861328125
1994-08-31,19.88888931274414,20,19.77777862548828,19.94444465637207,1111725,16.214656829833984
1994-09-01,19.833332061767578,19.88888931274414,19.666667938232422,19.77777862548828,281250,16.079158782958984
1994-09-02,19.88888931274414,19.88888931274414,19.72222137451172,19.77777862548828,103725,16.079158782958984
1994-09-06,19.72222137451172,19.77777862548828,19.55555534362793,19.666667938232422,90225,15.988832473754883
1994-09-07,19.666667938232422,19.666667938232422,19.44444465637207,19.5,260325,15.853325843811035
1994-09-08,19.5,19.5,19.333332061767578,19.5,225675,15.853325843811035
1994-09-09,19.38888931274414,19.38888931274414,19.11111068725586,19.22222137451172,85500,15.627496719360352
1994-09-12,19.166667938232422,19.333332061767578,19.11111068725586,19.166667938232422,232875,15.582332611083984
1994-09-13,19.27777862548828,19.666667938232422,19.22222137451172,19.22222137451172,521100,15.627496719360352
1994-09-14,19.22222137451172,19.333332061767578,19.166667938232422,19.333332061767578,141975,15.717827796936035
1994-09-15,19.38888931274414,19.72222137451172,19.333332061767578,19.55555534362793,195525,15.898494720458984
1994-09-16,19.55555534362793,19.61111068725586,19.333332061767578,19.55555534362793,727425,15.898494720458984
1994-09-19,19.44444465637207,19.55555534362793,19.333332061767578,19.5,316575,15.853325843811035
1994-09-20,19.55555534362793,19.55555534362793,19.38888931274414,19.44444465637207,100575,15.808155059814453
1994-09-21,19.5,19.5,19.333332061767578,19.38888931274414,184950,15.763002395629883
1994-09-22,19.5,19.5,19.333332061767578,19.333332061767578,129825,15.717827796936035
1994-09-23,19.44444465637207,19.55555534362793,19.27777862548828,19.27777862548828,205200,15.672660827636719
1994-09-26,19.27777862548828,19.5,19.22222137451172,19.44444465637207,147825,15.808155059814453
1994-09-27,19.44444465637207,19.44444465637207,19.333332061767578,19.38888931274414,188550,15.763002395629883
1994-09-28,19.38888931274414,20,19.38888931274414,19.833332061767578,870300,16.12432861328125
1994-09-29,19.833332061767578,20.11111068725586,19.77777862548828,19.94444465637207,385425,16.214656829833984
1994-09-30,20,20.38888931274414,19.94444465637207,20.38888931274414,533025,16.575990676879883
1994-10-03,20.333332061767578,21.166667938232422,20.333332061767578,21,758925,17.072813034057617
1994-10-04,20.88888931274414,21.27777862548828,20.88888931274414,21.22222137451172,1087200,17.253482818603516
1994-10-05,21.05555534362793,21.05555534362793,20.333332061767578,20.77777862548828,561150,16.892148971557617
1994-10-06,20.833332061767578,20.833332061767578,20.38888931274414,20.38888931274414,220500,16.575990676879883
1994-10-07,20.44444465637207,20.44444465637207,20.333332061767578,20.333332061767578,69075,16.530820846557617
1994-10-10,20.44444465637207,20.55555534362793,20.38888931274414,20.55555534362793,189675,16.711483001708984
1994-10-11,20.55555534362793,20.666667938232422,20.5,20.55555534362793,224550,16.711483001708984
1994-10-12,20.61111068725586,20.61111068725586,20.44444465637207,20.55555534362793,140175,16.711483001708984
1994-10-13,20.44444465637207,20.77777862548828,20.44444465637207,20.666667938232422,266175,16.801820755004883
1994-10-14,20.666667938232422,20.666667938232422,20.44444465637207,20.55555534362793,85050,16.711483001708984
1994-10-17,20.44444465637207,20.44444465637207,20.22222137451172,20.27777862548828,250425,16.485654830932617
1994-10-18,20.22222137451172,20.27777862548828,20.11111068725586,20.166667938232422,119025,16.39532470703125
1994-10-19,20.22222137451172,20.38888931274414,20.166667938232422,20.38888931274414,85500,16.575990676879883
1994-10-20,20.38888931274414,20.44444465637207,19.88888931274414,20,198900,16.25981330871582
1994-10-21,19.88888931274414,19.88888931274414,19.61111068725586,19.61111068725586,349200,15.943666458129883
1994-10-24,19.666667938232422,20.27777862548828,19.666667938232422,20.05555534362793,183150,16.304988861083984
1994-10-25,20.11111068725586,20.11111068725586,19.833332061767578,20.05555534362793,154575,16.304988861083984
1994-10-26,20,20.05555534362793,19.833332061767578,19.88888931274414,126675,16.169492721557617
1994-10-27,19.88888931274414,20.05555534362793,19.77777862548828,19.88888931274414,164700,16.169492721557617
1994-10-28,19.77777862548828,20.166667938232422,19.61111068725586,20.11111068725586,276750,16.350160598754883
1994-10-31,20.22222137451172,20.5,20.22222137451172,20.27777862548828,180000,16.485654830932617
1994-11-01,20.22222137451172,20.38888931274414,19.833332061767578,19.833332061767578,109575,16.12432861328125
1994-11-02,19.77777862548828,19.77777862548828,19.44444465637207,19.55555534362793,220950,15.898494720458984
1994-11-03,19.44444465637207,19.61111068725586,19.44444465637207,19.55555534362793,211275,15.898494720458984
1994-11-04,19.55555534362793,19.55555534362793,19.27777862548828,19.5,164475,15.853325843811035
1994-11-07,19.55555534362793,19.77777862548828,19.44444465637207,19.55555534362793,208350,15.898494720458984
1994-11-08,19.44444465637207,19.88888931274414,19.44444465637207,19.666667938232422,130500,15.988832473754883
1994-11-09,19.833332061767578,20.166667938232422,19.833332061767578,19.88888931274414,382050,16.169492721557617
1994-11-10,19.833332061767578,19.94444465637207,19.72222137451172,19.72222137451172,139500,16.033985137939453
1994-11-11,19.77777862548828,19.77777862548828,19.61111068725586,19.72222137451172,93375,16.033985137939453
1994-11-14,19.833332061767578,20.77777862548828,19.833332061767578,20.77777862548828,396225,16.892148971557617
1994-11-15,20.77777862548828,21,20.666667938232422,20.72222137451172,501975,16.84699249267578
1994-11-16,20.72222137451172,20.72222137451172,20.55555534362793,20.55555534362793,524250,16.711483001708984
1994-11-17,20.55555534362793,20.833332061767578,20.55555534362793,20.833332061767578,306450,16.937320709228516
1994-11-18,20.72222137451172,20.77777862548828,20.5,20.666667938232422,384300,16.801820755004883
1994-11-21,20.72222137451172,20.833332061767578,20.55555534362793,20.72222137451172,176625,16.84699249267578
1994-11-22,20.666667938232422,20.666667938232422,19.88888931274414,20.11111068725586,533925,16.350160598754883
1994-11-23,19.44444465637207,19.833332061767578,19.44444465637207,19.77777862548828,310275,16.079158782958984
1994-11-25,19.77777862548828,19.88888931274414,19.666667938232422,19.88888931274414,46800,16.169492721557617
1994-11-28,19.77777862548828,20,19.77777862548828,19.94444465637207,102600,16.214656829833984
1994-11-29,20.05555534362793,20.11111068725586,19.77777862548828,19.833332061767578,159975,16.12432861328125
1994-11-30,19.94444465637207,20,19.55555534362793,19.55555534362793,240300,15.898494720458984
1994-12-01,19.55555534362793,19.55555534362793,19.11111068725586,19.11111068725586,287775,15.537166595458984
1994-12-02,19.22222137451172,19.44444465637207,19.11111068725586,19.38888931274414,689850,15.763002395629883
1994-12-05,19.44444465637207,19.44444465637207,19.22222137451172,19.333332061767578,143775,15.717827796936035
1994-12-06,19.333332061767578,19.333332061767578,19.05555534362793,19.05555534362793,204075,15.492002487182617
1994-12-07,19.05555534362793,19.05555534362793,18.88888931274414,19,292050,15.446832656860352
1994-12-08,19.11111068725586,19.166667938232422,18.666667938232422,18.833332061767578,100800,15.311338424682617
1994-12-09,18.666667938232422,18.666667938232422,18.11111068725586,18.44444465637207,500625,14.995172500610352
1994-12-12,18.333332061767578,18.333332061767578,18.11111068725586,18.27777862548828,512550,14.859676361083984
1994-12-13,18.333332061767578,18.72222137451172,18.333332061767578,18.666667938232422,308700,15.17584228515625
1994-12-14,18.666667938232422,19.27777862548828,18.666667938232422,19.27777862548828,160425,15.672660827636719
1994-12-15,19.38888931274414,19.44444465637207,18.88888931274414,19.11111068725586,477675,15.537166595458984
1994-12-16,19.166667938232422,19.5,19.166667938232422,19.38888931274414,230850,15.763002395629883
1994-12-19,19.38888931274414,19.5,19.27777862548828,19.38888931274414,142200,15.763002395629883
1994-12-20,19.44444465637207,19.5,19.27777862548828,19.333332061767578,141525,15.717827796936035
1994-12-21,19.55555534362793,19.666667938232422,19.5,19.666667938232422,270900,15.988832473754883
1994-12-22,19.72222137451172,19.88888931274414,19.666667938232422,19.833332061767578,119475,16.12432861328125
1994-12-23,19.833332061767578,20,19.833332061767578,20,103725,16.25981330871582
1994-12-27,19.88888931274414,20.11111068725586,19.88888931274414,19.88888931274414,118800,16.169492721557617
1994-12-28,20,20.11111068725586,20,20.11111068725586,126000,16.350160598754883
1994-12-29,20.11111068725586,20.11111068725586,19.72222137451172,20,140625,16.25981330871582
1994-12-30,20.11111068725586,20.22222137451172,19.94444465637207,19.94444465637207,134100,16.214656829833984
1995-01-03,20.05555534362793,20.05555534362793,19.61111068725586,19.72222137451172,125775,16.033985137939453
1995-01-04,19.77777862548828,19.77777862548828,19.55555534362793,19.77777862548828,181125,16.079158782958984
1995-01-05,19.833332061767578,19.88888931274414,19.666667938232422,19.77777862548828,358875,16.079158782958984
1995-01-06,19.77777862548828,19.94444465637207,19.61111068725586,19.94444465637207,285075,16.214656829833984
1995-01-09,20,20.44444465637207,19.94444465637207,20.44444465637207,298800,16.621152877807617
1995-01-10,20.333332061767578,20.833332061767578,20.166667938232422,20.666667938232422,339525,16.801820755004883
1995-01-11,20.55555534362793,20.88888931274414,20.5,20.833332061767578,204750,16.937320709228516
1995-01-12,20.666667938232422,20.77777862548828,20.5,20.72222137451172,257850,16.84699249267578
1995-01-13,20.666667938232422,20.77777862548828,20.38888931274414,20.44444465637207,124875,16.621152877807617
1995-01-16,20.55555534362793,20.666667938232422,20.22222137451172,20.22222137451172,474750,16.440488815307617
1995-01-17,20.22222137451172,20.333332061767578,20.05555534362793,20.22222137451172,254700,16.440488815307617
1995-01-18,20.22222137451172,20.22222137451172,19.72222137451172,20,324900,16.25981330871582
1995-01-19,19.88888931274414,20.11111068725586,19.77777862548828,19.88888931274414,403875,16.169492721557617
1995-01-20,19.833332061767578,20.05555534362793,19.77777862548828,19.94444465637207,165150,16.214656829833984
1995-01-23,19.77777862548828,19.88888931274414,19.5,19.666667938232422,211950,15.988832473754883
1995-01-24,19.72222137451172,19.94444465637207,19.666667938232422,19.88888931274414,247275,16.169492721557617
1995-01-25,19.833332061767578,20,19.833332061767578,20,83025,16.25981330871582
1995-01-26,19.833332061767578,19.94444465637207,19.666667938232422,19.77777862548828,269100,16.079158782958984
1995-01-27,19.833332061767578,19.833332061767578,19.666667938232422,19.72222137451172,124200,16.033985137939453
1995-01-30,19.77777862548828,19.833332061767578,19.666667938232422,19.666667938232422,194850,15.988832473754883
1995-01-31,19.666667938232422,19.88888931274414,19.666667938232422,19.833332061767578,218250,16.12432861328125
1995-02-01,19.77777862548828,20,19.77777862548828,19.88888931274414,160425,16.169492721557617
1995-02-02,19.88888931274414,20.11111068725586,19.833332061767578,20.05555534362793,205650,16.304988861083984
1995-02-03,20.166667938232422,20.55555534362793,20,20.55555534362793,296550,16.711483001708984
1995-02-06,20.55555534362793,20.72222137451172,20.38888931274414,20.44444465637207,412650,16.621152877807617
1995-02-07,20.44444465637207,20.666667938232422,20.44444465637207,20.61111068725586,294525,16.756656646728516
1995-02-08,20.5,20.833332061767578,20.5,20.833332061767578,556650,16.937320709228516
1995-02-09,20.94444465637207,20.94444465637207,20.72222137451172,20.833332061767578,260775,16.937320709228516
1995-02-10,20.77777862548828,21,20.77777862548828,20.94444465637207,362700,17.027650833129883
1995-02-13,20.94444465637207,21.05555534362793,20.77777862548828,20.94444465637207,190125,17.027650833129883
1995-02-14,21,21.11111068725586,20.94444465637207,21.05555534362793,348075,17.117984771728516
1995-02-15,21,21.61111068725586,21,21.5,384975,17.479312896728516
1995-02-16,21.5,21.55555534362793,21.166667938232422,21.27777862548828,265500,17.298654556274414
1995-02-17,21.27777862548828,21.27777862548828,20.94444465637207,21.05555534362793,67050,17.117984771728516
1995-02-21,20.94444465637207,21.05555534362793,20.666667938232422,20.72222137451172,189450,16.84699249267578
1995-02-22,20.72222137451172,20.94444465637207,20.666667938232422,20.833332061767578,345150,16.937320709228516
1995-02-23,20.77777862548828,21.27777862548828,20.77777862548828,21.05555534362793,410625,17.117984771728516
1995-02-24,21,21.166667938232422,21,21.11111068725586,96075,17.163156509399414
1995-02-27,21,21.166667938232422,20.94444465637207,20.94444465637207,240750,17.027650833129883
1995-02-28,20.94444465637207,21.05555534362793,20.77777862548828,21.05555534362793,1581300,17.117984771728516
1995-03-01,20.94444465637207,21.38888931274414,20.94444465637207,21.333332061767578,560025,17.343820571899414
1995-03-02,21.38888931274414,21.44444465637207,21.166667938232422,21.38888931274414,324900,17.388978958129883
1995-03-03,21.333332061767578,21.44444465637207,21.22222137451172,21.333332061767578,251325,17.343820571899414
1995-03-06,21.22222137451172,21.72222137451172,21.22222137451172,21.72222137451172,477000,17.65997886657715
1995-03-07,21.61111068725586,21.833332061767578,21.38888931274414,21.5,307350,17.479312896728516
1995-03-08,21.61111068725586,21.61111068725586,21.44444465637207,21.5,189675,17.479312896728516
1995-03-09,21.44444465637207,22.05555534362793,21.38888931274414,21.833332061767578,301950,17.75031280517578
1995-03-10,21.94444465637207,22.27777862548828,21.94444465637207,21.94444465637207,414900,17.840646743774414
1995-03-13,22,22.05555534362793,21.833332061767578,22,287325,17.88580894470215
1995-03-14,21.88888931274414,22.5,21.88888931274414,22.44444465637207,252225,18.24713706970215
1995-03-15,22.333332061767578,22.666667938232422,22.333332061767578,22.5,336825,18.292299270629883
1995-03-16,22.44444465637207,22.61111068725586,22.27777862548828,22.5,171675,18.292299270629883
1995-03-17,22.55555534362793,22.55555534362793,22.38888931274414,22.5,675675,18.292299270629883
1995-03-20,22.55555534362793,22.61111068725586,22.44444465637207,22.5,136800,18.292299270629883
1995-03-21,22.61111068725586,22.61111068725586,22.44444465637207,22.55555534362793,247050,18.337465286254883
1995-03-22,22.38888931274414,22.38888931274414,22.11111068725586,22.27777862548828,407475,18.11163902282715
1995-03-23,22.27777862548828,22.44444465637207,22.22222137451172,22.27777862548828,614025,18.11163902282715
1995-03-24,22.27777862548828,22.833332061767578,22.22222137451172,22.666667938232422,252900,18.42780303955078
1995-03-27,22.77777862548828,22.77777862548828,22.44444465637207,22.55555534362793,250650,18.337465286254883
1995-03-28,22.5,22.666667938232422,22.22222137451172,22.22222137451172,703125,18.066471099853516
1995-03-29,22.11111068725586,22.833332061767578,22.11111068725586,22.666667938232422,744975,18.42780303955078
1995-03-30,22.666667938232422,22.72222137451172,22.22222137451172,22.61111068725586,970425,18.382638931274414
1995-03-31,22.55555534362793,22.61111068725586,22.44444465637207,22.61111068725586,495450,18.382638931274414
1995-04-03,22.61111068725586,22.72222137451172,22.38888931274414,22.44444465637207,144000,18.24713706970215
1995-04-04,22.44444465637207,22.44444465637207,22.166667938232422,22.166667938232422,462150,18.021310806274414
1995-04-05,22.166667938232422,22.27777862548828,22.166667938232422,22.22222137451172,166950,18.066471099853516
1995-04-06,22.333332061767578,22.333332061767578,22,22.05555534362793,192150,17.93097686767578
1995-04-07,22.05555534362793,22.166667938232422,21.72222137451172,21.94444465637207,582525,17.840646743774414
1995-04-10,21.77777862548828,22.88888931274414,21.77777862548828,22.88888931274414,665550,18.608470916748047
1995-04-11,22.88888931274414,22.88888931274414,22.55555534362793,22.666667938232422,283725,18.42780303955078
1995-04-12,22.55555534362793,22.77777862548828,22.55555534362793,22.72222137451172,164925,18.472970962524414
1995-04-13,22.666667938232422,23.55555534362793,22.666667938232422,23.38888931274414,893250,19.01496124267578
1995-04-17,23.38888931274414,24.27777862548828,23.38888931274414,24.22222137451172,514575,19.69245147705078
1995-04-18,24.11111068725586,24.166667938232422,23.77777862548828,23.833332061767578,245925,19.37628936767578
1995-04-19,23.88888931274414,24.11111068725586,23.77777862548828,23.77777862548828,296550,19.33112144470215
1995-04-20,23.833332061767578,23.94444465637207,23.72222137451172,23.77777862548828,403650,19.33112144470215
1995-04-21,23.94444465637207,23.94444465637207,23.61111068725586,23.61111068725586,594000,19.195619583129883
1995-04-24,23.55555534362793,23.72222137451172,23.55555534362793,23.72222137451172,446625,19.285961151123047
1995-04-25,23.77777862548828,23.833332061767578,23.61111068725586,23.72222137451172,481275,19.285961151123047
1995-04-26,23.77777862548828,24.38888931274414,23.77777862548828,24.11111068725586,696150,19.60211944580078
1995-04-27,24.22222137451172,24.333332061767578,24,24,440325,19.511789321899414
1995-04-28,23.94444465637207,24,23.88888931274414,23.94444465637207,346275,19.466629028320312
1995-05-01,24.05555534362793,24.55555534362793,24.05555534362793,24.22222137451172,301050,19.69245147705078
1995-05-02,24.166667938232422,24.22222137451172,24,24.05555534362793,270225,19.55695152282715
1995-05-03,24.11111068725586,24.166667938232422,23.94444465637207,24.11111068725586,451575,19.60211944580078
1995-05-04,24.11111068725586,24.44444465637207,24,24.22222137451172,304425,19.69245147705078
1995-05-05,24.333332061767578,24.38888931274414,24.11111068725586,24.166667938232422,151200,19.647279739379883
1995-05-08,24.05555534362793,24.333332061767578,24,24.333332061767578,206325,19.782785415649414
1995-05-09,24.44444465637207,24.5,24.22222137451172,24.333332061767578,332100,19.782785415649414
1995-05-10,24.44444465637207,25,24.38888931274414,24.94444465637207,628200,20.279617309570312
1995-05-11,25,25.333332061767578,24.88888931274414,25.166667938232422,732375,20.46027374267578
1995-05-12,25.11111068725586,25.77777862548828,25.11111068725586,25.333332061767578,686025,20.595783233642578
1995-05-15,25.44444465637207,25.55555534362793,25.333332061767578,25.55555534362793,393525,20.776447296142578
1995-05-16,25.44444465637207,25.55555534362793,25.333332061767578,25.5,287775,20.731277465820312
1995-05-17,25.27777862548828,25.333332061767578,24.94444465637207,25.22222137451172,302625,20.505447387695312
1995-05-18,25.11111068725586,25.166667938232422,25,25,208575,20.324777603149414
1995-05-19,24.77777862548828,24.77777862548828,24.5,24.5,449550,19.918285369873047
1995-05-22,24.61111068725586,24.94444465637207,24.61111068725586,24.833332061767578,338850,20.189285278320312
1995-05-23,24.833332061767578,24.88888931274414,24.666667938232422,24.666667938232422,200250,20.05377769470215
1995-05-24,24.55555534362793,25.05555534362793,24.55555534362793,24.88888931274414,362250,20.23444366455078
1995-05-25,24.833332061767578,25.5,24.75,25.333332061767578,322050,20.595783233642578
1995-05-26,25.333332061767578,25.333332061767578,24.916667938232422,25.083332061767578,218400,20.392528533935547
1995-05-30,25,25.166667938232422,24.583332061767578,24.583332061767578,323700,19.986038208007812
1995-05-31,24.666667938232422,24.666667938232422,23.916667938232422,24.166667938232422,393900,19.647279739379883
1995-06-01,24.25,24.5,24.083332061767578,24.25,671550,19.715038299560547
1995-06-02,24.333332061767578,24.333332061767578,23.75,24,257850,19.511789321899414
1995-06-05,24,24,23.833332061767578,24,211350,19.511789321899414
1995-06-06,24.166667938232422,24.25,23.916667938232422,24,295050,19.511789321899414
1995-06-07,23.916667938232422,23.916667938232422,23.25,23.583332061767578,751050,19.173038482666016
1995-06-08,23.583332061767578,24.083332061767578,23.5,24,361050,19.511789321899414
1995-06-09,23.833332061767578,24.083332061767578,23.833332061767578,23.916667938232422,186150,19.44404411315918
1995-06-12,23.75,23.916667938232422,23.666667938232422,23.75,172950,19.308536529541016
1995-06-13,23.583332061767578,24,23.5,24,298650,19.511789321899414
1995-06-14,24.166667938232422,25.25,24.083332061767578,24.666667938232422,829500,20.05377769470215
1995-06-15,24.833332061767578,26,24.833332061767578,25.75,812400,20.934526443481445
1995-06-16,25.833332061767578,26.25,25.5,25.75,311400,20.934526443481445
1995-06-19,25.916667938232422,26.5,25.916667938232422,26,442350,21.137773513793945
1995-06-20,26.25,26.416667938232422,26.083332061767578,26.416667938232422,367050,21.476526260375977
1995-06-21,26.416667938232422,26.416667938232422,26,26.25,391950,21.341018676757812
1995-06-22,26.333332061767578,26.416667938232422,26,26.25,270600,21.341018676757812
1995-06-23,26.333332061767578,26.916667938232422,26.25,26.666667938232422,218850,21.679763793945312
1995-06-26,26.833332061767578,27.333332061767578,26.75,26.916667938232422,390600,21.883010864257812
1995-06-27,26.916667938232422,27.166667938232422,26.5,26.75,317250,21.747514724731445
1995-06-28,26.75,26.833332061767578,26.5,26.583332061767578,131250,21.61200714111328
1995-06-29,26.666667938232422,26.75,26.333332061767578,26.583332061767578,168900,21.61200714111328
1995-06-30,26.5,26.916667938232422,26.416667938232422,26.833332061767578,221400,21.815269470214844
1995-07-03,27.083332061767578,27.833332061767578,27.083332061767578,27.75,157950,22.560504913330078
1995-07-05,27.833332061767578,29.25,27.666667938232422,29.166667938232422,991350,23.71224594116211
1995-07-06,29.25,29.416667938232422,28.666667938232422,29.166667938232422,442200,23.71224594116211
1995-07-07,29.416667938232422,29.916667938232422,29.083332061767578,29.916667938232422,751200,24.321985244750977
1995-07-10,29.833332061767578,30,29.166667938232422,29.583332061767578,823350,24.05099105834961
1995-07-11,29.666667938232422,29.666667938232422,29.166667938232422,29.333332061767578,234600,23.84773826599121
1995-07-12,29.25,29.333332061767578,28.583332061767578,29,288150,23.57674789428711
1995-07-13,29.333332061767578,29.5,29.166667938232422,29.25,553800,23.779998779296875
1995-07-14,29.083332061767578,29.666667938232422,29,29.666667938232422,451800,24.118741989135742
1995-07-17,29.583332061767578,29.583332061767578,28.75,28.916667938232422,319950,23.508996963500977
1995-07-18,29,29,28.333332061767578,28.416667938232422,359400,23.102500915527344
1995-07-19,28,28,26.666667938232422,27.583332061767578,705900,22.42500877380371
1995-07-20,27.416667938232422,28,27,27.833332061767578,482550,22.628253936767578
1995-07-21,28,28.166667938232422,27.833332061767578,28.083332061767578,298800,22.831493377685547
1995-07-24,28.166667938232422,29.5,28.166667938232422,29.25,666600,23.779998779296875
1995-07-25,29.583332061767578,29.583332061767578,29.25,29.25,597600,23.779998779296875
1995-07-26,29.5,29.666667938232422,29.333332061767578,29.666667938232422,301350,24.118741989135742
1995-07-27,29.666667938232422,29.666667938232422,29.333332061767578,29.416667938232422,309900,23.91550064086914
1995-07-28,29.5,29.5,28.916667938232422,29.166667938232422,207750,23.71224594116211
1995-07-31,29.25,29.25,28.333332061767578,28.5,614100,23.17024803161621
1995-08-01,28.583332061767578,28.666667938232422,27.75,28,411450,22.76375389099121
1995-08-02,28.166667938232422,28.333332061767578,28,28.083332061767578,318450,22.831493377685547
1995-08-03,28.25,28.333332061767578,27.75,28.25,210600,22.96700096130371
1995-08-04,28.166667938232422,28.25,28.083332061767578,28.166667938232422,156300,22.899250030517578
1995-08-07,28.166667938232422,28.666667938232422,28.083332061767578,28.166667938232422,243450,22.899250030517578
1995-08-08,28.333332061767578,28.666667938232422,27.916667938232422,28,461850,22.76375389099121
1995-08-09,28,28.25,27.833332061767578,27.833332061767578,661200,22.628253936767578
1995-08-10,28,28.083332061767578,27.333332061767578,27.333332061767578,406350,22.221755981445312
1995-08-11,27.333332061767578,27.75,27.333332061767578,27.583332061767578,639000,22.42500877380371
1995-08-14,27.75,28.25,27.75,28.166667938232422,394350,22.899250030517578
1995-08-15,28.166667938232422,28.166667938232422,27.75,27.833332061767578,304050,22.628253936767578
1995-08-16,28,28.083332061767578,27.833332061767578,28,337950,22.76375389099121
1995-08-17,28.25,28.666667938232422,28.166667938232422,28.666667938232422,675300,23.305747985839844
1995-08-18,28.666667938232422,28.666667938232422,28.333332061767578,28.333332061767578,305100,23.034753799438477
1995-08-21,28.25,28.666667938232422,28.25,28.583332061767578,128700,23.237995147705078
1995-08-22,28.583332061767578,28.666667938232422,28.5,28.583332061767578,241500,23.237995147705078
1995-08-23,28.666667938232422,28.833332061767578,28.166667938232422,28.333332061767578,340950,23.034753799438477
1995-08-24,28.333332061767578,28.333332061767578,27.833332061767578,27.833332061767578,332100,22.628253936767578
1995-08-25,28,28,27.5,27.5,192150,22.357254028320312
1995-08-28,27.666667938232422,27.75,27,27.166667938232422,303600,22.086265563964844
1995-08-29,27.166667938232422,27.25,27.083332061767578,27.25,381300,22.154014587402344
1995-08-30,27.333332061767578,27.666667938232422,27.333332061767578,27.333332061767578,421950,22.221755981445312
1995-08-31,27.666667938232422,28.75,27.666667938232422,28.75,466500,23.373498916625977
1995-09-01,28.583332061767578,28.916667938232422,28.416667938232422,28.75,270300,23.373498916625977
1995-09-05,28.833332061767578,29.416667938232422,28.833332061767578,29.083332061767578,453600,23.644489288330078
1995-09-06,29.25,29.666667938232422,29.166667938232422,29.583332061767578,216750,24.05099105834961
1995-09-07,29.833332061767578,30.083332061767578,29.666667938232422,29.666667938232422,393150,24.118741989135742
1995-09-08,29.833332061767578,30,29.75,30,220500,24.389741897583008
1995-09-11,30,30.583332061767578,29.916667938232422,30.5,269850,24.79623794555664
1995-09-12,30.5,30.666667938232422,30.333332061767578,30.583332061767578,352050,24.863981246948242
1995-09-13,30.666667938232422,31,30.666667938232422,30.833332061767578,416550,25.06722640991211
1995-09-14,30.916667938232422,31.166667938232422,30.833332061767578,31,767850,25.202733993530273
1995-09-15,30.833332061767578,30.833332061767578,30.416667938232422,30.583332061767578,237900,24.863981246948242
1995-09-18,30.666667938232422,30.833332061767578,30.166667938232422,30.25,284400,24.592988967895508
1995-09-19,30.166667938232422,30.166667938232422,29.75,30,181050,24.389741897583008
1995-09-20,30,30.666667938232422,30,30.5,299700,24.79623794555664
1995-09-21,30.666667938232422,30.666667938232422,30.166667938232422,30.416667938232422,126600,24.728485107421875
1995-09-22,30.25,30.25,29.916667938232422,30.166667938232422,409500,24.52523422241211
1995-09-25,30.083332061767578,30.083332061767578,29.666667938232422,29.75,385350,24.186485290527344
1995-09-26,29.75,30,29.583332061767578,30,394650,24.389741897583008
1995-09-27,30.166667938232422,30.166667938232422,29.5,29.5,159900,23.983243942260742
1995-09-28,29.5,30.166667938232422,29.416667938232422,30.166667938232422,361950,24.52523422241211
1995-09-29,30.25,30.916667938232422,30.25,30.916667938232422,425700,25.134979248046875
1995-10-02,31.083332061767578,31.25,31.041667938232422,31.166667938232422,334050,25.338228225708008
1995-10-03,31.166667938232422,31.5,30.833332061767578,30.916667938232422,304050,25.134979248046875
1995-10-04,30.75,30.75,29.916667938232422,30.083332061767578,153750,24.457487106323242
1995-10-05,29.833332061767578,29.916667938232422,29.25,29.333332061767578,475200,23.84773826599121
1995-10-06,29.5,30,29.5,29.916667938232422,212700,24.321985244750977
1995-10-09,30,30,29.166667938232422,29.333332061767578,261900,23.84773826599121
1995-10-10,29.166667938232422,29.166667938232422,28.25,28.333332061767578,355200,23.034753799438477
1995-10-11,28.416667938232422,28.916667938232422,28.416667938232422,28.666667938232422,196800,23.305747985839844
1995-10-12,28.75,29.25,28.583332061767578,29.25,313800,23.779998779296875
1995-10-13,29.583332061767578,29.916667938232422,29.5,29.75,213300,24.186485290527344
1995-10-16,29.833332061767578,30.25,29.583332061767578,29.666667938232422,127950,24.118741989135742
1995-10-17,29.583332061767578,30.416667938232422,29.333332061767578,30.333332061767578,198750,24.660730361938477
1995-10-18,30.75,30.916667938232422,30.583332061767578,30.666667938232422,109800,24.931737899780273
1995-10-19,30.5,30.583332061767578,30.333332061767578,30.333332061767578,195600,24.660730361938477
1995-10-20,30.25,30.25,29.5,29.666667938232422,244800,24.118741989135742
1995-10-23,29.5,29.666667938232422,29.166667938232422,29.666667938232422,295500,24.118741989135742
1995-10-24,29.833332061767578,29.916667938232422,29.333332061767578,29.416667938232422,214650,23.91550064086914
1995-10-25,29.166667938232422,29.25,28.666667938232422,28.75,819900,23.373498916625977
1995-10-26,28.75,29.416667938232422,28.75,29.416667938232422,430500,23.91550064086914
1995-10-27,29.25,29.333332061767578,29.083332061767578,29.083332061767578,215100,23.644489288330078
1995-10-30,29.333332061767578,30.25,29.25,30.25,95100,24.592988967895508
1995-10-31,30.583332061767578,30.666667938232422,30.416667938232422,30.666667938232422,304950,24.931737899780273
1995-11-01,30.583332061767578,30.666667938232422,30.166667938232422,30.25,217950,24.592988967895508
1995-11-02,30.583332061767578,30.666667938232422,30.416667938232422,30.666667938232422,390150,24.931737899780273
1995-11-03,30.666667938232422,31.5,30.5,31.416667938232422,355350,25.54147720336914
1995-11-06,31.416667938232422,31.666667938232422,31,31.166667938232422,591450,25.338228225708008
1995-11-07,30.916667938232422,31.166667938232422,30.833332061767578,31,240600,25.202733993530273
1995-11-08,31,31,30.666667938232422,30.666667938232422,317850,24.931737899780273
1995-11-09,31,32.16666793823242,31,32.08333206176758,612900,26.08346939086914
1995-11-10,32.16666793823242,33,32,32.83333206176758,490650,26.69321060180664
1995-11-13,32.83333206176758,32.83333206176758,32.33333206176758,32.58333206176758,328650,26.48996353149414
1995-11-14,32.58333206176758,33.33333206176758,32.41666793823242,33.16666793823242,218850,26.964210510253906
1995-11-15,33.16666793823242,33.25,33,33,174150,26.828718185424805
1995-11-16,33.25,33.66666793823242,33.16666793823242,33.58333206176758,475950,27.302963256835938
1995-11-17,33.66666793823242,34.33333206176758,33.66666793823242,34.16666793823242,282600,27.77720832824707
1995-11-20,34.08333206176758,34.33333206176758,33.25,33.25,319350,27.031965255737305
1995-11-21,33.25,33.41666793823242,32.5,32.91666793823242,467100,26.760957717895508
1995-11-22,32.91666793823242,33.25,32.5,32.5,213900,26.422216415405273
1995-11-24,32.66666793823242,32.83333206176758,32.5,32.75,61050,26.625471115112305
1995-11-27,32.75,32.75,32.41666793823242,32.58333206176758,739800,26.48996353149414
1995-11-28,31.666667938232422,32.33333206176758,31.666667938232422,32.25,1840950,26.218963623046875
1995-11-29,32.41666793823242,32.83333206176758,32.33333206176758,32.75,448650,26.625471115112305
1995-11-30,32.75,33,32.41666793823242,33,816450,26.828718185424805
1995-12-01,33,33,32.75,33,550650,26.828718185424805
1995-12-04,32.91666793823242,33.33333206176758,32.91666793823242,33.33333206176758,645300,27.099708557128906
1995-12-05,33.5,33.5,33.25,33.5,216450,27.235214233398438
1995-12-06,33.58333206176758,33.66666793823242,33.16666793823242,33.41666793823242,340500,27.167455673217773
1995-12-07,33.66666793823242,33.66666793823242,33.25,33.33333206176758,211350,27.099708557128906
1995-12-08,33.33333206176758,33.33333206176758,32.66666793823242,32.66666793823242,86850,26.55771827697754
1995-12-11,33,33.08333206176758,32.75,33,275550,26.828718185424805
1995-12-12,32.83333206176758,32.91666793823242,32.75,32.91666793823242,227100,26.760957717895508
1995-12-13,32.91666793823242,32.91666793823242,32.58333206176758,32.66666793823242,347400,26.55771827697754
1995-12-14,32.66666793823242,32.66666793823242,32.41666793823242,32.41666793823242,477300,26.354467391967773
1995-12-15,32.33333206176758,32.58333206176758,32.33333206176758,32.58333206176758,322650,26.48996353149414
1995-12-18,32.5,32.58333206176758,31.75,31.916667938232422,438150,25.947969436645508
1995-12-19,31.916667938232422,32.83333206176758,31.75,32.83333206176758,343500,26.69321060180664
1995-12-20,32.66666793823242,33.08333206176758,32.41666793823242,32.58333206176758,386850,26.48996353149414
1995-12-21,32.58333206176758,32.58333206176758,32.25,32.5,303600,26.422216415405273
1995-12-22,32.5,32.58333206176758,32.33333206176758,32.58333206176758,277200,26.48996353149414
1995-12-26,32.58333206176758,33.33333206176758,32.5,33.25,192300,27.031965255737305
1995-12-27,33.25,33.75,33.08333206176758,33.58333206176758,307350,27.302963256835938
1995-12-28,33.5,34.41666793823242,33.5,34.08333206176758,539100,27.709455490112305
1995-12-29,34.16666793823242,34.66666793823242,33.83333206176758,34.66666793823242,310800,28.183698654174805
1996-01-02,34.5,34.5,33.91666793823242,34.08333206176758,296700,27.709455490112305
1996-01-03,34.08333206176758,34.08333206176758,33.58333206176758,33.58333206176758,168000,27.302963256835938
1996-01-04,33.75,33.91666793823242,32.83333206176758,33.16666793823242,207000,26.964210510253906
1996-01-05,33,33.41666793823242,32.83333206176758,33.08333206176758,280500,26.896465301513672
1996-01-08,32.91666793823242,32.91666793823242,32.58333206176758,32.83333206176758,81000,26.69321060180664
1996-01-09,33,33,32.5,32.58333206176758,177450,26.48996353149414
1996-01-10,32.16666793823242,32.16666793823242,30.416667938232422,30.666667938232422,896550,24.931737899780273
1996-01-11,31,31.5,31,31.5,362100,25.60922622680664
1996-01-12,31.333332061767578,32.16666793823242,31.166667938232422,32,351000,26.01572036743164
1996-01-15,32.16666793823242,32.33333206176758,32,32.08333206176758,540900,26.08346939086914
1996-01-16,32.08333206176758,32.08333206176758,31.583332061767578,31.916667938232422,284100,25.947969436645508
1996-01-17,31.916667938232422,32,31.75,31.916667938232422,178500,25.947969436645508
1996-01-18,32.08333206176758,32.58333206176758,32.08333206176758,32.41666793823242,491100,26.354467391967773
1996-01-19,32.58333206176758,33,32.5,32.83333206176758,472200,26.69321060180664
1996-01-22,33,33.08333206176758,32.5,32.66666793823242,591600,26.55771827697754
1996-01-23,32.83333206176758,32.91666793823242,32.5,32.66666793823242,492600,26.55771827697754
1996-01-24,32.75,33.33333206176758,32.66666793823242,33.33333206176758,477600,27.099708557128906
1996-01-25,33.66666793823242,34.75,33.5,34.66666793823242,724650,28.18707847595215
1996-01-26,34.66666793823242,35.91666793823242,34.41666793823242,35.91666793823242,1107900,29.20343589782715
1996-01-29,35.91666793823242,36.91666793823242,35.75,36.83333206176758,807900,29.948780059814453
1996-01-30,36.66666793823242,36.75,36.33333206176758,36.33333206176758,262950,29.54222297668457
1996-01-31,36,36.41666793823242,35.91666793823242,36.25,363300,29.47447395324707
1996-02-01,36.66666793823242,37.08333206176758,36.66666793823242,37.08333206176758,412650,30.15204429626465
1996-02-02,37.25,37.5,36.83333206176758,36.91666793823242,200400,30.016536712646484
1996-02-05,36.75,37.08333206176758,36.66666793823242,36.83333206176758,333600,29.948780059814453
1996-02-06,36.83333206176758,36.91666793823242,36.5,36.58333206176758,356850,29.745502471923828
1996-02-07,36.66666793823242,36.83333206176758,35.5,35.66666793823242,310950,29.000158309936523
1996-02-08,35.58333206176758,35.91666793823242,35.33333206176758,35.41666793823242,544050,28.796899795532227
1996-02-09,35.25,35.75,35.08333206176758,35.5,343050,28.86466407775879
1996-02-12,35.5,36.58333206176758,35.25,36.5,602100,29.677745819091797
1996-02-13,36.16666793823242,36.41666793823242,35.75,36.33333206176758,543750,29.54222297668457
1996-02-14,36.16666793823242,36.41666793823242,35.91666793823242,36.41666793823242,644400,29.6099853515625
1996-02-15,36.33333206176758,37.5,36.33333206176758,37.41666793823242,1063500,30.423067092895508
1996-02-16,37.16666793823242,37.41666793823242,37,37.33333206176758,699000,30.355316162109375
1996-02-20,37.08333206176758,37.08333206176758,36.58333206176758,36.75,416100,29.881011962890625
1996-02-21,36.5,36.66666793823242,36.08333206176758,36.66666793823242,639150,29.813251495361328
1996-02-22,36.83333206176758,37.83333206176758,36.75,37.16666793823242,388500,30.21980857849121
1996-02-23,37.33333206176758,37.58333206176758,37.16666793823242,37.58333206176758,235200,30.55858612060547
1996-02-26,37.41666793823242,37.66666793823242,37.16666793823242,37.16666793823242,245100,30.21980857849121
1996-02-27,37.41666793823242,37.5,37.16666793823242,37.25,373500,30.287569046020508
1996-02-28,37.25,37.33333206176758,36.83333206176758,36.83333206176758,126450,29.948780059814453
1996-02-29,36.66666793823242,36.66666793823242,36.16666793823242,36.5,513600,29.677745819091797
1996-03-01,36.25,36.33333206176758,35.66666793823242,35.91666793823242,364050,29.20343589782715
1996-03-04,36.33333206176758,36.91666793823242,36.33333206176758,36.75,232350,29.881011962890625
1996-03-05,36.75,37.08333206176758,36.66666793823242,37,511650,30.084291458129883
1996-03-06,37,37.5,37,37.33333206176758,596700,30.355316162109375
1996-03-07,37.41666793823242,38.25,37.33333206176758,38.25,501450,31.100656509399414
1996-03-08,38.16666793823242,39.33333206176758,37,38.66666793823242,1329900,31.439434051513672
1996-03-11,38.66666793823242,38.83333206176758,37.83333206176758,38.66666793823242,1889100,31.439434051513672
1996-03-12,38.5,38.75,38.41666793823242,38.75,510300,31.507204055786133
1996-03-13,39,40.08333206176758,38.66666793823242,40,1416750,32.523555755615234
1996-03-14,39.83333206176758,40.66666793823242,39.75,40.41666793823242,881400,32.862327575683594
1996-03-15,40.25,40.66666793823242,40.25,40.41666793823242,1126500,32.862327575683594
1996-03-18,40.58333206176758,41.08333206176758,40.41666793823242,40.83333206176758,1141350,33.20112609863281
1996-03-19,40.66666793823242,40.75,40.33333206176758,40.33333206176758,473550,32.79458236694336
1996-03-20,40.33333206176758,40.41666793823242,40.16666793823242,40.33333206176758,516300,32.79458236694336
1996-03-21,40.25,40.41666793823242,40.16666793823242,40.25,453450,32.72682571411133
1996-03-22,40.41666793823242,40.41666793823242,40.33333206176758,40.41666793823242,120750,32.862327575683594
1996-03-25,40.41666793823242,40.83333206176758,40.41666793823242,40.66666793823242,714900,33.06559753417969
1996-03-26,40.66666793823242,41.66666793823242,40.58333206176758,41.58333206176758,1887300,33.81093978881836
1996-03-27,42,42.08333206176758,41.66666793823242,41.83333206176758,337050,34.01420593261719
1996-03-28,41.66666793823242,41.75,41.25,41.5,938850,33.74317932128906
1996-03-29,41.25,41.25,39.66666793823242,39.91666793823242,380550,32.45580291748047
1996-04-01,39.91666793823242,40.75,39.91666793823242,40.66666793823242,492150,33.06559753417969
1996-04-02,40.66666793823242,40.66666793823242,40.33333206176758,40.41666793823242,229050,32.862327575683594
1996-04-03,40.25,40.66666793823242,40.16666793823242,40.66666793823242,259050,33.06559753417969
1996-04-04,40.66666793823242,41.08333206176758,40.41666793823242,40.91666793823242,173550,33.26887512207031
1996-04-08,40,40.08333206176758,39.75,40.08333206176758,358950,32.59130859375
1996-04-09,40.5,40.5,40.08333206176758,40.25,210450,32.72682571411133
1996-04-10,40.08333206176758,40.25,39.08333206176758,39.16666793823242,264000,31.845977783203125
1996-04-11,39.16666793823242,39.16666793823242,38.83333206176758,38.91666793823242,398850,31.642717361450195
1996-04-12,39.66666793823242,40.16666793823242,39.58333206176758,39.75,543900,32.320289611816406
1996-04-15,39.91666793823242,40.25,39.58333206176758,40.16666793823242,405300,32.659061431884766
1996-04-16,40,40.58333206176758,40,40.58333206176758,198450,32.99785232543945
1996-04-17,40.58333206176758,40.75,40,40.16666793823242,382950,32.659061431884766
1996-04-18,40.33333206176758,40.41666793823242,39.83333206176758,40,907050,32.523555755615234
1996-04-19,40,40.16666793823242,40,40,355050,32.523555755615234
1996-04-22,40.16666793823242,40.33333206176758,40,40,184650,32.523555755615234
1996-04-23,40,40.08333206176758,39.83333206176758,40,414300,32.523555755615234
1996-04-24,40.16666793823242,41.41666793823242,40.08333206176758,41.16666793823242,879300,33.472145080566406
1996-04-25,41.16666793823242,41.16666793823242,40.75,41,282900,33.336647033691406
1996-04-26,41.16666793823242,41.25,40.75,40.75,392550,33.133365631103516
1996-04-29,40.83333206176758,41.58333206176758,40.83333206176758,41.58333206176758,318000,33.81093978881836
1996-04-30,41.58333206176758,41.66666793823242,41.08333206176758,41.08333206176758,221550,33.404388427734375
1996-05-01,41.16666793823242,41.33333206176758,41,41.25,144450,33.5399055480957
1996-05-02,41.16666793823242,41.25,40.16666793823242,40.25,108150,32.72682571411133
1996-05-03,40.25,40.83333206176758,40,40,355350,32.523555755615234
1996-05-06,39.83333206176758,40.33333206176758,39.83333206176758,40.16666793823242,109500,32.659061431884766
1996-05-07,40.33333206176758,40.91666793823242,40.08333206176758,40.08333206176758,486150,32.59130859375
1996-05-08,40.08333206176758,40.08333206176758,39.41666793823242,39.75,263100,32.320289611816406
1996-05-09,39.66666793823242,41,39.66666793823242,41,480450,33.336647033691406
1996-05-10,41.16666793823242,42.16666793823242,41.08333206176758,42,488850,34.14973831176758
1996-05-13,42,42.58333206176758,41.91666793823242,42.41666793823242,413400,34.488525390625
1996-05-14,42.41666793823242,42.41666793823242,41.83333206176758,42.08333206176758,588600,34.217491149902344
1996-05-15,42.16666793823242,42.25,41.91666793823242,41.91666793823242,232650,34.08197021484375
1996-05-16,41.91666793823242,42.58333206176758,41.75,42.58333206176758,585750,34.62403869628906
1996-05-17,42.75,43.33333206176758,42.75,42.91666793823242,267150,34.89506912231445
1996-05-20,43.25,43.25,43,43.08333206176758,223650,35.030574798583984
1996-05-21,43.16666793823242,43.25,42.58333206176758,42.58333206176758,228000,34.62403869628906
1996-05-22,42.66666793823242,42.83333206176758,42,42.75,220800,34.759559631347656
1996-05-23,42.83333206176758,43.5,42.83333206176758,43.33333206176758,642900,35.23384475708008
1996-05-24,43.33333206176758,43.75,43.33333206176758,43.5,254100,35.369354248046875
1996-05-28,43.58333206176758,43.75,42.25,42.58333206176758,177900,34.62403869628906
1996-05-29,42.66666793823242,42.83333206176758,42.25,42.33333206176758,151500,34.42076873779297
1996-05-30,42.16666793823242,42.25,41.91666793823242,42.25,225000,34.35299301147461
1996-05-31,42.25,42.66666793823242,41.83333206176758,42.5,207600,34.556270599365234
1996-06-03,42.83333206176758,43.08333206176758,42.16666793823242,42.5,228000,34.556270599365234
1996-06-04,42.5,42.83333206176758,42.5,42.75,150300,34.759559631347656
1996-06-05,42.83333206176758,44,42.66666793823242,43.91666793823242,477750,35.7081413269043
1996-06-06,43.875,44.375,43.25,43.875,249000,35.67427444458008
1996-06-07,43.875,43.875,42.5,43.75,299800,35.572628021240234
1996-06-10,43.875,43.875,42.875,43,105500,34.96281051635742
1996-06-11,43.125,43.625,42.375,43.625,186400,35.47098922729492
1996-06-12,43.625,43.875,43.5,43.875,189500,35.67427444458008
1996-06-13,43.875,43.875,42.875,43.5,153300,35.369354248046875
1996-06-14,43.75,43.875,43.125,43.5,135600,35.369354248046875
1996-06-17,43,43,41.875,42.25,190100,34.35299301147461
1996-06-18,42,42.25,41,41.125,258000,33.43828201293945
1996-06-19,41,41.5,41,41.375,423500,33.64154052734375
1996-06-20,41.5,41.625,40.75,41,252000,33.336647033691406
1996-06-21,41,41.25,40.625,40.75,245700,33.133365631103516
1996-06-24,40.625,41.5,40.125,40.875,241900,33.235008239746094
1996-06-25,41.25,41.25,40.125,40.25,450700,32.72682571411133
1996-06-26,40.375,40.625,38.875,40,665600,32.523555755615234
1996-06-27,40.25,41,40,40.75,276100,33.133365631103516
1996-06-28,41.25,41.75,41,41.625,586300,33.84481430053711
1996-07-01,41.75,41.875,41.375,41.5,203300,33.74317932128906
1996-07-02,41.75,41.875,41.25,41.375,269400,33.64154052734375
1996-07-03,41.25,41.25,40.75,41.125,173800,33.43828201293945
1996-07-05,40.25,40.875,40,40.75,110300,33.133365631103516
1996-07-08,40.25,40.75,39.75,40.125,283700,32.62519454956055
1996-07-09,39.875,40.125,39.5,39.875,157400,32.42192840576172
1996-07-10,40.125,40.25,39.375,39.75,206400,32.320289611816406
1996-07-11,39.375,39.375,37.5,38.5,410200,31.303909301757812
1996-07-12,39,39,37.5,37.875,256100,30.79574203491211
1996-07-15,38.125,38.125,35.5,35.875,360300,29.169553756713867
1996-07-16,34.75,36.625,33.75,36.5,623800,29.677745819091797
1996-07-17,37,37.75,36.5,37.5,354900,30.490829467773438
1996-07-18,37.5,37.625,37.125,37.625,407200,30.592470169067383
1996-07-19,37.75,37.875,36.75,37.375,279200,30.389190673828125
1996-07-22,37.125,37.25,36.75,37,608600,30.084291458129883
1996-07-23,37,37,35,35.125,381000,28.559741973876953
1996-07-24,33.5,34.625,31.75,34.375,624500,27.949935913085938
1996-07-25,34.5,36,34.5,35.625,313100,28.96628189086914
1996-07-26,35.5,36.625,35.5,36.25,495300,29.47447395324707
1996-07-29,36.25,37.25,36.25,36.5,453500,29.677745819091797
1996-07-30,36.75,36.875,35.75,36.625,228600,29.779373168945312
1996-07-31,36.875,37.375,36.625,37.375,335200,30.389190673828125
1996-08-01,37.25,38.125,37.25,37.875,248700,30.79574203491211
1996-08-02,38.125,39,38,39,862100,31.710472106933594
1996-08-05,39.625,39.625,38.625,38.75,275200,31.507204055786133
1996-08-06,38.625,38.75,38.125,38.375,259000,31.202287673950195
1996-08-07,38.625,39,38.125,38.75,129000,31.507204055786133
1996-08-08,39.25,40.625,39.25,39.375,234100,32.0153694152832
1996-08-09,39.125,39.5,38.625,38.875,277700,31.608835220336914
1996-08-12,38.375,39.125,38.25,38.875,338600,31.608835220336914
1996-08-13,39,40.25,38.875,40,277300,32.523555755615234
1996-08-14,40.375,40.5,39.75,40,299000,32.523555755615234
1996-08-15,40.125,40.25,39.875,40,319000,32.523555755615234
1996-08-16,39.75,39.875,39.25,39.5,151800,32.11701202392578
1996-08-19,40,40.125,39.25,39.375,186800,32.0153694152832
1996-08-20,39.5,39.5,38.875,38.875,161000,31.608835220336914
1996-08-21,39.125,39.5,38.875,38.875,148000,31.608835220336914
1996-08-22,39,39.875,38.875,39.75,237700,32.320289611816406
1996-08-23,39.75,40.625,39.75,40.125,348500,32.62519454956055
1996-08-26,40.25,40.75,40,40.125,197200,32.62519454956055
1996-08-27,40,40.625,40,40.5,94800,32.930084228515625
1996-08-28,40.5,41.25,40.375,40.75,255300,33.133365631103516
1996-08-29,40.5,40.875,40.5,40.625,137800,33.03172302246094
1996-08-30,40.75,40.875,39.375,39.625,92700,32.2186393737793
1996-09-03,38.875,38.875,38,38,312000,30.897367477416992
1996-09-04,37.875,38.625,37.375,38.25,279900,31.100656509399414
1996-09-05,38.25,38.625,38.125,38.25,130500,31.100656509399414
1996-09-06,38.5,39.375,38.375,39,72300,31.710472106933594
1996-09-09,39,39.5,39,39.5,138100,32.11701202392578
1996-09-10,39.5,40,39.125,39.625,96800,32.2186393737793
1996-09-11,39.375,39.875,39.125,39.625,104600,32.2186393737793
1996-09-12,39.5,39.75,39.25,39.625,136500,32.2186393737793
1996-09-13,39.5,39.5,38.75,38.875,385000,31.608835220336914
1996-09-16,39.375,39.625,39,39.5,249900,32.11701202392578
1996-09-17,40,40,39.375,39.5,176700,32.11701202392578
1996-09-18,39.5,39.875,38.625,38.75,271300,31.507204055786133
1996-09-19,38.875,39.25,38,38.125,743200,30.999021530151367
1996-09-20,38.125,38.125,37,38,365500,30.897367477416992
1996-09-23,38,39.25,37.25,39.25,420000,31.913732528686523
1996-09-24,39.75,39.75,39.25,39.375,441000,32.0153694152832
1996-09-25,39.5,40.25,39.375,40.25,376400,32.72682571411133
1996-09-26,40.375,40.75,39.625,40.5,488300,32.930084228515625
1996-09-27,40.25,40.625,40.25,40.375,282200,32.828460693359375
1996-09-30,40.375,41,40.375,40.5,284900,32.930084228515625
1996-10-01,40.75,40.875,40.25,40.875,365600,33.235008239746094
1996-10-02,40.625,41.125,40.625,41.125,153300,33.43828201293945
1996-10-03,40.875,40.875,40,40.125,379100,32.62519454956055
1996-10-04,40.125,40.125,39.375,39.625,268400,32.2186393737793
1996-10-07,39.75,40,39.125,39.25,255700,31.913732528686523
1996-10-08,39,39.125,38.75,38.875,182800,31.608835220336914
1996-10-09,39,39,38.125,38.25,125200,31.100656509399414
1996-10-10,38.5,38.5,37.75,38,138600,30.897367477416992
1996-10-11,37.875,38.875,37.5,37.625,317900,30.592470169067383
1996-10-14,37.875,38.375,37.75,37.75,154600,30.694095611572266
1996-10-15,38.125,38.625,37.75,38.375,362700,31.202287673950195
1996-10-16,38.625,38.625,37.625,37.875,208200,30.79574203491211
1996-10-17,37.75,38,37.5,38,182900,30.897367477416992
1996-10-18,37.625,38,37.625,38,633800,30.897367477416992
1996-10-21,38,38.125,37.5,37.5,541100,30.490829467773438
1996-10-22,37.25,37.5,36.375,36.375,723900,29.576107025146484
1996-10-23,36.875,38.25,36.375,38.125,521500,30.999021530151367
1996-10-24,37.5,37.75,37.25,37.5,356500,30.490829467773438
1996-10-25,37.75,38,37.5,37.625,167000,30.592470169067383
1996-10-28,37.375,37.875,36.875,36.875,249400,29.98265266418457
1996-10-29,36.875,37.25,36.625,36.875,192600,29.98265266418457
1996-10-30,36.75,36.875,35.875,36,279100,29.27119255065918
1996-10-31,36.125,36.75,36,36.5,277500,29.677745819091797
1996-11-01,36.5,36.875,35.375,35.75,264600,29.067914962768555
1996-11-04,36.125,36.125,35.375,35.75,222800,29.067914962768555
1996-11-05,35.5,35.5,35.125,35.375,343400,28.763017654418945
1996-11-06,35.125,36.25,35.125,35.875,774300,29.169553756713867
1996-11-07,36,36.25,35,35.25,1069200,28.661376953125
1996-11-08,35.75,36.125,35,36.125,800700,29.372835159301758
1996-11-11,35.875,36.5,35.875,36.25,423700,29.47447395324707
1996-11-12,36.375,36.375,35.75,35.875,345500,29.169553756713867
1996-11-13,35.5,35.75,35.25,35.25,458100,28.661376953125
1996-11-14,35.5,37.625,35.25,37.5,329700,30.490829467773438
1996-11-15,37.75,37.875,37,37.5,461500,30.490829467773438
1996-11-18,37.625,38.25,37.25,37.5,306500,30.490829467773438
1996-11-19,37.625,37.75,37.25,37.625,177700,30.592470169067383
1996-11-20,37.625,37.75,37.125,37.25,455700,30.287569046020508
1996-11-21,37.125,37.25,36.625,36.625,421000,29.779373168945312
1996-11-22,36.875,36.875,36.25,36.375,281800,29.576107025146484
1996-11-25,36.25,36.5,35.75,36,233700,29.27119255065918
1996-11-26,36.125,36.125,35,35,465900,28.458118438720703
1996-11-27,35.25,36.125,35.125,36.125,918900,29.372835159301758
1996-11-29,36,36.75,36,36.25,139600,29.47447395324707
1996-12-02,36.375,36.375,36,36.375,132700,29.576107025146484
1996-12-03,36.5,37.125,36.5,36.5,321200,29.677745819091797
1996-12-04,36.75,36.75,35.75,36.25,244400,29.47447395324707
1996-12-05,36.25,36.625,35.5,35.5,237300,28.86466407775879
1996-12-06,35.125,35.25,34.625,35.125,429400,28.559741973876953
1996-12-09,35.375,36,35.25,35.75,269200,29.067914962768555
1996-12-10,35.5,35.75,35,35.375,530600,28.763017654418945
1996-12-11,34.875,35,34.125,34.375,273400,27.949935913085938
1996-12-12,34.125,34.5,32.5,32.875,1126500,26.73029327392578
1996-12-13,32.625,32.75,31,31.25,1070100,25.409032821655273
1996-12-16,31.25,31.375,29.75,30.375,2148500,24.69757080078125
1996-12-17,30.75,31.25,30.5,31.25,1239300,25.409032821655273
1996-12-18,31.125,31.75,31,31.375,1671700,25.510662078857422
1996-12-19,31.5,32.375,31.375,31.5,2531600,25.612300872802734
1996-12-20,33,34.625,32.875,34.375,1811000,27.949935913085938
1996-12-23,34.5,36.875,34.5,36.75,1143500,29.881011962890625
1996-12-24,36.875,37,36,36.125,302200,29.372835159301758
1996-12-26,36.125,36.5,36.125,36.25,223000,29.47447395324707
1996-12-27,36.625,38.25,36.125,37.75,501600,30.694095611572266
1996-12-30,38,38.25,37.25,38,553900,30.897367477416992
1996-12-31,38.625,41.25,38.375,41.25,6210400,33.5399055480957
1997-01-02,40.5,40.5,38.625,39.125,3362700,31.812103271484375
1997-01-03,39,39.875,39,39.625,906900,32.2186393737793
1997-01-06,39.625,39.625,38.125,38.625,844000,31.40555191040039
1997-01-07,38.625,38.75,37.75,38.125,1104200,30.999021530151367
1997-01-08,38.125,38.25,38,38.125,415900,30.999021530151367
1997-01-09,38.125,38.125,37.375,37.625,591500,30.592470169067383
1997-01-10,37.125,37.125,36.375,36.75,535400,29.881011962890625
1997-01-13,36.75,37.25,36,36.125,487700,29.372835159301758
1997-01-14,35.875,37.125,35.875,36.875,424600,29.98265266418457
1997-01-15,36.875,37,36.5,36.5,197400,29.677745819091797
1997-01-16,36.5,37.125,36.125,36.5,221300,29.677745819091797
1997-01-17,36.5,36.875,36.5,36.75,414700,29.881011962890625
1997-01-20,36.75,36.75,36.375,36.625,257400,29.779373168945312
1997-01-21,36.375,36.875,36.25,36.875,357200,29.98265266418457
1997-01-22,37,37.5,37,37.5,469900,30.490829467773438
1997-01-23,37.75,38.25,36.125,36.25,323500,29.47447395324707
1997-01-24,36.125,36.25,35.25,35.875,534500,29.169553756713867
1997-01-27,35.625,35.75,35.125,35.125,308700,28.559741973876953
1997-01-28,35.625,35.875,34,34.375,443400,27.949935913085938
1997-01-29,34.375,34.5,33.5,34,485900,27.645021438598633
1997-01-30,33.75,34.625,33.625,33.75,536700,27.44174575805664
1997-01-31,33.875,34.625,33.625,34.25,938800,27.848295211791992
1997-02-03,34.25,34.25,33.375,33.75,581900,27.44174575805664
1997-02-04,33.75,34.625,33.75,34.5,670800,28.05156707763672
1997-02-05,34.875,35.75,34,34,622600,27.645021438598633
1997-02-06,34.25,34.625,34,34.625,418300,28.15320587158203
1997-02-07,34.75,35.125,34.25,34.625,442900,28.15320587158203
1997-02-10,35,35.625,34.875,35,396000,28.458118438720703
1997-02-11,35.25,35.375,34.875,35,241000,28.458118438720703
1997-02-12,35.125,37.375,35.125,37.375,707600,30.389190673828125
1997-02-13,37.875,38,37.125,37.625,625100,30.592470169067383
1997-02-14,37.5,38.125,37.5,38,195900,30.897367477416992
1997-02-18,38.625,38.75,37.5,38,336300,30.897367477416992
1997-02-19,37.875,38,36.75,36.75,305700,29.881011962890625
1997-02-20,36.625,37.25,36.5,36.875,232700,29.98265266418457
1997-02-21,36.875,36.875,36.5,36.625,224300,29.779373168945312
1997-02-24,36.625,36.625,36.125,36.5,298400,29.677745819091797
1997-02-25,36.25,36.375,35.75,36,277900,29.27119255065918
1997-02-26,35.875,36,35,35.375,479700,28.763017654418945
1997-02-27,35.125,35.25,33.875,34.125,487500,27.74665069580078
1997-02-28,34,34.25,33.625,34.125,420700,27.74665069580078
1997-03-03,34,34,32.625,33.5,522300,27.23848533630371
1997-03-04,33.75,33.75,33,33,557100,26.83193588256836
1997-03-05,33.125,35.125,33,35.125,905200,28.559741973876953
1997-03-06,35.25,35.25,34.25,34.5,639300,28.05156707763672
1997-03-07,34.625,35.25,34.375,34.625,279300,28.15320587158203
1997-03-10,34.375,35,34.375,35,268300,28.458118438720703
1997-03-11,35,36,35,35.625,730600,28.96628189086914
1997-03-12,35.625,36,35.25,35.625,805700,28.96628189086914
1997-03-13,35.625,35.75,35.125,35.125,472200,28.559741973876953
1997-03-14,35.125,36.25,35,36,488300,29.27119255065918
1997-03-17,35.875,35.875,35,35.375,551100,28.763017654418945
1997-03-18,35.25,35.375,34.625,34.75,275200,28.254846572875977
1997-03-19,34.375,34.875,34.25,34.75,251100,28.254846572875977
1997-03-20,34.875,35,33.875,34.25,326100,27.848295211791992
1997-03-21,34.125,34.375,33.875,34.25,414900,27.848295211791992
1997-03-24,34.375,34.375,33.375,34.125,475600,27.74665069580078
1997-03-25,33.75,33.875,33.125,33.25,338500,27.035200119018555
1997-03-26,33.25,33.375,32.75,33.25,588400,27.035200119018555
1997-03-27,33.25,33.375,32.375,32.625,376200,26.527021408081055
1997-03-31,32.375,32.375,30.875,30.875,680900,25.104114532470703
1997-04-01,31,31.375,30.75,31,785800,25.205760955810547
1997-04-02,31,31.25,30,30.125,1501300,24.49428939819336
1997-04-03,30.125,30.25,29,29.375,1115400,23.884483337402344
1997-04-04,29,31,28.875,30.875,2632700,25.104114532470703
1997-04-07,31.25,31.375,30.75,30.75,580800,25.002479553222656
1997-04-08,31,31,30.25,30.5,745800,24.799211502075195
1997-04-09,30.5,30.75,30.25,30.5,813300,24.799211502075195
1997-04-10,30.5,30.5,30,30.125,373900,24.49428939819336
1997-04-11,29.875,30,29.125,29.125,382300,23.681209564208984
1997-04-14,29.375,29.625,28.5,28.875,1751800,23.477941513061523
1997-04-15,28.75,29,28.625,28.75,595000,23.376306533813477
1997-04-16,28.875,30.5,28.375,30.5,945900,24.799211502075195
1997-04-17,30.5,30.75,30.25,30.5,762300,24.799211502075195
1997-04-18,31.25,32.125,31.125,32,1978700,26.018842697143555
1997-04-21,32,32,30.5,30.5,1386300,24.799211502075195
1997-04-22,30.625,31.375,30.5,31.125,622600,25.307392120361328
1997-04-23,31.25,32.25,31.25,31.875,489700,25.917211532592773
1997-04-24,32.5,33.25,32.375,32.875,790800,26.73029327392578
1997-04-25,32.875,33,32.375,32.625,557500,26.527021408081055
1997-04-28,32.5,32.625,32.125,32.375,255400,26.32375717163086
1997-04-29,33,35.25,33,34.75,537600,28.254846572875977
1997-04-30,34.75,34.75,34.125,34.5,356500,28.05156707763672
1997-05-01,34.625,34.875,34.25,34.75,249000,28.254846572875977
1997-05-02,34.75,34.875,33.875,34,349100,27.645021438598633
1997-05-05,34,34,33.625,33.875,833300,27.543380737304688
1997-05-06,33.625,33.75,33.375,33.5,789300,27.23848533630371
1997-05-07,33.5,33.5,33.125,33.375,729900,27.13683319091797
1997-05-08,33,33.625,32.875,33.625,429500,27.340112686157227
1997-05-09,33.375,33.5,32.625,32.75,316100,26.628662109375
1997-05-12,32.75,33.625,32.75,33.25,321000,27.035200119018555
1997-05-13,33.375,33.75,32.75,32.875,444100,26.73029327392578
1997-05-14,33,33.375,32.5,32.625,261700,26.527021408081055
1997-05-15,32.375,33,32.25,32.875,521400,26.73029327392578
1997-05-16,33,33.375,32.875,33.375,516300,27.13683319091797
1997-05-19,33.5,33.75,33.125,33.5,295400,27.23848533630371
1997-05-20,33.125,33.125,32.5,33,464100,26.83193588256836
1997-05-21,32.875,33.375,32.25,32.625,695400,26.527021408081055
1997-05-22,32.875,33.25,32.625,33,460700,26.83193588256836
1997-05-23,33.25,33.625,33.125,33.25,189500,27.035200119018555
1997-05-27,33.375,34.625,33.375,34.125,360500,27.74665069580078
1997-05-28,33.875,34.125,33.125,33.375,577400,27.13683319091797
1997-05-29,33.875,34.125,33.375,33.875,418000,27.543380737304688
1997-05-30,33.75,34.75,33.625,34.5,654300,28.05156707763672
1997-06-02,35,35.5,34.5,34.625,412100,28.15320587158203
1997-06-03,34.875,35.125,34.5,34.625,273300,28.15320587158203
1997-06-04,34.375,34.375,33.875,34.125,241600,27.74665069580078
1997-06-05,34.25,34.875,34.125,34.625,279600,28.15320587158203
1997-06-06,34.75,36.625,34.75,36.625,739400,29.779373168945312
1997-06-09,36.75,38.375,36.625,38.125,888100,30.999021530151367
1997-06-10,38.375,38.5,37.5,37.5,621000,30.490829467773438
1997-06-11,37.375,37.375,36.5,37,510900,30.084291458129883
1997-06-12,37.25,38,37,37.625,309400,30.592470169067383
1997-06-13,37.5,38.5,37.5,38.5,600000,31.303909301757812
1997-06-16,38.625,38.75,37.875,38,257400,30.897367477416992
1997-06-17,37.875,37.875,36.875,36.875,403900,29.98265266418457
1997-06-18,35.75,37.125,35.75,36.875,379400,29.98265266418457
1997-06-19,37,38,37,38,328300,30.897367477416992
1997-06-20,38,38.125,37.5,37.75,810300,30.694095611572266
1997-06-23,37.5,37.75,36.125,36.125,478900,29.372835159301758
1997-06-24,36.25,36.25,35.375,35.75,818600,29.067914962768555
1997-06-25,36,36.125,33.9375,34.5,664600,28.05156707763672
1997-06-26,34.5,34.5,33.5,34,487900,27.645021438598633
1997-06-27,34.25,34.5,34.125,34.125,617500,27.74665069580078
1997-06-30,34.375,34.6875,33.75,34.375,453300,27.949935913085938
1997-07-01,34.25,34.375,33,33.375,447200,27.13683319091797
1997-07-02,33,33.5,32.875,33.125,554800,26.93355941772461
1997-07-03,33.125,33.9375,33.125,33.75,399900,27.44174575805664
1997-07-07,33.75,34.375,33.75,34.1875,376100,27.797470092773438
1997-07-08,33.875,34.4375,33.3125,34.1875,322000,27.797470092773438
1997-07-09,34,34.375,32.625,32.8125,446600,26.679471969604492
1997-07-10,32.75,33.25,32.125,33.25,1282700,27.035200119018555
1997-07-11,33.375,34.5,33.25,34.375,723600,27.949935913085938
1997-07-14,34.0625,34.75,34,34.75,422700,28.254846572875977
1997-07-15,34.625,34.875,34.0625,34.875,509800,28.356468200683594
1997-07-16,34.875,34.875,34.3125,34.3125,587400,27.899099349975586
1997-07-17,34.4375,34.8125,34.375,34.6875,323800,28.204017639160156
1997-07-18,34.5625,34.6875,34.25,34.5,426300,28.05156707763672
1997-07-21,34.3125,34.5,34,34.5,495100,28.05156707763672
1997-07-22,34.25,34.625,34.125,34.5,345900,28.05156707763672
1997-07-23,34.5,34.5,32.5,32.5,1630300,26.425384521484375
1997-07-24,32.4375,33.9375,32.25,33.9375,1055400,27.594196319580078
1997-07-25,33.5,33.9375,33.3125,33.5625,492100,27.289287567138672
1997-07-28,33.75,33.9375,33.5,33.875,572000,27.543380737304688
1997-07-29,33.875,33.875,33.25,33.75,366100,27.44174575805664
1997-07-30,33.75,34.625,33.625,34.4375,351200,28.000734329223633
1997-07-31,34.5,35.25,34.125,34.125,570300,27.74665069580078
1997-08-01,34.125,34.25,33.5625,33.8125,302700,27.492568969726562
1997-08-04,33.5625,34.125,33.4375,34.125,611100,27.74665069580078
1997-08-05,34.5,36.125,34.5,36,963100,29.27119255065918
1997-08-06,35.9375,37.0625,35.5,37,770500,30.084291458129883
1997-08-07,37.0625,37.9375,36.625,37.125,1190400,30.1859130859375
1997-08-08,36.75,37,36,36.8125,577000,29.931835174560547
1997-08-11,36.4375,36.625,35.875,36.4375,357500,29.62692642211914
1997-08-12,36.6875,38,36.625,37.9375,877900,30.846555709838867
1997-08-13,38.5,39.5,37.625,39,770200,31.710472106933594
1997-08-14,38.8125,39,37.875,38.625,487500,31.40555191040039
1997-08-15,38.5,38.5,37.625,37.6875,463900,30.643280029296875
1997-08-18,37.4375,37.875,36.9375,37.875,379600,30.79574203491211
1997-08-19,37.625,38.25,37.25,37.5,614300,30.490829467773438
1997-08-20,37.5625,37.9375,37.0625,37.6875,673400,30.643280029296875
1997-08-21,38.125,38.75,37.8125,38.25,547800,31.100656509399414
1997-08-22,37.625,38.0625,37.3125,37.875,277200,30.79574203491211
1997-08-25,37.8125,38.1875,37.125,37.25,238600,30.287569046020508
1997-08-26,37.1875,37.5625,36.8125,37.3125,554200,30.338375091552734
1997-08-27,37.75,38.5,37.125,38.5,551500,31.303909301757812
1997-08-28,38.375,39.9375,38,39.875,777200,32.42192840576172
1997-08-29,39.625,41.0625,39.4375,40.25,1030200,32.72682571411133
1997-09-02,40.5,41.5,40.25,40.5,466000,32.930084228515625
1997-09-03,40.125,40.9375,40.0625,40.25,624600,32.72682571411133
1997-09-04,39.875,40.0625,39,39.25,284100,31.913732528686523
1997-09-05,39.4375,39.875,39.125,39.5,337800,32.11701202392578
1997-09-08,39.625,40.25,39.375,39.5625,206800,32.16783142089844
1997-09-09,39.3125,40.3125,39.0625,39.625,234300,32.2186393737793
1997-09-10,39.375,40.125,39.1875,40,269200,32.523555755615234
1997-09-11,39.75,40.125,39.6875,40,789400,32.523555755615234
1997-09-12,39.9375,40.375,39.9375,40.375,359100,32.828460693359375
1997-09-15,40.125,40.9375,40.125,40.5,539900,32.930084228515625
1997-09-16,40.5,40.6875,40.0625,40.25,872400,32.72682571411133
1997-09-17,40.375,40.375,40,40.125,452700,32.62519454956055
1997-09-18,40.25,40.6875,39.8125,39.8125,414400,32.37109375
1997-09-19,39.5,39.875,39,39.5,409000,32.11701202392578
1997-09-22,39.5,40.1875,39.5,40,526400,32.523555755615234
1997-09-23,39,39.5,39,39,392800,31.710472106933594
1997-09-24,39.125,39.75,38.5,38.625,383100,31.40555191040039
1997-09-25,38.75,39.3125,38.5625,39.3125,955500,31.964550018310547
1997-09-26,39.3125,39.3125,39.125,39.1875,263300,31.8629207611084
1997-09-29,39,39.4375,38.9375,39.3125,203400,31.964550018310547
1997-09-30,39.625,40.375,39.625,40,449800,32.523555755615234
1997-10-01,39.875,40.75,39.5625,40.75,241200,33.133365631103516
1997-10-02,40.5,41,40.5,40.9375,292000,33.28582000732422
1997-10-03,41,41.4375,39.6875,40.625,213900,33.03172302246094
1997-10-06,40.75,41.0625,40.1875,41,329300,33.336647033691406
1997-10-07,40.75,41.375,40.5,41.25,281100,33.5399055480957
1997-10-08,41.125,41.25,40.5625,40.625,166500,33.03172302246094
1997-10-09,40.5,40.5,40,40.125,259700,32.62519454956055
1997-10-10,39.875,39.9375,39.3125,39.8125,378600,32.37109375
1997-10-13,39.5625,40.8125,39.5625,40.8125,243400,33.18418502807617
1997-10-14,41,41.25,40.625,41.1875,242100,33.48910140991211
1997-10-15,41,41.4375,40.75,41.4375,237900,33.692359924316406
1997-10-16,41.1875,41.4375,40.625,40.6875,272800,33.082557678222656
1997-10-17,40.4375,41,40.25,40.6875,276100,33.082557678222656
1997-10-20,40.75,40.875,40.25,40.75,212800,33.133365631103516
1997-10-21,40.5,40.875,40.4375,40.875,302200,33.235008239746094
1997-10-22,40.875,40.9375,40.375,40.625,245300,33.03172302246094
1997-10-23,40,40.125,39.4375,39.75,278300,32.320289611816406
1997-10-24,40.25,40.25,38.875,39.125,326900,31.812103271484375
1997-10-27,38.5,38.75,36,36,574700,29.27119255065918
1997-10-28,35.25,37.875,33.5,37.5,1129100,30.490829467773438
1997-10-29,37.25,37.25,35.875,36.75,386200,29.881011962890625
1997-10-30,36.5,37.8125,36.25,37.375,508000,30.389190673828125
1997-10-31,37.9375,38,37.25,37.3125,360200,30.338375091552734
1997-11-03,37.5,38.9375,37.5,38.3125,334700,31.151472091674805
1997-11-04,38.5,38.625,37.75,38.25,315100,31.100656509399414
1997-11-05,38.4375,39.5,38.0625,39.5,723200,32.11701202392578
1997-11-06,39.3125,40.4375,39.25,39.9375,447000,32.47273635864258
1997-11-07,39.125,39.25,38.0625,38.9375,540100,31.659645080566406
1997-11-10,39.375,39.9375,38.75,38.8125,355200,31.55801773071289
1997-11-11,38.75,39.125,38.625,39.0625,137900,31.76127052307129
1997-11-12,38.75,38.75,37.8125,37.8125,275600,30.744922637939453
1997-11-13,37.875,38.25,37.5,37.5625,295300,30.541641235351562
1997-11-14,37.625,38.1875,37.625,37.8125,235700,30.744922637939453
1997-11-17,38.375,38.4375,37.6875,37.875,323000,30.79574203491211
1997-11-18,37.75,38.125,37.5,37.5625,469600,30.541641235351562
1997-11-19,37.4375,37.8125,37.3125,37.8125,169500,30.744922637939453
1997-11-20,38,38.625,37.9375,38.5625,397900,31.354738235473633
1997-11-21,38.8125,38.9375,37.375,37.625,394700,30.592470169067383
1997-11-24,37.125,37.125,36.5,36.75,282200,29.881011962890625
1997-11-25,36.625,37.0625,36.375,37.0625,224500,30.135107040405273
1997-11-26,37,37.4375,36.75,37.25,187200,30.287569046020508
1997-11-28,37.1875,37.5625,36.8125,36.8125,96300,29.931835174560547
1997-12-01,36.875,37.6875,36.8125,37.625,223900,30.592470169067383
1997-12-02,38,38.75,38,38.3125,276600,31.151472091674805
1997-12-03,38.1875,38.4375,37.25,37.3125,370300,30.338375091552734
1997-12-04,36.5,36.9375,36.4375,36.4375,377000,29.62692642211914
1997-12-05,36.25,37.6875,36.25,37.5,431000,30.490829467773438
1997-12-08,37.625,38.4375,37.375,38.3125,274800,31.151472091674805
1997-12-09,38.25,38.25,37.25,37.375,317400,30.389190673828125
1997-12-10,37.375,37.6875,37,37.25,350600,30.287569046020508
1997-12-11,37.375,37.375,36.3125,36.625,404100,29.779373168945312
1997-12-12,36.8125,37.25,36.6875,37.0625,212500,30.135107040405273
1997-12-15,37.5,37.8125,37.25,37.75,362700,30.694095611572266
1997-12-16,37.75,38.875,37.625,38.625,452000,31.40555191040039
1997-12-17,39,39.375,38.5625,38.625,433000,31.40555191040039
1997-12-18,39,40.0625,38.625,40,735800,32.523555755615234
1997-12-19,39.75,40.5,39.4375,40.3125,1068200,32.777645111083984
1997-12-22,40.25,41.25,40.125,41.1875,486900,33.48910140991211
1997-12-23,41.5,42.5,41.5,41.9375,747500,34.09890365600586
1997-12-24,41.8125,41.9375,41.5625,41.875,155900,34.048095703125
1997-12-26,42,42.625,42,42.625,177800,34.65791320800781
1997-12-29,43,43.8125,42.8125,43.5,579000,35.369354248046875
1997-12-30,43.25,44,43.25,44,684100,35.775909423828125
1997-12-31,44,44.5,43.625,44,480700,35.775909423828125
1998-01-02,44,44.25,43.1875,43.1875,378400,35.11528015136719
1998-01-05,43,43.3125,42.0625,42.3125,434200,34.4038200378418
1998-01-06,41.875,42.75,41.625,42.0625,353400,34.20053482055664
1998-01-07,41.875,41.9375,41.1875,41.1875,624200,33.48910140991211
1998-01-08,41.0625,41.125,39.875,40.1875,684500,32.67599105834961
1998-01-09,40.125,40.3125,39.375,39.9375,515300,32.47273635864258
1998-01-12,39.25,39.875,39.1875,39.5,693000,32.11701202392578
1998-01-13,39.5,40.4375,39.5,40.4375,375800,32.879268646240234
1998-01-14,40.125,40.625,40,40.5,257700,32.930084228515625
1998-01-15,40.4375,40.4375,39.5625,40.25,447600,32.72682571411133
1998-01-16,40.3125,41,40.3125,40.5,377500,32.930084228515625
1998-01-20,40.75,41.375,40.125,41,283900,33.336647033691406
1998-01-21,40.75,40.75,40,40.5625,218200,32.98092269897461
1998-01-22,40.3125,40.625,39.6875,40.0625,169100,32.57437515258789
1998-01-23,40.25,40.5625,39.0625,39.4375,445200,32.066192626953125
1998-01-26,39.5,39.875,38.5625,39.0625,308300,31.76127052307129
1998-01-27,38.875,39.6875,38.8125,39.5,294000,32.11701202392578
1998-01-28,39.5,39.875,39.25,39.6875,294300,32.26946258544922
1998-01-29,39.75,40.125,38.75,38.75,417900,31.507204055786133
1998-01-30,38.75,39.125,37.9375,39,578900,31.710472106933594
1998-02-02,39.75,40.5625,39.625,40.5,405200,32.930084228515625
1998-02-03,40.25,40.5625,39.6875,40.5,290100,32.930084228515625
1998-02-04,40.0625,40.1875,39.625,40,217800,32.523555755615234
1998-02-05,40.5,40.9375,39.375,39.625,346700,32.2186393737793
1998-02-06,39.5,40.1875,39.375,40.0625,320400,32.57437515258789
1998-02-09,39.875,40.375,39.5,39.875,226300,32.42192840576172
1998-02-10,39.75,39.875,39,39.125,410800,31.812103271484375
1998-02-11,39.125,39.3125,38.75,39.1875,254700,31.8629207611084
1998-02-12,39.25,39.625,38.9375,39.4375,258200,32.066192626953125
1998-02-13,39.3125,39.625,39.1875,39.625,188800,32.2186393737793
1998-02-17,39.375,39.6875,38.5,38.5625,308200,31.354738235473633
1998-02-18,38.625,39,38.5,38.8125,631600,31.55801773071289
1998-02-19,38.8125,39.1875,38.4375,39.1875,386100,31.8629207611084
1998-02-20,39.1875,39.4375,38.75,39.1875,388700,31.8629207611084
1998-02-23,39.1875,39.625,39.125,39.4375,464000,32.066192626953125
1998-02-24,39.6875,40,39.375,39.4375,483400,32.066192626953125
1998-02-25,39.6875,41,39.625,41,545100,33.336647033691406
1998-02-26,40.875,41.5,40.8125,41.1875,397500,33.48910140991211
1998-02-27,41,41.25,40.75,41,507300,33.336647033691406
1998-03-02,40.75,40.9375,39.75,39.875,503000,32.42192840576172
1998-03-03,39.9375,40,39.625,40,274300,32.523555755615234
1998-03-04,40,40.5,39.6875,40.1875,389500,32.67599105834961
1998-03-05,39.25,40,39.25,39.8125,707700,32.37109375
1998-03-06,39.625,40,39.4375,39.875,612000,32.42192840576172
1998-03-09,39.375,39.9375,39.0625,39.3125,385000,31.964550018310547
1998-03-10,39.6875,39.75,38.9375,39.375,668500,32.0153694152832
1998-03-11,39,39.4375,38.25,38.5625,643600,31.354738235473633
1998-03-12,38.5625,38.75,38.0625,38.4375,767800,31.25311279296875
1998-03-13,38.5,38.8125,38.0625,38.3125,377500,31.151472091674805
1998-03-16,38.125,38.6875,37.5,37.625,793700,30.592470169067383
1998-03-17,37.8125,37.9375,37,37.25,679100,30.287569046020508
1998-03-18,37.25,37.5,36.625,37.3125,757700,30.338375091552734
1998-03-19,37.125,38.625,37.0625,38.4375,539900,31.25311279296875
1998-03-20,38.625,38.9375,37.5625,38.375,378300,31.202287673950195
1998-03-23,37.875,38,37,37.375,484000,30.389190673828125
1998-03-24,37.625,39.1875,37.625,39,626800,31.710472106933594
1998-03-25,39.1875,40.0625,39.1875,39.8125,685900,32.37109375
1998-03-26,39.25,40,39.0625,40,376700,32.523555755615234
1998-03-27,40,40,39.1875,39.4375,244900,32.066192626953125
1998-03-30,39.25,39.8125,39,39.25,224200,31.913732528686523
1998-03-31,39.5,40.6875,39.125,40.375,522300,32.828460693359375
1998-04-01,40.125,41.4375,40.125,41.375,617300,33.64154052734375
1998-04-02,41.25,42.875,41.0625,42.4375,820400,34.505455017089844
1998-04-03,42.1875,42.3125,41.125,41.125,402900,33.43828201293945
1998-04-06,41.0625,41.75,40.375,40.875,521700,33.235008239746094
1998-04-07,41.125,41.3125,40.625,40.6875,3767600,33.082557678222656
1998-04-08,40.6875,40.875,40.625,40.75,594900,33.133365631103516
1998-04-09,40.8125,41.375,40.75,41.1875,338500,33.48910140991211
1998-04-13,41,41.0625,40.6875,41,490400,33.336647033691406
1998-04-14,40.8125,41.875,40.75,41.75,505100,33.94646453857422
1998-04-15,41.9375,41.9375,41,41.4375,595400,33.692359924316406
1998-04-16,41.625,41.625,40.75,40.9375,574100,33.28582000732422
1998-04-17,40.9375,41.25,39.9375,41.1875,543200,33.48910140991211
1998-04-20,41.4375,41.4375,40.5,40.875,449700,33.235008239746094
1998-04-21,40.25,40.4375,40.0625,40.0625,668300,32.57437515258789
1998-04-22,40.25,40.4375,40.125,40.3125,611900,32.777645111083984
1998-04-23,40.1875,40.5,40.125,40.25,352900,32.72682571411133
1998-04-24,40.25,40.25,39.5,39.75,518800,32.320289611816406
1998-04-27,39.625,39.6875,37.75,38,743000,30.897367477416992
1998-04-28,38.375,38.875,38.25,38.5625,756100,31.354738235473633
1998-04-29,38.6875,39.25,38.625,38.875,710600,31.608835220336914
1998-04-30,39.25,40,39.1875,39.8125,504800,32.37109375
1998-05-01,40.0625,40.375,39.875,40.375,256100,32.828460693359375
1998-05-04,40.5,41,40.125,40.875,403900,33.235008239746094
1998-05-05,40.75,40.75,39.6875,39.75,600700,32.320289611816406
1998-05-06,39.25,39.4375,38.5,38.75,379500,31.507204055786133
1998-05-07,37.75,38.5,37.25,38.375,658600,31.202287673950195
1998-05-08,38.5625,39.625,38.5625,39.125,441900,31.812103271484375
1998-05-11,39.0625,39.125,37.5625,37.625,320800,30.592470169067383
1998-05-12,37.875,38.3125,37.625,38.125,475000,30.999021530151367
1998-05-13,38.0625,38.25,37.625,37.6875,499500,30.643280029296875
1998-05-14,37.875,38.125,36.9375,37.125,451900,30.1859130859375
1998-05-15,37.5625,38,37.0625,37.125,769400,30.1859130859375
1998-05-18,36.75,36.8125,35.6875,35.9375,796800,29.22037696838379
1998-05-19,35.875,36.75,35.875,36.1875,645100,29.423656463623047
1998-05-20,36.5625,36.625,35.5625,35.8125,500600,29.11874771118164
1998-05-21,35.9375,36.5,35.8125,35.875,238200,29.169553756713867
1998-05-22,35.6875,35.75,35.0625,35.1875,612900,28.610551834106445
1998-05-26,35.1875,35.25,34.4375,34.5,735400,28.05156707763672
1998-05-27,34.25,35.125,34.125,34.9375,1137000,28.407285690307617
1998-05-28,34.875,34.9375,34.375,34.75,1000300,28.254846572875977
1998-05-29,35,35.375,34.75,35.125,744700,28.559741973876953
1998-06-01,34.75,34.9375,33.5625,33.875,585800,27.543380737304688
1998-06-02,33.8125,34.5625,33.8125,33.8125,1157500,27.492568969726562
1998-06-03,34.375,34.4375,33,33.5,655200,27.23848533630371
1998-06-04,33.4375,33.5,32.875,33,769900,26.83193588256836
1998-06-05,33,34.125,33,34,826400,27.645021438598633
1998-06-08,34.4375,34.625,34.0625,34.3125,1240400,27.899099349975586
1998-06-09,34.5625,35.125,34.5625,34.875,1729200,28.356468200683594
1998-06-10,34.9375,35,34.5625,34.5625,989100,28.102378845214844
1998-06-11,34.5625,34.9375,33.375,33.5,602400,27.23848533630371
1998-06-12,33.6875,34,33.125,33.5625,905800,27.289287567138672
1998-06-15,33.0625,33.375,32.4375,32.4375,508800,26.374576568603516
1998-06-16,32.5,32.75,30.75,31.5,1119000,25.612300872802734
1998-06-17,31.875,32.25,31.375,31.5,1523600,25.612300872802734
1998-06-18,31.5,31.9375,30.9375,31.75,1167100,25.815567016601562
1998-06-19,32,32.3125,31.8125,31.875,710400,25.917211532592773
1998-06-22,31.8125,31.9375,30.875,31.125,670500,25.307392120361328
1998-06-23,31.375,32,31.25,31.875,441200,25.917211532592773
1998-06-24,32,34,31.625,33.8125,1236800,27.492568969726562
1998-06-25,34,34.25,33.75,33.9375,695400,27.594196319580078
1998-06-26,33.9375,34.4375,33.625,33.8125,434200,27.492568969726562
1998-06-29,34.375,34.625,33.9375,34.0625,500700,27.69584083557129
1998-06-30,34.0625,34.8125,34,34.1875,696700,27.797470092773438
1998-07-01,34.1875,36,34.0625,35.875,519700,29.169553756713867
1998-07-02,35.75,35.8125,34.4375,35.3125,401100,28.712194442749023
1998-07-06,35.1875,35.1875,32.625,32.75,983800,26.628662109375
1998-07-07,32.875,33.4375,30.5625,31.0625,1905400,25.25657081604004
1998-07-08,31,31.0625,30.125,30.625,1148400,24.900836944580078
1998-07-09,31,31.0625,29.9375,30.3125,817400,24.64675521850586
1998-07-10,30.5,30.5,29,29.4375,1043200,23.9352970123291
1998-07-13,29.875,30.4375,29.75,30,884600,24.392662048339844
1998-07-14,31,31.375,30.8125,31,936900,25.205760955810547
1998-07-15,31,31.5625,30.875,31,1276600,25.205760955810547
1998-07-16,30.75,30.9375,29.8125,30.1875,848800,24.54511833190918
1998-07-17,29.8125,30.0625,29.25,29.4375,549200,23.9352970123291
1998-07-20,29.5,29.5,27.375,28,1140600,22.766489028930664
1998-07-21,27.75,27.8125,22.8125,23.375,5496600,19.00594711303711
1998-07-22,22.75,23.375,22.5625,22.8125,4188800,18.548593521118164
1998-07-23,22.5625,22.875,22.25,22.875,2190800,18.59941291809082
1998-07-24,23,23.125,22.4375,22.75,1952400,18.49777603149414
1998-07-27,22.625,23.0625,22.5625,22.9375,1068600,18.650218963623047
1998-07-28,23.125,23.1875,22.375,22.625,891200,18.39613151550293
1998-07-29,22.875,23.125,22.5625,22.75,1002200,18.49777603149414
1998-07-30,23,23.875,22.9375,23.875,1077500,19.412494659423828
1998-07-31,23.875,23.875,22.6875,23,711300,18.701038360595703
1998-08-03,23,23.25,22.625,22.8125,570300,18.548593521118164
1998-08-04,23.25,23.5,22.375,22.5,1012500,18.29450035095215
1998-08-05,22.5,22.875,22.0625,22.75,807100,18.49777603149414
1998-08-06,22.5,22.75,22.125,22.4375,501500,18.243677139282227
1998-08-07,22.4375,23.75,22.4375,23.25,582600,18.904315948486328
1998-08-10,23.25,23.375,22,22.75,523100,18.49777603149414
1998-08-11,22,22.25,21,21.125,770900,17.176496505737305
1998-08-12,21.25,23.0625,21.0625,22.625,950200,18.39613151550293
1998-08-13,22.4375,23.125,21.25,21.5,836500,17.48140525817871
1998-08-14,21.25,21.5625,20.3125,20.75,729200,16.87158966064453
1998-08-17,20.5,20.9375,20,20.125,579000,16.363412857055664
1998-08-18,20.125,20.1875,19.0625,19.6875,1316200,16.0076847076416
1998-08-19,20,20.5,19.8125,20.25,900000,16.465042114257812
1998-08-20,20.25,20.375,19.625,19.625,950400,15.956866264343262
1998-08-21,19.5,20.1875,18.875,19.875,744800,16.160144805908203
1998-08-24,20,20.4375,19.75,19.875,406000,16.160144805908203
1998-08-25,20,20.125,19.4375,19.8125,877500,16.10931968688965
1998-08-26,19.5,19.6875,18.9375,18.9375,807100,15.397871017456055
1998-08-27,18.4375,18.8125,16.5,17.5625,1649600,14.279870986938477
1998-08-28,18.25,18.25,17.125,17.3125,1085500,14.076602935791016
1998-08-31,17.375,17.5,16,16.25,1404000,13.212692260742188
1998-09-01,16.5,16.75,15.8125,16.5,1207100,13.41596794128418
1998-09-02,16.25,16.5625,15.5,16.1875,1199500,13.16187858581543
1998-09-03,15.6875,15.75,14.1875,15.125,1426500,12.297968864440918
1998-09-04,15.4375,15.4375,14.9375,15.3125,2812800,12.450418472290039
1998-09-08,15.75,17.4375,15.625,17.25,1680900,14.02578353881836
1998-09-09,17.0625,17.25,16.3125,16.375,1164500,13.3143310546875
1998-09-10,16.125,16.8125,16,16.3125,1285200,13.263510704040527
1998-09-11,16.0625,17.25,16.0625,16.5625,855600,13.466779708862305
1998-09-14,16.4375,18.0625,16.375,17.5625,766400,14.279870986938477
1998-09-15,17.4375,17.5,16.5,17.0625,550100,13.87332534790039
1998-09-16,16.8125,17.0625,16.3125,16.6875,483900,13.568416595458984
1998-09-17,16.125,16.875,15.9375,16.5625,459300,13.466779708862305
1998-09-18,16.8125,16.875,16.375,16.375,655100,13.3143310546875
1998-09-21,15.75,15.9375,15.625,15.75,509600,12.806150436401367
1998-09-22,15.9375,16.25,15.5625,15.6875,476400,12.755331039428711
1998-09-23,15.9375,16.875,15.8125,16.625,734300,13.517600059509277
1998-09-24,17,17,15.6875,16,527600,13.009421348571777
1998-09-25,15.75,15.875,15.125,15.25,442400,12.399605751037598
1998-09-28,15.75,16,15.4375,15.8125,314600,12.856964111328125
1998-09-29,15.875,16.0625,15.5625,15.9375,392900,12.958605766296387
1998-09-30,15.75,15.8125,15,15.0625,751500,12.24714469909668
1998-10-01,14.9375,15,14.25,14.5,863200,11.789786338806152
1998-10-02,14.375,15.3125,14.375,15,616600,12.196331024169922
1998-10-05,14.75,15.125,14.4375,15.125,765800,12.297968864440918
1998-10-06,15.625,15.9375,15.3125,15.5625,475700,12.653696060180664
1998-10-07,15.5,16.5,14.8125,14.8125,1205700,12.043879508972168
1998-10-08,14.25,14.625,13.5625,14,823200,11.383244514465332
1998-10-09,14.0625,14.1875,13.625,13.6875,748300,11.129150390625
1998-10-12,14.25,14.75,14,14.5,415400,11.789786338806152
1998-10-13,14.5,14.9375,14.4375,14.875,520100,12.094695091247559
1998-10-14,14.6875,15.3125,14.6875,14.875,514000,12.094695091247559
1998-10-15,14.625,15.9375,14.5,15.4375,1272700,12.552057266235352
1998-10-16,15.875,16.1875,15.25,15.375,1039700,12.501239776611328
1998-10-19,15.625,16.1875,15.5,15.75,739600,12.806150436401367
1998-10-20,15.625,16.9375,15.625,16.875,798600,13.72087287902832
1998-10-21,16.9375,17.4375,16.25,17.3125,817500,14.076602935791016
1998-10-22,17,17.6875,16.875,17.375,810700,14.127423286437988
1998-10-23,17.625,17.75,17.3125,17.5,458900,14.229059219360352
1998-10-26,17.5,17.9375,17.25,17.5,369100,14.229059219360352
1998-10-27,17.875,18.1875,17.625,18.125,624300,14.737236976623535
1998-10-28,18.125,19.0625,18,19,1136200,15.448683738708496
1998-10-29,19.1875,20,18.9375,19.4375,934300,15.804417610168457
1998-10-30,19.6875,20.0625,19.625,19.9375,599300,16.21096420288086
1998-11-02,19.75,19.9375,18.6875,19.25,647800,15.651954650878906
1998-11-03,19.5,20.0625,18.9375,19.8125,618200,16.10931968688965
1998-11-04,19.9375,20,18.5,19.25,710300,15.651954650878906
1998-11-05,19,19.5,18.75,18.9375,515300,15.397871017456055
1998-11-06,18.875,19.1875,18.1875,18.6875,689600,15.194595336914062
1998-11-09,18.5,19.0625,18.5,18.75,439300,15.245414733886719
1998-11-10,18.75,18.75,17.9375,18.4375,755900,14.991326332092285
1998-11-11,18.3125,18.6875,17.625,17.8125,445300,14.48314094543457
1998-11-12,17.6875,18.125,16.5,18.125,876200,14.737236976623535
1998-11-13,18.375,19.125,18.25,18.5,773600,15.042145729064941
1998-11-16,18.5,18.625,18,18.25,517200,14.838872909545898
1998-11-17,18,18.3125,17.625,18.1875,450100,14.788053512573242
1998-11-18,17.9375,18.1875,17.625,17.875,610900,14.533957481384277
1998-11-19,17.8125,17.9375,17.25,17.5625,609700,14.279870986938477
1998-11-20,17.5,17.5625,16.625,16.75,944600,13.619242668151855
1998-11-23,17,17.3125,16.9375,17.25,714600,14.02578353881836
1998-11-24,17.125,17.6875,17.125,17.5,780000,14.229059219360352
1998-11-25,17.5,17.75,17.125,17.3125,477900,14.076602935791016
1998-11-27,17.25,17.375,17.125,17.125,143500,13.924147605895996
1998-11-30,17.125,17.3125,16.8125,16.875,1094400,13.72087287902832
1998-12-01,16.875,17.1875,16.8125,17.0625,549400,13.87332534790039
1998-12-02,16.875,17.1875,16.75,16.9375,466300,13.771690368652344
1998-12-03,16.75,17.3125,16.75,16.8125,362200,13.670056343078613
1998-12-04,16.8125,17.4375,16.75,17.125,630700,13.924147605895996
1998-12-07,17.0625,17.6875,16.9375,16.9375,660500,13.771690368652344
1998-12-08,16.8125,17.4375,16.375,16.6875,598100,13.568416595458984
1998-12-09,16.625,17.0625,15.5,15.8125,1403100,12.856964111328125
1998-12-10,15.5,15.75,15.25,15.5625,2372800,12.653696060180664
1998-12-11,15.6875,15.75,15.125,15.75,1505300,12.806150436401367
1998-12-14,15.25,15.6875,15.125,15.5,765200,12.602880477905273
1998-12-15,15.75,15.875,15.375,15.875,718300,12.907783508300781
1998-12-16,15.5,15.75,15.4375,15.625,604700,12.704516410827637
1998-12-17,15.5,16.125,15.5,16,964600,13.009421348571777
1998-12-18,15.8125,16.125,15.8125,16.0625,848100,13.060235977172852
1998-12-21,16,16.5,16,16.25,724800,13.212692260742188
1998-12-22,16.125,16.5,16.125,16.375,1104500,13.3143310546875
1998-12-23,16.3125,16.875,16.25,16.75,683400,13.619242668151855
1998-12-24,16.6875,16.8125,16.5,16.5625,308900,13.466779708862305
1998-12-28,16.5625,16.625,16.25,16.375,948000,13.3143310546875
1998-12-29,16.5,16.875,16.4375,16.5,829200,13.41596794128418
1998-12-30,16.625,16.9375,16.5625,16.5625,856300,13.466779708862305
1998-12-31,16.5625,17.125,16.5625,16.9375,753000,13.771690368652344
1999-01-04,17.1875,17.3125,16.5625,16.6875,525300,13.568416595458984
1999-01-05,16.9375,17.25,16.625,17.125,504500,13.924147605895996
1999-01-06,17.375,17.75,17.25,17.75,626200,14.432332038879395
1999-01-07,17.5,17.6875,17.375,17.625,563500,14.3306884765625
1999-01-08,17.625,18.1875,17.375,18.125,959100,14.737236976623535
1999-01-11,17.75,18,17.6875,18,791500,14.63559627532959
1999-01-12,17.875,18.125,17.6875,17.8125,836700,14.48314094543457
1999-01-13,17.375,17.4375,16.8125,17.125,1069900,13.924147605895996
1999-01-14,17.125,17.5,17.125,17.25,763900,14.02578353881836
1999-01-15,17.125,17.375,16.9375,17.1875,432100,13.974967956542969
1999-01-19,16.875,17.25,16.5625,17.1875,807700,13.974967956542969
1999-01-20,17.1875,17.375,17.125,17.125,575800,13.924147605895996
1999-01-21,16.9375,17,16.5625,16.6875,438600,13.568416595458984
1999-01-22,16.5625,16.875,16.5,16.625,521900,13.517600059509277
1999-01-25,16.5625,16.8125,16.5625,16.625,338300,13.517600059509277
1999-01-26,16.5,16.75,16.4375,16.5625,545900,13.466779708862305
1999-01-27,16.4375,16.5625,16,16,929600,13.009421348571777
1999-01-28,16.0625,16.5,16,16.1875,550500,13.16187858581543
1999-01-29,16.125,16.625,16,16.625,746000,13.517600059509277
1999-02-01,16.75,16.8125,16.375,16.625,518500,13.517600059509277
1999-02-02,16.5,16.5625,16.1875,16.3125,1119500,13.263510704040527
1999-02-03,16.25,16.5,16.125,16.5,379600,13.41596794128418
1999-02-04,16.3125,16.625,16,16,584900,13.009421348571777
1999-02-05,15.875,16.0625,15.5625,15.75,555900,12.806150436401367
1999-02-08,15.5625,15.75,15.3125,15.5,408800,12.602880477905273
1999-02-09,15.3125,15.375,15.0625,15.125,436400,12.297968864440918
1999-02-10,15.0625,15.1875,14.875,14.9375,686700,12.145514488220215
1999-02-11,14.875,15.3125,14.875,15.0625,431100,12.24714469909668
1999-02-12,14.9375,15.25,14.625,14.9375,620500,12.145514488220215
1999-02-16,14.9375,15,14.375,14.5,403800,11.789786338806152
1999-02-17,14.3125,14.5625,13.625,13.75,662900,11.179967880249023
1999-02-18,13.875,13.9375,13.4375,13.75,859300,11.179967880249023
1999-02-19,13.5625,14.125,13.5625,14,671200,11.383244514465332
1999-02-22,13.75,14,13.5,14,634400,11.383244514465332
1999-02-23,13.8125,14,13.6875,13.9375,384500,11.332423210144043
1999-02-24,13.8125,14.375,13.75,13.875,1167900,11.281607627868652
1999-02-25,13.875,14.1875,13.75,13.9375,818200,11.332423210144043
1999-02-26,13.9375,14,13.625,13.8125,646900,11.230783462524414
1999-03-01,13.6875,13.75,13.625,13.6875,541600,11.129150390625
1999-03-02,13.5625,14.0625,13.5625,13.6875,477100,11.129150390625
1999-03-03,13.6875,13.9375,13.5625,13.625,530600,11.078333854675293
1999-03-04,13.9375,14.0625,13.75,13.875,382500,11.281607627868652
1999-03-05,13.8125,14.75,13.625,13.9375,756700,11.332423210144043
1999-03-08,13.875,14.5,13.75,14.3125,1273500,11.637334823608398
1999-03-09,14.1875,14.25,13.9375,13.9375,316200,11.332423210144043
1999-03-10,14,14.125,13.9375,14.125,855100,11.484882354736328
1999-03-11,14,14.5,14,14.375,521100,11.688153266906738
1999-03-12,14.4375,14.4375,14,14.1875,381500,11.535697937011719
1999-03-15,14.0625,14.4375,13.8125,14,540800,11.383244514465332
1999-03-16,14,14.9375,14,14.875,1407100,12.094695091247559
1999-03-17,14.9375,14.9375,14.4375,14.5,738400,11.789786338806152
1999-03-18,14.5,14.625,14.125,14.125,780600,11.484882354736328
1999-03-19,14.25,14.6875,14.125,14.375,1000800,11.688153266906738
1999-03-22,14.5,14.5,14.125,14.125,329200,11.484882354736328
1999-03-23,14,14.0625,13.75,13.75,853700,11.179967880249023
1999-03-24,13.8125,13.9375,13.75,13.8125,637600,11.230783462524414
1999-03-25,13.8125,14,13.75,13.9375,712400,11.332423210144043
1999-03-26,13.875,14.125,13.8125,13.875,553800,11.281607627868652
1999-03-29,13.875,14.1875,13.875,14.0625,384500,11.43405818939209
1999-03-30,14,14,13.625,13.625,380700,11.078333854675293
1999-03-31,13.9375,13.9375,13.5,13.5625,596200,11.027515411376953
1999-04-01,13.5625,13.75,13.375,13.5,531300,10.976700782775879
1999-04-05,13.375,13.9375,13.375,13.875,326900,11.281607627868652
1999-04-06,13.8125,14,13.6875,13.875,469600,11.281607627868652
1999-04-07,13.8125,14,13.5,13.5625,610100,11.027515411376953
1999-04-08,13.375,13.5625,13.125,13.25,438900,10.773429870605469
1999-04-09,12.625,13,12.5,12.8125,822500,10.417698860168457
1999-04-12,12.8125,13.4375,12.6875,13.1875,476300,10.722611427307129
1999-04-13,13.125,13.3125,13,13.125,385500,10.671788215637207
1999-04-14,13.0625,13.125,12.75,12.75,1333000,10.366884231567383
1999-04-15,12.75,13,12.5625,12.6875,713500,10.316062927246094
1999-04-16,12.9375,14.5,12.875,14.25,2470400,11.586519241333008
1999-04-19,14.5,15,14.0625,14.0625,1640300,11.43405818939209
1999-04-20,14.1875,14.625,14.125,14.625,725800,11.891426086425781
1999-04-21,14.625,15.125,14.5,14.6875,1073000,11.942241668701172
1999-04-22,14.875,14.9375,14.4375,14.5625,794900,11.840604782104492
1999-04-23,14.5,15,14.4375,14.75,845700,11.993059158325195
1999-04-26,14.75,15.6875,14.75,15.3125,1269000,12.450418472290039
1999-04-27,15.5,15.5625,14.9375,15,663900,12.196331024169922
1999-04-28,15,15.375,14.875,15,241300,12.196331024169922
1999-04-29,15.25,15.6875,15,15.625,583700,12.704516410827637
1999-04-30,15.8125,16.4375,15.6875,16.0625,899400,13.060235977172852
1999-05-03,16.1875,16.4375,16.0625,16.1875,696800,13.16187858581543
1999-05-04,16.0625,16.25,16,16.25,640300,13.212692260742188
1999-05-05,16.25,16.875,16.125,16.75,805900,13.619242668151855
1999-05-06,16.8125,16.8125,16.125,16.5625,634500,13.466779708862305
1999-05-07,17,17.4375,16.9375,17.4375,1224600,14.178234100341797
1999-05-10,17.4375,18.375,17.3125,18.3125,1190300,14.889686584472656
1999-05-11,19,19.5625,18.375,19.5,1693000,15.855236053466797
1999-05-12,19.5,19.625,18.875,18.9375,993900,15.397871017456055
1999-05-13,19,19,18.625,18.6875,573500,15.194595336914062
1999-05-14,18.6875,18.75,18.125,18.25,554300,14.838872909545898
1999-05-17,18.125,18.4375,18.0625,18.25,419900,14.838872909545898
1999-05-18,18.375,18.6875,18.0625,18.6875,1179800,15.194595336914062
1999-05-19,18.8125,19.0625,18.625,19,886200,15.448683738708496
1999-05-20,19.1875,20,19.125,19.5625,875200,15.906051635742188
1999-05-21,19.4375,19.75,19.25,19.625,350700,15.956866264343262
1999-05-24,19.6875,19.75,19.1875,19.375,552800,15.753602027893066
1999-05-25,19.4375,19.5,19.125,19.125,511800,15.550328254699707
1999-05-26,19.25,19.3125,19.0625,19.1875,756800,15.601143836975098
1999-05-27,19.0625,19.1875,19,19.0625,766800,15.499510765075684
1999-05-28,19.0625,19.1875,19.0625,19.125,1364000,15.550328254699707
1999-06-01,19,19.0625,18.875,19,725200,15.448683738708496
1999-06-02,19,19.0625,18.875,19,745200,15.448683738708496
1999-06-03,19,19.0625,18.875,18.9375,409200,15.397871017456055
1999-06-04,18.9375,19.4375,18.9375,19.4375,513700,15.804417610168457
1999-06-07,19.4375,19.4375,19.125,19.375,306500,15.753602027893066
1999-06-08,19.3125,19.3125,18.9375,19.1875,646600,15.601143836975098
1999-06-09,19.0625,19.1875,18.75,18.875,482200,15.347047805786133
1999-06-10,18.8125,19.0625,18.75,19.0625,314900,15.499510765075684
1999-06-11,19,19.0625,18.5,18.6875,503700,15.194595336914062
1999-06-14,18.5625,18.6875,18,18.5,378700,15.042145729064941
1999-06-15,18.5,18.875,18.5,18.6875,262700,15.194595336914062
1999-06-16,18.625,18.8125,18.5625,18.75,562600,15.245414733886719
1999-06-17,18.75,18.9375,18.625,18.8125,381800,15.296235084533691
1999-06-18,18.75,18.9375,18.75,18.875,373400,15.347047805786133
1999-06-21,19,19.125,18.625,18.625,283000,15.143784523010254
1999-06-22,18.625,18.9375,18.625,18.875,395500,15.347047805786133
1999-06-23,18.875,18.9375,18.75,18.8125,224100,15.296235084533691
1999-06-24,18.75,19.125,18.75,18.875,400000,15.347047805786133
1999-06-25,18.9375,19.1875,18.9375,19,211900,15.448683738708496
1999-06-28,19.125,19.5,19.0625,19.25,396600,15.651954650878906
1999-06-29,19.4375,19.4375,19.25,19.4375,285100,15.804417610168457
1999-06-30,19.5,20.25,19.25,20.0625,724200,16.312597274780273
1999-07-01,20.0625,20.25,19.5625,19.875,448000,16.160144805908203
1999-07-02,19.75,19.8125,19.4375,19.75,284000,16.05850601196289
1999-07-06,19.5625,19.625,19.25,19.625,410700,15.956866264343262
1999-07-07,19.5625,19.5625,19.3125,19.4375,473000,15.804417610168457
1999-07-08,19.375,19.5,19.25,19.5,552500,15.855236053466797
1999-07-09,19.5,19.5625,19.125,19.4375,181600,15.804417610168457
1999-07-12,19.625,19.6875,19,19.4375,246300,15.804417610168457
1999-07-13,19.25,19.375,19.0625,19.125,372700,15.550328254699707
1999-07-14,19,19.1875,18.8125,19,438600,15.448683738708496
1999-07-15,19.125,19.25,19.0625,19.25,219300,15.651954650878906
1999-07-16,19.1875,19.375,19.1875,19.25,276200,15.651954650878906
1999-07-19,19.0625,19.25,19,19.125,758400,15.550328254699707
1999-07-20,19,19.0625,18.5625,18.75,332900,15.245414733886719
1999-07-21,18.625,18.9375,18.5625,18.875,262300,15.347047805786133
1999-07-22,18.75,18.875,18.3125,18.4375,250600,14.991326332092285
1999-07-23,18.3125,18.5625,18.25,18.4375,160200,14.991326332092285
1999-07-26,18.3125,18.4375,18.0625,18.0625,407200,14.686417579650879
1999-07-27,18.125,18.25,18.0625,18.0625,186200,14.686417579650879
1999-07-28,18,18.0625,17.3125,17.75,276500,14.432332038879395
1999-07-29,17.8125,17.8125,17.4375,17.625,340000,14.3306884765625
1999-07-30,17.5625,17.8125,17.0625,17.1875,587700,13.974967956542969
1999-08-02,17.0625,17.1875,16.9375,16.9375,292100,13.771690368652344
1999-08-03,17.0625,17.1875,16.5,16.875,263700,13.72087287902832
1999-08-04,16.9375,16.9375,16.625,16.6875,305700,13.568416595458984
1999-08-05,16.625,16.9375,16.625,16.6875,498600,13.568416595458984
1999-08-06,16.5,16.6875,16.375,16.625,514600,13.517600059509277
1999-08-09,16.5625,16.9375,16.5,16.9375,368900,13.771690368652344
1999-08-10,16.9375,16.9375,16.625,16.75,366100,13.619242668151855
1999-08-11,16.25,16.625,16.125,16.25,599100,13.212692260742188
1999-08-12,16.5,16.8125,16.5,16.5625,904800,13.466779708862305
1999-08-13,16.625,16.6875,16.5625,16.6875,210600,13.568416595458984
1999-08-16,16.625,16.9375,16.5625,16.875,208300,13.72087287902832
1999-08-17,16.8125,16.875,16.3125,16.375,541200,13.3143310546875
1999-08-18,16.125,16.25,15.875,16.1875,562100,13.16187858581543
1999-08-19,16,16.125,15.875,16.125,464000,13.11105728149414
1999-08-20,16,16.0625,15.75,16,434900,13.009421348571777
1999-08-23,16,16.125,15.9375,16.0625,331600,13.060235977172852
1999-08-24,15.9375,16.0625,15.9375,16.0625,402500,13.060235977172852
1999-08-25,16.125,16.8125,16.125,16.8125,653100,13.670056343078613
1999-08-26,16.8125,16.9375,16,16.3125,670300,13.263510704040527
1999-08-27,16.3125,16.3125,15.875,15.875,680000,12.907783508300781
1999-08-30,15.8125,15.9375,15.5,15.5625,286700,12.653696060180664
1999-08-31,15.5625,15.875,15.4375,15.875,379700,12.907783508300781
1999-09-01,15.75,15.875,15.625,15.75,210600,12.806150436401367
1999-09-02,15.75,15.875,15.375,15.875,354500,12.907783508300781
1999-09-03,15.875,16.0625,15.6875,15.875,366500,12.907783508300781
1999-09-07,15.875,15.9375,15.6875,15.9375,363400,12.958605766296387
1999-09-08,15.5625,15.875,15.5625,15.75,324000,12.806150436401367
1999-09-09,15.75,15.875,15.6875,15.75,164800,12.806150436401367
1999-09-10,15.6875,16.1875,15.5625,15.875,474900,12.907783508300781
1999-09-13,15.75,15.8125,15.5625,15.625,321300,12.704516410827637
1999-09-14,15.5,15.625,15.375,15.375,1108900,12.501239776611328
1999-09-15,15.375,15.4375,15,15,391700,12.196331024169922
1999-09-16,15.125,15.25,15,15.125,200200,12.297968864440918
1999-09-17,15.125,15.25,15,15.125,736600,12.297968864440918
1999-09-20,14.875,15.125,14.4375,14.875,588100,12.094695091247559
1999-09-21,14.6875,14.875,14.5625,14.625,549300,11.891426086425781
1999-09-22,14.5625,14.6875,14.3125,14.3125,548500,11.637334823608398
1999-09-23,14.375,14.625,14.25,14.3125,381500,11.637334823608398
1999-09-24,14.25,14.375,13.5,13.5,897300,10.976700782775879
1999-09-27,13.5625,13.9375,13.5,13.6875,774500,11.129150390625
1999-09-28,13.6875,13.8125,13.25,13.4375,570500,10.925878524780273
1999-09-29,13.4375,13.6875,13.3125,13.4375,415900,10.925878524780273
1999-09-30,13.375,13.5,13.125,13.4375,789400,10.925878524780273
1999-10-01,13.4375,13.6875,13.25,13.5625,561500,11.027515411376953
1999-10-04,13.5625,13.9375,13.5625,13.9375,440900,11.332423210144043
1999-10-05,13.875,13.9375,13.4375,13.625,469900,11.078333854675293
1999-10-06,13.625,14,13.625,13.9375,219300,11.332423210144043
1999-10-07,13.9375,14,13.6875,13.75,177400,11.179967880249023
1999-10-08,13.625,13.9375,13.625,13.9375,185000,11.332423210144043
1999-10-11,13.875,14,13.75,13.9375,212000,11.332423210144043
1999-10-12,13.875,14,13.625,13.6875,261200,11.129150390625
1999-10-13,13.75,13.875,13.5625,13.625,150500,11.078333854675293
1999-10-14,13.5625,13.8125,13.3125,13.375,637200,10.875067710876465
1999-10-15,13.3125,13.5,13.1875,13.3125,265400,10.824244499206543
1999-10-18,13.25,13.5,13.0625,13.4375,263600,10.925878524780273
1999-10-19,13.375,13.4375,13,13.0625,178400,10.6209716796875
1999-10-20,13.125,13.375,12.75,13.25,310800,10.773429870605469
1999-10-21,13.0625,13.25,12.9375,13.25,282300,10.773429870605469
1999-10-22,13.25,13.3125,13,13.25,202700,10.773429870605469
1999-10-25,13.125,13.3125,13.0625,13.1875,226700,10.722611427307129
1999-10-26,13.1875,13.5625,13.0625,13.25,184300,10.773429870605469
1999-10-27,13.125,13.25,13,13,227200,10.570154190063477
1999-10-28,13.1875,13.4375,13.125,13.3125,309400,10.824244499206543
1999-10-29,13.25,13.6875,13.125,13.5,340200,10.976700782775879
1999-11-01,13.625,13.75,13.4375,13.625,264300,11.078333854675293
1999-11-02,13.75,14.0625,13.625,14.0625,431100,11.43405818939209
1999-11-03,14.5,14.5625,14,14.125,453600,11.484882354736328
1999-11-04,14.125,14.3125,14.0625,14.125,357800,11.484882354736328
1999-11-05,14.25,14.3125,13.625,14,255300,11.383244514465332
1999-11-08,13.9375,14.125,13.8125,14,274200,11.383244514465332
1999-11-09,14,14.0625,13.6875,13.875,266400,11.281607627868652
1999-11-10,13.875,14.4375,13.75,13.9375,302300,11.332423210144043
1999-11-11,13.9375,14.0625,13.625,13.75,249600,11.179967880249023
1999-11-12,13.6875,13.9375,13.4375,13.75,353000,11.179967880249023
1999-11-15,13.625,13.75,13.4375,13.625,217300,11.078333854675293
1999-11-16,13.6875,13.875,13.5,13.625,414000,11.078333854675293
1999-11-17,13.5,13.75,13.375,13.6875,480000,11.129150390625
1999-11-18,13.75,14.375,13.75,14.3125,648600,11.637334823608398
1999-11-19,14.4375,14.5,14.25,14.4375,455800,11.738970756530762
1999-11-22,14.5,14.6875,14.5,14.5,360300,11.789786338806152
1999-11-23,14.5,14.875,14.5,14.75,466700,11.993059158325195
1999-11-24,14.8125,14.875,14.6875,14.75,212700,11.993059158325195
1999-11-26,14.75,14.875,14.625,14.625,90500,11.891426086425781
1999-11-29,14.625,14.875,14.625,14.6875,297500,11.942241668701172
1999-11-30,14.75,15.0625,14.75,15,1022600,12.196331024169922
1999-12-01,14.9375,15.5,14.875,15.5,850900,12.602880477905273
1999-12-02,15.5,15.75,15.375,15.5,801500,12.602880477905273
1999-12-03,15.6875,15.75,15.5625,15.75,415100,12.806150436401367
1999-12-06,15.75,16.125,15.625,15.875,659700,12.907783508300781
1999-12-07,15.6875,16,15.6875,15.8125,376200,12.856964111328125
1999-12-08,16,16,15.5,15.5,513200,12.602880477905273
1999-12-09,15.4375,15.5,15.0625,15.5,436600,12.602880477905273
1999-12-10,15.25,15.5625,15.0625,15.5,289100,12.602880477905273
1999-12-13,15.3125,15.5,15.1875,15.1875,493100,12.348785400390625
1999-12-14,15.25,15.875,15.25,15.4375,702100,12.552057266235352
1999-12-15,15.3125,15.375,14.875,15,445800,12.196331024169922
1999-12-16,14.9375,15.125,14.875,15,317700,12.196331024169922
1999-12-17,15,15,14.4375,14.4375,986500,11.738970756530762
1999-12-20,14.5,14.5625,13.875,14,761600,11.383244514465332
1999-12-21,13.9375,14,13.6875,14,922000,11.383244514465332
1999-12-22,13.875,14.25,13.875,14.125,388700,11.484882354736328
1999-12-23,14,14.9375,14,14.9375,1611700,12.145514488220215
1999-12-27,15,15.3125,14.9375,15.125,475900,12.297968864440918
1999-12-28,15,15.25,15,15,596900,12.196331024169922
1999-12-29,15,15.125,14.9375,15.125,498400,12.297968864440918
1999-12-30,14.9375,15.125,14.875,15.0625,321200,12.24714469909668
1999-12-31,15,15.1875,15,15,264900,12.196331024169922
2000-01-03,15,15.1875,14.6875,15,432200,12.196331024169922
2000-01-04,14.875,14.9375,14.3125,14.4375,568400,11.738970756530762
2000-01-05,14.75,14.75,14.3125,14.5625,490800,11.840604782104492
2000-01-06,14.375,14.5625,14.3125,14.5625,561900,11.840604782104492
2000-01-07,14.4375,14.75,14.3125,14.75,266600,11.993059158325195
2000-01-10,14.5625,14.75,14.5,14.625,470000,11.891426086425781
2000-01-11,14.5,14.9375,14.5,14.75,277900,11.993059158325195
2000-01-12,14.75,14.8125,14,14.375,432300,11.688153266906738
2000-01-13,14.25,14.9375,14.25,14.875,477500,12.094695091247559
2000-01-14,14.9375,14.9375,14.5625,14.625,274400,11.891426086425781
2000-01-18,14.75,14.75,14.3125,14.4375,520300,11.738970756530762
2000-01-19,14.3125,14.5625,14.1875,14.25,660200,11.586519241333008
2000-01-20,14.3125,14.625,14.3125,14.5,556000,11.789786338806152
2000-01-21,14.5,14.75,14.375,14.4375,1097200,11.738970756530762
2000-01-24,14.5,14.8125,14.4375,14.625,658900,11.891426086425781
2000-01-25,14.5625,15.375,14.5,14.75,878400,11.993059158325195
2000-01-26,14.75,16.125,14.6875,15.5625,1525400,12.653696060180664
2000-01-27,16.25,17,16.1875,16.5,1427900,13.41596794128418
2000-01-28,16.125,16.4375,15.75,16.25,723000,13.212692260742188
2000-01-31,16.375,17.8125,16.3125,17.3125,1685700,14.076602935791016
2000-02-01,17.75,17.75,17.0625,17.6875,1874500,14.381508827209473
2000-02-02,17.5,17.5625,17.1875,17.375,750500,14.127423286437988
2000-02-03,17.4375,17.625,17.375,17.5625,629100,14.279870986938477
2000-02-04,17.5,17.75,17.4375,17.4375,841400,14.178234100341797
2000-02-07,17.375,17.875,17.375,17.4375,778700,14.178234100341797
2000-02-08,17.5,17.625,16.75,16.875,684200,13.72087287902832
2000-02-09,16.75,16.8125,16.25,16.5625,482700,13.466779708862305
2000-02-10,16.3125,16.625,16.0625,16.25,320800,13.212692260742188
2000-02-11,16.5,16.5,16,16.125,314100,13.11105728149414
2000-02-14,16,16.625,15.9375,16.375,455700,13.3143310546875
2000-02-15,16.375,16.8125,16.25,16.625,400600,13.517600059509277
2000-02-16,16.375,16.625,16.25,16.4375,207400,13.36514663696289
2000-02-17,16.3125,16.6875,15.9375,15.9375,301600,12.958605766296387
2000-02-18,16.0625,16.1875,15.4375,15.6875,427300,12.755331039428711
2000-02-22,15.5,16.6875,15.5,16.5,381100,13.41596794128418
2000-02-23,16.375,16.5625,16.125,16.375,279900,13.3143310546875
2000-02-24,16.3125,16.3125,15.5625,16.0625,366700,13.060235977172852
2000-02-25,16,16.1875,15.25,15.5625,328400,12.653696060180664
2000-02-28,15.75,15.8125,15.375,15.625,251900,12.704516410827637
2000-02-29,15.4375,15.6875,15.3125,15.625,397900,12.704516410827637
2000-03-01,15.4375,17.25,15.3125,17.25,1992700,14.02578353881836
2000-03-02,17.5,20.75,17.4375,20.125,3375200,16.363412857055664
2000-03-03,20.75,22.125,20.4375,21.9375,2213800,17.83713722229004
2000-03-06,21.9375,22.125,21.3125,21.5625,1332600,17.5322265625
2000-03-07,22.25,24.3125,22.1875,24,3750500,19.514131546020508
2000-03-08,24.875,26.875,24.5625,26.25,4482700,21.343576431274414
2000-03-09,25.75,26.375,24.9375,25.875,2179700,21.038667678833008
2000-03-10,25.75,26.375,25.375,25.8125,1527200,20.987855911254883
2000-03-13,25.0625,25.6875,24.5625,25,1948700,20.327219009399414
2000-03-14,24.75,24.75,22.6875,22.9375,1144000,18.650218963623047
2000-03-15,23.5,23.6875,22.75,22.8125,529500,18.548593521118164
2000-03-16,22.9375,23.375,22.875,23.0625,583100,18.751859664916992
2000-03-17,22.8125,22.875,22.25,22.4375,503600,18.243677139282227
2000-03-20,22.25,22.5,22.0625,22.25,475800,18.091232299804688
2000-03-21,22.5,22.75,20.0625,20.9375,1960000,17.0240478515625
2000-03-22,20.75,21.25,20.6875,20.9375,478200,17.0240478515625
2000-03-23,20.9375,22.125,20.8125,21.9375,973700,17.83713722229004
2000-03-24,21.8125,22,21.75,21.875,651900,17.786314010620117
2000-03-27,21.75,22.5625,21.0625,21.3125,340600,17.328956604003906
2000-03-28,21,21.6875,20.375,20.625,429700,16.76995277404785
2000-03-29,20.5625,20.9375,19.1875,19.6875,926200,16.0076847076416
2000-03-30,19.75,19.75,19.3125,19.625,767300,15.956866264343262
2000-03-31,19.625,20.4375,19.625,20.375,526500,16.566682815551758
2000-04-03,20.125,20.625,20,20,523900,16.261777877807617
2000-04-04,20.0625,20.3125,18.5,19.5,878500,15.855236053466797
2000-04-05,19.125,19.8125,19,19.8125,319700,16.10931968688965
2000-04-06,19.8125,20.5,19.8125,20.125,649600,16.363412857055664
2000-04-07,20.5,21.4375,20.375,21.4375,653000,17.43059539794922
2000-04-10,21.375,21.4375,20.875,21.0625,1075800,17.12567710876465
2000-04-11,21.0625,21.125,20.5,20.625,493500,16.76995277404785
2000-04-12,20.5,20.75,19.625,19.8125,1039300,16.10931968688965
2000-04-13,19.875,20.125,19.6875,19.6875,290800,16.0076847076416
2000-04-14,19.5,19.5625,18,18.5,938800,15.042145729064941
2000-04-17,18.3125,18.4375,17.75,18.4375,533300,14.991326332092285
2000-04-18,18.4375,19.0625,18.25,19.0625,364900,15.499510765075684
2000-04-19,19,19.5,19,19.0625,315700,15.499510765075684
2000-04-20,19.125,19.4375,18.75,19.1875,288300,15.601143836975098
2000-04-24,19,19.0625,18.4375,18.8125,876000,15.296235084533691
2000-04-25,18.75,19.875,18.75,19.875,351900,16.160144805908203
2000-04-26,20.0625,20.0625,19.75,19.875,457900,16.160144805908203
2000-04-27,19.5,19.75,19.3125,19.5,334100,15.855236053466797
2000-04-28,19.5,19.6875,19.0625,19.375,675800,15.753602027893066
2000-05-01,19.25,20.25,19.25,19.375,563200,15.753602027893066
2000-05-02,19.4375,20.0625,19.3125,20,693800,16.261777877807617
2000-05-03,19.625,19.8125,19,19.25,865400,15.651954650878906
2000-05-04,19.1875,20,19.1875,19.5625,855100,15.906051635742188
2000-05-05,19.6875,20,19.4375,20,609600,16.261777877807617
2000-05-08,19.875,19.875,19.25,19.3125,229500,15.702775955200195
2000-05-09,19.375,19.5625,18.75,18.875,413100,15.347047805786133
2000-05-10,18.9375,18.9375,18,18.0625,455500,14.686417579650879
2000-05-11,18,18.875,18,18.75,599100,15.245414733886719
2000-05-12,18.625,19.0625,18.5625,18.6875,776600,15.194595336914062
2000-05-15,18.875,19,18.625,18.6875,268300,15.194595336914062
2000-05-16,18.625,19.5,18.625,19.125,710500,15.550328254699707
2000-05-17,19,19.1875,18.75,19.125,334400,15.550328254699707
2000-05-18,19,19.375,18.9375,19.3125,282500,15.702775955200195
2000-05-19,19.0625,19.1875,18.75,18.8125,449000,15.296235084533691
2000-05-22,19.0625,19.0625,18.4375,18.8125,307900,15.296235084533691
2000-05-23,18.8125,18.9375,18.5,18.5625,332900,15.09295654296875
2000-05-24,18.375,18.4375,18,18.125,453600,14.737236976623535
2000-05-25,18.0625,18.3125,18.0625,18.25,514300,14.838872909545898
2000-05-26,18.125,18.25,17.875,17.9375,237400,14.584776878356934
2000-05-30,17.8125,18.6875,17.8125,18.625,342100,15.143784523010254
2000-05-31,18.5,18.625,18.3125,18.5625,349700,15.09295654296875
2000-06-01,18.5,19.3125,18.5,19.1875,269700,15.601143836975098
2000-06-02,19.0625,19.625,19.0625,19.4375,559300,15.804417610168457
2000-06-05,19.1875,19.375,19.125,19.25,384400,15.651954650878906
2000-06-06,19.1875,19.25,19,19.1875,178300,15.601143836975098
2000-06-07,19.125,19.375,18.75,19.3125,259200,15.702775955200195
2000-06-08,19.25,19.4375,18.875,18.9375,244600,15.397871017456055
2000-06-09,19,19.0625,18.75,18.875,153600,15.347047805786133
2000-06-12,18.875,18.9375,18.625,18.75,216700,15.245414733886719
2000-06-13,18.625,18.75,18.5625,18.6875,137300,15.194595336914062
2000-06-14,18.625,19,18.625,18.625,181500,15.143784523010254
2000-06-15,18.625,18.8125,18.4375,18.5625,280700,15.09295654296875
2000-06-16,18.75,18.8125,18,18.0625,401400,14.686417579650879
2000-06-19,18.125,18.9375,18,18.875,336700,15.347047805786133
2000-06-20,18.625,19.5,18.5625,19.0625,631200,15.499510765075684
2000-06-21,19.1875,19.6875,19,19.5625,481700,15.906051635742188
2000-06-22,19.75,19.75,18.9375,19,447500,15.448683738708496
2000-06-23,19.0625,19.3125,19,19.3125,395200,15.702775955200195
2000-06-26,19.25,20.6875,19.25,20.4375,863100,16.617504119873047
2000-06-27,20.75,22.4375,20.625,21.5625,1461200,17.5322265625
2000-06-28,21.625,22.3125,21.625,21.765625,687700,17.697385787963867
2000-06-29,21.5625,21.6875,21.125,21.3125,458000,17.328956604003906
2000-06-30,21.375,21.75,21.0625,21.0625,669600,17.12567710876465
2000-07-03,21.125,21.9375,21.0625,21.9375,260500,17.83713722229004
2000-07-05,22.1875,22.4375,22.0625,22.125,438200,17.989585876464844
2000-07-06,22.125,23.375,22,23.375,966900,19.00594711303711
2000-07-07,23.5,24.375,23,23.5,2069100,19.107587814331055
2000-07-10,23.4375,24,22.625,24,892100,19.514131546020508
2000-07-11,23.75,23.9375,23.25,23.5,999400,19.107587814331055
2000-07-12,23.375,23.375,22.375,22.5625,1112600,18.345317840576172
2000-07-13,22.625,23.25,22.5625,23.125,932600,18.802669525146484
2000-07-14,23.0625,23.375,22.875,23.375,497300,19.00594711303711
2000-07-17,23,23.4375,22.75,22.90625,1170400,18.624818801879883
2000-07-18,22.75,23.3125,22.1875,23.3125,770900,18.955129623413086
2000-07-19,23.75,23.75,22.9375,22.9375,1114900,18.650218963623047
2000-07-20,23.0625,23.25,22.875,23.25,681300,18.904315948486328
2000-07-21,23.0625,23.0625,22,22.4375,423200,18.243677139282227
2000-07-24,22,22,21.375,21.5625,798700,17.5322265625
2000-07-25,21.5,21.6875,21.4375,21.625,458100,17.583044052124023
2000-07-26,21.5,21.5625,20.375,20.625,655200,16.76995277404785
2000-07-27,20.6875,21.0625,20.25,20.4375,792600,16.617504119873047
2000-07-28,20.5625,20.5625,20.125,20.4375,452200,16.617504119873047
2000-07-31,20.25,20.75,19.75,20.75,1115400,16.87158966064453
2000-08-01,20.5,21.375,20.1875,21.3125,593500,17.328956604003906
2000-08-02,21.1875,22.8125,21.125,22.8125,781300,18.548593521118164
2000-08-03,22.4375,23.375,22.0625,22.25,1167800,18.091232299804688
2000-08-04,22.4375,22.5,21.875,22.5,368000,18.29450035095215
2000-08-07,22.4375,22.4375,21.5,21.75,388400,17.684677124023438
2000-08-08,21.5,21.8125,21.25,21.75,494900,17.684677124023438
2000-08-09,21.5625,21.5625,21.0625,21.1875,295900,17.227317810058594
2000-08-10,21.375,21.4375,20.8125,20.8125,379000,16.922407150268555
2000-08-11,20.875,20.9375,20.4375,20.5625,727500,16.719141006469727
2000-08-14,20.75,21.125,20.3125,20.703125,742800,16.833473205566406
2000-08-15,20.6875,21.125,20.0625,20.4375,620000,16.617504119873047
2000-08-16,20.375,20.625,19.9375,20.0625,601000,16.312597274780273
2000-08-17,20.25,21.25,20.0625,21.125,887600,17.176496505737305
2000-08-18,21.125,21.5,21.0625,21.1875,759400,17.227317810058594
2000-08-21,21.4375,22.1875,21.3125,21.875,1038400,17.786314010620117
2000-08-22,22,23.25,22,23.1875,2045700,18.853498458862305
2000-08-23,23.0625,23.5,22.8125,22.9375,992600,18.650218963623047
2000-08-24,22.9375,23.25,22.5625,22.8125,1246300,18.548593521118164
2000-08-25,22.75,23.375,22.75,23,1006300,18.701038360595703
2000-08-28,23,23.6875,23,23.125,828100,18.802669525146484
2000-08-29,23,23.25,22.9375,23.0625,413100,18.751859664916992
2000-08-30,23.1875,23.25,23,23,425300,18.701038360595703
2000-08-31,23.0625,23.5,23,23.125,711200,18.802669525146484
2000-09-01,23.4375,24.0625,23.25,23.75,526800,19.310855865478516
2000-09-05,23.625,24.0625,23.5625,23.9375,463200,19.46331024169922
2000-09-06,23.75,24.375,23.5625,24,728700,19.514131546020508
2000-09-07,24,24.1875,23.75,24.125,893100,19.615774154663086
2000-09-08,23.9375,24.0625,22.75,23.25,667900,18.904315948486328
2000-09-11,23.3125,23.6875,23.25,23.625,413100,19.2092227935791
2000-09-12,23.75,24.6875,23.625,24.25,1333300,19.7174015045166
2000-09-13,24.125,24.625,23.9375,23.9375,783800,19.46331024169922
2000-09-14,24,25.0625,24,25.0625,973400,20.37804412841797
2000-09-15,26.25,26.3125,25.5,25.8125,1614200,20.987855911254883
2000-09-18,25.8125,26.375,25.75,26.125,1480200,21.241943359375
2000-09-19,25.9375,26.4375,24.875,25.0625,666900,20.37804412841797
2000-09-20,25,25.25,24.9375,25.25,533800,20.530494689941406
2000-09-21,25.25,25.3125,25.0625,25.25,641900,20.530494689941406
2000-09-22,25.1875,25.1875,24.6875,24.9375,325800,20.276405334472656
2000-09-25,25,25.875,24.875,25.4375,598200,20.682950973510742
2000-09-26,25.8125,26.375,25.8125,26.375,865800,21.445222854614258
2000-09-27,26.3125,26.375,25.5625,25.8125,1084800,20.987855911254883
2000-09-28,25.9375,27.25,25.8125,26.9375,1906100,21.9025821685791
2000-09-29,26.8125,27.25,25.9375,26,803800,21.140308380126953
2000-10-02,26,27.9375,25.8125,27.75,1503600,22.563215255737305
2000-10-03,27.75,28.125,27.25,27.3125,1353200,22.207483291625977
2000-10-04,27.1875,27.4375,26.8125,26.875,1196100,21.851757049560547
2000-10-05,26.875,27.4375,26.625,27.125,1261100,22.055030822753906
2000-10-06,27.375,27.375,26.375,26.4375,513400,21.49604034423828
2000-10-09,26.4375,26.6875,25.875,26.5625,521600,21.59766960144043
2000-10-10,26.4375,27,26.0625,26.375,804200,21.445222854614258
2000-10-11,26,26.0625,24.875,25.75,852300,20.937036514282227
2000-10-12,26,26.75,25.625,26.75,1647900,21.75013542175293
2000-10-13,26.5,26.6875,26.25,26.5625,1207100,21.59766960144043
2000-10-16,26.625,27.0625,26.4375,26.75,928600,21.75013542175293
2000-10-17,26.9375,27,26.0625,26.25,1474100,21.343576431274414
2000-10-18,25.9375,25.9375,25.0625,25.3125,819100,20.581308364868164
2000-10-19,25.375,26.25,25.375,26.1875,604200,21.292762756347656
2000-10-20,26,26.4375,25.9375,26.1875,693300,21.292762756347656
2000-10-23,25.9375,26.25,25.875,26.0625,406100,21.191123962402344
2000-10-24,26.1875,26.4375,25.6875,26.125,483200,21.241943359375
2000-10-25,26,26.0625,25,25.125,621900,20.42885398864746
2000-10-26,25,25.125,23.625,24.375,898400,19.819040298461914
2000-10-27,24.125,24.9375,24,24.25,875700,19.7174015045166
2000-10-30,24,25.5625,23.9375,25.3125,594400,20.581308364868164
2000-10-31,25.5625,29.25,25.5625,29,3179900,23.579572677612305
2000-11-01,29,29,28.25,28.5625,2261300,23.223846435546875
2000-11-02,28.375,29,28.375,28.8125,1692800,23.427125930786133
2000-11-03,28.9375,29.5,28.8125,29,1343500,23.579572677612305
2000-11-06,28.5,29.1875,28.375,29.125,916200,23.681209564208984
2000-11-07,29.0625,29.75,28.75,29.375,1272700,23.884483337402344
2000-11-08,29.4375,29.875,29.125,29.75,1256800,24.189390182495117
2000-11-09,29.625,29.9375,29.4375,29.9375,953300,24.34185028076172
2000-11-10,29.5,29.5625,29,29.25,847900,23.782852172851562
2000-11-13,28.9375,29,27.625,28,898900,22.766489028930664
2000-11-14,28.125,28.9375,28.0625,28.8125,413700,23.427125930786133
2000-11-15,28.9375,29.5,28.5,29.1875,418800,23.732027053833008
2000-11-16,28.9375,29.1875,28.9375,29.0625,840700,23.63039207458496
2000-11-17,29,29.0625,28.125,28.6875,627800,23.32547950744629
2000-11-20,28.4375,28.5625,27.625,28,846800,22.766489028930664
2000-11-21,28.125,28.25,27.625,27.75,721400,22.563215255737305
2000-11-22,27.5,27.9375,27.375,27.5,549600,22.359935760498047
2000-11-24,27.4375,27.75,27.25,27.5625,187100,22.4107608795166
2000-11-27,27.75,29.1875,27.625,28.875,575400,23.477941513061523
2000-11-28,28.9375,29.0625,27.9375,28.375,547700,23.071395874023438
2000-11-29,28.3125,29.75,28.25,29.375,1024800,23.884483337402344
2000-11-30,29.4375,29.4375,28.8125,29,1704600,23.579572677612305
2000-12-01,28.8125,30.125,28.8125,29.875,1312300,24.29102897644043
2000-12-04,29.799999237060547,30.06999969482422,29.65999984741211,30.06999969482422,600500,24.4495792388916
2000-12-05,30.06999969482422,30.520000457763672,29.940000534057617,30.5,916800,24.799211502075195
2000-12-06,30.75,30.799999237060547,29.510000228881836,29.729999542236328,735800,24.173131942749023
2000-12-07,29.799999237060547,30.239999771118164,29.469999313354492,29.860000610351562,633900,24.278827667236328
2000-12-08,30.049999237060547,31.110000610351562,29.899999618530273,30.950000762939453,1070100,25.165096282958984
2000-12-11,30.899999618530273,31.170000076293945,30.700000762939453,31.100000381469727,886800,25.287063598632812
2000-12-12,30.899999618530273,31.239999771118164,30.649999618530273,30.690000534057617,796200,24.95369529724121
2000-12-13,30.5,30.59000015258789,29.75,29.81999969482422,768800,24.246307373046875
2000-12-14,29.809999465942383,29.809999465942383,28.600000381469727,28.760000228881836,674200,23.384431838989258
2000-12-15,28.850000381469727,28.989999771118164,28.770000457763672,28.8799991607666,1343900,23.482009887695312
2000-12-18,28.950000762939453,30.020000457763672,28.950000762939453,29.739999771118164,1349200,24.181262969970703
2000-12-19,29.850000381469727,30.799999237060547,29.649999618530273,29.950000762939453,1644700,24.352012634277344
2000-12-20,29.5,29.5,28.510000228881836,28.8799991607666,829700,23.482009887695312
2000-12-21,28.950000762939453,29.25,27.989999771118164,29.25,861900,23.782852172851562
2000-12-22,29.149999618530273,29.549999237060547,28.780000686645508,29.200000762939453,464500,23.742189407348633
2000-12-26,29.450000762939453,29.75,29.299999237060547,29.5,580100,23.98611831665039
2000-12-27,29.399999618530273,29.989999771118164,29.200000762939453,29.729999542236328,692800,24.173131942749023
2000-12-28,29.739999771118164,29.739999771118164,29.25,29.399999618530273,663000,23.904813766479492
2000-12-29,29.399999618530273,30.09000015258789,29.399999618530273,29.75,1807200,24.189390182495117
2001-01-02,29.600000381469727,29.729999542236328,28.799999237060547,29,1651400,23.579572677612305
2001-01-03,28.989999771118164,29,27.889999389648438,28.690000534057617,1145900,23.3275146484375
2001-01-04,28.450000762939453,29.489999771118164,28.389999389648438,29.030000686645508,1853600,23.60396957397461
2001-01-05,28.899999618530273,28.899999618530273,27.549999237060547,27.639999389648438,781100,22.473777770996094
2001-01-08,27.559999465942383,27.989999771118164,26.729999542236328,27.149999618530273,521300,22.075361251831055
2001-01-09,27.149999618530273,27.149999618530273,26.100000381469727,26.399999618530273,844500,21.465551376342773
2001-01-10,26.40999984741211,27.059999465942383,26.260000228881836,26.799999237060547,877200,21.79077911376953
2001-01-11,26.850000381469727,28.25,26.770000457763672,28.170000076293945,1237000,22.904712677001953
2001-01-12,28.170000076293945,28.25,27.75,28.020000457763672,1207500,22.78274917602539
2001-01-16,28,28.049999237060547,27.600000381469727,28,1248100,22.766489028930664
2001-01-17,27.989999771118164,28.200000762939453,27.81999969482422,28,869900,22.766489028930664
2001-01-18,28,28,27.649999618530273,27.899999618530273,600100,22.685176849365234
2001-01-19,27.889999389648438,27.899999618530273,26.450000762939453,26.690000534057617,958700,21.701337814331055
2001-01-22,27,27.889999389648438,26.959999084472656,27.700000762939453,1289600,22.522563934326172
2001-01-23,27.700000762939453,27.84000015258789,27.010000228881836,27.139999389648438,594200,22.067230224609375
2001-01-24,27.25,27.799999237060547,27.200000762939453,27.549999237060547,1224900,22.40059471130371
2001-01-25,27.700000762939453,27.739999771118164,27.079999923706055,27.56999969482422,663400,22.416854858398438
2001-01-26,27.479999542236328,27.950000762939453,27.149999618530273,27.68000030517578,694300,22.506296157836914
2001-01-29,27.850000381469727,28.100000381469727,27.709999084472656,27.989999771118164,1235500,22.75834846496582
2001-01-30,28,29.75,28,29.209999084472656,1811700,23.750314712524414
2001-01-31,29.229999542236328,29.649999618530273,29.15999984741211,29.649999618530273,1292900,24.108083724975586
2001-02-01,29.5,29.600000381469727,29.200000762939453,29.549999237060547,778000,24.026775360107422
2001-02-02,29.5,30.290000915527344,29.40999984741211,30,1105000,24.392662048339844
2001-02-05,30.040000915527344,30.1200008392334,29.600000381469727,29.860000610351562,699000,24.278827667236328
2001-02-06,29.75,30.299999237060547,29.5,30.149999618530273,589300,24.514629364013672
2001-02-07,30.149999618530273,30.280000686645508,29.75,30.09000015258789,392600,24.465839385986328
2001-02-08,30.040000915527344,30.6200008392334,30.010000228881836,30.510000228881836,736800,24.807336807250977
2001-02-09,30.260000228881836,30.260000228881836,28.899999618530273,29.850000381469727,862300,24.270702362060547
2001-02-12,29.799999237060547,30.299999237060547,29.690000534057617,29.719999313354492,811200,24.16500473022461
2001-02-13,29.75,30,29.600000381469727,29.989999771118164,794700,24.384536743164062
2001-02-14,29.950000762939453,29.950000762939453,29.190000534057617,29.190000534057617,746800,23.73406219482422
2001-02-15,29,29.75,29,29.600000381469727,944800,24.067440032958984
2001-02-16,29.350000381469727,29.360000610351562,28.860000610351562,29.260000228881836,501300,23.790973663330078
2001-02-20,29.450000762939453,29.799999237060547,29.280000686645508,29.610000610351562,1327900,24.075563430786133
2001-02-21,29.649999618530273,29.649999618530273,28.469999313354492,28.579999923706055,1212000,23.23807716369629
2001-02-22,28.399999618530273,28.450000762939453,26.59000015258789,27,1640100,21.953401565551758
2001-02-23,26.399999618530273,27.049999237060547,26.010000228881836,27,1583500,21.953401565551758
2001-02-26,27.25,29.110000610351562,27.239999771118164,28.68000030517578,1074600,23.319385528564453
2001-02-27,28.600000381469727,28.75,28.200000762939453,28.56999969482422,785300,23.229948043823242
2001-02-28,28.700000762939453,28.799999237060547,27.65999984741211,27.899999618530273,650400,22.685176849365234
2001-03-01,27.889999389648438,27.90999984741211,26.989999771118164,27.200000762939453,460000,22.116012573242188
2001-03-02,27.25,27.799999237060547,26.959999084472656,27.1200008392334,722300,22.050973892211914
2001-03-05,27.110000610351562,28.100000381469727,26.920000076293945,28.100000381469727,1586000,22.84779930114746
2001-03-06,28.350000381469727,28.399999618530273,27.799999237060547,27.8799991607666,397700,22.66891860961914
2001-03-07,27.950000762939453,28.059999465942383,27.40999984741211,28.040000915527344,669000,22.799013137817383
2001-03-08,28.290000915527344,28.3700008392334,27.790000915527344,28,613500,22.766489028930664
2001-03-09,27.850000381469727,27.850000381469727,26.8700008392334,27.100000381469727,523600,22.034704208374023
2001-03-12,27.149999618530273,27.200000762939453,26.100000381469727,26.1200008392334,958800,21.237876892089844
2001-03-13,26.350000381469727,26.350000381469727,25.100000381469727,25.350000381469727,714700,20.611799240112305
2001-03-14,25,25,23.350000381469727,24.010000228881836,1503700,19.52225685119629
2001-03-15,24.200000762939453,24.75,24,24.190000534057617,900400,19.668622970581055
2001-03-16,23.350000381469727,23.75,22.200000762939453,22.649999618530273,1350700,18.416458129882812
2001-03-19,22.75,22.799999237060547,21.200000762939453,21.940000534057617,2061500,17.839174270629883
2001-03-20,22.100000381469727,22.200000762939453,21.290000915527344,21.329999923706055,897000,17.343177795410156
2001-03-21,21.5,22.350000381469727,20.56999969482422,20.799999237060547,1218300,16.912240982055664
2001-03-22,20,20.100000381469727,19.25,19.850000381469727,2176300,16.139814376831055
2001-03-23,19.899999618530273,21.5,19.899999618530273,21.43000030517578,2135900,17.424489974975586
2001-03-26,21.43000030517578,22.739999771118164,21.43000030517578,22.5,1033300,18.29450035095215
2001-03-27,22.299999237060547,22.510000228881836,21.459999084472656,22,1399000,17.887954711914062
2001-03-28,22,22.200000762939453,21.6200008392334,22.100000381469727,661200,17.96925926208496
2001-03-29,22,22.5,22,22.399999618530273,710400,18.213184356689453
2001-03-30,22.350000381469727,22.600000381469727,21.889999389648438,22.479999542236328,858300,18.278240203857422
2001-04-02,22.450000762939453,22.5,21.770000457763672,22,797400,17.887954711914062
2001-04-03,21.75,21.75,20.450000762939453,20.969999313354492,1034500,17.050472259521484
2001-04-04,20.799999237060547,22.100000381469727,20.75,21.93000030517578,792900,17.831045150756836
2001-04-05,21.93000030517578,22.989999771118164,21.90999984741211,22.850000381469727,795500,18.57907485961914
2001-04-06,22.850000381469727,22.950000762939453,22.209999084472656,22.290000915527344,1174500,18.123750686645508
2001-04-09,22.290000915527344,22.68000030517578,22.09000015258789,22.549999237060547,1106200,18.335147857666016
2001-04-10,22.540000915527344,22.56999969482422,20.799999237060547,21.299999237060547,2335900,17.318788528442383
2001-04-11,21.350000381469727,21.600000381469727,21,21,1771200,17.07486915588379
2001-04-12,20.950000762939453,21.299999237060547,20.8700008392334,21.280000686645508,1853100,17.302526473999023
2001-04-16,21.280000686645508,21.440000534057617,20.889999389648438,21.049999237060547,713000,17.115520477294922
2001-04-17,21.049999237060547,21.709999084472656,21.049999237060547,21.700000762939453,858800,17.644025802612305
2001-04-18,22,24,22,22.950000762939453,1013200,18.66038703918457
2001-04-19,22.950000762939453,23.190000534057617,22.729999542236328,23.1299991607666,926300,18.806737899780273
2001-04-20,23.280000686645508,23.479999542236328,22.559999465942383,22.75,667600,18.49777603149414
2001-04-23,22.899999618530273,22.899999618530273,22.25,22.459999084472656,392500,18.261978149414062
2001-04-24,22.450000762939453,23.020000457763672,22.389999389648438,22.579999923706055,916700,18.359546661376953
2001-04-25,22.579999923706055,23.020000457763672,22.420000076293945,22.739999771118164,565000,18.489635467529297
2001-04-26,22.899999618530273,23.700000762939453,22.790000915527344,23.229999542236328,878800,18.888057708740234
2001-04-27,24.75,24.75,23.5,24.420000076293945,2788700,19.855632781982422
2001-04-30,26.25,27,25.760000228881836,26.360000610351562,2291100,21.433027267456055
2001-05-01,26.75,26.790000915527344,26.459999084472656,26.56999969482422,1743000,21.603763580322266
2001-05-02,26.799999237060547,27.100000381469727,26.549999237060547,26.989999771118164,679900,21.945268630981445
2001-05-03,27,27,25.399999618530273,25.600000381469727,807500,20.8150691986084
2001-05-04,25.84000015258789,26.350000381469727,25.600000381469727,26.239999771118164,547400,21.335451126098633
2001-05-07,26.25,26.5,26.200000762939453,26.260000228881836,462500,21.351715087890625
2001-05-08,26.299999237060547,26.700000762939453,26.049999237060547,26.649999618530273,386500,21.6688175201416
2001-05-09,26.399999618530273,26.40999984741211,26,26.209999084472656,446500,21.311058044433594
2001-05-10,26.209999084472656,26.700000762939453,26.200000762939453,26.610000610351562,254000,21.636293411254883
2001-05-11,26.709999084472656,26.719999313354492,25.90999984741211,25.920000076293945,351600,21.075258255004883
2001-05-14,26.139999389648438,26.200000762939453,25.450000762939453,25.559999465942383,472000,20.78254508972168
2001-05-15,25.559999465942383,25.950000762939453,25.200000762939453,25.709999084472656,440400,20.90451431274414
2001-05-16,25.510000228881836,26.350000381469727,25.25,26.06999969482422,420800,21.197221755981445
2001-05-17,26.31999969482422,27.100000381469727,26.25,27.049999237060547,550700,21.99405288696289
2001-05-18,27.399999618530273,27.950000762939453,27.31999969482422,27.8799991607666,1075300,22.66891860961914
2001-05-21,28,28.579999923706055,27.450000762939453,28.399999618530273,773700,23.09172821044922
2001-05-22,28.649999618530273,28.649999618530273,28.260000228881836,28.459999084472656,442000,23.140514373779297
2001-05-23,28.399999618530273,28.399999618530273,27.690000534057617,27.93000030517578,692300,22.709566116333008
2001-05-24,27.920000076293945,28.200000762939453,27.899999618530273,28,706400,22.766489028930664
2001-05-25,28.149999618530273,28.229999542236328,27.899999618530273,28.09000015258789,518100,22.839664459228516
2001-05-29,28.25,28.56999969482422,27.979999542236328,28.56999969482422,712600,23.229948043823242
2001-05-30,28.600000381469727,28.969999313354492,27.649999618530273,27.809999465942383,997800,22.61200523376465
2001-05-31,28.200000762939453,28.200000762939453,27.25,27.90999984741211,743600,22.69330596923828
2001-06-01,27.90999984741211,28.229999542236328,27.649999618530273,28.049999237060547,493000,22.80714225769043
2001-06-04,28.049999237060547,28.06999969482422,27.649999618530273,28.059999465942383,414700,22.815275192260742
2001-06-05,28,28.440000534057617,27.899999618530273,28.329999923706055,814800,23.034807205200195
2001-06-06,28.100000381469727,28.700000762939453,27.799999237060547,27.989999771118164,939100,22.75834846496582
2001-06-07,27.899999618530273,28.100000381469727,27.09000015258789,27.43000030517578,980200,22.30302619934082
2001-06-08,26.950000762939453,27.149999618530273,26.860000610351562,26.889999389648438,496000,21.86395263671875
2001-06-11,26.790000915527344,26.790000915527344,26.299999237060547,26.579999923706055,461300,21.611896514892578
2001-06-12,26.56999969482422,26.56999969482422,25.399999618530273,25.8799991607666,946200,21.042736053466797
2001-06-13,26.100000381469727,26.399999618530273,26,26.139999389648438,503800,21.254140853881836
2001-06-14,26.299999237060547,26.549999237060547,25.5,25.610000610351562,708600,20.823209762573242
2001-06-15,25.049999237060547,25.700000762939453,24.690000534057617,25,1023800,20.327219009399414
2001-06-18,25,25.260000228881836,24.489999771118164,24.8799991607666,657600,20.22965431213379
2001-06-19,23.75,24.209999084472656,23.75,24.1200008392334,1583500,19.6117000579834
2001-06-20,24.100000381469727,24.329999923706055,23.8799991607666,23.940000534057617,1229300,19.465343475341797
2001-06-21,23.950000762939453,23.979999542236328,23.270000457763672,23.5,1297600,19.107587814331055
2001-06-22,23.5,23.5,22.799999237060547,23,2027800,18.701038360595703
2001-06-25,23.299999237060547,23.299999237060547,22.100000381469727,22.149999618530273,1517200,18.00991439819336
2001-06-26,21.5,22.200000762939453,21.350000381469727,21.899999618530273,2941000,17.806644439697266
2001-06-27,22,22,21.700000762939453,21.780000686645508,780100,17.70907211303711
2001-06-28,21.780000686645508,22.75,21,21.770000457763672,2058400,17.700944900512695
2001-06-29,21.06999969482422,22.479999542236328,21.06999969482422,22.020000457763672,3769200,17.90421485900879
2001-07-02,21.899999618530273,23,21.84000015258789,22.350000381469727,1862800,18.17253875732422
2001-07-03,22.350000381469727,22.649999618530273,21.530000686645508,22.010000228881836,1314500,17.896087646484375
2001-07-05,22.100000381469727,22.450000762939453,21.989999771118164,22.350000381469727,650100,18.17253875732422
2001-07-06,22.25,22.329999923706055,21.299999237060547,21.760000228881836,1505000,17.692813873291016
2001-07-09,21.549999237060547,21.75,21.049999237060547,21.309999465942383,945000,17.326923370361328
2001-07-10,21.549999237060547,21.950000762939453,21,21,1003400,17.07486915588379
2001-07-11,21.200000762939453,21.219999313354492,20.25,20.68000030517578,792900,16.814678192138672
2001-07-12,21.200000762939453,21.68000030517578,20.989999771118164,21.5,1158800,17.48140525817871
2001-07-13,21.600000381469727,22.010000228881836,21.440000534057617,21.709999084472656,626900,17.652158737182617
2001-07-16,21.600000381469727,21.639999389648438,20.489999771118164,20.489999771118164,1154300,16.660188674926758
2001-07-17,20.75,20.850000381469727,19.899999618530273,20.239999771118164,1582100,16.45691680908203
2001-07-18,20.229999542236328,21.56999969482422,19.950000762939453,21.510000228881836,1357100,17.48953628540039
2001-07-19,21.510000228881836,21.809999465942383,20.889999389648438,21.209999084472656,685100,17.24561309814453
2001-07-20,21.309999465942383,21.479999542236328,20.600000381469727,20.760000228881836,832500,16.87972068786621
2001-07-23,21.450000762939453,21.559999465942383,21.149999618530273,21.360000610351562,622600,17.367572784423828
2001-07-24,21.600000381469727,21.899999618530273,21.3799991607666,21.809999465942383,1244400,17.73347282409668
2001-07-25,21.649999618530273,21.65999984741211,19.790000915527344,20.5,2435700,16.668323516845703
2001-07-26,19.799999237060547,21.299999237060547,19.799999237060547,21.25,2293800,17.278135299682617
2001-07-27,21.149999618530273,22.459999084472656,21.149999618530273,22.06999969482422,1152500,17.944866180419922
2001-07-30,22.06999969482422,22.81999969482422,22.06999969482422,22.520000457763672,1672900,18.310754776000977
2001-07-31,22.600000381469727,22.799999237060547,22.3799991607666,22.799999237060547,1214900,18.53841781616211
2001-08-01,22.799999237060547,22.799999237060547,22.649999618530273,22.719999313354492,768000,18.473384857177734
2001-08-02,22.75,23,22.739999771118164,22.829999923706055,985600,18.562814712524414
2001-08-03,22.799999237060547,22.799999237060547,22.399999618530273,22.450000762939453,799200,18.253841400146484
2001-08-06,22.399999618530273,22.5,22.100000381469727,22.200000762939453,279600,18.05057144165039
2001-08-07,21.950000762939453,21.950000762939453,21.450000762939453,21.8799991607666,342600,17.790382385253906
2001-08-08,21.75,21.850000381469727,20.84000015258789,20.989999771118164,641300,17.06673812866211
2001-08-09,20.170000076293945,20.899999618530273,20.170000076293945,20.649999618530273,952900,17.47288703918457
2001-08-10,20.649999618530273,21.299999237060547,20.549999237060547,21.299999237060547,670600,18.02287483215332
2001-08-13,21.299999237060547,21.399999618530273,21.049999237060547,21.299999237060547,1080200,18.02287483215332
2001-08-14,21.299999237060547,21.299999237060547,20.8799991607666,20.979999542236328,630000,17.752113342285156
2001-08-15,21,21,20.5,20.59000015258789,755200,17.422117233276367
2001-08-16,20.600000381469727,20.700000762939453,20.5,20.600000381469727,840500,17.430578231811523
2001-08-17,20.600000381469727,20.649999618530273,20.469999313354492,20.579999923706055,716600,17.41365623474121
2001-08-20,20.5,20.6299991607666,20.440000534057617,20.600000381469727,380500,17.430578231811523
2001-08-21,20.5,20.600000381469727,20.049999237060547,20.329999923706055,488500,17.202116012573242
2001-08-22,20.329999923706055,20.420000076293945,20.030000686645508,20.350000381469727,633200,17.219043731689453
2001-08-23,20.25,20.649999618530273,20.100000381469727,20.579999923706055,617000,17.41365623474121
2001-08-24,20.5,21.459999084472656,20.079999923706055,21.31999969482422,773300,18.039796829223633
2001-08-27,21.200000762939453,21.3700008392334,20.93000030517578,21.299999237060547,584500,18.02287483215332
2001-08-28,21.399999618530273,21.75,21.299999237060547,21.389999389648438,1139200,18.099023818969727
2001-08-29,21.5,21.5,20.920000076293945,21.5,702000,18.19209861755371
2001-08-30,21.450000762939453,21.700000762939453,21.299999237060547,21.520000457763672,937700,18.209028244018555
2001-08-31,21.520000457763672,21.81999969482422,21.3700008392334,21.670000076293945,489800,18.33595085144043
2001-09-04,21.549999237060547,21.950000762939453,21.399999618530273,21.610000610351562,500100,18.285184860229492
2001-09-05,21.5,21.799999237060547,21.309999465942383,21.719999313354492,607300,18.37826156616211
2001-09-06,21.610000610351562,21.610000610351562,21.040000915527344,21.139999389648438,829100,17.88749122619629
2001-09-07,21,21.549999237060547,20.75,21.06999969482422,892000,17.82826805114746
2001-09-10,20.899999618530273,21.280000686645508,20.799999237060547,21.18000030517578,721600,17.92133903503418
2001-09-17,20.989999771118164,20.989999771118164,20,20.200000762939453,1641300,17.09212303161621
2001-09-18,20.3799991607666,20.75,19.959999084472656,20.079999923706055,1409800,16.990581512451172
2001-09-19,20.079999923706055,20.299999237060547,18.899999618530273,19.350000381469727,1202000,16.37289810180664
2001-09-20,18.950000762939453,19.31999969482422,18,18.049999237060547,1413300,15.272908210754395
2001-09-21,16.700000762939453,17.950000762939453,16.549999237060547,17.3799991607666,1940600,14.705994606018066
2001-09-24,17.850000381469727,18.18000030517578,17.770000457763672,17.8799991607666,1275800,15.129061698913574
2001-09-25,17.899999618530273,18.200000762939453,17.579999923706055,18.020000457763672,646600,15.247522354125977
2001-09-26,18,18.06999969482422,17.389999389648438,17.389999389648438,440500,14.714451789855957
2001-09-27,17.200000762939453,17.700000762939453,17.020000457763672,17.600000381469727,1080700,14.89214038848877
2001-09-28,17.84000015258789,18.200000762939453,17.799999237060547,18.049999237060547,1301100,15.272908210754395
2001-10-01,18.200000762939453,18.200000762939453,17.299999237060547,17.860000610351562,878100,15.112138748168945
2001-10-02,17.610000610351562,18.1200008392334,17.549999237060547,18.049999237060547,1429300,15.272908210754395
2001-10-03,18.049999237060547,19,17.90999984741211,18.75,797600,15.865208625793457
2001-10-04,18.950000762939453,19.649999618530273,18.850000381469727,19.5,1137500,16.49981689453125
2001-10-05,19.700000762939453,19.950000762939453,19.09000015258789,19.850000381469727,565100,16.79596519470215
2001-10-08,19.850000381469727,19.850000381469727,19.209999084472656,19.399999618530273,414700,16.415199279785156
2001-10-09,19.399999618530273,19.40999984741211,19.049999237060547,19.149999618530273,257300,16.20366668701172
2001-10-10,19.190000534057617,21,19.100000381469727,20.690000534057617,1526900,17.506723403930664
2001-10-11,20.899999618530273,21.350000381469727,20.899999618530273,21.1200008392334,727500,17.870569229125977
2001-10-12,20.899999618530273,21.09000015258789,20.200000762939453,20.809999465942383,460200,17.60826873779297
2001-10-15,20.75,20.8799991607666,20.5,20.850000381469727,445500,17.64211654663086
2001-10-16,21.100000381469727,21.399999618530273,20.8799991607666,21.309999465942383,694000,18.031333923339844
2001-10-17,21.5,21.600000381469727,20.700000762939453,20.950000762939453,753100,17.726728439331055
2001-10-18,20.899999618530273,20.969999313354492,19.8700008392334,20.040000915527344,741400,16.956737518310547
2001-10-19,19.8799991607666,20.219999313354492,19.5,20.1299991607666,732800,17.032888412475586
2001-10-22,20.299999237060547,21.219999313354492,20.299999237060547,21.100000381469727,814800,17.85365104675293
2001-10-23,22,22,20.700000762939453,21,1009500,17.769033432006836
2001-10-24,21.299999237060547,21.6200008392334,20.75,20.889999389648438,758100,17.675960540771484
2001-10-25,20,21,19.670000076293945,20.700000762939453,1882900,17.515195846557617
2001-10-26,21.200000762939453,22.31999969482422,20.899999618530273,22.25,1327600,18.82672119140625
2001-10-29,22.5,22.5,21.399999618530273,21.440000534057617,527500,18.14133644104004
2001-10-30,21.540000915527344,21.540000915527344,20.649999618530273,20.90999984741211,330300,17.692880630493164
2001-10-31,21.299999237060547,21.440000534057617,21.100000381469727,21.139999389648438,363500,17.88749122619629
2001-11-01,21.149999618530273,22,21,21.940000534057617,343000,18.564411163330078
2001-11-02,21.799999237060547,22,21.700000762939453,21.790000915527344,711600,18.437496185302734
2001-11-05,22,22.520000457763672,22,22.309999465942383,373800,18.87747573852539
2001-11-06,22.100000381469727,22.5,22.010000228881836,22.43000030517578,404800,18.97903060913086
2001-11-07,22.25,22.600000381469727,22.170000076293945,22.360000610351562,357200,18.9197940826416
2001-11-08,22.399999618530273,23,22.350000381469727,22.469999313354492,643600,19.01287078857422
2001-11-09,22.56999969482422,22.719999313354492,22.190000534057617,22.719999313354492,257400,19.22440528869629
2001-11-12,22.719999313354492,23,22.31999969482422,22.969999313354492,634200,19.435935974121094
2001-11-13,23.399999618530273,23.790000915527344,23.350000381469727,23.690000534057617,751600,20.0451602935791
2001-11-14,23.850000381469727,24.200000762939453,23.450000762939453,23.770000457763672,593200,20.11285400390625
2001-11-15,23.75,24.059999465942383,23.530000686645508,24.059999465942383,645100,20.358230590820312
2001-11-16,21.540000915527344,22.5,21.5,22.15999984741211,1121800,20.94422149658203
2001-11-19,22.15999984741211,22.5,21.860000610351562,22.3700008392334,1010300,21.142696380615234
2001-11-20,22.25,22.670000076293945,22.049999237060547,22.139999389648438,561900,20.925317764282227
2001-11-21,22.139999389648438,22.350000381469727,22,22.06999969482422,371600,20.85915756225586
2001-11-23,22.139999389648438,22.31999969482422,22.1200008392334,22.219999313354492,244900,21.000932693481445
2001-11-26,22.299999237060547,22.649999618530273,22.139999389648438,22.3799991607666,949700,21.152151107788086
2001-11-27,22.3799991607666,22.540000915527344,22,22.309999465942383,808200,21.085988998413086
2001-11-28,22.299999237060547,22.34000015258789,22,22.149999618530273,1008700,20.934770584106445
2001-11-29,22,22.389999389648438,21.799999237060547,22.350000381469727,535100,21.123802185058594
2001-11-30,22.34000015258789,22.34000015258789,21.59000015258789,21.700000762939453,657500,20.509458541870117
2001-12-03,21.200000762939453,21.6200008392334,20.989999771118164,21.489999771118164,949100,20.310977935791016
2001-12-04,21.600000381469727,22.549999237060547,21.600000381469727,22.350000381469727,1088900,21.123802185058594
2001-12-05,22.389999389648438,23.399999618530273,22.360000610351562,23.3700008392334,623700,22.08782958984375
2001-12-06,23.200000762939453,23.200000762939453,22.549999237060547,22.790000915527344,946800,21.539653778076172
2001-12-07,22.790000915527344,22.8700008392334,22.5,22.8700008392334,288900,21.615264892578125
2001-12-10,22.670000076293945,22.799999237060547,22.299999237060547,22.3700008392334,312400,21.142696380615234
2001-12-11,22.450000762939453,22.899999618530273,22.139999389648438,22.31999969482422,772300,21.095436096191406
2001-12-12,22.5,22.75,21.920000076293945,22.09000015258789,650100,20.878063201904297
2001-12-13,22.09000015258789,22.299999237060547,21.899999618530273,22.200000762939453,514100,20.982030868530273
2001-12-14,22.100000381469727,22.25,22.010000228881836,22.09000015258789,390600,20.878063201904297
2001-12-17,22.100000381469727,22.5,22.06999969482422,22.100000381469727,1004500,20.887510299682617
2001-12-18,22.25,22.5,22.219999313354492,22.5,1059200,21.265565872192383
2001-12-19,22.549999237060547,23.010000228881836,22.469999313354492,22.700000762939453,944800,21.454601287841797
2001-12-20,22.5,22.899999618530273,22.459999084472656,22.700000762939453,862800,21.454601287841797
2001-12-21,23,23.149999618530273,22.799999237060547,23.010000228881836,699600,21.747591018676758
2001-12-24,23,23.18000030517578,22.93000030517578,23.139999389648438,213000,21.870454788208008
2001-12-26,23,23.56999969482422,22.959999084472656,23.34000015258789,363100,22.059478759765625
2001-12-27,23.350000381469727,23.600000381469727,23.309999465942383,23.520000457763672,576200,22.22960090637207
2001-12-28,23.530000686645508,23.780000686645508,23.5,23.670000076293945,676500,22.371374130249023
2001-12-31,23.450000762939453,24.049999237060547,23.450000762939453,23.860000610351562,694500,22.55095100402832
2002-01-02,23.850000381469727,23.90999984741211,23.100000381469727,23.5,1332200,22.210697174072266
2002-01-03,23.200000762939453,24.100000381469727,23.200000762939453,24.010000228881836,822300,22.692720413208008
2002-01-04,24.010000228881836,24.350000381469727,23.889999389648438,24.040000915527344,927300,22.72108268737793
2002-01-07,24.100000381469727,24.479999542236328,24.100000381469727,24.260000228881836,590100,22.92901039123535
2002-01-08,24.34000015258789,24.450000762939453,24.049999237060547,24.3700008392334,632900,23.032968521118164
2002-01-09,24.350000381469727,24.600000381469727,23.239999771118164,23.290000915527344,1718500,22.012231826782227
2002-01-10,23.290000915527344,23.350000381469727,22.799999237060547,23,1134200,21.738128662109375
2002-01-11,23,23.299999237060547,22.950000762939453,22.969999313354492,703200,21.709779739379883
2002-01-14,22.93000030517578,23.600000381469727,22.93000030517578,23.149999618530273,437000,21.87990379333496
2002-01-15,23.149999618530273,23.450000762939453,22.950000762939453,23.06999969482422,365500,21.804292678833008
2002-01-16,23,23.049999237060547,22.389999389648438,22.510000228881836,516200,21.2750186920166
2002-01-17,22.600000381469727,22.979999542236328,22.5,22.799999237060547,662600,21.54909896850586
2002-01-18,22.350000381469727,22.600000381469727,22.350000381469727,22.510000228881836,619800,21.2750186920166
2002-01-22,22.600000381469727,22.84000015258789,22.600000381469727,22.65999984741211,650700,21.416790008544922
2002-01-23,22.639999389648438,23.100000381469727,22.56999969482422,23.010000228881836,319800,21.747591018676758
2002-01-24,23.010000228881836,23.299999237060547,22.6200008392334,22.6299991607666,436300,21.388429641723633
2002-01-25,22.6299991607666,22.860000610351562,22.600000381469727,22.600000381469727,617300,21.360078811645508
2002-01-28,22.600000381469727,22.770000457763672,22.549999237060547,22.559999465942383,464700,21.32227325439453
2002-01-29,22.56999969482422,22.600000381469727,21.780000686645508,21.889999389648438,596600,20.689029693603516
2002-01-30,22,22.059999465942383,21.260000228881836,21.549999237060547,1091000,20.36768913269043
2002-01-31,21.31999969482422,22.1299991607666,21.31999969482422,21.959999084472656,1049600,20.755191802978516
2002-02-01,21.979999542236328,22.100000381469727,21.59000015258789,21.81999969482422,560300,20.622873306274414
2002-02-04,21.399999618530273,21.700000762939453,20.979999542236328,21.200000762939453,558400,20.03689193725586
2002-02-05,21.43000030517578,21.450000762939453,20.690000534057617,21,702500,19.847862243652344
2002-02-06,20.989999771118164,20.989999771118164,20.260000228881836,20.329999923706055,634600,19.21462059020996
2002-02-07,20.450000762939453,20.600000381469727,20.09000015258789,20.209999084472656,931200,19.101207733154297
2002-02-08,20.209999084472656,20.399999618530273,19.799999237060547,20.040000915527344,1529800,18.940528869628906
2002-02-11,20.25,21.700000762939453,20.25,21.06999969482422,1063800,19.914026260375977
2002-02-12,21.059999465942383,21.209999084472656,20.790000915527344,21.100000381469727,810800,19.94237518310547
2002-02-13,21.139999389648438,21.479999542236328,21.079999923706055,21.139999389648438,762900,19.980175018310547
2002-02-14,21.149999618530273,21.239999771118164,20.350000381469727,20.68000030517578,1126400,19.545425415039062
2002-02-15,20.899999618530273,20.969999313354492,20.450000762939453,20.549999237060547,592300,19.422548294067383
2002-02-19,21.049999237060547,21.260000228881836,19.600000381469727,19.65999984741211,1234200,18.581382751464844
2002-02-20,19.719999313354492,19.75,19.270000457763672,19.540000915527344,1140400,18.46796989440918
2002-02-21,19.68000030517578,19.700000762939453,19.219999313354492,19.299999237060547,805600,18.24112319946289
2002-02-22,19.530000686645508,19.549999237060547,19.270000457763672,19.450000762939453,508800,18.382902145385742
2002-02-25,19.43000030517578,19.510000228881836,19.1200008392334,19.440000534057617,821800,18.373458862304688
2002-02-26,19.440000534057617,19.59000015258789,19.329999923706055,19.5,713100,18.430164337158203
2002-02-27,19.600000381469727,20.549999237060547,19.549999237060547,20.3799991607666,1233800,19.261877059936523
2002-02-28,20.3799991607666,20.600000381469727,20.18000030517578,20.350000381469727,893900,19.233524322509766
2002-03-01,20.350000381469727,20.350000381469727,19.209999084472656,19.65999984741211,1112100,18.581382751464844
2002-03-04,19.860000610351562,20.25,19.75,20.110000610351562,1060100,19.006690979003906
2002-03-05,20.1200008392334,20.239999771118164,20.110000610351562,20.149999618530273,890200,19.04449462890625
2002-03-06,20.06999969482422,21.100000381469727,19.8700008392334,20.8799991607666,661400,19.73444366455078
2002-03-07,20.799999237060547,20.93000030517578,20.299999237060547,20.459999084472656,1026100,19.337493896484375
2002-03-08,20.700000762939453,21.329999923706055,20.600000381469727,20.950000762939453,539700,19.80059814453125
2002-03-11,20.899999618530273,20.979999542236328,20.5,20.649999618530273,370500,19.51706886291504
2002-03-12,20.649999618530273,20.649999618530273,19.729999542236328,20.15999984741211,836200,19.053953170776367
2002-03-13,20.200000762939453,20.350000381469727,19.700000762939453,20.219999313354492,459300,19.110654830932617
2002-03-14,20.200000762939453,20.520000457763672,20.100000381469727,20.200000762939453,653200,19.091758728027344
2002-03-15,20.200000762939453,20.280000686645508,19.899999618530273,20.110000610351562,996400,19.006690979003906
2002-03-18,20.110000610351562,20.290000915527344,20.030000686645508,20.219999313354492,492900,19.110654830932617
2002-03-19,20.31999969482422,20.56999969482422,20.270000457763672,20.399999618530273,322800,19.280780792236328
2002-03-20,20.399999618530273,20.56999969482422,20.010000228881836,20.389999389648438,551500,19.271324157714844
2002-03-21,20.399999618530273,20.790000915527344,20.399999618530273,20.709999084472656,618100,19.573768615722656
2002-03-22,20.799999237060547,20.979999542236328,20.43000030517578,20.729999542236328,456700,19.592676162719727
2002-03-25,20.950000762939453,21.18000030517578,20.68000030517578,20.760000228881836,658200,19.621028900146484
2002-03-26,20.760000228881836,21,20.649999618530273,20.729999542236328,455800,19.592676162719727
2002-03-27,20.75,20.8799991607666,20.600000381469727,20.75,556600,19.611576080322266
2002-03-28,20.600000381469727,20.809999465942383,20.600000381469727,20.729999542236328,1312900,19.592676162719727
2002-04-01,20.729999542236328,20.729999542236328,20.350000381469727,20.489999771118164,386600,19.3658390045166
2002-04-02,20.479999542236328,20.479999542236328,20.079999923706055,20.149999618530273,751200,19.04449462890625
2002-04-03,20.200000762939453,20.270000457763672,20.149999618530273,20.270000457763672,435800,19.15791130065918
2002-04-04,20.3700008392334,20.780000686645508,20.34000015258789,20.600000381469727,695600,19.46980094909668
2002-04-05,20.450000762939453,20.75,20.420000076293945,20.469999313354492,254000,19.346942901611328
2002-04-08,20.3700008392334,20.5,20.25,20.450000762939453,173200,19.32804298400879
2002-04-09,20.399999618530273,20.59000015258789,20.219999313354492,20.360000610351562,435200,19.24297332763672
2002-04-10,20.360000610351562,20.59000015258789,20.350000381469727,20.469999313354492,436700,19.346942901611328
2002-04-11,20.450000762939453,20.469999313354492,19.850000381469727,19.959999084472656,584000,18.86491584777832
2002-04-12,19.979999542236328,19.989999771118164,19.399999618530273,19.510000228881836,664200,18.439603805541992
2002-04-15,19.510000228881836,19.700000762939453,19.290000915527344,19.549999237060547,897600,18.477418899536133
2002-04-16,19.700000762939453,19.899999618530273,19.600000381469727,19.84000015258789,635800,18.75149917602539
2002-04-17,19.850000381469727,19.850000381469727,19.18000030517578,19.25,1199900,18.193872451782227
2002-04-18,19.3799991607666,19.889999389648438,19,19.770000457763672,643600,18.68534278869629
2002-04-19,19.850000381469727,20.079999923706055,19.399999618530273,20.010000228881836,441300,18.912181854248047
2002-04-22,19.899999618530273,20.110000610351562,19.600000381469727,19.739999771118164,705200,18.656986236572266
2002-04-23,19.5,20.229999542236328,19.5,19.760000228881836,543900,18.67589569091797
2002-04-24,19.84000015258789,20.09000015258789,19.700000762939453,19.739999771118164,303500,18.656986236572266
2002-04-25,19.739999771118164,20.040000915527344,18.799999237060547,19.149999618530273,1020800,18.0993595123291
2002-04-26,19.350000381469727,19.399999618530273,18.700000762939453,18.729999542236328,997900,17.70240592956543
2002-04-29,18.780000686645508,19.299999237060547,18.770000457763672,19.010000228881836,1517600,17.9670352935791
2002-04-30,19,19.18000030517578,18.899999618530273,18.899999618530273,1241600,17.863075256347656
2002-05-01,18.899999618530273,19.149999618530273,18.899999618530273,19,1209100,17.957592010498047
2002-05-02,19,19.110000610351562,18.809999465942383,18.940000534057617,754300,17.9008846282959
2002-05-03,19,19.049999237060547,18.299999237060547,18.5,1084700,17.48501968383789
2002-05-06,18.5,18.979999542236328,18.3700008392334,18.43000030517578,703000,17.418859481811523
2002-05-07,18.399999618530273,18.799999237060547,18.25,18.510000228881836,553400,17.49446678161621
2002-05-08,18.649999618530273,19.299999237060547,18.639999389648438,19.190000534057617,968000,18.13716697692871
2002-05-09,19.190000534057617,19.530000686645508,19.059999465942383,19.15999984741211,534600,18.108810424804688
2002-05-10,19.149999618530273,19.270000457763672,18.790000915527344,18.81999969482422,904400,17.78746795654297
2002-05-13,18.81999969482422,18.899999618530273,18.420000076293945,18.549999237060547,954500,17.532276153564453
2002-05-14,18.799999237060547,19.059999465942383,18.760000228881836,18.8700008392334,853000,17.83472442626953
2002-05-15,18.790000915527344,19.079999923706055,18.700000762939453,18.920000076293945,1038200,17.88197898864746
2002-05-16,19.049999237060547,19.510000228881836,19,19.459999084472656,397900,18.392343521118164
2002-05-17,19.520000457763672,19.959999084472656,19.270000457763672,19.469999313354492,340800,18.40180206298828
2002-05-20,19.450000762939453,19.799999237060547,19.260000228881836,19.559999465942383,377300,18.486862182617188
2002-05-21,19.799999237060547,19.799999237060547,18.899999618530273,19.09000015258789,383700,18.042652130126953
2002-05-22,19.049999237060547,19.34000015258789,18.549999237060547,18.829999923706055,481200,17.79692268371582
2002-05-23,18.84000015258789,19.079999923706055,18.549999237060547,18.950000762939453,501300,17.910337448120117
2002-05-24,18.850000381469727,18.899999618530273,18.559999465942383,18.56999969482422,418100,17.55118179321289
2002-05-28,18.56999969482422,18.899999618530273,18.56999969482422,18.81999969482422,417600,17.78746795654297
2002-05-29,18.829999923706055,18.850000381469727,18.200000762939453,18.520000457763672,326000,17.503923416137695
2002-05-30,18.399999618530273,18.520000457763672,18.110000610351562,18.350000381469727,653900,17.343244552612305
2002-05-31,18.350000381469727,18.469999313354492,18.270000457763672,18.360000610351562,1189900,17.352699279785156
2002-06-03,18.350000381469727,18.360000610351562,17.450000762939453,17.520000457763672,1536700,16.55879020690918
2002-06-04,17.520000457763672,18.09000015258789,17.450000762939453,17.790000915527344,1363900,16.81397247314453
2002-06-05,17.84000015258789,17.899999618530273,17.649999618530273,17.709999084472656,1022800,16.738359451293945
2002-06-06,17.850000381469727,17.8799991607666,17.549999237060547,17.700000762939453,881000,16.728912353515625
2002-06-07,17.690000534057617,17.850000381469727,17.309999465942383,17.610000610351562,846700,16.643856048583984
2002-06-10,17.600000381469727,17.899999618530273,17.600000381469727,17.700000762939453,276700,16.728912353515625
2002-06-11,17.850000381469727,17.899999618530273,17.239999771118164,17.239999771118164,521900,16.294145584106445
2002-06-12,17.229999542236328,17.350000381469727,16.450000762939453,16.899999618530273,1164900,15.972803115844727
2002-06-13,16.860000610351562,16.8700008392334,16.329999923706055,16.489999771118164,1640600,15.58530044555664
2002-06-14,16.149999618530273,16.6299991607666,15.9399995803833,16.610000610351562,1056900,15.698711395263672
2002-06-17,16.700000762939453,17.030000686645508,16.510000228881836,16.770000457763672,814800,15.849937438964844
2002-06-18,16.700000762939453,17.200000762939453,16.600000381469727,16.979999542236328,732000,16.048416137695312
2002-06-19,16.979999542236328,17.200000762939453,16.520000457763672,16.649999618530273,638200,15.736517906188965
2002-06-20,16.549999237060547,16.8799991607666,16.299999237060547,16.329999923706055,472200,15.434075355529785
2002-06-21,16.25,16.600000381469727,16.059999465942383,16.239999771118164,1632400,15.349016189575195
2002-06-24,16.200000762939453,16.5,16,16,1027200,15.12218189239502
2002-06-25,16.100000381469727,16.5,16.100000381469727,16.280000686645508,1197200,15.386823654174805
2002-06-26,16.049999237060547,16.1299991607666,15.829999923706055,15.890000343322754,611800,15.018218040466309
2002-06-27,15.949999809265137,16.010000228881836,15.539999961853027,15.600000381469727,2080400,14.744128227233887
2002-06-28,15.649999618530273,16.600000381469727,15.550000190734863,16.5,1744600,15.594749450683594
2002-07-01,16.450000762939453,16.690000534057617,16.06999969482422,16.18000030517578,1064000,15.29231071472168
2002-07-02,16.18000030517578,16.18000030517578,15.600000381469727,15.609999656677246,987700,14.753579139709473
2002-07-03,15.600000381469727,15.850000381469727,15.15999984741211,15.600000381469727,779400,14.744128227233887
2002-07-05,15.800000190734863,16.59000015258789,15.75,16.489999771118164,331500,15.58530044555664
2002-07-08,16.389999389648438,16.399999618530273,15.649999618530273,15.779999732971191,771100,14.914253234863281
2002-07-09,15.720000267028809,15.949999809265137,15.390000343322754,15.430000305175781,723100,14.583454132080078
2002-07-10,15.449999809265137,15.649999618530273,15.0600004196167,15.25,826600,14.413328170776367
2002-07-11,15,16.299999237060547,15,15.800000190734863,1635100,14.933150291442871
2002-07-12,15.649999618530273,15.979999542236328,15.5,15.699999809265137,732300,14.838639259338379
2002-07-15,15.449999809265137,15.59000015258789,14.989999771118164,15.470000267028809,1281400,14.621260643005371
2002-07-16,15.350000381469727,15.9399995803833,15.350000381469727,15.399999618530273,755900,14.555100440979004
2002-07-17,16,16.139999389648438,15.600000381469727,15.710000038146973,1058400,14.84809398651123
2002-07-18,15.75,16.049999237060547,15.600000381469727,15.649999618530273,745700,14.791379928588867
2002-07-19,15.550000190734863,15.600000381469727,15,15.199999809265137,1060900,14.366070747375488
2002-07-22,15.199999809265137,15.619999885559082,14.510000228881836,14.609999656677246,1260500,13.808442115783691
2002-07-23,14.75,15.109999656677246,14.399999618530273,14.5,707100,13.704474449157715
2002-07-24,14.489999771118164,15.680000305175781,14.329999923706055,15.539999961853027,1507000,14.687416076660156
2002-07-25,15.399999618530273,15.399999618530273,14.9399995803833,15.15999984741211,1199200,14.328263282775879
2002-07-26,15.25,15.899999618530273,15.0600004196167,15.760000228881836,703200,14.895347595214844
2002-07-29,16.149999618530273,16.81999969482422,16.09000015258789,16.799999237060547,576200,15.878290176391602
2002-07-30,16.6200008392334,17.010000228881836,16.5,16.739999771118164,719700,15.821578979492188
2002-07-31,16.75,17.530000686645508,16.700000762939453,16.979999542236328,834800,16.048416137695312
2002-08-01,16.979999542236328,17.260000228881836,16.760000228881836,16.989999771118164,629800,16.057865142822266
2002-08-02,16.799999237060547,17,16.260000228881836,16.43000030517578,792300,15.528594017028809
2002-08-05,16.350000381469727,16.59000015258789,15.649999618530273,15.8100004196167,495400,14.942604064941406
2002-08-06,16,16.899999618530273,16,16.579999923706055,479900,15.67036247253418
2002-08-07,16.75,16.90999984741211,15.890000343322754,16.389999389648438,633600,15.490778923034668
2002-08-08,16.559999465942383,17.3799991607666,16.350000381469727,17.1200008392334,838100,16.18073272705078
2002-08-09,16.84000015258789,17.25,16.829999923706055,17.020000457763672,597000,16.08622169494629
2002-08-12,16.850000381469727,17.110000610351562,16.600000381469727,16.979999542236328,315300,16.048416137695312
2002-08-13,16.899999618530273,17.100000381469727,16.459999084472656,16.479999542236328,484300,15.575848579406738
2002-08-14,16.399999618530273,17,16.030000686645508,16.920000076293945,650700,15.991708755493164
2002-08-15,16.950000762939453,17.15999984741211,16.799999237060547,17,546800,16.06731605529785
2002-08-16,16.979999542236328,17.299999237060547,16.899999618530273,17.25,1184700,16.303604125976562
2002-08-19,17.200000762939453,17.399999618530273,17.049999237060547,17.280000686645508,868400,16.331951141357422
2002-08-20,17.200000762939453,17.299999237060547,17,17.190000534057617,597500,16.246896743774414
2002-08-21,17.299999237060547,17.579999923706055,17.149999618530273,17.559999465942383,363100,16.596586227416992
2002-08-22,17.459999084472656,17.920000076293945,17.459999084472656,17.799999237060547,404600,16.823427200317383
2002-08-23,17.600000381469727,17.799999237060547,17.5,17.5,835200,16.53989028930664
2002-08-26,17.549999237060547,17.719999313354492,17.329999923706055,17.3700008392334,666300,16.417022705078125
2002-08-27,17.399999618530273,17.739999771118164,17.399999618530273,17.690000534057617,770900,16.719459533691406
2002-08-28,17.450000762939453,17.510000228881836,17.350000381469727,17.489999771118164,482800,16.530431747436523
2002-08-29,17.299999237060547,17.59000015258789,17.1299991607666,17.520000457763672,427800,16.55879020690918
2002-08-30,17.450000762939453,18,17.450000762939453,17.780000686645508,434300,16.804521560668945
2002-09-03,17.530000686645508,17.530000686645508,17.139999389648438,17.18000030517578,613200,16.23744010925293
2002-09-04,17.139999389648438,17.450000762939453,17.010000228881836,17.389999389648438,525000,16.435914993286133
2002-09-05,17.25,17.25,16.84000015258789,16.959999084472656,526500,16.02950668334961
2002-09-06,17.100000381469727,17.5,17,17.329999923706055,316200,16.379215240478516
2002-09-09,17.25,17.329999923706055,17,17.200000762939453,446800,16.256343841552734
2002-09-10,17.219999313354492,17.530000686645508,17.139999389648438,17.3799991607666,366400,16.42647361755371
2002-09-11,17.479999542236328,17.649999618530273,17.450000762939453,17.450000762939453,183300,16.492639541625977
2002-09-12,17.299999237060547,17.299999237060547,16.780000686645508,16.920000076293945,355900,15.991708755493164
2002-09-13,16.81999969482422,17.049999237060547,16.81999969482422,17,763100,16.06731605529785
2002-09-16,16.8700008392334,16.940000534057617,16.5,16.75,802000,15.831032752990723
2002-09-17,16.979999542236328,16.989999771118164,16.6200008392334,16.799999237060547,559200,15.878290176391602
2002-09-18,16.700000762939453,16.81999969482422,16.530000686645508,16.579999923706055,689300,15.67036247253418
2002-09-19,16.329999923706055,16.40999984741211,16.100000381469727,16.200000762939453,658200,15.311203956604004
2002-09-20,16.139999389648438,16.770000457763672,15.960000038146973,16.540000915527344,1469700,15.63255786895752
2002-09-23,16.59000015258789,16.600000381469727,16.350000381469727,16.489999771118164,529000,15.58530044555664
2002-09-24,16.489999771118164,16.489999771118164,15.739999771118164,15.84000015258789,771700,14.97095775604248
2002-09-25,16,16.709999084472656,15.75,16.600000381469727,760700,15.689264297485352
2002-09-26,16.700000762939453,16.739999771118164,16.100000381469727,16.540000915527344,1049800,15.63255786895752
2002-09-27,16.540000915527344,16.6299991607666,16.200000762939453,16.270000457763672,492700,15.377367973327637
2002-09-30,16.030000686645508,16.290000915527344,15.84000015258789,16.1299991607666,504700,15.245048522949219
2002-10-01,16.1200008392334,17,15.949999809265137,16.8700008392334,495400,15.94444465637207
2002-10-02,16.8700008392334,17,16.389999389648438,16.450000762939453,347000,15.547497749328613
2002-10-03,16.459999084472656,16.899999618530273,16.299999237060547,16.299999237060547,508500,15.405721664428711
2002-10-04,16.5,16.5,15.420000076293945,15.5,528100,14.649616241455078
2002-10-07,15.399999618530273,15.640000343322754,15.050000190734863,15.1899995803833,603200,14.35661792755127
2002-10-08,15.300000190734863,15.880000114440918,15.199999809265137,15.529999732971191,719900,14.677964210510254
2002-10-09,15.430000305175781,15.640000343322754,15.300000190734863,15.550000190734863,671700,14.696869850158691
2002-10-10,15.550000190734863,16.139999389648438,15.460000038146973,16.010000228881836,631500,15.131633758544922
2002-10-11,16.100000381469727,16.700000762939453,16.079999923706055,16.690000534057617,1046300,15.774322509765625
2002-10-14,16.549999237060547,16.780000686645508,16.510000228881836,16.780000686645508,587900,15.859395980834961
2002-10-15,17.049999237060547,17.6200008392334,17.049999237060547,17.6200008392334,901700,16.65329933166504
2002-10-16,17.6200008392334,17.6299991607666,17.059999465942383,17.299999237060547,607600,16.350860595703125
2002-10-17,17.600000381469727,17.780000686645508,16.899999618530273,17.1200008392334,703500,16.18073272705078
2002-10-18,17,17.1200008392334,16.809999465942383,17,779800,16.06731605529785
2002-10-21,16.950000762939453,17.700000762939453,16.760000228881836,17.610000610351562,468200,16.643856048583984
2002-10-22,17.360000610351562,17.420000076293945,16.899999618530273,17.25,484700,16.303604125976562
2002-10-23,17.649999618530273,18.5,17.639999389648438,18.479999542236328,1555500,17.466121673583984
2002-10-24,18.489999771118164,18.59000015258789,18.049999237060547,18.1299991607666,613200,17.135316848754883
2002-10-25,17.950000762939453,18.780000686645508,17.93000030517578,18.719999313354492,1099400,17.692951202392578
2002-10-28,19.100000381469727,19.219999313354492,18.479999542236328,18.809999465942383,1169700,17.77802276611328
2002-10-29,18.760000228881836,18.790000915527344,17.950000762939453,18.329999923706055,433800,17.324344635009766
2002-10-30,18.43000030517578,18.6299991607666,18.25,18.56999969482422,718600,17.55118179321289
2002-10-31,18.649999618530273,18.75,18.100000381469727,18.389999389648438,626100,17.381053924560547
2002-11-01,18.329999923706055,19.030000686645508,18.25,18.889999389648438,477500,17.853628158569336
2002-11-04,19.09000015258789,19.450000762939453,19.09000015258789,19.270000457763672,806900,18.2127685546875
2002-11-05,19.270000457763672,19.350000381469727,19.010000228881836,19.31999969482422,489300,18.260028839111328
2002-11-06,19.149999618530273,19.639999389648438,19.010000228881836,19.56999969482422,541000,18.496313095092773
2002-11-07,19.5,19.770000457763672,19.139999389648438,19.690000534057617,580700,18.6097354888916
2002-11-08,19.549999237060547,19.639999389648438,19.06999969482422,19.149999618530273,431800,18.0993595123291
2002-11-11,19.049999237060547,19.059999465942383,18.649999618530273,18.700000762939453,382600,17.67404556274414
2002-11-12,18.75,19.399999618530273,18.75,19.100000381469727,390100,18.05210304260254
2002-11-13,19,19.479999542236328,18.799999237060547,19.059999465942383,508700,18.014297485351562
2002-11-14,19.25,19.6200008392334,19.25,19.579999923706055,551400,18.50576400756836
2002-11-15,19.440000534057617,19.989999771118164,19.440000534057617,19.920000076293945,471200,18.827110290527344
2002-11-18,20,20.040000915527344,19.5,19.600000381469727,841200,18.524677276611328
2002-11-19,19.549999237060547,19.549999237060547,19.100000381469727,19.239999771118164,508400,18.184425354003906
2002-11-20,19.139999389648438,19.520000457763672,19.139999389648438,19.5,879500,18.430164337158203
2002-11-21,19.649999618530273,20.100000381469727,19.350000381469727,20.079999923706055,1460600,18.97833251953125
2002-11-22,20,20.020000457763672,19.280000686645508,19.280000686645508,783700,18.222227096557617
2002-11-25,19.299999237060547,19.989999771118164,19.280000686645508,19.780000686645508,741500,18.69479751586914
2002-11-26,19.780000686645508,19.799999237060547,19.31999969482422,19.31999969482422,685400,18.260028839111328
2002-11-27,19.399999618530273,19.899999618530273,19.399999618530273,19.760000228881836,425700,18.67589569091797
2002-11-29,19.760000228881836,19.950000762939453,19.299999237060547,19.59000015258789,180700,18.51521873474121
2002-12-02,19.65999984741211,19.93000030517578,19.329999923706055,19.850000381469727,574300,18.76095199584961
2002-12-03,19.75,19.950000762939453,19.600000381469727,19.850000381469727,946800,18.76095199584961
2002-12-04,19.850000381469727,19.850000381469727,19.31999969482422,19.540000915527344,481300,18.46796989440918
2002-12-05,19.649999618530273,19.850000381469727,19.399999618530273,19.549999237060547,512200,18.477418899536133
2002-12-06,19.25,19.649999618530273,19.200000762939453,19.600000381469727,274300,18.524677276611328
2002-12-09,19.600000381469727,19.84000015258789,19.299999237060547,19.309999465942383,660200,18.250581741333008
2002-12-10,19.309999465942383,19.899999618530273,19.299999237060547,19.8700008392334,540100,18.779861450195312
2002-12-11,19.8799991607666,20.190000534057617,19.860000610351562,20.100000381469727,1468900,18.997238159179688
2002-12-12,20.149999618530273,20.149999618530273,19.920000076293945,19.979999542236328,506900,18.883831024169922
2002-12-13,19.479999542236328,19.5,18.510000228881836,18.75,1494300,17.7213077545166
2002-12-16,18.75,19.360000610351562,18.709999084472656,19.360000610351562,880400,18.29783821105957
2002-12-17,19.399999618530273,19.700000762939453,19.309999465942383,19.469999313354492,693800,18.40180206298828
2002-12-18,19.3700008392334,19.540000915527344,19.299999237060547,19.3700008392334,960000,18.307292938232422
2002-12-19,19.43000030517578,19.739999771118164,19.299999237060547,19.360000610351562,907500,18.29783821105957
2002-12-20,19.450000762939453,20.18000030517578,19.450000762939453,20,1169600,18.902721405029297
2002-12-23,20,20.139999389648438,19.899999618530273,20,876600,18.902721405029297
2002-12-24,20,20.040000915527344,19.8799991607666,19.959999084472656,177200,18.86491584777832
2002-12-26,20.100000381469727,20.65999984741211,20,20.520000457763672,709000,19.394193649291992
2002-12-27,20.520000457763672,20.530000686645508,19.989999771118164,20,391300,18.902721405029297
2002-12-30,20.100000381469727,20.100000381469727,19.850000381469727,19.899999618530273,446800,18.808210372924805
2002-12-31,19.899999618530273,20.399999618530273,19.790000915527344,20.1200008392334,424900,19.01614761352539
2003-01-02,20.350000381469727,20.3799991607666,20.09000015258789,20.3799991607666,981400,19.261877059936523
2003-01-03,20.299999237060547,20.31999969482422,19.940000534057617,19.950000762939453,1013200,18.855464935302734
2003-01-06,20.200000762939453,20.239999771118164,19.959999084472656,19.979999542236328,1031100,18.883831024169922
2003-01-07,20.020000457763672,20.020000457763672,19.760000228881836,19.8700008392334,715600,18.779861450195312
2003-01-08,19.8700008392334,19.8799991607666,19.450000762939453,19.520000457763672,484300,18.44905662536621
2003-01-09,19.520000457763672,20,19.520000457763672,19.739999771118164,534200,18.656986236572266
2003-01-10,19.739999771118164,19.950000762939453,19.600000381469727,19.829999923706055,354100,18.74205780029297
2003-01-13,19.8799991607666,19.979999542236328,19.75,19.920000076293945,568000,18.827110290527344
2003-01-14,19.850000381469727,19.8799991607666,19.479999542236328,19.649999618530273,539500,18.57192611694336
2003-01-15,19.700000762939453,19.700000762939453,19.100000381469727,19.34000015258789,398500,18.278940200805664
2003-01-16,19.299999237060547,19.719999313354492,19.059999465942383,19.209999084472656,412300,18.156068801879883
2003-01-17,19.100000381469727,19.1299991607666,18.860000610351562,18.989999771118164,381900,17.94814109802246
2003-01-21,18.790000915527344,18.899999618530273,18.299999237060547,18.420000076293945,936500,17.4094181060791
2003-01-22,18.399999618530273,18.579999923706055,18.200000762939453,18.329999923706055,437500,17.324344635009766
2003-01-23,18.5,18.719999313354492,18.5,18.639999389648438,449400,17.61733627319336
2003-01-24,18.719999313354492,18.799999237060547,18.149999618530273,18.309999465942383,452600,17.305444717407227
2003-01-27,18.309999465942383,18.469999313354492,18.15999984741211,18.290000915527344,529300,17.286542892456055
2003-01-28,18.290000915527344,18.68000030517578,18.15999984741211,18.670000076293945,559200,17.645689010620117
2003-01-29,18.469999313354492,18.600000381469727,18.299999237060547,18.520000457763672,663400,17.503923416137695
2003-01-30,18.469999313354492,18.469999313354492,17.6299991607666,17.790000915527344,490400,16.81397247314453
2003-01-31,17.790000915527344,18.270000457763672,17.790000915527344,18.170000076293945,557200,17.173124313354492
2003-02-03,18.229999542236328,18.43000030517578,18.049999237060547,18.200000762939453,377700,17.201478958129883
2003-02-04,18.049999237060547,18.079999923706055,17.559999465942383,17.6299991607666,567700,16.66275405883789
2003-02-05,17.729999542236328,18.079999923706055,17.549999237060547,17.790000915527344,929300,16.81397247314453
2003-02-06,17.790000915527344,18.40999984741211,17.690000534057617,17.75,1063600,16.77617835998535
2003-02-07,17.780000686645508,17.829999923706055,17.559999465942383,17.600000381469727,341200,16.634395599365234
2003-02-10,17.600000381469727,17.979999542236328,17.600000381469727,17.940000534057617,519100,16.955751419067383
2003-02-11,17.950000762939453,18.239999771118164,17.770000457763672,17.8799991607666,692000,16.899028778076172
2003-02-12,17.899999618530273,17.899999618530273,17.510000228881836,17.510000228881836,504600,16.549339294433594
2003-02-13,17.510000228881836,17.600000381469727,17.209999084472656,17.5,284200,16.53989028930664
2003-02-14,17.600000381469727,17.639999389648438,17.270000457763672,17.5,808200,16.53989028930664
2003-02-18,17.399999618530273,17.989999771118164,17.399999618530273,17.989999771118164,372800,17.00299644470215
2003-02-19,17.989999771118164,18,17.68000030517578,17.75,436100,16.77617835998535
2003-02-20,17.770000457763672,17.850000381469727,17.600000381469727,17.75,346800,16.77617835998535
2003-02-21,17.760000228881836,18.1200008392334,17.6200008392334,17.8799991607666,641700,16.899028778076172
2003-02-24,17.8799991607666,17.8799991607666,17.3700008392334,17.420000076293945,299700,16.464277267456055
2003-02-25,17.31999969482422,17.459999084472656,17.059999465942383,17.459999084472656,400000,16.50208282470703
2003-02-26,17.479999542236328,17.5,17.06999969482422,17.239999771118164,792100,16.294145584106445
2003-02-27,17.25,17.700000762939453,17.239999771118164,17.389999389648438,484300,16.435914993286133
2003-02-28,17.479999542236328,17.670000076293945,17.43000030517578,17.600000381469727,393200,16.634395599365234
2003-03-03,17.850000381469727,17.8700008392334,17.56999969482422,17.649999618530273,519000,16.681659698486328
2003-03-04,17.690000534057617,17.780000686645508,17.6200008392334,17.690000534057617,540800,16.719459533691406
2003-03-05,17.700000762939453,17.93000030517578,17.65999984741211,17.93000030517578,533900,16.946300506591797
2003-03-06,17.799999237060547,17.899999618530273,17.68000030517578,17.799999237060547,422300,16.823427200317383
2003-03-07,17.700000762939453,18.149999618530273,17.639999389648438,18.149999618530273,437500,17.15422248840332
2003-03-10,17.950000762939453,18.030000686645508,17.690000534057617,17.760000228881836,632900,16.785627365112305
2003-03-11,17.760000228881836,17.8799991607666,17.270000457763672,17.309999465942383,298300,16.360305786132812
2003-03-12,17.309999465942383,17.309999465942383,16.889999389648438,17.020000457763672,600700,16.08622169494629
2003-03-13,17.25,17.65999984741211,17,17.6200008392334,516100,16.65329933166504
2003-03-14,17.719999313354492,18.010000228881836,17.649999618530273,18,491700,17.0124454498291
2003-03-17,18,18.850000381469727,17.829999923706055,18.81999969482422,581600,17.78746795654297
2003-03-18,18.81999969482422,19,18.6200008392334,18.920000076293945,429700,17.88197898864746
2003-03-19,18.799999237060547,18.829999923706055,18.25,18.600000381469727,757000,17.57953643798828
2003-03-20,18.299999237060547,18.649999618530273,18.040000915527344,18.600000381469727,477000,17.57953643798828
2003-03-21,18.899999618530273,18.920000076293945,18.600000381469727,18.889999389648438,526800,17.853628158569336
2003-03-24,18.399999618530273,18.489999771118164,18.09000015258789,18.170000076293945,691700,17.173124313354492
2003-03-25,18.18000030517578,18.40999984741211,18.110000610351562,18.34000015258789,630400,17.333799362182617
2003-03-26,18.34000015258789,18.34000015258789,18,18.170000076293945,592100,17.173124313354492
2003-03-27,18.170000076293945,18.329999923706055,18,18.15999984741211,384500,17.163679122924805
2003-03-28,18.100000381469727,18.18000030517578,18,18.100000381469727,506000,17.106966018676758
2003-03-31,17.950000762939453,18.34000015258789,17.799999237060547,18.100000381469727,541100,17.106966018676758
2003-04-01,18.049999237060547,18.25,17.850000381469727,18.209999084472656,526700,17.210927963256836
2003-04-02,18.350000381469727,18.59000015258789,18.299999237060547,18.450000762939453,458100,17.437768936157227
2003-04-03,18.450000762939453,18.520000457763672,18.190000534057617,18.200000762939453,391400,17.201478958129883
2003-04-04,18.260000228881836,18.3799991607666,18.010000228881836,18.1299991607666,558700,17.135316848754883
2003-04-07,18.6200008392334,18.719999313354492,18.25,18.31999969482422,386600,17.314897537231445
2003-04-08,18.31999969482422,18.389999389648438,18.170000076293945,18.170000076293945,272700,17.173124313354492
2003-04-09,18.270000457763672,18.549999237060547,18.100000381469727,18.110000610351562,245400,17.11641502380371
2003-04-10,18.149999618530273,18.3799991607666,18.1200008392334,18.3700008392334,268400,17.362159729003906
2003-04-11,18.600000381469727,18.649999618530273,18.290000915527344,18.31999969482422,295600,17.314897537231445
2003-04-14,18.420000076293945,20,18.350000381469727,18.770000457763672,354400,17.74021339416504
2003-04-15,18.899999618530273,19.25,18.739999771118164,19.170000076293945,557700,18.118253707885742
2003-04-16,19.209999084472656,19.43000030517578,19,19.139999389648438,811600,18.089906692504883
2003-04-17,19.139999389648438,19.440000534057617,19.059999465942383,19.329999923706055,311700,18.269487380981445
2003-04-21,19.239999771118164,19.479999542236328,19.18000030517578,19.31999969482422,273400,18.260028839111328
2003-04-22,19.200000762939453,19.84000015258789,19.079999923706055,19.84000015258789,441800,18.75149917602539
2003-04-23,19.84000015258789,19.989999771118164,19.690000534057617,19.969999313354492,621200,18.874364852905273
2003-04-24,19.049999237060547,19.100000381469727,17.8700008392334,18,1534800,17.0124454498291
2003-04-25,18,18.1299991607666,17.520000457763672,17.56999969482422,785600,16.606040954589844
2003-04-28,17.649999618530273,18.1299991607666,17.649999618530273,17.860000610351562,710600,16.8801326751709
2003-04-29,17.8700008392334,18.200000762939453,17.719999313354492,18.200000762939453,725100,17.201478958129883
2003-04-30,18.1299991607666,18.450000762939453,17.850000381469727,18.170000076293945,1224400,17.173124313354492
2003-05-01,17.969999313354492,18.389999389648438,17.799999237060547,18.299999237060547,630200,17.29599380493164
2003-05-02,18.200000762939453,18.790000915527344,18.09000015258789,18.75,421700,17.7213077545166
2003-05-05,18.700000762939453,18.989999771118164,18.600000381469727,18.65999984741211,574700,17.63624382019043
2003-05-06,18.6200008392334,18.959999084472656,18.43000030517578,18.579999923706055,613900,17.560638427734375
2003-05-07,18.450000762939453,18.739999771118164,18.280000686645508,18.489999771118164,400200,17.47556495666504
2003-05-08,18.399999618530273,18.600000381469727,18.290000915527344,18.40999984741211,484700,17.39995765686035
2003-05-09,18.5,18.950000762939453,18.450000762939453,18.799999237060547,424500,17.76856231689453
2003-05-12,18.700000762939453,18.940000534057617,18.479999542236328,18.920000076293945,546400,17.88197898864746
2003-05-13,18.920000076293945,18.950000762939453,18.649999618530273,18.8700008392334,330900,17.83472442626953
2003-05-14,18.899999618530273,18.940000534057617,18.549999237060547,18.600000381469727,532900,17.57953643798828
2003-05-15,18.600000381469727,19.100000381469727,18.5,19.049999237060547,774000,18.00484848022461
2003-05-16,19.110000610351562,19.290000915527344,18.959999084472656,19.290000915527344,1074700,18.231678009033203
2003-05-19,19.290000915527344,19.290000915527344,18.809999465942383,18.829999923706055,592000,17.79692268371582
2003-05-20,19.200000762939453,19.40999984741211,18.979999542236328,19.149999618530273,796400,18.0993595123291
2003-05-21,19,19.299999237060547,19,19.229999542236328,347900,18.17497444152832
2003-05-22,19.200000762939453,19.729999542236328,19.010000228881836,19.639999389648438,533200,18.56246566772461
2003-05-23,19.639999389648438,20.100000381469727,19.540000915527344,20.079999923706055,911100,18.97833251953125
2003-05-27,20,20.510000228881836,19.850000381469727,20.489999771118164,631100,19.3658390045166
2003-05-28,20.739999771118164,20.75,20.540000915527344,20.6299991607666,871700,19.498153686523438
2003-05-29,20.549999237060547,20.799999237060547,20.3700008392334,20.549999237060547,945400,19.422548294067383
2003-05-30,20.600000381469727,21.100000381469727,20.600000381469727,21.100000381469727,802400,19.94237518310547
2003-06-02,21.200000762939453,21.489999771118164,21.09000015258789,21.200000762939453,590200,20.03689193725586
2003-06-03,21.200000762939453,21.600000381469727,21.010000228881836,21.600000381469727,549200,20.414947509765625
2003-06-04,21.479999542236328,21.989999771118164,21.350000381469727,21.979999542236328,615400,20.77408790588379
2003-06-05,21.780000686645508,21.850000381469727,21.399999618530273,21.540000915527344,798200,20.358230590820312
2003-06-06,21.549999237060547,21.8799991607666,21.399999618530273,21.469999313354492,1426600,20.292072296142578
2003-06-09,21.399999618530273,21.489999771118164,21.18000030517578,21.40999984741211,1027000,20.235363006591797
2003-06-10,21.399999618530273,21.780000686645508,21.399999618530273,21.760000228881836,678300,20.566164016723633
2003-06-11,21.760000228881836,22.360000610351562,21.68000030517578,22.360000610351562,1373700,21.13324737548828
2003-06-12,22.360000610351562,22.360000610351562,21.950000762939453,22.200000762939453,501800,20.982030868530273
2003-06-13,22.200000762939453,22.280000686645508,21.959999084472656,22.280000686645508,345800,21.05763816833496
2003-06-16,22.18000030517578,22.399999618530273,22.1200008392334,22.309999465942383,606000,21.085988998413086
2003-06-17,22.309999465942383,22.420000076293945,22.06999969482422,22.350000381469727,368200,21.123802185058594
2003-06-18,22.350000381469727,22.6299991607666,22.1299991607666,22.299999237060547,318000,21.076536178588867
2003-06-19,22.299999237060547,22.299999237060547,21.770000457763672,21.770000457763672,528400,20.575613021850586
2003-06-20,21.969999313354492,22.149999618530273,21.899999618530273,21.989999771118164,646700,20.78354263305664
2003-06-23,21.850000381469727,21.93000030517578,21.239999771118164,21.239999771118164,600200,20.074697494506836
2003-06-24,21.25,21.399999618530273,20.81999969482422,21.079999923706055,623200,19.923480987548828
2003-06-25,21.200000762939453,21.399999618530273,21,21.059999465942383,380400,19.90456771850586
2003-06-26,21,21.6200008392334,20.8700008392334,21.540000915527344,432100,20.358230590820312
2003-06-27,21.440000534057617,21.719999313354492,21.40999984741211,21.420000076293945,393500,20.244815826416016
2003-06-30,21.40999984741211,21.6200008392334,20.899999618530273,21.020000457763672,932400,19.86676788330078
2003-07-01,21.09000015258789,21.479999542236328,20.799999237060547,21.440000534057617,504500,20.26372718811035
2003-07-02,21.350000381469727,21.760000228881836,21.25,21.729999542236328,500900,20.537809371948242
2003-07-03,21.729999542236328,21.75,21.299999237060547,21.40999984741211,419700,20.235363006591797
2003-07-07,21.739999771118164,21.899999618530273,21.709999084472656,21.889999389648438,541800,20.689029693603516
2003-07-08,21.8799991607666,21.8799991607666,21.579999923706055,21.84000015258789,537300,20.641780853271484
2003-07-09,21.719999313354492,21.889999389648438,21.6200008392334,21.780000686645508,699500,20.585071563720703
2003-07-10,21.790000915527344,21.829999923706055,21.450000762939453,21.450000762939453,712100,20.273176193237305
2003-07-11,21.549999237060547,21.760000228881836,21.3799991607666,21.5,479400,20.32042694091797
2003-07-14,21.649999618530273,21.8799991607666,21.450000762939453,21.459999084472656,474000,20.282623291015625
2003-07-15,21.600000381469727,21.719999313354492,21.25,21.299999237060547,556800,20.13140106201172
2003-07-16,21.399999618530273,21.549999237060547,21.1299991607666,21.260000228881836,586600,20.09359359741211
2003-07-17,21.260000228881836,21.290000915527344,20.989999771118164,21,363300,19.847862243652344
2003-07-18,21.149999618530273,21.260000228881836,20.920000076293945,21.25,421200,20.08414077758789
2003-07-21,21,21.260000228881836,20.90999984741211,21.1200008392334,492100,19.961278915405273
2003-07-22,21.020000457763672,21.770000457763672,21.020000457763672,21.700000762939453,455400,20.509458541870117
2003-07-23,21.700000762939453,22.309999465942383,21.25,22.309999465942383,1643800,21.085988998413086
2003-07-24,22.34000015258789,22.670000076293945,22.149999618530273,22.25,960700,21.029287338256836
2003-07-25,22.260000228881836,22.299999237060547,22.020000457763672,22.299999237060547,671300,21.076536178588867
2003-07-28,22.25,22.510000228881836,22.25,22.329999923706055,939500,21.104890823364258
2003-07-29,22.40999984741211,22.510000228881836,21.75,22.1299991607666,889600,20.915864944458008
2003-07-30,22.25,22.25,22,22,490400,20.792993545532227
2003-07-31,22.200000762939453,22.5,22.079999923706055,22.25,604000,21.029287338256836
2003-08-01,22.270000457763672,22.450000762939453,22.139999389648438,22.350000381469727,756900,21.123802185058594
2003-08-04,22.200000762939453,22.329999923706055,21.719999313354492,22.18000030517578,506200,20.963117599487305
2003-08-05,22.219999313354492,22.25,21.600000381469727,21.65999984741211,604200,20.47165298461914
2003-08-06,21.450000762939453,21.75,21.299999237060547,21.520000457763672,738200,20.33933448791504
2003-08-07,21.600000381469727,21.65999984741211,21.329999923706055,21.6299991607666,450100,20.443294525146484
2003-08-08,21.729999542236328,21.729999542236328,21.209999084472656,21.420000076293945,384600,20.244815826416016
2003-08-11,21.31999969482422,21.639999389648438,21.190000534057617,21.520000457763672,220300,20.33933448791504
2003-08-12,21.420000076293945,21.950000762939453,21.420000076293945,21.950000762939453,311200,20.745738983154297
2003-08-13,21.989999771118164,22.100000381469727,21.780000686645508,21.8799991607666,350900,20.679580688476562
2003-08-14,21.850000381469727,21.959999084472656,21.700000762939453,21.799999237060547,397500,20.60397720336914
2003-08-15,21.940000534057617,21.969999313354492,21.5,21.700000762939453,186300,20.509458541870117
2003-08-18,21.799999237060547,22.170000076293945,21.739999771118164,22,1062000,20.792993545532227
2003-08-19,22.149999618530273,22.440000534057617,22.049999237060547,22.229999542236328,1025100,21.01038360595703
2003-08-20,22.229999542236328,22.559999465942383,22.049999237060547,22.559999465942383,1379400,21.32227325439453
2003-08-21,22.610000610351562,23.360000610351562,22.610000610351562,23.1200008392334,1494200,21.85154914855957
2003-08-22,23.25,23.440000534057617,22.6299991607666,22.700000762939453,669000,21.454601287841797
2003-08-25,22.799999237060547,22.950000762939453,22.540000915527344,22.6299991607666,198700,21.388429641723633
2003-08-26,22.5,22.670000076293945,22.270000457763672,22.600000381469727,309900,21.360078811645508
2003-08-27,22.649999618530273,22.8799991607666,22.5,22.6299991607666,384800,21.388429641723633
2003-08-28,22.600000381469727,22.690000534057617,22.43000030517578,22.5,357000,21.265565872192383
2003-08-29,22.399999618530273,22.790000915527344,22.3799991607666,22.790000915527344,390800,21.539653778076172
2003-09-02,22.760000228881836,23.100000381469727,22.68000030517578,23.100000381469727,805600,21.832643508911133
2003-09-03,23.049999237060547,23.280000686645508,22.920000076293945,23.059999465942383,971300,21.794845581054688
2003-09-04,22.959999084472656,23.59000015258789,22.950000762939453,23.31999969482422,1186400,22.04058265686035
2003-09-05,23.1200008392334,23.5,23.1200008392334,23.219999313354492,1025000,21.946067810058594
2003-09-08,23.219999313354492,23.5,23.209999084472656,23.329999923706055,619200,22.050033569335938
2003-09-09,23.200000762939453,23.25,23.010000228881836,23.139999389648438,617900,21.870454788208008
2003-09-10,23.139999389648438,23.139999389648438,22.700000762939453,22.700000762939453,1077000,21.454601287841797
2003-09-11,22.899999618530273,23.030000686645508,22.75,22.899999618530273,543700,21.643625259399414
2003-09-12,22.75,22.780000686645508,22.399999618530273,22.559999465942383,796300,21.32227325439453
2003-09-15,22.5,22.729999542236328,22.399999618530273,22.729999542236328,747600,21.482946395874023
2003-09-16,22.780000686645508,23.1299991607666,22.780000686645508,22.920000076293945,1156100,21.66253089904785
2003-09-17,22.93000030517578,23.049999237060547,22.760000228881836,22.90999984741211,696100,21.653072357177734
2003-09-18,22.799999237060547,23.15999984741211,22.709999084472656,23.06999969482422,759000,21.804292678833008
2003-09-19,23,23.149999618530273,22.780000686645508,22.959999084472656,604100,21.70033073425293
2003-09-22,22.899999618530273,22.950000762939453,22.5,22.950000762939453,791700,21.690879821777344
2003-09-23,23.049999237060547,23.5,22.979999542236328,23.200000762939453,1109100,21.92716407775879
2003-09-24,23,23.139999389648438,22.5,22.549999237060547,449300,21.312814712524414
2003-09-25,22.649999618530273,22.670000076293945,22.079999923706055,22.110000610351562,582600,20.896968841552734
2003-09-26,22,22.010000228881836,21.6200008392334,21.719999313354492,470100,20.528369903564453
2003-09-29,21.93000030517578,22.270000457763672,21.719999313354492,22.239999771118164,540700,21.019832611083984
2003-09-30,22.100000381469727,22.149999618530273,21.6299991607666,21.700000762939453,574500,20.509458541870117
2003-10-01,21.799999237060547,22.110000610351562,21.75,21.969999313354492,786600,20.764646530151367
2003-10-02,22,22.489999771118164,21.950000762939453,22.43000030517578,710500,21.19940948486328
2003-10-03,22.68000030517578,22.899999618530273,22.510000228881836,22.510000228881836,460100,21.2750186920166
2003-10-06,22.399999618530273,22.75,22.3799991607666,22.700000762939453,408300,21.454601287841797
2003-10-07,22.700000762939453,22.700000762939453,22.219999313354492,22.399999618530273,501900,21.171052932739258
2003-10-08,22.520000457763672,22.520000457763672,22.200000762939453,22.360000610351562,397900,21.13324737548828
2003-10-09,22.459999084472656,22.850000381469727,22.43000030517578,22.600000381469727,444300,21.360078811645508
2003-10-10,22.700000762939453,22.799999237060547,22.559999465942383,22.719999313354492,306200,21.473501205444336
2003-10-13,22.719999313354492,22.920000076293945,22.700000762939453,22.75,217200,21.50185203552246
2003-10-14,22.850000381469727,22.920000076293945,22.639999389648438,22.920000076293945,550000,21.66253089904785
2003-10-15,22.889999389648438,23.079999923706055,22.799999237060547,22.950000762939453,555700,21.690879821777344
2003-10-16,22.899999618530273,23.329999923706055,22.860000610351562,23.329999923706055,416400,22.050033569335938
2003-10-17,23.350000381469727,23.350000381469727,22.90999984741211,23.06999969482422,384900,21.804292678833008
2003-10-20,23.020000457763672,23.100000381469727,22.670000076293945,23.020000457763672,303700,21.757036209106445
2003-10-21,23.100000381469727,23.1299991607666,22.760000228881836,22.84000015258789,409800,21.5869083404541
2003-10-22,21.299999237060547,22,21.25,21.799999237060547,1732800,20.60397720336914
2003-10-23,21.799999237060547,21.799999237060547,21.43000030517578,21.59000015258789,1141100,20.405500411987305
2003-10-24,21.530000686645508,21.540000915527344,21.260000228881836,21.450000762939453,747200,20.273176193237305
2003-10-27,21.450000762939453,21.600000381469727,21.299999237060547,21.399999618530273,1281900,20.225915908813477
2003-10-28,21.350000381469727,21.65999984741211,21.260000228881836,21.6299991607666,827800,20.443294525146484
2003-10-29,21.5,21.530000686645508,21.31999969482422,21.469999313354492,838500,20.292072296142578
2003-10-30,21.530000686645508,21.639999389648438,21.360000610351562,21.399999618530273,594100,20.225915908813477
2003-10-31,21.3799991607666,22.100000381469727,21.3799991607666,21.979999542236328,1460300,20.77408790588379
2003-11-03,21.899999618530273,22.5,21.899999618530273,22.25,1072700,21.029287338256836
2003-11-04,22.3799991607666,22.5,22.059999465942383,22.43000030517578,944100,21.19940948486328
2003-11-05,22.299999237060547,22.399999618530273,22.139999389648438,22.34000015258789,535200,21.114337921142578
2003-11-06,22.239999771118164,22.700000762939453,22.15999984741211,22.65999984741211,598800,21.416790008544922
2003-11-07,22.729999542236328,23.149999618530273,22.709999084472656,22.8700008392334,909100,21.615264892578125
2003-11-10,22.790000915527344,22.799999237060547,22.549999237060547,22.690000534057617,581200,21.44514274597168
2003-11-11,22.59000015258789,22.700000762939453,22.489999771118164,22.700000762939453,450200,21.454601287841797
2003-11-12,22.799999237060547,23.229999542236328,22.700000762939453,23.049999237060547,833500,21.785390853881836
2003-11-13,23,23.5,23,23.420000076293945,592600,22.135093688964844
2003-11-14,23.489999771118164,23.56999969482422,23.18000030517578,23.25,432500,21.974422454833984
2003-11-17,23,23.200000762939453,22.81999969482422,23.1200008392334,610400,21.85154914855957
2003-11-18,23.190000534057617,23.290000915527344,22.899999618530273,23.010000228881836,296000,21.747591018676758
2003-11-19,23,23.25,22.93000030517578,23.149999618530273,406700,21.87990379333496
2003-11-20,23.049999237060547,23.239999771118164,22.899999618530273,23.139999389648438,1186100,21.870454788208008
2003-11-21,23.139999389648438,23.299999237060547,23,23.299999237060547,584500,22.021678924560547
2003-11-24,23.280000686645508,23.719999313354492,23.190000534057617,23.700000762939453,732500,22.39972686767578
2003-11-25,23.75,24.079999923706055,23.610000610351562,23.979999542236328,1128000,22.66436767578125
2003-11-26,23.950000762939453,23.969999313354492,23.670000076293945,23.899999618530273,396800,22.588762283325195
2003-11-28,23.899999618530273,23.959999084472656,23.81999969482422,23.899999618530273,376400,22.588762283325195
2003-12-01,24,24.1299991607666,23.81999969482422,24.059999465942383,648000,22.739980697631836
2003-12-02,23.940000534057617,24.040000915527344,23.799999237060547,23.799999237060547,508300,22.49424171447754
2003-12-03,23.799999237060547,23.979999542236328,23.65999984741211,23.799999237060547,784000,22.49424171447754
2003-12-04,23.700000762939453,23.700000762939453,23.40999984741211,23.610000610351562,630300,22.314674377441406
2003-12-05,23.670000076293945,23.760000228881836,23.469999313354492,23.559999465942383,530400,22.267404556274414
2003-12-08,23.5,23.579999923706055,23.309999465942383,23.389999389648438,438200,22.106733322143555
2003-12-09,23.389999389648438,23.489999771118164,23.059999465942383,23.110000610351562,542000,21.84210205078125
2003-12-10,23.040000915527344,23.079999923706055,22.700000762939453,22.84000015258789,557800,21.5869083404541
2003-12-11,22.90999984741211,23.3700008392334,22.860000610351562,23.290000915527344,801800,22.012231826782227
2003-12-12,24,24.40999984741211,23.850000381469727,24.399999618530273,2538500,23.061325073242188
2003-12-15,24.489999771118164,24.809999465942383,24.149999618530273,24.200000762939453,661900,22.8723087310791
2003-12-16,24.100000381469727,24.440000534057617,24.059999465942383,24.31999969482422,478700,22.985721588134766
2003-12-17,24.420000076293945,24.420000076293945,24.100000381469727,24.170000076293945,594000,22.84393882751465
2003-12-18,24.229999542236328,24.760000228881836,24.190000534057617,24.719999313354492,741900,23.36376953125
2003-12-19,24.780000686645508,24.920000076293945,24.520000457763672,24.549999237060547,575700,23.203102111816406
2003-12-22,24.450000762939453,24.799999237060547,24.360000610351562,24.739999771118164,370600,23.382671356201172
2003-12-23,24.739999771118164,24.75,24.540000915527344,24.729999542236328,675800,23.37321662902832
2003-12-24,24.610000610351562,25.010000228881836,24.510000228881836,25.010000228881836,317700,23.637853622436523
2003-12-26,24.950000762939453,25.010000228881836,24.899999618530273,25,198500,23.62840461730957
2003-12-29,25,25.399999618530273,25,25.3700008392334,562600,23.978107452392578
2003-12-30,25.170000076293945,25.299999237060547,25.1299991607666,25.25,668800,23.86469268798828
2003-12-31,25.25,25.25,24.940000534057617,25.200000762939453,487400,23.817434310913086
2004-01-02,25.200000762939453,25.229999542236328,24.940000534057617,25.030000686645508,541500,23.65676498413086
2004-01-05,25.100000381469727,25.299999237060547,25,25.149999618530273,529300,23.77018165588379
2004-01-06,25.100000381469727,25.389999389648438,24.979999542236328,25.3700008392334,860400,23.978107452392578
2004-01-07,25.299999237060547,25.610000610351562,25.200000762939453,25.610000610351562,507800,24.204940795898438
2004-01-08,25.610000610351562,26.1299991607666,25.610000610351562,26.1299991607666,623700,24.696409225463867
2004-01-09,26,26.100000381469727,25.790000915527344,26.010000228881836,466300,24.582992553710938
2004-01-12,26.010000228881836,26.010000228881836,25.549999237060547,25.719999313354492,669200,24.308902740478516
2004-01-13,25.6200008392334,25.979999542236328,25.6200008392334,25.950000762939453,501700,24.526283264160156
2004-01-14,25.829999923706055,26.770000457763672,25.829999923706055,26.75,1184300,25.282394409179688
2004-01-15,26.299999237060547,26.739999771118164,26.299999237060547,26.579999923706055,640000,25.121721267700195
2004-01-16,26.700000762939453,27.649999618530273,26.700000762939453,27.15999984741211,1136500,25.66990089416504
2004-01-20,27.059999465942383,27.299999237060547,26.760000228881836,27.200000762939453,427400,25.707706451416016
2004-01-21,27.100000381469727,27.489999771118164,26.959999084472656,27.479999542236328,458400,25.97234535217285
2004-01-22,27.5,28,27.399999618530273,27.81999969482422,880600,26.293697357177734
2004-01-23,27.700000762939453,27.809999465942383,27.459999084472656,27.75,536800,26.227535247802734
2004-01-26,27.829999923706055,28.25,27.809999465942383,28.229999542236328,804300,26.681198120117188
2004-01-27,28.450000762939453,29.649999618530273,27.979999542236328,28,1790000,26.463815689086914
2004-01-28,28.049999237060547,28.649999618530273,27.770000457763672,27.829999923706055,911800,26.303144454956055
2004-01-29,27.799999237060547,27.899999618530273,27.100000381469727,27.760000228881836,882600,26.23698616027832
2004-01-30,27.690000534057617,28.110000610351562,27.6200008392334,27.8700008392334,1002600,26.340946197509766
2004-02-02,27.729999542236328,28.040000915527344,27.489999771118164,27.520000457763672,848700,26.010150909423828
2004-02-03,27.350000381469727,28.09000015258789,27.309999465942383,28.049999237060547,792200,26.511070251464844
2004-02-04,28.049999237060547,28.459999084472656,27.690000534057617,28.25,932900,26.70009994506836
2004-02-05,28.149999618530273,28.239999771118164,27.5,27.600000381469727,997700,26.08576202392578
2004-02-06,27.75,28.579999923706055,27.75,28.34000015258789,1156500,26.785167694091797
2004-02-09,28,28.290000915527344,27.829999923706055,27.829999923706055,665600,26.303144454956055
2004-02-10,27.899999618530273,28.25,27.770000457763672,28.139999389648438,495600,26.596145629882812
2004-02-11,28.200000762939453,28.639999389648438,27.93000030517578,28.559999465942383,507200,26.993087768554688
2004-02-12,28.56999969482422,29.010000228881836,28.549999237060547,28.829999923706055,697700,27.248275756835938
2004-02-13,28.649999618530273,28.739999771118164,28.450000762939453,28.459999084472656,651800,26.898584365844727
2004-02-17,28.600000381469727,28.719999313354492,28.200000762939453,28.280000686645508,821400,26.728452682495117
2004-02-18,28.270000457763672,28.360000610351562,27.899999618530273,28.100000381469727,704000,26.558332443237305
2004-02-19,28.25,28.420000076293945,27.850000381469727,27.920000076293945,605300,26.388208389282227
2004-02-20,28,28.010000228881836,27.31999969482422,27.670000076293945,626400,26.151927947998047
2004-02-23,27.68000030517578,27.989999771118164,27.309999465942383,27.420000076293945,548300,25.915639877319336
2004-02-24,27.420000076293945,27.700000762939453,27.059999465942383,27.15999984741211,652500,25.66990089416504
2004-02-25,27.260000228881836,27.579999923706055,27.010000228881836,27.350000381469727,461700,25.84947967529297
2004-02-26,27.149999618530273,27.969999313354492,27.110000610351562,27.700000762939453,652300,26.180278778076172
2004-02-27,27.899999618530273,28.149999618530273,27.739999771118164,28.06999969482422,498000,26.52997589111328
2004-03-01,28.049999237060547,28.520000457763672,28,28.510000228881836,748800,26.945838928222656
2004-03-02,28.510000228881836,28.59000015258789,28.1299991607666,28.299999237060547,572800,26.747358322143555
2004-03-03,28.100000381469727,28.56999969482422,27.899999618530273,28.350000381469727,592300,26.794614791870117
2004-03-04,28.299999237060547,28.790000915527344,28.299999237060547,28.790000915527344,685900,27.21047592163086
2004-03-05,28.399999618530273,29.020000457763672,28.280000686645508,28.950000762939453,471900,27.361690521240234
2004-03-08,28.899999618530273,28.989999771118164,28.600000381469727,28.610000610351562,423500,27.04034996032715
2004-03-09,28.420000076293945,28.510000228881836,27.93000030517578,28.079999923706055,554300,26.539424896240234
2004-03-10,28.280000686645508,28.299999237060547,27.5,27.56999969482422,517900,26.057411193847656
2004-03-11,27.579999923706055,27.760000228881836,27.149999618530273,27.270000457763672,714800,25.773868560791016
2004-03-12,27.219999313354492,27.639999389648438,27.200000762939453,27.56999969482422,818900,26.057411193847656
2004-03-15,27.280000686645508,27.440000534057617,25.899999618530273,27.15999984741211,657900,25.66990089416504
2004-03-16,27.1299991607666,27.3700008392334,26.84000015258789,27.09000015258789,451700,25.60373878479004
2004-03-17,27.18000030517578,27.959999084472656,27.18000030517578,27.690000534057617,545000,26.170820236206055
2004-03-18,27.690000534057617,27.809999465942383,27.239999771118164,27.549999237060547,706800,26.03850555419922
2004-03-19,27.399999618530273,27.690000534057617,27.229999542236328,27.329999923706055,619700,25.8305721282959
2004-03-22,27.100000381469727,27.190000534057617,26.25,26.799999237060547,507800,25.32965850830078
2004-03-23,26.850000381469727,26.950000762939453,26.3700008392334,26.469999313354492,553000,25.01775550842285
2004-03-24,26.5,26.59000015258789,26.299999237060547,26.299999237060547,578300,24.857078552246094
2004-03-25,26.450000762939453,26.979999542236328,26.450000762939453,26.959999084472656,881000,25.48087501525879
2004-03-26,26.899999618530273,27.190000534057617,26.770000457763672,26.899999618530273,435600,25.424165725708008
2004-03-29,26.979999542236328,28.049999237060547,26.969999313354492,27.799999237060547,2081600,26.274789810180664
2004-03-30,27.829999923706055,28.3799991607666,27.75,28.31999969482422,803100,26.76626205444336
2004-03-31,28.270000457763672,28.440000534057617,28.020000457763672,28.280000686645508,458300,26.728452682495117
2004-04-01,28.139999389648438,28.81999969482422,28.1299991607666,28.600000381469727,910000,27.030893325805664
2004-04-02,28.75,29.459999084472656,28.729999542236328,29.329999923706055,1329800,27.720849990844727
2004-04-05,29.149999618530273,29.489999771118164,29.030000686645508,29.489999771118164,729500,27.872074127197266
2004-04-06,29.350000381469727,29.40999984741211,28.989999771118164,29.079999923706055,453500,27.484554290771484
2004-04-07,29.020000457763672,29.260000228881836,28.760000228881836,29.149999618530273,328900,27.550722122192383
2004-04-08,29.3799991607666,29.459999084472656,29.260000228881836,29.3799991607666,521800,27.768104553222656
2004-04-12,29.450000762939453,29.579999923706055,29.170000076293945,29.540000915527344,353400,27.919321060180664
2004-04-13,29.600000381469727,29.600000381469727,28.959999084472656,29.100000381469727,481700,27.50346565246582
2004-04-14,29.049999237060547,29.25,28.860000610351562,29.139999389648438,497900,27.541276931762695
2004-04-15,29.18000030517578,29.399999618530273,28.959999084472656,29.329999923706055,649700,27.720849990844727
2004-04-16,29.469999313354492,30.1299991607666,29.31999969482422,29.940000534057617,1129600,28.297380447387695
2004-04-19,29.979999542236328,29.979999542236328,29.739999771118164,29.920000076293945,699600,28.27847671508789
2004-04-20,29.969999313354492,30.309999465942383,29.1299991607666,29.1299991607666,584700,27.531816482543945
2004-04-21,29.25,29.700000762939453,29.25,29.6200008392334,525700,27.994935989379883
2004-04-22,29.6200008392334,30.6299991607666,29.520000457763672,30.5,1162800,28.826656341552734
2004-04-23,30.450000762939453,31,30.399999618530273,31,1326500,29.299232482910156
2004-04-26,30.8799991607666,31.399999618530273,30.639999389648438,30.860000610351562,1059600,29.166908264160156
2004-04-27,30.770000457763672,30.940000534057617,29.809999465942383,29.84000015258789,1353500,28.20286750793457
2004-04-28,30.049999237060547,30.399999618530273,29.06999969482422,29.079999923706055,1397600,27.484554290771484
2004-04-29,29.18000030517578,30.399999618530273,29.139999389648438,29.799999237060547,1502300,28.165063858032227
2004-04-30,29.8799991607666,29.950000762939453,29.170000076293945,29.200000762939453,965600,27.597978591918945
2004-05-03,29.299999237060547,29.610000610351562,29.149999618530273,29.299999237060547,1263700,27.69249725341797
2004-05-04,29.440000534057617,29.670000076293945,29.200000762939453,29.25,1154700,27.645240783691406
2004-05-05,29.25,30.079999923706055,29.149999618530273,29.969999313354492,909300,28.325733184814453
2004-05-06,29.90999984741211,29.920000076293945,29.110000610351562,29.309999465942383,685100,27.701946258544922
2004-05-07,29.049999237060547,29.299999237060547,28.3700008392334,28.510000228881836,1267000,26.945838928222656
2004-05-10,28.149999618530273,28.399999618530273,27.25,27.809999465942383,1308700,26.284242630004883
2004-05-11,27.850000381469727,28.8799991607666,27.850000381469727,28.770000457763672,823100,27.191572189331055
2004-05-12,28.6200008392334,28.979999542236328,28.399999618530273,28.889999389648438,578100,27.304981231689453
2004-05-13,28.790000915527344,29.18000030517578,28.709999084472656,29.079999923706055,758800,27.484554290771484
2004-05-14,29.09000015258789,29.34000015258789,28.610000610351562,28.899999618530273,522200,27.31443977355957
2004-05-17,28.649999618530273,28.700000762939453,28.260000228881836,28.469999313354492,584800,26.908023834228516
2004-05-18,28.479999542236328,28.700000762939453,28.25,28.329999923706055,424700,26.775705337524414
2004-05-19,28.530000686645508,28.989999771118164,28.459999084472656,28.600000381469727,1705500,27.030893325805664
2004-05-20,28.600000381469727,28.829999923706055,28.350000381469727,28.479999542236328,386200,26.91748809814453
2004-05-21,28.639999389648438,28.889999389648438,28.510000228881836,28.65999984741211,458900,27.087604522705078
2004-05-24,28.799999237060547,29.110000610351562,28.760000228881836,29.010000228881836,1053100,27.41840934753418
2004-05-25,29.09000015258789,29.979999542236328,29.040000915527344,29.950000762939453,866800,28.306827545166016
2004-05-26,29.950000762939453,30.469999313354492,29.780000686645508,30.440000534057617,747000,28.76995086669922
2004-05-27,30.469999313354492,30.979999542236328,30.450000762939453,30.559999465942383,1070200,28.883363723754883
2004-05-28,30.479999542236328,30.90999984741211,30.190000534057617,30.780000686645508,800900,29.09129524230957
2004-06-01,30.649999618530273,31.06999969482422,30.200000762939453,30.65999984741211,708500,28.977880477905273
2004-06-02,30.600000381469727,30.780000686645508,30.1299991607666,30.489999771118164,620900,28.817197799682617
2004-06-03,30.149999618530273,30.270000457763672,29.6200008392334,29.729999542236328,1050100,28.098896026611328
2004-06-04,29.729999542236328,29.950000762939453,29.450000762939453,29.559999465942383,1312500,27.9382266998291
2004-06-07,29.6200008392334,30.229999542236328,29.440000534057617,30.190000534057617,1067600,28.533666610717773
2004-06-08,30.049999237060547,30.100000381469727,29.790000915527344,29.920000076293945,828700,28.27847671508789
2004-06-09,29.920000076293945,30.049999237060547,29.3799991607666,29.3799991607666,718600,27.768104553222656
2004-06-10,29.489999771118164,29.950000762939453,29.34000015258789,29.84000015258789,535100,28.20286750793457
2004-06-14,29.799999237060547,29.8700008392334,28.969999313354492,29.270000457763672,803000,27.664142608642578
2004-06-15,29.399999618530273,29.559999465942383,29.190000534057617,29.239999771118164,643900,27.635787963867188
2004-06-16,29.260000228881836,29.299999237060547,29.030000686645508,29.139999389648438,769000,27.541276931762695
2004-06-17,29.09000015258789,29.31999969482422,28.75,29.290000915527344,498400,27.683032989501953
2004-06-18,29.190000534057617,29.25,29.059999465942383,29.1200008392334,642700,27.52236557006836
2004-06-21,28.979999542236328,29.469999313354492,28.93000030517578,29.200000762939453,552800,27.597978591918945
2004-06-22,29.270000457763672,29.719999313354492,29.149999618530273,29.639999389648438,734300,28.013839721679688
2004-06-23,29.600000381469727,30.25,29.549999237060547,30.239999771118164,754300,28.58091926574707
2004-06-24,30.260000228881836,30.260000228881836,29.780000686645508,29.860000610351562,463700,28.22176742553711
2004-06-25,29.920000076293945,30.100000381469727,29.809999465942383,30.010000228881836,592500,28.3635311126709
2004-06-28,30.010000228881836,30.350000381469727,29.940000534057617,29.989999771118164,749800,28.344640731811523
2004-06-29,29.979999542236328,30.149999618530273,29.959999084472656,30.040000915527344,719900,28.39189338684082
2004-06-30,30.100000381469727,30.809999465942383,30.030000686645508,30.739999771118164,1196400,29.05349349975586
2004-07-01,30.68000030517578,30.799999237060547,30.110000610351562,30.170000076293945,1268500,28.5147647857666
2004-07-02,30.200000762939453,30.200000762939453,29.639999389648438,29.690000534057617,740200,28.061094284057617
2004-07-06,29.6299991607666,29.6299991607666,29.049999237060547,29.229999542236328,669000,27.626327514648438
2004-07-07,29.170000076293945,29.700000762939453,29.09000015258789,29.450000762939453,853000,27.834260940551758
2004-07-08,29.440000534057617,29.440000534057617,28.959999084472656,28.969999313354492,590800,27.380599975585938
2004-07-09,28.969999313354492,28.969999313354492,28.139999389648438,28.549999237060547,1134200,26.983638763427734
2004-07-12,28.510000228881836,28.579999923706055,27.899999618530273,28.489999771118164,517300,26.926944732666016
2004-07-13,28.450000762939453,28.639999389648438,28.399999618530273,28.469999313354492,350100,26.908023834228516
2004-07-14,28.399999618530273,29.040000915527344,28.229999542236328,28.920000076293945,805400,27.333345413208008
2004-07-15,28.8799991607666,29.3799991607666,28.84000015258789,28.899999618530273,792400,27.31443977355957
2004-07-16,29.149999618530273,29.149999618530273,28.239999771118164,28.260000228881836,930300,26.709545135498047
2004-07-19,28.350000381469727,28.510000228881836,28.139999389648438,28.270000457763672,835400,26.718997955322266
2004-07-20,28.350000381469727,28.399999618530273,28.049999237060547,28.299999237060547,1588200,26.747358322143555
2004-07-21,28.350000381469727,28.5,27.260000228881836,27.290000915527344,1123100,25.792766571044922
2004-07-22,27.290000915527344,27.549999237060547,26.56999969482422,27.100000381469727,1377000,25.613195419311523
2004-07-23,27.110000610351562,27.270000457763672,26.709999084472656,26.739999771118164,755300,25.272945404052734
2004-07-26,26.649999618530273,26.65999984741211,26,26.049999237060547,1003300,24.620803833007812
2004-07-27,26.09000015258789,26.139999389648438,25.299999237060547,25.899999618530273,2601800,24.479028701782227
2004-07-28,25.90999984741211,25.90999984741211,24.299999237060547,24.8799991607666,3866500,23.514989852905273
2004-07-29,24.950000762939453,25.530000686645508,24.899999618530273,25.260000228881836,1461000,23.874141693115234
2004-07-30,25.360000610351562,25.780000686645508,25.06999969482422,25.719999313354492,838900,24.308902740478516
2004-08-02,25.43000030517578,25.81999969482422,25.25,25.739999771118164,981700,24.327810287475586
2004-08-03,25.549999237060547,25.56999969482422,25,25.290000915527344,834200,23.90249252319336
2004-08-04,25.209999084472656,25.56999969482422,25,25.3700008392334,833100,23.978107452392578
2004-08-05,25.350000381469727,25.40999984741211,24.850000381469727,24.8700008392334,662300,23.50554847717285
2004-08-06,24.649999618530273,24.65999984741211,24.149999618530273,24.3799991607666,902900,23.042421340942383
2004-08-09,24.34000015258789,24.700000762939453,24.34000015258789,24.530000686645508,596900,23.1841983795166
2004-08-10,24.420000076293945,24.829999923706055,24.18000030517578,24.649999618530273,961300,23.2976131439209
2004-08-11,24.450000762939453,24.799999237060547,24.290000915527344,24.579999923706055,1377900,23.231447219848633
2004-08-12,24.59000015258789,24.59000015258789,24.209999084472656,24.209999084472656,595900,22.88175392150879
2004-08-13,24.239999771118164,24.399999618530273,24,24.239999771118164,740100,22.91010856628418
2004-08-16,24.239999771118164,24.760000228881836,24.100000381469727,24.719999313354492,677000,23.36376953125
2004-08-17,24.700000762939453,24.940000534057617,24.6299991607666,24.8700008392334,1066900,23.50554847717285
2004-08-18,24.770000457763672,25.829999923706055,24.719999313354492,25.780000686645508,906800,24.365617752075195
2004-08-19,25.700000762939453,25.899999618530273,25.6299991607666,25.700000762939453,789800,24.290006637573242
2004-08-20,25.68000030517578,26.219999313354492,25.639999389648438,26.139999389648438,648400,24.705860137939453
2004-08-23,26.139999389648438,26.469999313354492,26.139999389648438,26.270000457763672,766600,24.828725814819336
2004-08-24,26.5,26.6200008392334,26.139999389648438,26.229999542236328,700100,24.79092788696289
2004-08-25,26.239999771118164,26.690000534057617,26.18000030517578,26.68000030517578,606000,25.21624183654785
2004-08-26,26.68000030517578,26.729999542236328,26.600000381469727,26.700000762939453,579500,25.235139846801758
2004-08-27,26.709999084472656,26.889999389648438,26.649999618530273,26.799999237060547,335500,25.32965850830078
2004-08-30,26.700000762939453,26.75,26.100000381469727,26.15999984741211,536900,24.724769592285156
2004-08-31,26.110000610351562,26.350000381469727,25.93000030517578,26.270000457763672,670000,24.828725814819336
2004-09-01,26.299999237060547,26.399999618530273,26.049999237060547,26.309999465942383,573400,24.866540908813477
2004-09-02,26.350000381469727,26.59000015258789,26.18000030517578,26.540000915527344,815700,25.083919525146484
2004-09-03,26.399999618530273,26.600000381469727,26.399999618530273,26.549999237060547,579600,25.093372344970703
2004-09-07,26.649999618530273,26.770000457763672,26.540000915527344,26.649999618530273,661200,25.18787956237793
2004-09-08,26.81999969482422,26.940000534057617,26.510000228881836,26.59000015258789,797700,25.13117027282715
2004-09-09,26.639999389648438,26.899999618530273,26.389999389648438,26.68000030517578,805900,25.21624183654785
2004-09-10,26.739999771118164,27.200000762939453,26.5,27.1299991607666,438700,25.641550064086914
2004-09-13,26.979999542236328,27.440000534057617,26.920000076293945,27.43000030517578,562100,25.925086975097656
2004-09-14,27.43000030517578,27.6299991607666,27.290000915527344,27.549999237060547,660900,26.03850555419922
2004-09-15,27.450000762939453,27.6299991607666,27.149999618530273,27.520000457763672,693400,26.010150909423828
2004-09-16,27.520000457763672,28.299999237060547,27.510000228881836,28.200000762939453,979900,26.652851104736328
2004-09-17,28.299999237060547,28.469999313354492,27.93000030517578,28.18000030517578,575100,26.63394546508789
2004-09-20,27.979999542236328,27.979999542236328,27.450000762939453,27.68000030517578,619800,26.16136932373047
2004-09-21,27.68000030517578,27.90999984741211,27.450000762939453,27.84000015258789,340700,26.312589645385742
2004-09-22,27.739999771118164,27.739999771118164,27.149999618530273,27.229999542236328,365900,25.736061096191406
2004-09-23,27.299999237060547,27.350000381469727,27,27.170000076293945,407300,25.67935562133789
2004-09-24,27.020000457763672,27.200000762939453,26.850000381469727,26.8799991607666,541800,25.405256271362305
2004-09-27,26.90999984741211,27,26.510000228881836,26.56999969482422,379200,25.112268447875977
2004-09-28,26.600000381469727,27.040000915527344,26.299999237060547,27.040000915527344,430500,25.556493759155273
2004-09-29,27,27.18000030517578,26.799999237060547,27,603100,25.518686294555664
2004-09-30,27,27.25,26.8799991607666,27.020000457763672,727000,25.537586212158203
2004-10-01,27.09000015258789,28.1299991607666,27,28.06999969482422,871000,26.52997589111328
2004-10-04,28.170000076293945,28.479999542236328,28.170000076293945,28.270000457763672,435700,26.718997955322266
2004-10-05,28.18000030517578,28.190000534057617,27.93000030517578,28.059999465942383,336800,26.520523071289062
2004-10-06,28.110000610351562,28.15999984741211,27.81999969482422,28.149999618530273,204900,26.605587005615234
2004-10-07,28.200000762939453,28.34000015258789,27.84000015258789,28.15999984741211,663400,26.61503791809082
2004-10-08,28,28.149999618530273,27.440000534057617,27.5,451100,25.991243362426758
2004-10-11,27.450000762939453,27.6299991607666,27.25,27.399999618530273,356200,25.89673614501953
2004-10-12,27.260000228881836,27.43000030517578,26.950000762939453,27.420000076293945,583800,25.915639877319336
2004-10-13,27.600000381469727,27.65999984741211,27.200000762939453,27.25,283300,25.754966735839844
2004-10-14,27.360000610351562,27.399999618530273,27.040000915527344,27.049999237060547,338200,25.565937042236328
2004-10-15,27.149999618530273,27.510000228881836,27,27.219999313354492,395000,25.72660255432129
2004-10-18,27.049999237060547,27.209999084472656,26.829999923706055,27.200000762939453,692700,25.707706451416016
2004-10-19,27.399999618530273,27.610000610351562,26.84000015258789,26.860000610351562,381600,25.386362075805664
2004-10-20,26.5,26.770000457763672,26.219999313354492,26.770000457763672,878800,25.301292419433594
2004-10-21,26.950000762939453,27.15999984741211,26.6299991607666,26.690000534057617,635200,25.225688934326172
2004-10-22,26.700000762939453,26.700000762939453,26.139999389648438,26.200000762939453,506700,24.762569427490234
2004-10-25,26.18000030517578,26.34000015258789,25.8799991607666,26.209999084472656,315800,24.772024154663086
2004-10-26,26.399999618530273,26.600000381469727,25.899999618530273,26.600000381469727,495400,25.14063262939453
2004-10-27,26.850000381469727,29.260000228881836,26.65999984741211,29,1898500,27.40894889831543
2004-10-28,29,29.100000381469727,28.559999465942383,28.809999465942383,731400,27.22937774658203
2004-10-29,28.899999618530273,29.010000228881836,28.520000457763672,29,925400,27.40894889831543
2004-11-01,28.899999618530273,29.100000381469727,28.6299991607666,28.8700008392334,716400,27.286081314086914
2004-11-02,28.969999313354492,29.5,28.850000381469727,29.09000015258789,976500,27.4940128326416
2004-11-03,29.899999618530273,30.25,29.75,29.799999237060547,951600,28.165063858032227
2004-11-04,29.719999313354492,29.989999771118164,29.260000228881836,29.959999084472656,593300,28.316280364990234
2004-11-05,30,30.350000381469727,29.84000015258789,29.8700008392334,898000,28.23122787475586
2004-11-08,29.8700008392334,30.190000534057617,29.8700008392334,29.889999389648438,981100,28.2501220703125
2004-11-09,29.950000762939453,30.170000076293945,29.799999237060547,29.969999313354492,721800,28.325733184814453
2004-11-10,30.100000381469727,30.360000610351562,29.950000762939453,30.049999237060547,569300,28.401342391967773
2004-11-11,30.059999465942383,30.149999618530273,29.950000762939453,30.030000686645508,412600,28.382448196411133
2004-11-12,30,30.049999237060547,29.6299991607666,29.959999084472656,573200,28.316280364990234
2004-11-15,30,30.139999389648438,29.889999389648438,29.979999542236328,991500,28.33519172668457
2004-11-16,30,30.15999984741211,29.799999237060547,29.93000030517578,700800,28.287927627563477
2004-11-17,30.100000381469727,30.3799991607666,29.950000762939453,30.059999465942383,721800,28.410797119140625
2004-11-18,29.93000030517578,30.329999923706055,29.93000030517578,30.170000076293945,734300,28.5147647857666
2004-11-19,30.170000076293945,30.170000076293945,29.450000762939453,29.479999542236328,896100,27.86261558532715
2004-11-22,29.649999618530273,30,29.399999618530273,29.90999984741211,946400,28.269023895263672
2004-11-23,30,30.09000015258789,29.59000015258789,29.760000228881836,1136900,28.127262115478516
2004-11-24,29.93000030517578,30.18000030517578,29.889999389648438,30.059999465942383,521400,28.410797119140625
2004-11-26,30.040000915527344,30.200000762939453,29.899999618530273,30.06999969482422,375000,28.420246124267578
2004-11-29,29.979999542236328,30.239999771118164,29.65999984741211,30.020000457763672,752100,28.37299346923828
2004-11-30,29.989999771118164,30.309999465942383,29.93000030517578,30.25,1422500,28.590373992919922
2004-12-01,30.31999969482422,30.899999618530273,30.31999969482422,30.68000030517578,1174900,28.996782302856445
2004-12-02,30.690000534057617,30.850000381469727,30.540000915527344,30.690000534057617,912400,29.006237030029297
2004-12-03,30.719999313354492,30.899999618530273,30.469999313354492,30.600000381469727,1182600,28.921173095703125
2004-12-06,30.530000686645508,30.600000381469727,30.34000015258789,30.469999313354492,810500,28.798303604125977
2004-12-07,30.540000915527344,30.950000762939453,30.079999923706055,30.1200008392334,823400,28.467506408691406
2004-12-08,30.1299991607666,30.6200008392334,29.979999542236328,30.450000762939453,1416600,28.779403686523438
2004-12-09,30.15999984741211,30.200000762939453,29.479999542236328,30.1200008392334,1251300,28.467506408691406
2004-12-10,30.1200008392334,30.260000228881836,29.899999618530273,30.200000762939453,979500,28.54311180114746
2004-12-13,30.299999237060547,30.690000534057617,30.260000228881836,30.59000015258789,1195300,28.911720275878906
2004-12-14,30.59000015258789,30.799999237060547,30.5,30.700000762939453,807400,29.015689849853516
2004-12-15,30.75,30.8799991607666,30.479999542236328,30.770000457763672,726000,29.081846237182617
2004-12-16,30.850000381469727,30.979999542236328,30.56999969482422,30.799999237060547,738300,29.110200881958008
2004-12-17,30.540000915527344,30.84000015258789,30.110000610351562,30.399999618530273,949100,28.732141494750977
2004-12-20,30.600000381469727,30.700000762939453,30.299999237060547,30.530000686645508,703600,28.855016708374023
2004-12-21,30.530000686645508,30.65999984741211,30.420000076293945,30.579999923706055,493100,28.90226936340332
2004-12-22,30.68000030517578,30.8799991607666,30.559999465942383,30.8799991607666,1073200,29.185810089111328
2004-12-23,30.8799991607666,30.940000534057617,30.540000915527344,30.700000762939453,812500,29.015689849853516
2004-12-27,30.709999084472656,30.709999084472656,30.299999237060547,30.31999969482422,597800,28.656526565551758
2004-12-28,30.389999389648438,30.5,30.200000762939453,30.350000381469727,869400,28.68488883972168
2004-12-29,30.420000076293945,30.469999313354492,30.229999542236328,30.31999969482422,788000,28.656526565551758
2004-12-30,30.299999237060547,30.5,30.25,30.280000686645508,524700,28.61872673034668
2004-12-31,30.34000015258789,30.34000015258789,30.149999618530273,30.190000534057617,618500,28.533666610717773
2005-01-03,30.139999389648438,30.34000015258789,29.3700008392334,29.68000030517578,1132800,28.05164337158203
2005-01-04,29.75,29.899999618530273,29.049999237060547,29.309999465942383,905400,27.701946258544922
2005-01-05,29.299999237060547,29.350000381469727,29.049999237060547,29.229999542236328,665600,27.626327514648438
2005-01-06,29.190000534057617,29.3799991607666,28.979999542236328,29.25,1102100,27.645240783691406
2005-01-07,29.299999237060547,29.3700008392334,28.81999969482422,28.81999969482422,794600,27.238826751708984
2005-01-10,28.829999923706055,29.059999465942383,28.770000457763672,28.899999618530273,689400,27.31443977355957
2005-01-11,28.899999618530273,28.969999313354492,28.530000686645508,28.850000381469727,954200,27.267181396484375
2005-01-12,28.950000762939453,29.049999237060547,28.299999237060547,28.899999618530273,1204600,27.31443977355957
2005-01-13,28.899999618530273,28.989999771118164,28.489999771118164,28.559999465942383,624400,26.993087768554688
2005-01-14,28.700000762939453,29.309999465942383,28.690000534057617,29.239999771118164,958000,27.635787963867188
2005-01-18,29.200000762939453,29.450000762939453,29,29.3700008392334,1196400,27.758651733398438
2005-01-19,29.200000762939453,29.299999237060547,28.579999923706055,28.649999618530273,963100,27.078155517578125
2005-01-20,29.299999237060547,29.889999389648438,29.299999237060547,29.81999969482422,2003000,28.18396759033203
2005-01-21,29.790000915527344,30.25,29.739999771118164,29.940000534057617,1172700,28.297380447387695
2005-01-24,30.190000534057617,30.209999084472656,29.690000534057617,29.780000686645508,733700,28.146160125732422
2005-01-25,29.950000762939453,30.18000030517578,29.690000534057617,29.75,514300,28.1178035736084
2005-01-26,29.799999237060547,29.959999084472656,29.639999389648438,29.760000228881836,552000,28.127262115478516
2005-01-27,29.559999465942383,29.84000015258789,29.25,29.739999771118164,409100,28.10835838317871
2005-01-28,29.850000381469727,29.920000076293945,29.399999618530273,29.540000915527344,931000,27.919321060180664
2005-01-31,29.700000762939453,30.1200008392334,29.649999618530273,29.940000534057617,870600,28.297380447387695
2005-02-01,29.969999313354492,30,29.770000457763672,29.90999984741211,974400,28.269023895263672
2005-02-02,29.90999984741211,30.049999237060547,29.809999465942383,29.989999771118164,765900,28.344640731811523
2005-02-03,28.25,28.25,26.459999084472656,26.799999237060547,6061600,25.32965850830078
2005-02-04,26.799999237060547,27.780000686645508,26.670000076293945,27.700000762939453,3258800,26.180278778076172
2005-02-07,27.899999618530273,28.350000381469727,27.549999237060547,28.350000381469727,1964600,26.794614791870117
2005-02-08,28.299999237060547,28.850000381469727,28.25,28.3700008392334,1782200,26.813508987426758
2005-02-09,28.350000381469727,28.350000381469727,27.489999771118164,27.540000915527344,1271200,26.029056549072266
2005-02-10,27.540000915527344,27.780000686645508,27.229999542236328,27.729999542236328,1474400,26.208627700805664
2005-02-11,27.799999237060547,27.950000762939453,27.600000381469727,27.829999923706055,1079400,26.303144454956055
2005-02-14,27.75,27.84000015258789,27.479999542236328,27.56999969482422,906800,26.057411193847656
2005-02-15,27.579999923706055,27.600000381469727,27.209999084472656,27.3799991607666,780800,25.87782859802246
2005-02-16,27.18000030517578,27.5,27.149999618530273,27.5,1320900,25.991243362426758
2005-02-17,27.350000381469727,27.639999389648438,27.260000228881836,27.540000915527344,1581800,26.029056549072266
2005-02-18,27.56999969482422,27.770000457763672,27.270000457763672,27.43000030517578,1181300,25.925086975097656
2005-02-22,27.18000030517578,27.700000762939453,27.06999969482422,27.139999389648438,829500,25.650999069213867
2005-02-23,27.489999771118164,27.5,27.040000915527344,27.270000457763672,670200,25.773868560791016
2005-02-24,27.15999984741211,27.399999618530273,26.450000762939453,27.329999923706055,1145500,25.8305721282959
2005-02-25,27.350000381469727,27.510000228881836,27.299999237060547,27.450000762939453,1104900,25.943986892700195
2005-02-28,27.459999084472656,27.729999542236328,27.329999923706055,27.459999084472656,939600,25.95344352722168
2005-03-01,27.639999389648438,27.729999542236328,27.1299991607666,27.31999969482422,1057600,25.821125030517578
2005-03-02,27.270000457763672,27.290000915527344,26.889999389648438,27.209999084472656,922300,25.7171573638916
2005-03-03,27.25,27.389999389648438,26.8700008392334,27.09000015258789,916500,25.60373878479004
2005-03-04,27.549999237060547,27.65999984741211,27.229999542236328,27.469999313354492,1212300,25.962905883789062
2005-03-07,27.549999237060547,27.8700008392334,27.530000686645508,27.760000228881836,704000,26.23698616027832
2005-03-08,27.700000762939453,27.829999923706055,27.639999389648438,27.690000534057617,669000,26.170820236206055
2005-03-09,27.700000762939453,27.93000030517578,27.639999389648438,27.690000534057617,1114200,26.170820236206055
2005-03-10,27.670000076293945,28.049999237060547,27.479999542236328,27.6299991607666,854800,26.114118576049805
2005-03-11,27.649999618530273,27.739999771118164,27.329999923706055,27.530000686645508,752400,26.019607543945312
2005-03-14,27.59000015258789,27.959999084472656,27.489999771118164,27.59000015258789,487500,26.076309204101562
2005-03-15,27.5,27.600000381469727,27.34000015258789,27.450000762939453,716500,25.943986892700195
2005-03-16,27.399999618530273,27.450000762939453,26.8799991607666,27,521600,25.518686294555664
2005-03-17,26.200000762939453,26.770000457763672,25.8799991607666,26.600000381469727,1118900,25.14063262939453
2005-03-18,26.56999969482422,26.729999542236328,26.110000610351562,26.360000610351562,1012200,24.913793563842773
2005-03-21,26.469999313354492,26.639999389648438,25.93000030517578,25.989999771118164,1219800,24.56409454345703
2005-03-22,25.860000610351562,26.18000030517578,25.329999923706055,25.329999923706055,1430300,23.94029426574707
2005-03-23,25.360000610351562,26.059999465942383,25.329999923706055,25.850000381469727,1954300,24.431766510009766
2005-03-24,25.8700008392334,26.040000915527344,25.670000076293945,25.899999618530273,1201300,24.479028701782227
2005-03-28,26,26.149999618530273,25.799999237060547,25.940000534057617,1173100,24.516836166381836
2005-03-29,25.799999237060547,25.969999313354492,25.229999542236328,25.260000228881836,1077700,23.874141693115234
2005-03-30,24,24.920000076293945,23.940000534057617,24.889999389648438,3678100,23.524446487426758
2005-03-31,24.889999389648438,25.5,24.799999237060547,25.290000915527344,1681500,23.90249252319336
2005-04-01,25.3799991607666,25.690000534057617,24.959999084472656,25,863000,23.62840461730957
2005-04-04,24.950000762939453,25.040000915527344,24.690000534057617,24.989999771118164,941400,23.61895179748535
2005-04-05,25.149999618530273,25.15999984741211,24.809999465942383,24.989999771118164,942200,23.61895179748535
2005-04-06,25,25.049999237060547,24.90999984741211,24.969999313354492,667100,23.600055694580078
2005-04-07,24.979999542236328,25.06999969482422,24.860000610351562,24.93000030517578,767800,23.562244415283203
2005-04-08,25,25.010000228881836,24.719999313354492,24.790000915527344,702600,23.429935455322266
2005-04-11,24.780000686645508,24.899999618530273,24.530000686645508,24.649999618530273,542200,23.2976131439209
2005-04-12,24.690000534057617,24.8700008392334,24.290000915527344,24.850000381469727,915700,23.48664093017578
2005-04-13,24.850000381469727,25.040000915527344,24.790000915527344,24.899999618530273,1303000,23.533891677856445
2005-04-14,24.899999618530273,25.149999618530273,24.850000381469727,25.010000228881836,1647600,23.637853622436523
2005-04-15,24.959999084472656,25.18000030517578,24.68000030517578,24.739999771118164,1265200,23.382671356201172
2005-04-18,24.68000030517578,24.790000915527344,24.3799991607666,24.670000076293945,573800,23.316516876220703
2005-04-19,24.75,24.93000030517578,24.670000076293945,24.770000457763672,888200,23.41102409362793
2005-04-20,24.739999771118164,24.979999542236328,24.600000381469727,24.81999969482422,744200,23.458282470703125
2005-04-21,25.049999237060547,25.25,24.799999237060547,25.209999084472656,613900,23.826887130737305
2005-04-22,25.209999084472656,25.209999084472656,24.670000076293945,24.940000534057617,486200,23.57169532775879
2005-04-25,25,25.280000686645508,24.889999389648438,25.170000076293945,464800,23.78908348083496
2005-04-26,25.270000457763672,25.56999969482422,25.149999618530273,25.209999084472656,963200,23.826887130737305
2005-04-27,25.100000381469727,25.149999618530273,23.959999084472656,24.469999313354492,2205200,23.127485275268555
2005-04-28,24.469999313354492,24.479999542236328,24.040000915527344,24.239999771118164,890700,22.91010856628418
2005-04-29,24.3700008392334,25.020000457763672,24.34000015258789,24.979999542236328,823300,23.609498977661133
2005-05-02,25,25.399999618530273,24.950000762939453,25.110000610351562,919200,23.732378005981445
2005-05-03,25.15999984741211,25.459999084472656,25.149999618530273,25.40999984741211,1036200,24.015914916992188
2005-05-04,25.5,25.950000762939453,25.450000762939453,25.81999969482422,670200,24.40341567993164
2005-05-05,25.899999618530273,25.93000030517578,25.280000686645508,25.799999237060547,1119200,24.384519577026367
2005-05-06,25.950000762939453,26.09000015258789,25.8700008392334,25.969999313354492,1169300,24.54519271850586
2005-05-09,25.959999084472656,26.239999771118164,25.75,26.239999771118164,807400,24.80037498474121
2005-05-10,26.15999984741211,26.360000610351562,26.030000686645508,26.149999618530273,747200,24.715316772460938
2005-05-11,26.170000076293945,26.440000534057617,26.010000228881836,26.389999389648438,587000,24.94214630126953
2005-05-12,26.520000457763672,26.829999923706055,25.440000534057617,26.31999969482422,696000,24.8759822845459
2005-05-13,26.450000762939453,26.5,25.690000534057617,25.850000381469727,1137800,24.431766510009766
2005-05-16,25.850000381469727,26.110000610351562,25.709999084472656,25.959999084472656,623800,24.535734176635742
2005-05-17,26.420000076293945,26.649999618530273,26.110000610351562,26.639999389648438,1673900,25.178430557250977
2005-05-18,26.790000915527344,27.31999969482422,26.549999237060547,27.100000381469727,1354900,25.613195419311523
2005-05-19,27.149999618530273,27.350000381469727,27.030000686645508,27.200000762939453,609700,25.707706451416016
2005-05-20,27.25,27.25,26.899999618530273,27.030000686645508,541000,25.547040939331055
2005-05-23,27.079999923706055,27.110000610351562,26.950000762939453,26.989999771118164,715100,25.50922966003418
2005-05-24,26.989999771118164,26.989999771118164,26.5,26.65999984741211,939300,25.197324752807617
2005-05-25,26.770000457763672,26.799999237060547,26.600000381469727,26.700000762939453,709700,25.235139846801758
2005-05-26,26.860000610351562,27,26.610000610351562,26.75,445300,25.282394409179688
2005-05-27,26.68000030517578,26.700000762939453,26.43000030517578,26.5,380100,25.046117782592773
2005-05-31,26.360000610351562,26.540000915527344,26.229999542236328,26.31999969482422,1050700,24.8759822845459
2005-06-01,26.389999389648438,26.6299991607666,26.31999969482422,26.469999313354492,539700,25.01775550842285
2005-06-02,26.420000076293945,26.690000534057617,26.200000762939453,26.399999618530273,1409600,24.95159149169922
2005-06-03,26.510000228881836,26.549999237060547,26.299999237060547,26.450000762939453,902200,24.998857498168945
2005-06-06,26.3700008392334,26.579999923706055,26.25,26.540000915527344,482000,25.083919525146484
2005-06-07,26.56999969482422,26.959999084472656,26.520000457763672,26.700000762939453,790800,25.235139846801758
2005-06-08,26.8799991607666,26.899999618530273,26.600000381469727,26.889999389648438,915200,25.41471290588379
2005-06-09,26.850000381469727,26.899999618530273,26.510000228881836,26.8799991607666,414400,25.405256271362305
2005-06-10,26.860000610351562,26.8799991607666,26.510000228881836,26.649999618530273,401000,25.18787956237793
2005-06-13,26.5,26.700000762939453,26.3700008392334,26.6299991607666,528400,25.16897201538086
2005-06-14,26.56999969482422,26.829999923706055,26.56999969482422,26.770000457763672,629100,25.301292419433594
2005-06-15,26.790000915527344,26.90999984741211,26.5,26.719999313354492,424000,25.25404167175293
2005-06-16,26.719999313354492,27.020000457763672,26.56999969482422,26.90999984741211,934500,25.433616638183594
2005-06-17,26.90999984741211,26.979999542236328,26.770000457763672,26.950000762939453,1326900,25.47141456604004
2005-06-20,26.899999618530273,26.90999984741211,26.68000030517578,26.739999771118164,442700,25.272945404052734
2005-06-21,26.649999618530273,26.75,26.549999237060547,26.670000076293945,345600,25.206777572631836
2005-06-22,26.719999313354492,26.84000015258789,26.559999465942383,26.709999084472656,460700,25.244598388671875
2005-06-23,26.729999542236328,26.899999618530273,26.5,26.559999465942383,545400,25.102825164794922
2005-06-24,26.899999618530273,27.18000030517578,26.75,26.799999237060547,1467100,25.32965850830078
2005-06-27,26.809999465942383,26.84000015258789,26.420000076293945,26.479999542236328,994100,25.027210235595703
2005-06-28,26.489999771118164,26.770000457763672,26.420000076293945,26.75,842800,25.282394409179688
2005-06-29,26.90999984741211,27.1299991607666,26.84000015258789,26.989999771118164,1391700,25.50922966003418
2005-06-30,27,27.239999771118164,26.8700008392334,26.8700008392334,824200,25.39580535888672
2005-07-01,26.899999618530273,27,26.639999389648438,26.799999237060547,642800,25.32965850830078
2005-07-05,26.790000915527344,26.850000381469727,26.40999984741211,26.729999542236328,756500,25.263486862182617
2005-07-06,26.809999465942383,27.34000015258789,26.690000534057617,27.059999465942383,1027900,25.57538414001465
2005-07-07,26.610000610351562,26.809999465942383,26.31999969482422,26.700000762939453,627300,25.235139846801758
2005-07-08,26.700000762939453,27.09000015258789,26.59000015258789,27.020000457763672,755100,25.537586212158203
2005-07-11,27.139999389648438,27.360000610351562,27.010000228881836,27.299999237060547,769400,25.802213668823242
2005-07-12,28,28.5,27.68000030517578,27.979999542236328,1764800,26.444915771484375
2005-07-13,28.049999237060547,28.059999465942383,27.68000030517578,27.889999389648438,653000,26.35984992980957
2005-07-14,28.100000381469727,28.25,27.770000457763672,27.770000457763672,654400,26.246429443359375
2005-07-15,27.75,27.75,27.549999237060547,27.6200008392334,669800,26.104665756225586
2005-07-18,27.5,27.84000015258789,27.5,27.600000381469727,488700,26.08576202392578
2005-07-19,27.739999771118164,27.889999389648438,27.579999923706055,27.709999084472656,418800,26.18972396850586
2005-07-20,27.809999465942383,29.290000915527344,27.799999237060547,29.200000762939453,1700200,27.597978591918945
2005-07-21,29.200000762939453,29.510000228881836,28.90999984741211,29.15999984741211,1004800,27.560178756713867
2005-07-22,29.450000762939453,29.670000076293945,29.040000915527344,29.170000076293945,1322600,27.569625854492188
2005-07-25,29.219999313354492,29.3799991607666,29.079999923706055,29.110000610351562,754100,27.512920379638672
2005-07-26,29.1200008392334,29.770000457763672,29.06999969482422,29.700000762939453,1529600,28.070547103881836
2005-07-27,30,30.489999771118164,30,30.200000762939453,1528100,28.54311180114746
2005-07-28,30.1200008392334,30.270000457763672,29.690000534057617,30.209999084472656,1119400,28.552566528320312
2005-07-29,30.079999923706055,30.329999923706055,29.790000915527344,29.860000610351562,952100,28.22176742553711
2005-08-01,29.75,29.770000457763672,29.450000762939453,29.549999237060547,823700,27.92877769470215
2005-08-02,29.610000610351562,29.690000534057617,29.260000228881836,29.489999771118164,818200,27.872074127197266
2005-08-03,29.530000686645508,29.600000381469727,29.15999984741211,29.280000686645508,1057700,27.6735897064209
2005-08-04,29.18000030517578,29.450000762939453,29.170000076293945,29.200000762939453,572000,27.597978591918945
2005-08-05,29.219999313354492,29.3700008392334,28.969999313354492,29.110000610351562,335200,27.512920379638672
2005-08-08,29.149999618530273,29.190000534057617,28.540000915527344,28.600000381469727,437100,27.030893325805664
2005-08-09,28.700000762939453,29.049999237060547,28.68000030517578,28.899999618530273,635300,27.31443977355957
2005-08-10,29.049999237060547,29.479999542236328,28.75,28.940000534057617,608900,27.352245330810547
2005-08-11,28.969999313354492,29.200000762939453,28.940000534057617,29.1200008392334,328800,27.52236557006836
2005-08-12,29.079999923706055,29.190000534057617,28.450000762939453,28.770000457763672,574300,27.191572189331055
2005-08-15,28.850000381469727,29.079999923706055,28.75,28.959999084472656,357900,27.37114906311035
2005-08-16,28.969999313354492,29.010000228881836,28.520000457763672,28.709999084472656,697100,27.134862899780273
2005-08-17,28.68000030517578,28.8700008392334,28.610000610351562,28.75,612300,27.172670364379883
2005-08-18,28.719999313354492,28.770000457763672,28.3799991607666,28.420000076293945,476900,26.86077880859375
2005-08-19,28.600000381469727,28.799999237060547,28.3799991607666,28.399999618530273,235600,26.841873168945312
2005-08-22,28.450000762939453,28.690000534057617,28.190000534057617,28.34000015258789,232600,26.785167694091797
2005-08-23,28.31999969482422,28.450000762939453,28.020000457763672,28.1200008392334,535000,26.577238082885742
2005-08-24,28.010000228881836,28.489999771118164,27.889999389648438,28.200000762939453,584000,26.652851104736328
2005-08-25,28.270000457763672,28.649999618530273,28.170000076293945,28.549999237060547,451500,26.983638763427734
2005-08-26,28.5,28.540000915527344,28.010000228881836,28.09000015258789,456000,26.54887580871582
2005-08-29,27.959999084472656,27.979999542236328,27.610000610351562,27.84000015258789,632800,26.312589645385742
2005-08-30,27.700000762939453,27.770000457763672,27.34000015258789,27.549999237060547,642700,26.03850555419922
2005-08-31,27.5,27.899999618530273,27.31999969482422,27.899999618530273,597800,26.369300842285156
2005-09-01,27.81999969482422,27.969999313354492,27.559999465942383,27.850000381469727,381100,26.32204246520996
2005-09-02,27.799999237060547,27.90999984741211,27.549999237060547,27.739999771118164,295900,26.21807289123535
2005-09-06,27.780000686645508,28.5,27.739999771118164,28.440000534057617,960800,26.879676818847656
2005-09-07,28.530000686645508,28.8799991607666,28.440000534057617,28.8799991607666,692900,27.295530319213867
2005-09-08,28.8799991607666,29.209999084472656,28.760000228881836,29,1391300,27.40894889831543
2005-09-09,28.969999313354492,29.200000762939453,28.940000534057617,29.110000610351562,1446800,27.512920379638672
2005-09-12,29.75,30.43000030517578,29.739999771118164,30.350000381469727,1348500,28.68488883972168
2005-09-13,30.3700008392334,30.979999542236328,30.309999465942383,30.760000228881836,1776900,29.072389602661133
2005-09-14,30.700000762939453,30.799999237060547,30.1299991607666,30.25,1075000,28.590373992919922
2005-09-15,30.5,30.729999542236328,30.5,30.649999618530273,1348700,28.968420028686523
2005-09-16,30.600000381469727,30.899999618530273,30.600000381469727,30.850000381469727,1656500,29.157453536987305
2005-09-19,30.829999923706055,30.829999923706055,30.170000076293945,30.260000228881836,622800,28.59981918334961
2005-09-20,30.260000228881836,30.579999923706055,30.020000457763672,30.1299991607666,584700,28.476951599121094
2005-09-21,30.260000228881836,30.290000915527344,29.860000610351562,30.049999237060547,680600,28.401342391967773
2005-09-22,30.049999237060547,30.299999237060547,30.010000228881836,30.299999237060547,780900,28.637617111206055
2005-09-23,30.149999618530273,30.59000015258789,30,30.520000457763672,552500,28.845563888549805
2005-09-26,30.600000381469727,30.700000762939453,30.219999313354492,30.399999618530273,820700,28.732141494750977
2005-09-27,30.3799991607666,30.43000030517578,29.809999465942383,30.399999618530273,1287100,28.732141494750977
2005-09-28,30.450000762939453,30.8700008392334,30.40999984741211,30.600000381469727,662000,28.921173095703125
2005-09-29,30.450000762939453,30.90999984741211,30.1200008392334,30.729999542236328,781000,29.044038772583008
2005-09-30,30.700000762939453,30.979999542236328,30.579999923706055,30.899999618530273,728500,29.20471954345703
2005-10-03,30.719999313354492,30.950000762939453,30.520000457763672,30.790000915527344,986000,29.10074806213379
2005-10-04,30.899999618530273,31.799999237060547,30.889999389648438,30.940000534057617,971400,29.242521286010742
2005-10-05,31.200000762939453,31.40999984741211,30.959999084472656,31.15999984741211,1744100,29.450437545776367
2005-10-06,31.200000762939453,31.549999237060547,30.579999923706055,30.809999465942383,1172900,29.119647979736328
2005-10-07,30.850000381469727,30.889999389648438,30.34000015258789,30.469999313354492,1088200,28.798303604125977
2005-10-10,30.459999084472656,30.469999313354492,30.18000030517578,30.34000015258789,768900,28.675432205200195
2005-10-11,30.34000015258789,30.510000228881836,29.709999084472656,29.860000610351562,936800,28.22176742553711
2005-10-12,29.860000610351562,30.030000686645508,29.579999923706055,29.809999465942383,970900,28.174510955810547
2005-10-13,29.829999923706055,30.110000610351562,29.81999969482422,30.100000381469727,1053700,28.44859504699707
2005-10-14,30.100000381469727,30.690000534057617,29.979999542236328,30.479999542236328,1216000,28.807750701904297
2005-10-17,30.540000915527344,30.6200008392334,30.09000015258789,30.299999237060547,593300,28.637617111206055
2005-10-18,30.200000762939453,30.40999984741211,30.190000534057617,30.25,329700,28.590373992919922
2005-10-19,30.020000457763672,30.229999542236328,29.940000534057617,30.229999542236328,1243200,28.571468353271484
2005-10-20,30.170000076293945,30.530000686645508,29.850000381469727,30,849800,28.354084014892578
2005-10-21,30.200000762939453,30.469999313354492,30.1200008392334,30.209999084472656,533400,28.552566528320312
2005-10-24,30.209999084472656,31,30.209999084472656,31,758100,29.299232482910156
2005-10-25,30.75,30.889999389648438,30.350000381469727,30.700000762939453,1067300,29.015689849853516
2005-10-26,30.600000381469727,30.6299991607666,29.81999969482422,29.899999618530273,1248900,28.25957679748535
2005-10-27,29.809999465942383,29.889999389648438,29.299999237060547,29.690000534057617,938300,28.061094284057617
2005-10-28,29.649999618530273,30.020000457763672,29.6200008392334,30.010000228881836,1124000,28.3635311126709
2005-10-31,30.06999969482422,30.309999465942383,29.959999084472656,30.190000534057617,1013100,28.533666610717773
2005-11-01,30.190000534057617,30.190000534057617,29.65999984741211,29.75,1006500,28.1178035736084
2005-11-02,29.530000686645508,29.940000534057617,29.459999084472656,29.8700008392334,872000,28.23122787475586
2005-11-03,29.81999969482422,30.31999969482422,29.399999618530273,30.170000076293945,816100,28.5147647857666
2005-11-04,29.969999313354492,30.260000228881836,29.8799991607666,30.139999389648438,585900,28.486408233642578
2005-11-07,30.139999389648438,30.200000762939453,29.40999984741211,29.530000686645508,1254400,27.90987777709961
2005-11-08,29.59000015258789,29.75,29.450000762939453,29.639999389648438,458100,28.013839721679688
2005-11-09,29.639999389648438,29.719999313354492,29.40999984741211,29.6299991607666,741500,28.00438690185547
2005-11-10,29.639999389648438,30,29.469999313354492,29.68000030517578,1150500,28.05164337158203
2005-11-11,29.780000686645508,30.1299991607666,29.600000381469727,29.920000076293945,544800,28.27847671508789
2005-11-14,29.920000076293945,29.979999542236328,29.329999923706055,29.709999084472656,770200,28.079999923706055
2005-11-15,29.709999084472656,30.200000762939453,29.709999084472656,29.90999984741211,853400,28.269023895263672
2005-11-16,29.979999542236328,30.040000915527344,29.700000762939453,29.8700008392334,659800,28.23122787475586
2005-11-17,29.920000076293945,30.329999923706055,29.8700008392334,30.329999923706055,533000,28.66598129272461
2005-11-18,30.329999923706055,30.690000534057617,30.229999542236328,30.649999618530273,1031600,28.968420028686523
2005-11-21,30.65999984741211,30.65999984741211,30.329999923706055,30.610000610351562,513000,28.930625915527344
2005-11-22,30.399999618530273,30.440000534057617,29.899999618530273,30.290000915527344,835900,28.628175735473633
2005-11-23,30.31999969482422,30.75,30.219999313354492,30.450000762939453,748600,28.779403686523438
2005-11-25,30.600000381469727,30.780000686645508,30.5,30.75,294200,29.062936782836914
2005-11-28,30.979999542236328,31,30.559999465942383,30.700000762939453,866300,29.015689849853516
2005-11-29,30.84000015258789,30.899999618530273,30.700000762939453,30.739999771118164,657800,29.05349349975586
2005-11-30,30.8799991607666,31.06999969482422,30.760000228881836,30.850000381469727,867800,29.157453536987305
2005-12-01,31.049999237060547,31.530000686645508,30.969999313354492,31.389999389648438,628500,29.667835235595703
2005-12-02,31.389999389648438,31.399999618530273,31.010000228881836,31.100000381469727,551600,29.393739700317383
2005-12-05,31.100000381469727,31.270000457763672,30.889999389648438,31.049999237060547,775600,29.346479415893555
2005-12-06,31.239999771118164,31.65999984741211,30.799999237060547,31.25,1569800,29.535512924194336
2005-12-07,31.299999237060547,31.399999618530273,30.549999237060547,30.790000915527344,572800,29.10074806213379
2005-12-08,30.790000915527344,30.899999618530273,30.469999313354492,30.68000030517578,482200,28.996782302856445
2005-12-09,30.729999542236328,30.93000030517578,30.559999465942383,30.700000762939453,420200,29.015689849853516
2005-12-12,30.84000015258789,30.979999542236328,30.5,30.610000610351562,644300,28.930625915527344
2005-12-13,30.6299991607666,30.899999618530273,30.450000762939453,30.760000228881836,680700,29.072389602661133
2005-12-14,30.799999237060547,30.889999389648438,30.690000534057617,30.81999969482422,503400,29.129106521606445
2005-12-15,30.81999969482422,30.860000610351562,30.459999084472656,30.799999237060547,589400,29.110200881958008
2005-12-16,30.899999618530273,31.459999084472656,30.889999389648438,31.350000381469727,1583800,29.630023956298828
2005-12-19,31.450000762939453,31.770000457763672,31.399999618530273,31.68000030517578,1466800,29.94191551208496
2005-12-20,31.68000030517578,31.8700008392334,31.610000610351562,31.780000686645508,832400,30.036436080932617
2005-12-21,31.829999923706055,31.829999923706055,31.40999984741211,31.649999618530273,1166700,29.913570404052734
2005-12-22,31.639999389648438,31.639999389648438,30.959999084472656,31.18000030517578,1191800,29.469350814819336
2005-12-23,30.799999237060547,30.799999237060547,30.059999465942383,30.530000686645508,1143500,28.855016708374023
2005-12-27,30.6299991607666,30.899999618530273,30.270000457763672,30.469999313354492,1172200,28.798303604125977
2005-12-28,30.520000457763672,30.649999618530273,30.15999984741211,30.25,636400,28.590373992919922
2005-12-29,30.299999237060547,30.93000030517578,30.25,30.690000534057617,894300,29.006237030029297
2005-12-30,30.549999237060547,30.56999969482422,30.079999923706055,30.1299991607666,493700,28.476951599121094
2006-01-03,30.399999618530273,30.399999618530273,29.950000762939453,30.280000686645508,932700,28.61872673034668
2006-01-04,30.229999542236328,30.649999618530273,30.209999084472656,30.510000228881836,866500,28.836105346679688
2006-01-05,30.25,30.520000457763672,30.170000076293945,30.43000030517578,400300,28.760496139526367
2006-01-06,30.65999984741211,30.780000686645508,30.270000457763672,30.440000534057617,903000,28.76995086669922
2006-01-09,30.350000381469727,31.209999084472656,30.350000381469727,31.1200008392334,646800,29.41263771057129
2006-01-10,31,31.25,30.59000015258789,31.15999984741211,853000,29.450437545776367
2006-01-11,31.309999465942383,31.6200008392334,31.25,31.489999771118164,636100,29.76234245300293
2006-01-12,31.389999389648438,31.450000762939453,31.100000381469727,31.440000534057617,784100,29.7150821685791
2006-01-13,31.440000534057617,32.06999969482422,31.399999618530273,32.04999923706055,1297100,30.291624069213867
2006-01-17,32,32.08000183105469,31.739999771118164,31.969999313354492,921500,30.216005325317383
2006-01-18,31.8700008392334,32.099998474121094,31.600000381469727,32.04999923706055,814000,30.291624069213867
2006-01-19,32.08000183105469,32.560001373291016,32.02000045776367,32.5,780100,30.716934204101562
2006-01-20,32.5,32.5099983215332,31.90999984741211,32.0099983215332,605900,30.253812789916992
2006-01-23,32.099998474121094,32.380001068115234,32.099998474121094,32.27000045776367,687100,30.49954605102539
2006-01-24,32.4900016784668,33.29999923706055,32.459999084472656,33.08000183105469,1268100,31.26511573791504
2006-01-25,33.29999923706055,33.36000061035156,33.08000183105469,33.16999816894531,897100,31.350162506103516
2006-01-26,33.349998474121094,33.369998931884766,32.97999954223633,33.130001068115234,1103000,31.312349319458008
2006-01-27,33.16999816894531,33.33000183105469,33.02000045776367,33.279998779296875,1041000,31.454137802124023
2006-01-30,33.22999954223633,33.66999816894531,33.02000045776367,33.34000015258789,790400,31.510847091674805
2006-01-31,33.20000076293945,33.650001525878906,32.66999816894531,33.63999938964844,806300,31.79438591003418
2006-02-01,33.54999923706055,33.63999938964844,32.970001220703125,33.599998474121094,1111500,31.756580352783203
2006-02-02,34.75,34.95000076293945,34.189998626708984,34.66999816894531,1856800,32.767879486083984
2006-02-03,34.84000015258789,35.20000076293945,34.65999984741211,34.880001068115234,1074000,32.96635055541992
2006-02-06,34.54999923706055,34.66999816894531,33.900001525878906,34.150001525878906,1526000,32.27640914916992
2006-02-07,33.959999084472656,34.040000915527344,33.130001068115234,33.220001220703125,1616100,31.397422790527344
2006-02-08,33.349998474121094,34.08000183105469,33.279998779296875,33.9900016784668,1054100,32.12519454956055
2006-02-09,34,34.18000030517578,33.70000076293945,34.08000183105469,592500,32.21023178100586
2006-02-10,34.08000183105469,34.290000915527344,33.720001220703125,34.09000015258789,388200,32.21969985961914
2006-02-13,34.060001373291016,34.27000045776367,33.75,33.84000015258789,634700,31.983417510986328
2006-02-14,33.75,34.459999084472656,33.720001220703125,34.43000030517578,455200,32.541038513183594
2006-02-15,34.25,34.25,33.83000183105469,33.970001220703125,1023200,32.10627365112305
2006-02-16,33.97999954223633,34.25,33.970001220703125,34.099998474121094,678600,32.2291374206543
2006-02-17,34.150001525878906,34.619998931884766,33.939998626708984,34.15999984741211,604000,32.285850524902344
2006-02-21,34.290000915527344,34.38999938964844,33.72999954223633,33.86000061035156,300500,32.002315521240234
2006-02-22,34.13999938964844,34.65999984741211,34.09000015258789,34.619998931884766,565800,32.720611572265625
2006-02-23,34.40999984741211,34.90999984741211,34.16999816894531,34.72999954223633,669800,32.824581146240234
2006-02-24,34.7599983215332,34.849998474121094,34.349998474121094,34.54999923706055,620700,32.65447235107422
2006-02-27,34.54999923706055,35.20000076293945,34.5099983215332,35.16999816894531,507900,33.24044418334961
2006-02-28,34.90999984741211,34.90999984741211,34.47999954223633,34.619998931884766,594700,32.720611572265625
2006-03-01,34.939998626708984,35.029998779296875,34.52000045776367,34.970001220703125,679800,33.05141830444336
2006-03-02,34.97999954223633,34.9900016784668,34.650001525878906,34.779998779296875,698400,32.871829986572266
2006-03-03,34.779998779296875,35.20000076293945,34.54999923706055,34.90999984741211,1036200,32.99470520019531
2006-03-06,35,35,34.720001220703125,34.83000183105469,816200,32.919105529785156
2006-03-07,34.599998474121094,34.900001525878906,34.599998474121094,34.880001068115234,651300,32.96635055541992
2006-03-08,34.880001068115234,35.04999923706055,34.70000076293945,35,678400,33.07978057861328
2006-03-09,35.04999923706055,35.36000061035156,35,35.15999984741211,609800,33.23099899291992
2006-03-10,35.150001525878906,35.47999954223633,34.91999816894531,35.279998779296875,442300,33.34440612792969
2006-03-13,35.150001525878906,35.560001373291016,35.150001525878906,35.5,417100,33.5523567199707
2006-03-14,35.400001525878906,35.540000915527344,35.279998779296875,35.5099983215332,536700,33.56179428100586
2006-03-15,35.5,36,35.40999984741211,35.959999084472656,789400,33.98711013793945
2006-03-16,35.95000076293945,36.4900016784668,35.849998474121094,36.11000061035156,632500,34.128868103027344
2006-03-17,36.36000061035156,36.36000061035156,35.849998474121094,35.900001525878906,703100,33.930389404296875
2006-03-20,35.66999816894531,36.11000061035156,35.540000915527344,36,766500,34.0248908996582
2006-03-21,36,36.09000015258789,35.54999923706055,35.58000183105469,531500,33.62794494628906
2006-03-22,35.47999954223633,35.81999969482422,35.380001068115234,35.790000915527344,489500,33.82642364501953
2006-03-23,35.540000915527344,35.75,35.22999954223633,35.75,608900,33.788612365722656
2006-03-24,35.70000076293945,36.27000045776367,35.599998474121094,36.11000061035156,615900,34.128868103027344
2006-03-27,36,36.029998779296875,35.709999084472656,36,494000,34.0248908996582
2006-03-28,35.959999084472656,36.349998474121094,35.86000061035156,36.119998931884766,415500,34.1383056640625
2006-03-29,36.119998931884766,37.31999969482422,36.099998474121094,37.119998931884766,948900,35.083457946777344
2006-03-30,37.02000045776367,37.220001220703125,36.79999923706055,37.099998474121094,562800,35.064552307128906
2006-03-31,37.04999923706055,37.5,36.880001068115234,37.09000015258789,633800,35.05509567260742
2006-04-03,37.150001525878906,37.29999923706055,36.54999923706055,36.900001525878906,834200,34.87553787231445
2006-04-04,36.84000015258789,37.150001525878906,36.709999084472656,36.959999084472656,701400,34.93224334716797
2006-04-05,36.880001068115234,36.9900016784668,36.650001525878906,36.869998931884766,535900,34.84716796875
2006-04-06,36.84000015258789,37,36.290000915527344,36.54999923706055,1017600,34.54473876953125
2006-04-07,36.66999816894531,36.720001220703125,36.15999984741211,36.16999816894531,837900,34.185569763183594
2006-04-10,36.18000030517578,36.369998931884766,35.939998626708984,36.16999816894531,1014100,34.185569763183594
2006-04-11,36.06999969482422,36.220001220703125,35.66999816894531,35.86000061035156,1039600,33.892601013183594
2006-04-12,35.779998779296875,36.400001525878906,35.7400016784668,36.099998474121094,811400,34.11943054199219
2006-04-13,35.95000076293945,36.31999969482422,35.790000915527344,36.290000915527344,755200,34.29899978637695
2006-04-17,36.15999984741211,36.369998931884766,36.029998779296875,36.220001220703125,411600,34.23283004760742
2006-04-18,36.25,36.849998474121094,36.11000061035156,36.849998474121094,597000,34.82827377319336
2006-04-19,36.79999923706055,37.13999938964844,36.61000061035156,37.130001068115234,901700,35.09291076660156
2006-04-20,37.040000915527344,37.619998931884766,37.040000915527344,37.43000030517578,637600,35.3764533996582
2006-04-21,37.63999938964844,37.779998779296875,37.380001068115234,37.70000076293945,857600,35.63165283203125
2006-04-24,37.72999954223633,37.83000183105469,37.5099983215332,37.599998474121094,438400,35.53712463378906
2006-04-25,37.75,37.91999816894531,37.439998626708984,37.88999938964844,646900,35.81121063232422
2006-04-26,38.54999923706055,39.11000061035156,37.86000061035156,38.529998779296875,2700300,36.41610336303711
2006-04-27,38.529998779296875,39.150001525878906,38.29999923706055,38.9900016784668,1173100,36.85086441040039
2006-04-28,38.84000015258789,38.97999954223633,38.220001220703125,38.540000915527344,937700,36.425537109375
2006-05-01,38.54999923706055,38.79999923706055,37.88999938964844,38.20000076293945,1352400,36.10420608520508
2006-05-02,38.369998931884766,38.779998779296875,38.31999969482422,38.599998474121094,1101600,36.48224639892578
2006-05-03,38.45000076293945,38.77000045776367,38.31999969482422,38.599998474121094,1325700,36.48224639892578
2006-05-04,38.68000030517578,39.349998474121094,38.599998474121094,39.2599983215332,845400,37.106056213378906
2006-05-05,39.279998779296875,39.560001373291016,38.900001525878906,39.45000076293945,1509500,37.28562927246094
2006-05-08,41.29999923706055,41.849998474121094,38.150001525878906,38.540000915527344,12956000,36.425537109375
2006-05-09,38.540000915527344,39.04999923706055,38.290000915527344,38.45000076293945,6595900,36.34050750732422
2006-05-10,38.619998931884766,38.689998626708984,38.40999984741211,38.599998474121094,4971600,36.48224639892578
2006-05-11,38.599998474121094,38.810001373291016,37.5,37.650001525878906,4514100,35.58437728881836
2006-05-12,38.310001373291016,38.310001373291016,37.540000915527344,37.54999923706055,2728000,35.4898796081543
2006-05-15,37.18000030517578,37.59000015258789,36.2599983215332,36.79999923706055,3183400,34.781009674072266
2006-05-16,36.7599983215332,36.9900016784668,36.61000061035156,36.689998626708984,1331500,34.67703628540039
2006-05-17,36.36000061035156,36.439998626708984,35.869998931884766,35.959999084472656,2391200,33.98711013793945
2006-05-18,35.959999084472656,36.79999923706055,35.959999084472656,36.5,2381500,34.49747848510742
2006-05-19,36.54999923706055,36.959999084472656,36.5099983215332,36.70000076293945,2719500,34.68648910522461
2006-05-22,36.599998474121094,36.70000076293945,36.189998626708984,36.560001373291016,3006600,34.554176330566406
2006-05-23,36.79999923706055,37.2599983215332,36.79999923706055,37.130001068115234,2459700,35.09291076660156
2006-05-24,37.040000915527344,37.279998779296875,36.29999923706055,36.45000076293945,3320400,34.450225830078125
2006-05-25,36.599998474121094,36.9900016784668,36.4900016784668,36.959999084472656,2799000,34.93224334716797
2006-05-26,37.029998779296875,37.150001525878906,36.79999923706055,36.91999816894531,1289600,34.8944206237793
2006-05-30,36.91999816894531,36.93000030517578,36.47999954223633,36.56999969482422,1976900,34.563629150390625
2006-05-31,36.61000061035156,36.86000061035156,36.40999984741211,36.7400016784668,1665400,34.72431945800781
2006-06-01,36.72999954223633,36.91999816894531,36.630001068115234,36.849998474121094,1339500,34.82827377319336
2006-06-02,36.849998474121094,36.970001220703125,36.720001220703125,36.91999816894531,1390600,34.8944206237793
2006-06-05,36.91999816894531,36.91999816894531,36.25,36.27000045776367,2633600,34.28008270263672
2006-06-06,36.470001220703125,36.93000030517578,36.25,36.810001373291016,2930000,34.790462493896484
2006-06-07,36.970001220703125,37.11000061035156,36.54999923706055,36.619998931884766,1948500,34.61088943481445
2006-06-08,36.599998474121094,36.61000061035156,35.970001220703125,36.43000030517578,1900200,34.431304931640625
2006-06-09,36.150001525878906,36.45000076293945,36,36.13999938964844,1649300,34.15720748901367
2006-06-12,36.150001525878906,36.349998474121094,35.529998779296875,35.59000015258789,1770100,33.63740158081055
2006-06-13,35.59000015258789,35.93000030517578,35.41999816894531,35.599998474121094,2771000,33.646854400634766
2006-06-14,35.47999954223633,35.63999938964844,35.18000030517578,35.279998779296875,2575600,33.34440612792969
2006-06-15,35.29999923706055,35.54999923706055,35.04999923706055,35.349998474121094,2565100,33.410552978515625
2006-06-16,35.209999084472656,35.439998626708984,35.09000015258789,35.2400016784668,1586500,33.30659866333008
2006-06-19,35.2400016784668,35.29999923706055,34.31999969482422,34.529998779296875,1221900,32.63554382324219
2006-06-20,34.63999938964844,35,34.52000045776367,34.81999969482422,1261500,32.90964126586914
2006-06-21,34.79999923706055,34.9900016784668,34.560001373291016,34.81999969482422,1276700,32.90964126586914
2006-06-22,35.08000183105469,35.08000183105469,34.40999984741211,34.470001220703125,1036000,32.578857421875
2006-06-23,34.470001220703125,34.4900016784668,34,34,2092000,32.1346321105957
2006-06-26,34.150001525878906,34.68000030517578,33.849998474121094,34.68000030517578,2585900,32.77731704711914
2006-06-27,34.790000915527344,34.81999969482422,33.97999954223633,34.029998779296875,1524000,32.16300582885742
2006-06-28,34.150001525878906,34.689998626708984,34.040000915527344,34.66999816894531,1777100,32.767879486083984
2006-06-29,34.91999816894531,35.84000015258789,34.880001068115234,35.83000183105469,2168300,33.86422348022461
2006-06-30,35.7599983215332,36.290000915527344,35.66999816894531,36.2400016784668,1541200,34.251731872558594
2006-07-03,36.2400016784668,36.5,36.11000061035156,36.41999816894531,826100,34.42185592651367
2006-07-05,36.13999938964844,36.43000030517578,35.95000076293945,36.15999984741211,1664000,34.17613220214844
2006-07-06,36.15999984741211,36.540000915527344,36.06999969482422,36.529998779296875,1269400,34.52582550048828
2006-07-07,36.529998779296875,36.529998779296875,35.900001525878906,35.90999984741211,970700,33.93983459472656
2006-07-10,36.029998779296875,36.25,35.880001068115234,35.900001525878906,686600,33.930389404296875
2006-07-11,35.790000915527344,35.849998474121094,35.22999954223633,35.54999923706055,1403300,33.5995979309082
2006-07-12,35.45000076293945,35.77000045776367,35.45000076293945,35.599998474121094,1260600,33.646854400634766
2006-07-13,35.599998474121094,35.599998474121094,35,35,1680600,33.07978057861328
2006-07-14,35,35.119998931884766,34.5,34.59000015258789,894400,32.692264556884766
2006-07-17,34.75,35.16999816894531,34.689998626708984,35.11000061035156,1145900,33.18372344970703
2006-07-18,35.29999923706055,35.540000915527344,34.97999954223633,35.27000045776367,2703800,33.33495330810547
2006-07-19,35.400001525878906,36.25,35.400001525878906,36.189998626708984,1769600,34.20447540283203
2006-07-20,36.130001068115234,36.13999938964844,35.459999084472656,35.5099983215332,973900,33.56179428100586
2006-07-21,35.40999984741211,35.5099983215332,34.790000915527344,34.95000076293945,1457300,33.03251266479492
2006-07-24,34.939998626708984,35.22999954223633,34.939998626708984,35.220001220703125,1650400,33.28771209716797
2006-07-25,35.20000076293945,36.70000076293945,35.119998931884766,36.630001068115234,1987400,34.62033462524414
2006-07-26,36.099998474121094,37.04999923706055,36.06999969482422,36.349998474121094,1854900,34.355716705322266
2006-07-27,36.630001068115234,36.970001220703125,36.470001220703125,36.650001525878906,1320600,34.639251708984375
2006-07-28,36.75,37.25,36.66999816894531,37.20000076293945,1785700,35.15907287597656
2006-07-31,37.099998474121094,37.130001068115234,36.79999923706055,37.0099983215332,816700,34.97948455810547
2006-08-01,37,37.209999084472656,36.540000915527344,37.13999938964844,851600,35.10236358642578
2006-08-02,37.400001525878906,37.529998779296875,37.08000183105469,37.25,889400,35.20632553100586
2006-08-03,37.2400016784668,37.75,36.849998474121094,37.720001220703125,992200,35.650543212890625
2006-08-04,37.90999984741211,37.91999816894531,37.369998931884766,37.70000076293945,807800,35.63165283203125
2006-08-07,37.7599983215332,37.790000915527344,37.41999816894531,37.650001525878906,897500,35.58437728881836
2006-08-08,37.70000076293945,37.959999084472656,37.40999984741211,37.4900016784668,2089900,35.43315505981445
2006-08-09,37.83000183105469,37.97999954223633,37.2599983215332,37.290000915527344,617300,35.24412536621094
2006-08-10,37.31999969482422,38.209999084472656,37.29999923706055,38.119998931884766,1347200,36.028594970703125
2006-08-11,38.119998931884766,38.20000076293945,37.810001373291016,38.0099983215332,572700,35.92464065551758
2006-08-14,39.45000076293945,39.45000076293945,38.18000030517578,38.369998931884766,452800,36.26487731933594
2006-08-15,38.599998474121094,39.369998931884766,38.5,39.22999954223633,1065200,37.07769012451172
2006-08-16,39.290000915527344,39.41999816894531,38.9900016784668,39.38999938964844,955400,37.22892761230469
2006-08-17,39.279998779296875,39.41999816894531,39.119998931884766,39.41999816894531,691100,37.25727462768555
2006-08-18,39.41999816894531,39.459999084472656,39.189998626708984,39.400001525878906,432600,37.238380432128906
2006-08-21,39.040000915527344,39.529998779296875,39,39.25,581800,37.09659957885742
2006-08-22,39.20000076293945,39.41999816894531,39.099998474121094,39.31999969482422,425900,37.16276550292969
2006-08-23,39.45000076293945,39.459999084472656,39.08000183105469,39.209999084472656,590200,37.05880355834961
2006-08-24,39.209999084472656,39.439998626708984,38.65999984741211,39.29999923706055,854100,37.14385223388672
2006-08-25,39.18000030517578,39.380001068115234,39.02000045776367,39.22999954223633,595000,37.07769012451172
2006-08-28,39.22999954223633,39.439998626708984,39.16999816894531,39.29999923706055,619500,37.14385223388672
2006-08-29,39.349998474121094,39.4900016784668,39.11000061035156,39.2599983215332,789900,37.106056213378906
2006-08-30,39.27000045776367,39.310001373291016,39.150001525878906,39.220001220703125,623600,37.06825637817383
2006-08-31,39.25,39.33000183105469,39.08000183105469,39.20000076293945,1105200,37.049354553222656
2006-09-01,39.2400016784668,39.45000076293945,39.150001525878906,39.2400016784668,619300,37.087154388427734
2006-09-05,39.09000015258789,39.2599983215332,38.9900016784668,39.18000030517578,634300,37.03043746948242
2006-09-06,39.18000030517578,39.38999938964844,38.83000183105469,39.2400016784668,1388600,37.087154388427734
2006-09-07,39.2400016784668,39.36000061035156,39.15999984741211,39.18000030517578,2817400,37.03043746948242
2006-09-08,39.29999923706055,39.47999954223633,39.130001068115234,39.290000915527344,692500,37.134395599365234
2006-09-11,39.290000915527344,39.290000915527344,38.90999984741211,38.9900016784668,1313700,36.85086441040039
2006-09-12,39.04999923706055,39.400001525878906,39.04999923706055,39.29999923706055,1415000,37.14385223388672
2006-09-13,39.33000183105469,39.45000076293945,39.13999938964844,39.45000076293945,1402700,37.28562927246094
2006-09-14,39.36000061035156,39.59000015258789,39.209999084472656,39.56999969482422,1710400,37.399044036865234
2006-09-15,40,40.290000915527344,39.849998474121094,40.209999084472656,2661800,38.00392532348633
2006-09-18,40.45000076293945,40.540000915527344,39.97999954223633,40.029998779296875,823500,37.83381271362305
2006-09-19,40.08000183105469,40.150001525878906,39.77000045776367,40,858100,37.805442810058594
2006-09-20,40.04999923706055,40.099998474121094,39.88999938964844,40.08000183105469,1283700,37.88105773925781
2006-09-21,40.08000183105469,40.220001220703125,40.02000045776367,40.06999969482422,711600,37.87162399291992
2006-09-22,40.130001068115234,40.130001068115234,39.209999084472656,39.40999984741211,1025600,37.24781036376953
2006-09-25,39.59000015258789,39.869998931884766,39.5099983215332,39.869998931884766,901700,37.682594299316406
2006-09-26,39.869998931884766,39.88999938964844,39.5,39.720001220703125,747000,37.54082489013672
2006-09-27,39.72999954223633,39.880001068115234,39.52000045776367,39.56999969482422,766900,37.399044036865234
2006-09-28,39.58000183105469,39.650001525878906,39.38999938964844,39.439998626708984,651800,37.276187896728516
2006-09-29,39.369998931884766,39.61000061035156,39.16999816894531,39.33000183105469,1125600,37.17220687866211
2006-10-02,39.209999084472656,39.40999984741211,38.970001220703125,38.97999954223633,736300,36.84140396118164
2006-10-03,39.02000045776367,39.029998779296875,38.56999969482422,38.93000030517578,1853200,36.79417419433594
2006-10-04,38.81999969482422,39.4900016784668,38.77000045776367,39.40999984741211,1546200,37.24781036376953
2006-10-05,39.470001220703125,39.720001220703125,39.36000061035156,39.65999984741211,1619000,37.48411560058594
2006-10-06,39.439998626708984,40,39.43000030517578,39.9900016784668,1397500,37.79600143432617
2006-10-09,39.88999938964844,39.9900016784668,39.7599983215332,39.849998474121094,596400,37.66368865966797
2006-10-10,39.81999969482422,39.849998474121094,39.41999816894531,39.790000915527344,727200,37.606964111328125
2006-10-11,39.70000076293945,39.81999969482422,39.400001525878906,39.66999816894531,706700,37.49355697631836
2006-10-12,39.79999923706055,40.650001525878906,39.650001525878906,40.54999923706055,1342700,38.32526397705078
2006-10-13,40.54999923706055,40.97999954223633,40.36000061035156,40.939998626708984,1147900,38.693885803222656
2006-10-16,40.95000076293945,41.06999969482422,40.720001220703125,41.02000045776367,650500,38.769493103027344
2006-10-17,40.970001220703125,41.81999969482422,40.75,41.66999816894531,1558100,39.383827209472656
2006-10-18,41.810001373291016,42.79999923706055,41.689998626708984,42.41999816894531,4246800,40.092689514160156
2006-10-19,42.5099983215332,43.040000915527344,42.060001373291016,43.040000915527344,2301800,40.67866897583008
2006-10-20,43.31999969482422,43.31999969482422,41.939998626708984,42.029998779296875,2114300,39.72407531738281
2006-10-23,41.880001068115234,42.290000915527344,41.560001373291016,42.290000915527344,1583100,39.96979904174805
2006-10-24,42.66999816894531,44.29999923706055,42.619998931884766,44.25,4644200,41.82227325439453
2006-10-25,44.650001525878906,44.650001525878906,42.119998931884766,43.20000076293945,4127000,40.82989501953125
2006-10-26,43.22999954223633,43.77000045776367,43.040000915527344,43.709999084472656,2225000,41.31189727783203
2006-10-27,43.75,44.119998931884766,43.11000061035156,43.15999984741211,1565200,40.79207229614258
2006-10-30,43.34000015258789,43.439998626708984,43.02000045776367,43.04999923706055,985400,40.68812561035156
2006-10-31,43.25,43.25,42.7599983215332,42.869998931884766,1098200,40.518001556396484
2006-11-01,42.93000030517578,43.08000183105469,42.7599983215332,42.77000045776367,1433000,40.42348098754883
2006-11-02,42.77000045776367,42.91999816894531,42.560001373291016,42.880001068115234,704700,40.5274543762207
2006-11-03,42.849998474121094,43.119998931884766,42.709999084472656,42.970001220703125,901600,40.612518310546875
2006-11-06,43.040000915527344,43.439998626708984,42.97999954223633,43.34000015258789,1103500,40.96221160888672
2006-11-07,43.45000076293945,44.56999969482422,43.439998626708984,44.36000061035156,2287300,41.92623519897461
2006-11-08,44.369998931884766,44.369998931884766,43.5,43.83000183105469,805400,41.42533493041992
2006-11-09,44.099998474121094,44.209999084472656,43.33000183105469,43.369998931884766,4156800,40.990562438964844
2006-11-10,43.18000030517578,45.25,43.119998931884766,45.029998779296875,3479400,42.559478759765625
2006-11-13,44.20000076293945,44.59000015258789,43.619998931884766,43.619998931884766,5184000,41.226863861083984
2006-11-14,43.400001525878906,43.970001220703125,42.79999923706055,43.709999084472656,4439500,41.31189727783203
2006-11-15,43.95000076293945,44,43.880001068115234,43.939998626708984,4090200,41.529293060302734
2006-11-16,44,44,43.599998474121094,43.75,3016000,41.349708557128906
2006-11-17,43.61000061035156,44.150001525878906,43.5,44.13999938964844,4039800,41.71831512451172
2006-11-20,43.65999984741211,43.95000076293945,43.2400016784668,43.84000015258789,3281500,41.43478012084961
2006-11-21,44.33000183105469,44.38999938964844,43.91999816894531,44.11000061035156,3926000,41.689971923828125
2006-11-22,44.099998474121094,44.45000076293945,44.099998474121094,44.45000076293945,1585900,42.01131820678711
2006-11-24,44.47999954223633,44.4900016784668,44.130001068115234,44.470001220703125,572700,42.03021240234375
2006-11-27,44.099998474121094,44.2599983215332,42.9900016784668,43.29999923706055,4663200,40.92440414428711
2006-11-28,43.400001525878906,43.83000183105469,43.2400016784668,43.689998626708984,2582800,41.292999267578125
2006-11-29,43.63999938964844,44.34000015258789,43.61000061035156,44.15999984741211,2354900,41.73720932006836
2006-11-30,44.15999984741211,44.47999954223633,43.83000183105469,43.83000183105469,2842200,41.42533493041992
2006-12-01,43.400001525878906,43.93000030517578,43.20000076293945,43.900001525878906,2341700,41.491477966308594
2006-12-04,43.72999954223633,44.25,43.720001220703125,44.18000030517578,2555900,41.756126403808594
2006-12-05,44.290000915527344,44.66999816894531,44.029998779296875,44.529998779296875,2609100,42.0869255065918
2006-12-06,44.529998779296875,45.029998779296875,44.45000076293945,44.97999954223633,3725700,42.51222229003906
2006-12-07,45.099998474121094,45.54999923706055,44.939998626708984,45.18000030517578,3426900,42.70126724243164
2006-12-08,45.31999969482422,45.4900016784668,44.95000076293945,45.060001373291016,1831300,42.58784866333008
2006-12-11,45,45.0099983215332,44.34000015258789,44.619998931884766,2241400,42.17197799682617
2006-12-12,44.75,44.88999938964844,44.310001373291016,44.5,2428400,42.05857467651367
2006-12-13,44.81999969482422,44.84000015258789,43.97999954223633,44.16999816894531,4260900,41.74668884277344
2006-12-14,46,46.20000076293945,45.22999954223633,45.400001525878906,7887900,42.909202575683594
2006-12-15,45.720001220703125,45.81999969482422,45.34000015258789,45.65999984741211,3519400,43.1549186706543
2006-12-18,45.630001068115234,46.029998779296875,45.22999954223633,45.40999984741211,2973000,42.91864013671875
2006-12-19,45.099998474121094,46.25,45.0099983215332,46.130001068115234,4292400,43.5991325378418
2006-12-20,46.20000076293945,46.33000183105469,45.97999954223633,46.15999984741211,3422000,43.62749099731445
2006-12-21,46.15999984741211,46.15999984741211,45.33000183105469,45.45000076293945,2264900,42.95644760131836
2006-12-22,45.47999954223633,45.619998931884766,45.279998779296875,45.33000183105469,1399800,42.8430290222168
2006-12-26,45.34000015258789,45.689998626708984,45.20000076293945,45.540000915527344,819700,43.0414924621582
2006-12-27,45.77000045776367,46.25,45.25,46.15999984741211,2042100,43.62749099731445
2006-12-28,46.33000183105469,46.34000015258789,45.40999984741211,45.68000030517578,1059700,43.1738166809082
2006-12-29,45.52000045776367,45.630001068115234,45.22999954223633,45.290000915527344,1499600,42.80521011352539
2007-01-03,45.150001525878906,45.86000061035156,44.970001220703125,45.16999816894531,3780000,42.6917839050293
2007-01-04,45.15999984741211,45.720001220703125,45.060001373291016,45.63999938964844,3602100,43.13602066040039
2007-01-05,45.5,45.599998474121094,44.81999969482422,45.0099983215332,1955700,42.54058837890625
2007-01-08,44.970001220703125,45.2400016784668,44.540000915527344,44.93000030517578,2385800,42.46498107910156
2007-01-09,45.900001525878906,46.58000183105469,45.61000061035156,46.20000076293945,5614000,43.665287017822266
2007-01-10,46.20000076293945,47.34000015258789,45.79999923706055,47.189998626708984,4502800,44.60099411010742
2007-01-11,47.400001525878906,48.75,46.970001220703125,48.709999084472656,5475200,46.03760528564453
2007-01-12,48.61000061035156,49.040000915527344,48.04999923706055,48.380001068115234,3154000,45.72570037841797
2007-01-16,48.5,48.66999816894531,47.880001068115234,48.040000915527344,1769200,45.40434646606445
2007-01-17,48.25,49.43000030517578,48,48.81999969482422,6154600,46.14155197143555
2007-01-18,48.880001068115234,49.060001373291016,48.61000061035156,48.689998626708984,5549100,46.01869201660156
2007-01-19,48.79999923706055,49.08000183105469,48.33000183105469,49.04999923706055,3038500,46.35893630981445
2007-01-22,49.119998931884766,49.29999923706055,47.900001525878906,48.09000015258789,2915200,45.45161437988281
2007-01-23,48.09000015258789,48.529998779296875,47.86000061035156,48.02000045776367,2616900,45.385440826416016
2007-01-24,48.16999816894531,48.540000915527344,48,48.41999816894531,3859500,45.76350784301758
2007-01-25,48.47999954223633,48.560001373291016,47.619998931884766,47.689998626708984,2740100,45.073543548583984
2007-01-26,47.689998626708984,48,47.61000061035156,47.81999969482422,2769500,45.19640350341797
2007-01-29,47.83000183105469,47.95000076293945,47.20000076293945,47.33000183105469,3806100,44.733299255371094
2007-01-30,47.650001525878906,47.79999923706055,47.16999816894531,47.38999938964844,3198200,44.79001998901367
2007-01-31,47.43000030517578,47.97999954223633,47.20000076293945,47.849998474121094,2618200,45.22478103637695
2007-02-01,48.20000076293945,49.040000915527344,48.060001373291016,48.880001068115234,3766100,46.198265075683594
2007-02-02,48.720001220703125,49.529998779296875,48.720001220703125,49.38999938964844,3609500,46.68027877807617
2007-02-05,49.29999923706055,49.5,48.720001220703125,49.04999923706055,1961200,46.35893630981445
2007-02-06,49.400001525878906,49.70000076293945,49.130001068115234,49.29999923706055,2074400,46.5952262878418
2007-02-07,49.04999923706055,49.779998779296875,49.04999923706055,49.709999084472656,2866900,46.982723236083984
2007-02-08,49.650001525878906,49.900001525878906,48.5,48.93000030517578,5046400,46.245521545410156
2007-02-09,49.27000045776367,49.47999954223633,48.41999816894531,48.689998626708984,2471000,46.01869201660156
2007-02-12,48.54999923706055,48.849998474121094,47.33000183105469,47.5,3650300,44.893959045410156
2007-02-13,47.75,47.939998626708984,46.54999923706055,46.91999816894531,4618400,44.34580612182617
2007-02-14,47,47.72999954223633,47,47.599998474121094,3081400,44.98848342895508
2007-02-15,47.68000030517578,48.220001220703125,47.68000030517578,48.02000045776367,2218700,45.385440826416016
2007-02-16,47.75,47.7599983215332,47.25,47.630001068115234,2172400,45.016849517822266
2007-02-20,47.529998779296875,48.02000045776367,47.2400016784668,47.95000076293945,2098900,45.319278717041016
2007-02-21,47.95000076293945,48.08000183105469,47.65999984741211,47.70000076293945,1914200,45.08299255371094
2007-02-22,47.849998474121094,48.040000915527344,47.15999984741211,47.2400016784668,1911700,44.648223876953125
2007-02-23,47.2400016784668,47.52000045776367,46.779998779296875,47.439998626708984,1867900,44.837276458740234
2007-02-26,48,48,46.65999984741211,46.84000015258789,1793600,44.27018737792969
2007-02-27,46.2599983215332,46.459999084472656,44.560001373291016,45.5,4384800,43.00370407104492
2007-02-28,45.5,45.959999084472656,45,45.2599983215332,4782100,42.776859283447266
2007-03-01,45,45.75,43.7400016784668,45.560001373291016,6815700,43.06040954589844
2007-03-02,45.5,45.560001373291016,44.2400016784668,44.27000045776367,4365500,41.8411865234375
2007-03-05,43.79999923706055,44.61000061035156,43.599998474121094,44.15999984741211,4231700,41.73720932006836
2007-03-06,45,45.27000045776367,44.5,44.83000183105469,3565400,42.37045669555664
2007-03-07,44.83000183105469,45.5,44.709999084472656,45.33000183105469,4397600,42.8430290222168
2007-03-08,45.54999923706055,46.380001068115234,45.38999938964844,45.88999938964844,3045200,43.3723030090332
2007-03-09,46.13999938964844,46.349998474121094,45.75,45.93000030517578,2371100,43.41011047363281
2007-03-12,45.79999923706055,46.2599983215332,45.72999954223633,46.18000030517578,1821400,43.64639663696289
2007-03-13,45.77000045776367,45.88999938964844,44.869998931884766,44.939998626708984,2307500,42.47443771362305
2007-03-14,44.95000076293945,45.56999969482422,44.58000183105469,45.08000183105469,2645900,42.60673904418945
2007-03-15,45.08000183105469,45.20000076293945,44.75,45,4062500,42.531131744384766
2007-03-16,45.02000045776367,45.709999084472656,44.81999969482422,45.40999984741211,5005700,42.91864013671875
2007-03-19,45.47999954223633,46.4900016784668,45.47999954223633,46.4900016784668,2963400,43.93937301635742
2007-03-20,46.4900016784668,46.52000045776367,46.13999938964844,46.380001068115234,1524900,43.83543014526367
2007-03-21,46.380001068115234,46.66999816894531,45.630001068115234,46.459999084472656,2840200,43.91102600097656
2007-03-22,47.36000061035156,47.36000061035156,45.599998474121094,46.41999816894531,1266800,43.873233795166016
2007-03-23,46.439998626708984,46.4900016784668,46,46.25,1428700,43.71255111694336
2007-03-26,46.06999969482422,46.099998474121094,45.599998474121094,45.95000076293945,1924700,43.429019927978516
2007-03-27,45.88999938964844,46.43000030517578,45.790000915527344,46.15999984741211,2329800,43.62749099731445
2007-03-28,46.16999816894531,46.29999923706055,45.83000183105469,46.040000915527344,3825300,43.51407241821289
2007-03-29,46.290000915527344,46.369998931884766,45.599998474121094,45.91999816894531,1928300,43.40066146850586
2007-03-30,46.029998779296875,47,45.88999938964844,46.75,2812800,44.18511962890625
2007-04-02,46.5099983215332,46.61000061035156,46.099998474121094,46.29999923706055,2557800,43.75980758666992
2007-04-03,46.5,47,46.380001068115234,46.720001220703125,3601400,44.15675735473633
2007-04-04,46.75,47.54999923706055,46.70000076293945,47.45000076293945,2865000,44.84671401977539
2007-04-05,47.29999923706055,49.040000915527344,47.18000030517578,48.630001068115234,6041500,45.96198272705078
2007-04-09,48.599998474121094,48.900001525878906,48.29999923706055,48.45000076293945,3844700,45.791847229003906
2007-04-10,48.619998931884766,49,48.20000076293945,48.2400016784668,2340800,45.593379974365234
2007-04-11,48.2400016784668,48.5,48.04999923706055,48.36000061035156,3165200,45.706787109375
2007-04-12,48.47999954223633,48.709999084472656,48.20000076293945,48.619998931884766,2608300,45.95253372192383
2007-04-13,49.400001525878906,49.400001525878906,48.38999938964844,48.970001220703125,1403000,46.283329010009766
2007-04-16,49.209999084472656,49.54999923706055,49.040000915527344,49.470001220703125,1672300,46.755889892578125
2007-04-17,49.5,49.689998626708984,49.13999938964844,49.52000045776367,2016900,46.803157806396484
2007-04-18,48,49.38999938964844,47.9900016784668,49.2599983215332,1964600,46.55741500854492
2007-04-19,49.25,49.25,48.63999938964844,48.68000030517578,1873300,46.00923538208008
2007-04-20,49,49.45000076293945,48.689998626708984,49.22999954223633,1828700,46.529052734375
2007-04-23,49.290000915527344,49.720001220703125,49.0099983215332,49.70000076293945,2476600,46.97328186035156
2007-04-24,49.619998931884766,50.20000076293945,49.470001220703125,49.880001068115234,3366300,47.14339065551758
2007-04-25,50.599998474121094,51,49.790000915527344,50.31999969482422,3010300,47.55926513671875
2007-04-26,51.29999923706055,53.83000183105469,51.29999923706055,53.599998474121094,7229300,50.65931701660156
2007-04-27,53.0099983215332,53.900001525878906,53,53.310001373291016,2979200,50.38521194458008
2007-04-30,52.70000076293945,53.59000015258789,52.0099983215332,52.060001373291016,3197100,49.20381164550781
2007-05-01,52.099998474121094,52.720001220703125,51.880001068115234,52.34000015258789,4026300,49.468448638916016
2007-05-02,52.560001373291016,52.97999954223633,52.22999954223633,52.95000076293945,2775700,50.04497528076172
2007-05-03,53.20000076293945,53.650001525878906,52.68000030517578,52.900001525878906,2033200,49.99771499633789
2007-05-04,53.0099983215332,53.20000076293945,52.349998474121094,52.540000915527344,1814300,49.65745162963867
2007-05-07,52.599998474121094,52.91999816894531,52.459999084472656,52.54999923706055,2153500,49.66691207885742
2007-05-08,52.54999923706055,52.54999923706055,52.060001373291016,52.349998474121094,2304200,49.47788619995117
2007-05-09,52.36000061035156,52.720001220703125,52.130001068115234,52.369998931884766,2435900,49.496795654296875
2007-05-10,52.29999923706055,52.56999969482422,51.75,52.04999923706055,2195500,49.19435501098633
2007-05-11,52.11000061035156,53.72999954223633,51.810001373291016,53.630001068115234,5719700,50.68766403198242
2007-05-14,54,54.34000015258789,53.209999084472656,53.380001068115234,4385000,50.451377868652344
2007-05-15,53.79999923706055,53.9900016784668,53.22999954223633,53.45000076293945,4706400,50.51753616333008
2007-05-16,53.7400016784668,53.91999816894531,53.279998779296875,53.900001525878906,2291400,50.94282913208008
2007-05-17,53.70000076293945,53.849998474121094,53.31999969482422,53.369998931884766,1918100,50.441917419433594
2007-05-18,53.40999984741211,53.79999923706055,53.209999084472656,53.630001068115234,1828000,50.68766403198242
2007-05-21,53.70000076293945,53.790000915527344,53.27000045776367,53.56999969482422,1648900,50.63095474243164
2007-05-22,53.81999969482422,54,53.599998474121094,53.689998626708984,1380200,50.744361877441406
2007-05-23,53.90999984741211,54,53.349998474121094,53.439998626708984,1208600,50.50808334350586
2007-05-24,53.720001220703125,53.9900016784668,53.5,53.84000015258789,2192900,50.88613510131836
2007-05-25,53.5,54.02000045776367,53.400001525878906,54,1076200,51.03737258911133
2007-05-29,53.61000061035156,54.900001525878906,53.61000061035156,54.060001373291016,1611900,51.09408187866211
2007-05-30,54.060001373291016,54.2400016784668,53.79999923706055,54.11000061035156,2261200,51.14133071899414
2007-05-31,54.130001068115234,54.84000015258789,54,54.599998474121094,2135000,51.604427337646484
2007-06-01,54.599998474121094,55.25,53.810001373291016,54.029998779296875,2117700,51.06570816040039
2007-06-04,53.81999969482422,53.900001525878906,52.849998474121094,53.0099983215332,3085900,50.1016731262207
2007-06-05,52.900001525878906,53.2400016784668,52.400001525878906,53.16999816894531,2978000,50.252906799316406
2007-06-06,53,53.72999954223633,52.90999984741211,53.209999084472656,1923800,50.29069900512695
2007-06-07,53.2400016784668,53.45000076293945,52.83000183105469,52.86000061035156,2613500,49.959903717041016
2007-06-08,52.869998931884766,53.09000015258789,52.7599983215332,52.900001525878906,2512200,49.99771499633789
2007-06-11,52.599998474121094,53.060001373291016,52.20000076293945,52.29999923706055,1668100,49.430633544921875
2007-06-12,52.400001525878906,52.400001525878906,51.43000030517578,51.439998626708984,2971600,48.61780548095703
2007-06-13,51.599998474121094,53.20000076293945,51.02000045776367,53.099998474121094,3035900,50.186744689941406
2007-06-14,53.099998474121094,53.540000915527344,52.7400016784668,53.099998474121094,1690800,50.186744689941406
2007-06-15,53.2400016784668,54.040000915527344,53.0099983215332,53.83000183105469,2344700,50.876705169677734
2007-06-18,53.400001525878906,53.779998779296875,52.689998626708984,53.529998779296875,1539000,50.59314727783203
2007-06-19,53.54999923706055,53.75,53.119998931884766,53.400001525878906,2074700,50.470279693603516
2007-06-20,53.459999084472656,53.70000076293945,52.4900016784668,52.529998779296875,1329700,49.64801788330078
2007-06-21,52.45000076293945,52.54999923706055,51.650001525878906,52.02000045776367,2620300,49.165985107421875
2007-06-22,51.72999954223633,52.130001068115234,51.13999938964844,51.29999923706055,3462000,48.48548889160156
2007-06-25,51.790000915527344,52.52000045776367,51.13999938964844,51.279998779296875,1721500,48.46657943725586
2007-06-26,51.29999923706055,51.66999816894531,50.66999816894531,51.09000015258789,1834700,48.28700637817383
2007-06-27,50.75,51.869998931884766,50.45000076293945,51.779998779296875,2497400,48.93916702270508
2007-06-28,51.630001068115234,52.06999969482422,51.31999969482422,51.630001068115234,2831800,48.79738998413086
2007-06-29,51.61000061035156,52.150001525878906,51.41999816894531,51.720001220703125,2142600,48.88243865966797
2007-07-02,52.11000061035156,52.54999923706055,52.099998474121094,52.470001220703125,1288700,49.59129333496094
2007-07-03,52.68000030517578,53.369998931884766,52.68000030517578,53.220001220703125,1090700,50.30016326904297
2007-07-05,53.400001525878906,53.400001525878906,52.560001373291016,52.630001068115234,1096600,49.74253463745117
2007-07-06,52.63999938964844,52.720001220703125,52.119998931884766,52.470001220703125,1153600,49.59129333496094
2007-07-09,55,55,51.900001525878906,52.2599983215332,1496800,49.392818450927734
2007-07-10,51.369998931884766,52.810001373291016,48.709999084472656,51.77000045776367,2288100,48.929718017578125
2007-07-11,51.90999984741211,52,51.38999938964844,51.709999084472656,1410700,48.87299728393555
2007-07-12,51.88999938964844,53.25,51.58000183105469,53.09000015258789,3530000,50.17727279663086
2007-07-13,53,53.7599983215332,52.72999954223633,53.560001373291016,1821400,50.621490478515625
2007-07-16,53.47999954223633,54.29999923706055,53.34000015258789,53.93000030517578,1923200,50.97121047973633
2007-07-17,54.22999954223633,54.27000045776367,53.709999084472656,53.72999954223633,1089900,50.78215789794922
2007-07-18,53.470001220703125,53.59000015258789,52.849998474121094,53.47999954223633,1614300,50.54589080810547
2007-07-19,53.5,53.97999954223633,53,53.65999984741211,1375800,50.71602249145508
2007-07-20,53.630001068115234,53.630001068115234,51.93000030517578,52.34000015258789,2628700,49.468448638916016
2007-07-23,51.45000076293945,53.13999938964844,51.45000076293945,52.31999969482422,1884400,49.44953918457031
2007-07-24,52.31999969482422,53.02000045776367,51.45000076293945,51.63999938964844,1971800,48.80683135986328
2007-07-25,51.849998474121094,53.209999084472656,51.38999938964844,53.09000015258789,2697300,50.17727279663086
2007-07-26,53.119998931884766,54.5099983215332,52.060001373291016,52.540000915527344,4827800,49.65745162963867
2007-07-27,52.599998474121094,53.38999938964844,52.04999923706055,52.2400016784668,2742000,49.37390899658203
2007-07-30,52.15999984741211,53.619998931884766,51.869998931884766,53.529998779296875,2978500,50.59314727783203
2007-07-31,52.63999938964844,54.16999816894531,52.13999938964844,52.209999084472656,3517500,49.345558166503906
2007-08-01,53.099998474121094,53.16999816894531,51.939998626708984,53,2722100,50.09223556518555
2007-08-02,53.540000915527344,53.540000915527344,52.400001525878906,53.15999984741211,2303900,50.24344253540039
2007-08-03,53.369998931884766,54,52.27000045776367,52.290000915527344,2685100,49.42118453979492
2007-08-06,55,55,52.09000015258789,52.779998779296875,2875400,49.88429260253906
2007-08-07,52.400001525878906,52.90999984741211,51.619998931884766,52.099998474121094,2772300,49.241607666015625
2007-08-08,52.13999938964844,53.54999923706055,51.849998474121094,53.52000045776367,3951600,50.58369827270508
2007-08-09,53.470001220703125,54.400001525878906,52,52.04999923706055,4361500,49.19435501098633
2007-08-10,51.70000076293945,53.599998474121094,51.060001373291016,53.209999084472656,3744300,50.29069900512695
2007-08-13,54,54.540000915527344,53.09000015258789,53.75,3023700,50.80105972290039
2007-08-14,54.18000030517578,54.18000030517578,52.689998626708984,52.900001525878906,1524900,49.99771499633789
2007-08-15,52.90999984741211,52.95000076293945,50.439998626708984,50.650001525878906,3275100,47.87116241455078
2007-08-16,50.16999816894531,51.09000015258789,48.75,49.86000061035156,5405000,47.124488830566406
2007-08-17,53.38999938964844,53.47999954223633,49.290000915527344,50.2599983215332,4297300,47.50254440307617
2007-08-20,50.529998779296875,51.119998931884766,49.11000061035156,49.869998931884766,2658700,47.13395309448242
2007-08-21,49.5099983215332,50.459999084472656,49.470001220703125,50.33000183105469,3209100,47.568729400634766
2007-08-22,50.88999938964844,51.61000061035156,50.31999969482422,51.43000030517578,3141200,48.608375549316406
2007-08-23,51.70000076293945,52.41999816894531,51.18000030517578,51.81999969482422,3112100,48.976959228515625
2007-08-24,51.75,53,51.31999969482422,52.70000076293945,2957600,49.80869674682617
2007-08-27,52.54999923706055,53.33000183105469,52.5,52.65999984741211,2489600,49.770877838134766
2007-08-28,52,52.7400016784668,51.47999954223633,51.47999954223633,2992300,48.65562057495117
2007-08-29,51.70000076293945,53.900001525878906,51.56999969482422,53.619998931884766,3652700,50.6782112121582
2007-08-30,53,54.95000076293945,52.970001220703125,54.33000183105469,3556000,51.3492546081543
2007-08-31,54.599998474121094,55.09000015258789,53.95000076293945,54.22999954223633,3226700,51.25474548339844
2007-09-04,54.0099983215332,55,53.79999923706055,54.540000915527344,3419000,51.54773712158203
2007-09-05,54.16999816894531,55.13999938964844,53.5,54.84000015258789,4333800,51.83127975463867
2007-09-06,55.150001525878906,55.150001525878906,54.47999954223633,54.72999954223633,3474900,51.7273063659668
2007-09-07,54.119998931884766,54.9900016784668,54.040000915527344,54.150001525878906,3568100,51.17911911010742
2007-09-10,54.619998931884766,54.68000030517578,53.22999954223633,53.7599983215332,1888800,50.81051254272461
2007-09-11,54.09000015258789,54.560001373291016,53.90999984741211,54.5,2187300,51.50993347167969
2007-09-12,54.84000015258789,55.79999923706055,54.209999084472656,55.459999084472656,3106600,52.41725540161133
2007-09-13,55.869998931884766,56.59000015258789,55.720001220703125,56.09000015258789,2537100,53.01268768310547
2007-09-14,55.72999954223633,56,55.209999084472656,55.689998626708984,1542800,52.63462829589844
2007-09-17,55.2599983215332,55.689998626708984,54.939998626708984,55.27000045776367,1864500,52.237674713134766
2007-09-18,55.7400016784668,57.630001068115234,55.459999084472656,57.5099983215332,3353500,54.35478973388672
2007-09-19,57.72999954223633,58.349998474121094,57.61000061035156,58.060001373291016,3525500,54.87462615966797
2007-09-20,57.93000030517578,58.18000030517578,57.470001220703125,57.470001220703125,3671100,54.316993713378906
2007-09-21,58.310001373291016,58.36000061035156,57.41999816894531,57.41999816894531,4341000,54.26972579956055
2007-09-24,57.130001068115234,57.59000015258789,55.810001373291016,56.9900016784668,3127100,53.86332321166992
2007-09-25,56.5,57.95000076293945,56.5,57.20000076293945,3045700,54.06178665161133
2007-09-26,58,58.45000076293945,57.310001373291016,57.93000030517578,3481300,54.751747131347656
2007-09-27,58.11000061035156,58.75,57.380001068115234,57.81999969482422,3621600,54.64778518676758
2007-09-28,57.75,58.15999984741211,57.529998779296875,57.720001220703125,3083500,54.55324935913086
2007-10-01,57.95000076293945,58.54999923706055,57.79999923706055,58.13999938964844,2685600,54.950218200683594
2007-10-02,58.09000015258789,58.58000183105469,57.13999938964844,57.31999969482422,2178100,54.175209045410156
2007-10-03,57.400001525878906,57.400001525878906,56.38999938964844,56.52000045776367,2720700,53.419090270996094
2007-10-04,56.779998779296875,57.27000045776367,56.66999816894531,57,2398800,53.87278366088867
2007-10-05,57.560001373291016,57.97999954223633,57.0099983215332,57.86000061035156,3003300,54.68559265136719
2007-10-08,57.90999984741211,58.20000076293945,57.79999923706055,58.060001373291016,1921000,54.87462615966797
2007-10-09,58.33000183105469,59.52000045776367,57.900001525878906,59.400001525878906,2930700,56.14109420776367
2007-10-10,59.2599983215332,59.2599983215332,58.20000076293945,58.25,3218200,55.05418395996094
2007-10-11,58.810001373291016,62.02000045776367,57.709999084472656,58.06999969482422,2106600,54.884063720703125
2007-10-12,58.150001525878906,59.02000045776367,57.72999954223633,58.70000076293945,1913000,55.479496002197266
2007-10-15,58.619998931884766,59,58.29999923706055,58.68000030517578,1993700,55.46059036254883
2007-10-16,58.68000030517578,59.08000183105469,58.369998931884766,58.459999084472656,2590400,55.252655029296875
2007-10-17,59.349998474121094,59.36000061035156,58.2400016784668,58.459999084472656,2347600,55.252655029296875
2007-10-18,58.33000183105469,58.790000915527344,58.220001220703125,58.439998626708984,1699900,55.233768463134766
2007-10-19,58.16999816894531,58.849998474121094,57.540000915527344,57.7599983215332,3090900,54.591060638427734
2007-10-22,57.18000030517578,57.959999084472656,57.0099983215332,57.939998626708984,1640800,54.761199951171875
2007-10-23,58,61.900001525878906,58,59.5099983215332,4190600,56.245059967041016
2007-10-24,59.0099983215332,59.2400016784668,58.529998779296875,59.08000183105469,4005000,55.83864212036133
2007-10-25,59.04999923706055,60,57.75,57.900001525878906,5677200,54.72338104248047
2007-10-26,58.9900016784668,59.25,57.279998779296875,57.849998474121094,3541700,54.67612075805664
2007-10-29,58.0099983215332,58.290000915527344,57.2400016784668,57.86000061035156,2683900,54.68559265136719
2007-10-30,57.83000183105469,58.689998626708984,57.66999816894531,58.130001068115234,3172000,54.9407844543457
2007-10-31,58.34000015258789,59,58.06999969482422,58.810001373291016,4280700,55.583465576171875
2007-11-01,58.41999816894531,59.279998779296875,57.540000915527344,57.56999969482422,3153600,54.41150665283203
2007-11-02,57.7599983215332,58.15999984741211,56.61000061035156,56.75,4417800,53.63648986816406
2007-11-05,56.06999969482422,57.63999938964844,56.06999969482422,57.36000061035156,2643300,54.2130126953125
2007-11-06,57.40999984741211,58.279998779296875,57,57.58000183105469,1518600,54.42095184326172
2007-11-07,57.369998931884766,57.369998931884766,56.619998931884766,56.630001068115234,2543500,53.5230712890625
2007-11-08,56.68000030517578,57.31999969482422,56.220001220703125,57.2599983215332,3028300,54.11850357055664
2007-11-09,56.619998931884766,57.84000015258789,56.619998931884766,57.02000045776367,2134600,53.89167785644531
2007-11-12,56.689998626708984,57.70000076293945,56.4900016784668,56.75,2398400,53.63648986816406
2007-11-13,57.11000061035156,58,56.93000030517578,57.88999938964844,2197100,54.71394729614258
2007-11-14,58.36000061035156,58.630001068115234,57.650001525878906,57.939998626708984,3246900,54.761199951171875
2007-11-15,57.83000183105469,58.209999084472656,57.369998931884766,57.43000030517578,1593800,54.279178619384766
2007-11-16,57.93000030517578,58.11000061035156,56.97999954223633,57.560001373291016,2132600,54.40204620361328
2007-11-19,57.81999969482422,57.81999969482422,56.099998474121094,56.63999938964844,3204800,53.53252410888672
2007-11-20,56.63999938964844,57.77000045776367,56.18000030517578,57.47999954223633,2930500,54.32643508911133
2007-11-21,57.130001068115234,57.43000030517578,56.709999084472656,56.709999084472656,2029800,53.59868621826172
2007-11-23,57.150001525878906,57.279998779296875,56.849998474121094,57.209999084472656,831500,54.071250915527344
2007-11-26,57.099998474121094,57.43000030517578,56.40999984741211,56.5,3063800,53.40019989013672
2007-11-27,56.90999984741211,57.380001068115234,56.5,57.2599983215332,4765400,54.11850357055664
2007-11-28,57.09000015258789,58.20000076293945,57.09000015258789,58.11000061035156,2148200,54.921878814697266
2007-11-29,58.040000915527344,58.27000045776367,57.040000915527344,57.25,3645600,54.109046936035156
2007-11-30,57.5,57.84000015258789,57.02000045776367,57.63999938964844,2401700,54.47765350341797
2007-12-03,57.09000015258789,57.650001525878906,57.029998779296875,57.310001373291016,2084300,54.1657600402832
2007-12-04,57.20000076293945,57.560001373291016,56.7400016784668,57.27000045776367,2080200,54.12797164916992
2007-12-05,57.689998626708984,58.5099983215332,56.95000076293945,57.88999938964844,2264500,54.71394729614258
2007-12-06,58.2599983215332,58.2599983215332,57.56999969482422,58.08000183105469,2546700,54.89352798461914
2007-12-07,58.29999923706055,58.4900016784668,57.54999923706055,57.869998931884766,2048200,54.69502639770508
2007-12-10,58.150001525878906,58.810001373291016,57.810001373291016,58.709999084472656,1604800,55.488956451416016
2007-12-11,58.68000030517578,59.25,57.38999938964844,57.43000030517578,2219100,54.279178619384766
2007-12-12,58.599998474121094,58.599998474121094,56.720001220703125,57.38999938964844,3312500,54.24136734008789
2007-12-13,57.040000915527344,57.38999938964844,56.45000076293945,57.310001373291016,2360500,54.1657600402832
2007-12-14,56.79999923706055,57.650001525878906,56.709999084472656,57.279998779296875,2438400,54.13740921020508
2007-12-17,57.029998779296875,57.33000183105469,56.540000915527344,56.540000915527344,2169400,53.43799591064453
2007-12-18,56.84000015258789,57.25,56.41999816894531,56.70000076293945,2232300,53.589229583740234
2007-12-19,56.81999969482422,57.13999938964844,56.27000045776367,56.869998931884766,4170700,53.7498893737793
2007-12-20,57.16999816894531,57.20000076293945,56.400001525878906,57.04999923706055,3158400,53.920021057128906
2007-12-21,57.91999816894531,58.63999938964844,57.04999923706055,58.459999084472656,2997200,55.252655029296875
2007-12-24,58.5,58.810001373291016,58.040000915527344,58.18000030517578,782500,54.9880256652832
2007-12-26,58.040000915527344,59.209999084472656,58.040000915527344,59.130001068115234,1049800,55.885902404785156
2007-12-27,58.88999938964844,58.88999938964844,57.7599983215332,57.790000915527344,1134200,54.61943435668945
2007-12-28,58.470001220703125,58.47999954223633,57.72999954223633,58.189998626708984,1032000,54.997467041015625
2007-12-31,58.5,58.5,57.58000183105469,57.68000030517578,1379800,54.51544952392578
2008-01-02,57.68000030517578,57.75,55.529998779296875,55.79999923706055,3289100,52.73860168457031
2008-01-03,56.09000015258789,57.43000030517578,55.880001068115234,57.0099983215332,2141400,53.8822135925293
2008-01-04,56.630001068115234,57,55.939998626708984,55.939998626708984,2019300,52.87092208862305
2008-01-07,56.16999816894531,57,56.09000015258789,56.91999816894531,2206800,53.79716873168945
2008-01-08,57.09000015258789,57.810001373291016,56.40999984741211,56.880001068115234,3195300,53.75935363769531
2008-01-09,56.959999084472656,57.16999816894531,54.4900016784668,55.470001220703125,4937000,52.42670440673828
2008-01-10,55.279998779296875,56.40999984741211,54.40999984741211,56.0099983215332,4331200,52.93708801269531
2008-01-11,55.380001068115234,55.86000061035156,54.900001525878906,54.9900016784668,2143000,51.973060607910156
2008-01-14,55.5,55.959999084472656,54.88999938964844,55.630001068115234,2071000,52.57794189453125
2008-01-15,55.40999984741211,55.7400016784668,54.2599983215332,54.75,3559600,51.74620819091797
2008-01-16,54.59000015258789,55.369998931884766,54.220001220703125,54.790000915527344,2514400,51.78403091430664
2008-01-17,54.79999923706055,54.869998931884766,52.5099983215332,53.790000915527344,5466700,50.83887481689453
2008-01-18,54.2599983215332,54.2599983215332,51.599998474121094,52.02000045776367,6419100,49.165985107421875
2008-01-22,48.61000061035156,51.68000030517578,46.630001068115234,50.59000015258789,11023900,47.81444549560547
2008-01-23,49.470001220703125,50.400001525878906,49.130001068115234,50.349998474121094,12740500,47.58761978149414
2008-01-24,50.56999969482422,50.720001220703125,49.779998779296875,50.060001373291016,3525400,47.31352996826172
2008-01-25,50.75,52.47999954223633,50.63999938964844,51.61000061035156,4919100,48.77848434448242
2008-01-28,51.7599983215332,51.7599983215332,50.86000061035156,51.38999938964844,2497200,48.57054901123047
2008-01-29,51.70000076293945,52.7400016784668,51.040000915527344,52.61000061035156,2823000,49.72364044189453
2008-01-30,52.150001525878906,52.2599983215332,50.959999084472656,51.060001373291016,3866900,48.2586669921875
2008-01-31,50.40999984741211,51.7400016784668,50,51.4900016784668,3672300,48.665069580078125
2008-02-01,51.40999984741211,52.5,50.779998779296875,52.380001068115234,3498900,49.506248474121094
2008-02-04,52.38999938964844,52.560001373291016,50.709999084472656,51.099998474121094,4364400,48.29646301269531
2008-02-05,50.68000030517578,50.7599983215332,49.369998931884766,50.2400016784668,4327400,47.483646392822266
2008-02-06,54.2400016784668,56.2599983215332,53.709999084472656,54.04999923706055,8935100,51.084617614746094
2008-02-07,53.75,56,53.75,55.4900016784668,4679400,52.44561767578125
2008-02-08,55.119998931884766,56.54999923706055,54.95000076293945,55.41999816894531,4183100,52.37944793701172
2008-02-11,55.5099983215332,56.209999084472656,55.119998931884766,55.90999984741211,2199800,52.84254837036133
2008-02-12,56.310001373291016,57.06999969482422,55.599998474121094,56.77000045776367,2545800,53.655391693115234
2008-02-13,57.15999984741211,57.369998931884766,56.33000183105469,57.15999984741211,2833900,54.02399444580078
2008-02-14,57.369998931884766,57.5,56.61000061035156,56.63999938964844,2110300,53.53252410888672
2008-02-15,56.58000183105469,57.34000015258789,56.08000183105469,57.220001220703125,1939800,54.0806999206543
2008-02-19,57.290000915527344,57.81999969482422,56.58000183105469,56.810001373291016,1907700,53.69319152832031
2008-02-20,56.75,57.349998474121094,56.22999954223633,57.150001525878906,1957400,54.01454544067383
2008-02-21,57.349998474121094,57.5,56.18000030517578,56.25,1368900,53.163909912109375
2008-02-22,56.5,56.599998474121094,55.34000015258789,56.16999816894531,2300400,53.08830261230469
2008-02-25,56.439998626708984,57.9900016784668,56.38999938964844,57.939998626708984,2354100,54.761199951171875
2008-02-26,57.77000045776367,58,57.5099983215332,57.9900016784668,1837200,54.8084602355957
2008-02-27,57.68000030517578,58.0099983215332,57.290000915527344,57.68000030517578,1846900,54.51544952392578
2008-02-28,57.29999923706055,57.52000045776367,56.439998626708984,57.029998779296875,1360800,53.901123046875
2008-02-29,56.5099983215332,56.939998626708984,55.59000015258789,55.93000030517578,2529700,52.86146926879883
2008-03-03,55.93000030517578,56.150001525878906,55.06999969482422,55.40999984741211,2402100,52.369998931884766
2008-03-04,55.0099983215332,55.33000183105469,54,54.9900016784668,4030000,51.973060607910156
2008-03-05,55.25,55.86000061035156,54.400001525878906,54.849998474121094,3034800,51.840728759765625
2008-03-06,54.47999954223633,55.0099983215332,53.79999923706055,53.79999923706055,2280600,50.848331451416016
2008-03-07,53.279998779296875,54.02000045776367,53.119998931884766,53.56999969482422,3281000,50.63095474243164
2008-03-10,53.5099983215332,53.7400016784668,52.29999923706055,52.349998474121094,2926000,49.47788619995117
2008-03-11,52.0099983215332,53.470001220703125,52.0099983215332,53.439998626708984,3093800,50.50808334350586
2008-03-12,53.45000076293945,54.22999954223633,53.09000015258789,53.290000915527344,3037000,50.366302490234375
2008-03-13,52.66999816894531,54.58000183105469,52.619998931884766,54.380001068115234,2952200,51.39651870727539
2008-03-14,54.66999816894531,54.70000076293945,52.56999969482422,53.29999923706055,3369800,50.37575912475586
2008-03-17,52.13999938964844,53.540000915527344,52.13999938964844,52.560001373291016,4300900,49.676368713378906
2008-03-18,53.25,54.15999984741211,53.06999969482422,54.15999984741211,2768200,51.18857192993164
2008-03-19,54.20000076293945,55.25,53.91999816894531,53.91999816894531,2949200,50.96175003051758
2008-03-20,54.119998931884766,54.47999954223633,53.400001525878906,54.27000045776367,3151900,51.29253387451172
2008-03-24,54.5,56.040000915527344,54.5,55.72999954223633,1751200,52.67243957519531
2008-03-25,56.400001525878906,56.970001220703125,55.880001068115234,56.61000061035156,5035500,53.5041618347168
2008-03-26,56.43000030517578,56.68000030517578,55.849998474121094,56.349998474121094,2162000,53.2584228515625
2008-03-27,56.63999938964844,56.65999984741211,55.41999816894531,55.70000076293945,2125700,52.64408493041992
2008-03-28,55.86000061035156,57.13999938964844,55.65999984741211,56.439998626708984,2713400,53.343505859375
2008-03-31,56.560001373291016,57.15999984741211,56.06999969482422,56.84000015258789,3189100,53.7215576171875
2008-04-01,56.869998931884766,59.189998626708984,56.869998931884766,59.189998626708984,3628600,55.94261932373047
2008-04-02,58.650001525878906,59.65999984741211,58.369998931884766,58.619998931884766,2480400,55.403892517089844
2008-04-03,58.279998779296875,58.56999969482422,57.77000045776367,58,2360000,54.81789779663086
2008-04-04,58.15999984741211,58.27000045776367,57.52000045776367,57.95000076293945,2602000,54.77064895629883
2008-04-07,58.099998474121094,58.220001220703125,57.25,57.349998474121094,2422800,54.203575134277344
2008-04-08,57.16999816894531,57.29999923706055,56.529998779296875,56.880001068115234,2731900,53.75935363769531
2008-04-09,56.880001068115234,57.400001525878906,56.209999084472656,56.54999923706055,1986400,53.44745635986328
2008-04-10,56.439998626708984,56.439998626708984,55.4900016784668,55.79999923706055,2359200,52.73860168457031
2008-04-11,55.279998779296875,55.779998779296875,54.31999969482422,54.459999084472656,2616500,51.47212219238281
2008-04-14,54.54999923706055,54.970001220703125,54.310001373291016,54.75,2007400,51.74620819091797
2008-04-15,53.47999954223633,54.43000030517578,52.72999954223633,53.459999084472656,3956200,50.526973724365234
2008-04-16,53.810001373291016,54.970001220703125,53.43000030517578,54.86000061035156,3744700,51.85017395019531
2008-04-17,54.939998626708984,55.209999084472656,54.79999923706055,55.06999969482422,2261500,52.04865646362305
2008-04-18,56.54999923706055,56.84000015258789,56.220001220703125,56.720001220703125,2380100,53.608123779296875
2008-04-21,56.52000045776367,56.52000045776367,55.75,56.0099983215332,1805600,52.93708801269531
2008-04-22,55.5,55.75,54.790000915527344,55.18000030517578,2575300,52.152618408203125
2008-04-23,55.58000183105469,56.400001525878906,55.279998779296875,56.119998931884766,3528200,53.041046142578125
2008-04-24,56.84000015258789,56.84000015258789,53.31999969482422,55.58000183105469,7307000,52.53068161010742
2008-04-25,55.900001525878906,56.29999923706055,55.310001373291016,55.970001220703125,3404600,52.8992919921875
2008-04-28,55.849998474121094,57.70000076293945,55.849998474121094,57.15999984741211,3354400,54.02399444580078
2008-04-29,57.0099983215332,57.86000061035156,57.0099983215332,57.439998626708984,2516100,54.288631439208984
2008-04-30,57.650001525878906,58.65999984741211,57.560001373291016,57.869998931884766,3099700,54.69502639770508
2008-05-01,57.5,58.790000915527344,57.380001068115234,58.7400016784668,1991000,55.517303466796875
2008-05-02,58.77000045776367,59.5,58.349998474121094,58.650001525878906,2808200,55.43224334716797
2008-05-05,58.66999816894531,58.810001373291016,57.79999923706055,58.220001220703125,2063300,55.025840759277344
2008-05-06,57.880001068115234,58.349998474121094,57.040000915527344,57.22999954223633,3595300,54.09014129638672
2008-05-07,57.2400016784668,57.70000076293945,56.540000915527344,56.709999084472656,2469100,53.59868621826172
2008-05-08,57.150001525878906,57.29999923706055,56.5099983215332,56.95000076293945,1982100,53.82551193237305
2008-05-09,56.20000076293945,56.880001068115234,55.90999984741211,56.2599983215332,1330100,53.17335891723633
2008-05-12,56.29999923706055,57.209999084472656,56.29999923706055,57.150001525878906,1230600,54.01454544067383
2008-05-13,57.79999923706055,57.939998626708984,57.04999923706055,57.619998931884766,2243800,54.45875549316406
2008-05-14,57.54999923706055,58.369998931884766,57.209999084472656,57.43000030517578,2589400,54.279178619384766
2008-05-15,57.220001220703125,57.790000915527344,56.849998474121094,57.58000183105469,1516100,54.42095184326172
2008-05-16,57.630001068115234,58,57.22999954223633,57.939998626708984,2351300,54.761199951171875
2008-05-19,58,59,57.70000076293945,58.439998626708984,2918600,55.233768463134766
2008-05-20,57.86000061035156,59.0099983215332,57.41999816894531,58.349998474121094,3419000,55.14870071411133
2008-05-21,58.34000015258789,59.869998931884766,58.310001373291016,59.040000915527344,3170300,55.80085372924805
2008-05-22,58.72999954223633,58.939998626708984,57.810001373291016,57.9900016784668,2567300,54.8084602355957
2008-05-23,57.849998474121094,58.04999923706055,57.529998779296875,57.90999984741211,1512700,54.73284149169922
2008-05-27,57.900001525878906,58.220001220703125,57.27000045776367,58,2088600,54.81789779663086
2008-05-28,58.04999923706055,58.20000076293945,57.63999938964844,57.939998626708984,1364600,54.761199951171875
2008-05-29,57.95000076293945,58.91999816894531,57.56999969482422,58.650001525878906,1785000,55.43224334716797
2008-05-30,58.650001525878906,59.189998626708984,58.439998626708984,59.02000045776367,1690200,55.78194046020508
2008-06-02,58.90999984741211,59.70000076293945,57.560001373291016,58.130001068115234,2760100,54.9407844543457
2008-06-03,58.380001068115234,59.02000045776367,57.86000061035156,58.349998474121094,2053700,55.14870071411133
2008-06-04,58.08000183105469,58.93000030517578,58.04999923706055,58.29999923706055,2143600,55.101444244384766
2008-06-05,58.619998931884766,59.369998931884766,58.150001525878906,59.2400016784668,1586400,55.989871978759766
2008-06-06,58.4900016784668,58.880001068115234,57.849998474121094,57.91999816894531,2151300,54.7422981262207
2008-06-09,58.349998474121094,58.380001068115234,57.20000076293945,57.59000015258789,1855600,54.43041229248047
2008-06-10,57.20000076293945,58.27000045776367,56.84000015258789,57.970001220703125,2470200,54.78955078125
2008-06-11,57.810001373291016,57.900001525878906,56.84000015258789,56.88999938964844,1658400,53.768798828125
2008-06-12,57.5,58.95000076293945,57.5,58.310001373291016,2098900,55.11091613769531
2008-06-13,58.68000030517578,59.349998474121094,57.90999984741211,58.709999084472656,1776700,55.488956451416016
2008-06-16,58.560001373291016,59.40999984741211,58.13999938964844,59.29999923706055,2400400,56.046566009521484
2008-06-17,59.599998474121094,59.77000045776367,58.709999084472656,58.95000076293945,1669500,55.71578598022461
2008-06-18,58.4900016784668,58.779998779296875,57.77000045776367,57.849998474121094,1587900,54.67612075805664
2008-06-19,57.93000030517578,58.84000015258789,57.439998626708984,58.47999954223633,2127300,55.271575927734375
2008-06-20,58.150001525878906,58.849998474121094,57.29999923706055,57.54999923706055,2004900,54.39259338378906
2008-06-23,57.470001220703125,57.869998931884766,57.02000045776367,57.310001373291016,1789100,54.1657600402832
2008-06-24,57.18000030517578,57.279998779296875,55.369998931884766,55.79999923706055,3281300,52.73860168457031
2008-06-25,56.119998931884766,56.38999938964844,55.459999084472656,55.83000183105469,2964200,52.76695251464844
2008-06-26,55.11000061035156,55.599998474121094,54.61000061035156,54.61000061035156,2892700,51.613887786865234
2008-06-27,54.560001373291016,55.619998931884766,54.560001373291016,55.31999969482422,3129400,52.28495407104492
2008-06-30,55.16999816894531,56.099998474121094,54.869998931884766,55.72999954223633,4568500,52.67243957519531
2008-07-01,55.06999969482422,56.25,55.06999969482422,56.20000076293945,3594400,53.11666488647461
2008-07-02,56.290000915527344,57.25,56.130001068115234,56.58000183105469,3421300,53.475807189941406
2008-07-03,56.79999923706055,57.79999923706055,56.459999084472656,56.7599983215332,1625700,53.64594268798828
2008-07-07,56.650001525878906,57.529998779296875,56.56999969482422,57.06999969482422,2167400,53.938926696777344
2008-07-08,56.79999923706055,58.68000030517578,56.79999923706055,58.68000030517578,2453700,55.46059036254883
2008-07-09,58.68000030517578,59.83000183105469,57.4900016784668,57.720001220703125,3148500,54.55324935913086
2008-07-10,57.650001525878906,58.52000045776367,56.68000030517578,58.400001525878906,2917900,55.19595718383789
2008-07-11,57.31999969482422,58.08000183105469,56.900001525878906,57.150001525878906,2866100,54.01454544067383
2008-07-14,57.86000061035156,58.04999923706055,55.59000015258789,55.84000015258789,3011400,52.77641677856445
2008-07-15,55.540000915527344,56.849998474121094,54.91999816894531,56.529998779296875,7563100,53.428565979003906
2008-07-16,56.709999084472656,56.880001068115234,55.459999084472656,56.47999954223633,3892200,53.38129806518555
2008-07-17,56.630001068115234,57.279998779296875,55.83000183105469,57.060001373291016,2059000,53.92948532104492
2008-07-18,57.220001220703125,57.220001220703125,55.220001220703125,55.939998626708984,3783500,52.87092208862305
2008-07-21,56.08000183105469,56.380001068115234,55.77000045776367,56.130001068115234,2000400,53.05050277709961
2008-07-22,55.779998779296875,59.33000183105469,55.779998779296875,59.33000183105469,4822000,56.074947357177734
2008-07-23,59.34000015258789,59.52000045776367,58.310001373291016,58.779998779296875,5393500,55.55510711669922
2008-07-24,59.91999816894531,59.91999816894531,56.97999954223633,58.83000183105469,4675800,55.60236358642578
2008-07-25,59.29999923706055,59.54999923706055,58.36000061035156,58.79999923706055,2511400,55.57402420043945
2008-07-28,58.7599983215332,58.869998931884766,57.97999954223633,58.029998779296875,2113200,54.846256256103516
2008-07-29,57.88999938964844,58.560001373291016,57.689998626708984,58.150001525878906,2294900,54.95966720581055
2008-07-30,58.59000015258789,59.56999969482422,58.40999984741211,59.54999923706055,2359400,56.28287124633789
2008-07-31,59.650001525878906,61.529998779296875,59.599998474121094,60.52000045776367,5791000,57.19963836669922
2008-08-01,60.54999923706055,61.61000061035156,60.09000015258789,60.20000076293945,2914400,56.89719009399414
2008-08-04,60.25,61.06999969482422,59.56999969482422,59.83000183105469,2448300,56.54750442504883
2008-08-05,60.20000076293945,60.20000076293945,59.38999938964844,60.119998931884766,3472300,56.82159423828125
2008-08-06,60.040000915527344,61.130001068115234,59.68000030517578,60.93000030517578,3115900,57.587162017822266
2008-08-07,60.689998626708984,60.810001373291016,59.93000030517578,60.02000045776367,2658500,56.7270622253418
2008-08-08,59.959999084472656,61.150001525878906,59.7599983215332,61,2731700,57.65331268310547
2008-08-11,61.02000045776367,62.119998931884766,60.91999816894531,61.86000061035156,2008500,58.466129302978516
2008-08-12,61.5,61.79999923706055,61.150001525878906,61.470001220703125,1471600,58.09752655029297
2008-08-13,61.41999816894531,62.25,61.20000076293945,61.869998931884766,1751700,58.475582122802734
2008-08-14,61.61000061035156,62.2599983215332,60.79999923706055,61.619998931884766,1715700,58.239295959472656
2008-08-15,61.810001373291016,62.77000045776367,61.619998931884766,62.70000076293945,2070500,59.260047912597656
2008-08-18,62.75,62.75,61.31999969482422,61.54999923706055,2088400,58.173133850097656
2008-08-19,61.38999938964844,61.529998779296875,60.70000076293945,60.86000061035156,1459200,57.520992279052734
2008-08-20,61.13999938964844,61.2400016784668,59.52000045776367,59.939998626708984,2926400,56.651466369628906
2008-08-21,59.560001373291016,60.72999954223633,59.36000061035156,60.15999984741211,2110600,56.859397888183594
2008-08-22,60.720001220703125,61.58000183105469,60.119998931884766,61.279998779296875,1884600,57.91795349121094
2008-08-25,60.880001068115234,61.529998779296875,59.720001220703125,60.0099983215332,1419900,56.717620849609375
2008-08-26,60.4900016784668,60.560001373291016,59.36000061035156,60.22999954223633,1691000,56.92555618286133
2008-08-27,60.150001525878906,60.90999984741211,59.959999084472656,60.70000076293945,1514000,57.36977767944336
2008-08-28,60.810001373291016,61.5099983215332,60.810001373291016,61.38999938964844,1061300,58.02193069458008
2008-08-29,61.310001373291016,61.70000076293945,60.540000915527344,60.560001373291016,1291800,57.23745346069336
2008-09-02,60.86000061035156,61.84000015258789,60.06999969482422,60.349998474121094,2043000,57.03897476196289
2008-09-03,60.29999923706055,60.40999984741211,59.43000030517578,59.52000045776367,1687100,56.25452423095703
2008-09-04,58.810001373291016,59.29999923706055,56.93000030517578,57.04999923706055,3910700,53.920021057128906
2008-09-05,56.720001220703125,56.939998626708984,56.08000183105469,56.380001068115234,2758800,53.28678894042969
2008-09-08,57.72999954223633,58.349998474121094,57.06999969482422,57.97999954223633,2067000,54.79899215698242
2008-09-09,57.880001068115234,58.61000061035156,56.5,56.5099983215332,1926000,53.409637451171875
2008-09-10,56.75,57.099998474121094,56.27000045776367,56.560001373291016,1686300,53.456905364990234
2008-09-11,56.31999969482422,57.4900016784668,55.86000061035156,57.439998626708984,2135600,54.288631439208984
2008-09-12,57.47999954223633,58.650001525878906,57.27000045776367,58.52000045776367,2710100,55.30936050415039
2008-09-15,56.939998626708984,58.7400016784668,56.90999984741211,56.939998626708984,2459400,53.81604766845703
2008-09-16,57.279998779296875,58.029998779296875,55.790000915527344,57.150001525878906,3099700,54.01454544067383
2008-09-17,56,57.02000045776367,54.56999969482422,54.720001220703125,3685100,51.717864990234375
2008-09-18,55.0099983215332,56.900001525878906,54.119998931884766,56.27000045776367,3954900,53.18281555175781
2008-09-19,58,60,56.599998474121094,56.97999954223633,5252000,53.85388946533203
2008-09-22,56.56999969482422,56.93000030517578,54.70000076293945,54.9900016784668,2307600,51.973060607910156
2008-09-23,55.2400016784668,56.02000045776367,54.400001525878906,54.43000030517578,1945100,51.443782806396484
2008-09-24,54.22999954223633,54.66999816894531,52.66999816894531,54.290000915527344,3056100,51.31145095825195
2008-09-25,54.560001373291016,56.220001220703125,54.209999084472656,56.0099983215332,3023000,52.93708801269531
2008-09-26,55.380001068115234,56.709999084472656,55.0099983215332,56.619998931884766,2160000,53.513607025146484
2008-09-29,55.9900016784668,56.41999816894531,52.560001373291016,52.970001220703125,3928300,50.06387710571289
2008-09-30,54.16999816894531,55.27000045776367,52.650001525878906,55,2976800,51.982486724853516
2008-10-01,54.58000183105469,55.119998931884766,51.369998931884766,53.16999816894531,4300000,50.252906799316406
2008-10-02,53.16999816894531,53.16999816894531,50.11000061035156,50.369998931884766,5270000,47.606502532958984
2008-10-03,51.130001068115234,52.900001525878906,50.56999969482422,50.56999969482422,4179700,47.7955436706543
2008-10-06,49.7400016784668,49.9900016784668,46.810001373291016,48.63999938964844,5184400,45.97144317626953
2008-10-07,49.25,51.08000183105469,48.310001373291016,48.439998626708984,5033700,45.78242111206055
2008-10-08,46.97999954223633,49.380001068115234,46.970001220703125,46.970001220703125,3827800,44.393062591552734
2008-10-09,47.150001525878906,47.290000915527344,42.61000061035156,42.61000061035156,4660900,40.272247314453125
2008-10-10,40.900001525878906,43.5,34.59000015258789,41.0099983215332,10817900,38.76003646850586
2008-10-13,42.619998931884766,47.970001220703125,42,47.939998626708984,3697200,45.3098258972168
2008-10-14,49.72999954223633,50.650001525878906,44,44.650001525878906,7487600,42.200340270996094
2008-10-15,43.91999816894531,44.119998931884766,40.31999969482422,40.45000076293945,5097500,38.23077392578125
2008-10-16,40.0099983215332,43.040000915527344,39.75,42.33000183105469,6403800,40.00762176513672
2008-10-17,41.41999816894531,45.650001525878906,40.11000061035156,43.349998474121094,5606100,40.97163772583008
2008-10-20,43.15999984741211,44.81999969482422,42.709999084472656,44.150001525878906,4327100,41.72776794433594
2008-10-21,43.08000183105469,44.63999938964844,42.869998931884766,43.13999938964844,4313200,40.77317428588867
2008-10-22,42.2400016784668,42.380001068115234,40.16999816894531,41.029998779296875,6298600,38.7789306640625
2008-10-23,39.66999816894531,41.20000076293945,35.09000015258789,38.40999984741211,10975400,36.30269241333008
2008-10-24,35.68000030517578,38.529998779296875,35.45000076293945,37.439998626708984,5525000,35.385902404785156
2008-10-27,36.88999938964844,37.47999954223633,35.2400016784668,35.29999923706055,5323600,33.363319396972656
2008-10-28,36.2400016784668,36.43000030517578,33.95000076293945,36.0099983215332,7684100,34.03435516357422
2008-10-29,36,38.4900016784668,34.68000030517578,36.81999969482422,15086000,34.7999153137207
2008-10-30,37.970001220703125,39.97999954223633,37.22999954223633,39.79999923706055,5103600,37.61642074584961
2008-10-31,39.810001373291016,41.47999954223633,39.43000030517578,40.599998474121094,5177700,38.372535705566406
2008-11-03,40.56999969482422,41.4900016784668,40.16999816894531,40.65999984741211,2937200,38.42924118041992
2008-11-04,42.84000015258789,44.130001068115234,41.4900016784668,42.84000015258789,3960100,40.48963165283203
2008-11-05,42.220001220703125,42.349998474121094,39.93000030517578,40.16999816894531,3222100,37.96611785888672
2008-11-06,40.16999816894531,40.16999816894531,37.220001220703125,37.63999938964844,4643300,35.57493591308594
2008-11-07,37.040000915527344,38.5099983215332,37.040000915527344,37.72999954223633,3651100,35.659976959228516
2008-11-10,38.47999954223633,39.130001068115234,36.720001220703125,37.20000076293945,3268800,35.15907287597656
2008-11-11,36.45000076293945,36.7400016784668,34.5,36.02000045776367,5069800,34.0438117980957
2008-11-12,35.439998626708984,35.709999084472656,32.79999923706055,32.90999984741211,7338800,31.10443687438965
2008-11-13,34.15999984741211,36.470001220703125,33.369998931884766,36.31999969482422,7832600,34.32735824584961
2008-11-14,35.70000076293945,37.189998626708984,33.5,34.040000915527344,4462700,32.17244338989258
2008-11-17,33.720001220703125,34.099998474121094,32.439998626708984,32.540000915527344,3123600,30.754735946655273
2008-11-18,32.04999923706055,32.66999816894531,30.639999389648438,32.02000045776367,8943400,30.263267517089844
2008-11-19,31.850000381469727,32.869998931884766,31.540000915527344,31.75,7712500,30.008071899414062
2008-11-20,31.579999923706055,31.579999923706055,28.670000076293945,28.899999618530273,7419300,27.31443977355957
2008-11-21,29.559999465942383,29.8700008392334,26.649999618530273,29.729999542236328,8495500,28.098896026611328
2008-11-24,30.299999237060547,33.08000183105469,30.18000030517578,32.099998474121094,6656000,30.338876724243164
2008-11-25,33.4900016784668,35.2400016784668,32.25,34.68000030517578,7938800,32.77731704711914
2008-11-26,34.08000183105469,34.880001068115234,33.189998626708984,34.630001068115234,4537600,32.73006820678711
2008-11-28,34.630001068115234,36.25,34.36000061035156,35.68000030517578,2250600,33.72246551513672
2008-12-01,34.40999984741211,34.9900016784668,32.720001220703125,32.810001373291016,6777200,31.00992202758789
2008-12-02,33.369998931884766,33.86000061035156,32.08000183105469,33.45000076293945,5041500,31.614818572998047
2008-12-03,32.7599983215332,34.13999938964844,32.47999954223633,33.939998626708984,4838400,32.07792282104492
2008-12-04,33.61000061035156,34.27000045776367,32,32.5099983215332,5238400,30.726367950439453
2008-12-05,32,34.040000915527344,31.280000686645508,33.970001220703125,5637000,32.10627365112305
2008-12-08,34.79999923706055,35.720001220703125,34.20000076293945,34.58000183105469,5627100,32.68281555175781
2008-12-09,34.31999969482422,35.72999954223633,34.2599983215332,34.79999923706055,4698600,32.8907356262207
2008-12-10,35.189998626708984,35.58000183105469,33.689998626708984,34.18000030517578,4115200,32.30476379394531
2008-12-11,34.099998474121094,34.47999954223633,33,33.31999969482422,5322500,31.491947174072266
2008-12-12,31.010000228881836,31.639999389648438,28.520000457763672,30.459999084472656,10559900,28.78885269165039
2008-12-15,30.920000076293945,31.229999542236328,29.360000610351562,29.81999969482422,6434600,28.18396759033203
2008-12-16,30.18000030517578,31.780000686645508,29.90999984741211,31.760000228881836,9432200,30.017532348632812
2008-12-17,31.479999542236328,34.13999938964844,31.25,33.130001068115234,7358600,31.312349319458008
2008-12-18,33.36000061035156,33.66999816894531,32.22999954223633,32.540000915527344,4613600,30.754735946655273
2008-12-19,32.900001525878906,33.36000061035156,31.559999465942383,32.529998779296875,5350100,30.745285034179688
2008-12-22,32.45000076293945,32.90999984741211,31.700000762939453,32.38999938964844,3116400,30.612958908081055
2008-12-23,32.13999938964844,33.18000030517578,31.600000381469727,32.5099983215332,3810400,30.726367950439453
2008-12-24,32.689998626708984,33,32.130001068115234,32.93000030517578,998900,31.123327255249023
2008-12-26,33.060001373291016,33.16999816894531,32.529998779296875,32.81999969482422,1433900,31.019365310668945
2008-12-29,32.79999923706055,32.81999969482422,32.38999938964844,32.75,2915600,30.95321273803711
2008-12-30,33.040000915527344,33.599998474121094,32.18000030517578,33.540000915527344,2624700,31.699874877929688
2008-12-31,33.5099983215332,34.279998779296875,33.439998626708984,34.06999969482422,2602600,32.2008056640625
2009-01-02,34.209999084472656,35.540000915527344,33.810001373291016,35.36000061035156,3003000,33.42000198364258
2009-01-05,35.220001220703125,35.66999816894531,34.70000076293945,35.47999954223633,3966800,33.533447265625
2009-01-06,35.650001525878906,36.20000076293945,34.95000076293945,35.29999923706055,4394600,33.363319396972656
2009-01-07,34.869998931884766,35.459999084472656,34.349998474121094,34.91999816894531,3459600,33.00416564941406
2009-01-08,34.849998474121094,35,33.369998931884766,33.959999084472656,4756700,32.096832275390625
2009-01-09,33.7599983215332,34.2599983215332,33.279998779296875,33.79999923706055,3339700,31.945606231689453
2009-01-12,34.290000915527344,34.61000061035156,33.79999923706055,34.150001525878906,4258700,32.27640914916992
2009-01-13,34.5,37.459999084472656,34.060001373291016,37.08000183105469,7961000,35.0456428527832
2009-01-14,36.41999816894531,37.2400016784668,36.0099983215332,36.45000076293945,5540800,34.450225830078125
2009-01-15,35.939998626708984,39.040000915527344,35.86000061035156,38.279998779296875,6545500,36.179813385009766
2009-01-16,38.34000015258789,39.45000076293945,38.09000015258789,38.900001525878906,5716600,36.765804290771484
2009-01-20,38.5,39.45000076293945,35.9900016784668,36.439998626708984,6420800,34.440773010253906
2009-01-21,37.029998779296875,37.2599983215332,35.56999969482422,36.22999954223633,6833700,34.24229049682617
2009-01-22,35.650001525878906,36.099998474121094,35.16999816894531,35.90999984741211,4914000,33.93983459472656
2009-01-23,35.279998779296875,35.279998779296875,33.83000183105469,34.689998626708984,5241600,32.78676986694336
2009-01-26,34.900001525878906,35.290000915527344,34.41999816894531,35.09000015258789,4391800,33.164825439453125
2009-01-27,35.439998626708984,36.61000061035156,35.279998779296875,36.290000915527344,4423000,34.29899978637695
2009-01-28,37.0099983215332,38.04999923706055,36.68000030517578,37.369998931884766,3917100,35.31974792480469
2009-01-29,36.95000076293945,37.369998931884766,36.22999954223633,36.529998779296875,2921100,34.52582550048828
2009-01-30,36.43000030517578,37.08000183105469,35.61000061035156,35.93000030517578,4421400,33.95874786376953
2009-02-02,35.54999923706055,36.279998779296875,35.5,35.849998474121094,3974400,33.88312530517578
2009-02-03,36.040000915527344,37.150001525878906,35.63999938964844,36.689998626708984,5121000,34.67703628540039
2009-02-04,37.56999969482422,39.189998626708984,36.75,37.08000183105469,10509200,35.0456428527832
2009-02-05,37,39.119998931884766,36.900001525878906,38.91999816894531,7180800,36.78468704223633
2009-02-06,38.38999938964844,40.22999954223633,38.38999938964844,40,5974300,37.805442810058594
2009-02-09,40.029998779296875,40.34000015258789,39.06999969482422,39.5099983215332,3408100,37.34233856201172
2009-02-10,39.27000045776367,39.65999984741211,37.689998626708984,37.90999984741211,7207500,35.83011245727539
2009-02-11,37.970001220703125,38.849998474121094,37.7400016784668,38.599998474121094,2897000,36.48224639892578
2009-02-12,38.08000183105469,39.060001373291016,37.36000061035156,39.0099983215332,3896800,36.86977005004883
2009-02-13,38.81999969482422,40.290000915527344,38.81999969482422,39.91999816894531,4812500,37.72983169555664
2009-02-17,38.939998626708984,39.31999969482422,38.15999984741211,38.54999923706055,4227900,36.43500518798828
2009-02-18,38.869998931884766,38.869998931884766,37.209999084472656,37.779998779296875,4715100,35.70725631713867
2009-02-19,38.130001068115234,38.84000015258789,37.86000061035156,37.939998626708984,3076300,35.85847473144531
2009-02-20,37.33000183105469,37.81999969482422,36.220001220703125,37.0099983215332,4855300,34.97948455810547
2009-02-23,37.290000915527344,37.45000076293945,36.220001220703125,36.41999816894531,4248900,34.42185592651367
2009-02-24,36.869998931884766,38.11000061035156,36.650001525878906,37.91999816894531,3189800,35.83957290649414
2009-02-25,37.880001068115234,38.02000045776367,36.459999084472656,36.93000030517578,3481600,34.90390396118164
2009-02-26,37.369998931884766,37.369998931884766,35.88999938964844,36.099998474121094,6226400,34.11943054199219
2009-02-27,35.720001220703125,37.119998931884766,35.5099983215332,36.2599983215332,6766700,34.270633697509766
2009-03-02,35.709999084472656,35.75,34.689998626708984,34.900001525878906,6232500,32.98527908325195
2009-03-03,35.27000045776367,35.83000183105469,34.33000183105469,34.459999084472656,5741700,32.56938934326172
2009-03-04,34.900001525878906,36.560001373291016,34.7400016784668,36.060001373291016,3837600,34.081642150878906
2009-03-05,35.72999954223633,35.72999954223633,33.9900016784668,34.560001373291016,4557800,32.663902282714844
2009-03-06,34.40999984741211,35.130001068115234,33.31999969482422,34.15999984741211,4635000,32.285850524902344
2009-03-09,33.65999984741211,33.79999923706055,32.02000045776367,32.849998474121094,6828700,31.0477352142334
2009-03-10,33.47999954223633,34.31999969482422,33.04999923706055,33.97999954223633,6326700,32.11573028564453
2009-03-11,34.20000076293945,34.900001525878906,33.459999084472656,33.5,5723900,31.662065505981445
2009-03-12,33.43000030517578,34.220001220703125,32.56999969482422,33.849998474121094,8185100,31.99285316467285
2009-03-13,34.18000030517578,34.939998626708984,33.849998474121094,34.689998626708984,4550700,32.78676986694336
2009-03-16,35.040000915527344,35.369998931884766,34.689998626708984,34.77000045776367,5588500,32.86238479614258
2009-03-17,34.72999954223633,35.560001373291016,34.65999984741211,35.15999984741211,6394400,33.23099899291992
2009-03-18,35.0099983215332,35.31999969482422,33.77000045776367,34.09000015258789,8063600,32.21969985961914
2009-03-19,34.5,34.70000076293945,33.47999954223633,33.66999816894531,5032000,31.82272720336914
2009-03-20,33.970001220703125,34.220001220703125,33.130001068115234,33.310001373291016,3992000,31.482500076293945
2009-03-23,34.02000045776367,35.02000045776367,33.650001525878906,34.900001525878906,4985700,32.98527908325195
2009-03-24,34.439998626708984,35.150001525878906,34.2400016784668,34.560001373291016,4463700,32.663902282714844
2009-03-25,34.310001373291016,35.70000076293945,34.209999084472656,35.09000015258789,4331700,33.164825439453125
2009-03-26,35.40999984741211,36.869998931884766,35.0099983215332,36.86000061035156,7419400,34.83771896362305
2009-03-27,36.4900016784668,37.65999984741211,36.47999954223633,36.599998474121094,4322800,34.59198760986328
2009-03-30,35.9900016784668,36.130001068115234,35.130001068115234,35.900001525878906,3697300,33.930389404296875
2009-03-31,35.84000015258789,36.310001373291016,35.4900016784668,35.66999816894531,5597400,33.7130241394043
2009-04-01,35.29999923706055,35.41999816894531,33.790000915527344,34.380001068115234,6698500,32.49379348754883
2009-04-02,34.86000061035156,36.27000045776367,34.09000015258789,35.849998474121094,6132700,33.88312530517578
2009-04-03,35.810001373291016,36.20000076293945,35.36000061035156,35.529998779296875,4126000,33.580684661865234
2009-04-06,35.279998779296875,36.4900016784668,35.279998779296875,36.279998779296875,3225600,34.28954315185547
2009-04-07,35.810001373291016,36.310001373291016,35.34000015258789,35.59000015258789,2220300,33.63740158081055
2009-04-08,35.790000915527344,36.2400016784668,35.29999923706055,35.91999816894531,2054800,33.949283599853516
2009-04-09,36.040000915527344,37.16999816894531,36.040000915527344,37.13999938964844,3246400,35.10236358642578
2009-04-13,36.7400016784668,37.369998931884766,36.5099983215332,37.15999984741211,2563200,35.12127685546875
2009-04-14,36.849998474121094,37.119998931884766,36.25,36.38999938964844,3095700,34.39350509643555
2009-04-15,36.279998779296875,36.41999816894531,35.720001220703125,36.400001525878906,3808600,34.402957916259766
2009-04-16,36.36000061035156,37.47999954223633,36.279998779296875,37.15999984741211,3218100,35.12127685546875
2009-04-17,37.439998626708984,37.86000061035156,36.849998474121094,37.66999816894531,3409400,35.60328674316406
2009-04-20,37.119998931884766,37.40999984741211,36.36000061035156,36.54999923706055,3069400,34.54473876953125
2009-04-21,36.2599983215332,36.70000076293945,35.36000061035156,35.79999923706055,4314200,33.835880279541016
2009-04-22,35.68000030517578,36,34.83000183105469,35.189998626708984,5319400,33.25935363769531
2009-04-23,32.25,32.97999954223633,30.829999923706055,32.38999938964844,32610100,30.612958908081055
2009-04-24,32.58000183105469,34.2599983215332,32.16999816894531,33.150001525878906,11591300,31.33126449584961
2009-04-27,32.900001525878906,33.29999923706055,32.5,32.790000915527344,8156900,30.991029739379883
2009-04-28,32.38999938964844,34.029998779296875,32.27000045776367,33.77000045776367,8269000,31.917253494262695
2009-04-29,34.02000045776367,34.220001220703125,33.189998626708984,33.95000076293945,7792200,32.0873908996582
2009-04-30,34.369998931884766,36.15999984741211,33.970001220703125,35.08000183105469,7953300,33.1553840637207
2009-05-01,35.029998779296875,37.13999938964844,34.61000061035156,36.54999923706055,8492000,34.54473876953125
2009-05-04,36.959999084472656,37.900001525878906,36.36000061035156,37,6994600,34.97003936767578
2009-05-05,36.810001373291016,37.369998931884766,36.20000076293945,36.56999969482422,4582800,34.563629150390625
2009-05-06,36.709999084472656,37,35.31999969482422,35.58000183105469,5136000,33.62794494628906
2009-05-07,35.97999954223633,36.66999816894531,35.470001220703125,36.540000915527344,5537400,34.535282135009766
2009-05-08,36.90999984741211,37.38999938964844,36.40999984741211,36.689998626708984,4722100,34.67703628540039
2009-05-11,36.20000076293945,36.7400016784668,35.9900016784668,36.43000030517578,3016600,34.431304931640625
2009-05-12,36.72999954223633,36.9900016784668,36.220001220703125,36.95000076293945,3481400,34.922786712646484
2009-05-13,36.5099983215332,36.619998931884766,35.77000045776367,35.959999084472656,4174800,33.98711013793945
2009-05-14,35.939998626708984,36.31999969482422,35.279998779296875,35.63999938964844,3405500,33.68466567993164
2009-05-15,35.279998779296875,35.56999969482422,34.790000915527344,35.13999938964844,3241200,33.21208190917969
2009-05-18,35.029998779296875,35.630001068115234,34.630001068115234,35.470001220703125,3415700,33.52398681640625
2009-05-19,35.279998779296875,36.04999923706055,35.099998474121094,35.95000076293945,3029700,33.97764205932617
2009-05-20,36.13999938964844,36.31999969482422,35.54999923706055,35.88999938964844,5507900,33.92094421386719
2009-05-21,35.61000061035156,35.810001373291016,35.11000061035156,35.31999969482422,3497600,33.38222122192383
2009-05-22,35.33000183105469,36.689998626708984,35.29999923706055,36.2599983215332,4674700,34.270633697509766
2009-05-26,37,38.2400016784668,36.27000045776367,38.0099983215332,7192400,35.92464065551758
2009-05-27,38.060001373291016,38.83000183105469,37.599998474121094,37.970001220703125,5793100,35.8868408203125
2009-05-28,38.29999923706055,38.5,37.45000076293945,38.38999938964844,3972700,36.28378677368164
2009-05-29,38.43000030517578,39.099998474121094,37.959999084472656,38.90999984741211,5416400,36.7752571105957
2009-06-01,39.31999969482422,40.189998626708984,39.06999969482422,39.849998474121094,5569300,37.66368865966797
2009-06-02,39.869998931884766,40.349998474121094,39.45000076293945,40.08000183105469,6095000,37.88105773925781
2009-06-03,39.75,39.9900016784668,38.83000183105469,39.33000183105469,6127400,37.17220687866211
2009-06-04,39.47999954223633,39.54999923706055,38.560001373291016,39.34000015258789,5209600,37.18165588378906
2009-06-05,39.5099983215332,40.45000076293945,39.36000061035156,39.9900016784668,4367100,37.79600143432617
2009-06-08,39.650001525878906,40.0099983215332,38.93000030517578,39.65999984741211,4080100,37.48411560058594
2009-06-09,39.93000030517578,41.04999923706055,39.720001220703125,40.790000915527344,4829000,38.552101135253906
2009-06-10,40.81999969482422,41.70000076293945,40.65999984741211,41.70000076293945,6013400,39.412200927734375
2009-06-11,41.7400016784668,42.470001220703125,41.7400016784668,41.869998931884766,5010000,39.57286834716797
2009-06-12,41.540000915527344,42.0099983215332,41.290000915527344,41.790000915527344,3080000,39.497230529785156
2009-06-15,41.470001220703125,41.599998474121094,40.22999954223633,40.41999816894531,4579200,38.202415466308594
2009-06-16,40.630001068115234,41.20000076293945,39.83000183105469,40.20000076293945,5664400,37.994476318359375
2009-06-17,40.22999954223633,41.27000045776367,39.849998474121094,40.90999984741211,4620400,38.66553497314453
2009-06-18,40.900001525878906,41.439998626708984,40.75,41.09000015258789,3256500,38.83564376831055
2009-06-19,41.099998474121094,41.77000045776367,40.900001525878906,41.369998931884766,4390600,39.10029602050781
2009-06-22,41.029998779296875,41.279998779296875,39.84000015258789,39.84000015258789,3475100,37.65422058105469
2009-06-23,40.11000061035156,40.52000045776367,39.13999938964844,39.279998779296875,3766200,37.12493133544922
2009-06-24,39.619998931884766,40.560001373291016,39.34000015258789,40.27000045776367,5672800,38.06062698364258
2009-06-25,39.95000076293945,41.810001373291016,39.59000015258789,41.790000915527344,4348600,39.497230529785156
2009-06-26,41.83000183105469,42.060001373291016,41.130001068115234,41.90999984741211,4289100,39.610652923583984
2009-06-29,42.06999969482422,42.290000915527344,41,41.81999969482422,2687600,39.52560043334961
2009-06-30,41.849998474121094,41.849998474121094,40.61000061035156,40.77000045776367,3436100,38.53319549560547
2009-07-01,41.040000915527344,41.15999984741211,40.27000045776367,40.38999938964844,3918700,38.17405319213867
2009-07-02,39.869998931884766,40.290000915527344,39,39,2933600,36.860328674316406
2009-07-06,39.15999984741211,39.83000183105469,39.06999969482422,39.720001220703125,2964700,37.54082489013672
2009-07-07,39.56999969482422,39.84000015258789,38.58000183105469,38.68000030517578,2654700,36.55788040161133
2009-07-08,38.849998474121094,39.4900016784668,37.91999816894531,38.060001373291016,3720900,35.97189712524414
2009-07-09,38.310001373291016,38.689998626708984,37.810001373291016,38.130001068115234,2977600,36.03803253173828
2009-07-10,37.84000015258789,39.790000915527344,37.5,38.380001068115234,2307400,36.27433395385742
2009-07-13,38.41999816894531,39.369998931884766,38.02000045776367,39.22999954223633,3370900,37.07769012451172
2009-07-14,39.36000061035156,39.36000061035156,38.52000045776367,39.349998474121094,2767000,37.19112014770508
2009-07-15,39.650001525878906,40.209999084472656,39.5,39.97999954223633,3593600,37.78654861450195
2009-07-16,39.93000030517578,40.88999938964844,39.869998931884766,40.720001220703125,3698000,38.48594665527344
2009-07-17,40.709999084472656,40.959999084472656,40.290000915527344,40.880001068115234,2719400,38.63718032836914
2009-07-20,40.9900016784668,41.720001220703125,40.810001373291016,41.650001525878906,2777800,39.36493682861328
2009-07-21,41.90999984741211,42.2400016784668,41.290000915527344,41.630001068115234,2979700,39.34601974487305
2009-07-22,41.27000045776367,41.97999954223633,41.02000045776367,41.81999969482422,4083200,39.52560043334961
2009-07-23,44.619998931884766,46.27000045776367,43.59000015258789,43.93000030517578,15060500,41.519840240478516
2009-07-24,43.810001373291016,44.709999084472656,43.70000076293945,44.38999938964844,4453700,41.95460510253906
2009-07-27,44.54999923706055,44.81999969482422,43.75,44.31999969482422,2823200,41.88844299316406
2009-07-28,44.130001068115234,44.630001068115234,43.810001373291016,44.369998931884766,2748500,41.935707092285156
2009-07-29,44.27000045776367,45.79999923706055,44.11000061035156,45.38999938964844,5708000,42.89973068237305
2009-07-30,45.75,45.97999954223633,44.5099983215332,45.5099983215332,3745600,43.01315689086914
2009-07-31,45.279998779296875,45.97999954223633,45.13999938964844,45.279998779296875,2478900,42.7957649230957
2009-08-03,45.77000045776367,45.790000915527344,44.90999984741211,45.7400016784668,3675800,43.23052978515625
2009-08-04,45.599998474121094,45.90999984741211,45.119998931884766,45.29999923706055,2735700,42.814674377441406
2009-08-05,45.400001525878906,45.599998474121094,44.560001373291016,45.189998626708984,2507500,42.71071243286133
2009-08-06,45.27000045776367,45.5,44.290000915527344,44.68000030517578,3011500,42.228675842285156
2009-08-07,45.029998779296875,45.61000061035156,44.97999954223633,45.209999084472656,2343600,42.729618072509766
2009-08-10,45.20000076293945,45.61000061035156,44.650001525878906,45.56999969482422,2704900,43.069862365722656
2009-08-11,45.380001068115234,45.599998474121094,44.41999816894531,44.630001068115234,2859000,42.18144226074219
2009-08-12,44.5,46.209999084472656,44.31999969482422,45.869998931884766,3720900,43.3533935546875
2009-08-13,46.119998931884766,46.79999923706055,45.04999923706055,46.77000045776367,4341600,44.20403289794922
2009-08-14,46.529998779296875,46.529998779296875,44.630001068115234,45.06999969482422,4050600,42.597293853759766
2009-08-17,44.709999084472656,44.9900016784668,44.09000015258789,44.7599983215332,4207800,42.30430221557617
2009-08-18,44.7599983215332,45.150001525878906,44.439998626708984,44.90999984741211,3263400,42.446067810058594
2009-08-19,44.59000015258789,45.060001373291016,44.36000061035156,44.959999084472656,3602800,42.49333953857422
2009-08-20,45.08000183105469,45.5,44.86000061035156,45.43000030517578,2569600,42.93754577636719
2009-08-21,45.81999969482422,46.099998474121094,45.459999084472656,45.66999816894531,3568200,43.16438674926758
2009-08-24,45.97999954223633,46.04999923706055,45.27000045776367,45.34000015258789,3003600,42.85247802734375
2009-08-25,45.470001220703125,46.2400016784668,45.31999969482422,45.779998779296875,3380000,43.26834487915039
2009-08-26,45.790000915527344,46.029998779296875,45.459999084472656,45.63999938964844,2068900,43.13602066040039
2009-08-27,45.630001068115234,45.81999969482422,44.95000076293945,45.5,1914700,43.00370407104492
2009-08-28,45.689998626708984,45.83000183105469,44.900001525878906,45.45000076293945,1980000,42.95644760131836
2009-08-31,45.29999923706055,45.77000045776367,44.7400016784668,45.209999084472656,2845400,42.729618072509766
2009-09-01,44.9900016784668,45.75,44.52000045776367,44.72999954223633,2466300,42.27593994140625
2009-09-02,44.56999969482422,44.56999969482422,43.130001068115234,43.279998779296875,5641300,40.905487060546875
2009-09-03,43.52000045776367,44.5,43.52000045776367,44.470001220703125,2749100,42.03021240234375
2009-09-04,44.470001220703125,44.849998474121094,44.02000045776367,44.70000076293945,2006500,42.24760437011719
2009-09-08,44.880001068115234,45.209999084472656,44.40999984741211,44.790000915527344,1868300,42.332645416259766
2009-09-09,44.75,45.84000015258789,44.65999984741211,45.84000015258789,2388500,43.3250617980957
2009-09-10,45.90999984741211,46.619998931884766,45.61000061035156,46.54999923706055,2406900,43.99609375
2009-09-11,46.77000045776367,47.689998626708984,46.689998626708984,47.13999938964844,3662200,44.55372619628906
2009-09-14,47.04999923706055,47.7400016784668,47,47.59000015258789,2897400,44.979034423828125
2009-09-15,46.95000076293945,46.95000076293945,45.400001525878906,45.459999084472656,10014000,42.96589279174805
2009-09-16,45.650001525878906,46.04999923706055,45.099998474121094,45.63999938964844,5100800,43.13602066040039
2009-09-17,45.40999984741211,45.869998931884766,45.27000045776367,45.689998626708984,3775500,43.18327713012695
2009-09-18,45.779998779296875,45.93000030517578,44.77000045776367,44.869998931884766,7520700,42.40825271606445
2009-09-21,44.650001525878906,46.060001373291016,44.58000183105469,45.88999938964844,5930700,43.3723030090332
2009-09-22,46.060001373291016,46.34000015258789,45.93000030517578,46.06999969482422,3422900,43.54243469238281
2009-09-23,46.060001373291016,46.27000045776367,45.279998779296875,45.279998779296875,2580400,42.7957649230957
2009-09-24,45.349998474121094,45.63999938964844,44.70000076293945,44.7599983215332,2444100,42.30430221557617
2009-09-25,44.7400016784668,44.79999923706055,43.95000076293945,44,4296900,41.58598709106445
2009-09-28,44.189998626708984,44.43000030517578,43.5,44.02000045776367,5261900,41.604896545410156
2009-09-29,44,44.36000061035156,43.2400016784668,43.61000061035156,7020800,41.2173957824707
2009-09-30,43.65999984741211,43.779998779296875,42.86000061035156,43.66999816894531,7535900,41.27410888671875
2009-10-01,43.7599983215332,44.5,43.189998626708984,43.40999984741211,7543300,41.02836227416992
2009-10-02,43.08000183105469,44.38999938964844,42.88999938964844,44.20000076293945,4841000,41.775020599365234
2009-10-05,44.38999938964844,44.970001220703125,43.93000030517578,44.56999969482422,3200600,42.124725341796875
2009-10-06,44.59000015258789,45.54999923706055,44.58000183105469,45.2599983215332,2798800,42.776859283447266
2009-10-07,45.25,45.75,44.81999969482422,45.75,2537800,43.239990234375
2009-10-08,45.959999084472656,46.2599983215332,45.33000183105469,45.400001525878906,2736200,42.909202575683594
2009-10-09,45.33000183105469,45.779998779296875,45.150001525878906,45.5,2833400,43.00370407104492
2009-10-12,45.47999954223633,45.58000183105469,44.91999816894531,45.20000076293945,1764500,42.720157623291016
2009-10-13,45,45.689998626708984,45,45.630001068115234,3810200,43.12657165527344
2009-10-14,45.93000030517578,47.220001220703125,45.77000045776367,47.040000915527344,5147000,44.45920181274414
2009-10-15,46.7599983215332,47.709999084472656,46.7599983215332,47.41999816894531,3405500,44.818382263183594
2009-10-16,47.15999984741211,47.689998626708984,46.88999938964844,47.400001525878906,3152300,44.79945373535156
2009-10-19,47.25,47.93000030517578,47.02000045776367,47.650001525878906,3125800,45.03573989868164
2009-10-20,47.7599983215332,47.7599983215332,46.810001373291016,47.2400016784668,3855600,44.648223876953125
2009-10-21,47.18000030517578,48.220001220703125,47.04999923706055,47.310001373291016,6928600,44.71440505981445
2009-10-22,48.5099983215332,48.5099983215332,46.119998931884766,47.04999923706055,6224000,44.468666076660156
2009-10-23,47.25,47.880001068115234,46.91999816894531,47.65999984741211,4345000,45.045204162597656
2009-10-26,47.4900016784668,48.08000183105469,46.52000045776367,46.599998474121094,4557000,44.043357849121094
2009-10-27,46.66999816894531,46.83000183105469,45.59000015258789,45.70000076293945,4330800,43.19272232055664
2009-10-28,45.400001525878906,45.86000061035156,44.97999954223633,45.29999923706055,4736400,42.814674377441406
2009-10-29,45.439998626708984,46,45.119998931884766,45.900001525878906,2825500,43.38175964355469
2009-10-30,45.61000061035156,46.68000030517578,44.810001373291016,45,4101700,42.531131744384766
2009-11-02,45.060001373291016,45.369998931884766,44.43000030517578,44.599998474121094,2936900,42.153072357177734
2009-11-03,44.439998626708984,44.65999984741211,43.72999954223633,44.25,4473100,41.82227325439453
2009-11-04,44.310001373291016,44.689998626708984,43.97999954223633,44.060001373291016,2485800,41.64270782470703
2009-11-05,44.279998779296875,45.150001525878906,44.27000045776367,44.72999954223633,4504700,42.27593994140625
2009-11-06,44.369998931884766,45.220001220703125,44.15999984741211,44.880001068115234,3946100,42.4177131652832
2009-11-09,45.029998779296875,45.38999938964844,44.900001525878906,45.38999938964844,2590600,42.89973068237305
2009-11-10,45.16999816894531,45.400001525878906,44.709999084472656,45.119998931884766,3409600,42.64454650878906
2009-11-11,45.11000061035156,45.41999816894531,44.56999969482422,44.75,2518000,42.294857025146484
2009-11-12,44.540000915527344,45.08000183105469,44.34000015258789,44.470001220703125,3001400,42.03021240234375
2009-11-13,44.47999954223633,45.029998779296875,43.59000015258789,44.599998474121094,5486100,42.153072357177734
2009-11-16,44.79999923706055,45.810001373291016,44.65999984741211,45.5,3440600,43.00370407104492
2009-11-17,45.459999084472656,46.13999938964844,45.04999923706055,46.13999938964844,3677500,43.608585357666016
2009-11-18,46.04999923706055,46.619998931884766,45.849998474121094,46.47999954223633,3898800,43.929935455322266
2009-11-19,46.5,46.59000015258789,46.029998779296875,46.41999816894531,3208100,43.873233795166016
2009-11-20,46.33000183105469,46.650001525878906,45.959999084472656,46.560001373291016,3620600,44.00554656982422
2009-11-23,47.04999923706055,47.400001525878906,46.529998779296875,46.81999969482422,2571800,44.251277923583984
2009-11-24,46.849998474121094,47.61000061035156,46.689998626708984,47.43000030517578,3298500,44.827816009521484
2009-11-25,47.650001525878906,47.84000015258789,47.029998779296875,47.790000915527344,2515900,45.16805648803711
2009-11-27,47.04999923706055,47.810001373291016,46.81999969482422,47.47999954223633,1594300,44.87508773803711
2009-11-30,48.16999816894531,48.220001220703125,46.7400016784668,47.22999954223633,3304100,44.6387825012207
2009-12-01,47.61000061035156,48.130001068115234,47.22999954223633,47.88999938964844,3873800,45.2625617980957
2009-12-02,47.97999954223633,48.459999084472656,47.869998931884766,48.060001373291016,2149800,45.42325210571289
2009-12-03,48,48.470001220703125,47.81999969482422,47.81999969482422,2972400,45.19640350341797
2009-12-04,48.150001525878906,48.95000076293945,47.93000030517578,48.380001068115234,2659700,45.72570037841797
2009-12-07,48.439998626708984,48.84000015258789,48.380001068115234,48.630001068115234,2666900,45.96198272705078
2009-12-08,48.459999084472656,48.650001525878906,47.83000183105469,48.0099983215332,3388000,45.37598419189453
2009-12-09,48,48.220001220703125,47.349998474121094,47.93000030517578,2927900,45.30038833618164
2009-12-10,48.15999984741211,48.81999969482422,47.97999954223633,48.47999954223633,2154300,45.82021713256836
2009-12-11,48.540000915527344,48.90999984741211,47.81999969482422,48.20000076293945,2545800,45.555580139160156
2009-12-14,48.75,49.02000045776367,48.2400016784668,49,2197500,46.31167221069336
2009-12-15,49.060001373291016,49.18000030517578,48.75,49.0099983215332,3191500,46.32112121582031
2009-12-16,49.31999969482422,49.70000076293945,48.88999938964844,48.95000076293945,2763100,46.26441192626953
2009-12-17,48.619998931884766,48.880001068115234,48.5,48.529998779296875,2895200,45.86745071411133
2009-12-18,48.7599983215332,48.880001068115234,47.81999969482422,48.310001373291016,3068700,45.659549713134766
2009-12-21,48.630001068115234,48.9900016784668,48.119998931884766,48.54999923706055,2350900,45.886375427246094
2009-12-22,48.529998779296875,49.08000183105469,48.36000061035156,49.029998779296875,1656900,46.34003829956055
2009-12-23,49,49.380001068115234,48.90999984741211,48.959999084472656,1337200,46.27387237548828
2009-12-24,48.91999816894531,49.20000076293945,48.65999984741211,48.790000915527344,499200,46.113197326660156
2009-12-28,48.97999954223633,49,48.310001373291016,48.54999923706055,2751100,45.886375427246094
2009-12-29,48.540000915527344,48.7400016784668,48.34000015258789,48.65999984741211,2358200,45.99032974243164
2009-12-30,48.40999984741211,48.52000045776367,47.86000061035156,48.04999923706055,2223000,45.41379165649414
2009-12-31,48,48.33000183105469,47.619998931884766,47.689998626708984,1578800,45.073543548583984
2010-01-04,48.029998779296875,48.029998779296875,47.45000076293945,47.5,7182800,44.893959045410156
2010-01-05,47.61000061035156,47.75,47.25,47.65999984741211,3221900,45.045204162597656
2010-01-06,47.779998779296875,48.439998626708984,47.619998931884766,48.11000061035156,3065000,45.47052001953125
2010-01-07,48.119998931884766,48.20000076293945,47.7599983215332,48.11000061035156,2638300,45.47052001953125
2010-01-08,48.119998931884766,48.91999816894531,47.880001068115234,48.91999816894531,3162200,46.236045837402344
2010-01-11,49.369998931884766,49.66999816894531,49,49.5,2844500,46.784244537353516
2010-01-12,49.380001068115234,49.380001068115234,48.439998626708984,48.68000030517578,3253600,46.00923538208008
2010-01-13,48.66999816894531,48.970001220703125,48.11000061035156,48.70000076293945,2890300,46.02814483642578
2010-01-14,48.779998779296875,48.88999938964844,48.27000045776367,48.41999816894531,1885800,45.76350784301758
2010-01-15,48.400001525878906,48.40999984741211,47.349998474121094,47.75,5187800,45.130252838134766
2010-01-19,47.97999954223633,48.9900016784668,47.779998779296875,48.970001220703125,3991200,46.283329010009766
2010-01-20,48.90999984741211,49.349998474121094,48.20000076293945,48.77000045776367,3862800,46.09429931640625
2010-01-21,48.689998626708984,49.18000030517578,47.66999816894531,47.77000045776367,3014100,45.14916229248047
2010-01-22,47.70000076293945,47.939998626708984,47.029998779296875,47.040000915527344,3904300,44.45920181274414
2010-01-25,47.34000015258789,47.63999938964844,47.040000915527344,47.099998474121094,2463700,44.51590347290039
2010-01-26,46.90999984741211,46.90999984741211,46.22999954223633,46.4900016784668,3662600,43.93937301635742
2010-01-27,46.310001373291016,46.58000183105469,46.02000045776367,46.459999084472656,2210900,43.91102600097656
2010-01-28,46.70000076293945,47.130001068115234,46.220001220703125,46.29999923706055,2608200,43.75980758666992
2010-01-29,46.66999816894531,46.900001525878906,46.13999938964844,46.150001525878906,3009300,43.61803436279297
2010-02-01,46.11000061035156,46.959999084472656,46,46.91999816894531,4060200,44.34580612182617
2010-02-02,46.95000076293945,47.70000076293945,46.72999954223633,47.599998474121094,3995200,44.98848342895508
2010-02-03,49.5,49.689998626708984,48.15999984741211,48.40999984741211,6484600,45.7540397644043
2010-02-04,48.16999816894531,48.18000030517578,47.220001220703125,47.2599983215332,4231600,44.6671257019043
2010-02-05,47.150001525878906,47.27000045776367,46.029998779296875,47,3827100,44.42139434814453
2010-02-08,46.95000076293945,47.31999969482422,46.61000061035156,46.790000915527344,2665600,44.222930908203125
2010-02-09,47.08000183105469,47.95000076293945,47.029998779296875,47.68000030517578,3085700,45.06411361694336
2010-02-10,47.52000045776367,47.779998779296875,46.939998626708984,47.130001068115234,2423500,44.544288635253906
2010-02-11,46.959999084472656,47.47999954223633,46.709999084472656,47.310001373291016,2252200,44.71440505981445
2010-02-12,47.02000045776367,47.29999923706055,46.54999923706055,47.2599983215332,2118400,44.6671257019043
2010-02-16,47.5099983215332,48.209999084472656,47.31999969482422,48.209999084472656,1675400,45.56501007080078
2010-02-17,48.209999084472656,48.86000061035156,48.16999816894531,48.709999084472656,2265000,46.03760528564453
2010-02-18,48.79999923706055,49.52000045776367,48.54999923706055,49.31999969482422,2822200,46.61412811279297
2010-02-19,49.130001068115234,49.4900016784668,48.90999984741211,49.220001220703125,2012100,46.519615173339844
2010-02-22,49.400001525878906,49.56999969482422,45.369998931884766,48.099998474121094,19134000,45.46106719970703
2010-02-23,47.779998779296875,49.939998626708984,47.7599983215332,49.66999816894531,14686100,46.94492721557617
2010-02-24,49.45000076293945,49.58000183105469,48.040000915527344,48.38999938964844,6836100,45.73515319824219
2010-02-25,48,49.33000183105469,47.560001373291016,49.279998779296875,9253500,46.57630920410156
2010-02-26,49.06999969482422,49.189998626708984,48.2400016784668,48.77000045776367,3933300,46.09429931640625
2010-03-01,48.849998474121094,49.25,48.27000045776367,48.650001525878906,6794500,45.98088455200195
2010-03-02,48.84000015258789,49.61000061035156,48.7400016784668,49.41999816894531,2516300,46.708656311035156
2010-03-03,49.41999816894531,49.470001220703125,48.88999938964844,49.13999938964844,2729100,46.44397735595703
2010-03-04,49.25,49.5,48.5099983215332,48.619998931884766,2123000,45.95253372192383
2010-03-05,48.709999084472656,49.720001220703125,48.630001068115234,49.4900016784668,2717800,46.77479553222656
2010-03-08,49.33000183105469,50.189998626708984,49.16999816894531,49.93000030517578,3576100,47.190670013427734
2010-03-09,49.84000015258789,50.68000030517578,49.66999816894531,50.22999954223633,4539900,47.47420120239258
2010-03-10,50.13999938964844,50.54999923706055,49.939998626708984,50.40999984741211,2009100,47.644290924072266
2010-03-11,50.400001525878906,50.849998474121094,50.13999938964844,50.84000015258789,2943400,48.05072784423828
2010-03-12,50.849998474121094,50.849998474121094,49.939998626708984,50.15999984741211,2942300,47.40802001953125
2010-03-15,50.11000061035156,50.25,49.47999954223633,49.939998626708984,3025100,47.200111389160156
2010-03-16,50.04999923706055,50.04999923706055,49.369998931884766,49.5099983215332,3209300,46.79368591308594
2010-03-17,49.459999084472656,50.130001068115234,49.459999084472656,49.970001220703125,3604000,47.22846984863281
2010-03-18,49.9900016784668,50.25,49.63999938964844,49.86000061035156,2150700,47.124488830566406
2010-03-19,49.880001068115234,50.189998626708984,49.560001373291016,49.880001068115234,3047900,47.14339065551758
2010-03-22,49.849998474121094,50.880001068115234,49.560001373291016,50.79999923706055,2178900,48.0129280090332
2010-03-23,50.81999969482422,50.970001220703125,50.150001525878906,50.849998474121094,3674000,48.060176849365234
2010-03-24,50.849998474121094,50.849998474121094,50.380001068115234,50.72999954223633,2422800,47.946773529052734
2010-03-25,50.939998626708984,51.33000183105469,50.349998474121094,50.400001525878906,3069700,47.63486862182617
2010-03-26,50.560001373291016,50.560001373291016,49.709999084472656,50.0099983215332,3334200,47.266258239746094
2010-03-29,50.18000030517578,50.5099983215332,49.90999984741211,50.5099983215332,2748000,47.73884582519531
2010-03-30,50.540000915527344,52.38999938964844,50.400001525878906,51.65999984741211,5520600,48.825740814208984
2010-03-31,51.439998626708984,51.58000183105469,51.189998626708984,51.439998626708984,3290600,48.61780548095703
2010-04-01,51.58000183105469,52.939998626708984,51.349998474121094,51.77000045776367,2263300,48.929718017578125
2010-04-05,51.810001373291016,52.15999984741211,51.630001068115234,51.869998931884766,1344400,49.02422332763672
2010-04-06,51.61000061035156,51.849998474121094,51.43000030517578,51.70000076293945,1609300,48.86353302001953
2010-04-07,51.849998474121094,51.849998474121094,51.29999923706055,51.58000183105469,3202300,48.750144958496094
2010-04-08,51.41999816894531,51.459999084472656,50.869998931884766,51.43000030517578,2374900,48.608375549316406
2010-04-09,51.400001525878906,52.279998779296875,51.2400016784668,52.279998779296875,1707700,49.411720275878906
2010-04-12,52.380001068115234,52.400001525878906,51.869998931884766,52.13999938964844,1781900,49.27939987182617
2010-04-13,51.93000030517578,52.40999984741211,51.5099983215332,52.310001373291016,2304300,49.44008255004883
2010-04-14,52.18000030517578,53.70000076293945,51.65999984741211,53.68000030517578,4624000,50.734928131103516
2010-04-15,53.5,54.150001525878906,53.130001068115234,54.130001068115234,3538200,51.16022872924805
2010-04-16,53.97999954223633,53.97999954223633,52.65999984741211,53.2599983215332,4421800,50.33794403076172
2010-04-19,53.25,53.54999923706055,52.810001373291016,53.40999984741211,2104100,50.479736328125
2010-04-20,53.81999969482422,54.939998626708984,53.810001373291016,54.20000076293945,6347100,51.22639083862305
2010-04-21,54.13999938964844,54.54999923706055,53.13999938964844,53.560001373291016,5319600,50.621490478515625
2010-04-22,53.470001220703125,53.47999954223633,52.560001373291016,53.41999816894531,3612100,50.48919677734375
2010-04-23,53.40999984741211,53.7400016784668,53.150001525878906,53.70000076293945,2878300,50.753807067871094
2010-04-26,54.869998931884766,55,53.83000183105469,54.0099983215332,3729100,51.04681396484375
2010-04-27,53.61000061035156,55,53.59000015258789,53.68000030517578,6172300,50.734928131103516
2010-04-28,57.029998779296875,57.400001525878906,54.81999969482422,55.93000030517578,8831700,52.86146926879883
2010-04-29,56.11000061035156,56.779998779296875,55.38999938964844,55.939998626708984,5349400,52.87092208862305
2010-04-30,56.060001373291016,56.5,55.22999954223633,55.279998779296875,2815000,52.24713134765625
2010-05-03,55.5,55.52000045776367,54.689998626708984,55.47999954223633,3013300,52.4361457824707
2010-05-04,55.0099983215332,55.0099983215332,53.70000076293945,54.4900016784668,5289500,51.5004768371582
2010-05-05,54.08000183105469,54.88999938964844,53.93000030517578,54.83000183105469,4516400,51.821815490722656
2010-05-06,54.7400016784668,54.849998474121094,49.040000915527344,53.33000183105469,4577700,50.40412521362305
2010-05-07,52.95000076293945,53.20000076293945,51.0099983215332,51.40999984741211,5718200,48.589454650878906
2010-05-10,52.400001525878906,54.34000015258789,52.400001525878906,54.20000076293945,4748800,51.22639083862305
2010-05-11,53.72999954223633,54.189998626708984,53.2400016784668,53.75,4347500,50.80105972290039
2010-05-12,53.7599983215332,55.060001373291016,53.61000061035156,54.849998474121094,3486700,51.840728759765625
2010-05-13,54.59000015258789,54.869998931884766,53.61000061035156,53.7599983215332,2670500,50.81051254272461
2010-05-14,53.75,54.13999938964844,52,52.5099983215332,4452500,49.62910079956055
2010-05-17,52.70000076293945,53.150001525878906,51.9900016784668,52.810001373291016,3636700,49.912654876708984
2010-05-18,53.290000915527344,53.619998931884766,52.119998931884766,52.38999938964844,2649800,49.515689849853516
2010-05-19,52,52.68000030517578,51.380001068115234,51.810001373291016,2730400,48.967506408691406
2010-05-20,51.150001525878906,51.2400016784668,49.81999969482422,49.83000183105469,4383100,47.096134185791016
2010-05-21,49.27000045776367,51.11000061035156,49.13999938964844,50.86000061035156,5260200,48.06963348388672
2010-05-24,50.72999954223633,51.66999816894531,50.18000030517578,50.970001220703125,3740400,48.17360305786133
2010-05-25,49.93000030517578,50.720001220703125,49.65999984741211,50.66999816894531,5706700,47.890052795410156
2010-05-26,50.779998779296875,51.630001068115234,50.68000030517578,50.91999816894531,3559100,48.12633514404297
2010-05-27,51.81999969482422,52.72999954223633,51.709999084472656,52.72999954223633,3932600,49.8370475769043
2010-05-28,52.61000061035156,52.709999084472656,51.540000915527344,52.060001373291016,3083000,49.20381164550781
2010-06-01,51.56999969482422,51.93000030517578,50.93000030517578,50.939998626708984,2709600,48.14524459838867
2010-06-02,51.02000045776367,51.91999816894531,50.15999984741211,51.91999816894531,3801300,49.071468353271484
2010-06-03,52.150001525878906,52.45000076293945,51.790000915527344,52.119998931884766,1900000,49.260498046875
2010-06-04,51.209999084472656,51.31999969482422,49.369998931884766,49.529998779296875,4664300,46.812599182128906
2010-06-07,49.83000183105469,50.439998626708984,49.5,49.720001220703125,3837400,46.9921760559082
2010-06-08,49.4900016784668,50.290000915527344,48.970001220703125,49.59000015258789,3954000,46.86930465698242
2010-06-09,49.900001525878906,50.599998474121094,49.56999969482422,49.720001220703125,5821500,46.9921760559082
2010-06-10,50.560001373291016,51.790000915527344,50.310001373291016,51.720001220703125,3304200,48.88243865966797
2010-06-11,51.20000076293945,51.97999954223633,51,51.95000076293945,2156300,49.09983825683594
2010-06-14,52.16999816894531,52.7599983215332,52.13999938964844,52.15999984741211,2106800,49.29828643798828
2010-06-15,52.59000015258789,53.47999954223633,52.54999923706055,53.47999954223633,3759200,50.54589080810547
2010-06-16,53.029998779296875,53.68000030517578,52.68000030517578,53.43000030517578,2230800,50.49864196777344
2010-06-17,53.33000183105469,53.560001373291016,52.650001525878906,53.439998626708984,2090500,50.50808334350586
2010-06-18,53.47999954223633,53.86000061035156,53.33000183105469,53.65999984741211,2485400,50.71602249145508
2010-06-21,54.099998474121094,54.869998931884766,53.369998931884766,53.630001068115234,2496800,50.68766403198242
2010-06-22,53.79999923706055,53.88999938964844,52.33000183105469,52.40999984741211,2271800,49.534584045410156
2010-06-23,52.380001068115234,52.689998626708984,51.81999969482422,52.349998474121094,2085300,49.47788619995117
2010-06-24,52.099998474121094,52.2599983215332,50.7599983215332,50.970001220703125,4061500,48.17360305786133
2010-06-25,51.06999969482422,51.439998626708984,50.72999954223633,50.900001525878906,4181700,48.10743713378906
2010-06-28,51.150001525878906,51.380001068115234,50.439998626708984,51.04999923706055,2795200,48.24921798706055
2010-06-29,50.29999923706055,50.619998931884766,49.08000183105469,49.75,4913500,47.020530700683594
2010-06-30,49.58000183105469,50.11000061035156,48.970001220703125,49.04999923706055,6938200,46.35893630981445
2010-07-01,49.04999923706055,49.04999923706055,47.25,48.15999984741211,5789300,45.51777267456055
2010-07-02,48.22999954223633,48.349998474121094,47.209999084472656,47.58000183105469,3506900,44.9695930480957
2010-07-06,48.16999816894531,49.439998626708984,48.06999969482422,48.970001220703125,4473200,46.283329010009766
2010-07-07,48.939998626708984,48.939998626708984,47.400001525878906,48.63999938964844,6164700,45.97144317626953
2010-07-08,48.869998931884766,49.25,48.56999969482422,48.880001068115234,4846400,46.198265075683594
2010-07-09,49.0099983215332,49.45000076293945,48.83000183105469,49.279998779296875,3241900,46.57630920410156
2010-07-12,49.04999923706055,49.13999938964844,48.0099983215332,48.220001220703125,5552800,45.57448196411133
2010-07-13,48.52000045776367,49.779998779296875,48.27000045776367,49.540000915527344,4657900,46.82204818725586
2010-07-14,49.439998626708984,50.13999938964844,49.060001373291016,49.7400016784668,3788800,47.0110969543457
2010-07-15,49.68000030517578,50.279998779296875,49.279998779296875,50.15999984741211,3486600,47.40802001953125
2010-07-16,49.66999816894531,50.040000915527344,48.95000076293945,49.060001373291016,3323700,46.3683967590332
2010-07-19,49.33000183105469,49.540000915527344,48.939998626708984,49.06999969482422,1985400,46.377838134765625
2010-07-20,48.5,49.459999084472656,48.13999938964844,49.45000076293945,2196400,46.73699951171875
2010-07-21,49.650001525878906,49.68000030517578,48.36000061035156,48.709999084472656,2494400,46.03760528564453
2010-07-22,49.130001068115234,50.439998626708984,49.11000061035156,50.380001068115234,3220500,47.615966796875
2010-07-23,50.22999954223633,51.29999923706055,50.09000015258789,51.09000015258789,4562900,48.28700637817383
2010-07-26,50.939998626708984,51.36000061035156,50.4900016784668,50.9900016784668,4479900,48.1925048828125
2010-07-27,48.7400016784668,48.7599983215332,45.95000076293945,46.16999816894531,19242700,43.63694381713867
2010-07-28,46.369998931884766,46.709999084472656,45.83000183105469,46,8067700,43.47625732421875
2010-07-29,46.119998931884766,46.220001220703125,44.84000015258789,44.970001220703125,9162700,42.50278091430664
2010-07-30,44.66999816894531,45.25,44.560001373291016,44.86000061035156,7800100,42.39881896972656
2010-08-02,45.38999938964844,45.72999954223633,44.880001068115234,45.0099983215332,9136600,42.54058837890625
2010-08-03,44.93000030517578,45.08000183105469,44.25,44.54999923706055,8399000,42.105812072753906
2010-08-04,44.540000915527344,45.790000915527344,44.529998779296875,45.459999084472656,6017900,42.96589279174805
2010-08-05,45.13999938964844,45.38999938964844,44.880001068115234,44.9900016784668,4336400,42.521671295166016
2010-08-06,44.79999923706055,45.84000015258789,44.61000061035156,45.77000045776367,3562500,43.25889205932617
2010-08-09,45.849998474121094,46.18000030517578,45.40999984741211,46,2857000,43.47625732421875
2010-08-10,45.59000015258789,46.20000076293945,45.43000030517578,45.84000015258789,3685900,43.3250617980957
2010-08-11,45.34000015258789,45.380001068115234,44.79999923706055,45.040000915527344,4728300,42.568946838378906
2010-08-12,44.380001068115234,44.93000030517578,44.380001068115234,44.5,3545300,42.05857467651367
2010-08-13,44.310001373291016,44.720001220703125,44.13999938964844,44.29999923706055,2219500,41.86954116821289
2010-08-16,44.0099983215332,44.4900016784668,43.79999923706055,44.2599983215332,2227600,41.831729888916016
2010-08-17,44.70000076293945,45.79999923706055,44.63999938964844,45.52000045776367,3584900,43.02260971069336
2010-08-18,45.13999938964844,45.630001068115234,44.900001525878906,45.16999816894531,2603500,42.6917839050293
2010-08-19,45,45.279998779296875,44.119998931884766,44.349998474121094,2723800,41.91679382324219
2010-08-20,44.06999969482422,44.36000061035156,43.810001373291016,44.20000076293945,2615700,41.775020599365234
2010-08-23,44.349998474121094,44.52000045776367,43.95000076293945,44.02000045776367,2437900,41.604896545410156
2010-08-24,43.529998779296875,43.83000183105469,42.59000015258789,42.650001525878906,5360200,40.310062408447266
2010-08-25,42.52000045776367,43.529998779296875,42.11000061035156,43.34000015258789,4556700,40.96221160888672
2010-08-26,43.540000915527344,43.97999954223633,42.79999923706055,42.880001068115234,3141800,40.5274543762207
2010-08-27,43.029998779296875,43.25,42.66999816894531,43.18000030517578,4314100,40.81100082397461
2010-08-30,43.20000076293945,43.279998779296875,42.349998474121094,42.349998474121094,2300400,40.02653503417969
2010-08-31,42.220001220703125,42.380001068115234,41.7400016784668,42.119998931884766,3834800,39.80913543701172
2010-09-01,42.7599983215332,44.0099983215332,42.70000076293945,43.869998931884766,2798200,41.46312713623047
2010-09-02,43.880001068115234,44.25,43.66999816894531,44.209999084472656,2216100,41.784481048583984
2010-09-03,44.61000061035156,45.2400016784668,44.61000061035156,45.189998626708984,2708000,42.71071243286133
2010-09-07,45.040000915527344,45.15999984741211,44.599998474121094,44.650001525878906,2071100,42.200340270996094
2010-09-08,44.599998474121094,44.72999954223633,44.40999984741211,44.52000045776367,2752900,42.077476501464844
2010-09-09,45.15999984741211,46.02000045776367,45.15999984741211,45.790000915527344,3473500,43.27781677246094
2010-09-10,45.97999954223633,46.380001068115234,45.65999984741211,45.880001068115234,2377100,43.36285400390625
2010-09-13,46.18000030517578,46.7400016784668,45.959999084472656,46.70000076293945,2839400,44.13786315917969
2010-09-14,46.79999923706055,47.91999816894531,46.400001525878906,46.880001068115234,3393400,44.307987213134766
2010-09-15,46.84000015258789,47.09000015258789,46.5,46.9900016784668,2638100,44.411956787109375
2010-09-16,46.66999816894531,47.20000076293945,46.66999816894531,47.029998779296875,2502700,44.44974899291992
2010-09-17,47.400001525878906,47.72999954223633,47.119998931884766,47.310001373291016,3448200,44.71440505981445
2010-09-20,47.4900016784668,47.880001068115234,47.130001068115234,47.59000015258789,2474500,44.979034423828125
2010-09-21,47.06999969482422,48.08000183105469,46.68000030517578,47.91999816894531,3251600,45.290924072265625
2010-09-22,48,48.7400016784668,47.970001220703125,48.150001525878906,2499400,45.50830841064453
2010-09-23,47.790000915527344,48.470001220703125,47.709999084472656,47.81999969482422,3091000,45.19640350341797
2010-09-24,48.34000015258789,48.619998931884766,47.849998474121094,47.900001525878906,3900000,45.272029876708984
2010-09-27,48.08000183105469,48.220001220703125,47.54999923706055,47.720001220703125,2758700,45.10190200805664
2010-09-28,47.869998931884766,48.290000915527344,47.5,48.18000030517578,2746100,45.536678314208984
2010-09-29,47.93000030517578,48.209999084472656,47.689998626708984,47.849998474121094,2337500,45.22478103637695
2010-09-30,48.20000076293945,48.900001525878906,47.849998474121094,47.880001068115234,2562600,45.25312042236328
2010-10-01,48.15999984741211,48.43000030517578,47.43000030517578,47.81999969482422,1927000,45.19640350341797
2010-10-04,47.56999969482422,47.88999938964844,47.16999816894531,47.380001068115234,2637500,44.78057098388672
2010-10-05,47.88999938964844,48.5099983215332,47.88999938964844,48.400001525878906,3191700,45.7446174621582
2010-10-06,48.27000045776367,48.4900016784668,47.689998626708984,47.91999816894531,1795100,45.290924072265625
2010-10-07,48.20000076293945,48.349998474121094,47.54999923706055,47.599998474121094,2164300,44.98848342895508
2010-10-08,47.61000061035156,47.91999816894531,47.20000076293945,47.459999084472656,2748300,44.856170654296875
2010-10-11,47.380001068115234,47.900001525878906,47.380001068115234,47.59000015258789,2322600,44.979034423828125
2010-10-12,47.59000015258789,48.7599983215332,47.27000045776367,48.459999084472656,3965000,45.80129623413086
2010-10-13,48.779998779296875,49.4900016784668,48.54999923706055,49.36000061035156,3997800,46.65193176269531
2010-10-14,49.18000030517578,49.380001068115234,48.02000045776367,48.31999969482422,3647900,45.66898727416992
2010-10-15,48.88999938964844,48.97999954223633,48.08000183105469,48.790000915527344,2776300,46.113197326660156
2010-10-18,48.869998931884766,49.4900016784668,48.790000915527344,49.4900016784668,2356300,46.77479553222656
2010-10-19,48.029998779296875,48.849998474121094,47.790000915527344,47.91999816894531,4209700,45.290924072265625
2010-10-20,48.09000015258789,49.220001220703125,48.09000015258789,48.86000061035156,2500600,46.17938232421875
2010-10-21,49.040000915527344,50.560001373291016,48.880001068115234,49.68000030517578,4216400,46.95436477661133
2010-10-22,49.66999816894531,49.7599983215332,49.29999923706055,49.65999984741211,1836400,46.93547439575195
2010-10-25,50.040000915527344,50.720001220703125,49.959999084472656,50.22999954223633,1939700,47.47420120239258
2010-10-26,50.08000183105469,50.34000015258789,49.52000045776367,50.31999969482422,2858500,47.55926513671875
2010-10-27,51.290000915527344,52.08000183105469,50.650001525878906,51.310001373291016,6863200,48.494937896728516
2010-10-28,51.790000915527344,52.040000915527344,50.5099983215332,50.97999954223633,3243900,48.183048248291016
2010-10-29,50.869998931884766,51.5,50.810001373291016,51.41999816894531,3111200,48.59890365600586
2010-11-01,51.58000183105469,51.880001068115234,51.0099983215332,51.56999969482422,3078200,48.74067687988281
2010-11-02,52,52,51.220001220703125,51.459999084472656,2611900,48.6367073059082
2010-11-03,51.5,52.099998474121094,51.43000030517578,52.029998779296875,3466700,49.175445556640625
2010-11-04,52.61000061035156,52.91999816894531,52.25,52.880001068115234,2469500,49.97880554199219
2010-11-05,52.77000045776367,53.04999923706055,52.09000015258789,52.380001068115234,2978700,49.506248474121094
2010-11-08,52.2599983215332,52.290000915527344,51.810001373291016,51.959999084472656,1938500,49.109275817871094
2010-11-09,52.0099983215332,52.209999084472656,51.18000030517578,51.400001525878906,2786200,48.580013275146484
2010-11-10,51.5,52.40999984741211,51.0099983215332,52.36000061035156,3760700,49.48734664916992
2010-11-11,51.86000061035156,52.58000183105469,51.650001525878906,52.58000183105469,1918100,49.695274353027344
2010-11-12,52.06999969482422,52.66999816894531,51.689998626708984,52.20000076293945,2259700,49.336124420166016
2010-11-15,52.27000045776367,52.279998779296875,51.290000915527344,51.349998474121094,2554300,48.53274154663086
2010-11-16,50.9900016784668,51.15999984741211,50.09000015258789,50.27000045776367,3545500,47.512001037597656
2010-11-17,50.38999938964844,50.970001220703125,50.25,50.47999954223633,2058000,47.710487365722656
2010-11-18,50.869998931884766,51.63999938964844,50.81999969482422,51.25,2233200,48.438228607177734
2010-11-19,51.380001068115234,51.540000915527344,51.0099983215332,51.20000076293945,2924200,48.390960693359375
2010-11-22,50.83000183105469,51.59000015258789,50.720001220703125,51.529998779296875,1902700,48.7028694152832
2010-11-23,51.119998931884766,51.2599983215332,50.43000030517578,50.689998626708984,2022800,47.908958435058594
2010-11-24,50.9900016784668,51.869998931884766,50.9900016784668,51.7599983215332,1932300,48.92024612426758
2010-11-26,51.439998626708984,51.779998779296875,51.189998626708984,51.470001220703125,905600,48.646156311035156
2010-11-29,51.099998474121094,51.189998626708984,49.90999984741211,51.08000183105469,2282600,48.27756881713867
2010-11-30,50.54999923706055,51.400001525878906,50.540000915527344,50.86000061035156,3432500,48.06963348388672
2010-12-01,51.63999938964844,51.95000076293945,51.349998474121094,51.54999923706055,2867600,48.72176742553711
2010-12-02,51.52000045776367,52.61000061035156,51.380001068115234,52.5,2093400,49.619659423828125
2010-12-03,52.220001220703125,52.880001068115234,52.04999923706055,52.849998474121094,2322800,49.95046615600586
2010-12-06,52.70000076293945,52.75,52.209999084472656,52.41999816894531,1531000,49.54404830932617
2010-12-07,52.81999969482422,52.939998626708984,52.22999954223633,52.33000183105469,1776500,49.45897674560547
2010-12-08,52.33000183105469,52.5,51.77000045776367,52.099998474121094,1538500,49.241607666015625
2010-12-09,52.22999954223633,52.27000045776367,51.5,52.029998779296875,3021700,49.175445556640625
2010-12-10,52.560001373291016,53.29999923706055,52.09000015258789,53.040000915527344,2373700,50.130035400390625
2010-12-13,54.970001220703125,55.720001220703125,54.310001373291016,55.560001373291016,8186900,52.51177978515625
2010-12-14,55.91999816894531,56.25,55.060001373291016,55.11000061035156,3314100,52.08647155761719
2010-12-15,54.709999084472656,56.209999084472656,54.16999816894531,55.369998931884766,4156100,52.33219909667969
2010-12-16,55.349998474121094,55.43000030517578,54.83000183105469,55.369998931884766,2738400,52.33219909667969
2010-12-17,55.290000915527344,55.880001068115234,54.75,55.779998779296875,3858500,52.71969985961914
2010-12-20,55.650001525878906,55.7400016784668,55.099998474121094,55.540000915527344,2959100,52.49285888671875
2010-12-21,55.599998474121094,55.75,55.310001373291016,55.529998779296875,1130500,52.483428955078125
2010-12-22,55.470001220703125,55.650001525878906,55.310001373291016,55.540000915527344,1326500,52.49285888671875
2010-12-23,55.290000915527344,55.790000915527344,55.290000915527344,55.77000045776367,1271700,52.710262298583984
2010-12-27,55.689998626708984,56.119998931884766,55.22999954223633,55.81999969482422,971900,52.757511138916016
2010-12-28,55.86000061035156,55.900001525878906,55.189998626708984,55.189998626708984,1721900,52.162071228027344
2010-12-29,55.369998931884766,56,55.13999938964844,55.7400016784668,1377600,52.68189239501953
2010-12-30,55.52000045776367,55.790000915527344,55.349998474121094,55.66999816894531,1055100,52.61573028564453
2010-12-31,55.619998931884766,55.630001068115234,55.25,55.36000061035156,901600,52.32273864746094
2011-01-03,55.63999938964844,56.529998779296875,55.56999969482422,56.459999084472656,2416400,53.362396240234375
2011-01-04,56.5099983215332,56.790000915527344,56.209999084472656,56.720001220703125,3109100,53.608123779296875
2011-01-05,56.40999984741211,56.619998931884766,56.06999969482422,56.52000045776367,2665400,53.419090270996094
2011-01-06,56.720001220703125,56.79999923706055,56.34000015258789,56.58000183105469,2355100,53.475807189941406
2011-01-07,56.5,56.58000183105469,56,56.369998931884766,1599900,53.27732849121094
2011-01-10,56.0099983215332,56.630001068115234,55.83000183105469,56.13999938964844,1882700,53.05995178222656
2011-01-11,56.45000076293945,56.86000061035156,55.95000076293945,56.060001373291016,2374100,52.984344482421875
2011-01-12,56.47999954223633,56.91999816894531,56.290000915527344,56.63999938964844,2130000,53.53252410888672
2011-01-13,56.58000183105469,56.84000015258789,56.279998779296875,56.540000915527344,1689100,53.43799591064453
2011-01-14,56.310001373291016,56.68000030517578,55.869998931884766,56.650001525878906,2409800,53.54197311401367
2011-01-18,56.529998779296875,57.04999923706055,56.529998779296875,56.83000183105469,3021500,53.71210479736328
2011-01-19,56.61000061035156,56.75,55.720001220703125,56.08000183105469,2214400,53.003238677978516
2011-01-20,55.709999084472656,55.95000076293945,54.79999923706055,55.290000915527344,3452400,52.2565803527832
2011-01-21,55.70000076293945,56.099998474121094,55.38999938964844,55.5099983215332,2068700,52.46451950073242
2011-01-24,55.66999816894531,56.709999084472656,55.58000183105469,56.2400016784668,2031000,53.154476165771484
2011-01-25,56.220001220703125,57.099998474121094,56.09000015258789,56.90999984741211,2456300,53.787696838378906
2011-01-26,57.040000915527344,57.72999954223633,56.869998931884766,57.56999969482422,3228000,54.41150665283203
2011-01-27,57.630001068115234,57.95000076293945,57.41999816894531,57.849998474121094,2320200,54.67612075805664
2011-01-28,57.77000045776367,58.09000015258789,56.72999954223633,57.0099983215332,2879400,53.8822135925293
2011-01-31,56.79999923706055,57.31999969482422,56.630001068115234,57.27000045776367,1992500,54.12797164916992
2011-02-01,57.5099983215332,58.15999984741211,56.90999984741211,57.40999984741211,3800100,54.26028823852539
2011-02-02,56.4900016784668,56.90999984741211,55.77000045776367,56.060001373291016,4129000,52.984344482421875
2011-02-03,55.83000183105469,56.22999954223633,55.22999954223633,55.91999816894531,2597400,52.852027893066406
2011-02-04,56.08000183105469,56.18000030517578,55.20000076293945,55.959999084472656,2734700,52.88983154296875
2011-02-07,56.09000015258789,56.16999816894531,55.349998474121094,56.029998779296875,2866500,52.95598220825195
2011-02-08,55.91999816894531,56.130001068115234,55.5,55.880001068115234,2342000,52.814231872558594
2011-02-09,55.81999969482422,56.959999084472656,55.81999969482422,56.95000076293945,3114400,53.82551193237305
2011-02-10,56.81999969482422,57.13999938964844,56.720001220703125,57,2154800,53.87278366088867
2011-02-11,56.91999816894531,57.93000030517578,56.7400016784668,57.849998474121094,1909800,54.67612075805664
2011-02-14,57.33000183105469,57.7400016784668,57.06999969482422,57.150001525878906,2514400,54.01454544067383
2011-02-15,57.16999816894531,57.22999954223633,56.38999938964844,56.619998931884766,1820300,53.513607025146484
2011-02-16,56.689998626708984,57.65999984741211,56.5099983215332,57.16999816894531,1875600,54.0334358215332
2011-02-17,55.220001220703125,57.310001373291016,54.88999938964844,57.20000076293945,2311500,54.06178665161133
2011-02-18,57.41999816894531,58.0099983215332,57.36000061035156,57.68000030517578,2245900,54.51544952392578
2011-02-22,57.099998474121094,57.27000045776367,56.02000045776367,56.150001525878906,2534000,53.069393157958984
2011-02-23,56.18000030517578,56.20000076293945,54.939998626708984,54.970001220703125,2233900,51.95415496826172
2011-02-24,54.43000030517578,55.79999923706055,54.43000030517578,55.33000183105469,3075900,52.294395446777344
2011-02-25,55.439998626708984,55.790000915527344,55.18000030517578,55.560001373291016,2174800,52.51177978515625
2011-02-28,55.5099983215332,56.0099983215332,55.38999938964844,55.81999969482422,4103800,52.757511138916016
2011-03-01,56.290000915527344,56.75,55.560001373291016,55.650001525878906,4614300,52.596824645996094
2011-03-02,55.459999084472656,56.25,55.349998474121094,55.959999084472656,2782700,52.88983154296875
2011-03-03,56.25,57.400001525878906,56.22999954223633,57.209999084472656,3762800,54.071250915527344
2011-03-04,57.16999816894531,57.470001220703125,56.5099983215332,57.02000045776367,3988600,53.89167785644531
2011-03-07,57.08000183105469,57.439998626708984,56.060001373291016,56.61000061035156,3143800,53.5041618347168
2011-03-08,56.84000015258789,57.099998474121094,56.290000915527344,56.900001525878906,2802000,53.77825164794922
2011-03-09,56.709999084472656,56.72999954223633,55.59000015258789,55.900001525878906,3423600,52.83312225341797
2011-03-10,55.22999954223633,55.61000061035156,54.47999954223633,54.84000015258789,4679800,51.83127975463867
2011-03-11,54.810001373291016,55.47999954223633,54.58000183105469,55.25,3629300,52.21876525878906
2011-03-14,54.9900016784668,55.290000915527344,54.08000183105469,54.68000030517578,3925500,51.68006134033203
2011-03-15,53.5099983215332,54.4900016784668,52.79999923706055,54.08000183105469,4289700,51.11298751831055
2011-03-16,53.869998931884766,53.880001068115234,52.47999954223633,52.91999816894531,4580700,50.01661682128906
2011-03-17,53.59000015258789,53.86000061035156,52.45000076293945,52.619998931884766,4918900,49.73308181762695
2011-03-18,53.11000061035156,53.209999084472656,52.40999984741211,52.58000183105469,5537600,49.695274353027344
2011-03-21,53.130001068115234,54.16999816894531,53.040000915527344,53.75,3441000,50.80105972290039
2011-03-22,53.65999984741211,54.130001068115234,53.65999984741211,53.95000076293945,2363800,50.99009704589844
2011-03-23,53.709999084472656,53.77000045776367,53.29999923706055,53.4900016784668,3475600,50.55535125732422
2011-03-24,54.130001068115234,54.209999084472656,53.5,54.189998626708984,2560700,51.21693420410156
2011-03-25,54.189998626708984,54.5,53.849998474121094,54.38999938964844,2206100,51.40597152709961
2011-03-28,54.5099983215332,54.72999954223633,54.13999938964844,54.220001220703125,1577500,51.24530029296875
2011-03-29,54.06999969482422,54.65999984741211,53.880001068115234,54.630001068115234,2071900,51.63279724121094
2011-03-30,54.810001373291016,54.970001220703125,54.47999954223633,54.90999984741211,3802900,51.897438049316406
2011-03-31,54.869998931884766,55.599998474121094,54.54999923706055,55.54999923706055,3493700,52.50231170654297
2011-04-01,55.65999984741211,56.349998474121094,55.59000015258789,55.97999954223633,3136300,52.908729553222656
2011-04-04,56.61000061035156,56.61000061035156,55.61000061035156,55.849998474121094,2511100,52.785858154296875
2011-04-05,55.38999938964844,55.83000183105469,54.83000183105469,54.91999816894531,3896300,51.90688705444336
2011-04-06,55.09000015258789,55.61000061035156,55.040000915527344,55.529998779296875,2601700,52.483428955078125
2011-04-07,55.380001068115234,55.79999923706055,55.119998931884766,55.630001068115234,3120500,52.57794189453125
2011-04-08,55.75,55.91999816894531,55.4900016784668,55.810001373291016,2133800,52.74806213378906
2011-04-11,56,56.06999969482422,55.619998931884766,55.97999954223633,2202700,52.908729553222656
2011-04-12,55.7400016784668,56.029998779296875,55.18000030517578,55.439998626708984,1748300,52.39834213256836
2011-04-13,55.02000045776367,55.7400016784668,54.79999923706055,55.400001525878906,2354400,52.360557556152344
2011-04-14,55.06999969482422,55.119998931884766,54.400001525878906,54.869998931884766,2064800,51.859619140625
2011-04-15,55.060001373291016,56.02000045776367,55,55.75,2940500,52.69135665893555
2011-04-18,55.2599983215332,55.2599983215332,54.2599983215332,54.599998474121094,2777800,51.604427337646484
2011-04-19,54.61000061035156,54.790000915527344,54.119998931884766,54.70000076293945,2159000,51.69895935058594
2011-04-20,55.439998626708984,56.09000015258789,55.36000061035156,55.970001220703125,1992500,52.8992919921875
2011-04-21,56.220001220703125,56.959999084472656,56.08000183105469,56.900001525878906,1929200,53.77825164794922
2011-04-25,56.709999084472656,56.900001525878906,56.369998931884766,56.86000061035156,1762000,53.7404670715332
2011-04-26,57.0099983215332,58.900001525878906,57.0099983215332,58.08000183105469,5100000,54.89352798461914
2011-04-27,59.11000061035156,60.25,59.04999923706055,59.79999923706055,5677200,56.5191535949707
2011-04-28,59.439998626708984,60.209999084472656,59.40999984741211,60.15999984741211,3015800,56.859397888183594
2011-04-29,60.040000915527344,60.369998931884766,59.849998474121094,59.9900016784668,3276800,56.69873809814453
2011-05-02,60.25,61.720001220703125,60.25,61.25,3058400,57.889591217041016
2011-05-03,61.279998779296875,61.45000076293945,60.349998474121094,60.63999938964844,2281900,57.313053131103516
2011-05-04,60.459999084472656,60.939998626708984,60.04999923706055,60.45000076293945,2731200,57.13349151611328
2011-05-05,60.29999923706055,60.45000076293945,59.529998779296875,59.720001220703125,2719200,56.44353485107422
2011-05-06,60.400001525878906,60.83000183105469,60.09000015258789,60.36000061035156,2739800,57.048431396484375
2011-05-09,60.45000076293945,60.83000183105469,60.029998779296875,60.77000045776367,1268400,57.43593978881836
2011-05-10,61.220001220703125,61.380001068115234,60.86000061035156,61.08000183105469,2725400,57.72892761230469
2011-05-11,61.11000061035156,61.58000183105469,60.880001068115234,61.34000015258789,2362800,57.97466278076172
2011-05-12,61.16999816894531,61.900001525878906,60.869998931884766,61.66999816894531,2046100,58.286556243896484
2011-05-13,61.83000183105469,62.400001525878906,61.27000045776367,61.90999984741211,2812600,58.51337814331055
2011-05-16,61.880001068115234,62.650001525878906,61.5,62.310001373291016,3137500,58.89144515991211
2011-05-17,62.04999923706055,62.06999969482422,61.15999984741211,61.880001068115234,1944300,58.485042572021484
2011-05-18,62.04999923706055,63.290000915527344,61.97999954223633,62.7400016784668,4472700,59.29785919189453
2011-05-19,65,65.81999969482422,64.94999694824219,65.37999725341797,6890700,61.79303741455078
2011-05-20,65.47000122070312,65.55000305175781,64.62000274658203,65.18000030517578,3597300,61.60399627685547
2011-05-23,64.72000122070312,65.08000183105469,63.77000045776367,64.38999938964844,3271600,60.85734558105469
2011-05-24,64.37999725341797,64.66000366210938,64.19999694824219,64.48999786376953,2643300,60.95185089111328
2011-05-25,64.08999633789062,64.6500015258789,64.08999633789062,64.19000244140625,3887000,60.668304443359375
2011-05-26,64.1500015258789,65.68000030517578,63.900001525878906,65.30999755859375,3528000,61.726844787597656
2011-05-27,65.33000183105469,65.41000366210938,64.91000366210938,65.1500015258789,1857500,61.575618743896484
2011-05-31,65.63999938964844,65.86000061035156,65.0199966430664,65.44999694824219,3408600,61.859161376953125
2011-06-01,65.44999694824219,65.5,63.77000045776367,63.86000061035156,2855000,60.356407165527344
2011-06-02,64.0199966430664,64.16999816894531,63.2599983215332,63.779998779296875,3186200,60.28078842163086
2011-06-03,62.900001525878906,63.540000915527344,62.09000015258789,62.79999923706055,2841300,59.354557037353516
2011-06-06,62.81999969482422,63.20000076293945,62.279998779296875,62.29999923706055,1970200,58.88198471069336
2011-06-07,62.869998931884766,63.63999938964844,62.4900016784668,62.4900016784668,2174600,59.061580657958984
2011-06-08,62.33000183105469,62.72999954223633,62.16999816894531,62.540000915527344,1851400,59.108829498291016
2011-06-09,62.58000183105469,63.869998931884766,62.45000076293945,63.529998779296875,2338900,60.04451370239258
2011-06-10,63.16999816894531,63.29999923706055,62.790000915527344,62.84000015258789,2129300,59.39237594604492
2011-06-13,62.93000030517578,62.9900016784668,62.189998626708984,62.38999938964844,1949700,58.96706008911133
2011-06-14,62.77000045776367,63.54999923706055,62.77000045776367,63.09000015258789,1473100,59.62864303588867
2011-06-15,62.61000061035156,62.93000030517578,61.279998779296875,61.33000183105469,3180000,57.965206146240234
2011-06-16,61.2400016784668,61.900001525878906,60.4900016784668,60.68000030517578,2933800,57.35086441040039
2011-06-17,61.13999938964844,62.40999984741211,61.13999938964844,62.220001220703125,3908100,58.806400299072266
2011-06-20,61.93000030517578,62.880001068115234,61.650001525878906,62.79999923706055,1738200,59.354557037353516
2011-06-21,62.97999954223633,64.19000244140625,62.7400016784668,63.97999954223633,1778100,60.46981430053711
2011-06-22,63.47999954223633,64.4000015258789,63.47999954223633,63.70000076293945,1867800,60.205196380615234
2011-06-23,62.880001068115234,63.560001373291016,62.220001220703125,63.560001373291016,2416300,60.072872161865234
2011-06-24,63.439998626708984,63.439998626708984,62.220001220703125,62.5099983215332,2315600,59.080482482910156
2011-06-27,62.400001525878906,63.4900016784668,62.08000183105469,63.31999969482422,1983800,59.846046447753906
2011-06-28,63.470001220703125,64.58999633789062,63.130001068115234,64.30000305175781,2871300,60.77225875854492
2011-06-29,64.56999969482422,64.66999816894531,63.7599983215332,64.06999969482422,1898400,60.55487060546875
2011-06-30,64.20999908447266,64.7300033569336,63.959999084472656,64.38999938964844,1922300,60.85734558105469
2011-07-01,64.52999877929688,65.02999877929688,64.31999969482422,65.01000213623047,2672200,61.443302154541016
2011-07-05,65.02999877929688,65.18000030517578,64.43000030517578,64.9800033569336,1927100,61.41495132446289
2011-07-06,64.95999908447266,65.44999694824219,64.8499984741211,65.25,1105100,61.670143127441406
2011-07-07,65.68000030517578,65.68000030517578,65.08000183105469,65.56999969482422,2150600,61.972572326660156
2011-07-08,64.7300033569336,64.95999908447266,64.18000030517578,64.77999877929688,1688600,61.22591781616211
2011-07-11,64.12999725341797,64.22000122070312,62.65999984741211,62.7599983215332,2405100,59.316741943359375
2011-07-12,62.36000061035156,63.349998474121094,62.060001373291016,62.4900016784668,2468600,59.061580657958984
2011-07-13,62.7400016784668,63.15999984741211,62.40999984741211,62.5099983215332,2332100,59.080482482910156
2011-07-14,62.79999923706055,63.08000183105469,61.93000030517578,62.34000015258789,2888100,58.91979217529297
2011-07-15,62.54999923706055,63.36000061035156,62.54999923706055,63.220001220703125,2782200,59.751502990722656
2011-07-18,62.849998474121094,63.45000076293945,61.869998931884766,62.5,1599700,59.07102584838867
2011-07-19,62.81999969482422,63.7599983215332,62.7599983215332,63.529998779296875,2676700,60.04451370239258
2011-07-20,63.630001068115234,63.849998474121094,62.880001068115234,63.650001525878906,1706600,60.15793228149414
2011-07-21,64.19000244140625,65.30000305175781,63.959999084472656,65.0999984741211,2282000,61.52836227416992
2011-07-22,65.16000366210938,65.22000122070312,64.44000244140625,64.93000030517578,1519000,61.36770248413086
2011-07-25,64.61000061035156,64.81999969482422,64.0199966430664,64.05999755859375,1624500,60.545433044433594
2011-07-26,62.880001068115234,63.20000076293945,61.34000015258789,61.54999923706055,7049600,58.173133850097656
2011-07-27,61.810001373291016,61.970001220703125,59.099998474121094,60.029998779296875,5866100,56.73653793334961
2011-07-28,60.189998626708984,61.560001373291016,60.02000045776367,60.290000915527344,3221100,56.982269287109375
2011-07-29,59.7599983215332,60.97999954223633,59.459999084472656,60.09000015258789,2606600,56.793235778808594
2011-08-01,60.599998474121094,60.720001220703125,57.13999938964844,57.630001068115234,4889400,54.46821212768555
2011-08-02,57.279998779296875,58.02000045776367,56.33000183105469,56.349998474121094,4873500,53.2584228515625
2011-08-03,56.33000183105469,56.720001220703125,55.119998931884766,56.630001068115234,4419400,53.5230712890625
2011-08-04,55.81999969482422,56.11000061035156,54.25,54.25,4461600,51.27363967895508
2011-08-05,54.869998931884766,55.83000183105469,52.40999984741211,53.81999969482422,4849500,50.86723327636719
2011-08-08,52.5099983215332,52.65999984741211,49.9900016784668,50.0099983215332,7570200,47.266258239746094
2011-08-09,50.709999084472656,52.41999816894531,48.88999938964844,52.040000915527344,7558400,49.18489456176758
2011-08-10,50.9900016784668,51.52000045776367,49.84000015258789,50,5707800,47.25680923461914
2011-08-11,50.0099983215332,53.279998779296875,49.470001220703125,52.59000015258789,5537400,49.70471954345703
2011-08-12,52.5,54.119998931884766,52.43000030517578,53.63999938964844,2564000,50.697105407714844
2011-08-15,54.099998474121094,55.06999969482422,53.84000015258789,54.90999984741211,2718800,51.897438049316406
2011-08-16,54.56999969482422,54.869998931884766,53.59000015258789,54.02000045776367,3619000,51.05625915527344
2011-08-17,54.38999938964844,54.97999954223633,53.61000061035156,54.369998931884766,3016300,51.387062072753906
2011-08-18,52.86000061035156,53.0099983215332,50.599998474121094,51.06999969482422,4864700,48.26811599731445
2011-08-19,50.16999816894531,51.77000045776367,50.099998474121094,50.459999084472656,3405500,47.69158172607422
2011-08-22,51.560001373291016,51.75,49.970001220703125,50.11000061035156,3230500,47.360782623291016
2011-08-23,50.2599983215332,52.15999984741211,49.91999816894531,52.15999984741211,3551000,49.29828643798828
2011-08-24,51.9900016784668,53.70000076293945,51.720001220703125,53.65999984741211,3789800,50.71602249145508
2011-08-25,53.79999923706055,54,52.349998474121094,52.619998931884766,2578300,49.73308181762695
2011-08-26,52.59000015258789,53.560001373291016,50.900001525878906,53.41999816894531,2685400,50.48919677734375
2011-08-29,54.08000183105469,54.900001525878906,54.029998779296875,54.880001068115234,1756500,51.869075775146484
2011-08-30,54.5,55.099998474121094,53.91999816894531,54.77000045776367,1746400,51.76512145996094
2011-08-31,55.279998779296875,55.70000076293945,54.41999816894531,54.93000030517578,2546200,51.916351318359375
2011-09-01,55.02000045776367,55.84000015258789,54.36000061035156,54.47999954223633,2223500,51.491024017333984
2011-09-02,53.209999084472656,53.5,52.220001220703125,52.34000015258789,2433200,49.468448638916016
2011-09-06,50.439998626708984,52.189998626708984,50.040000915527344,52.02000045776367,3323800,49.165985107421875
2011-09-07,52.70000076293945,54.220001220703125,52.369998931884766,54.220001220703125,2320800,51.24530029296875
2011-09-08,53.72999954223633,54.02000045776367,52.54999923706055,52.689998626708984,2976400,49.799232482910156
2011-09-09,51.93000030517578,52.02000045776367,50.2400016784668,50.4900016784668,5456700,47.71993637084961
2011-09-12,49.7599983215332,51.150001525878906,49.59000015258789,51.09000015258789,3286100,48.28700637817383
2011-09-13,51.130001068115234,52.310001373291016,50.9900016784668,52.18000030517578,2829200,49.31721115112305
2011-09-14,52.400001525878906,54.0099983215332,51.40999984741211,53.25,4072200,50.3285026550293
2011-09-15,53.97999954223633,54.95000076293945,53.380001068115234,54.58000183105469,3606000,51.585533142089844
2011-09-16,54.88999938964844,55.2599983215332,53.88999938964844,54.5099983215332,2790200,51.519386291503906
2011-09-19,53.0099983215332,53.5099983215332,52.11000061035156,53.209999084472656,2474000,50.29069900512695
2011-09-20,53.369998931884766,54.970001220703125,53.29999923706055,53.380001068115234,2319800,50.451377868652344
2011-09-21,53.380001068115234,54.02000045776367,51.310001373291016,51.34000015258789,2779300,48.52329635620117
2011-09-22,49.11000061035156,50.040000915527344,48.779998779296875,49.77000045776367,4957300,47.039432525634766
2011-09-23,49.25,51.369998931884766,49.13999938964844,50.939998626708984,4068300,48.14524459838867
2011-09-26,51.22999954223633,51.47999954223633,49.779998779296875,50.90999984741211,3378000,48.11689758300781
2011-09-27,51.959999084472656,53.029998779296875,51.7400016784668,52.0099983215332,2474000,49.15652847290039
2011-09-28,52.22999954223633,52.83000183105469,50.68000030517578,50.849998474121094,2174700,48.060176849365234
2011-09-29,51.689998626708984,52.029998779296875,50.470001220703125,51.5,2551200,48.67449951171875
2011-09-30,50.83000183105469,52.08000183105469,50.43000030517578,50.63999938964844,3232600,47.86170196533203
2011-10-03,50.189998626708984,51.130001068115234,48.959999084472656,49.099998474121094,3875300,46.40620422363281
2011-10-04,48.2400016784668,50.599998474121094,48.04999923706055,50.56999969482422,3500000,47.7955436706543
2011-10-05,50.72999954223633,53,50.34000015258789,52.81999969482422,3978500,49.92210006713867
2011-10-06,52.630001068115234,53.689998626708984,52.15999984741211,53.66999816894531,2945600,50.72547149658203
2011-10-07,51.31999969482422,51.38999938964844,49.63999938964844,50.4900016784668,8313000,47.71993637084961
2011-10-10,51.47999954223633,53,51.47999954223633,52.36000061035156,2745200,49.48734664916992
2011-10-11,52.20000076293945,54.0099983215332,52.040000915527344,53.7599983215332,4364900,50.81051254272461
2011-10-12,54.220001220703125,55.2599983215332,54,54.650001525878906,6834700,51.65171432495117
2011-10-13,54.09000015258789,54.279998779296875,53.15999984741211,53.93000030517578,4902400,50.97121047973633
2011-10-14,54.7400016784668,55,53.02000045776367,53.290000915527344,3837700,50.366302490234375
2011-10-17,52.81999969482422,53.060001373291016,51.45000076293945,51.59000015258789,3199800,48.75957489013672
2011-10-18,51.619998931884766,52.790000915527344,50.93000030517578,52.439998626708984,3887600,49.56294631958008
2011-10-19,52.47999954223633,52.5,51.040000915527344,51.11000061035156,4556900,48.30591583251953
2011-10-20,51.33000183105469,52.029998779296875,50.689998626708984,51.900001525878906,4072300,49.05256652832031
2011-10-21,52.540000915527344,53.709999084472656,52.470001220703125,53.2599983215332,2747600,50.33794403076172
2011-10-24,53.4900016784668,54.599998474121094,53.060001373291016,54.470001220703125,2745000,51.48157501220703
2011-10-25,53.810001373291016,54.900001525878906,53.08000183105469,53.22999954223633,3170000,50.30959701538086
2011-10-26,50.91999816894531,50.91999816894531,47.77000045776367,48.36000061035156,16623000,45.706787109375
2011-10-27,48.86000061035156,51.2599983215332,48.720001220703125,50.650001525878906,8855500,47.87116241455078
2011-10-28,50.65999984741211,51.7400016784668,50.41999816894531,51.400001525878906,4628700,48.580013275146484
2011-10-31,50.709999084472656,50.900001525878906,50.06999969482422,50.27000045776367,4600600,47.512001037597656
2011-11-01,49.09000015258789,49.939998626708984,48.459999084472656,48.61000061035156,5111300,45.943092346191406
2011-11-02,49.11000061035156,49.88999938964844,48.529998779296875,49.75,3495200,47.020530700683594
2011-11-03,50.380001068115234,50.47999954223633,49.689998626708984,50.25,3650400,47.49310302734375
2011-11-04,49.720001220703125,50.040000915527344,48.7599983215332,48.86000061035156,4603100,46.17938232421875
2011-11-07,49,49.61000061035156,48.529998779296875,49.52000045776367,2206700,46.803157806396484
2011-11-08,49.790000915527344,50.5099983215332,49.29999923706055,50.41999816894531,3129200,47.65377426147461
2011-11-09,49.11000061035156,49.70000076293945,48.36000061035156,48.54999923706055,3059800,45.886375427246094
2011-11-10,48.5099983215332,49.099998474121094,47.47999954223633,47.72999954223633,4898300,45.11136245727539
2011-11-11,48.7400016784668,49.31999969482422,48.459999084472656,48.810001373291016,3225400,46.13210678100586
2011-11-14,48.68000030517578,49.22999954223633,48.4900016784668,48.650001525878906,2020600,45.98088455200195
2011-11-15,48.380001068115234,49.5099983215332,48.349998474121094,49.34000015258789,2758500,46.633033752441406
2011-11-16,49,49.20000076293945,48.349998474121094,48.40999984741211,4339300,45.7540397644043
2011-11-17,48.150001525878906,48.2599983215332,46.36000061035156,46.79999923706055,6616000,44.23237609863281
2011-11-18,46.41999816894531,46.709999084472656,45.83000183105469,45.900001525878906,6235300,43.38175964355469
2011-11-21,45.36000061035156,45.459999084472656,44.70000076293945,45.060001373291016,3971800,42.58784866333008
2011-11-22,44.88999938964844,45.65999984741211,44.7599983215332,45.11000061035156,4761700,42.635101318359375
2011-11-23,44.63999938964844,44.970001220703125,44.290000915527344,44.470001220703125,3270000,42.03021240234375
2011-11-25,44.540000915527344,45.2400016784668,44.40999984741211,44.41999816894531,1307500,41.98294448852539
2011-11-28,45.369998931884766,45.79999923706055,45.220001220703125,45.599998474121094,4035000,43.09819793701172
2011-11-29,45.900001525878906,46.439998626708984,45.52000045776367,46.09000015258789,2944000,43.561344146728516
2011-11-30,47.38999938964844,47.84000015258789,46.779998779296875,47.25,3564500,44.657684326171875
2011-12-01,47.25,47.70000076293945,46.95000076293945,47.040000915527344,2898300,44.45920181274414
2011-12-02,47.34000015258789,47.630001068115234,46.38999938964844,46.540000915527344,1699800,43.98664474487305
2011-12-05,47.099998474121094,47.40999984741211,46.459999084472656,46.779998779296875,2552000,44.21346664428711
2011-12-06,46.68000030517578,47.380001068115234,46.63999938964844,47.18000030517578,2457500,44.59153366088867
2011-12-07,46.880001068115234,47.279998779296875,46.15999984741211,46.97999954223633,2925400,44.402496337890625
2011-12-08,46.45000076293945,46.709999084472656,45.15999984741211,45.290000915527344,4084300,42.80521011352539
2011-12-09,45.34000015258789,45.79999923706055,44.650001525878906,45.63999938964844,4900100,43.13602066040039
2011-12-12,45.38999938964844,45.47999954223633,44.939998626708984,45.130001068115234,3052200,42.65401077270508
2011-12-13,45.189998626708984,45.61000061035156,44.439998626708984,44.689998626708984,3237200,42.2381477355957
2011-12-14,44.61000061035156,44.7400016784668,43.63999938964844,43.75,3915700,41.349708557128906
2011-12-15,43.75,44.290000915527344,43.060001373291016,44.150001525878906,4004600,41.72776794433594
2011-12-16,44.4900016784668,44.5,43.599998474121094,43.84000015258789,4342200,41.43478012084961
2011-12-19,44.060001373291016,44.52000045776367,43.400001525878906,43.540000915527344,2433400,41.15122604370117
2011-12-20,44.2599983215332,45.11000061035156,44.220001220703125,44.93000030517578,2390700,42.46498107910156
2011-12-21,45.029998779296875,45.06999969482422,44.22999954223633,44.65999984741211,2899100,42.209781646728516
2011-12-22,44.86000061035156,45.83000183105469,44.630001068115234,45.61000061035156,2947800,43.107666015625
2011-12-23,45.79999923706055,45.86000061035156,45.459999084472656,45.689998626708984,1937200,43.18327713012695
2011-12-27,45.40999984741211,45.84000015258789,45.310001373291016,45.5,1107500,43.00370407104492
2011-12-28,45.459999084472656,45.529998779296875,44.20000076293945,44.22999954223633,1587000,41.80338668823242
2011-12-29,44.369998931884766,45.04999923706055,44.25,44.95000076293945,1420200,42.48388671875
2011-12-30,44.97999954223633,45.31999969482422,44.70000076293945,44.970001220703125,1440200,42.50278091430664
2012-01-03,45.790000915527344,47.16999816894531,45.790000915527344,46.900001525878906,3237900,44.326904296875
2012-01-04,46.900001525878906,47.34000015258789,45.95000076293945,45.95000076293945,3054400,43.429019927978516
2012-01-05,45.7599983215332,46.63999938964844,45.66999816894531,46.34000015258789,3392100,43.79764175415039
2012-01-06,46.560001373291016,47.7400016784668,46.310001373291016,47.619998931884766,3991100,45.007389068603516
2012-01-09,47.7400016784668,47.900001525878906,47.099998474121094,47.66999816894531,2629900,45.054649353027344
2012-01-10,48.040000915527344,49.38999938964844,47.95000076293945,49.06999969482422,4482400,46.377838134765625
2012-01-11,48.880001068115234,49.9900016784668,48.849998474121094,49.970001220703125,2900200,47.22846984863281
2012-01-12,49.900001525878906,49.9900016784668,49.33000183105469,49.779998779296875,3376600,47.048892974853516
2012-01-13,49.459999084472656,49.90999984741211,49.09000015258789,49.349998474121094,2684900,46.642478942871094
2012-01-17,49.709999084472656,50.20000076293945,49.349998474121094,49.86000061035156,5224400,47.124488830566406
2012-01-18,49.72999954223633,51.34000015258789,49.599998474121094,51.189998626708984,4364100,48.38151931762695
2012-01-19,51.220001220703125,52,51,51.84000015258789,3011700,48.99585723876953
2012-01-20,51.5099983215332,51.689998626708984,50.86000061035156,51.13999938964844,2603300,48.334266662597656
2012-01-23,51.04999923706055,51.90999984741211,51.04999923706055,51.83000183105469,2786700,48.986427307128906
2012-01-24,51.59000015258789,53.369998931884766,51.40999984741211,52.47999954223633,3435000,49.60074996948242
2012-01-25,52.88999938964844,54.09000015258789,52.849998474121094,53.540000915527344,3293400,50.60258483886719
2012-01-26,53.599998474121094,53.599998474121094,52.09000015258789,52.310001373291016,3258200,49.44008255004883
2012-01-27,52.099998474121094,52.900001525878906,51.939998626708984,52.459999084472656,3215900,49.58185577392578
2012-01-30,51.880001068115234,52.91999816894531,51.5099983215332,52.45000076293945,3313400,49.572383880615234
2012-01-31,52.59000015258789,53.38999938964844,52.38999938964844,52.900001525878906,4252100,49.99771499633789
2012-02-01,54.11000061035156,55.31999969482422,53.75,54.709999084472656,4329400,51.708412170410156
2012-02-02,54.93000030517578,55.400001525878906,54.45000076293945,54.79999923706055,2811000,51.79347229003906
2012-02-03,55.400001525878906,56.38999938964844,55.25,56.290000915527344,3449300,53.20172119140625
2012-02-06,55.900001525878906,56.369998931884766,55.52000045776367,55.7400016784668,1812200,52.68189239501953
2012-02-07,55.470001220703125,56.099998474121094,54.86000061035156,55.36000061035156,2871200,52.32273864746094
2012-02-08,55.40999984741211,56.119998931884766,55.31999969482422,56,2031100,52.92763137817383
2012-02-09,56.20000076293945,56.439998626708984,55.459999084472656,56.06999969482422,1622900,52.99379348754883
2012-02-10,55.47999954223633,55.63999938964844,54.83000183105469,55.52000045776367,1575400,52.47397232055664
2012-02-13,55.970001220703125,56.220001220703125,55.630001068115234,55.70000076293945,1393500,52.64408493041992
2012-02-14,55.310001373291016,55.869998931884766,55.310001373291016,55.849998474121094,1169900,52.785858154296875
2012-02-15,56,56.27000045776367,55.66999816894531,55.86000061035156,2034000,52.79531478881836
2012-02-16,55.77000045776367,56.7400016784668,55.540000915527344,56.619998931884766,2365900,53.513607025146484
2012-02-17,57.08000183105469,57.08000183105469,56.2400016784668,56.380001068115234,1884200,53.28678894042969
2012-02-21,56.65999984741211,56.77000045776367,55.83000183105469,55.91999816894531,1591600,52.852027893066406
2012-02-22,55.77000045776367,55.9900016784668,55.36000061035156,55.84000015258789,1653700,52.77641677856445
2012-02-23,55.81999969482422,56.599998474121094,53,56.119998931884766,3944300,53.041046142578125
2012-02-24,55.959999084472656,56.68000030517578,55.79999923706055,56.65999984741211,1413500,53.55141067504883
2012-02-27,56.02000045776367,56.68000030517578,55.290000915527344,56.43000030517578,1935100,53.334041595458984
2012-02-28,56.43000030517578,57.33000183105469,56.130001068115234,57.2400016784668,2828300,54.0996208190918
2012-02-29,57.09000015258789,57.56999969482422,56.380001068115234,56.619998931884766,4244800,53.513607025146484
2012-03-01,56.91999816894531,57.369998931884766,56.63999938964844,57.18000030517578,1975800,54.042903900146484
2012-03-02,57.04999923706055,57.470001220703125,56.939998626708984,57.25,1840200,54.109046936035156
2012-03-05,56.97999954223633,57.15999984741211,56.279998779296875,56.560001373291016,1867000,53.456905364990234
2012-03-06,55.93000030517578,55.9900016784668,55.38999938964844,55.43000030517578,2887700,52.388912200927734
2012-03-07,55.459999084472656,55.68000030517578,55.02000045776367,55.25,2727300,52.21876525878906
2012-03-08,55.59000015258789,56.20000076293945,54.900001525878906,56.09000015258789,4614700,53.01268768310547
2012-03-09,56.31999969482422,56.7599983215332,56,56.27000045776367,1560300,53.18281555175781
2012-03-12,56.34000015258789,56.41999816894531,55.27000045776367,55.38999938964844,1867800,52.35109329223633
2012-03-13,56.45000076293945,57.619998931884766,56.36000061035156,57.08000183105469,3564000,54.075294494628906
2012-03-14,57.150001525878906,57.849998474121094,56.970001220703125,57.7599983215332,2326600,54.7194938659668
2012-03-15,57.72999954223633,58.150001525878906,57.310001373291016,58,1904600,54.946861267089844
2012-03-16,58.099998474121094,58.209999084472656,57.689998626708984,57.90999984741211,3093700,54.86159896850586
2012-03-19,57.77000045776367,58.16999816894531,57.54999923706055,57.93000030517578,1110100,54.88055419921875
2012-03-20,57.54999923706055,57.720001220703125,57.13999938964844,57.25,1690400,54.23633575439453
2012-03-21,57.20000076293945,57.31999969482422,56.79999923706055,56.97999954223633,1132700,53.98057556152344
2012-03-22,56.470001220703125,56.70000076293945,56.099998474121094,56.45000076293945,1404800,53.47846221923828
2012-03-23,56.52000045776367,56.810001373291016,56.150001525878906,56.75,1597200,53.762664794921875
2012-03-26,57.43000030517578,58.18000030517578,57.2400016784668,58.150001525878906,1670500,55.088966369628906
2012-03-27,58.369998931884766,58.369998931884766,57.59000015258789,57.630001068115234,1373100,54.59634780883789
2012-03-28,57.5099983215332,57.5099983215332,56.33000183105469,56.540000915527344,2264800,53.563720703125
2012-03-29,56.04999923706055,56.25,55.7599983215332,56.060001373291016,2760600,53.10898971557617
2012-03-30,56.40999984741211,56.790000915527344,56.2400016784668,56.380001068115234,2977700,53.41214370727539
2012-04-02,56.36000061035156,56.709999084472656,56.040000915527344,56.380001068115234,2564400,53.41214370727539
2012-04-03,56.400001525878906,56.61000061035156,55.97999954223633,56.16999816894531,1881500,53.213199615478516
2012-04-04,55.630001068115234,55.88999938964844,55.34000015258789,55.58000183105469,1601900,52.65425491333008
2012-04-05,55.33000183105469,55.970001220703125,55.20000076293945,55.88999938964844,1416000,52.947940826416016
2012-04-09,54.95000076293945,55.08000183105469,54.02000045776367,54.529998779296875,3410600,51.6595344543457
2012-04-10,54.2599983215332,54.779998779296875,52.959999084472656,53.11000061035156,3666500,50.314292907714844
2012-04-11,53.83000183105469,54.06999969482422,53.11000061035156,53.36000061035156,3100300,50.551124572753906
2012-04-12,53.47999954223633,55.279998779296875,53.349998474121094,55.119998931884766,2725400,52.21847152709961
2012-04-13,54.86000061035156,55.130001068115234,54.040000915527344,54.099998474121094,2142600,51.252166748046875
2012-04-16,54.349998474121094,54.36000061035156,53.63999938964844,53.63999938964844,1700100,50.816368103027344
2012-04-17,53.9900016784668,54.58000183105469,53.90999984741211,54.08000183105469,3951400,51.23323440551758
2012-04-18,53.810001373291016,54.7599983215332,53.7599983215332,54.52000045776367,2074000,51.65003204345703
2012-04-19,54.63999938964844,54.97999954223633,54.16999816894531,54.369998931884766,2263200,51.50794982910156
2012-04-20,54.52000045776367,54.68000030517578,54.08000183105469,54.13999938964844,1845400,51.29005432128906
2012-04-23,53.459999084472656,53.86000061035156,53.02000045776367,53.75,1728400,50.920570373535156
2012-04-24,52.13999938964844,53,51.689998626708984,52.7400016784668,4425200,49.96376419067383
2012-04-25,55.119998931884766,55.5,53.7599983215332,55.06999969482422,4269000,52.17110061645508
2012-04-26,54.95000076293945,55.4900016784668,54.720001220703125,54.90999984741211,2122300,52.01953125
2012-04-27,54.970001220703125,55.209999084472656,54.400001525878906,54.90999984741211,2102200,52.01953125
2012-04-30,55.36000061035156,55.709999084472656,54.75,55.650001525878906,2265800,52.72056198120117
2012-05-01,55.59000015258789,56.90999984741211,55.209999084472656,56.11000061035156,2698100,53.15635681152344
2012-05-02,55.91999816894531,55.91999816894531,55.2400016784668,55.61000061035156,1733300,52.68265914916992
2012-05-03,55.58000183105469,55.599998474121094,54.939998626708984,55.2400016784668,2061800,52.332157135009766
2012-05-04,55.08000183105469,55.08000183105469,53.7599983215332,54.029998779296875,2023500,51.18583679199219
2012-05-07,54.02000045776367,54.38999938964844,53.75,54.029998779296875,1407800,51.18583679199219
2012-05-08,53.56999969482422,54,52.900001525878906,53.790000915527344,2284400,50.95847702026367
2012-05-09,53.220001220703125,53.79999923706055,52.560001373291016,53.34000015258789,2076000,50.53215789794922
2012-05-10,53.88999938964844,54.2400016784668,53.209999084472656,53.459999084472656,1687900,50.64583969116211
2012-05-11,53.16999816894531,53.84000015258789,53.099998474121094,53.29999923706055,1436300,50.49427032470703
2012-05-14,52.630001068115234,52.9900016784668,52.22999954223633,52.540000915527344,1345100,49.77428436279297
2012-05-15,52.2400016784668,52.9900016784668,51.66999816894531,51.83000183105469,2015300,49.10166549682617
2012-05-16,51.970001220703125,52.56999969482422,51.5099983215332,51.540000915527344,1493400,48.82691192626953
2012-05-17,51.41999816894531,52.150001525878906,51.130001068115234,51.150001525878906,2497500,48.45744705200195
2012-05-18,51.38999938964844,51.5,50.38999938964844,50.540000915527344,2237500,47.87956237792969
2012-05-21,50.61000061035156,51.9900016784668,50.52000045776367,51.91999816894531,2380200,49.18690872192383
2012-05-22,52.209999084472656,52.33000183105469,51.11000061035156,51.34000015258789,2053200,48.637447357177734
2012-05-23,51.0099983215332,51.11000061035156,49.91999816894531,50.97999954223633,3700000,48.29640579223633
2012-05-24,51.29999923706055,52.27000045776367,50.939998626708984,52.209999084472656,2799600,49.4616584777832
2012-05-25,52.02000045776367,52.5,51.4900016784668,51.68000030517578,1778400,48.95954132080078
2012-05-29,52.119998931884766,52.560001373291016,51.66999816894531,51.720001220703125,2795700,48.997440338134766
2012-05-30,51.25,51.25,50.34000015258789,51.16999816894531,3665200,48.47639846801758
2012-05-31,51.08000183105469,51.13999938964844,50.209999084472656,50.47999954223633,3131000,47.82271957397461
2012-06-01,49.54999923706055,49.849998474121094,49.11000061035156,49.130001068115234,2854600,46.543800354003906
2012-06-04,49.09000015258789,49.209999084472656,48.13999938964844,48.630001068115234,3320500,46.07011413574219
2012-06-05,48.36000061035156,49.540000915527344,48.34000015258789,49.380001068115234,2794700,46.7806282043457
2012-06-06,49.720001220703125,50.130001068115234,49.54999923706055,50.11000061035156,2416600,47.472198486328125
2012-06-07,50.7400016784668,51.22999954223633,50.560001373291016,50.650001525878906,3105500,47.98377227783203
2012-06-08,50.40999984741211,50.9900016784668,50.16999816894531,50.869998931884766,1824200,48.19219207763672
2012-06-11,51.380001068115234,51.439998626708984,49.66999816894531,49.720001220703125,1757200,47.10273361206055
2012-06-12,49.849998474121094,50.33000183105469,49.2400016784668,50.310001373291016,2197000,47.66167068481445
2012-06-13,50.279998779296875,51.119998931884766,49.66999816894531,49.86000061035156,1801600,47.357723236083984
2012-06-14,50.130001068115234,50.75,49.900001525878906,50.63999938964844,2487900,48.09858703613281
2012-06-15,51.040000915527344,51.279998779296875,50.70000076293945,51.22999954223633,2268600,48.658973693847656
2012-06-18,50.939998626708984,51.209999084472656,50.599998474121094,50.900001525878906,1659600,48.34553909301758
2012-06-19,51.16999816894531,52.130001068115234,51.06999969482422,51.91999816894531,1591000,49.31433868408203
2012-06-20,52.0099983215332,52.099998474121094,50.970001220703125,51.630001068115234,1246400,49.03890609741211
2012-06-21,51.790000915527344,52.0099983215332,50.31999969482422,50.400001525878906,1485500,47.87062072753906
2012-06-22,50.310001373291016,51.2400016784668,50.310001373291016,51.040000915527344,1853700,48.478511810302734
2012-06-25,50.439998626708984,50.47999954223633,49.70000076293945,49.83000183105469,1646700,47.3292350769043
2012-06-26,49.86000061035156,50.02000045776367,49.43000030517578,49.540000915527344,1551500,47.05378723144531
2012-06-27,49.810001373291016,50.959999084472656,49.810001373291016,50.88999938964844,1576100,48.33602523803711
2012-06-28,50.470001220703125,50.720001220703125,50.11000061035156,50.54999923706055,2342400,48.013099670410156
2012-06-29,51.58000183105469,51.939998626708984,51.150001525878906,51.90999984741211,2637700,49.304866790771484
2012-07-02,52.290000915527344,52.29999923706055,51.09000015258789,51.380001068115234,2272700,48.80144500732422
2012-07-03,51.459999084472656,52.81999969482422,51.36000061035156,52.79999923706055,1498800,50.15016174316406
2012-07-05,53.43000030517578,53.619998931884766,52.41999816894531,52.59000015258789,1854100,49.95071029663086
2012-07-06,52.06999969482422,52.380001068115234,51.16999816894531,51.43000030517578,1346700,48.84894943237305
2012-07-09,51.13999938964844,51.75,51.099998474121094,51.58000183105469,1167400,48.99142074584961
2012-07-10,52.720001220703125,52.86000061035156,50.91999816894531,51.18000030517578,2686200,48.611488342285156
2012-07-11,51.04999923706055,51.959999084472656,51.04999923706055,51.720001220703125,2008100,49.1243782043457
2012-07-12,51.209999084472656,51.7599983215332,50.7400016784668,51.45000076293945,1750500,48.867923736572266
2012-07-13,51.56999969482422,52.540000915527344,51.470001220703125,52.040000915527344,1514700,49.42831802368164
2012-07-16,52.5099983215332,52.650001525878906,51.529998779296875,51.900001525878906,2663700,49.29534912109375
2012-07-17,52.11000061035156,52.40999984741211,51.36000061035156,52.31999969482422,1478800,49.69428253173828
2012-07-18,52.0099983215332,53.290000915527344,51.79999923706055,53.22999954223633,2022200,50.5586051940918
2012-07-19,53.29999923706055,53.380001068115234,52.2400016784668,53.029998779296875,2001600,50.36863327026367
2012-07-20,52.66999816894531,52.70000076293945,51.68000030517578,52.04999923706055,1949700,49.43782043457031
2012-07-23,51.36000061035156,51.380001068115234,50.4900016784668,50.70000076293945,2091500,48.15556716918945
2012-07-24,50.4900016784668,50.689998626708984,49.630001068115234,49.779998779296875,3342200,47.28175735473633
2012-07-25,51.09000015258789,54.33000183105469,51.09000015258789,54.13999938964844,5780900,51.422935485839844
2012-07-26,54.75,55.38999938964844,53.599998474121094,54.689998626708984,2961700,51.94533920288086
2012-07-27,55.06999969482422,56.31999969482422,55,56.099998474121094,3161000,53.28456497192383
2012-07-30,56.040000915527344,56.459999084472656,55.75,56.060001373291016,1470900,53.2465705871582
2012-07-31,55.86000061035156,56.27000045776367,55.61000061035156,55.66999816894531,1990300,52.87614822387695
2012-08-01,56.06999969482422,56.20000076293945,55.40999984741211,55.65999984741211,2261700,52.86663818359375
2012-08-02,55.060001373291016,55.470001220703125,53.77000045776367,54.38999938964844,2265600,51.66038513183594
2012-08-03,55.41999816894531,56.790000915527344,55.41999816894531,56.599998474121094,2371800,53.759483337402344
2012-08-06,56.689998626708984,56.810001373291016,56.25,56.58000183105469,1857100,53.740474700927734
2012-08-07,56.650001525878906,57.4900016784668,56.56999969482422,57.150001525878906,1718300,54.28188705444336
2012-08-08,56.970001220703125,57.439998626708984,56.72999954223633,57.29999923706055,1861500,54.424346923828125
2012-08-09,57.20000076293945,57.47999954223633,56.529998779296875,56.95000076293945,1574200,54.09191131591797
2012-08-10,56.849998474121094,57.09000015258789,56.61000061035156,57.06999969482422,1037600,54.20587921142578
2012-08-13,56.849998474121094,57.04999923706055,56.58000183105469,56.9900016784668,1016600,54.12989807128906
2012-08-14,57.13999938964844,57.2400016784668,56.4900016784668,56.709999084472656,1495900,53.863956451416016
2012-08-15,56.779998779296875,57.7400016784668,56.5,57.560001373291016,2804600,54.671295166015625
2012-08-16,56.9900016784668,57.369998931884766,56.18000030517578,56.54999923706055,3460800,53.71198272705078
2012-08-17,56.40999984741211,56.90999984741211,56.31999969482422,56.61000061035156,1835600,53.76896667480469
2012-08-20,56.459999084472656,56.86000061035156,56.16999816894531,56.560001373291016,1450800,53.721492767333984
2012-08-21,56.77000045776367,57.220001220703125,56.31999969482422,56.380001068115234,1225700,53.55051040649414
2012-08-22,56.25,56.81999969482422,56.13999938964844,56.560001373291016,1377400,53.721492767333984
2012-08-23,56.56999969482422,56.68000030517578,56,56.310001373291016,1228100,53.48402404785156
2012-08-24,56.20000076293945,56.72999954223633,55.939998626708984,56.59000015258789,1275000,53.74998474121094
2012-08-27,56.599998474121094,57.040000915527344,56.290000915527344,56.63999938964844,1496800,53.79747009277344
2012-08-28,56.439998626708984,56.619998931884766,55.970001220703125,56.279998779296875,1582300,53.45555114746094
2012-08-29,56.34000015258789,57.2400016784668,56.33000183105469,57.16999816894531,1538400,54.30086898803711
2012-08-30,56.7599983215332,57.15999984741211,56.40999984741211,56.97999954223633,1438100,54.12041091918945
2012-08-31,57.25,57.75,56.90999984741211,57.349998474121094,1479800,54.47183609008789
2012-09-04,57.27000045776367,57.65999984741211,56.63999938964844,57.310001373291016,1627900,54.43385314941406
2012-09-05,57.380001068115234,57.380001068115234,56.790000915527344,57.040000915527344,1247600,54.177391052246094
2012-09-06,57.400001525878906,58.33000183105469,57.400001525878906,58.22999954223633,1832600,55.30766677856445
2012-09-07,58.369998931884766,58.95000076293945,58.27000045776367,58.93000030517578,1480900,55.972557067871094
2012-09-10,58.959999084472656,59.369998931884766,58.849998474121094,59.04999923706055,1785200,56.086524963378906
2012-09-11,58.9900016784668,59.349998474121094,58.880001068115234,59.08000183105469,1587800,56.11500549316406
2012-09-12,59.16999816894531,59.630001068115234,59.04999923706055,59.33000183105469,1700300,56.35248947143555
2012-09-13,59.29999923706055,60.11000061035156,58.880001068115234,59.970001220703125,2223600,57.085426330566406
2012-09-14,60.2400016784668,61,59.83000183105469,60.61000061035156,2395000,57.694644927978516
2012-09-17,60.34000015258789,60.7599983215332,60.02000045776367,60.189998626708984,1527600,57.29485321044922
2012-09-18,60.18000030517578,60.27000045776367,59.65999984741211,59.97999954223633,1958900,57.09495162963867
2012-09-19,59.97999954223633,60.2599983215332,59.56999969482422,59.7400016784668,1879300,56.86649703979492
2012-09-20,59.58000183105469,60.11000061035156,59.41999816894531,59.720001220703125,2192000,56.847450256347656
2012-09-21,60.0099983215332,60.150001525878906,59.68000030517578,59.709999084472656,2184400,56.83793640136719
2012-09-24,59.310001373291016,59.7400016784668,59.2400016784668,59.470001220703125,979400,56.60948181152344
2012-09-25,59.72999954223633,60.119998931884766,58.959999084472656,59.0099983215332,1549700,56.171592712402344
2012-09-26,59.02000045776367,59.369998931884766,58.59000015258789,58.720001220703125,1008800,55.895565032958984
2012-09-27,58.849998474121094,59.630001068115234,58.849998474121094,59.439998626708984,1133600,56.58094024658203
2012-09-28,59.18000030517578,59.310001373291016,58.459999084472656,58.83000183105469,1256300,56.00026321411133
2012-10-01,59.09000015258789,60.06999969482422,59.02000045776367,59.22999954223633,1951900,56.38102340698242
2012-10-02,59.310001373291016,59.849998474121094,59.09000015258789,59.720001220703125,1083700,56.847450256347656
2012-10-03,60,60.189998626708984,59.52000045776367,59.75,1116000,56.876007080078125
2012-10-04,59.9900016784668,60.459999084472656,59.810001373291016,60.29999923706055,1206800,57.39957046508789
2012-10-05,60.95000076293945,61.720001220703125,60.65999984741211,60.900001525878906,1592500,57.970703125
2012-10-08,60.47999954223633,60.849998474121094,60.189998626708984,60.5,1363600,57.58993911743164
2012-10-09,60.279998779296875,60.279998779296875,58.84000015258789,58.880001068115234,2218800,56.047855377197266
2012-10-10,58.77000045776367,58.91999816894531,58.099998474121094,58.40999984741211,1737500,55.6004638671875
2012-10-11,58.970001220703125,59.5,58.84000015258789,59.16999816894531,1302900,56.32392120361328
2012-10-12,59.380001068115234,59.86000061035156,58.779998779296875,58.84000015258789,1365600,56.00979232788086
2012-10-15,58.939998626708984,59.4900016784668,58.7400016784668,59.43000030517578,991000,56.571407318115234
2012-10-16,59.619998931884766,60.439998626708984,59.349998474121094,60.27000045776367,898700,57.37100601196289
2012-10-17,60.47999954223633,60.79999923706055,60.22999954223633,60.529998779296875,1387800,57.618492126464844
2012-10-18,60.150001525878906,60.150001525878906,58.36000061035156,59,4024100,56.16209411621094
2012-10-19,58.849998474121094,59.15999984741211,57.84000015258789,58.040000915527344,2966100,55.248268127441406
2012-10-22,58,58.779998779296875,57.68000030517578,58.45000076293945,1831000,55.6385383605957
2012-10-23,57.630001068115234,58.130001068115234,57.209999084472656,57.61000061035156,2322500,54.83893966674805
2012-10-24,59.220001220703125,60.529998779296875,58.88999938964844,60.36000061035156,4480600,57.45667266845703
2012-10-25,61,61.9900016784668,60.790000915527344,61.70000076293945,3711000,58.73221969604492
2012-10-26,61.779998779296875,61.790000915527344,60.369998931884766,61.040000915527344,1783800,58.103973388671875
2012-10-31,61.02000045776367,61.25,60.369998931884766,61.060001373291016,2977400,58.12301254272461
2012-11-01,61.33000183105469,62.61000061035156,61.11000061035156,62.43000030517578,3345200,59.427101135253906
2012-11-02,62.75,62.939998626708984,61.439998626708984,61.5,1377400,58.54182815551758
2012-11-05,61.45000076293945,62.060001373291016,61.380001068115234,61.93000030517578,1857800,58.95115280151367
2012-11-06,61.810001373291016,62.349998474121094,61.72999954223633,61.81999969482422,1460900,58.8464469909668
2012-11-07,61.65999984741211,61.869998931884766,60.18000030517578,60.849998474121094,2352400,57.923091888427734
2012-11-08,60.689998626708984,60.849998474121094,59.650001525878906,59.7599983215332,2008900,56.885528564453125
2012-11-09,59.97999954223633,60.939998626708984,59.61000061035156,60.689998626708984,2155500,57.77079772949219
2012-11-12,60.810001373291016,60.810001373291016,60.119998931884766,60.630001068115234,1268000,57.713680267333984
2012-11-13,60.02000045776367,61.91999816894531,60,61.189998626708984,2751400,58.24674606323242
2012-11-14,61.2400016784668,62.040000915527344,60.54999923706055,60.720001220703125,3094200,57.799346923828125
2012-11-15,60.810001373291016,61.06999969482422,59.95000076293945,60.439998626708984,1435200,57.532806396484375
2012-11-16,60.349998474121094,60.959999084472656,59.810001373291016,60.59000015258789,2172300,57.675601959228516
2012-11-19,61.16999816894531,61.4900016784668,60.61000061035156,61.40999984741211,1490300,58.45616149902344
2012-11-20,61.16999816894531,61.869998931884766,60.95000076293945,61.83000183105469,1250500,58.8559684753418
2012-11-21,61.689998626708984,61.720001220703125,60.97999954223633,61.15999984741211,1549000,58.21818542480469
2012-11-23,61.650001525878906,62.63999938964844,61.02000045776367,62.63999938964844,921500,59.626991271972656
2012-11-26,62.08000183105469,62.31999969482422,61.439998626708984,62.31999969482422,1332800,59.32237243652344
2012-11-27,62.22999954223633,62.54999923706055,61.810001373291016,62.189998626708984,1624600,59.198638916015625
2012-11-28,62.0099983215332,62.779998779296875,61.380001068115234,62.75,1755600,59.731719970703125
2012-11-29,62.849998474121094,63.66999816894531,62.709999084472656,63.5099983215332,1699400,60.45515441894531
2012-11-30,63.68000030517578,63.779998779296875,63.349998474121094,63.54999923706055,1415200,60.49324035644531
2012-12-03,63.88999938964844,64.16000366210938,63.43000030517578,63.5099983215332,1778200,60.45515441894531
2012-12-04,63.630001068115234,63.790000915527344,62.91999816894531,63.61000061035156,1725500,60.55033874511719
2012-12-05,63.650001525878906,63.97999954223633,63.06999969482422,63.959999084472656,1932900,60.88349914550781
2012-12-06,63.810001373291016,64.37000274658203,63.349998474121094,64.37000274658203,2296700,61.27379608154297
2012-12-07,64.4000015258789,64.5199966430664,63.869998931884766,64.27999877929688,2122800,61.1881103515625
2012-12-10,64.0199966430664,65,64,64.77999877929688,2440600,61.664066314697266
2012-12-11,64.77999877929688,65.47000122070312,64.76000213623047,65.27999877929688,3468100,62.14002227783203
2012-12-12,65.3499984741211,65.54000091552734,65.06999969482422,65.1500015258789,3311900,62.01625061035156
2012-12-13,64.95999908447266,65.13999938964844,64.77999877929688,64.91999816894531,2596800,61.9399299621582
2012-12-14,64.79000091552734,64.8499984741211,64.0999984741211,64.20999908447266,2496000,61.26253128051758
2012-12-17,64.45999908447266,64.80000305175781,64.33999633789062,64.80000305175781,1779900,61.82545471191406
2012-12-18,64.88999938964844,65.30999755859375,64.43000030517578,65.25,2954400,62.25479507446289
2012-12-19,65.36000061035156,65.48999786376953,64.68000030517578,64.75,2287800,61.777774810791016
2012-12-20,64.30999755859375,65.16000366210938,64.1500015258789,65.1500015258789,1798300,62.15937423706055
2012-12-21,64.54000091552734,64.73999786376953,63.709999084472656,63.810001373291016,3476400,60.88091278076172
2012-12-24,63.7599983215332,64.16000366210938,63.720001220703125,63.939998626708984,620000,61.004920959472656
2012-12-26,64.0199966430664,64.41000366210938,63.27000045776367,63.279998779296875,1189300,60.375213623046875
2012-12-27,63.349998474121094,63.709999084472656,62.5,63.41999816894531,1509400,60.50880813598633
2012-12-28,63.06999969482422,63.47999954223633,62.900001525878906,62.90999984741211,1061000,60.022212982177734
2012-12-31,62.810001373291016,63.869998931884766,62.29999923706055,63.779998779296875,1451200,60.85227584838867
2013-01-02,64.79000091552734,65.18000030517578,64.54000091552734,65,1737600,62.016265869140625
2013-01-03,64.94999694824219,65.1500015258789,64.62000274658203,64.80000305175781,1321800,61.82545471191406
2013-01-04,64.94999694824219,65.63999938964844,64.68000030517578,65.37000274658203,1656000,62.36929702758789
2013-01-07,65.19999694824219,65.93000030517578,65.08000183105469,65.87999725341797,1839200,62.855865478515625
2013-01-08,65.93000030517578,65.9800033569336,65.33999633789062,65.47000122070312,1766900,62.46470260620117
2013-01-09,65.93000030517578,67.75,65.69999694824219,67.7300033569336,2421900,64.6209487915039
2013-01-10,67.91000366210938,68,66.94000244140625,67.54000091552734,1727700,64.43968200683594
2013-01-11,67.41000366210938,67.7300033569336,67.33999633789062,67.55000305175781,927700,64.4492416381836
2013-01-14,67.6500015258789,67.83999633789062,67.18000030517578,67.55999755859375,1155000,64.45872497558594
2013-01-15,67.13999938964844,67.87999725341797,67,67.73999786376953,791300,64.63048553466797
2013-01-16,67.66000366210938,67.80000305175781,67.27999877929688,67.72000122070312,979900,64.61141967773438
2013-01-17,68,69.08999633789062,67.91000366210938,68.93000030517578,1834900,65.765869140625
2013-01-18,69.16000366210938,69.44999694824219,68.77999877929688,69.4000015258789,1738300,66.21429443359375
2013-01-22,69.11000061035156,69.79000091552734,69.08000183105469,69.68000030517578,2011300,66.48146057128906
2013-01-23,69.51000213623047,69.93000030517578,69.31999969482422,69.80000305175781,1287700,66.59596252441406
2013-01-24,69.80999755859375,70.29000091552734,69.48999786376953,69.76000213623047,1263000,66.5577621459961
2013-01-25,69.9800033569336,71.25,69.68000030517578,71.20999908447266,1669800,67.94123840332031
2013-01-28,71.33999633789062,71.48999786376953,70.41000366210938,70.75,1288900,67.50233459472656
2013-01-29,70.87000274658203,70.88999938964844,70.13999938964844,70.41999816894531,1634900,67.18748474121094
2013-01-30,70.4800033569336,71.58999633789062,70.12999725341797,70.38999938964844,3348200,67.1588363647461
2013-01-31,70.55000305175781,72.4800033569336,70.01000213623047,72.13999938964844,3834100,68.82852172851562
2013-02-01,72.80000305175781,75.79000091552734,72.80000305175781,74.77999877929688,4263300,71.34735107421875
2013-02-04,74.16000366210938,74.37999725341797,71.95999908447266,72.44000244140625,3140200,69.1147232055664
2013-02-05,72.88999938964844,74.80000305175781,72.75,74.79000091552734,2716400,71.35688781738281
2013-02-06,74.26000213623047,74.26000213623047,73.58000183105469,73.83000183105469,2127400,70.44092559814453
2013-02-07,73.83999633789062,74,73.05000305175781,73.80999755859375,1435300,70.42184448242188
2013-02-08,73.91999816894531,74.62999725341797,73.87000274658203,74.58999633789062,1527300,71.1660385131836
2013-02-11,74.56999969482422,74.80000305175781,73.83000183105469,74.75,1805800,71.31869506835938
2013-02-12,74.73999786376953,74.95999908447266,74.18000030517578,74.58000183105469,1323500,71.15650177001953
2013-02-13,74.79000091552734,75.3499984741211,74.63999938964844,75.0999984741211,1536900,71.6526870727539
2013-02-14,74.81999969482422,75.02999877929688,74.4800033569336,74.87999725341797,2027400,71.44274139404297
2013-02-15,74.83999633789062,74.8499984741211,73.98999786376953,74.43000030517578,2073900,71.01338958740234
2013-02-19,74.33999633789062,75.04000091552734,74.22000122070312,75,1477300,71.55723571777344
2013-02-20,73.94999694824219,74.33999633789062,72.58999633789062,72.63999938964844,3543700,69.3055648803711
2013-02-21,72.5,72.61000061035156,71.72000122070312,72.08999633789062,2770300,68.78079986572266
2013-02-22,72.37000274658203,72.9800033569336,72.06999969482422,72.94999694824219,1369800,69.60135650634766
2013-02-25,73.30000305175781,73.48999786376953,71.5999984741211,71.5999984741211,1443500,68.31332397460938
2013-02-26,72.36000061035156,73.54000091552734,72.16999816894531,73.23999786376953,2766200,69.87800598144531
2013-02-27,72.87000274658203,74.5,72.70999908447266,74.25,1425700,70.8416519165039
2013-02-28,74.41999816894531,74.88999938964844,73.7699966430664,73.80000305175781,2170600,70.4123306274414
2013-03-01,73.27999877929688,74.86000061035156,72.87000274658203,74.77999877929688,1818400,71.34735107421875
2013-03-04,74.30000305175781,75.33999633789062,74.16999816894531,75.33000183105469,1402800,71.8720703125
2013-03-05,75.62000274658203,76.5,75.4000015258789,76.43000030517578,1941000,72.92159271240234
2013-03-06,76.69000244140625,76.80999755859375,76.38999938964844,76.66999816894531,1401600,73.15059661865234
2013-03-07,76.93000030517578,76.94999694824219,76.16000366210938,76.48999786376953,1299400,72.97882843017578
2013-03-08,76.86000061035156,77.11000061035156,76.33999633789062,77.04000091552734,1295800,73.50357818603516
2013-03-11,76.94000244140625,77.22000122070312,76.56999969482422,77.22000122070312,1100000,73.67532348632812
2013-03-12,77.08000183105469,77.8499984741211,76.94999694824219,77.69999694824219,1632500,74.13331604003906
2013-03-13,77.51000213623047,77.73999786376953,75.79000091552734,77.62000274658203,1109500,74.20020294189453
2013-03-14,77.70999908447266,77.75,77.31999969482422,77.3499984741211,1739400,73.94212341308594
2013-03-15,76.7699966430664,77.43000030517578,76.37000274658203,77.1500015258789,2182300,73.75093078613281
2013-03-18,76.3499984741211,77.1500015258789,76.08000183105469,76.80000305175781,1615400,73.41632080078125
2013-03-19,77.19999694824219,77.6500015258789,76.81999969482422,77.41000366210938,2107100,73.99946594238281
2013-03-20,78.02999877929688,78.04000091552734,77.36000061035156,77.56999969482422,2058600,74.15241241455078
2013-03-21,77.29000091552734,77.33000183105469,75.76000213623047,76.62999725341797,3462100,73.25382232666016
2013-03-22,77.30000305175781,77.30000305175781,75.70999908447266,75.95999908447266,2450900,72.6133804321289
2013-03-25,76.05000305175781,76.3499984741211,74.58000183105469,74.69000244140625,3293800,71.39930725097656
2013-03-26,74.87999725341797,75.43000030517578,74.66000366210938,74.9000015258789,3312900,71.60005950927734
2013-03-27,74.66000366210938,75.30999755859375,73.80999755859375,75.16999816894531,2388700,71.85816192626953
2013-03-28,75.22000122070312,76.61000061035156,75,76.48999786376953,1757100,73.11998748779297
2013-04-01,76.30000305175781,76.3499984741211,75.2699966430664,75.52999877929688,1588800,72.20230865478516
2013-04-02,75.43000030517578,78.6500015258789,75.3499984741211,78.55999755859375,5012100,75.09879302978516
2013-04-03,78.47000122070312,79.25,77.77999877929688,78.0999984741211,4274900,74.6590347290039
2013-04-04,77.66999816894531,78.70999908447266,77.66999816894531,77.91999816894531,1888700,74.48700714111328
2013-04-05,76.01000213623047,77.30000305175781,75.44999694824219,77.16000366210938,2675100,73.76046752929688
2013-04-08,77.26000213623047,78.3499984741211,76.97000122070312,78.33999633789062,1816400,74.88846588134766
2013-04-09,78.72000122070312,78.83000183105469,78.08999633789062,78.37999725341797,1720300,74.92672729492188
2013-04-10,79.16999816894531,81.54000091552734,79.16999816894531,81.33999633789062,4438100,77.75630187988281
2013-04-11,81.72000122070312,81.95999908447266,79.86000061035156,79.91000366210938,4967400,76.38934326171875
2013-04-12,79.69999694824219,80.29000091552734,79.5,79.58999633789062,2325200,76.08338928222656
2013-04-15,84.27999877929688,84.55000305175781,77.80999755859375,78.58000183105469,14442500,75.11791229248047
2013-04-16,79.5199966430664,81.98999786376953,79.36000061035156,81.81999969482422,8360300,78.21515655517578
2013-04-17,81.5999984741211,81.97000122070312,80.5999984741211,81.5,3789900,77.90926361083984
2013-04-18,81.41000366210938,81.62999725341797,79.66999816894531,80.08000183105469,2782300,76.55181884765625
2013-04-19,80.55000305175781,80.55000305175781,79.61000061035156,80.02999877929688,3000400,76.5040283203125
2013-04-22,80.05999755859375,80.2699966430664,79.37000274658203,79.94999694824219,1978700,76.42758178710938
2013-04-23,80.23999786376953,81.41000366210938,80.04000091552734,80.63999938964844,2568500,77.08716583251953
2013-04-24,81.38999938964844,82.0999984741211,80.9000015258789,81.19999694824219,4223300,77.62250518798828
2013-04-25,81.30000305175781,81.38999938964844,79.98999786376953,80.12000274658203,2500600,76.59004211425781
2013-04-26,79.69999694824219,81.30999755859375,79.55999755859375,81.12999725341797,2812600,77.55557250976562
2013-04-29,81.23999786376953,81.25,80.58000183105469,80.76000213623047,1269700,77.20185089111328
2013-04-30,80.51000213623047,81,80.20999908447266,80.68000030517578,2407300,77.12539672851562
2013-05-01,80.44000244140625,80.7699966430664,80.2699966430664,80.72000122070312,1667900,77.16361236572266
2013-05-02,81.12000274658203,81.7300033569336,80.73999786376953,81.5999984741211,1558600,78.0048828125
2013-05-03,82.0999984741211,82.58999633789062,81.91000366210938,82.16999816894531,1687000,78.54976654052734
2013-05-06,82.16000366210938,83,81.91999816894531,82.44000244140625,2088300,78.80784606933594
2013-05-07,82.44000244140625,83.94999694824219,82.0199966430664,83.91000366210938,2809200,80.21310424804688
2013-05-08,83.93000030517578,84.12999725341797,83.19999694824219,84.11000061035156,1780100,80.40426635742188
2013-05-09,84.16000366210938,84.19999694824219,83.22000122070312,83.4800033569336,1135600,79.80204772949219
2013-05-10,84.01000213623047,84.5,83.26000213623047,84.45999908447266,2477200,80.73884582519531
2013-05-13,84.11000061035156,84.55999755859375,83.83000183105469,84.38999938964844,1573900,80.67193603515625
2013-05-14,84.22000122070312,84.83000183105469,84.1500015258789,84.70999908447266,1387600,80.97785949707031
2013-05-15,84.63999938964844,86.19000244140625,84.25,86.01000213623047,2579800,82.22055053710938
2013-05-16,85.56999969482422,86.30000305175781,85.4000015258789,85.5,2646900,81.73303985595703
2013-05-17,85.7300033569336,86.41999816894531,85.41999816894531,86.2699966430664,1748600,82.46912384033203
2013-05-20,86.69999694824219,87.1500015258789,86.4000015258789,86.77999877929688,1794300,82.95662689208984
2013-05-21,86.94000244140625,87.75,86.9000015258789,87.3499984741211,1840300,83.50152587890625
2013-05-22,87.41000366210938,88.08000183105469,85.79000091552734,86.27999877929688,2421000,82.4786605834961
2013-05-23,85.72000122070312,86.02999877929688,84.9800033569336,85.69000244140625,2213500,81.91468811035156
2013-05-24,85.12000274658203,87.25,84.5199966430664,87.22000122070312,2156400,83.37725067138672
2013-05-28,87.88999938964844,88.91999816894531,87.72000122070312,88.27999877929688,2336600,84.39051818847656
2013-05-29,87.61000061035156,87.97000122070312,86.8499984741211,87.36000061035156,1821700,83.51109313964844
2013-05-30,87.52999877929688,89.0999984741211,87.41000366210938,88.76000213623047,1846700,84.84941101074219
2013-05-31,88.6500015258789,89.5,88.13999938964844,88.30000305175781,2923200,84.40966796875
2013-06-03,88.81999969482422,89,87.66999816894531,88.51000213623047,1734400,84.61043548583984
2013-06-04,88.37000274658203,88.98999786376953,88.11000061035156,88.2699966430664,2113900,84.3810043334961
2013-06-05,88.08999633789062,88.37999725341797,86.16000366210938,86.19999694824219,2457300,82.4021987915039
2013-06-06,85.66000366210938,87.16999816894531,85.04000091552734,86.94999694824219,3828100,83.11912536621094
2013-06-07,84.91000366210938,85.55000305175781,84.5,84.58000183105469,15530800,80.85356903076172
2013-06-10,84.94999694824219,86.01000213623047,84.75,85.80000305175781,3948100,82.01982879638672
2013-06-11,85.06999969482422,85.93000030517578,84.5,85.41999816894531,2417600,81.65655517578125
2013-06-12,85.97000122070312,86,84.23999786376953,84.3499984741211,2092400,80.63372039794922
2013-06-13,84.98999786376953,85.55000305175781,83.37000274658203,85.3499984741211,2426500,81.73497772216797
2013-06-14,85.16000366210938,86.08999633789062,84.7699966430664,85.12000274658203,1929300,81.51470947265625
2013-06-17,85.58999633789062,86.1500015258789,85.19999694824219,85.55000305175781,2175500,81.92652893066406
2013-06-18,85.79000091552734,86.37999725341797,85.48999786376953,86.18000030517578,2176100,82.52986145019531
2013-06-19,86.06999969482422,86.2699966430664,84.69000244140625,84.69000244140625,2029400,81.10294342041016
2013-06-20,83.7300033569336,83.73999786376953,81.18000030517578,81.66000366210938,3701800,78.20127868652344
2013-06-21,82.27999877929688,83.5199966430664,82.01000213623047,83.08999633789062,3578600,79.5707015991211
2013-06-24,82.26000213623047,83,81.04000091552734,82.23999786376953,2439500,78.75670623779297
2013-06-25,82.91000366210938,83.37999725341797,82.4800033569336,83.12999725341797,1771300,79.60899353027344
2013-06-26,83.7699966430664,84.20999908447266,83.01000213623047,83.4000015258789,1960300,79.86763000488281
2013-06-27,84.08999633789062,85.76000213623047,84,85.37000274658203,3201200,81.75414276123047
2013-06-28,84.98999786376953,85.45999908447266,84.62000274658203,84.62999725341797,2608500,81.04547119140625
2013-07-01,85.02999877929688,87.48999786376953,84.94000244140625,86.3499984741211,2551200,82.6926498413086
2013-07-02,86.08000183105469,86.33000183105469,84.9000015258789,84.98999786376953,2183300,81.39024353027344
2013-07-03,84.56999969482422,85.37000274658203,84.41000366210938,84.94999694824219,1015800,81.35192108154297
2013-07-05,85.51000213623047,85.58000183105469,84.83999633789062,85.41999816894531,1166900,81.802001953125
2013-07-08,86.01000213623047,86.62999725341797,85.6500015258789,85.94000244140625,1089400,82.3000259399414
2013-07-09,86.8499984741211,87.38999938964844,86.25,87.2699966430664,2015800,83.57366943359375
2013-07-10,87.08000183105469,88.06999969482422,87,88.04000091552734,1754800,84.31107330322266
2013-07-11,88.83000183105469,89.19999694824219,88.20999908447266,88.41999816894531,1739500,84.67497253417969
2013-07-12,88.52999877929688,88.80999755859375,87.88999938964844,88.19000244140625,1549600,84.4547348022461
2013-07-15,88.37999725341797,88.62999725341797,87.80999755859375,88.23999786376953,1394800,84.50257873535156
2013-07-16,88.33999633789062,88.43000030517578,86.91999816894531,87.55999755859375,1511100,83.85139465332031
2013-07-17,87.80999755859375,87.98999786376953,87.16999816894531,87.79000091552734,1572200,84.0716552734375
2013-07-18,87.8499984741211,88.98999786376953,87.83999633789062,88.95999908447266,1763000,85.19210052490234
2013-07-19,89.1500015258789,89.62999725341797,88.70999908447266,89.58000183105469,1772400,85.78581237792969
2013-07-22,89.41999816894531,90.36000061035156,89.3499984741211,90.33000183105469,1153900,86.50407409667969
2013-07-23,89.33999633789062,90.31999969482422,89.23999786376953,89.5199966430664,1617100,85.7283706665039
2013-07-24,90.5,92.29000091552734,90.4000015258789,90.61000061035156,3072200,86.77220153808594
2013-07-25,90.37000274658203,91.38999938964844,89.79000091552734,91.25,1634800,87.3851089477539
2013-07-26,90.95999908447266,91.16000366210938,89.7699966430664,90.58999633789062,1786700,86.75304412841797
2013-07-29,90.3499984741211,90.88999938964844,90.11000061035156,90.4000015258789,1809600,86.57112884521484
2013-07-30,90.75,90.97000122070312,90.33000183105469,90.4800033569336,1931900,86.64772033691406
2013-07-31,90.61000061035156,91.87000274658203,90.47000122070312,91.11000061035156,1777600,87.25101470947266
2013-08-01,92.31999969482422,92.72000122070312,91.79000091552734,92.0199966430664,1464800,88.12248229980469
2013-08-02,91.6500015258789,92,91.52999877929688,91.80999755859375,1191800,87.92138671875
2013-08-05,91.58000183105469,92.30000305175781,91.54000091552734,92.05000305175781,1475500,88.15121459960938
2013-08-06,92,92.2699966430664,91.62000274658203,92.08000183105469,1318900,88.179931640625
2013-08-07,92.01000213623047,92.08000183105469,91.43000030517578,91.68000030517578,1429700,87.79691314697266
2013-08-08,92.2300033569336,92.4000015258789,91.70999908447266,91.95999908447266,1250000,88.06500244140625
2013-08-09,91.76000213623047,92.55000305175781,91.76000213623047,92.47000122070312,1069500,88.55342102050781
2013-08-12,92.05999755859375,92.37999725341797,91.5999984741211,92.18000030517578,884200,88.27571868896484
2013-08-13,92.18000030517578,92.66999816894531,91.61000061035156,92.6500015258789,871500,88.7258071899414
2013-08-14,92.55999755859375,92.66999816894531,91.9000015258789,92.05999755859375,1097800,88.16078186035156
2013-08-15,91.30000305175781,91.75,90.95999908447266,91.30000305175781,1335600,87.4329605102539
2013-08-16,91.0199966430664,91.16999816894531,90.36000061035156,90.69000244140625,1246800,86.84881591796875
2013-08-19,90.56999969482422,91.16999816894531,90.30999755859375,90.41999816894531,977000,86.59025573730469
2013-08-20,90.44000244140625,90.68000030517578,90.05000305175781,90.31999969482422,1029900,86.49449157714844
2013-08-21,90.25,90.7300033569336,89.54000091552734,90.06999969482422,1732700,86.25505065917969
2013-08-22,90.08999633789062,90.6500015258789,90,90.3499984741211,1287400,86.52323913574219
2013-08-23,90.55999755859375,91.05000305175781,89.94999694824219,90.8499984741211,1218900,87.00201416015625
2013-08-26,91,91.58999633789062,90.36000061035156,90.36000061035156,1128100,86.5328140258789
2013-08-27,89.38999938964844,89.38999938964844,88.52999877929688,88.83000183105469,1886600,85.06761169433594
2013-08-28,88.81999969482422,89.18000030517578,88.12999725341797,88.9000015258789,1017200,85.13462829589844
2013-08-29,88.62999725341797,89.80999755859375,88.44000244140625,89.16999816894531,856100,85.39320373535156
2013-08-30,89.2300033569336,89.27999877929688,88.54000091552734,88.83000183105469,964500,85.06761169433594
2013-09-03,89.97000122070312,90.5,89.41000366210938,90.12000274658203,1556900,86.3029556274414
2013-09-04,90.04000091552734,90.93000030517578,89.76000213623047,90.8499984741211,1265700,87.00201416015625
2013-09-05,90.86000061035156,90.94999694824219,90.2699966430664,90.68000030517578,858900,86.83921813964844
2013-09-06,90.87999725341797,91.19000244140625,89.70999908447266,90.51000213623047,1079200,86.67640686035156
2013-09-09,90.7699966430664,91.5,90.72000122070312,91.11000061035156,1128100,87.25101470947266
2013-09-10,91.47000122070312,91.80000305175781,90.58999633789062,90.7699966430664,2844000,86.92539978027344
2013-09-11,90.77999877929688,91,90.08999633789062,90.80000305175781,2226800,86.95418548583984
2013-09-12,90.4800033569336,91.33000183105469,90.37000274658203,91.06999969482422,2152200,87.3570327758789
2013-09-13,91.05000305175781,91.33999633789062,90.5199966430664,91.11000061035156,1435000,87.3954086303711
2013-09-16,92.01000213623047,92.33000183105469,91.37000274658203,91.7699966430664,1341600,88.02851867675781
2013-09-17,91.73999786376953,93.30999755859375,91.69999694824219,93.29000091552734,2286500,89.48653411865234
2013-09-18,93.27999877929688,94.31999969482422,92.25,94.25,1600400,90.4073715209961
2013-09-19,94.5,94.6500015258789,93.9000015258789,94.23999786376953,2183900,90.3978042602539
2013-09-20,94.43000030517578,94.73999786376953,93.45999908447266,93.48999786376953,2096400,89.67833709716797
2013-09-23,93.19999694824219,93.76000213623047,92.9000015258789,93.31999969482422,1013500,89.51530456542969
2013-09-24,93.37000274658203,93.45999908447266,92.45999908447266,92.81999969482422,1282500,89.03569793701172
2013-09-25,92.91999816894531,92.91999816894531,91.94000244140625,92.37000274658203,1183500,88.6040267944336
2013-09-26,92.45999908447266,93.25,92.33999633789062,93.01000213623047,1051200,89.21796417236328
2013-09-27,92.62999725341797,93.30999755859375,92.29000091552734,93.01000213623047,1124200,89.21796417236328
2013-09-30,92.22000122070312,92.66999816894531,92,92.1500015258789,1270000,88.39300537109375
2013-10-01,92.20999908447266,93.29000091552734,92.02999877929688,92.8499984741211,1059800,89.0644760131836
2013-10-02,92.08999633789062,92.51000213623047,91.51000213623047,92.5,1425700,88.7287368774414
2013-10-03,92.2300033569336,92.26000213623047,90.61000061035156,91.33999633789062,1353400,87.61603546142578
2013-10-04,91.5199966430664,92.87999725341797,91.33000183105469,92.36000061035156,1279000,88.59442138671875
2013-10-07,91.95999908447266,92.33000183105469,91.51000213623047,91.72000122070312,1138700,87.98053741455078
2013-10-08,91.75,91.75,90.62000274658203,90.68000030517578,1484800,86.98291015625
2013-10-09,90.77999877929688,90.87000274658203,89.70999908447266,89.93000030517578,2025900,86.26351928710938
2013-10-10,90.5199966430664,92.37999725341797,90.37000274658203,92.2699966430664,1594000,88.50811004638672
2013-10-11,92.0999984741211,93.08000183105469,91.7300033569336,92.95999908447266,1394800,89.16996765136719
2013-10-14,92.29000091552734,92.75,91.26000213623047,92.66000366210938,1784400,88.88220977783203
2013-10-15,92.41999816894531,92.77999877929688,91.63999938964844,91.83999633789062,1506300,88.09561920166016
2013-10-16,92.16000366210938,93.80999755859375,92.0199966430664,93.51000213623047,2243000,89.6975326538086
2013-10-17,93.1500015258789,96.06999969482422,92.88999938964844,95.62000274658203,2110400,91.72152709960938
2013-10-18,96.16000366210938,96.79000091552734,95.5999984741211,96.12000274658203,1582400,92.20115661621094
2013-10-21,96.0999984741211,96.66999816894531,95.16999816894531,95.25,1789800,91.36662292480469
2013-10-22,95.31999969482422,96.6500015258789,95.08000183105469,95.81999969482422,2756800,91.91338348388672
2013-10-23,97.5199966430664,97.93000030517578,95.2300033569336,97.4800033569336,2098700,93.50572967529297
2013-10-24,97.77999877929688,98.36000061035156,96.9000015258789,97.02999877929688,1732700,93.07405090332031
2013-10-25,97.02999877929688,97.81999969482422,96.80000305175781,97.80999755859375,1216800,93.82221984863281
2013-10-28,97.7699966430664,98.02999877929688,97.4800033569336,97.87000274658203,907500,93.87980651855469
2013-10-29,97.83000183105469,98.44999694824219,97.4800033569336,98.41999816894531,1139000,94.4073715209961
2013-10-30,98.5,98.5199966430664,96.91000366210938,97.48999786376953,1050700,93.51527404785156
2013-10-31,97.62000274658203,98.31999969482422,96.30999755859375,97.77999877929688,2225000,93.79347229003906
2013-11-01,98.18000030517578,98.48999786376953,97.63999938964844,97.93000030517578,1731200,93.93737030029297
2013-11-04,98.29000091552734,98.29000091552734,97.5,98.05000305175781,1219500,94.05247497558594
2013-11-05,97.55000305175781,97.75,96.83000183105469,97.08999633789062,1406400,93.13160705566406
2013-11-06,97.25,98.41000366210938,97.16999816894531,97.56999969482422,1164100,93.59199523925781
2013-11-07,97.76000213623047,98.01000213623047,96.08999633789062,96.16000366210938,1142000,92.2395248413086
2013-11-08,95.9800033569336,98.2300033569336,95.5199966430664,98.16999816894531,1357200,94.16754150390625
2013-11-11,98.2699966430664,98.44999694824219,97.79000091552734,98.41000366210938,1024700,94.3978042602539
2013-11-12,98.08999633789062,98.44999694824219,97.27999877929688,97.69000244140625,1096500,93.70712280273438
2013-11-13,97.29000091552734,98.8499984741211,96.87999725341797,98.80999755859375,2310800,94.78145599365234
2013-11-14,98.80999755859375,100.20999908447266,98.41999816894531,100.20999908447266,1719800,96.1243896484375
2013-11-15,100.01000213623047,101.5199966430664,100.01000213623047,101.37000274658203,1720500,97.23709869384766
2013-11-18,101.38999938964844,101.5,100.44999694824219,100.7699966430664,861100,96.66159057617188
2013-11-19,100.41000366210938,101.04000091552734,99.94000244140625,100.51000213623047,1059600,96.41214752197266
2013-11-20,100.5,101.58999633789062,100.47000122070312,101.06999969482422,1060000,96.94933319091797
2013-11-21,103.12000274658203,103.12000274658203,101.33000183105469,101.81999969482422,1317100,97.66876983642578
2013-11-22,101.87999725341797,102.19999694824219,101.44999694824219,101.51000213623047,1421300,97.37138366699219
2013-11-25,101.80999755859375,102.58000183105469,101.5,101.98999786376953,1209000,97.83182525634766
2013-11-26,102.22000122070312,102.52999877929688,101.43000030517578,101.44999694824219,1467000,97.31381225585938
2013-11-27,101.5199966430664,101.66999816894531,100.62000274658203,101,1579600,96.88217163085938
2013-11-29,101.26000213623047,101.62999725341797,100.68000030517578,100.8499984741211,854900,96.73831939697266
2013-12-02,101.08999633789062,101.48999786376953,100.61000061035156,100.83000183105469,1346400,96.71913146972656
2013-12-03,100.5,101.06999969482422,100.1500015258789,100.91999816894531,1390300,96.80545043945312
2013-12-04,100.5,101.2300033569336,99.12000274658203,100.22000122070312,1101000,96.13399505615234
2013-12-05,99.97000122070312,101.02999877929688,99.75,99.93000030517578,1245600,95.8558120727539
2013-12-06,100.58999633789062,102.80999755859375,100.54000091552734,102.70999908447266,1840100,98.52245330810547
2013-12-09,102.9800033569336,103.18000030517578,101.87999725341797,102.0199966430664,1564200,97.86060333251953
2013-12-10,101.94000244140625,102.47000122070312,101.44999694824219,101.93000030517578,1182500,97.7742691040039
2013-12-11,101.66000366210938,102.2300033569336,100.73999786376953,101.19999694824219,1888700,97.07403564453125
2013-12-12,100.69000244140625,100.95999908447266,100.04000091552734,100.2300033569336,1308900,96.28630065917969
2013-12-13,100.52999877929688,101.63999938964844,100.41999816894531,101.33999633789062,1030600,97.35258483886719
2013-12-16,101.66999816894531,102.51000213623047,101.16000366210938,102.23999786376953,1658700,98.21719360351562
2013-12-17,102.4000015258789,102.86000061035156,101.5,102.31999969482422,1867400,98.29405212402344
2013-12-18,102.73999786376953,106.5,102.45999908447266,106.41999816894531,3093700,102.23271179199219
2013-12-19,106.41000366210938,108.27999877929688,105.93000030517578,108.16000366210938,2573600,103.90430450439453
2013-12-20,108.69999694824219,108.86000061035156,108.19000244140625,108.56999969482422,2416900,104.29814147949219
2013-12-23,109.5,109.5,108.44000244140625,108.83999633789062,1841300,104.55753326416016
2013-12-24,108.79000091552734,109.66000366210938,108.66000366210938,109.41000366210938,458400,105.10509490966797
2013-12-26,109.77999877929688,110.56999969482422,109.66000366210938,110.2699966430664,995800,105.93123626708984
2013-12-27,110.4000015258789,111.02999877929688,110.3499984741211,110.66999816894531,899800,106.31550598144531
2013-12-30,110.73999786376953,111.08999633789062,110.05999755859375,110.58999633789062,875400,106.23865509033203
2013-12-31,110.91000366210938,111.44000244140625,110.63999938964844,111.3499984741211,1147900,106.96874237060547
2014-01-02,110.69000244140625,111.16000366210938,109.29000091552734,109.62999725341797,2559000,105.31643676757812
2014-01-03,109.95999908447266,110.4800033569336,109.66999816894531,110.05000305175781,1486400,105.71991729736328
2014-01-06,110.56999969482422,111.19999694824219,109.62999725341797,110.05999755859375,1891400,105.72952270507812
2014-01-07,111.08999633789062,112.4800033569336,110.75,112.30999755859375,2247000,107.8909912109375
2014-01-08,112.33000183105469,114.13999938964844,112.27999877929688,114.04000091552734,2841900,109.55291748046875
2014-01-09,114.16999816894531,114.80999755859375,113.48999786376953,114,2196300,109.51451110839844
2014-01-10,113.58000183105469,114.61000061035156,113.56999969482422,114.45999908447266,1492100,109.95636749267578
2014-01-13,114.0199966430664,114.58999633789062,112.68000030517578,112.98999786376953,2048800,108.54422760009766
2014-01-14,113.9000015258789,114.88999938964844,112.72000122070312,114.76000213623047,1693700,110.24459075927734
2014-01-15,115.12000274658203,115.70999908447266,114.58999633789062,115.5199966430664,1537200,110.97466278076172
2014-01-16,114.8499984741211,116.16000366210938,114.8499984741211,116.11000061035156,1847800,111.54146575927734
2014-01-17,115.76000213623047,116.5,115.58999633789062,115.88999938964844,2549600,111.33011627197266
2014-01-21,116.29000091552734,116.5,114.5999984741211,114.94999694824219,2201600,110.4271240234375
2014-01-22,115.06999969482422,115.36000061035156,114.37999725341797,114.69999694824219,2010400,110.18694305419922
2014-01-23,114.41000366210938,114.54000091552734,111.98999786376953,112.80999755859375,3400200,108.37129211425781
2014-01-24,113.13999938964844,113.13999938964844,109.93000030517578,109.94999694824219,3893400,105.62385559082031
2014-01-27,109.9000015258789,111.30000305175781,109.08000183105469,109.87000274658203,2483800,105.5469970703125
2014-01-28,110.58999633789062,112.43000030517578,110.58999633789062,112.31999969482422,2526400,107.90057373046875
2014-01-29,111.18000030517578,112.13999938964844,110.33999633789062,111.75,2904000,107.35302734375
2014-01-30,115.91999816894531,117.68000030517578,113.80999755859375,114.98999786376953,5155900,110.4655532836914
2014-01-31,114.61000061035156,115.54000091552734,113.52999877929688,115.13999938964844,3000300,110.60962677001953
2014-02-03,115.16999816894531,115.87000274658203,112.9000015258789,113.12999725341797,3776000,108.67871856689453
2014-02-04,113.7300033569336,114.41999816894531,112.4800033569336,112.95999908447266,3164000,108.51539611816406
2014-02-05,112.98999786376953,113.2699966430664,111.20999908447266,113.19999694824219,2826400,108.74596405029297
2014-02-06,113.56999969482422,114.77999877929688,113.2699966430664,114.43000030517578,2483900,109.92755889892578
2014-02-07,115.2300033569336,117.91000366210938,115.04000091552734,117.7699966430664,3161500,113.13616180419922
2014-02-10,117.31999969482422,119,117.25,118.61000061035156,4233000,113.94310760498047
2014-02-11,119.76000213623047,121.20999908447266,118.75,121,3766800,116.23905181884766
2014-02-12,121.06999969482422,121.93000030517578,120.73999786376953,121.5199966430664,3605700,116.73859405517578
2014-02-13,120.87000274658203,123.43000030517578,120.61000061035156,122.9000015258789,2540600,118.0643081665039
2014-02-14,122.79000091552734,123.98999786376953,122.62999725341797,123.73999786376953,7586200,118.87124633789062
2014-02-18,123.76000213623047,124.16999816894531,122.66999816894531,123.55000305175781,2845500,118.68871307373047
2014-02-19,123.55000305175781,124.37000274658203,121.5999984741211,121.80999755859375,2884500,117.01721954345703
2014-02-20,124.33000183105469,125.01000213623047,122.48999786376953,124.70999908447266,3456900,119.80308532714844
2014-02-21,124.70999908447266,124.8499984741211,123.08000183105469,123.18000030517578,2646200,118.333251953125
2014-02-24,123.05000305175781,124.9000015258789,123.05000305175781,123.37000274658203,2878200,118.51579284667969
2014-02-25,123.4800033569336,124.30000305175781,123.08999633789062,123.80999755859375,2625900,118.9384994506836
2014-02-26,123.87000274658203,125.18000030517578,123.43000030517578,124.27999877929688,2620000,119.38999938964844
2014-02-27,124.2300033569336,125.20999908447266,123.80999755859375,124.91000366210938,2213900,119.99523162841797
2014-02-28,125.29000091552734,125.81999969482422,123.61000061035156,124.54000091552734,3147600,119.63978576660156
2014-03-03,123.06999969482422,123.9800033569336,122.13999938964844,123.3499984741211,2106700,118.4966049194336
2014-03-04,124.58999633789062,125.58000183105469,124.58999633789062,125.3499984741211,2354800,120.41791534423828
2014-03-05,124.87000274658203,126.23999786376953,124.19000244140625,125.91000366210938,2184000,120.95587921142578
2014-03-06,127.1500015258789,127.62999725341797,125.8499984741211,126.4000015258789,1649500,121.42658996582031
2014-03-07,127.02999877929688,127.02999877929688,125.6500015258789,126.66999816894531,1690600,121.68596649169922
2014-03-10,126.4800033569336,126.69999694824219,125.25,126.27999877929688,1766700,121.3113021850586
2014-03-11,126.37000274658203,127.05000305175781,125.75,126.2300033569336,1341700,121.2632827758789
2014-03-12,125.6500015258789,126.58000183105469,125.02999877929688,126.48999786376953,3107300,121.51305389404297
2014-03-13,126.55000305175781,126.83999633789062,122.58999633789062,123.25,2413600,118.54109191894531
2014-03-14,122.95999908447266,123.58999633789062,121.81999969482422,122.25,2078600,117.57930755615234
2014-03-17,123.08000183105469,124.31999969482422,122.62000274658203,123.0199966430664,1254800,118.31988525390625
2014-03-18,123,123.9800033569336,122.9000015258789,123.7300033569336,1209200,119.00277709960938
2014-03-19,123.83000183105469,124.31999969482422,121.80000305175781,122.72000122070312,1532900,118.0313491821289
2014-03-20,122.5999984741211,123.83000183105469,122.13999938964844,123.58000183105469,1352200,118.85846710205078
2014-03-21,124.83000183105469,125.87000274658203,122.83999633789062,122.9000015258789,4441500,118.20448303222656
2014-03-24,123.30999755859375,123.55999755859375,119.3499984741211,120.6500015258789,2763400,116.04045867919922
2014-03-25,121.22000122070312,122.41999816894531,117.08000183105469,119.3499984741211,3971600,114.79011535644531
2014-03-26,119.72000122070312,120.58000183105469,118.02999877929688,118.04000091552734,2119100,113.53018188476562
2014-03-27,118.08000183105469,118.58000183105469,116.62000274658203,117.66999816894531,2187400,113.1742935180664
2014-03-28,118.02999877929688,120,117.62999725341797,118.5,1668900,113.97258758544922
2014-03-31,119.45999908447266,120.55999755859375,119.45999908447266,120.23999786376953,1530700,115.64608764648438
2014-04-01,120.54000091552734,121.9800033569336,120.54000091552734,121.87999725341797,1802600,117.22346496582031
2014-04-02,121.91999816894531,122.55999755859375,121.6500015258789,122.19999694824219,1480000,117.53123474121094
2014-04-03,122.31999969482422,122.7300033569336,120.70999908447266,121.80000305175781,2544700,117.14651489257812
2014-04-04,122.62999725341797,123.37000274658203,119.69999694824219,119.87999725341797,1861000,115.29987335205078
2014-04-07,119.7300033569336,120.22000122070312,116.76000213623047,117.80000305175781,2817000,113.29932403564453
2014-04-08,117.5,118.41999816894531,115.30999755859375,117.20999908447266,2286300,112.73186492919922
2014-04-09,117.62999725341797,120.43000030517578,117,120.4000015258789,1574300,115.8000259399414
2014-04-10,120.41000366210938,120.58999633789062,116.55999755859375,116.9800033569336,2747100,112.5106430053711
2014-04-11,116.1500015258789,117.4000015258789,115.25,115.7699966430664,2313800,111.34688568115234
2014-04-14,116.43000030517578,116.8499984741211,115.08000183105469,116.4000015258789,1519700,111.95281219482422
2014-04-15,116.77999877929688,117.98999786376953,114.91000366210938,117.6500015258789,2546300,113.15507507324219
2014-04-16,118.55000305175781,119.83999633789062,117.66000366210938,119.70999908447266,2735700,115.13636016845703
2014-04-17,119.44000244140625,120.11000061035156,118.5199966430664,119.30000305175781,1733300,114.74205017089844
2014-04-21,119.18000030517578,119.9000015258789,118.38999938964844,119.36000061035156,1600000,114.79972839355469
2014-04-22,119.47000122070312,121.2699966430664,119.12999725341797,120.3499984741211,2491400,115.75190734863281
2014-04-23,121.70999908447266,121.7699966430664,114.52999877929688,119.38999938964844,4405400,114.82861328125
2014-04-24,119.58999633789062,119.58999633789062,114.23999786376953,115.37999725341797,4507400,110.97176361083984
2014-04-25,114.81999969482422,115.91999816894531,113.7300033569336,114.29000091552734,3151600,109.9234390258789
2014-04-28,115.0999984741211,115.41999816894531,112.0199966430664,113.58999633789062,2474600,109.25019073486328
2014-04-29,113.87000274658203,115.25,113.30999755859375,114.63999938964844,2199400,110.26004028320312
2014-04-30,114.5199966430664,114.61000061035156,113.16999816894531,114,2018400,109.64453125
2014-05-01,113.72000122070312,114.95999908447266,113.1500015258789,114.91999816894531,1550400,110.52935028076172
2014-05-02,114.79000091552734,115.66000366210938,114.05999755859375,114.22000122070312,1736700,109.85614013671875
2014-05-05,113.77999877929688,115.11000061035156,112.75,114.81999969482422,1153400,110.4332046508789
2014-05-06,114.69000244140625,115.33999633789062,113.81999969482422,114.41999816894531,1911600,110.04849243164062
2014-05-07,114.5999984741211,116.61000061035156,113.6500015258789,116.44000244140625,1820600,111.99128723144531
2014-05-08,116.25,117.37000274658203,115.4000015258789,115.62999725341797,1232100,111.21221923828125
2014-05-09,115.36000061035156,117.1500015258789,114.36000061035156,116.5999984741211,1088600,112.14520263671875
2014-05-12,117.26000213623047,118.76000213623047,115.55999755859375,118.36000061035156,1386700,113.83792877197266
2014-05-13,118.44000244140625,118.48999786376953,117.47000122070312,117.58000183105469,1525700,113.08773040771484
2014-05-14,117.66000366210938,118.05999755859375,116.16999816894531,116.48999786376953,1708800,112.03937530517578
2014-05-15,116.5199966430664,116.91000366210938,114.5,115.55000305175781,1900900,111.13532257080078
2014-05-16,115.45999908447266,117.94000244140625,115.20999908447266,117.8499984741211,1977500,113.34741973876953
2014-05-19,117.45999908447266,119.37000274658203,117.33999633789062,119.29000091552734,2135700,114.7323989868164
2014-05-20,119.04000091552734,119.11000061035156,114.05999755859375,114.47000122070312,4343700,110.0965805053711
2014-05-21,115.3499984741211,116.16999816894531,114.56999969482422,115.31999969482422,1705500,110.91407775878906
2014-05-22,115.5,116.1500015258789,114.95999908447266,115.93000030517578,1835900,111.50078582763672
2014-05-23,116.18000030517578,116.41999816894531,115.37000274658203,115.73999786376953,1363900,111.31800842285156
2014-05-27,116.20999908447266,116.25,114.76000213623047,115.38999938964844,1614300,110.98136901855469
2014-05-28,115.70999908447266,116.86000061035156,115.44999694824219,116.06999969482422,1768700,111.63542175292969
2014-05-29,116.1500015258789,117.12000274658203,115.80000305175781,117.11000061035156,1051500,112.63568878173828
2014-05-30,117.11000061035156,117.43000030517578,116.80000305175781,116.91000366210938,2436300,112.44334411621094
2014-06-02,116.98999786376953,117.02999877929688,115.8499984741211,116.58000183105469,958700,112.1259536743164
2014-06-03,116,117.97000122070312,115.97000122070312,117.87999725341797,1903200,113.37627410888672
2014-06-04,117.56999969482422,118.38999938964844,117.30000305175781,117.77999877929688,1128900,113.28011322021484
2014-06-05,117.91000366210938,119.0999984741211,117.72000122070312,119,1607600,114.45348358154297
2014-06-06,119.26000213623047,120.05000305175781,119.16999816894531,119.80999755859375,1405500,115.23253631591797
2014-06-09,119.86000061035156,120.04000091552734,119.27999877929688,119.58000183105469,1238900,115.01132202148438
2014-06-10,119.08000183105469,119.69000244140625,118.3499984741211,119.29000091552734,1100400,114.7323989868164
2014-06-11,119.0999984741211,120.41999816894531,119.06999969482422,120.20999908447266,1980800,115.61724853515625
2014-06-12,119.63999938964844,120.45999908447266,119.33000183105469,119.8499984741211,2049200,115.41502380371094
2014-06-13,120,120.43000030517578,118.87999725341797,119.16000366210938,1248100,114.75056457519531
2014-06-16,118.94999694824219,119.75,117.94999694824219,118.69000244140625,1844600,114.2979736328125
2014-06-17,118.19000244140625,119.08000183105469,117.83000183105469,118.63999938964844,1742600,114.24983215332031
2014-06-18,118.77999877929688,119.9800033569336,118.25,119.9000015258789,1363500,115.46319580078125
2014-06-19,120,120.4000015258789,118.8499984741211,119.70999908447266,2151800,115.28021240234375
2014-06-20,120,120.33999633789062,118.8499984741211,118.94000244140625,4956500,114.53871154785156
2014-06-23,119.12999725341797,119.70999908447266,118.51000213623047,119.0999984741211,1408200,114.69277954101562
2014-06-24,119.12999725341797,119.86000061035156,118.27999877929688,118.55999755859375,1460100,114.1727523803711
2014-06-25,118.11000061035156,119.98999786376953,118.0999984741211,119.13999938964844,1514000,114.73133087158203
2014-06-26,119.31999969482422,119.5199966430664,118.62999725341797,119.30000305175781,1426600,114.88540649414062
2014-06-27,119.0999984741211,119.30000305175781,118.22000122070312,118.30000305175781,2758900,113.9223861694336
2014-06-30,118.19999694824219,118.55999755859375,117.68000030517578,118,1603200,113.63348388671875
2014-07-01,118.44999694824219,119.29000091552734,117.6500015258789,118.95999908447266,2316600,114.5579605102539
2014-07-02,119.05000305175781,119.61000061035156,117.91000366210938,118.05000305175781,2137700,113.681640625
2014-07-03,118.44000244140625,120.18000030517578,117.91000366210938,120.11000061035156,1423200,115.66539001464844
2014-07-07,119.75,120.31999969482422,119.2300033569336,119.72000122070312,1550700,115.28984832763672
2014-07-08,119.45999908447266,119.45999908447266,117.7300033569336,117.98999786376953,1531400,113.62388610839844
2014-07-09,118.0199966430664,118.36000061035156,117.44999694824219,117.83999633789062,1232600,113.47940063476562
2014-07-10,116.61000061035156,117.79000091552734,116.36000061035156,117.1500015258789,2760400,112.81494140625
2014-07-11,116.97000122070312,118.4000015258789,116.75,118.2699966430664,1013000,113.89347076416016
2014-07-14,118.9000015258789,119.56999969482422,117.56999969482422,117.80000305175781,1482500,113.44087982177734
2014-07-15,118,118.4800033569336,116.7300033569336,118,2688600,113.63348388671875
2014-07-16,118.30999755859375,120.29000091552734,118.30999755859375,119.22000122070312,3131200,114.808349609375
2014-07-17,119.4800033569336,120.83000183105469,118.61000061035156,119.0199966430664,2713900,114.61575317382812
2014-07-18,119.23999786376953,121.25,119.22000122070312,121,1863600,116.5224609375
2014-07-21,120.45999908447266,122.2699966430664,120.3499984741211,122.13999938964844,2499100,117.62027740478516
2014-07-22,122.44000244140625,124.9800033569336,122.44000244140625,123.05999755859375,3822800,118.50624084472656
2014-07-23,125.61000061035156,127.20999908447266,122.56999969482422,124,3889000,119.41146850585938
2014-07-24,124.93000030517578,125.93000030517578,123.29000091552734,125.51000213623047,2570600,120.86559295654297
2014-07-25,124.30000305175781,125.33999633789062,124.30000305175781,125.06999969482422,1069500,120.44184875488281
2014-07-28,125.08999633789062,125.45999908447266,123.52999877929688,124.37999725341797,1650400,119.77738189697266
2014-07-29,124.48999786376953,124.83000183105469,123.54000091552734,123.54000091552734,1424600,118.96849060058594
2014-07-30,124.41000366210938,125.05000305175781,123.44000244140625,124.70999908447266,1602900,120.0951919555664
2014-07-31,123.62000274658203,124.26000213623047,121.1500015258789,121.5,1986300,117.00398254394531
2014-08-01,121.08999633789062,122.4000015258789,120.5,121.37999725341797,1391300,116.8884048461914
2014-08-04,121.41999816894531,121.72000122070312,119.8499984741211,121.37999725341797,1132700,116.8884048461914
2014-08-05,120.83000183105469,121.56999969482422,119.75,120.12000274658203,1280800,115.675048828125
2014-08-06,119.47000122070312,120.98999786376953,119.12000274658203,120.16000366210938,1054400,115.71354675292969
2014-08-07,120.5999984741211,120.83000183105469,118.95999908447266,119.52999877929688,1098300,115.10686492919922
2014-08-08,119.4800033569336,121.2300033569336,118.91000366210938,121.16000366210938,1229000,116.6765365600586
2014-08-11,121.70999908447266,122.2699966430664,120.77999877929688,120.91999816894531,886600,116.44541931152344
2014-08-12,120.91999816894531,121.62999725341797,119.87000274658203,120.02999877929688,1689900,115.58836364746094
2014-08-13,120.62000274658203,121.44999694824219,120.58999633789062,121.3499984741211,1178700,116.8595199584961
2014-08-14,121.77999877929688,122.1500015258789,121.31999969482422,121.77999877929688,1047300,117.27359771728516
2014-08-15,121.94999694824219,122.88999938964844,120.16000366210938,121.55000305175781,1562100,117.05213165283203
2014-08-18,121.9000015258789,122.51000213623047,121.48999786376953,122.05000305175781,2285600,117.53360748291016
2014-08-19,122.1500015258789,122.83000183105469,121.77999877929688,122.38999938964844,1045100,117.8610610961914
2014-08-20,121.94000244140625,122.44999694824219,121.5,122.26000213623047,889200,117.73587036132812
2014-08-21,122.55000305175781,122.69999694824219,121.7300033569336,121.80999755859375,854600,117.30252075195312
2014-08-22,121.48999786376953,122.0199966430664,121.19000244140625,121.22000122070312,1113100,116.73433685302734
2014-08-25,121.87000274658203,122.4800033569336,121.56999969482422,121.80000305175781,1068600,117.29287719726562
2014-08-26,121.95999908447266,122.0199966430664,120.63999938964844,120.70999908447266,1064500,116.24319458007812
2014-08-27,120.9000015258789,120.9800033569336,119.68000030517578,120.08000183105469,1172600,115.6364974975586
2014-08-28,119.58000183105469,120.26000213623047,118.70999908447266,120.06999969482422,1248300,115.62689208984375
2014-08-29,120.12999725341797,120.80000305175781,119.5199966430664,120.20999908447266,1109800,115.7616958618164
2014-09-02,120.88999938964844,122.80999755859375,120.56999969482422,122.72000122070312,2156000,118.17881774902344
2014-09-03,122.83000183105469,124.37000274658203,122.81999969482422,123.75,1614700,119.17072296142578
2014-09-04,123.9800033569336,125.23999786376953,123.63999938964844,123.87999725341797,1496600,119.2959213256836
2014-09-05,123.80999755859375,124.66000366210938,123.41000366210938,124.62999725341797,1390300,120.01811981201172
2014-09-08,125.01000213623047,125.25,124.06999969482422,124.9800033569336,1649900,120.3552017211914
2014-09-09,124.77999877929688,124.94999694824219,123.77999877929688,124,1398700,119.41146850585938
2014-09-10,124.5,124.66999816894531,123.45999908447266,123.61000061035156,1336700,119.03588104248047
2014-09-11,123.23999786376953,123.66000366210938,122.44999694824219,123.30000305175781,1420200,118.88165283203125
2014-09-12,123.36000061035156,123.45999908447266,122.55999755859375,123.27999877929688,1700900,118.86236572265625
2014-09-15,123.05000305175781,123.26000213623047,121.68000030517578,122.33999633789062,1296000,117.95600891113281
2014-09-16,122.08000183105469,122.83999633789062,121.47000122070312,122.61000061035156,1334200,118.21638488769531
2014-09-17,122.6500015258789,124.08999633789062,122.47000122070312,123.5999984741211,1463400,119.17088317871094
2014-09-18,123.80999755859375,124.58000183105469,123.62999725341797,124.12999725341797,783600,119.68187713623047
2014-09-19,124.80000305175781,125.05999755859375,123.04000091552734,123.23999786376953,1215500,118.82376861572266
2014-09-22,123.2300033569336,123.2300033569336,121.41000366210938,121.80999755859375,975000,117.44503784179688
2014-09-23,121.36000061035156,121.87999725341797,120.80000305175781,121.16000366210938,1203600,116.81829833984375
2014-09-24,121,123.69999694824219,120.80000305175781,123.51000213623047,2027500,119.08412170410156
2014-09-25,123.0199966430664,123.70999908447266,120.97000122070312,120.98999786376953,1837500,116.6544189453125
2014-09-26,120.93000030517578,121.36000061035156,120.25,121.36000061035156,1004600,117.01113891601562
2014-09-29,120.48999786376953,122.23999786376953,120.37999725341797,122,1153500,117.628173828125
2014-09-30,122.3499984741211,122.91999816894531,121.48999786376953,121.69999694824219,1670100,117.33897399902344
2014-10-01,122.30000305175781,122.30000305175781,119.2699966430664,119.56999969482422,2476700,115.28529357910156
2014-10-02,119.56999969482422,120.36000061035156,118.16000366210938,119.16000366210938,1875100,114.88998413085938
2014-10-03,119.45999908447266,121.52999877929688,119.45999908447266,121.38999938964844,1664500,117.04007720947266
2014-10-06,122.02999877929688,122.30999755859375,119.5,120.62999725341797,982400,116.30731201171875
2014-10-07,120.33000183105469,120.48999786376953,118.19000244140625,118.22000122070312,1532000,113.98365020751953
2014-10-08,118.4000015258789,121.69999694824219,117.9800033569336,121.62999725341797,1643700,117.27145385742188
2014-10-09,121.63999938964844,121.63999938964844,117.69999694824219,117.81999969482422,1751900,113.5980224609375
2014-10-10,117.9800033569336,119.05999755859375,116.41999816894531,116.47000122070312,2059800,112.29637145996094
2014-10-13,116.3499984741211,116.47000122070312,112.23999786376953,112.48999786376953,3051500,108.45901489257812
2014-10-14,112.55999755859375,113.44000244140625,111.13999938964844,111.77999877929688,3109300,107.7744369506836
2014-10-15,110.30000305175781,111.7300033569336,107.33000183105469,111.13999938964844,3177700,107.15735626220703
2014-10-16,108.58999633789062,111.63999938964844,108.2300033569336,109.69000244140625,4332400,105.75931549072266
2014-10-17,110.62000274658203,113.16999816894531,110.26000213623047,112.36000061035156,2354200,108.33365631103516
2014-10-20,111.91999816894531,114.38999938964844,111.66999816894531,114.33000183105469,1869300,110.2330551147461
2014-10-21,115.02999877929688,118.25,115.02999877929688,118.22000122070312,2439200,113.98365020751953
2014-10-22,114.41000366210938,115.19000244140625,112.61000061035156,113.83000183105469,6596500,109.75099182128906
2014-10-23,115.58999633789062,117.36000061035156,115.0199966430664,116.2300033569336,2598000,112.06500244140625
2014-10-24,116.19000244140625,118.48999786376953,116.05000305175781,117.9000015258789,1865100,113.67512512207031
2014-10-27,117.83000183105469,118.12999725341797,117.12000274658203,118,1600500,113.77154541015625
2014-10-28,118.41999816894531,118.75,117.83999633789062,118.33999633789062,1861100,114.09937286376953
2014-10-29,118.44999694824219,118.62000274658203,115.13999938964844,116.08999633789062,3192400,111.92996978759766
2014-10-30,115.9000015258789,116.87999725341797,115.62000274658203,116.58999633789062,1835400,112.41209411621094
2014-10-31,118.41000366210938,118.58000183105469,117.05999755859375,117.56999969482422,2206500,113.35696411132812
2014-11-03,116.81999969482422,119.05999755859375,116.81999969482422,118.4000015258789,1883900,114.15721130371094
2014-11-04,118.4800033569336,118.76000213623047,117.61000061035156,118.31999969482422,1469000,114.080078125
2014-11-05,119,119.18000030517578,117.91999816894531,118.55000305175781,2543300,114.30184936523438
2014-11-06,118.80999755859375,119.1500015258789,118.36000061035156,118.91000366210938,1260900,114.64894104003906
2014-11-07,118.86000061035156,118.86000061035156,116.12999725341797,116.5999984741211,2131600,112.4217300415039
2014-11-10,116.41999816894531,117.20999908447266,115.61000061035156,116.8499984741211,1306700,112.66275024414062
2014-11-11,116.69000244140625,118.63999938964844,116.33000183105469,118.30000305175781,1948000,114.06080627441406
2014-11-12,117.91999816894531,118.69999694824219,117.62999725341797,118.51000213623047,1483400,114.26331329345703
2014-11-13,118.66999816894531,118.8499984741211,117.86000061035156,118.23999786376953,1207600,114.0029296875
2014-11-14,117.93000030517578,118.86000061035156,117.83999633789062,118.75,1522300,114.49468231201172
2014-11-17,118.26000213623047,118.75,117.88999938964844,118.43000030517578,1308800,114.1861572265625
2014-11-18,118.43000030517578,120.87999725341797,118.30999755859375,120.5,2126300,116.18197631835938
2014-11-19,120.83999633789062,125.31999969482422,119.9000015258789,124.66999816894531,4289900,120.20255279541016
2014-11-20,123.70999908447266,126.33000183105469,123.02999877929688,124.58000183105469,2538600,120.11578369140625
2014-11-21,125.36000061035156,127.04000091552734,125.36000061035156,126.54000091552734,2497500,122.00552368164062
2014-11-24,125.87999725341797,127.87000274658203,125.87999725341797,127.41000366210938,2150900,122.8443603515625
2014-11-25,127.76000213623047,129.69000244140625,127.22000122070312,127.87999725341797,1855700,123.29750061035156
2014-11-26,127.9000015258789,128.74000549316406,127.47000122070312,128.66000366210938,1275500,124.04954528808594
2014-11-28,128.7100067138672,129.77000427246094,128.7100067138672,129.2899932861328,825600,124.6569595336914
2014-12-01,129.33999633789062,129.33999633789062,127.93000030517578,127.95999908447266,1444600,123.37464141845703
2014-12-02,128.19000244140625,129.00999450683594,126.75,128.8000030517578,1323900,124.18455505371094
2014-12-03,128.6999969482422,129.3699951171875,128.47000122070312,128.9199981689453,1178300,124.30026245117188
2014-12-04,128.75,129.22000122070312,127.76000213623047,128.38999938964844,1098800,123.78922271728516
2014-12-05,128.3300018310547,129.02000427246094,128.02999877929688,128.5399932861328,1113100,123.93386840820312
2014-12-08,128.08999633789062,129.0399932861328,127.70999908447266,128.49000549316406,1380600,123.88563537597656
2014-12-09,127.11000061035156,128.36000061035156,126.04000091552734,128.2899932861328,1106400,123.69281005859375
2014-12-10,128.22000122070312,129.0500030517578,127.19000244140625,127.33000183105469,1783400,122.76721954345703
2014-12-11,127.33999633789062,128.94000244140625,126.43000030517578,126.72000122070312,1388700,122.32317352294922
2014-12-12,125.8499984741211,126.76000213623047,124.97000122070312,124.98999786376953,1108800,120.65320587158203
2014-12-15,125.41999816894531,126.13999938964844,122.88999938964844,123.7300033569336,1635700,119.43692016601562
2014-12-16,123.41999816894531,125.37999725341797,121.5,121.55000305175781,1530900,117.33256530761719
2014-12-17,122.30000305175781,124.87000274658203,121.1500015258789,124.7699966430664,1886600,120.44082641601562
2014-12-18,125.86000061035156,127.54000091552734,125.19999694824219,127.5199966430664,1736500,123.09541320800781
2014-12-19,127.16000366210938,129.2899932861328,127.06999969482422,128.4499969482422,3121000,123.99312591552734
2014-12-22,128.63999938964844,129.39999389648438,127.7699966430664,128.92999267578125,1153900,124.45647430419922
2014-12-23,129.36000061035156,129.47999572753906,126.62999725341797,126.66000366210938,1336100,122.26524353027344
2014-12-24,126.98999786376953,127.94999694824219,126.68000030517578,126.79000091552734,665500,122.39073944091797
2014-12-26,127.01000213623047,128.25999450683594,126.81999969482422,127.66999816894531,634300,123.24018859863281
2014-12-29,127.16999816894531,127.5,126.0199966430664,126.86000061035156,825500,122.45833587646484
2014-12-30,126.72000122070312,127.26000213623047,126.51000213623047,126.61000061035156,631800,122.21698760986328
2014-12-31,127.2300033569336,127.83999633789062,125.26000213623047,125.29000091552734,1045900,120.94277954101562
2015-01-02,126.30000305175781,128.49000549316406,126.16000366210938,128.1199951171875,2034700,123.67459106445312
2015-01-05,127.30999755859375,129.13999938964844,126.1500015258789,126.36000061035156,2430300,121.97570037841797
2015-01-06,126.36000061035156,128.19000244140625,124.54000091552734,125.18000030517578,2519300,120.83660888671875
2015-01-07,126.55999755859375,128.97000122070312,125.94000244140625,128.92999267578125,2098300,124.45647430419922
2015-01-08,129.4600067138672,131.05999755859375,129.4600067138672,130.27000427246094,2515800,125.75001525878906
2015-01-09,130.75999450683594,131.1199951171875,129.3300018310547,129.75,1912400,125.24806213378906
2015-01-12,130.11000061035156,130.6199951171875,128.3000030517578,128.5,1810400,124.04139709472656
2015-01-13,129.55999755859375,130.30999755859375,127.11000061035156,128.33999633789062,2090800,123.8869400024414
2015-01-14,126.94999694824219,127.37000274658203,125.08999633789062,126.19999694824219,2851500,121.82119750976562
2015-01-15,126.30000305175781,126.55000305175781,124.11000061035156,124.12999725341797,2722700,119.82303619384766
2015-01-16,123.70999908447266,125.51000213623047,123.29000091552734,125.29000091552734,2034100,120.94277954101562
2015-01-20,126,126.5,124.08999633789062,125.23999786376953,2270100,120.89452362060547
2015-01-21,125.0199966430664,126.36000061035156,124.87000274658203,125.36000061035156,1366700,121.0103759765625
2015-01-22,126.3499984741211,127.56999969482422,125.37999725341797,127,2953800,122.59346771240234
2015-01-23,126.7699966430664,127.06999969482422,124.76000213623047,124.87000274658203,1993800,120.5373764038086
2015-01-26,124.55999755859375,125.7699966430664,123.2699966430664,125.63999938964844,2032800,121.28063201904297
2015-01-27,124.16000366210938,125.8499984741211,124.12000274658203,124.87999725341797,1894300,120.5469741821289
2015-01-28,125.69999694824219,125.87999725341797,124,124.33999633789062,2401800,120.02578735351562
2015-01-29,123.36000061035156,128.72999572753906,121.54000091552734,127.95999908447266,4903000,123.5201644897461
2015-01-30,126.80999755859375,127.62000274658203,125.01000213623047,125.20999908447266,3513100,120.86554718017578
2015-02-02,125.48999786376953,125.91000366210938,123.19999694824219,125.88999938964844,1835600,121.52198791503906
2015-02-03,126.43000030517578,127.47000122070312,125.37999725341797,127.33000183105469,1797000,122.9120101928711
2015-02-04,126.8499984741211,128.02999877929688,126.02999877929688,126.3499984741211,1531100,121.96603393554688
2015-02-05,126.76000213623047,127.48999786376953,125.87000274658203,127.04000091552734,1472800,122.63206481933594
2015-02-06,127,127.23999786376953,124.31999969482422,124.80000305175781,1573400,120.46979522705078
2015-02-09,123.86000061035156,124.75,122.93000030517578,123.4000015258789,1357200,119.11837005615234
2015-02-10,124.08000183105469,125.16000366210938,123.62999725341797,125.02999877929688,1232300,120.6917953491211
2015-02-11,125.2699966430664,126.19000244140625,124.86000061035156,125.41999816894531,1313700,121.06826782226562
2015-02-12,126.76000213623047,127.08000183105469,125.5999984741211,126.83000183105469,1370700,122.42936706542969
2015-02-13,126.80999755859375,127.70999908447266,125.66000366210938,127.61000061035156,1543600,123.18228912353516
2015-02-17,127.0199966430664,128.1699981689453,126.19000244140625,128.02999877929688,1381400,123.58773803710938
2015-02-18,128,128.86000061035156,126.8499984741211,128,1402100,123.55874633789062
2015-02-19,127.70999908447266,128.11000061035156,127.08999633789062,127.79000091552734,1266300,123.3560562133789
2015-02-20,127.41000366210938,131.22000122070312,127.1500015258789,131.1699981689453,2170700,126.6187744140625
2015-02-23,131,131.33999633789062,130.4499969482422,130.97999572753906,2086200,126.43537902832031
2015-02-24,130.82000732421875,131.9600067138672,130.27000427246094,131.85000610351562,1385700,127.27515411376953
2015-02-25,131.85000610351562,132,130.77999877929688,131.07000732421875,1285800,126.52227020263672
2015-02-26,130.75999450683594,131.14999389648438,129.8000030517578,130.13999938964844,1558400,125.62450408935547
2015-02-27,129.80999755859375,130.49000549316406,129.77999877929688,130,1070400,125.48941040039062
2015-03-02,130,131.57000732421875,129.63999938964844,131.35000610351562,1345500,126.79254150390625
2015-03-03,130.3800048828125,130.75999450683594,128.9600067138672,129.72999572753906,1460400,125.2287368774414
2015-03-04,129.66000366210938,129.66000366210938,128.75,128.88999938964844,1395500,124.41787719726562
2015-03-05,130.32000732421875,131.57000732421875,129.58999633789062,131.4600067138672,1544700,126.8987045288086
2015-03-06,130.75,130.86000061035156,128.24000549316406,128.50999450683594,1972900,124.0510482788086
2015-03-09,128.58999633789062,128.66000366210938,127.66999816894531,128.10000610351562,991300,123.65528869628906
2015-03-10,127.44999694824219,128.47000122070312,126.18000030517578,127.02999877929688,1735000,122.62245178222656
2015-03-11,127.5,128.5399932861328,127.25,127.94000244140625,1153300,123.5008316040039
2015-03-12,128.50999450683594,129.3000030517578,127.98999786376953,128.60000610351562,1251800,124.28363800048828
2015-03-13,128.39999389648438,129.5399932861328,126.61000061035156,127.41999816894531,1209600,123.14326477050781
2015-03-16,129.38999938964844,133,129.38999938964844,132.97000122070312,2313300,128.50692749023438
2015-03-17,132.5500030517578,132.82000732421875,130.4199981689453,132.35000610351562,1544000,127.90779876708984
2015-03-18,132.16000366210938,134.6199951171875,131.11000061035156,133.88999938964844,1907000,129.3961181640625
2015-03-19,133.77999877929688,135.00999450683594,133.77000427246094,134.75999450683594,1638800,130.2368927001953
2015-03-20,135.8800048828125,136.8800048828125,134.85000610351562,136.6300048828125,2666300,132.04417419433594
2015-03-23,136.36000061035156,138.5,135.6199951171875,137.8699951171875,1830300,133.2425079345703
2015-03-24,137.3699951171875,139.02999877929688,135.5800018310547,135.64999389648438,5124400,131.0970916748047
2015-03-25,135.64999389648438,136.9199981689453,133.60000610351562,133.7100067138672,1805500,129.22213745117188
2015-03-26,132.6699981689453,133.97000122070312,132.2100067138672,133.07000732421875,1200800,128.6035919189453
2015-03-27,133.24000549316406,134.52000427246094,133.17999267578125,133.69000244140625,1104700,129.2028045654297
2015-03-30,134.58999633789062,135.8000030517578,134.27999877929688,135.57000732421875,1306400,131.01974487304688
2015-03-31,134.5500030517578,136.24000549316406,134.17999267578125,134.33999633789062,1431700,129.83094787597656
2015-04-01,134.6699981689453,134.72000122070312,131.2899932861328,132,1801400,127.56957244873047
2015-04-02,132.25999450683594,133.67999267578125,131.89999389648438,133.11000061035156,841100,128.64222717285156
2015-04-06,132.4600067138672,134.14999389648438,132.27000427246094,133.5,980200,129.01919555664062
2015-04-07,133.9600067138672,135,133.02000427246094,133.02000427246094,945600,128.55531311035156
2015-04-08,133,134.16000366210938,132.11000061035156,132.82000732421875,1268600,128.36203002929688
2015-04-09,132.91000366210938,133.8800048828125,132.42999267578125,133.57000732421875,750600,129.0868377685547
2015-04-10,133.42999267578125,134.4499969482422,132.9199981689453,133.72999572753906,820000,129.24147033691406
2015-04-13,133.2899932861328,134.24000549316406,132.72000122070312,132.72000122070312,810600,128.26531982421875
2015-04-14,132.72000122070312,133.1699981689453,132.0800018310547,132.67999267578125,1073500,128.22669982910156
2015-04-15,133.16000366210938,133.97999572753906,132.97999572753906,133.6199951171875,944000,129.13514709472656
2015-04-16,133.25999450683594,133.52999877929688,132.30999755859375,132.49000549316406,1547400,128.04312133789062
2015-04-17,131.80999755859375,132.2899932861328,130.8699951171875,132.10000610351562,2040300,127.66622161865234
2015-04-20,133.22999572753906,134.5399932861328,133.1699981689453,134.02999877929688,1378600,129.53140258789062
2015-04-21,134.27999877929688,135.17999267578125,133.55999755859375,134.44000244140625,1758200,129.92762756347656
2015-04-22,129.17999267578125,132.61000061035156,128.7899932861328,130.69000244140625,3480900,126.30357360839844
2015-04-23,130.27999877929688,130.3000030517578,128.67999267578125,129.5500030517578,2254300,125.20177459716797
2015-04-24,130.10000610351562,130.6699981689453,129.35000610351562,130.02000427246094,1533600,125.65596008300781
2015-04-27,130.6999969482422,130.6999969482422,127,127.2699966430664,2925100,122.9982681274414
2015-04-28,127.79000091552734,127.98999786376953,126.33999633789062,127.62999725341797,2446400,123.34622192382812
2015-04-29,127.36000061035156,128.0500030517578,126.54000091552734,127.12999725341797,1642000,122.86298370361328
2015-04-30,126.69999694824219,127.3499984741211,125.25,125.68000030517578,1966700,121.46167755126953
2015-05-01,126.5,127.73999786376953,126.18000030517578,127.66000366210938,2293400,123.37522888183594
2015-05-04,128.24000549316406,128.97999572753906,127.7300033569336,127.77999877929688,1181500,123.49118041992188
2015-05-05,126.1500015258789,127.5199966430664,126.1500015258789,126.6500015258789,1348300,122.39909362792969
2015-05-06,127.19000244140625,127.72000122070312,126.37000274658203,127.66000366210938,1843900,123.37522888183594
2015-05-07,127.80999755859375,128.5,127.18000030517578,127.75,2313800,123.4621810913086
2015-05-08,128.9600067138672,130.22000122070312,128.9600067138672,129.97999572753906,2122000,125.6173324584961
2015-05-11,129.69000244140625,130.25,129.49000549316406,129.8699951171875,962300,125.51103973388672
2015-05-12,130,130.24000549316406,128.11000061035156,129.61000061035156,1465200,125.25972747802734
2015-05-13,129.36000061035156,130.17999267578125,129.0500030517578,129.85000610351562,2084700,125.49168395996094
2015-05-14,130.6199951171875,131.3300018310547,129.75999450683594,131.10000610351562,1304400,126.69975280761719
2015-05-15,131.1199951171875,131.1300048828125,129.69000244140625,130.16000366210938,1518000,125.79131317138672
2015-05-18,130.25,130.47999572753906,129.74000549316406,129.97000122070312,1250000,125.60768127441406
2015-05-19,129.8800048828125,131.22999572753906,129.60000610351562,130.5500030517578,1232200,126.16815948486328
2015-05-20,130.58999633789062,132.9600067138672,130.5500030517578,132.02000427246094,1858500,127.58882904052734
2015-05-21,132.19000244140625,133.47999572753906,131.83999633789062,132.83999633789062,2328700,128.3813018798828
2015-05-22,132.8699951171875,133.3000030517578,132.14999389648438,132.14999389648438,1321000,127.71448516845703
2015-05-26,131.30999755859375,131.58999633789062,129.8000030517578,129.8000030517578,1557500,125.44336700439453
2015-05-27,130.50999450683594,131.13999938964844,129.92999267578125,130.99000549316406,1370900,126.59345245361328
2015-05-28,130.6999969482422,130.88999938964844,129.5399932861328,130.1300048828125,928700,125.7623062133789
2015-05-29,130.24000549316406,130.24000549316406,129.25,129.6300048828125,1655200,125.2790756225586
2015-06-01,129.83999633789062,129.94000244140625,128.50999450683594,129.4600067138672,1209200,125.11479949951172
2015-06-02,129.10000610351562,130.02999877929688,128.33999633789062,129.57000732421875,847500,125.22110748291016
2015-06-03,130.07000732421875,130.25,129.17999267578125,129.97999572753906,1137200,125.6173324584961
2015-06-04,129.02999877929688,129.82000732421875,128.91000366210938,129.5,1252200,125.15345764160156
2015-06-05,129.0500030517578,129.88999938964844,128.42999267578125,129.57000732421875,919300,125.22110748291016
2015-06-08,129.25,129.5399932861328,128.1699981689453,128.27000427246094,1767300,123.96472930908203
2015-06-09,127.98999786376953,129.00999450683594,127.44999694824219,128.57000732421875,2007400,124.25466918945312
2015-06-10,128.58999633789062,130.47999572753906,128.58999633789062,130.17999267578125,1185700,125.81061553955078
2015-06-11,130.39999389648438,130.75999450683594,130.2899932861328,130.52000427246094,762800,126.28472137451172
2015-06-12,129.8699951171875,130.52000427246094,129.22999572753906,130.02000427246094,1723900,125.80091094970703
2015-06-15,128.8800048828125,129.7100067138672,128.1999969482422,129.5399932861328,2271300,125.33650207519531
2015-06-16,129.66000366210938,130.30999755859375,128.27000427246094,128.8000030517578,1430000,124.62057495117188
2015-06-17,129,129.3000030517578,127.4000015258789,128.63999938964844,1322100,124.4657211303711
2015-06-18,129,130.4499969482422,128.8300018310547,129.67999267578125,2039800,125.47200012207031
2015-06-19,129.5399932861328,130.3000030517578,129.5399932861328,129.97000122070312,1948600,125.75259399414062
2015-06-22,130.4600067138672,130.91000366210938,129.97999572753906,130.08999633789062,1130400,125.86869812011719
2015-06-23,129.99000549316406,130.67999267578125,128.99000549316406,129.5500030517578,836600,125.34620666503906
2015-06-24,129.14999389648438,131.47000122070312,128.8800048828125,130.27000427246094,2000900,126.0428237915039
2015-06-25,130.2100067138672,131.97999572753906,129.44000244140625,131.52999877929688,1993600,127.26200103759766
2015-06-26,132.83999633789062,134.1199951171875,131.97000122070312,132.2100067138672,2203600,127.91993713378906
2015-06-29,130.9199981689453,132.17999267578125,129.3000030517578,129.4499969482422,1862200,125.2494125366211
2015-06-30,130.83999633789062,131.25999450683594,129.39999389648438,129.75999450683594,1312100,125.54939270019531
2015-07-01,130.6699981689453,130.88999938964844,129.8300018310547,130.82000732421875,1161000,126.5749740600586
2015-07-02,131.13999938964844,131.4600067138672,130.38999938964844,130.9499969482422,1093200,126.70075225830078
2015-07-06,129.74000549316406,130.91000366210938,129.67999267578125,130.38999938964844,1465400,126.1589584350586
2015-07-07,130.86000061035156,131.00999450683594,128.7100067138672,130.9499969482422,1473800,126.70075225830078
2015-07-08,129.94000244140625,130.60000610351562,128.11000061035156,128.1999969482422,1515500,124.03997802734375
2015-07-09,129.6199951171875,130,127.7699966430664,127.81999969482422,1240600,123.67230987548828
2015-07-10,129.74000549316406,131,128.69000244140625,130.6300048828125,2163300,126.39114379882812
2015-07-13,131.3699951171875,134.3800048828125,130.75,134.2899932861328,1732500,129.932373046875
2015-07-14,134.72000122070312,137.02000427246094,134.1699981689453,136.58999633789062,2763100,132.1577606201172
2015-07-15,137.35000610351562,137.47000122070312,134.75999450683594,135.25,2362800,130.86122131347656
2015-07-16,135.7899932861328,136.75999450683594,135.7100067138672,136.66000366210938,1363500,132.2255096435547
2015-07-17,136.25999450683594,136.77999877929688,135.0500030517578,135.75,1477600,131.3450469970703
2015-07-20,135.82000732421875,136.49000549316406,135.4199981689453,136.1699981689453,1055400,131.75137329101562
2015-07-21,136.33999633789062,137.0399932861328,135.7100067138672,136.47000122070312,1864400,132.04168701171875
2015-07-22,140.22000122070312,141.25,138.0800018310547,140.05999755859375,3412200,135.51516723632812
2015-07-23,140.5,140.94000244140625,139.5500030517578,140.60000610351562,2030000,136.0376434326172
2015-07-24,139.63999938964844,140.72000122070312,137.60000610351562,137.94000244140625,1345500,133.4639129638672
2015-07-27,137.47999572753906,137.58999633789062,136.2899932861328,137.02000427246094,1388300,132.5737762451172
2015-07-28,138.72999572753906,139.1199951171875,137.4499969482422,138.64999389648438,1256900,134.15093994140625
2015-07-29,138.30999755859375,139.75999450683594,138.30999755859375,139.6199951171875,1099600,135.0894317626953
2015-07-30,138.92999267578125,139.60000610351562,137.47000122070312,139.1199951171875,947300,134.605712890625
2015-07-31,139.1300048828125,140.25,138.88999938964844,139.52999877929688,1190000,135.0023651123047
2015-08-03,139.5,139.77999877929688,137.67999267578125,138.44000244140625,1448000,133.94773864746094
2015-08-04,138.67999267578125,138.99000549316406,137.50999450683594,137.77000427246094,857700,133.2994842529297
2015-08-05,138.97000122070312,139.4199981689453,138.0399932861328,138.69000244140625,1117100,134.18960571289062
2015-08-06,138.3699951171875,139.1199951171875,136.00999450683594,136.9199981689453,1063800,132.47705078125
2015-08-07,136.9199981689453,137.0800018310547,134.33999633789062,136.02000427246094,1070400,131.60621643066406
2015-08-10,137.0399932861328,137.50999450683594,136.47000122070312,137.17999267578125,761300,132.72865295410156
2015-08-11,135.72000122070312,136.47000122070312,133.85000610351562,134.5800018310547,1546800,130.21304321289062
2015-08-12,133.55999755859375,135.05999755859375,130.57000732421875,134.7100067138672,2205700,130.3387451171875
2015-08-13,134.9499969482422,135.1300048828125,133.3699951171875,133.72000122070312,828300,129.38095092773438
2015-08-14,133.58999633789062,135.24000549316406,133.5,135.02000427246094,904100,130.63870239257812
2015-08-17,134.60000610351562,136.39999389648438,134.00999450683594,136.30999755859375,892200,131.88687133789062
2015-08-18,136.14999389648438,136.7100067138672,135.1999969482422,135.32000732421875,879900,130.92897033691406
2015-08-19,134.4499969482422,135.0500030517578,133.5,133.72999572753906,1299300,129.3905487060547
2015-08-20,133.5800018310547,133.6999969482422,132.25,132.33999633789062,2282000,128.04556274414062
2015-08-21,131.00999450683594,132.0399932861328,127.91000366210938,127.95999908447266,2046100,123.80779266357422
2015-08-24,120.9000015258789,126.12000274658203,117.9800033569336,121.66999816894531,3978700,117.72189331054688
2015-08-25,124.52999877929688,124.87999725341797,119.93000030517578,120.05000305175781,2863500,116.15446472167969
2015-08-26,122.55999755859375,125.45999908447266,121.22000122070312,125.26000213623047,3074100,121.1954116821289
2015-08-27,126.7300033569336,128.10000610351562,125.56999969482422,127.91000366210938,2159500,123.75942993164062
2015-08-28,127.52999877929688,127.91000366210938,125.63999938964844,126.5199966430664,1818100,122.41452026367188
2015-08-31,126.51000213623047,127.23999786376953,124.88999938964844,125.37000274658203,2601400,121.30184173583984
2015-09-01,123,124.23999786376953,120.77999877929688,121.44999694824219,3550300,117.50901794433594
2015-09-02,123.0999984741211,123.0999984741211,120.68000030517578,122.77999877929688,2923500,118.79591369628906
2015-09-03,123.26000213623047,124.25,122.37999725341797,122.7699966430664,2383800,118.78620147705078
2015-09-04,120.68000030517578,121.98999786376953,120.18000030517578,121.16999816894531,2158800,117.23811340332031
2015-09-08,123.62000274658203,123.79000091552734,122.19000244140625,123.69000244140625,1729600,119.67636108398438
2015-09-09,124.81999969482422,124.94999694824219,121.41000366210938,121.62000274658203,2199800,117.67353820800781
2015-09-10,121.2300033569336,122.62999725341797,121.05999755859375,122.02999877929688,1883600,118.0702133178711
2015-09-11,121.43000030517578,122.95999908447266,120.93000030517578,122.9000015258789,1411100,119.058349609375
2015-09-14,123.33000183105469,123.33000183105469,121.58000183105469,122.16000366210938,1268700,118.34146118164062
2015-09-15,122.87000274658203,125.4800033569336,122.1500015258789,125.08999633789062,2125000,121.17987823486328
2015-09-16,124.98999786376953,126.63999938964844,124.4000015258789,126.27999877929688,2137200,122.33269500732422
2015-09-17,126.41999816894531,130.75999450683594,126.01000213623047,128.22999572753906,3074900,124.22174072265625
2015-09-18,127.36000061035156,127.5,125.45999908447266,125.77999877929688,2701200,121.84830474853516
2015-09-21,126.12000274658203,127.2300033569336,125.2699966430664,126.33000183105469,1866300,122.38111877441406
2015-09-22,125,125.41999816894531,124.20999908447266,125.25,2078600,121.33485412597656
2015-09-23,124.80999755859375,125.62000274658203,124.3499984741211,124.62000274658203,1339400,120.72456359863281
2015-09-24,123.80999755859375,124.23999786376953,122.69000244140625,124,1491500,120.12393951416016
2015-09-25,124.66000366210938,125.36000061035156,122.22000122070312,122.6500015258789,1996800,118.81615447998047
2015-09-28,121.16000366210938,121.91999816894531,117.0999984741211,118.12999725341797,3655700,114.43742370605469
2015-09-29,118.29000091552734,121.30999755859375,118.12999725341797,119.83999633789062,2181800,116.09397888183594
2015-09-30,120.47000122070312,122.41999816894531,120.47000122070312,122.27999877929688,1944200,118.4577407836914
2015-10-01,122.69999694824219,123.05999755859375,121,122.0999984741211,2043100,118.28336334228516
2015-10-02,120.04000091552734,124.5199966430664,119.91999816894531,124.48999786376953,1383300,120.5986328125
2015-10-05,124.4000015258789,126.76000213623047,124.4000015258789,126.55000305175781,2176400,122.59423828125
2015-10-06,125.3499984741211,125.97000122070312,122.41000366210938,124.08999633789062,2445200,120.21113586425781
2015-10-07,124.69000244140625,125.56999969482422,123.94999694824219,125.19999694824219,2002000,121.28643035888672
2015-10-08,124.7300033569336,125.8499984741211,124.12999725341797,125.8499984741211,1504000,121.9161376953125
2015-10-09,125.76000213623047,126.69000244140625,125.58999633789062,126.5199966430664,1283000,122.56517791748047
2015-10-12,126.13999938964844,126.5,125.30999755859375,125.9000015258789,916900,121.96456146240234
2015-10-13,125.06999969482422,126.69999694824219,124.83000183105469,125.4800033569336,898500,121.55770874023438
2015-10-14,125.18000030517578,126.12000274658203,123.5199966430664,123.97000122070312,1326800,120.09488677978516
2015-10-15,124.30000305175781,125.54000091552734,123.54000091552734,125.47000122070312,2245400,121.54801940917969
2015-10-16,125.86000061035156,126.44999694824219,125.30000305175781,126.4000015258789,1982400,122.44894409179688
2015-10-19,126.2699966430664,129.07000732421875,125.9800033569336,129.02999877929688,2007500,124.99674987792969
2015-10-20,128.69000244140625,129.5800018310547,128.0399932861328,128.6199951171875,2077900,124.59953308105469
2015-10-21,128.72999572753906,129.99000549316406,124.19000244140625,127.11000061035156,4230500,123.13677215576172
2015-10-22,127.76000213623047,128.0399932861328,123.66999816894531,124,3278400,120.12393951416016
2015-10-23,124.48999786376953,127.27999877929688,124.0999984741211,126.47000122070312,3333600,122.5167465209961
2015-10-26,126.77999877929688,127.26000213623047,126.19999694824219,127.02999877929688,1926400,123.05924224853516
2015-10-27,126.5999984741211,127.94999694824219,126.4000015258789,126.79000091552734,1711600,122.82677459716797
2015-10-28,126.88999938964844,129.30999755859375,126.08000183105469,129.25,1483300,125.20985412597656
2015-10-29,129.22999572753906,131.50999450683594,128.89999389648438,131.3800048828125,1783400,127.27326202392578
2015-10-30,131.4199981689453,132.41000366210938,130.77999877929688,130.77999877929688,2435600,126.6920166015625
2015-11-02,131.27999877929688,134.75999450683594,131.00999450683594,134.5399932861328,1618600,130.33445739746094
2015-11-03,134.0800018310547,134.69000244140625,132.61000061035156,134.25999450683594,1460200,130.0631866455078
2015-11-04,134.36000061035156,135.3300018310547,133.3699951171875,135.25,1622500,131.0222625732422
2015-11-05,134.75,135.72999572753906,133.74000549316406,134.9499969482422,1756900,130.73167419433594
2015-11-06,133.97000122070312,134.4199981689453,133.11000061035156,134.3000030517578,1242200,130.10198974609375
2015-11-09,134.36000061035156,134.6999969482422,132.97000122070312,134.3000030517578,1819600,130.10198974609375
2015-11-10,134.30999755859375,136.47000122070312,133.4199981689453,136.02999877929688,1942900,131.77789306640625
2015-11-11,136.39999389648438,136.64999389648438,134.8000030517578,134.86000061035156,1818400,130.64443969726562
2015-11-12,133.80999755859375,134.92999267578125,132.4199981689453,132.44000244140625,1296900,128.30014038085938
2015-11-13,132.6699981689453,133.69000244140625,131.91000366210938,132.3300018310547,1348400,128.19363403320312
2015-11-16,132.5800018310547,135.61000061035156,132.50999450683594,135.5399932861328,1369200,131.30320739746094
2015-11-17,135,136.8000030517578,134.94000244140625,135.44000244140625,1696700,131.20631408691406
2015-11-18,135.67999267578125,137.9499969482422,135.5399932861328,137.72999572753906,1504500,133.42478942871094
2015-11-19,137.77999877929688,138.5800018310547,137.16000366210938,137.39999389648438,1562200,133.10508728027344
2015-11-20,138.2899932861328,138.39999389648438,137.4199981689453,137.83999633789062,2780100,133.5313262939453
2015-11-23,137.8000030517578,138.60000610351562,137.07000732421875,137.60000610351562,1819000,133.29885864257812
2015-11-24,136.58999633789062,138.11000061035156,136.1999969482422,137.9600067138672,1263000,133.64761352539062
2015-11-25,137.8000030517578,138.9499969482422,137.6199951171875,138.66000366210938,1085500,134.3257293701172
2015-11-27,138.63999938964844,140.2899932861328,138.63999938964844,139.9600067138672,643700,135.5850830078125
2015-11-30,140.2899932861328,140.66000366210938,138.36000061035156,138.39999389648438,2609600,134.0738525390625
2015-12-01,138.86000061035156,139.6699981689453,137.16000366210938,138.35000610351562,2719200,134.025390625
2015-12-02,138.52000427246094,138.8699951171875,136.52999877929688,136.77000427246094,1534000,132.4948272705078
2015-12-03,136.74000549316406,137.6199951171875,131.77999877929688,132.57000732421875,2367600,128.4260711669922
2015-12-04,133.5800018310547,137.14999389648438,133.3800048828125,137.07000732421875,1877900,132.78546142578125
2015-12-07,136.85000610351562,136.97000122070312,134.94000244140625,135.52999877929688,1341000,131.29354858398438
2015-12-08,134.9499969482422,136.97999572753906,134.55999755859375,136.0500030517578,1548700,131.7973175048828
2015-12-09,135.4199981689453,136.99000549316406,134.00999450683594,134.38999938964844,1525000,130.189208984375
2015-12-10,134.4199981689453,136.10000610351562,133.97999572753906,135.1300048828125,1056700,130.9060516357422
2015-12-11,133.22999572753906,135.0500030517578,133.05999755859375,134.1999969482422,1542400,130.14959716796875
2015-12-14,133.85000610351562,135.57000732421875,133.41000366210938,135.41000366210938,1452500,131.3230743408203
2015-12-15,136.30999755859375,138.16000366210938,136.30999755859375,137.49000549316406,1726800,133.34033203125
2015-12-16,138.67999267578125,140.74000549316406,138.2899932861328,140.4499969482422,1699000,136.2109375
2015-12-17,140.27999877929688,140.52000427246094,138.10000610351562,138.16000366210938,1863400,133.9900665283203
2015-12-18,137.25999450683594,137.44000244140625,134.50999450683594,134.50999450683594,2716600,130.4502410888672
2015-12-21,135.75999450683594,137.63999938964844,135.5800018310547,137.5500030517578,1325900,133.39849853515625
2015-12-22,138.10000610351562,139.6999969482422,137.1999969482422,139.52999877929688,1250700,135.31869506835938
2015-12-23,140,141.4499969482422,139.63999938964844,141.02000427246094,1534800,136.7637176513672
2015-12-24,140.94000244140625,141.75,140.75,141.32000732421875,370700,137.0547332763672
2015-12-28,140.97000122070312,141.2100067138672,140.52999877929688,140.6999969482422,835700,136.45339965820312
2015-12-29,141.5800018310547,143.5,141.38999938964844,143.02999877929688,1416200,138.71302795410156
2015-12-30,143.0399932861328,143.64999389648438,142.50999450683594,142.86000061035156,1057500,138.5482635498047
2015-12-31,141.97000122070312,143.2100067138672,141.83999633789062,141.85000610351562,1145000,137.5686798095703
2016-01-04,139.4499969482422,140.14999389648438,137.32000732421875,138.75,3287500,134.56228637695312
2016-01-05,139,140.94000244140625,138.3699951171875,138.50999450683594,3184400,134.32948303222656
2016-01-06,136.5500030517578,138.4499969482422,136.5500030517578,137.4499969482422,2300800,133.30152893066406
2016-01-07,135,135.25999450683594,133.13999938964844,134.30999755859375,2470900,130.2562713623047
2016-01-08,135.60000610351562,137.00999450683594,133.82000732421875,134.16000366210938,2148100,130.11080932617188
2016-01-11,134.33999633789062,137.2899932861328,133.38999938964844,134.8800048828125,2407000,130.80908203125
2016-01-12,136.2899932861328,137.89999389648438,135.5399932861328,136.97000122070312,3088000,132.8359375
2016-01-13,137.4199981689453,138.00999450683594,133,133.77000427246094,2521200,129.73252868652344
2016-01-14,133.63999938964844,137.36000061035156,133.44000244140625,135.7899932861328,2871200,131.6916046142578
2016-01-15,134.58999633789062,135.1999969482422,130.64999389648438,132.75999450683594,3332600,128.7530517578125
2016-01-19,134.57000732421875,135.64999389648438,132.89999389648438,134.91000366210938,3007200,130.83815002441406
2016-01-20,132.66000366210938,134.66000366210938,129.5399932861328,133.0500030517578,2917500,129.0342559814453
2016-01-21,133.47000122070312,133.61000061035156,130.74000549316406,131.67999267578125,2193500,127.7056655883789
2016-01-22,133.58999633789062,135.39999389648438,132.9199981689453,135.30999755859375,1930000,131.2261199951172
2016-01-25,134.72999572753906,136.25,134.27999877929688,134.72999572753906,1320500,130.66357421875
2016-01-26,134.58999633789062,135.05999755859375,132.07000732421875,134.10000610351562,1721600,130.05262756347656
2016-01-27,134.0500030517578,137.2100067138672,133.33999633789062,135.8300018310547,3308900,131.73045349121094
2016-01-28,130.86000061035156,133,127.18000030517578,128.1699981689453,4609900,124.30158233642578
2016-01-29,129.07000732421875,132.05999755859375,128.60000610351562,132.05999755859375,3189500,128.0741424560547
2016-02-01,131.25999450683594,132.10000610351562,129.63999938964844,130.69000244140625,1772100,126.74551391601562
2016-02-02,129.30999755859375,129.86000061035156,126.52999877929688,126.88999938964844,1838100,123.06022644042969
2016-02-03,127.94000244140625,127.94000244140625,123.19000244140625,126.05000305175781,2984400,122.2455825805664
2016-02-04,126.36000061035156,128.61000061035156,125.94999694824219,127.80000305175781,2319000,123.9427261352539
2016-02-05,127,127.25,121.30000305175781,123.18000030517578,4172100,119.46219635009766
2016-02-08,121.75,122.81999969482422,119.75,121.94000244140625,2958400,118.2596435546875
2016-02-09,121.02999877929688,125.47000122070312,120.7300033569336,124.44999694824219,2855100,120.69387817382812
2016-02-10,126.06999969482422,129,125.22000122070312,125.45999908447266,1584400,121.67338562011719
2016-02-11,122.86000061035156,124.29000091552734,122.25,123.30000305175781,1441900,119.57856750488281
2016-02-12,124.5199966430664,126.55000305175781,123.95999908447266,126.4800033569336,1574400,122.66259002685547
2016-02-16,127.72000122070312,128.4199981689453,126.41999816894531,127.41999816894531,2466400,123.5742416381836
2016-02-17,128.1699981689453,131.61000061035156,127.55999755859375,130.6999969482422,1832400,126.7552490234375
2016-02-18,130.25999450683594,131.3699951171875,129.2899932861328,129.69000244140625,1292900,125.77570343017578
2016-02-19,129.52000427246094,130.75999450683594,128.30999755859375,130.16000366210938,1303300,126.23152923583984
2016-02-22,131,131.99000549316406,130.32000732421875,131.44000244140625,937100,127.47290802001953
2016-02-23,131.02999877929688,131.6199951171875,128.83999633789062,129.74000549316406,1244200,125.82418060302734
2016-02-24,128.3800048828125,130.07000732421875,127.6500015258789,129.77000427246094,924600,125.85328674316406
2016-02-25,130,130.99000549316406,129.0800018310547,130.57000732421875,1077700,126.62914276123047
2016-02-26,130.94000244140625,131.60000610351562,130.27000427246094,130.7100067138672,897200,126.76492309570312
2016-02-29,130.24000549316406,131.0399932861328,129.1300048828125,129.19000244140625,2237200,125.29078674316406
2016-03-01,129.83999633789062,135.74000549316406,129.6999969482422,135.27999877929688,2598200,131.19700622558594
2016-03-02,134.83999633789062,138.5800018310547,134.72000122070312,138.1199951171875,3278200,133.9512939453125
2016-03-03,137.75,139.0399932861328,136.4600067138672,138.6699981689453,2122100,134.48475646972656
2016-03-04,138.77999877929688,140.99000549316406,138.4600067138672,140.3000030517578,2355700,136.0654754638672
2016-03-07,138.72000122070312,141.6199951171875,137.2899932861328,141.5500030517578,3182900,137.27774047851562
2016-03-08,140.24000549316406,141.02999877929688,138.77999877929688,139.0800018310547,2202500,134.8823699951172
2016-03-09,139.64999389648438,140.27000427246094,137.47000122070312,138.14999389648438,2588800,133.98036193847656
2016-03-10,138.94000244140625,140.16000366210938,136.6999969482422,137.9600067138672,2398700,133.7960968017578
2016-03-11,138.8800048828125,140.86000061035156,138.8000030517578,140.22000122070312,2036100,136.13587951660156
2016-03-14,139.61000061035156,140.57000732421875,138.86000061035156,139.77000427246094,1124300,135.6990509033203
2016-03-15,138.58999633789062,138.77000427246094,137.02999877929688,138.25999450683594,1524200,134.23300170898438
2016-03-16,138.2899932861328,139.42999267578125,137.4600067138672,139.0800018310547,1261600,135.0291290283203
2016-03-17,138.80999755859375,139.3300018310547,136.5800018310547,138.25,2386200,134.22329711914062
2016-03-18,138.85000610351562,140.77000427246094,137.75999450683594,140,3271800,135.92233276367188
2016-03-21,139.5,140.17999267578125,138.8800048828125,139.6300048828125,1280900,135.5631103515625
2016-03-22,139.14999389648438,139.97999572753906,138.3800048828125,138.85000610351562,1617100,134.80575561523438
2016-03-23,139,139.75,138.4199981689453,138.82000732421875,1076600,134.77667236328125
2016-03-24,138.14999389648438,139.22000122070312,137.39999389648438,139.02000427246094,992800,134.97088623046875
2016-03-28,139.58999633789062,139.8800048828125,138.1199951171875,138.52999877929688,827700,134.49510192871094
2016-03-29,138.38999938964844,140.27999877929688,137.6999969482422,140.14999389648438,1208200,136.06796264648438
2016-03-30,141.0399932861328,142.0399932861328,140.35000610351562,140.7899932861328,894300,136.6892852783203
2016-03-31,140.75,142.2100067138672,140.13999938964844,141.58999633789062,1165300,137.46600341796875
2016-04-01,140.2100067138672,142.99000549316406,140.19000244140625,142.6699981689453,1045500,138.51455688476562
2016-04-04,142.17999267578125,144.92999267578125,142.16000366210938,144.0500030517578,1852000,139.85433959960938
2016-04-05,143.36000061035156,143.36000061035156,140.9600067138672,141.3800048828125,1410400,137.26214599609375
2016-04-06,141.42999267578125,145.30999755859375,141.22000122070312,145.11000061035156,1714300,140.88348388671875
2016-04-07,144.4499969482422,144.52999877929688,141.42999267578125,142.0500030517578,1322700,137.91256713867188
2016-04-08,142.8699951171875,143.32000732421875,141.47000122070312,142.2100067138672,962000,138.06797790527344
2016-04-11,142.50999450683594,143.25999450683594,141.4499969482422,141.66000366210938,922600,137.53399658203125
2016-04-12,142.27000427246094,142.82000732421875,141.52999877929688,142.42999267578125,1139500,138.28150939941406
2016-04-13,143.0399932861328,145.10000610351562,142.99000549316406,145.0500030517578,1039600,140.82521057128906
2016-04-14,145.33999633789062,145.77000427246094,144.5,144.6199951171875,706100,140.40768432617188
2016-04-15,144.6199951171875,145.47000122070312,144.07000732421875,145.33999633789062,834700,141.10678100585938
2016-04-18,145.4199981689453,146.60000610351562,144.75999450683594,146.47000122070312,907600,142.20388793945312
2016-04-19,145.8699951171875,146.77000427246094,145.14999389648438,145.58999633789062,1312100,141.3495330810547
2016-04-20,145.82000732421875,146.86000061035156,145,146.44000244140625,1323100,142.1747283935547
2016-04-21,146.1199951171875,147.77000427246094,145.77000427246094,147.35000610351562,1329200,143.05828857421875
2016-04-22,147.47000122070312,147.94000244140625,145.63999938964844,146.85000610351562,1014600,142.5728302001953
2016-04-25,146.74000549316406,147.24000549316406,146.3000030517578,146.55999755859375,1396700,142.29122924804688
2016-04-26,146.1300048828125,146.3800048828125,144.5399932861328,145.61000061035156,1794200,141.3689422607422
2016-04-27,145.61000061035156,147.75,145.16000366210938,147.13999938964844,1497800,142.8543243408203
2016-04-28,147.2100067138672,147.89999389648438,143.27999877929688,145.32000732421875,3063500,141.0873260498047
2016-04-29,143.89999389648438,144.5800018310547,141.1300048828125,144.25,2205700,140.04856872558594
2016-05-02,145.00999450683594,146.77000427246094,144.97999572753906,146.5,1537100,142.2329559326172
2016-05-03,146.16000366210938,146.22999572753906,143.72999572753906,144.8699951171875,981700,140.6504669189453
2016-05-04,143.22999572753906,145.02999877929688,142.97999572753906,144.5500030517578,982500,140.33978271484375
2016-05-05,144.17999267578125,145.77999877929688,143.7899932861328,145.13999938964844,1224000,140.91256713867188
2016-05-06,145,147.52999877929688,144.86000061035156,146.97000122070312,1257400,142.68934631347656
2016-05-09,147.2899932861328,148.5,146.77999877929688,147.4600067138672,1191200,143.16500854492188
2016-05-10,148.36000061035156,148.88999938964844,147.0800018310547,148.8300018310547,1471500,144.49513244628906
2016-05-11,149,149.9499969482422,147.9499969482422,147.97000122070312,972200,143.6602020263672
2016-05-12,148.2899932861328,149.25999450683594,147.5800018310547,148.9199981689453,1203300,144.58253479003906
2016-05-13,148.3699951171875,149.35000610351562,147.39999389648438,147.88999938964844,1531100,143.58251953125
2016-05-16,147.89999389648438,150.42999267578125,147.6999969482422,150.24000549316406,1473000,145.86407470703125
2016-05-17,150.19000244140625,150.9499969482422,148.05999755859375,148.82000732421875,1815800,144.4853973388672
2016-05-18,148.42999267578125,151.22000122070312,148.00999450683594,150.11000061035156,1715100,145.7378387451172
2016-05-19,149.50999450683594,149.55999755859375,146.92999267578125,148.4199981689453,1428000,144.0970458984375
2016-05-20,149.35000610351562,150.30999755859375,148.35000610351562,148.85000610351562,1420900,144.51454162597656
2016-05-23,148.85000610351562,149.44000244140625,147.8699951171875,148.83999633789062,994100,144.5048065185547
2016-05-24,149.24000549316406,151.05999755859375,148.7899932861328,150.67999267578125,1097600,146.29127502441406
2016-05-25,150.83999633789062,151.67999267578125,150.60000610351562,151.16000366210938,1311800,146.75729370117188
2016-05-26,150.92999267578125,151.85000610351562,150.50999450683594,151.1999969482422,914300,146.79611206054688
2016-05-27,151.52000427246094,152.1699981689453,150.35000610351562,152.1300048828125,1847600,147.6990203857422
2016-05-31,152,152.1199951171875,150.52000427246094,151.77000427246094,2177300,147.34950256347656
2016-06-01,151.2899932861328,153.4499969482422,150.6300048828125,153.05999755859375,1730000,148.6019287109375
2016-06-02,152.5800018310547,153.6999969482422,152.30999755859375,153.5500030517578,809600,149.07769775390625
2016-06-03,152.7100067138672,153.27999877929688,151.2899932861328,152.8699951171875,831700,148.41749572753906
2016-06-06,152.8000030517578,153.89999389648438,152.02999877929688,153.19000244140625,1015000,148.72811889648438
2016-06-07,153.1999969482422,153.61000061035156,152.52999877929688,152.69000244140625,1415600,148.2427215576172
2016-06-08,152.9600067138672,154.3000030517578,151.99000549316406,154.13999938964844,1395000,149.65045166015625
2016-06-09,153.60000610351562,154.80999755859375,153.00999450683594,154.14999389648438,1002600,149.6602020263672
2016-06-10,153.0399932861328,153.27999877929688,151.4199981689453,151.8000030517578,1303100,147.3786163330078
2016-06-13,151.5,152.33999633789062,150.44000244140625,150.52000427246094,956800,146.28045654296875
2016-06-14,149.74000549316406,149.82000732421875,147.1199951171875,147.97999572753906,1755900,143.81201171875
2016-06-15,148.38999938964844,148.66000366210938,147.25999450683594,147.41000366210938,1131800,143.25802612304688
2016-06-16,146.63999938964844,147.39999389648438,145.22999572753906,147.22999572753906,1335100,143.0831298828125
2016-06-17,147.11000061035156,147.3800048828125,145.8300018310547,146.24000549316406,1418500,142.12098693847656
2016-06-20,147.72000122070312,149.1999969482422,147.5500030517578,148.3699951171875,1264400,144.1909637451172
2016-06-21,148.9499969482422,150.08999633789062,148.38999938964844,148.91000366210938,1257900,144.71578979492188
2016-06-22,149.10000610351562,151.5,149.0500030517578,149.85000610351562,936000,145.6293182373047
2016-06-23,151.5,152.19000244140625,150.8000030517578,152.13999938964844,1136900,147.85484313964844
2016-06-24,146.6300048828125,148.83999633789062,144.6199951171875,145.35000610351562,3149400,141.256103515625
2016-06-27,143.83999633789062,144.64999389648438,140.2100067138672,140.92999267578125,2842400,136.96054077148438
2016-06-28,142.3699951171875,143.27000427246094,141.5,143.14999389648438,2075100,139.11801147460938
2016-06-29,144.47000122070312,145.64999389648438,143.08999633789062,145.16000366210938,1998800,141.0714111328125
2016-06-30,145.58999633789062,147.77999877929688,145.1300048828125,147.75999450683594,2419800,143.59817504882812
2016-07-01,147.94000244140625,149.85000610351562,147.47000122070312,149.22999572753906,1433100,145.0267791748047
2016-07-05,148.1999969482422,148.74000549316406,146.63999938964844,147.25,1878200,143.10255432128906
2016-07-06,146.39999389648438,149.3800048828125,145.75,149.11000061035156,1869400,144.91018676757812
2016-07-07,148.83999633789062,149.72999572753906,148.4499969482422,149.05999755859375,1331900,144.861572265625
2016-07-08,150.47000122070312,153.4199981689453,150.36000061035156,152.69000244140625,1153700,148.38934326171875
2016-07-11,153.07000732421875,153.64999389648438,152.00999450683594,152.33999633789062,959100,148.04920959472656
2016-07-12,153.22999572753906,154.77000427246094,152.4499969482422,154.3800048828125,1188000,150.03173828125
2016-07-13,155.00999450683594,155.1699981689453,154.08999633789062,154.8000030517578,844200,150.4398956298828
2016-07-14,156.60000610351562,158.07000732421875,155.6999969482422,157.72999572753906,2033500,153.287353515625
2016-07-15,158.3699951171875,158.3699951171875,156.75,157.0399932861328,1628200,152.6167755126953
2016-07-18,156.64999389648438,157.32000732421875,156.05999755859375,157.0500030517578,1098900,152.6265411376953
2016-07-19,156.27000427246094,156.94000244140625,155.55999755859375,156.63999938964844,679200,152.22805786132812
2016-07-20,156.7899932861328,158.10000610351562,156.5399932861328,157.69000244140625,686900,153.2484893798828
2016-07-21,157.52999877929688,157.7899932861328,155.72000122070312,156.1999969482422,1103200,151.8004608154297
2016-07-22,156.82000732421875,157.3699951171875,156.02000427246094,156.88999938964844,901900,152.47100830078125
2016-07-25,157,157.55999755859375,156.2899932861328,156.97999572753906,1119400,152.55848693847656
2016-07-26,157,159.1300048828125,156.3000030517578,158.88999938964844,1508200,154.41468811035156
2016-07-27,159.38999938964844,159.5,157.47999572753906,158.89999389648438,1536800,154.42440795898438
2016-07-28,157.16000366210938,159.25999450683594,156.55999755859375,158.82000732421875,1654700,154.3466339111328
2016-07-29,158.94000244140625,159.99000549316406,158.3800048828125,158.83999633789062,1438600,154.3660888671875
2016-08-01,158.75,160.67999267578125,158.57000732421875,159.55999755859375,1794000,155.0658416748047
2016-08-02,159.52999877929688,159.7899932861328,155.88999938964844,156.44000244140625,1711300,152.03370666503906
2016-08-03,156.8300018310547,156.8300018310547,155.6699981689453,156,1039700,151.60604858398438
2016-08-04,156.6199951171875,157.69000244140625,156.25,156.4199981689453,893300,152.01426696777344
2016-08-05,157.32000732421875,157.80999755859375,156.82000732421875,157.50999450683594,935600,153.0735626220703
2016-08-08,157.44000244140625,157.80999755859375,156.16000366210938,156.52000427246094,833800,152.1115264892578
2016-08-09,156.5399932861328,157.25,156.25,156.67999267578125,584900,152.26690673828125
2016-08-10,156.7899932861328,157.3699951171875,155.60000610351562,156.00999450683594,687300,151.6158447265625
2016-08-11,156.24000549316406,157.5500030517578,155.83999633789062,157.4600067138672,781100,153.02500915527344
2016-08-12,156.77000427246094,156.83999633789062,155.0500030517578,155.49000549316406,864700,151.1105194091797
2016-08-15,155.69000244140625,156.4600067138672,155.2899932861328,155.97000122070312,959100,151.5769500732422
2016-08-16,155.6199951171875,155.9600067138672,154.97000122070312,154.97000122070312,861300,150.60511779785156
2016-08-17,155.4600067138672,155.5399932861328,153.6699981689453,154.6699981689453,916400,150.31353759765625
2016-08-18,154.22000122070312,154.47000122070312,152.74000549316406,153.35000610351562,2155800,149.0307159423828
2016-08-19,152.8800048828125,153.80999755859375,152.5,153.5800018310547,1498000,149.2542724609375
2016-08-22,153.67999267578125,154.27000427246094,153.27999877929688,153.99000549316406,705900,149.6527557373047
2016-08-23,154.55999755859375,156.19000244140625,154.1699981689453,154.5500030517578,1064700,150.19696044921875
2016-08-24,154.36000061035156,154.5,150.77999877929688,151.25999450683594,1513700,146.99960327148438
2016-08-25,151.2899932861328,152.38999938964844,150.75,151.35000610351562,1358100,147.0871124267578
2016-08-26,151.9199981689453,153.0500030517578,151.4499969482422,152.36000061035156,1158300,148.0686798095703
2016-08-29,152.27999877929688,154.11000061035156,152.1699981689453,153.50999450683594,986700,149.1862030029297
2016-08-30,153.8000030517578,154.0399932861328,152.05999755859375,153.16000366210938,966500,148.8461151123047
2016-08-31,153.1699981689453,153.39999389648438,151.55999755859375,152.19000244140625,1053800,147.9034423828125
2016-09-01,152.64999389648438,152.8300018310547,150.39999389648438,150.9499969482422,1306000,146.6984100341797
2016-09-02,151.22999572753906,151.83999633789062,150.6699981689453,151.17999267578125,1104200,146.921875
2016-09-06,151.25,151.38999938964844,150.6699981689453,151,1498000,146.74693298339844
2016-09-07,150.6300048828125,151.42999267578125,150.2899932861328,150.5,1527300,146.26100158691406
2016-09-08,150.39999389648438,151.24000549316406,150.3800048828125,150.64999389648438,1399400,146.40679931640625
2016-09-09,148.08999633789062,148.52000427246094,143.67999267578125,143.67999267578125,2995200,139.63308715820312
2016-09-12,143.19000244140625,146.75999450683594,143.00999450683594,146.39999389648438,1932500,142.27647399902344
2016-09-13,145.25,145.86000061035156,143.11000061035156,145.14999389648438,1933900,141.2063751220703
2016-09-14,145.00999450683594,147.8699951171875,145.00999450683594,147.85000610351562,3221700,143.83297729492188
2016-09-15,148.3699951171875,150.80999755859375,147.9499969482422,150,2085500,145.92462158203125
2016-09-16,150.1699981689453,150.38999938964844,148.9499969482422,150.0500030517578,1985500,145.97325134277344
2016-09-19,150.17999267578125,151.27999877929688,149.91000366210938,150,1058900,145.92462158203125
2016-09-20,151.3699951171875,152.52999877929688,150.4600067138672,151.6199951171875,1488200,147.50057983398438
2016-09-21,152.4600067138672,155.6199951171875,152.1199951171875,155.4199981689453,1791200,151.19735717773438
2016-09-22,156.41000366210938,158.11000061035156,155.67999267578125,157.66000366210938,1599000,153.37648010253906
2016-09-23,156.85000610351562,158.14999389648438,156.7100067138672,157.66000366210938,1626200,153.37648010253906
2016-09-26,156.97999572753906,156.97999572753906,155.61000061035156,156.16000366210938,1650500,151.91725158691406
2016-09-27,156.4499969482422,159.02000427246094,155.8300018310547,158.8800048828125,1874200,154.5634002685547
2016-09-28,159.08999633789062,159.08999633789062,157.13999938964844,158.63999938964844,946700,154.3298797607422
2016-09-29,158.6300048828125,159.27000427246094,155.33999633789062,156.05999755859375,1473900,151.81996154785156
2016-09-30,156.6999969482422,159.52999877929688,156.6999969482422,159.05999755859375,1985900,154.73846435546875
2016-10-03,157.9499969482422,159.22000122070312,157.57000732421875,159.1199951171875,1304500,154.79678344726562
2016-10-04,158.97999572753906,159.44000244140625,156.47000122070312,157.57000732421875,1124700,153.28895568847656
2016-10-05,158.41000366210938,158.8000030517578,157.67999267578125,158.27999877929688,1171500,153.97970581054688
2016-10-06,158.50999450683594,158.50999450683594,157.2100067138672,158.44000244140625,998100,154.1353302001953
2016-10-07,159,159,157,158.2100067138672,1087000,153.91152954101562
2016-10-10,159.24000549316406,160.10000610351562,158.5500030517578,159.11000061035156,927800,154.78712463378906
2016-10-11,156,156.58999633789062,153.7899932861328,154.89999389648438,2697500,150.69140625
2016-10-12,154.99000549316406,155.25999450683594,153.58999633789062,153.8000030517578,1088600,149.6213836669922
2016-10-13,152.75,153.13999938964844,151.11000061035156,152.02999877929688,2191800,147.8994598388672
2016-10-14,152.88999938964844,152.92999267578125,151.5,151.7100067138672,1477900,147.58816528320312
2016-10-17,151.85000610351562,151.85000610351562,150.3000030517578,150.77999877929688,1614000,146.6834259033203
2016-10-18,152.19000244140625,152.32000732421875,151.05999755859375,151.6699981689453,1727300,147.54920959472656
2016-10-19,151.11000061035156,152.02999877929688,151.00999450683594,151.8000030517578,1859500,147.6757049560547
2016-10-20,151.80999755859375,152.1199951171875,151.08999633789062,151.66000366210938,2005200,147.53953552246094
2016-10-21,150.6999969482422,150.7899932861328,149.75999450683594,150.66000366210938,1589500,146.56666564941406
2016-10-24,151.72999572753906,153.39999389648438,150.9600067138672,153.11000061035156,2098500,148.95010375976562
2016-10-25,149.35000610351562,150.66000366210938,147.75,147.97000122070312,2431300,143.9497833251953
2016-10-26,147.1699981689453,148.13999938964844,146.14999389648438,148.0399932861328,3958100,144.01785278320312
2016-10-27,151.99000549316406,153.27999877929688,148.52999877929688,149.22000122070312,2999800,145.16578674316406
2016-10-28,149.5,149.74000549316406,147.0399932861328,147.2100067138672,1805900,143.2104949951172
2016-10-31,147.4499969482422,148.41000366210938,146.9600067138672,147.02999877929688,1345800,143.0352783203125
2016-11-01,148,148,144.33999633789062,146.02000427246094,1900600,142.0527801513672
2016-11-02,145.75999450683594,146.9600067138672,145.52000427246094,145.8000030517578,1791000,141.83872985839844
2016-11-03,145.8300018310547,146.85000610351562,145.6999969482422,146.0800018310547,1821200,142.11111450195312
2016-11-04,146.2100067138672,147.67999267578125,146.2100067138672,146.57000732421875,1365700,142.58778381347656
2016-11-07,148.8800048828125,152.38999938964844,148.1699981689453,151.80999755859375,2027200,147.68539428710938
2016-11-08,151.41000366210938,154.0399932861328,150.5800018310547,152.55999755859375,1620000,148.4150390625
2016-11-09,154.63999938964844,157.02000427246094,149.4499969482422,152.0500030517578,2441500,147.9189453125
2016-11-10,153.8000030517578,155.60000610351562,152.8699951171875,154.35000610351562,2247900,150.15640258789062
2016-11-11,153.38999938964844,153.58999633789062,150.66000366210938,151.25,1766300,147.140625
2016-11-14,152.52000427246094,153.0500030517578,147.72999572753906,148.02000427246094,2517100,143.99839782714844
2016-11-15,148.49000549316406,149.0500030517578,147.05999755859375,148.66000366210938,2114300,144.62098693847656
2016-11-16,148.8800048828125,150.1199951171875,148.6300048828125,149.49000549316406,1591500,145.42848205566406
2016-11-17,149.58999633789062,149.8699951171875,148.4199981689453,148.8800048828125,1552100,144.83505249023438
2016-11-18,148.77000427246094,149.1999969482422,145.6300048828125,145.80999755859375,2631700,141.84844970703125
2016-11-21,146.49000549316406,146.5,144.74000549316406,146.1699981689453,2975500,142.1986846923828
2016-11-22,146.5500030517578,146.5500030517578,141.75,143,3277500,139.11477661132812
2016-11-23,142.10000610351562,143.61000061035156,141.4600067138672,143.50999450683594,2582700,139.61093139648438
2016-11-25,143.47000122070312,144.2100067138672,142.72000122070312,144.17999267578125,803900,140.26271057128906
2016-11-28,142.94000244140625,143.3800048828125,139.52999877929688,140.32000732421875,3667300,136.50762939453125
2016-11-29,140.6999969482422,142,139.74000549316406,141.27000427246094,2576600,137.4317626953125
2016-11-30,142.02999877929688,142.4199981689453,139.94000244140625,140.11000061035156,2166600,136.30335998535156
2016-12-01,140.47000122070312,140.66000366210938,139.07000732421875,139.6300048828125,2703400,135.83639526367188
2016-12-02,139.60000610351562,143.16000366210938,139.32000732421875,141.91000366210938,3166100,138.05441284179688
2016-12-05,143.0500030517578,144.85000610351562,141.13999938964844,141.3800048828125,2920800,137.53883361816406
2016-12-06,141.57000732421875,144.4199981689453,141.27999877929688,143.58999633789062,3759200,139.68881225585938
2016-12-07,142.8800048828125,142.9199981689453,140.05999755859375,141.85000610351562,2413500,137.99603271484375
2016-12-08,141.77999877929688,143.77999877929688,140.99000549316406,143.07000732421875,1819400,139.1829071044922
2016-12-09,143.80999755859375,145.64999389648438,143.75,145.41000366210938,1620400,141.45933532714844
2016-12-12,144.27000427246094,146.0500030517578,144.27000427246094,145.17999267578125,1390800,141.23556518554688
2016-12-13,145.55999755859375,146.47999572753906,145.2100067138672,145.89999389648438,1254300,142.08277893066406
2016-12-14,145.57000732421875,146.02999877929688,143.22999572753906,143.8000030517578,1657300,140.03775024414062
2016-12-15,144,144.3300018310547,142.8699951171875,143.5,1849300,139.74557495117188
2016-12-16,143.47999572753906,145.30999755859375,142.25,142.5399932861328,2710500,138.81068420410156
2016-12-19,142.33999633789062,143.41000366210938,140.72000122070312,141.25,1591400,137.55450439453125
2016-12-20,141.5800018310547,142.58999633789062,140.7100067138672,141.8000030517578,1871300,138.09010314941406
2016-12-21,141.74000549316406,141.8000030517578,140.4199981689453,140.77000427246094,1502600,137.08702087402344
2016-12-22,140.9499969482422,141.08999633789062,139.8800048828125,140.52000427246094,1191100,136.8435516357422
2016-12-23,140.85000610351562,141.99000549316406,139.8800048828125,141.83999633789062,1047700,138.12896728515625
2016-12-27,142.1699981689453,143.19000244140625,141.8699951171875,142.41000366210938,879500,138.68418884277344
2016-12-28,142.55999755859375,142.77999877929688,141.11000061035156,141.22000122070312,1015300,137.52528381347656
2016-12-29,141.00999450683594,142.3800048828125,141,141.47999572753906,771600,137.7783966064453
2016-12-30,142.16000366210938,142.33999633789062,140.4499969482422,141.10000610351562,1063200,137.40835571289062
2017-01-03,142.38999938964844,143.8300018310547,142.22999572753906,143.6699981689453,1966400,139.9111328125
2017-01-04,143.9499969482422,146.05999755859375,143.2899932861328,145.16000366210938,2167200,141.36216735839844
2017-01-05,145.3800048828125,145.77000427246094,144.77999877929688,145.3800048828125,1683500,141.576416015625
2017-01-06,145.27999877929688,147.49000549316406,145.13999938964844,147.27000427246094,2016200,143.41696166992188
2017-01-09,147.00999450683594,148.63999938964844,147.00999450683594,147.49000549316406,1967200,143.63121032714844
2017-01-10,147.8000030517578,149.32000732421875,147.3000030517578,147.77999877929688,1806600,143.91366577148438
2017-01-11,147.7899932861328,148.3300018310547,143.8699951171875,146.22000122070312,2764300,142.39443969726562
2017-01-12,146.17999267578125,146.99000549316406,145.1300048828125,145.97000122070312,2239600,142.15089416503906
2017-01-13,146.08999633789062,147.02999877929688,145.52000427246094,146.2899932861328,1839600,142.46261596679688
2017-01-17,145.6699981689453,145.8699951171875,144.5500030517578,145.0500030517578,1651500,141.25502014160156
2017-01-18,145.83999633789062,146,143.55999755859375,144.66000366210938,1377100,140.87527465820312
2017-01-19,144.3800048828125,144.72000122070312,143.44000244140625,144.32000732421875,1435900,140.54415893554688
2017-01-20,144.91000366210938,145.13999938964844,143.32000732421875,143.50999450683594,1750000,139.75535583496094
2017-01-23,143.16000366210938,144.4199981689453,142.57000732421875,142.7899932861328,1508600,139.0541229248047
2017-01-24,143.22999572753906,143.66000366210938,140,140.97999572753906,2988500,137.29153442382812
2017-01-25,141.5,143.02000427246094,140.77000427246094,142.42999267578125,2224900,138.70358276367188
2017-01-26,142.52000427246094,143.47000122070312,141.97000122070312,143.10000610351562,2934000,139.35604858398438
2017-01-27,144.00999450683594,145.86000061035156,143.75999450683594,145.4499969482422,2107800,141.64456176757812
2017-01-30,145.52999877929688,145.55999755859375,142.66000366210938,143.2899932861328,3158600,139.54107666015625
2017-01-31,146.64999389648438,152.5,146.0800018310547,152.38999938964844,5340700,148.40292358398438
2017-02-01,152.27000427246094,155.10000610351562,151.47999572753906,152.94000244140625,3601900,148.9385986328125
2017-02-02,152.41000366210938,152.41000366210938,150.22999572753906,151.6699981689453,1751200,147.70181274414062
2017-02-03,152.14999389648438,152.3699951171875,150.38999938964844,151.42999267578125,1817100,147.46812438964844
2017-02-06,151.05999755859375,152.14999389648438,150.4199981689453,152.0800018310547,1624900,148.10108947753906
2017-02-07,152.1199951171875,153.1999969482422,151.7899932861328,153.00999450683594,1479300,149.0067901611328
2017-02-08,152.3800048828125,154.22999572753906,151.69000244140625,153.5,1467100,149.48397827148438
2017-02-09,153.5,155.27000427246094,153.3800048828125,154.74000549316406,1505000,150.6914825439453
2017-02-10,154.67999267578125,155.49000549316406,154.27000427246094,154.88999938964844,1482900,150.83761596679688
2017-02-13,155,156.8000030517578,154.49000549316406,156.35000610351562,1635900,152.2593994140625
2017-02-14,155.94000244140625,157.3300018310547,155.4199981689453,157.27999877929688,1429700,153.16510009765625
2017-02-15,156.49000549316406,158.3699951171875,156.47999572753906,158.25999450683594,1423300,154.11941528320312
2017-02-16,158.00999450683594,158.5500030517578,157.44000244140625,157.7100067138672,1252700,153.58380126953125
2017-02-17,157.6199951171875,159.3000030517578,157.38999938964844,158.63999938964844,1207400,154.48951721191406
2017-02-21,158.63999938964844,159.41000366210938,157.9600067138672,158.6300048828125,1242200,154.47975158691406
2017-02-22,158.33999633789062,159.10000610351562,157.69000244140625,158.02000427246094,1283000,153.88572692871094
2017-02-23,158.58999633789062,159.1199951171875,157.6999969482422,158.72999572753906,1124900,154.57713317871094
2017-02-24,158.33999633789062,158.97999572753906,157.5800018310547,158.97999572753906,832800,154.820556640625
2017-02-27,158.36000061035156,159.2899932861328,158.02000427246094,158.47999572753906,1220200,154.3336639404297
2017-02-28,158.1999969482422,159.25,157.52000427246094,157.67999267578125,1674200,153.55462646484375
2017-03-01,159.47000122070312,160.88999938964844,158.91000366210938,159.82000732421875,1722600,155.63864135742188
2017-03-02,160,160,158.97999572753906,159.1999969482422,1414300,155.03485107421875
2017-03-03,158.72000122070312,160.4199981689453,158.66000366210938,160.16000366210938,1204000,155.96969604492188
2017-03-06,158.7100067138672,159.2899932861328,157.5500030517578,157.7100067138672,1413400,153.58380126953125
2017-03-07,156.99000549316406,157.94000244140625,156.58999633789062,157.25999450683594,1166700,153.1455841064453
2017-03-08,157.38999938964844,157.9600067138672,156.63999938964844,157.5,1105400,153.3793182373047
2017-03-09,157.72000122070312,158.24000549316406,157.0800018310547,157.77999877929688,1102500,153.65200805664062
2017-03-10,158.17999267578125,159.47000122070312,158.14999389648438,159.3300018310547,1206300,155.1614227294922
2017-03-13,159.30999755859375,159.30999755859375,157.66000366210938,159.0399932861328,1324300,155.02496337890625
2017-03-14,158.49000549316406,158.6999969482422,157.9600067138672,158.33999633789062,1036500,154.3426513671875
2017-03-15,158.58999633789062,161.66000366210938,158.36000061035156,161.0500030517578,2548200,156.98428344726562
2017-03-16,158.02999877929688,159.5,156.85000610351562,158.02000427246094,3208700,154.03074645996094
2017-03-17,158.5399932861328,159.08999633789062,156.3800048828125,157.88999938964844,2654100,153.90402221679688
2017-03-20,158.13999938964844,158.39999389648438,156.36000061035156,156.74000549316406,1280600,152.78305053710938
2017-03-21,157.47000122070312,157.6999969482422,154.36000061035156,155.5399932861328,1593400,151.6133270263672
2017-03-22,155.7899932861328,156.5,154.3300018310547,155.3300018310547,1309600,151.4085693359375
2017-03-23,155.3000030517578,155.9499969482422,154.02000427246094,154.64999389648438,1643400,150.74578857421875
2017-03-24,154.42999267578125,155.6699981689453,153.69000244140625,154.0399932861328,1939000,150.15118408203125
2017-03-27,153.44000244140625,155.35000610351562,152.61000061035156,154.58999633789062,1418600,150.68736267089844
2017-03-28,154.63999938964844,155.3800048828125,153.5399932861328,154.63999938964844,1113900,150.73602294921875
2017-03-29,154.35000610351562,154.58999633789062,152.94000244140625,153.97999572753906,1075000,150.0926971435547
2017-03-30,154.10000610351562,154.7100067138672,153.4499969482422,153.91000366210938,1054200,150.02447509765625
2017-03-31,153.38999938964844,154.14999389648438,153.22000122070312,153.60000610351562,1219100,149.7223358154297
2017-04-03,153.60000610351562,155.2100067138672,153.5,154.5800018310547,2084800,150.6775360107422
2017-04-04,154.47000122070312,154.9600067138672,152.50999450683594,152.72000122070312,2701200,148.864501953125
2017-04-05,153.27000427246094,154.08999633789062,152.6300048828125,152.75999450683594,2013000,148.9034881591797
2017-04-06,152.77999877929688,153.52000427246094,152.1999969482422,152.9499969482422,2431000,149.08871459960938
2017-04-07,153.07000732421875,153.7100067138672,152.57000732421875,153.11000061035156,1323700,149.2446746826172
2017-04-10,153.22000122070312,154.75999450683594,153.22000122070312,153.4499969482422,1019600,149.5760955810547
2017-04-11,152.88999938964844,153.69000244140625,151.91000366210938,152.8699951171875,986000,149.0106964111328
2017-04-12,152.86000061035156,152.9499969482422,151.74000549316406,152.4600067138672,1253700,148.61109924316406
2017-04-13,151.94000244140625,152.9600067138672,151.77000427246094,152.17999267578125,934600,148.338134765625
2017-04-17,152.77000427246094,153.9199981689453,152.3300018310547,153.6999969482422,1274500,149.8197479248047
2017-04-18,153.0399932861328,153.8800048828125,152.3000030517578,153.27000427246094,886600,149.40061950683594
2017-04-19,153.97000122070312,154.66000366210938,152.9199981689453,154.4600067138672,1291100,150.5606231689453
2017-04-20,154.77000427246094,155.86000061035156,153.82000732421875,155.36000061035156,1592700,151.43788146972656
2017-04-21,155.27000427246094,155.8300018310547,154.58999633789062,155.0399932861328,1992300,151.12591552734375
2017-04-24,156.52999877929688,157.63999938964844,156.02999877929688,157.33999633789062,1198300,153.367919921875
2017-04-25,158.42999267578125,159.42999267578125,158.1199951171875,158.80999755859375,2171300,154.80079650878906
2017-04-26,162.1300048828125,168.1199951171875,160.99000549316406,168.00999450683594,4182900,163.76846313476562
2017-04-27,168.67999267578125,168.75999450683594,166,166.6999969482422,2287900,162.49159240722656
2017-04-28,166.52999877929688,166.60000610351562,164.77000427246094,165.3300018310547,1507000,161.15614318847656
2017-05-01,166.3699951171875,167.5399932861328,166.02000427246094,166.6199951171875,1431200,162.4136199951172
2017-05-02,166.60000610351562,167.5,165.75,167.25,1561700,163.02772521972656
2017-05-03,167.25,168.61000061035156,166.91000366210938,168.32000732421875,1785200,164.07069396972656
2017-05-04,168.36000061035156,170.24000549316406,168.11000061035156,170.1199951171875,1247400,165.8252410888672
2017-05-05,170.0800018310547,171.14999389648438,169.63999938964844,171.05999755859375,1681300,166.7415313720703
2017-05-08,171.42999267578125,171.6699981689453,169.7899932861328,170.38999938964844,3636100,166.08843994140625
2017-05-09,171.6699981689453,173.2100067138672,171,172.1199951171875,1806500,167.7747802734375
2017-05-10,170.94000244140625,172.6699981689453,170.1999969482422,170.97000122070312,1860100,166.65382385253906
2017-05-11,169.8800048828125,171.07000732421875,169.4600067138672,171.00999450683594,1126900,166.69281005859375
2017-05-12,170.6999969482422,172.05999755859375,170.41000366210938,171.52000427246094,1107400,167.18992614746094
2017-05-15,171.5,173.52999877929688,171.3800048828125,172.25999450683594,2280300,167.91119384765625
2017-05-16,172.33999633789062,172.75999450683594,171.77999877929688,172.27000427246094,1482300,167.9209442138672
2017-05-17,172.27000427246094,173,170.83999633789062,170.97000122070312,1368000,166.65382385253906
2017-05-18,171.02999877929688,173.25999450683594,170.8699951171875,171.74000549316406,1553200,167.40438842773438
2017-05-19,172.1199951171875,172.6999969482422,171.22999572753906,171.52999877929688,1130900,167.19964599609375
2017-05-22,171.35000610351562,172.3800048828125,170.8000030517578,172.10000610351562,1044400,167.75526428222656
2017-05-23,173.38999938964844,173.63999938964844,171.75,171.8300018310547,1078700,167.49208068847656
2017-05-24,171.80999755859375,172.44000244140625,171.27999877929688,172.3300018310547,827900,167.97946166992188
2017-05-25,172.47000122070312,173.07000732421875,171.9600067138672,172.89999389648438,764200,168.53506469726562
2017-05-26,173.30999755859375,173.55999755859375,172.8800048828125,173.4199981689453,683300,169.04190063476562
2017-05-30,173.1699981689453,173.5800018310547,172.4199981689453,173.25,1114200,168.876220703125
2017-05-31,173.77999877929688,174.3800048828125,172.77999877929688,172.7899932861328,1836500,168.4278106689453
2017-06-01,172.7899932861328,174.82000732421875,172.3300018310547,174.82000732421875,1014500,170.40664672851562
2017-06-02,175,176.38999938964844,174.1699981689453,176.38999938964844,1074500,171.93695068359375
2017-06-05,176.25999450683594,176.85000610351562,175.30999755859375,176.44000244140625,874300,171.98568725585938
2017-06-06,176,176.5800018310547,175.74000549316406,176.07000732421875,1443000,171.62501525878906
2017-06-07,176.08999633789062,176.50999450683594,175.52000427246094,176.33999633789062,897800,171.88821411132812
2017-06-08,176.33999633789062,176.36000061035156,173.85000610351562,174.80999755859375,2016400,170.39683532714844
2017-06-09,175.3000030517578,175.97000122070312,174.07000732421875,174.92999267578125,1238400,170.51380920410156
2017-06-12,174.99000549316406,175.19000244140625,172.0399932861328,173.3800048828125,1695200,169.0029296875
2017-06-13,173.52000427246094,175.10000610351562,173.3300018310547,174.92999267578125,912100,170.66146850585938
2017-06-14,175.33999633789062,175.33999633789062,173.77999877929688,174.57000732421875,1337300,170.31024169921875
2017-06-15,173.82000732421875,174.24000549316406,172.5800018310547,174.1300048828125,1150400,169.8809814453125
2017-06-16,174.55999755859375,175.30999755859375,174,174.86000061035156,1944700,170.5931396484375
2017-06-19,175.6199951171875,176.7100067138672,175.08999633789062,176.25,1154800,171.94923400878906
2017-06-20,176.0399932861328,176.9199981689453,175.25999450683594,175.6699981689453,1299600,171.3833465576172
2017-06-21,176.49000549316406,176.8800048828125,175.08999633789062,175.60000610351562,1348000,171.3151092529297
2017-06-22,176.02999877929688,176.3699951171875,174.3000030517578,175.47000122070312,964500,171.1882781982422
2017-06-23,175.75,175.75,173.1999969482422,174.44000244140625,1633700,170.1833953857422
2017-06-26,174.99000549316406,175,172.94000244140625,173.22999572753906,1297100,169.00296020507812
2017-06-27,172.97000122070312,174.3000030517578,172.1300048828125,173.6999969482422,1207800,169.46148681640625
2017-06-28,174.6199951171875,176.27000427246094,173.77000427246094,175.77000427246094,1009900,171.48097229003906
2017-06-29,175.60000610351562,176.10000610351562,173.1999969482422,173.88999938964844,1252100,169.64682006835938
2017-06-30,174.4199981689453,175.2100067138672,173.97999572753906,174.47000122070312,819700,170.212646484375
2017-07-03,175.3300018310547,176.1999969482422,174.41000366210938,174.41000366210938,612300,170.15414428710938
2017-07-05,174.60000610351562,176.44000244140625,174.22999572753906,175.74000549316406,1186800,171.45169067382812
2017-07-06,174.77999877929688,175.7899932861328,174.2899932861328,175.0399932861328,2290600,170.7687530517578
2017-07-07,175.8000030517578,177.99000549316406,175.39999389648438,177.49000549316406,1345700,173.1590118408203
2017-07-10,177.8000030517578,178.2899932861328,176.74000549316406,177.6699981689453,1492500,173.33462524414062
2017-07-11,177.64999389648438,179.13999938964844,176.88999938964844,178.63999938964844,2127100,174.28094482421875
2017-07-12,179.2100067138672,180.72000122070312,179.05999755859375,180.1999969482422,1101600,175.80288696289062
2017-07-13,180.57000732421875,180.6999969482422,179.30999755859375,180.02999877929688,927400,175.6370391845703
2017-07-14,179.86000061035156,181.27000427246094,179.3699951171875,180.9499969482422,871900,176.53451538085938
2017-07-17,181.0800018310547,182.39999389648438,180.24000549316406,180.7899932861328,1297300,176.37847900390625
2017-07-18,180.60000610351562,180.9600067138672,178.85000610351562,179.35000610351562,1433300,174.9736328125
2017-07-19,180.05999755859375,180.63999938964844,179.25,180.14999389648438,932300,175.7540740966797
2017-07-20,181.11000061035156,182.77000427246094,181.11000061035156,181.5500030517578,1109800,177.11988830566406
2017-07-21,181.2899932861328,182.86000061035156,181.05999755859375,182.17999267578125,786800,177.73455810546875
2017-07-24,182.13999938964844,182.8699951171875,181.61000061035156,182.16000366210938,805600,177.71502685546875
2017-07-25,181.77000427246094,182.27999877929688,179.5,180.1300048828125,1440700,175.73460388183594
2017-07-26,175.1699981689453,176.74000549316406,170.17999267578125,175.05999755859375,3944000,170.78834533691406
2017-07-27,175.85000610351562,177,174.3300018310547,175.27000427246094,2479100,170.99319458007812
2017-07-28,175.3000030517578,176.5,173.52999877929688,175.97000122070312,1326900,171.67608642578125
2017-07-31,176.61000061035156,177.0500030517578,175.3000030517578,175.52999877929688,1266500,171.2467803955078
2017-08-01,176.16000366210938,176.5,175.1199951171875,175.47000122070312,1382400,171.1882781982422
2017-08-02,175.8699951171875,176.58999633789062,175.50999450683594,176.44000244140625,1370000,172.13462829589844
2017-08-03,176,176.22000122070312,174.8800048828125,175.74000549316406,933100,171.45169067382812
2017-08-04,175.92999267578125,176.91000366210938,175.16000366210938,176.3300018310547,752100,172.02728271484375
2017-08-07,176.35000610351562,177.42999267578125,175.67999267578125,177.35000610351562,791800,173.02243041992188
2017-08-08,176.50999450683594,176.85000610351562,173.92999267578125,173.99000549316406,1648700,169.7444305419922
2017-08-09,170.25999450683594,174.00999450683594,170.25999450683594,173.25999450683594,4284600,169.03224182128906
2017-08-10,171.92999267578125,173.38999938964844,171.30999755859375,171.74000549316406,2266700,167.54931640625
2017-08-11,171.63999938964844,174.10000610351562,170.07000732421875,173.22999572753906,2202600,169.00296020507812
2017-08-14,174.9499969482422,175.25,173.72000122070312,174.02999877929688,1182400,169.78343200683594
2017-08-15,174.75,175.25999450683594,173.36000061035156,173.55999755859375,992500,169.324951171875
2017-08-16,173.9499969482422,176,173.83999633789062,175.44000244140625,1268500,171.15904235839844
2017-08-17,175.1999969482422,175.72000122070312,172.8699951171875,172.88999938964844,1159800,168.67124938964844
2017-08-18,172.55999755859375,174.36000061035156,172.14999389648438,172.57000732421875,1182700,168.35911560058594
2017-08-21,172.7899932861328,174.13999938964844,172.50999450683594,174.00999450683594,1184900,169.76393127441406
2017-08-22,174.5500030517578,176.86000061035156,174.16000366210938,176.7899932861328,1271600,172.47613525390625
2017-08-23,176.30999755859375,177.27999877929688,175.16000366210938,175.80999755859375,2168700,171.52003479003906
2017-08-24,175.82000732421875,176.63999938964844,175.5399932861328,175.9600067138672,1177000,171.66636657714844
2017-08-25,176.5399932861328,178.60000610351562,176.4600067138672,177.22000122070312,1537700,172.8955841064453
2017-08-28,177.8000030517578,178.74000549316406,177.22999572753906,178.42999267578125,1462200,174.07603454589844
2017-08-29,177.69000244140625,180.67999267578125,177.2899932861328,180.52000427246094,1549500,176.11502075195312
2017-08-30,180.97000122070312,183.32000732421875,180.42999267578125,182.9499969482422,1445300,178.4857177734375
2017-08-31,183.49000549316406,187.5399932861328,182.9600067138672,187.13999938964844,2035500,182.57354736328125
2017-09-01,188.22000122070312,188.75999450683594,185.4199981689453,186,1404800,181.46141052246094
2017-09-05,185.8699951171875,186.5,184.8800048828125,186.02000427246094,1190400,181.4808807373047
2017-09-06,187.38999938964844,189.49000549316406,187.02999877929688,189.41000366210938,1516600,184.78814697265625
2017-09-07,190,190.9499969482422,188.85000610351562,190.58999633789062,1619100,185.93936157226562
2017-09-08,190.58999633789062,192.27999877929688,189.77999877929688,191.6300048828125,1545800,186.95401000976562
2017-09-11,192.22000122070312,193.6699981689453,192.07000732421875,193.57000732421875,1521000,188.84661865234375
2017-09-12,194.02000427246094,194.3000030517578,192.60000610351562,194.0399932861328,1000900,189.30511474609375
2017-09-13,193.64999389648438,193.8800048828125,191.10000610351562,191.47000122070312,1302100,186.79786682128906
2017-09-14,191.82000732421875,192,189.63999938964844,191.69000244140625,1287300,187.1591339111328
2017-09-15,190.75999450683594,192.8300018310547,190.5800018310547,190.6300048828125,3274900,186.1242218017578
2017-09-18,191.14999389648438,191.97999572753906,190.77999877929688,191.86000061035156,1750700,187.3251190185547
2017-09-19,192.0399932861328,192.27999877929688,189.3000030517578,189.6199951171875,1215500,185.1380615234375
2017-09-20,189.52999877929688,190.1699981689453,187.4199981689453,188.60000610351562,1194400,184.14219665527344
2017-09-21,187.89999389648438,189.27000427246094,187.6999969482422,187.91000366210938,921600,183.4684600830078
2017-09-22,188.1300048828125,189.11000061035156,187.30999755859375,188.3000030517578,912200,183.84925842285156
2017-09-25,188.72000122070312,189.11000061035156,185.97999572753906,187.32000732421875,1916100,182.89242553710938
2017-09-26,189.30999755859375,189.85000610351562,187.57000732421875,187.6699981689453,1384200,183.234130859375
2017-09-27,188.25,189.11000061035156,187.25,188.47000122070312,1410200,184.0151824951172
2017-09-28,187.7899932861328,188.44000244140625,186.0500030517578,186.4499969482422,1002200,182.04298400878906
2017-09-29,186.7100067138672,189.57000732421875,186.35000610351562,189.1999969482422,1703200,184.72799682617188
2017-10-02,189.80999755859375,191.5399932861328,189.22999572753906,191.5399932861328,1414300,187.01266479492188
2017-10-03,191.5399932861328,192.3000030517578,189.5399932861328,190.3300018310547,1023100,185.831298828125
2017-10-04,190.7100067138672,193.50999450683594,190.7100067138672,193.50999450683594,1114400,188.93606567382812
2017-10-05,193.36000061035156,193.47000122070312,191.94000244140625,193.42999267578125,1021800,188.85800170898438
2017-10-06,193.3800048828125,194.1199951171875,191.94000244140625,193.2100067138672,974900,188.64312744140625
2017-10-09,193.39999389648438,193.97999572753906,192.3699951171875,193.25999450683594,593500,188.6920166015625
2017-10-10,193.6699981689453,193.85000610351562,191.50999450683594,192.63999938964844,894900,188.0866241455078
2017-10-11,192.60000610351562,193.52000427246094,192.36000061035156,193.4600067138672,762900,188.8872833251953
2017-10-12,193.5,193.6699981689453,192.89999389648438,193.38999938964844,876500,188.81893920898438
2017-10-13,193.67999267578125,194.1199951171875,191.91000366210938,192.4199981689453,852100,187.8718719482422
2017-10-16,192.7899932861328,193.38999938964844,190.75999450683594,191.27999877929688,1244100,186.75880432128906
2017-10-17,190.50999450683594,190.80999755859375,186.63999938964844,188.77000427246094,1893900,184.3081817626953
2017-10-18,189,189.5500030517578,187.6999969482422,189.22000122070312,1372500,184.74746704101562
2017-10-19,189.63999938964844,192.4499969482422,189.27000427246094,192.44000244140625,1691700,187.89134216308594
2017-10-20,193.1699981689453,194.42999267578125,192.83999633789062,193.86000061035156,1258500,189.27784729003906
2017-10-23,194.67999267578125,195.9199981689453,194.0500030517578,194.3699951171875,1313400,189.77577209472656
2017-10-24,194.5800018310547,195.35000610351562,193.19000244140625,194.3800048828125,2176900,189.78553771972656
2017-10-25,198.3800048828125,200.99000549316406,196.99000549316406,199.6699981689453,2120000,194.9505157470703
2017-10-26,199.72000122070312,201.1999969482422,197.6699981689453,200.3699951171875,2942500,195.63400268554688
2017-10-27,200,201.05999755859375,191.24000549316406,192.4199981689453,3777100,187.8718719482422
2017-10-30,191.7100067138672,192.8699951171875,190.30999755859375,192.02000427246094,1741800,187.48133850097656
2017-10-31,192.05999755859375,195.5,191.8000030517578,193.8300018310547,1543000,189.2485809326172
2017-11-01,195.13999938964844,195.30999755859375,193.22000122070312,194.19000244140625,1056600,189.60003662109375
2017-11-02,193.97999572753906,194.22999572753906,191.00999450683594,191.27999877929688,1797700,186.75880432128906
2017-11-03,191.6300048828125,194.50999450683594,191.35000610351562,193.7100067138672,816200,189.1314239501953
2017-11-06,194.02000427246094,194.5399932861328,192.88999938964844,193.52999877929688,1066000,188.9556427001953
2017-11-07,193.5,194.07000732421875,192.72999572753906,193.2100067138672,796600,188.64312744140625
2017-11-08,192.7100067138672,194.17999267578125,192.7100067138672,193.86000061035156,981900,189.27784729003906
2017-11-09,193.4199981689453,193.9600067138672,190.1999969482422,191.88999938964844,1052400,187.35440063476562
2017-11-10,191.6699981689453,191.91000366210938,184.5,186.17999267578125,3009200,181.7793731689453
2017-11-13,185.52999877929688,188.80999755859375,185.25,188.2100067138672,1786900,183.76138305664062
2017-11-14,187.80999755859375,190.22999572753906,187.3699951171875,189.0800018310547,1421300,184.6107940673828
2017-11-15,189.1199951171875,189.8800048828125,187.91000366210938,188.50999450683594,1090800,184.05429077148438
2017-11-16,189.0500030517578,190.99000549316406,189.02000427246094,190.61000061035156,982800,186.1046905517578
2017-11-17,189.5500030517578,191.5800018310547,189.5500030517578,190.1699981689453,1151900,185.67503356933594
2017-11-20,189.9600067138672,191.89999389648438,189.83999633789062,191,1373800,186.4854278564453
2017-11-21,191.35000610351562,193.0399932861328,190.27999877929688,192.92999267578125,1757100,188.36984252929688
2017-11-22,193,193.24000549316406,192.1699981689453,192.75,1005500,188.19407653808594
2017-11-24,193,193.75999450683594,192.3000030517578,193.50999450683594,374500,188.93606567382812
2017-11-27,193.02000427246094,193.94000244140625,192.36000061035156,193.9199981689453,1731600,189.33642578125
2017-11-28,194.94000244140625,196.36000061035156,194.42999267578125,196.3000030517578,1650500,191.66017150878906
2017-11-29,196.36000061035156,197.17999267578125,191.75999450683594,192.6199951171875,2183000,188.06712341308594
2017-11-30,193.69000244140625,194.7899932861328,191.85000610351562,192.75999450683594,2497500,188.20379638671875
2017-12-01,192.77999877929688,193.49000549316406,189.19000244140625,192.1999969482422,1335400,187.65707397460938
2017-12-04,191,191.25999450683594,181.5399932861328,182.02999877929688,3926800,177.72747802734375
2017-12-05,182.58999633789062,184.3800048828125,181.50999450683594,182.4499969482422,2229200,178.13755798339844
2017-12-06,182.63999938964844,184.02999877929688,181.58999633789062,183.8699951171875,2262900,179.5239715576172
2017-12-07,183.88999938964844,185.75999450683594,183.64999389648438,185.6300048828125,1550100,181.24232482910156
2017-12-08,186.22000122070312,188.89999389648438,185.86000061035156,187.9600067138672,2437700,183.51724243164062
2017-12-11,188.57000732421875,189.6199951171875,187.17999267578125,189.49000549316406,1423700,185.0111083984375
2017-12-12,189.41000366210938,189.89999389648438,187.6199951171875,189.49000549316406,1301100,185.0111083984375
2017-12-13,189.86000061035156,191.97000122070312,189.5399932861328,191.47000122070312,1447300,186.94430541992188
2017-12-14,191.2899932861328,193.0800018310547,188.1999969482422,188.32000732421875,2158700,184.01292419433594
2017-12-15,189.47999572753906,192.67999267578125,189.41000366210938,192.27000427246094,3851200,187.87255859375
2017-12-18,193.30999755859375,194.52000427246094,192.8800048828125,193.57000732421875,1305300,189.14285278320312
2017-12-19,194.25,195.35000610351562,192.6999969482422,193.88999938964844,1552700,189.45553588867188
2017-12-20,194.77999877929688,194.77999877929688,190.94000244140625,192.2899932861328,1492000,187.89208984375
2017-12-21,192.85000610351562,193.55999755859375,190.9600067138672,191.1300048828125,1185800,186.75869750976562
2017-12-22,190.91000366210938,191.1199951171875,189.08999633789062,190.4199981689453,1093600,186.06491088867188
2017-12-26,190.72000122070312,191.14999389648438,189.92999267578125,190.33999633789062,467400,185.98670959472656
2017-12-27,190.69000244140625,191.22999572753906,190.17999267578125,191.1699981689453,671600,186.7977294921875
2017-12-28,190.94000244140625,191.97999572753906,190.25999450683594,191.1699981689453,675500,186.7977294921875
2017-12-29,191.94000244140625,191.9499969482422,189.8800048828125,189.8800048828125,856600,185.53724670410156
2018-01-02,190.8000030517578,193.49000549316406,190.3800048828125,192.97999572753906,1140900,188.56631469726562
2018-01-03,192.2100067138672,196.6699981689453,191.17999267578125,196.52000427246094,1458300,192.025390625
2018-01-04,197.14999389648438,199.60000610351562,196.6699981689453,198.97999572753906,1566400,194.42910766601562
2018-01-05,200,202.64999389648438,199.2100067138672,202.38999938964844,1469500,197.76112365722656
2018-01-08,202.38999938964844,203.24000549316406,200.1999969482422,202.72000122070312,1974600,198.08355712890625
2018-01-09,204.75,206.9199981689453,203.39999389648438,206.10000610351562,1845200,201.3862762451172
2018-01-10,204.8000030517578,206.6199951171875,201.9600067138672,206.2899932861328,1421200,201.57191467285156
2018-01-11,206.9499969482422,208.72000122070312,205.9600067138672,208.66000366210938,1520600,203.88775634765625
2018-01-12,208.88999938964844,211.5399932861328,207.7899932861328,210.1699981689453,1486500,205.36317443847656
2018-01-16,211.80999755859375,211.80999755859375,207.50999450683594,208.00999450683594,2264300,203.25257873535156
2018-01-17,209.55999755859375,211.6699981689453,208.3000030517578,211.47999572753906,1461700,206.64321899414062
2018-01-18,211.39999389648438,213.05999755859375,210.52000427246094,212.41000366210938,1458500,207.55197143554688
2018-01-19,213.9499969482422,214.57000732421875,212.36000061035156,213.50999450683594,1439900,208.62681579589844
2018-01-22,214.00999450683594,215.3300018310547,212.77000427246094,215.32000732421875,1230300,210.39541625976562
2018-01-23,215.5800018310547,217.22000122070312,214.25,214.5500030517578,1267000,209.64300537109375
2018-01-24,215.02000427246094,216.6699981689453,213,215.32000732421875,1227400,210.39541625976562
2018-01-25,216.3699951171875,218.74000549316406,215.00999450683594,217.8800048828125,1668400,212.8968963623047
2018-01-26,218.1699981689453,219.77999877929688,216.72999572753906,219.77999877929688,1162000,214.75340270996094
2018-01-29,219.39999389648438,220.10000610351562,218.58999633789062,218.80999755859375,1042800,213.80563354492188
2018-01-30,215.99000549316406,216.27999877929688,212.5399932861328,214.6199951171875,1921700,209.71141052246094
2018-01-31,223.4600067138672,226,219.6999969482422,224.11000061035156,3414200,218.98435974121094
2018-02-01,224.16000366210938,226.44000244140625,219.61000061035156,222.36000061035156,1912800,217.2744140625
2018-02-02,220.11000061035156,220.77999877929688,217.55999755859375,217.69000244140625,1992400,212.711181640625
2018-02-05,216.7100067138672,219.25999450683594,207.80999755859375,208.30999755859375,2387600,203.54574584960938
2018-02-06,205,211.10000610351562,201.6199951171875,209.47999572753906,2415300,204.68898010253906
2018-02-07,208.33999633789062,211.1999969482422,206.1300048828125,207.5500030517578,1653000,202.8031005859375
2018-02-08,207.32000732421875,209.99000549316406,198.69000244140625,198.72999572753906,2196600,194.18479919433594
2018-02-09,200.5399932861328,202.38999938964844,194.50999450683594,200.17999267578125,2074300,195.60166931152344
2018-02-12,202,206.1300048828125,201.52000427246094,204.50999450683594,1528200,199.8326416015625
2018-02-13,203.50999450683594,204.47000122070312,200.86000061035156,203.5,1222700,198.84576416015625
2018-02-14,201.86000061035156,208.80999755859375,201.72000122070312,208.30999755859375,1412300,203.54574584960938
2018-02-15,210.33999633789062,210.75,206.6199951171875,210.72000122070312,1080800,205.900634765625
2018-02-16,210.25999450683594,212.69000244140625,209.35000610351562,210.61000061035156,895800,205.79315185546875
2018-02-20,208.89999389648438,210.9499969482422,207.3000030517578,207.83999633789062,1127700,203.08651733398438
2018-02-21,208.3000030517578,213.63999938964844,208.3000030517578,209.7899932861328,1021300,204.9918670654297
2018-02-22,210.8000030517578,213.6300048828125,208.6999969482422,209.1300048828125,1230600,204.34695434570312
2018-02-23,209.97000122070312,211.83999633789062,208.39999389648438,211.7100067138672,827300,206.86801147460938
2018-02-26,212.17999267578125,214.2100067138672,211.2100067138672,214.07000732421875,990600,209.17401123046875
2018-02-27,213.9199981689453,214.8699951171875,210.4600067138672,210.67999267578125,1067000,205.86154174804688
2018-02-28,211.41000366210938,213.47999572753906,208.5,208.5800018310547,1099300,203.80953979492188
2018-03-01,208.63999938964844,208.8000030517578,202.82000732421875,205.2100067138672,1419500,200.51663208007812
2018-03-02,203.6699981689453,206.99000549316406,201.82000732421875,206.44000244140625,1228600,201.718505859375
2018-03-05,204.50999450683594,207.92999267578125,202.07000732421875,206.75999450683594,1228500,202.0312042236328
2018-03-06,208.07000732421875,210.3300018310547,206.66000366210938,210.1199951171875,1007100,205.3142852783203
2018-03-07,207.33999633789062,212.4600067138672,207.33999633789062,212.16000366210938,1225500,207.3076934814453
2018-03-08,212.6999969482422,212.72999572753906,210.00999450683594,211.6999969482422,868700,206.85821533203125
2018-03-09,213.25,218.0800018310547,212.36000061035156,217.88999938964844,1594600,212.9066162109375
2018-03-12,218.6999969482422,219.94000244140625,216.92999267578125,217.49000549316406,2268400,212.5157928466797
2018-03-13,219.1300048828125,219.6699981689453,214.89999389648438,215.1199951171875,1483000,210.19996643066406
2018-03-14,215.4199981689453,216.64999389648438,212.86000061035156,213.4600067138672,1252500,208.74290466308594
2018-03-15,212.52000427246094,215.19000244140625,212.16000366210938,212.4499969482422,1401100,207.75521850585938
2018-03-16,212.61000061035156,213.38999938964844,210.25999450683594,210.44000244140625,2564100,205.7896728515625
2018-03-19,210.77999877929688,212.5500030517578,209.11000061035156,211.72000122070312,1819300,207.04141235351562
2018-03-20,212.88999938964844,215.5500030517578,211.91000366210938,214.72000122070312,1523200,209.97506713867188
2018-03-21,214.77999877929688,215.3699951171875,212.83999633789062,212.9600067138672,1029200,208.25393676757812
2018-03-22,211,212.39999389648438,206.52000427246094,207.3300018310547,1665000,202.74832153320312
2018-03-23,207.7899932861328,208.3300018310547,204.27000427246094,204.64999389648438,1703900,200.12757873535156
2018-03-26,207.57000732421875,210.14999389648438,204.9600067138672,209.67999267578125,1058600,205.04644775390625
2018-03-27,210.36000061035156,210.9199981689453,205.22999572753906,206.6199951171875,1359200,202.0540771484375
2018-03-28,207.49000549316406,208.42999267578125,205.32000732421875,205.9199981689453,1402000,201.36956787109375
2018-03-29,207.00999450683594,208.44000244140625,204.52000427246094,206.4600067138672,1787700,201.89761352539062
2018-04-02,205.72000122070312,206.77999877929688,199.85000610351562,203.13999938964844,1619700,198.65098571777344
2018-04-03,204.6999969482422,207.50999450683594,203.02000427246094,206.67999267578125,1316300,202.1127471923828
2018-04-04,203.5800018310547,209.82000732421875,202.38999938964844,209.32000732421875,1318500,204.6943817138672
2018-04-05,210.1199951171875,212.61000061035156,209.49000549316406,211.86000061035156,1159700,207.1782684326172
2018-04-06,209.49000549316406,211.1199951171875,203.75999450683594,205.55999755859375,1649700,201.01748657226562
2018-04-09,207.25,212.41000366210938,207.25,209.5500030517578,1399100,204.91929626464844
2018-04-10,212.35000610351562,216.3300018310547,211.83999633789062,215.19000244140625,2050200,210.43472290039062
2018-04-11,213.3699951171875,213.92999267578125,211.69000244140625,212.7899932861328,1067200,208.0877227783203
2018-04-12,214.08999633789062,214.83999633789062,213.24000549316406,213.3300018310547,748700,208.61578369140625
2018-04-13,214.6699981689453,215.32000732421875,212.86000061035156,214.35000610351562,676400,209.61325073242188
2018-04-16,215.7100067138672,217.52000427246094,212.63999938964844,215.91000366210938,817200,211.13876342773438
2018-04-17,217.24000549316406,219.08999633789062,216.10000610351562,218.22999572753906,1611600,213.40748596191406
2018-04-18,219.0800018310547,221.02999877929688,218.41000366210938,219.52999877929688,1564400,214.67877197265625
2018-04-19,220.24000549316406,221.8800048828125,215.47999572753906,216.99000549316406,1610100,212.1949005126953
2018-04-20,217.86000061035156,218.4499969482422,215.60000610351562,215.88999938964844,1377900,211.1191864013672
2018-04-23,216.8300018310547,218.0500030517578,215.8000030517578,216.35000610351562,1244700,211.5690460205078
2018-04-24,214.44000244140625,216.3000030517578,210.49000549316406,213.1699981689453,2051100,208.45928955078125
2018-04-25,217.85000610351562,218,207.99000549316406,214.47000122070312,2246500,209.73060607910156
2018-04-26,214.6999969482422,215.89999389648438,212.0399932861328,213.83999633789062,1475200,209.114501953125
2018-04-27,213.6699981689453,214.47000122070312,212.1999969482422,212.83999633789062,1668300,208.1365966796875
2018-04-30,213.08999633789062,213.83999633789062,210.33999633789062,210.35000610351562,1375400,205.70162963867188
2018-05-01,210.44000244140625,212.2899932861328,208.38999938964844,210.72000122070312,1100600,206.06346130371094
2018-05-02,210,211.35000610351562,208.02000427246094,208.83999633789062,1514700,204.2250213623047
2018-05-03,208.16000366210938,208.61000061035156,204.86000061035156,208.32000732421875,2291700,203.7165069580078
2018-05-04,208.1300048828125,210.63999938964844,205.22000122070312,210.07000732421875,996700,205.4277801513672
2018-05-07,210.3300018310547,211.99000549316406,208.16000366210938,208.97999572753906,1204600,204.36190795898438
2018-05-08,208.27000427246094,209.02000427246094,206.58999633789062,208.07000732421875,1105900,203.4720458984375
2018-05-09,208.66000366210938,209.52999877929688,207.3300018310547,208.69000244140625,1237100,204.0782928466797
2018-05-10,210,214.1300048828125,209.08999633789062,213.82000732421875,1272700,209.09498596191406
2018-05-11,214.27000427246094,216.69000244140625,213.36000061035156,216.5500030517578,1209800,211.76463317871094
2018-05-14,216.60000610351562,219.41000366210938,215.8000030517578,217.41000366210938,1447300,212.6056365966797
2018-05-15,213.25999450683594,214.64999389648438,208.9199981689453,209.0800018310547,1731400,204.45970153808594
2018-05-16,209.5,212.14999389648438,209.10000610351562,210.6699981689453,1813500,206.0145721435547
2018-05-17,211.1199951171875,212.52000427246094,210.02000427246094,211.00999450683594,1364300,206.3470458984375
2018-05-18,211.5,215.47000122070312,211.22000122070312,214.94000244140625,1072800,210.19024658203125
2018-05-21,215.74000549316406,217.1300048828125,214.94000244140625,216.72999572753906,894400,211.94065856933594
2018-05-22,217.8800048828125,219.0500030517578,217.5,217.86000061035156,1587200,213.04566955566406
2018-05-23,217,218.77000427246094,215.6999969482422,216.52000427246094,1446900,211.7352294921875
2018-05-24,217.13999938964844,218.8699951171875,215.82000732421875,215.97000122070312,955000,211.19744873046875
2018-05-25,215.8300018310547,216.3800048828125,212.58999633789062,213.64999389648438,929200,208.92868041992188
2018-05-29,211.47999572753906,212.64999389648438,207.10000610351562,208.97000122070312,1854100,204.3520965576172
2018-05-30,210.33999633789062,212,209.7100067138672,210.9499969482422,1189500,206.28836059570312
2018-05-31,210.9499969482422,211.1699981689453,208.02999877929688,208.27000427246094,1659400,203.66758728027344
2018-06-01,210,211.97999572753906,209.61000061035156,211.8300018310547,833800,207.14892578125
2018-06-04,212,214.8000030517578,212,214.1699981689453,1554200,209.4372100830078
2018-06-05,213.8300018310547,215.97999572753906,213.74000549316406,214.77000427246094,1096500,210.02395629882812
2018-06-06,215.22000122070312,218.2899932861328,214.3300018310547,218.27000427246094,1204200,213.4465789794922
2018-06-07,218.27000427246094,218.9600067138672,215.5800018310547,216.4600067138672,1053400,211.67665100097656
2018-06-08,216.75,217.8800048828125,216.0399932861328,217.02000427246094,1087400,212.22421264648438
2018-06-11,217.6300048828125,218.3000030517578,216.4600067138672,217.33999633789062,1154800,212.5371551513672
2018-06-12,217.4600067138672,218.4600067138672,216.77999877929688,217.9499969482422,1247300,213.13369750976562
2018-06-13,218.52999877929688,218.69000244140625,216.22000122070312,216.35000610351562,1214000,211.5690460205078
2018-06-14,216.77999877929688,217,215.17999267578125,216.5500030517578,1001600,211.93113708496094
2018-06-15,216.25,216.5800018310547,213.86000061035156,215.8000030517578,2190000,211.19715881347656
2018-06-18,213.72000122070312,213.72000122070312,211.5800018310547,212.82000732421875,1363000,208.28074645996094
2018-06-19,210.86000061035156,211.64999389648438,208.2100067138672,209.92999267578125,1381400,205.45230102539062
2018-06-20,210,210.5,208.3300018310547,208.8000030517578,928000,204.346435546875
2018-06-21,209,209.22999572753906,205.8000030517578,206.5399932861328,1212700,202.13465881347656
2018-06-22,208.1699981689453,210.0800018310547,207.11000061035156,208.75,2327800,204.29750061035156
2018-06-25,207.7100067138672,208.14999389648438,203.4499969482422,204.92999267578125,1534600,200.5590057373047
2018-06-26,205,206.4600067138672,204.47999572753906,205.16000366210938,951900,200.7840576171875
2018-06-27,205.88999938964844,207.4499969482422,203.36000061035156,203.3800048828125,1177700,199.04205322265625
2018-06-28,203.14999389648438,206.27000427246094,202.8300018310547,205.61000061035156,1116300,201.22445678710938
2018-06-29,206.24000549316406,208.52999877929688,205.25999450683594,207.13999938964844,1591000,202.7218475341797
2018-07-02,205.74000549316406,206.30999755859375,203.89999389648438,205.57000732421875,942500,201.1853790283203
2018-07-03,206.63999938964844,207.30999755859375,205.47000122070312,205.8800048828125,490100,201.48873901367188
2018-07-05,207.3699951171875,208.05999755859375,205.7899932861328,207.35000610351562,1184000,202.9274139404297
2018-07-06,207.7100067138672,207.97000122070312,206.1699981689453,207.1999969482422,818800,202.78060913085938
2018-07-09,208.99000549316406,212,207.5500030517578,211.8300018310547,1237700,207.3118438720703
2018-07-10,211.1999969482422,214.72000122070312,210.3699951171875,214.16000366210938,1452300,209.59213256835938
2018-07-11,212.2899932861328,212.63999938964844,209.5,209.6699981689453,1236500,205.19789123535156
2018-07-12,210.66000366210938,212.17999267578125,209.89999389648438,212.07000732421875,883500,207.54673767089844
2018-07-13,212,212.61000061035156,210.74000549316406,211.1999969482422,863800,206.69528198242188
2018-07-16,210.8699951171875,210.8699951171875,208.5800018310547,208.8000030517578,1135900,204.346435546875
2018-07-17,208.4499969482422,211.5500030517578,207.97000122070312,211.0399932861328,914300,206.5386505126953
2018-07-18,210.99000549316406,211.72000122070312,210.30999755859375,211.42999267578125,827600,206.92034912109375
2018-07-19,212.19000244140625,216.69000244140625,212.19000244140625,216.0800018310547,2246800,211.47120666503906
2018-07-20,214.9499969482422,217.33999633789062,213.72000122070312,216.85000610351562,2455100,212.22471618652344
2018-07-23,216.77999877929688,219.5500030517578,216,218.47999572753906,2510000,213.8200225830078
2018-07-24,219.3699951171875,223.0800018310547,218.52000427246094,221.39999389648438,2333000,216.6776580810547
2018-07-25,226,229.85000610351562,223,229.27999877929688,2296700,224.38961791992188
2018-07-26,230.17999267578125,234.42999267578125,230.02000427246094,234,2445600,229.00894165039062
2018-07-27,233.5,233.75999450683594,228.85000610351562,231.10000610351562,2735000,226.1708526611328
2018-07-30,230.9199981689453,232,229.63999938964844,230.72000122070312,1598600,225.7989044189453
2018-07-31,231.77999877929688,235.5399932861328,231.77999877929688,234.52999877929688,2428900,229.52761840820312
2018-08-01,234.16000366210938,234.97999572753906,233.05999755859375,233.91000366210938,1736800,228.92088317871094
2018-08-02,232.9499969482422,233.5800018310547,231.55999755859375,233.1699981689453,1562400,228.1966094970703
2018-08-03,232.9499969482422,234.6300048828125,231.85000610351562,233.32000732421875,1215900,228.34349060058594
2018-08-06,233.52999877929688,235.1999969482422,232.1300048828125,235.08999633789062,1412400,230.07577514648438
2018-08-07,235.1699981689453,236.02000427246094,234.36000061035156,235.5,902900,230.4769287109375
2018-08-08,235.14999389648438,236.2899932861328,233.72999572753906,234.5800018310547,792600,229.57659912109375
2018-08-09,234.91000366210938,234.91000366210938,233.10000610351562,233.24000549316406,856800,228.26515197753906
2018-08-10,231.25,232.97999572753906,230.61000061035156,231.4199981689453,1151300,226.48397827148438
2018-08-13,231.4600067138672,232.61000061035156,230.4600067138672,230.6999969482422,1158400,225.77935791015625
2018-08-14,230.8000030517578,231.97999572753906,230.49000549316406,231.61000061035156,686100,226.669921875
2018-08-15,229.75999450683594,230.63999938964844,227.77000427246094,229,975600,224.11558532714844
2018-08-16,230.2899932861328,231.8000030517578,229.30999755859375,230.7899932861328,817200,225.86744689941406
2018-08-17,231.5500030517578,232.8000030517578,229.88999938964844,230,1051000,225.09429931640625
2018-08-20,230.16000366210938,230.94000244140625,229.89999389648438,230.13999938964844,820000,225.23130798339844
2018-08-21,230.5,232.0399932861328,230.02999877929688,231.42999267578125,1121000,226.4937744140625
2018-08-22,231.25999450683594,234.47999572753906,230.50999450683594,234.08999633789062,1136500,229.09703063964844
2018-08-23,234.27000427246094,234.89999389648438,233.50999450683594,234.19000244140625,1054600,229.19491577148438
2018-08-24,234.6699981689453,235.4199981689453,233.9199981689453,234.7100067138672,934400,229.70379638671875
2018-08-27,235.60000610351562,238.14999389648438,235.55999755859375,237.9199981689453,1059400,232.8453369140625
2018-08-28,239.2100067138672,239.85000610351562,237.67999267578125,237.9600067138672,886100,232.884521484375
2018-08-29,238,240.74000549316406,237.6999969482422,239.72999572753906,781700,234.61672973632812
2018-08-30,239.99000549316406,240.8800048828125,238.47999572753906,239.19000244140625,660500,234.08827209472656
2018-08-31,238.3699951171875,239.33999633789062,237.88999938964844,239.10000610351562,816200,234.0001678466797
2018-09-04,238.88999938964844,238.94000244140625,234.7899932861328,236.0500030517578,1368300,231.01522827148438
2018-09-05,236.0399932861328,236.67999267578125,234.80999755859375,236.3699951171875,1312500,231.32839965820312
2018-09-06,235.89999389648438,236.61000061035156,234.2899932861328,235.72999572753906,1078100,230.70205688476562
2018-09-07,235,238.16000366210938,234.30999755859375,235.9600067138672,1149100,230.92713928222656
2018-09-10,237,238.14999389648438,236.5399932861328,237.19000244140625,956600,232.13088989257812
2018-09-11,236.75,237.38999938964844,235.50999450683594,236.42999267578125,1122000,231.3870849609375
2018-09-12,236.47000122070312,239.5,235.85000610351562,239.0500030517578,1081700,233.9512481689453
2018-09-13,239.6300048828125,244.19000244140625,239.05999755859375,244,1659400,238.79563903808594
2018-09-14,243.47000122070312,244.3699951171875,241.57000732421875,241.97999572753906,786800,236.98388671875
2018-09-17,236.92999267578125,239,235.66000366210938,238.4600067138672,1613800,233.5365447998047
2018-09-18,239.39999389648438,240.4499969482422,238.0800018310547,239.10000610351562,1122000,234.16334533691406
2018-09-19,239.42999267578125,241.2899932861328,238.97999572753906,241.05999755859375,816000,236.08287048339844
2018-09-20,241.83999633789062,242.92999267578125,241,242.5,1016800,237.4931182861328
2018-09-21,242.77999877929688,244.1300048828125,242.52999877929688,243.49000549316406,2225700,238.462646484375
2018-09-24,244.27000427246094,245,239.66000366210938,242.14999389648438,1014000,237.15036010742188
2018-09-25,243.2899932861328,243.30999755859375,241.5500030517578,243.08999633789062,1207700,238.0709228515625
2018-09-26,243.47999572753906,244.9600067138672,242.35000610351562,242.85000610351562,1234900,237.83592224121094
2018-09-27,243.16000366210938,244.97000122070312,242.55999755859375,244.32000732421875,906300,239.27560424804688
2018-09-28,243.92999267578125,244.6300048828125,242.8000030517578,244.0800018310547,1538900,239.04052734375
2018-10-01,245.9199981689453,249.83999633789062,245.2100067138672,248.50999450683594,1850800,243.37901306152344
2018-10-02,248,249.14999389648438,247.4600067138672,247.75,1417900,242.6347198486328
2018-10-03,248.77000427246094,249.9499969482422,246.9199981689453,247.35000610351562,1401200,242.2429962158203
2018-10-04,246.35000610351562,246.47999572753906,242.00999450683594,243.3800048828125,1593500,238.35496520996094
2018-10-05,243.22999572753906,243.6300048828125,238.3800048828125,240.69000244140625,1858200,235.72048950195312
2018-10-08,239.2899932861328,240.49000549316406,235.88999938964844,239.66000366210938,1274800,234.7117462158203
2018-10-09,239.72000122070312,241.27000427246094,238.4199981689453,239.97000122070312,1397600,235.01536560058594
2018-10-10,239.32000732421875,242.8699951171875,230.3800048828125,230.66000366210938,1759800,225.89761352539062
2018-10-11,230.9499969482422,233.4499969482422,224.08999633789062,226.08999633789062,2316700,221.4219512939453
2018-10-12,230.4499969482422,233.7100067138672,228.69000244140625,231.41000366210938,1664900,226.632080078125
2018-10-15,229.97000122070312,231.2100067138672,228.08999633789062,228.10000610351562,1246100,223.39044189453125
2018-10-16,230.6999969482422,235.66000366210938,229.97000122070312,235.14999389648438,2034400,230.2948455810547
2018-10-17,234.3800048828125,236.02000427246094,232.60000610351562,234.64999389648438,1713100,229.80514526367188
2018-10-18,231.69000244140625,233.44000244140625,227.6199951171875,229.7100067138672,2235200,224.96719360351562
2018-10-19,229.49000549316406,231.86000061035156,225.8300018310547,227.14999389648438,1792700,222.4600830078125
2018-10-22,227.77999877929688,228.1999969482422,222.52000427246094,225.77000427246094,1872800,221.10858154296875
2018-10-23,221.86000061035156,224.72999572753906,217.8800048828125,223.3300018310547,2668200,218.7189178466797
2018-10-24,234.88999938964844,238.99000549316406,220.2100067138672,220.55999755859375,4875800,216.00611877441406
2018-10-25,223.25,232.69000244140625,222.55999755859375,230.19000244140625,3652600,225.43728637695312
2018-10-26,226.5,231.32000732421875,225.49000549316406,230,2096600,225.251220703125
2018-10-29,233.80999755859375,235,224.67999267578125,228.35000610351562,2161500,223.63526916503906
2018-10-30,228.25999450683594,233.1699981689453,228.22000122070312,232.6699981689453,1848800,227.8660430908203
2018-10-31,234.66000366210938,236.0399932861328,232.13999938964844,233.64999389648438,1982900,228.8258514404297
2018-11-01,234.52000427246094,236.2100067138672,232.11000061035156,233.66000366210938,1794100,228.8356170654297
2018-11-02,235.9199981689453,237.99000549316406,233.16000366210938,234.2100067138672,1781300,229.374267578125
2018-11-05,235.32000732421875,237.64999389648438,233.6999969482422,236.52000427246094,1118500,231.63658142089844
2018-11-06,236.14999389648438,238.85000610351562,235.3800048828125,238.22999572753906,1271900,233.31129455566406
2018-11-07,240,245.88999938964844,240,245.52999877929688,1830600,240.46054077148438
2018-11-08,244.2100067138672,246.61000061035156,244,245.57000732421875,1061900,240.499755859375
2018-11-09,244.75,245,241,243.4499969482422,1358400,238.42349243164062
2018-11-12,242.49000549316406,243.3000030517578,236.10000610351562,236.33999633789062,1689200,231.46031188964844
2018-11-13,236.74000549316406,238.7899932861328,234,235.02000427246094,1300100,230.16758728027344
2018-11-14,237.64999389648438,239.08999633789062,234.38999938964844,235.0800018310547,1318900,230.22633361816406
2018-11-15,233.83999633789062,237.99000549316406,228.85000610351562,237.69000244140625,1398500,232.78244018554688
2018-11-16,237.99000549316406,243.24000549316406,237.69000244140625,241.05999755859375,1620200,236.08287048339844
2018-11-19,240.86000061035156,241.55999755859375,231.5800018310547,232.8800048828125,1729200,228.0717315673828
2018-11-20,231.52999877929688,235.36000061035156,231.1699981689453,233.39999389648438,1463500,228.58102416992188
2018-11-21,234.89999389648438,237.63999938964844,232.72000122070312,233.02000427246094,1904800,228.20892333984375
2018-11-23,230.3000030517578,235.72000122070312,230.3000030517578,235.00999450683594,772200,230.1577606201172
2018-11-26,237.16000366210938,241.36000061035156,235.80999755859375,240.19000244140625,2123500,235.23085021972656
2018-11-27,238.80999755859375,242.3000030517578,237.16000366210938,241.99000549316406,1124400,236.99363708496094
2018-11-28,242.58999633789062,247.8000030517578,240.97000122070312,247.39999389648438,1901700,242.2919464111328
2018-11-29,246.89999389648438,250.75,245.85000610351562,248.57000732421875,1378300,243.43780517578125
2018-11-30,248.5,250.4499969482422,247.72999572753906,249.5500030517578,2201700,244.39756774902344
2018-12-03,253.64999389648438,253.91000366210938,251.42999267578125,251.97999572753906,2266900,246.77740478515625
2018-12-04,252.47999572753906,253,243.3000030517578,243.88999938964844,2185600,238.85438537597656
2018-12-06,239.5800018310547,242.27000427246094,234.2100067138672,242.0399932861328,2023500,237.04257202148438
2018-12-07,241.4499969482422,242.99000549316406,234.0500030517578,235.86000061035156,1564800,230.990234375
2018-12-10,236.9499969482422,238.2100067138672,231.55999755859375,237.0800018310547,1130700,232.18504333496094
2018-12-11,241.33999633789062,242.0399932861328,236.67999267578125,237.5,1597700,232.59637451171875
2018-12-12,241.97999572753906,245.16000366210938,240.11000061035156,241.27000427246094,2087300,236.28854370117188
2018-12-13,241.58999633789062,245.3699951171875,239.72999572753906,241.52000427246094,1197000,236.53335571289062
2018-12-14,238.24000549316406,238.5399932861328,231.83999633789062,234.19000244140625,1752500,229.51625061035156
2018-12-17,232,235.05999755859375,227.1699981689453,228.8699951171875,2030200,224.30238342285156
2018-12-18,230.11000061035156,233.39999389648438,227.44000244140625,230.3000030517578,1592400,225.7039031982422
2018-12-19,231.0399932861328,235.97999572753906,225.4600067138672,228.36000061035156,1674300,223.80259704589844
2018-12-20,226.88999938964844,228.00999450683594,217.80999755859375,219.66000366210938,3775900,215.27621459960938
2018-12-21,218.4600067138672,221.22999572753906,214.92999267578125,215.7899932861328,4062800,211.48345947265625
2018-12-24,214.24000549316406,214.99000549316406,208.47000122070312,208.47000122070312,1715000,204.30953979492188
2018-12-26,210.35000610351562,218.00999450683594,208.33999633789062,217.97000122070312,2067200,213.61997985839844
2018-12-27,214.57000732421875,221.08999633789062,213.08999633789062,221.08999633789062,2067600,216.6776580810547
2018-12-28,222.55999755859375,225.42999267578125,220.02000427246094,222.4499969482422,1728600,218.01052856445312
2018-12-31,224.42999267578125,225.97999572753906,221.02000427246094,223.7899932861328,1640000,219.3237762451172
2019-01-02,219.86000061035156,221.2899932861328,216.0800018310547,219.4199981689453,2725100,215.04100036621094
2019-01-03,218.75999450683594,219,210.07000732421875,212.1699981689453,3125000,207.9357147216797
2019-01-04,216.00999450683594,224.52000427246094,215.63999938964844,221.75999450683594,2865400,217.3343505859375
2019-01-07,222,228.4600067138672,222,224.75,2931400,220.26467895507812
2019-01-08,226.6699981689453,231.05999755859375,225.63999938964844,229.97999572753906,2876600,225.39028930664062
2019-01-09,231.16000366210938,238.10000610351562,231.16000366210938,236.38999938964844,2989000,231.67233276367188
2019-01-10,234.41000366210938,239.5,234.41000366210938,238.86000061035156,1885700,234.09303283691406
2019-01-11,237.74000549316406,240.02000427246094,236.52000427246094,240,1369200,235.21029663085938
2019-01-14,237.9499969482422,238.6699981689453,234.8000030517578,235.0399932861328,1613800,230.34922790527344
2019-01-15,235,236.7899932861328,233.8800048828125,235.47000122070312,2375800,230.770751953125
2019-01-16,237,239,234.47000122070312,234.6300048828125,1671800,229.9474334716797
2019-01-17,234.1300048828125,238.77999877929688,233.7100067138672,238.1699981689453,1799000,233.41680908203125
2019-01-18,240.3300018310547,241.97999572753906,238.22999572753906,240.66000366210938,3125300,235.8571319580078
2019-01-22,238.5800018310547,240.7899932861328,237.5500030517578,240.6999969482422,2007300,235.89630126953125
2019-01-23,242.42999267578125,244.52000427246094,238.69000244140625,241.4600067138672,1945700,236.64122009277344
2019-01-24,240.77999877929688,241.44000244140625,238.30999755859375,240.5800018310547,1672500,235.7787322998047
2019-01-25,242.5,244.32000732421875,240.5800018310547,240.89999389648438,2003300,236.0923309326172
2019-01-28,238.08999633789062,240,236.60000610351562,237.8800048828125,1799200,233.13262939453125
2019-01-29,238.05999755859375,239.92999267578125,236.44000244140625,236.89999389648438,1736800,232.1721649169922
2019-01-30,238.77000427246094,245.91000366210938,235.89999389648438,245.05999755859375,2539400,240.16932678222656
2019-01-31,243.58999633789062,245.9499969482422,241.13999938964844,245.6699981689453,2218000,240.7671356201172
2019-02-01,245.3699951171875,245.6699981689453,242.5399932861328,243.42999267578125,1622500,238.5718536376953
2019-02-04,243.52999877929688,244.05999755859375,240.58999633789062,243.58999633789062,1200500,238.72869873046875
2019-02-05,243.58999633789062,246.66000366210938,242.9199981689453,246.00999450683594,1626100,241.10035705566406
2019-02-06,245.19000244140625,247.8699951171875,245.19000244140625,247.25,1033100,242.3155975341797
2019-02-07,245.11000061035156,245.86000061035156,240.9199981689453,242.91000366210938,1147600,238.06224060058594
2019-02-08,241.49000549316406,243.5800018310547,240.89999389648438,243.50999450683594,794600,238.6502685546875
2019-02-11,243.50999450683594,246.13999938964844,243.3800048828125,244.57000732421875,1233000,239.68907165527344
2019-02-12,246.4199981689453,249.30999755859375,245.25999450683594,248.3300018310547,1189200,243.37405395507812
2019-02-13,249.22000122070312,249.6699981689453,246.4499969482422,247.38999938964844,1014500,242.45281982421875
2019-02-14,246.86000061035156,247.38999938964844,245.74000549316406,246.13999938964844,996300,241.227783203125
2019-02-15,248.80999755859375,252.50999450683594,247.67999267578125,252.49000549316406,1718200,247.4510040283203
2019-02-19,251.6699981689453,252.2100067138672,250.69000244140625,250.8300018310547,1099900,245.82415771484375
2019-02-20,250.9499969482422,252.61000061035156,249.82000732421875,252.22000122070312,1091100,247.1864013671875
2019-02-21,250.8699951171875,251.57000732421875,249.6999969482422,251.4499969482422,840300,246.43182373046875
2019-02-22,251.4499969482422,252.3699951171875,251.1699981689453,252.10000610351562,1118000,247.06875610351562
2019-02-25,252.52000427246094,255.72999572753906,252.50999450683594,253.83999633789062,1194700,248.77410888671875
2019-02-26,253.72999572753906,255.19000244140625,252.8300018310547,253.99000549316406,1198300,248.9210968017578
2019-02-27,253.05999755859375,259.5799865722656,253.05999755859375,259.1400146484375,1759100,253.96835327148438
2019-02-28,257.8500061035156,260.1099853515625,256.5899963378906,259.57000732421875,2061300,254.38970947265625
2019-03-01,261,264.45001220703125,259.69000244140625,264.05999755859375,1433700,258.7900695800781
2019-03-04,266,266.17999267578125,258.32000732421875,259.45001220703125,1342800,254.2721405029297
2019-03-05,259.7099914550781,260.29998779296875,253.41000366210938,254.4600067138672,2900200,249.38172912597656
2019-03-06,254,254.47000122070312,250.89999389648438,251.24000549316406,1533100,246.22598266601562
2019-03-07,251.22999572753906,251.72000122070312,248.25999450683594,250.80999755859375,1227500,245.8045196533203
2019-03-08,249.25999450683594,250.11000061035156,246.6699981689453,249.85000610351562,1169200,244.8636932373047
2019-03-11,250.8699951171875,254.42999267578125,249.6300048828125,254.32000732421875,1589300,249.24452209472656
2019-03-12,255.5399932861328,256.17999267578125,254.66000366210938,254.9199981689453,1297200,249.83253479003906
2019-03-13,256.67999267578125,259,254.72000122070312,258.8699951171875,1569100,253.70372009277344
2019-03-14,259.8299865722656,261.8800048828125,258.8299865722656,261.42999267578125,1513900,256.4007873535156
2019-03-15,262.4599914550781,264.3900146484375,262.010009765625,263.0899963378906,2371800,258.02880859375
2019-03-18,263.04998779296875,264,261.1000061035156,263.5299987792969,1449200,258.46044921875
2019-03-19,264.4599914550781,267.4100036621094,264.05999755859375,265.9599914550781,1551300,260.8436584472656
2019-03-20,265.8299865722656,267.8500061035156,262.8900146484375,265.6300048828125,1524200,260.52001953125
2019-03-21,264.6199951171875,271.70001220703125,264.1300048828125,271.04998779296875,1424100,265.8356628417969
2019-03-22,268.8500061035156,269.8500061035156,263.6099853515625,263.80999755859375,1736500,258.7350158691406
2019-03-25,266.8699951171875,269.489990234375,264.010009765625,268.79998779296875,1638400,263.6290588378906
2019-03-26,271.7799987792969,271.94000244140625,269,271.44000244140625,1459000,266.2182312011719
2019-03-27,270.6499938964844,271.45001220703125,266.07000732421875,268.8500061035156,1051200,263.6781005859375
2019-03-28,270.1000061035156,271.5299987792969,268.1499938964844,270.29998779296875,771700,265.10009765625
2019-03-29,272.5,273.94000244140625,270.05999755859375,273.7200012207031,1193800,268.45428466796875
2019-04-01,275.1400146484375,276.6600036621094,274.19000244140625,276.19000244140625,1143700,270.87689208984375
2019-04-02,275.7300109863281,276.5400085449219,273.0199890136719,274.80999755859375,900900,269.5234680175781
2019-04-03,276.8699951171875,278.8599853515625,275.5799865722656,276.760009765625,1184300,271.4359130859375
2019-04-04,277.010009765625,277.010009765625,272.7699890136719,275.04998779296875,937500,269.7588195800781
2019-04-05,275.1499938964844,277.17999267578125,274.6000061035156,276.489990234375,839800,271.1710205078125
2019-04-08,276.70001220703125,278.5299987792969,273.9800109863281,278.4200134277344,1062600,273.06402587890625
2019-04-09,276.9800109863281,279.6099853515625,275.4599914550781,277.79998779296875,1242800,272.45587158203125
2019-04-10,278.19000244140625,280.1099853515625,278,278.8500061035156,980800,273.4857482910156
2019-04-11,278.57000732421875,281.0299987792969,277.4700012207031,280.510009765625,1027600,275.1137390136719
2019-04-12,282.6199951171875,282.9800109863281,279.6700134277344,280.6499938964844,1635000,275.2510986328125
2019-04-15,280.3699951171875,281.1499938964844,275.0299987792969,277.55999755859375,1801000,272.2204895019531
2019-04-16,279.30999755859375,279.7699890136719,265.75,266.8299865722656,2443000,261.69683837890625
2019-04-17,268.95001220703125,269.5899963378906,253.22000122070312,257.510009765625,5077300,252.55618286132812
2019-04-18,258.1499938964844,261.3699951171875,255.75999450683594,259.7799987792969,2960100,254.78250122070312
2019-04-22,260,263.75,257.8500061035156,259.0899963378906,1989800,254.10577392578125
2019-04-23,255,267.4599914550781,254.13999938964844,263.9200134277344,3099800,258.8429260253906
2019-04-24,264.9800109863281,266.6000061035156,259.6400146484375,261.55999755859375,2770000,256.5282897949219
2019-04-25,261,270.4599914550781,260.6600036621094,269.54998779296875,2053700,264.3646545410156
2019-04-26,270,273.4800109863281,268.010009765625,273.2200012207031,1550100,267.9639892578125
2019-04-29,273.9599914550781,275.2099914550781,271.69000244140625,272.5199890136719,940400,267.2774658203125
2019-04-30,273.2799987792969,277.8999938964844,270.6499938964844,277.45001220703125,1380700,272.1126708984375
2019-05-01,277.17999267578125,278.1199951171875,273.8900146484375,276.489990234375,1491900,271.1710205078125
2019-05-02,275.4700012207031,278.04998779296875,273.6099853515625,277.80999755859375,1353800,272.4657287597656
2019-05-03,279,280.010009765625,277.739990234375,278.6400146484375,1254200,273.2797546386719
2019-05-06,272.7799987792969,279.5899963378906,270.70001220703125,278.9599914550781,1320300,273.5935974121094
2019-05-07,276.5,277.3900146484375,269.7099914550781,271.70001220703125,1480900,266.47320556640625
2019-05-08,272.19000244140625,273.9200134277344,270.0899963378906,270.510009765625,1691100,265.3061218261719
2019-05-09,267.7699890136719,269.67999267578125,263.8500061035156,269,1550700,263.8251647949219
2019-05-10,268.2300109863281,269.3500061035156,260.79998779296875,269.17999267578125,1548500,264.0016784667969
2019-05-13,262.9200134277344,263.4700012207031,258.0299987792969,261.0799865722656,1628800,256.05755615234375
2019-05-14,263.0199890136719,269.4100036621094,262.69000244140625,267.3900146484375,1845200,262.2462463378906
2019-05-15,262.5,265.8599853515625,259.0199890136719,263.0400085449219,1834200,257.97979736328125
2019-05-16,266.92999267578125,268.4700012207031,264.95001220703125,267.0199890136719,1340000,261.8832702636719
2019-05-17,263.3500061035156,267.010009765625,261.2699890136719,261.7300109863281,1320500,256.6950378417969
2019-05-20,262.17999267578125,265.1499938964844,260.25,262.9100036621094,1525300,257.85235595703125
2019-05-21,265.9800109863281,268,265.1099853515625,265.3599853515625,1420800,260.2552490234375
2019-05-22,267.6300048828125,273.2699890136719,266.20001220703125,271.6600036621094,1740200,266.43408203125
2019-05-23,268.94000244140625,271.3399963378906,265.3699951171875,271.0199890136719,1567500,265.8062438964844
2019-05-24,272.4100036621094,276.6600036621094,271.6400146484375,271.79998779296875,991500,266.57122802734375
2019-05-28,273.82000732421875,274.8299865722656,266.0199890136719,266.3800048828125,1676800,261.255615234375
2019-05-29,262.8399963378906,265.8699951171875,262.1099853515625,264.760009765625,1232700,259.6667175292969
2019-05-30,265.7200012207031,268.44000244140625,264.8399963378906,267.9800109863281,771400,262.8248596191406
2019-05-31,265.5400085449219,269.2900085449219,265.010009765625,266.9800109863281,1266700,261.84405517578125
2019-06-03,268.2900085449219,271.44000244140625,264.7200012207031,265.2799987792969,1659900,260.1767578125
2019-06-04,267.8500061035156,268.4800109863281,264.29998779296875,267.9700012207031,1575800,262.81494140625
2019-06-05,271.80999755859375,275.739990234375,270,274.7900085449219,2198200,269.5038146972656
2019-06-06,275.7699890136719,278.1600036621094,274.6199951171875,276.260009765625,1940600,270.94549560546875
2019-06-07,278.9200134277344,282.510009765625,277.5299987792969,281.69000244140625,1334500,276.2710876464844
2019-06-10,282.8699951171875,284.7699890136719,282.5400085449219,283.760009765625,997600,278.30126953125
2019-06-11,286.5799865722656,288.07000732421875,282.42999267578125,285.04998779296875,1214800,279.56640625
2019-06-12,284.8500061035156,285.7900085449219,282.7200012207031,285.2200012207031,882100,279.7331237792969
2019-06-13,284.8500061035156,286.3900146484375,283.54998779296875,286.239990234375,1301500,280.920654296875
2019-06-14,286.45001220703125,287.07000732421875,284.3599853515625,285.260009765625,1381100,279.95892333984375
2019-06-17,285.8699951171875,287.1400146484375,284.79998779296875,285.92999267578125,681600,280.6164855957031
2019-06-18,287.94000244140625,290,286.010009765625,289.20001220703125,1360500,283.8256530761719
2019-06-19,288.6600036621094,293.3299865722656,287.42999267578125,292.7799987792969,1534700,287.3390808105469
2019-06-20,296.489990234375,297.4100036621094,290.4200134277344,293.3399963378906,1590300,287.8887939453125
2019-06-21,293.3900146484375,295.42999267578125,290.3599853515625,294.4599914550781,1701600,288.9878845214844
2019-06-24,295.20001220703125,296.0299987792969,292,295.54998779296875,942100,290.05755615234375
2019-06-25,295.4800109863281,298.3800048828125,293.1000061035156,293.5299987792969,1191600,288.0752868652344
2019-06-26,293.3500061035156,294.07000732421875,289.8900146484375,292.2300109863281,1172300,286.7994384765625
2019-06-27,292.760009765625,294.3800048828125,290.7900085449219,293.7699890136719,850100,288.31072998046875
2019-06-28,292.55999755859375,294.1300048828125,288.69000244140625,293.67999267578125,5248000,288.222412109375
2019-07-01,299.1300048828125,299.7699890136719,295.010009765625,299.4100036621094,1640100,293.8459167480469
2019-07-02,299.17999267578125,301.19000244140625,295.5199890136719,301.1099853515625,946400,295.51422119140625
2019-07-03,302.760009765625,305.45001220703125,301.510009765625,305.42999267578125,883000,299.7540283203125
2019-07-05,302.5,303.79998779296875,298.70001220703125,300.6499938964844,1046800,295.0628662109375
2019-07-08,299.29998779296875,299.57000732421875,294.8699951171875,297.80999755859375,1223200,292.2756652832031
2019-07-09,296.2300109863281,297.5899963378906,295.7699890136719,296.8999938964844,886500,291.382568359375
2019-07-10,298.5400085449219,299.1700134277344,296.17999267578125,296.5199890136719,842900,291.0096740722656
2019-07-11,298.1400146484375,298.8800048828125,294.510009765625,295.54998779296875,804700,290.05755615234375
2019-07-12,290.95001220703125,291.489990234375,288.29998779296875,290.94000244140625,1640600,285.5332946777344
2019-07-15,290.80999755859375,291.54998779296875,288.239990234375,288.8299865722656,1629000,283.46246337890625
2019-07-16,285.55999755859375,287.989990234375,285.04998779296875,286.2099914550781,1959800,280.8912658691406
2019-07-17,286.5799865722656,288.3900146484375,284.5400085449219,287,1671500,281.6665954589844
2019-07-18,287.010009765625,293.8999938964844,287.010009765625,293.7300109863281,1543000,288.2714538574219
2019-07-19,295.5299987792969,295.6000061035156,289.67999267578125,289.82000732421875,1593100,284.43414306640625
2019-07-22,291,294.5299987792969,289.989990234375,291.7300109863281,1106100,286.30859375
2019-07-23,292.4100036621094,294.3900146484375,290.989990234375,293.6199951171875,1025100,288.1636047363281
2019-07-24,289.010009765625,289.0400085449219,278.5199890136719,288.3599853515625,2538300,283.00128173828125
2019-07-25,289.29998779296875,291.8399963378906,288.1300048828125,290.5899963378906,1214300,285.18975830078125
2019-07-26,292.1499938964844,292.1499938964844,286.5,287.2099914550781,1274000,281.8726501464844
2019-07-29,288.5,289.19000244140625,285.75,288.9200134277344,1060000,283.5508728027344
2019-07-30,285.95001220703125,286.5400085449219,283.42999267578125,283.9100036621094,1343300,278.6339111328125
2019-07-31,284,284.4800109863281,275.5799865722656,277.67999267578125,1903700,272.51971435546875
2019-08-01,279.45001220703125,284.239990234375,275.7699890136719,277.80999755859375,1552000,272.6473388671875
2019-08-02,277.8299865722656,277.8299865722656,271,274.82000732421875,2096300,269.7128601074219
2019-08-05,268.6300048828125,271.75,266.489990234375,268.4599914550781,2569400,263.4710693359375
2019-08-06,271.3999938964844,277.32000732421875,270.010009765625,275.9599914550781,2287500,270.8317565917969
2019-08-07,272.3599853515625,276.3599853515625,269.1600036621094,274.7900085449219,1664300,269.6834716796875
2019-08-08,277.44000244140625,281,277.04998779296875,280.5,1348200,275.2874450683594
2019-08-09,278.7799987792969,280.9599914550781,275.6499938964844,276.3699951171875,921900,271.23406982421875
2019-08-12,274.7300109863281,276.2900085449219,270.9800109863281,272,1183900,266.9453125
2019-08-13,272.07000732421875,278.05999755859375,270.2699890136719,275.1700134277344,1905600,270.0563659667969
2019-08-14,272.6400146484375,275.29998779296875,269.3699951171875,269.4800109863281,1856200,264.4720764160156
2019-08-15,274.6600036621094,275.989990234375,270.760009765625,273.30999755859375,1603700,268.23089599609375
2019-08-16,276.5899963378906,277.3500061035156,274.25,276.1499938964844,1035100,271.0181884765625
2019-08-19,278.6000061035156,280.20001220703125,276.0199890136719,279.5199890136719,1089100,274.32550048828125
2019-08-20,278,279.4100036621094,276,276.19000244140625,1031000,271.0574951171875
2019-08-21,278.2699890136719,279.7099914550781,277,278.2699890136719,749600,273.0987854003906
2019-08-22,279.42999267578125,280.9100036621094,276.1700134277344,278.1700134277344,845700,273.00067138671875
2019-08-23,278.1000061035156,280.2200012207031,267.4599914550781,269.3599853515625,1758500,264.3543395996094
2019-08-26,270.5199890136719,272.3599853515625,268.8900146484375,270.9200134277344,1052000,265.8854064941406
2019-08-27,272.8900146484375,274.07000732421875,271.5799865722656,272.92999267578125,1002600,267.8580017089844
2019-08-28,272.0199890136719,278.0299987792969,271,276.05999755859375,1316600,270.9298095703125
2019-08-29,279.19000244140625,286.739990234375,278.82000732421875,285.7699890136719,1858500,280.45941162109375
2019-08-30,288.6199951171875,290.17999267578125,284.6199951171875,287.05999755859375,2165900,281.7254333496094
2019-09-03,284.42999267578125,286.25,281.25,283.5299987792969,1590000,278.2610168457031
2019-09-04,285.07000732421875,289.25,283.4800109863281,285.8999938964844,1288300,280.58697509765625
2019-09-05,288.3999938964844,294.7099914550781,286.4700012207031,294.0199890136719,1470500,288.5560302734375
2019-09-06,295.8500061035156,296.9200134277344,293.510009765625,295.04998779296875,2337300,289.56695556640625
2019-09-09,296.2099914550781,296.67999267578125,291.0799865722656,292.0199890136719,1568400,286.59326171875
2019-09-10,290.010009765625,291.1499938964844,285.0299987792969,289.5,2428400,284.1199951171875
2019-09-11,289.5199890136719,295.0899963378906,286.25,294.94000244140625,1293700,289.4590148925781
2019-09-12,296,297.739990234375,294.3999938964844,294.9700012207031,1108200,289.4884338378906
2019-09-13,294.0899963378906,298.0400085449219,293.760009765625,297.6499938964844,1083000,292.11865234375
2019-09-16,295.4100036621094,296.94000244140625,293.6700134277344,295.3299865722656,1062900,290.02685546875
2019-09-17,294.760009765625,295.9200134277344,291.3900146484375,292.7099914550781,1514500,287.4539794921875
2019-09-18,292.70001220703125,295.1300048828125,291.0199890136719,294.9599914550781,1221700,289.6635437011719
2019-09-19,293.9599914550781,296.760009765625,293.8999938964844,295.25,1003800,289.9483337402344
2019-09-20,297.2900085449219,299.0799865722656,295.55999755859375,296.3299865722656,1775000,291.0089416503906
2019-09-23,292.54998779296875,295.6099853515625,290.1300048828125,290.45001220703125,1032300,285.2345886230469
2019-09-24,292.5,293.67999267578125,284.3800048828125,285.1600036621094,1465200,280.03948974609375
2019-09-25,286.1400146484375,287.3399963378906,281.04998779296875,282.3299865722656,1952000,277.2602233886719
2019-09-26,283.8599853515625,288.1099853515625,281.6400146484375,286.8500061035156,1693700,281.69915771484375
2019-09-27,288.3500061035156,290.1700134277344,285.2099914550781,287.3999938964844,1144000,282.2392578125
2019-09-30,286.9100036621094,293.489990234375,286.7900085449219,291.2699890136719,1519400,286.0396423339844
2019-10-01,291.7799987792969,293.6300048828125,287.1099853515625,287.3999938964844,1822000,282.2392578125
2019-10-02,285.010009765625,286.7300109863281,277.010009765625,279.5299987792969,1964800,274.5105895996094
2019-10-03,278.1499938964844,283.9700012207031,274.29998779296875,282.9100036621094,1848800,277.8299560546875
2019-10-04,282.8500061035156,292.44000244140625,282.7699890136719,292.29998779296875,1742000,287.05126953125
2019-10-07,290.489990234375,294.0400085449219,289.05999755859375,289.1600036621094,1915300,283.9676513671875
2019-10-08,282.1099853515625,284.80999755859375,270.3299865722656,271.92999267578125,3933200,267.0470275878906
2019-10-09,278.70001220703125,278.80999755859375,275.17999267578125,276.510009765625,1733800,271.54486083984375
2019-10-10,276.2900085449219,282.55999755859375,276.2699890136719,280.6600036621094,1129400,275.6203308105469
2019-10-11,285.6600036621094,287.9200134277344,283.3399963378906,283.6400146484375,1283600,278.54681396484375
2019-10-14,284.0899963378906,286.7200012207031,283.489990234375,284.25,749100,279.145751953125
2019-10-15,286.07000732421875,287.9700012207031,285.2200012207031,286.0199890136719,1183200,280.884033203125
2019-10-16,283.9599914550781,285,279.32000732421875,280.55999755859375,2103500,275.5220642089844
2019-10-17,282,284.4599914550781,281.05999755859375,281.5899963378906,1028100,276.5336608886719
2019-10-18,281.04998779296875,283.94000244140625,280.3900146484375,281.4200134277344,1186400,276.3666076660156
2019-10-21,284.55999755859375,284.55999755859375,281.55999755859375,283.5400085449219,1053200,278.44854736328125
2019-10-22,283.3599853515625,287.19000244140625,280.70001220703125,280.989990234375,1047100,275.94439697265625
2019-10-23,298.55999755859375,300,290.0400085449219,296.92999267578125,2094500,291.5981140136719
2019-10-24,295.32000732421875,296.2900085449219,290.6499938964844,293.44000244140625,1230900,288.1707763671875
2019-10-25,291.9800109863281,298.20001220703125,290.5799865722656,296.67999267578125,1061300,291.3525695800781
2019-10-28,296.5899963378906,302.3299865722656,296.5899963378906,299.8999938964844,1399600,294.5148620605469
2019-10-29,297,300.6600036621094,296.6700134277344,297.95001220703125,1225900,292.5997314453125
2019-10-30,298.2699890136719,302.44000244140625,295.6600036621094,301.8599853515625,1395400,296.4395751953125
2019-10-31,301.8599853515625,303.6000061035156,300.2900085449219,301.9800109863281,1505900,296.5574951171875
2019-11-01,305,305.2799987792969,303.1199951171875,303.6000061035156,990500,298.14837646484375
2019-11-04,305.6400146484375,306,300.6199951171875,300.7699890136719,1052000,295.3691711425781
2019-11-05,299.8999938964844,299.8999938964844,291.95001220703125,292.6300048828125,1876800,287.37542724609375
2019-11-06,293.2699890136719,295.2200012207031,290.6400146484375,294.57000732421875,1017000,289.280517578125
2019-11-07,295.8999938964844,295.94000244140625,291.7699890136719,293.5400085449219,1210200,288.26898193359375
2019-11-08,295.6300048828125,296,292.5299987792969,294.6499938964844,788800,289.3590393066406
2019-11-11,292.6400146484375,296.30999755859375,292.239990234375,293.5299987792969,773100,288.25921630859375
2019-11-12,294.5199890136719,298.7300109863281,294.30999755859375,295.9700012207031,791000,290.6553955078125
2019-11-13,294.80999755859375,301.1300048828125,294.5,300.0199890136719,1286600,294.6326599121094
2019-11-14,300.1499938964844,301.17999267578125,295.79998779296875,300.8399963378906,860800,295.43792724609375
2019-11-15,302.92999267578125,306.95001220703125,302.5,306.80999755859375,1626900,301.3006286621094
2019-11-18,306,306.5299987792969,299.8900146484375,300.989990234375,1233600,295.5853271484375
2019-11-19,302.2300109863281,307.0199890136719,301.5799865722656,306.4200134277344,1767500,300.91778564453125
2019-11-20,307.0199890136719,310.6700134277344,304.6499938964844,307.3299865722656,2329700,301.8114013671875
2019-11-21,306.54998779296875,306.94000244140625,302.4800109863281,305.30999755859375,1058600,299.82763671875
2019-11-22,306.1099853515625,308.1199951171875,303.9200134277344,307.7699890136719,841900,302.2434997558594
2019-11-25,308.9599914550781,310.739990234375,307.6300048828125,310.6000061035156,1257600,305.0227355957031
2019-11-26,310.010009765625,313.9100036621094,309.54998779296875,313.45001220703125,1709600,307.8215637207031
2019-11-27,313.6600036621094,316.0299987792969,312.2699890136719,315.4200134277344,864000,309.75616455078125
2019-11-29,314.82000732421875,315.8599853515625,313.0400085449219,313.95001220703125,667100,308.3125915527344
2019-12-02,315.6600036621094,315.8500061035156,309.2099914550781,313.0400085449219,955500,307.4189147949219
2019-12-03,309.1499938964844,313.1300048828125,308.7099914550781,312.8900146484375,922700,307.2715759277344
2019-12-04,312.17999267578125,316.0899963378906,311.8900146484375,315.6400146484375,985700,309.9721374511719
2019-12-05,315.8599853515625,316.739990234375,311.739990234375,316,844300,310.3257141113281
2019-12-06,318.6400146484375,321.6000061035156,317.9200134277344,320.1199951171875,1199400,314.3717956542969
2019-12-09,319.4100036621094,320.739990234375,315.80999755859375,316.42999267578125,889900,310.7479553222656
2019-12-10,317.2300109863281,318.0799865722656,315.1700134277344,317.0899963378906,1301500,311.3961486816406
2019-12-11,316.8500061035156,319.0400085449219,316.07000732421875,318.0799865722656,1355600,312.36834716796875
2019-12-12,318.67999267578125,322.1700134277344,318.1300048828125,319.3599853515625,1187200,313.6253967285156
2019-12-13,319.2699890136719,321.4200134277344,317.489990234375,320.5,735200,314.7448425292969
2019-12-16,322.6600036621094,324.17999267578125,320.7799987792969,321.4599914550781,915700,315.8748779296875
2019-12-17,322.69000244140625,322.79998779296875,319.7099914550781,319.7900085449219,1375900,314.23394775390625
2019-12-18,319.30999755859375,321.2300109863281,316.6700134277344,319.6000061035156,2424400,314.0472106933594
2019-12-19,319.6700134277344,324.1300048828125,319.1199951171875,323.25,1546600,317.6338195800781
2019-12-20,328.4100036621094,330.1400146484375,324.05999755859375,326.7200012207031,2275300,321.0435485839844
2019-12-23,326.9100036621094,328.75,325.6000061035156,328.0400085449219,1319000,322.3406982421875
2019-12-24,328.2799987792969,329.0400085449219,326.3900146484375,326.510009765625,489200,320.8371887207031
2019-12-26,326.54998779296875,326.7900085449219,323.7300109863281,325.7099914550781,680700,320.0510559082031
2019-12-27,327.1400146484375,327.6499938964844,325.1400146484375,326.54998779296875,628800,320.87646484375
2019-12-30,326.57000732421875,327.4100036621094,323.4800109863281,325.0400085449219,606600,319.3927307128906
2019-12-31,324.8599853515625,325.239990234375,322.94000244140625,324.8699951171875,875800,319.22576904296875
2020-01-02,326,326.94000244140625,322.57000732421875,326.3699951171875,1173300,320.6995849609375
2020-01-03,321.4800109863281,325.2900085449219,321.3299865722656,322.82000732421875,819600,317.2112731933594
2020-01-06,319.8399963378906,325.3299865722656,318.6499938964844,325.1400146484375,1010000,319.4909973144531
2020-01-07,325.42999267578125,329.239990234375,324.9800109863281,326.9800109863281,917700,321.299072265625
2020-01-08,326.17999267578125,330.5899963378906,325.2200012207031,327.5,939100,321.8099365234375
2020-01-09,329.3800048828125,330.8599853515625,327.2699890136719,329.6099853515625,901900,323.88330078125
2020-01-10,331.3800048828125,331.9800109863281,327.70001220703125,328.7300109863281,801400,323.0185546875
2020-01-13,328.8900146484375,332.0899963378906,326.7099914550781,332.0199890136719,1379100,326.2514343261719
2020-01-14,330.4700012207031,335.0899963378906,328.0400085449219,332.79998779296875,1069800,327.01788330078125
2020-01-15,333,336.8900146484375,333,335.20001220703125,1350600,329.3761901855469
2020-01-16,337.20001220703125,338.2099914550781,334.8500061035156,336.739990234375,842000,330.88946533203125
2020-01-17,337.3699951171875,339.3399963378906,335.2699890136719,339.19000244140625,1100300,333.2969055175781
2020-01-21,339.6000061035156,341.7099914550781,336.7799987792969,337.260009765625,1340700,331.40045166015625
2020-01-22,337.7799987792969,342.260009765625,337.5299987792969,340.04998779296875,922500,334.14190673828125
2020-01-23,339.5199890136719,339.8900146484375,332.8699951171875,335.3800048828125,1213800,329.5530700683594
2020-01-24,337.1199951171875,337.7099914550781,331.5199890136719,333.67999267578125,945800,327.88262939453125
2020-01-27,327.3599853515625,332.6199951171875,326.7099914550781,330.9599914550781,1236100,325.20989990234375
2020-01-28,332.2300109863281,334.44000244140625,329.2200012207031,333.260009765625,1667000,327.469970703125
2020-01-29,335.6300048828125,337.6400146484375,333.3900146484375,333.8900146484375,1434400,328.0889587402344
2020-01-30,322,325,317,319.8599853515625,3670000,314.302734375
2020-01-31,322.2300109863281,322.9800109863281,310.9200134277344,313.19000244140625,2623700,307.74859619140625
2020-02-03,316.80999755859375,321.55999755859375,315.1099853515625,318.3399963378906,2693900,312.80914306640625
2020-02-04,321.8399963378906,328.6400146484375,321.010009765625,325.9599914550781,2019700,320.2966613769531
2020-02-05,330.260009765625,333.6499938964844,329.1400146484375,332.489990234375,1786600,326.7132263183594
2020-02-06,333.25,334.45001220703125,331.4599914550781,332,1636200,326.2318420410156
2020-02-07,330,330.44000244140625,324.8299865722656,326.2099914550781,1577300,320.5423889160156
2020-02-10,324.57000732421875,334.739990234375,324.57000732421875,333.94000244140625,1781600,328.13800048828125
2020-02-11,336.55999755859375,338.1700134277344,335.010009765625,337.7799987792969,1808400,331.9114074707031
2020-02-12,338.9700012207031,340.95001220703125,333.8599853515625,334.57000732421875,1948400,328.75714111328125
2020-02-13,333.5,337.4100036621094,331.5,335.5899963378906,1560100,329.7593994140625
2020-02-14,336.55999755859375,339.3999938964844,335.04998779296875,339.19000244140625,1467700,333.2969055175781
2020-02-18,338.1300048828125,338.3500061035156,334.510009765625,337.3699951171875,1462400,331.5084228515625
2020-02-19,338.0899963378906,340.2900085449219,335.30999755859375,339.739990234375,1189400,333.8372802734375
2020-02-20,340,341.3500061035156,333.20001220703125,336.05999755859375,1505700,330.22125244140625
2020-02-21,333.9100036621094,335.6000061035156,333.1000061035156,334.94000244140625,1540100,329.1206970214844
2020-02-24,324.260009765625,326.1700134277344,320.5199890136719,323.1499938964844,2638300,317.5355529785156
2020-02-25,324.7799987792969,326.989990234375,307.3699951171875,309.6300048828125,2378300,304.2504577636719
2020-02-26,308.739990234375,318.6400146484375,308.30999755859375,309.1600036621094,1944800,303.7886047363281
2020-02-27,304,311.7099914550781,297.010009765625,297.0799865722656,2231900,291.9185791015625
2020-02-28,288.6099853515625,295.79998779296875,284.8299865722656,290.79998779296875,3961600,285.7476501464844
2020-03-02,291.0299987792969,304.9599914550781,288.8599853515625,304.9599914550781,2741000,299.66162109375
2020-03-03,315.6300048828125,324.989990234375,307.45001220703125,310.3599853515625,3895900,304.9677734375
2020-03-04,318.5400085449219,327.8900146484375,314.8299865722656,326.6400146484375,3043500,320.96490478515625
2020-03-05,318.6700134277344,323.69000244140625,310.1000061035156,312.8900146484375,2192400,307.45379638671875
2020-03-06,305.05999755859375,312.7200012207031,302.7300109863281,311.1700134277344,1922800,305.7637023925781
2020-03-09,293.8800048828125,298.42999267578125,288.0299987792969,295.3500061035156,2520100,290.21856689453125
2020-03-10,305.760009765625,307.9700012207031,293.0799865722656,307.70001220703125,2707500,302.3540344238281
2020-03-11,299.4100036621094,300.2300109863281,285.260009765625,289.3800048828125,2566400,284.3523254394531
2020-03-12,274.2699890136719,295.7799987792969,268.54998779296875,284.32000732421875,4519200,279.38018798828125
2020-03-13,297.6499938964844,301.1499938964844,272.2099914550781,300.1199951171875,4534400,295.1340026855469
2020-03-16,271.5299987792969,293.489990234375,265.239990234375,279.3500061035156,3766500,274.7091064453125
2020-03-17,297.9800109863281,314.1600036621094,286.5799865722656,296.30999755859375,5253500,291.3873596191406
2020-03-18,284.3599853515625,303,280.260009765625,302.9800109863281,4570700,297.9466247558594
2020-03-19,298.0199890136719,299.9800109863281,277.7300109863281,280.8399963378906,3511100,276.1742248535156
2020-03-20,277.4599914550781,285.45001220703125,268.1499938964844,278.3699951171875,3715600,273.7453918457031
2020-03-23,272.239990234375,275,250.2100067138672,255.3000030517578,3477200,251.0586395263672
2020-03-24,263.54998779296875,284,261.29998779296875,282.0299987792969,2691600,277.3446350097656
2020-03-25,278.010009765625,285.75,270.1300048828125,271.67999267578125,3075700,267.1665344238281
2020-03-26,274.760009765625,285.1099853515625,270.29998779296875,283.1499938964844,2856100,278.4460144042969
2020-03-27,273.6300048828125,283.1700134277344,272.1000061035156,274.3399963378906,2314600,269.7823486328125
2020-03-30,278.2900085449219,286.17999267578125,276.44000244140625,284.9599914550781,1990000,280.2258605957031
2020-03-31,283.80999755859375,286.3299865722656,280.30999755859375,283.6000061035156,3275100,278.8885192871094
2020-04-01,276.510009765625,282.989990234375,270.3999938964844,275.20001220703125,1927400,270.6280822753906
2020-04-02,272.0400085449219,287.989990234375,272.0299987792969,287.54998779296875,1666600,282.77288818359375
2020-04-03,282.95001220703125,287.5,278.7900085449219,282.2099914550781,1320400,277.5215148925781
2020-04-06,294.6099853515625,306.7300109863281,292.1600036621094,304,2437800,298.9495849609375
2020-04-07,312.1400146484375,317.5400085449219,296.07000732421875,296.5799865722656,2126500,291.6528625488281
2020-04-08,297.6499938964844,309.0799865722656,290.5199890136719,307.1499938964844,1997900,302.0472717285156
2020-04-09,307.54998779296875,318.20001220703125,305.04998779296875,317.3800048828125,2445300,312.10723876953125
2020-04-13,314.3800048828125,316.8800048828125,309.17999267578125,315.32000732421875,1547900,310.08148193359375
2020-04-14,321.54998779296875,327.4100036621094,319.8299865722656,326.3699951171875,1513100,320.94793701171875
2020-04-15,322.6199951171875,327.1499938964844,320.7200012207031,325.8299865722656,1652300,320.4169616699219
2020-04-16,328.5,330.739990234375,324.19000244140625,328.8399963378906,1830000,323.3769226074219
2020-04-17,334.2200012207031,334.32000732421875,327.1099853515625,331.5799865722656,2057200,326.0714111328125
2020-04-20,329.32000732421875,331.75,325.54998779296875,327.1600036621094,1717900,321.7248229980469
2020-04-21,324.80999755859375,324.80999755859375,316.3599853515625,319.6199951171875,2183500,314.3100280761719
2020-04-22,323.54998779296875,337.5400085449219,321.42999267578125,335.5899963378906,2321700,330.0148010253906
2020-04-23,335.3999938964844,337.30999755859375,319.8699951171875,320.510009765625,2668100,315.185302734375
2020-04-24,322.6099853515625,329.95001220703125,320.239990234375,328.70001220703125,1987900,323.2392272949219
2020-04-27,330.489990234375,343.44000244140625,330.07000732421875,342.7099914550781,1878500,337.0165100097656
2020-04-28,342.7099914550781,346.8900146484375,328.1000061035156,332.4599914550781,2361400,326.936767578125
2020-04-29,333.4700012207031,337.3800048828125,328.67999267578125,335.6199951171875,1936600,330.0442810058594
2020-04-30,331.7699890136719,337.79998779296875,331.3999938964844,334.67999267578125,2215000,329.1198425292969
2020-05-01,330.3800048828125,334.44000244140625,326.54998779296875,329.80999755859375,1603100,324.33074951171875
2020-05-04,329.1600036621094,330.8999938964844,325.3299865722656,326.7200012207031,1189000,321.29217529296875
2020-05-05,331.94000244140625,339.9800109863281,328.94000244140625,336.32000732421875,1139900,330.7326965332031
2020-05-06,337.5299987792969,338.989990234375,335.0899963378906,335.1499938964844,1215600,329.58203125
2020-05-07,339.29998779296875,342.32000732421875,335.260009765625,339.0799865722656,1795100,333.4468078613281
2020-05-08,343.8599853515625,343.8599853515625,330.3599853515625,333.010009765625,1616000,327.4776916503906
2020-05-11,331.3399963378906,341.3500061035156,331.1000061035156,340.3900146484375,1313900,334.73504638671875
2020-05-12,340.3800048828125,341.6099853515625,331.7200012207031,331.7200012207031,1510000,326.2090148925781
2020-05-13,335.17999267578125,340.20001220703125,330.82000732421875,334.0899963378906,1791200,328.53973388671875
2020-05-14,330.5799865722656,337.79998779296875,328.3800048828125,337.2900085449219,1147600,331.6865234375
2020-05-15,337.5,343.20001220703125,335.3699951171875,342.9200134277344,1614500,337.2230224609375
2020-05-18,348,351.8599853515625,346.7300109863281,346.9700012207031,1396000,341.2056579589844
2020-05-19,346,347.25,341.4100036621094,342.7799987792969,1201200,337.0853271484375
2020-05-20,345.0400085449219,345.8599853515625,340.80999755859375,341.1499938964844,1352300,335.4824523925781
2020-05-21,340.2699890136719,341.9700012207031,334.75,335.75,1175900,330.1720886230469
2020-05-22,337.4200134277344,340.80999755859375,335.5199890136719,340.260009765625,1098200,334.607177734375
2020-05-26,346.25,347.2200012207031,332.010009765625,332.57000732421875,1647700,327.04498291015625
2020-05-27,336.510009765625,337.45001220703125,324.3500061035156,337.3500061035156,1744400,331.7455139160156
2020-05-28,340.94000244140625,345.8800048828125,339.69000244140625,342.739990234375,1290400,337.0461120605469
2020-05-29,345.0899963378906,349.75,340.55999755859375,349.19000244140625,1548800,343.3888244628906
2020-06-01,348,351.1400146484375,347.6000061035156,349.3299865722656,845700,343.52655029296875
2020-06-02,349.32000732421875,350.79998779296875,346.67999267578125,350.0899963378906,1166500,344.27386474609375
2020-06-03,351.4200134277344,352.5899963378906,345.3900146484375,347.19000244140625,1209700,341.4220275878906
2020-06-04,343.9200134277344,349.7900085449219,343.9200134277344,348.1499938964844,1763500,342.36614990234375
2020-06-05,348.1499938964844,356.4200134277344,345.57000732421875,354.20001220703125,1712100,348.3157043457031
2020-06-08,350.3699951171875,353.79998779296875,348.07000732421875,349.8800048828125,1314800,344.06744384765625
2020-06-09,350.0799865722656,352.20001220703125,346.82000732421875,347.6499938964844,1672300,341.8743591308594
2020-06-10,349.3800048828125,354.6099853515625,347.8500061035156,352.79998779296875,1140600,346.9388732910156
2020-06-11,351.9599914550781,352.5799865722656,335.6700134277344,336.44000244140625,1647700,330.8507080078125
2020-06-12,342.5199890136719,345.3399963378906,330.57000732421875,339.760009765625,1523100,334.3341369628906
2020-06-15,333.8500061035156,342.80999755859375,333.8500061035156,340.82000732421875,1632100,335.3772277832031
2020-06-16,346.8800048828125,348.6099853515625,341.4599914550781,347.2200012207031,1549100,341.675048828125
2020-06-17,350,352.9800109863281,347.25,349.8500061035156,1302600,344.262939453125
2020-06-18,348.75,352.0899963378906,347,347.44000244140625,1129900,341.8915100097656
2020-06-19,354.4800109863281,355,348.1600036621094,352.7300109863281,2328500,347.0970458984375
2020-06-22,352.55999755859375,353.57000732421875,348.5899963378906,352.1600036621094,1138100,346.5361328125
2020-06-23,355,358,353.0299987792969,356.82000732421875,1680600,351.12158203125
2020-06-24,355.4800109863281,355.7099914550781,346.25,347.9599914550781,1892700,342.4031677246094
2020-06-25,347.7799987792969,352.17999267578125,343.19000244140625,351.760009765625,1294900,346.1424865722656
2020-06-26,352.5,355.70001220703125,348.260009765625,350.95001220703125,1656400,345.34539794921875
2020-06-29,353.44000244140625,353.44000244140625,349.0400085449219,350.79998779296875,957300,345.1978759765625
2020-06-30,350.4599914550781,363.9700012207031,349.5899963378906,362.3399963378906,1710300,356.5534973144531
2020-07-01,363.760009765625,363.760009765625,357,359.7699890136719,1600200,354.0246276855469
2020-07-02,362.04998779296875,369.82000732421875,362,365.8900146484375,1127800,360.0468444824219
2020-07-06,370.260009765625,386.57000732421875,370.010009765625,382.2699890136719,1859200,376.1652526855469
2020-07-07,381.1300048828125,385.739990234375,379.67999267578125,380.25,1368300,374.1775207519531
2020-07-08,384.5400085449219,395,382.5299987792969,386.6300048828125,1456800,380.45556640625
2020-07-09,385.57000732421875,391.3800048828125,383.54998779296875,387.6700134277344,920200,381.4790344238281
2020-07-10,388.7699890136719,391.5799865722656,381.739990234375,382.57000732421875,983600,376.4604797363281
2020-07-13,384.6600036621094,390.4100036621094,378.4700012207031,378.92999267578125,1052800,372.8785400390625
2020-07-14,378.92999267578125,388.3399963378906,375.1400146484375,387.4599914550781,869200,381.2723083496094
2020-07-15,392.70001220703125,394.239990234375,387.8500061035156,392.70001220703125,1137200,386.4287109375
2020-07-16,392.92999267578125,393.510009765625,387.92999267578125,392.4200134277344,1002600,386.1531066894531
2020-07-17,393.82000732421875,398.5,390.7099914550781,395.3999938964844,1206700,389.0855712890625
2020-07-20,397.8999938964844,405.2099914550781,397.19000244140625,402.9700012207031,1511200,396.5345764160156
2020-07-21,405.42999267578125,409.69000244140625,402.0899963378906,403.0899963378906,1486900,396.65277099609375
2020-07-22,409.8399963378906,420.989990234375,406.5,410.760009765625,2283900,404.2003173828125
2020-07-23,418.1400146484375,419.94000244140625,409.1099853515625,410.4800109863281,1522300,403.9248046875
2020-07-24,403.3699951171875,407.2900085449219,399.1600036621094,406.3800048828125,1323400,399.8903503417969
2020-07-27,404.3999938964844,416.5199890136719,404.3500061035156,413.44000244140625,1312700,406.83746337890625
2020-07-28,411.6199951171875,414.9200134277344,406.6199951171875,407.3599853515625,1107000,400.8545227050781
2020-07-29,410.5,414,408.20001220703125,409.260009765625,1099300,402.7242126464844
2020-07-30,405.30999755859375,412.70001220703125,404.44000244140625,410.55999755859375,1142800,404.0034484863281
2020-07-31,409.0199890136719,414.3699951171875,407.5799865722656,413.95001220703125,1217900,407.3393859863281
2020-08-03,418.25,423.70001220703125,417.20001220703125,419.0899963378906,1049400,412.397216796875
2020-08-04,418.92999267578125,418.92999267578125,412.7699890136719,415.7200012207031,911300,409.0810546875
2020-08-05,416.9100036621094,420.32000732421875,415.8599853515625,419.8999938964844,906100,413.1943359375
2020-08-06,419.010009765625,420.2099914550781,409.010009765625,415.7300109863281,1229900,409.09100341796875
2020-08-07,414,416.8599853515625,411.5299987792969,414.3299865722656,1006700,407.7132263183594
2020-08-10,414.1099853515625,415.2099914550781,408.2699890136719,410.1600036621094,1206100,403.6099548339844
2020-08-11,409.3699951171875,410.1600036621094,401.2200012207031,407.239990234375,1337700,400.736572265625
2020-08-12,408.8999938964844,418.0400085449219,407.239990234375,416.1700134277344,1060500,409.5238037109375
2020-08-13,412.0199890136719,417.6499938964844,412.0199890136719,416.6000061035156,1080500,409.947021484375
2020-08-14,414.7099914550781,416.4700012207031,410.739990234375,413.760009765625,898100,407.15240478515625
2020-08-17,416,419.739990234375,414.6000061035156,416.79998779296875,1225800,410.1437683105469
2020-08-18,417.7099914550781,419.9100036621094,416.3299865722656,417.29998779296875,1037300,410.6358337402344
2020-08-19,419.2699890136719,423.3999938964844,415.82000732421875,420.6199951171875,1230100,413.90283203125
2020-08-20,419.8299865722656,423.0899963378906,418.5799865722656,422.1099853515625,928700,415.3690185546875
2020-08-21,422.8900146484375,429.9200134277344,421.0199890136719,428.57000732421875,1301300,421.7258605957031
2020-08-24,429.54998779296875,432.3800048828125,416.45001220703125,419.760009765625,1201100,413.0566101074219
2020-08-25,420.1600036621094,423.45001220703125,418.30999755859375,422.2900085449219,963600,415.546142578125
2020-08-26,421.42999267578125,427.6400146484375,420.6499938964844,425.6499938964844,945900,418.8523864746094
2020-08-27,409.29998779296875,423.82000732421875,402.6700134277344,420.5299987792969,2092000,413.8142395019531
2020-08-28,420,424.7300109863281,415.1700134277344,424.4800109863281,1325000,417.701171875
2020-08-31,425.489990234375,433.45001220703125,424.9200134277344,428.9800109863281,1557600,422.1293029785156
2020-09-01,432.1499938964844,435.75,430.54998779296875,433.7300109863281,1489700,426.803466796875
2020-09-02,434.5,441.9599914550781,430.1199951171875,441.05999755859375,1221600,434.016357421875
2020-09-03,438.1099853515625,438.92999267578125,414.489990234375,419.6700134277344,1882700,412.9679870605469
2020-09-04,419.6300048828125,419.9700012207031,401.07000732421875,409.9800109863281,2189300,403.4327697753906
2020-09-08,407.989990234375,408.80999755859375,401.239990234375,405.29998779296875,1515200,398.8275451660156
2020-09-09,410.5799865722656,422.4700012207031,409.8900146484375,418.32000732421875,1665900,411.6394958496094
2020-09-10,423.7200012207031,429.3399963378906,417.9100036621094,419.7300109863281,1540600,413.0270690917969
2020-09-11,425.6000061035156,434,424.989990234375,431.1300048828125,1743200,424.2449951171875
2020-09-14,435.44000244140625,439.8500061035156,433.0199890136719,434.1000061035156,1052300,427.38568115234375
2020-09-15,435.6400146484375,437.4700012207031,433.1499938964844,435.1000061035156,1292600,428.3701171875
2020-09-16,438.7900085449219,440.7699890136719,432.6199951171875,433.8800048828125,1842700,427.1689758300781
2020-09-17,431.1600036621094,438.25,429.0299987792969,432.92999267578125,1304300,426.2337951660156
2020-09-18,426.739990234375,433.8399963378906,426.0799865722656,429.04998779296875,1737800,422.4136657714844
2020-09-21,424.75,426.2300109863281,415.4700012207031,425.4700012207031,1283200,418.88909912109375
2020-09-22,423.8999938964844,431.30999755859375,422.1199951171875,430.239990234375,1168600,423.5853271484375
2020-09-23,430.7699890136719,431.760009765625,420.20001220703125,420.760009765625,966500,414.25201416015625
2020-09-24,419.489990234375,421.1099853515625,415.5799865722656,418.1400146484375,904700,411.6725769042969
2020-09-25,415.7699890136719,424.7900085449219,412.79998779296875,422.2900085449219,1112900,415.7582702636719
2020-09-28,426.510009765625,431.1199951171875,424.0400085449219,428.3900146484375,1110700,421.7640075683594
2020-09-29,430.7699890136719,436.29998779296875,430,434.3399963378906,911900,427.62200927734375
2020-09-30,436.6000061035156,444.79998779296875,435.07000732421875,441.5199890136719,1516300,434.6908874511719
2020-10-01,445.9700012207031,452.69000244140625,436.1099853515625,438.20001220703125,1452300,431.4222412109375
2020-10-02,434.2099914550781,441.79998779296875,433.010009765625,435.05999755859375,949000,428.33074951171875
2020-10-05,440,451.75,440,450.6700134277344,1149100,443.6993103027344
2020-10-06,451.8599853515625,452,445.2699890136719,445.8900146484375,1198100,438.9932861328125
2020-10-07,447.8900146484375,455.95001220703125,447.8900146484375,452.3599853515625,1012900,445.3631591796875
2020-10-08,454.760009765625,454.760009765625,447.1700134277344,453.5400085449219,832400,446.52496337890625
2020-10-09,457.3900146484375,465.3999938964844,455.2900085449219,464.70001220703125,1066000,457.5123596191406
2020-10-12,465.7799987792969,471.32000732421875,462.510009765625,466.7200012207031,927200,459.5010681152344
2020-10-13,466.8900146484375,470.8699951171875,466.010009765625,467.5299987792969,916400,460.298583984375
2020-10-14,467.010009765625,472.44000244140625,464.29998779296875,467.010009765625,851900,459.78662109375
2020-10-15,461.9700012207031,466,458.3699951171875,464.55999755859375,936600,457.3745422363281
2020-10-16,468.20001220703125,473.8399963378906,467.5,468.5899963378906,1070300,461.3421325683594
2020-10-19,468.8699951171875,471.260009765625,458.7900085449219,461.2900085449219,1248800,454.1551208496094
2020-10-20,461.2699890136719,470.3800048828125,461.1700134277344,465.260009765625,1081900,458.0636901855469
2020-10-21,475,478.989990234375,462.4200134277344,468.760009765625,2212800,461.5095520019531
2020-10-22,471.69000244140625,485,470.1099853515625,481.989990234375,1454600,474.53485107421875
2020-10-23,481,483.7099914550781,473.489990234375,480.1700134277344,1164400,472.74310302734375
2020-10-26,475.07000732421875,482.6199951171875,475,482.42999267578125,1310900,474.9680480957031
2020-10-27,485,490.7099914550781,484.0899963378906,489.29998779296875,1332000,481.7318420410156
2020-10-28,482.3500061035156,486.2300109863281,475.7300109863281,476.7099914550781,1673300,469.336669921875
2020-10-29,479.6499938964844,479.9700012207031,471.1099853515625,471.8800048828125,1330100,464.5813293457031
2020-10-30,469.05999755859375,475.4700012207031,465.5,473.1199951171875,1251900,465.8021240234375
2020-11-02,478.79998779296875,489.32000732421875,477.54998779296875,480.54998779296875,1656000,473.1171875
2020-11-03,491.0199890136719,501.7300109863281,488.8900146484375,491.5,1714300,483.8977966308594
2020-11-04,500,518,499.2200012207031,510.9700012207031,2300100,503.066650390625
2020-11-05,525,529.8699951171875,511.75,514.760009765625,1526100,506.7979736328125
2020-11-06,518.5800170898438,532.5700073242188,514.510009765625,527.6599731445312,1367000,519.4985961914062
2020-11-09,521.780029296875,523,484.30999755859375,484.989990234375,4192000,477.4885559082031
2020-11-10,480.3699951171875,483.9800109863281,462,468.5899963378906,3377200,461.3421325683594
2020-11-11,472.05999755859375,488.54998779296875,469.07000732421875,484,1917800,476.51385498046875
2020-11-12,485,498.0299987792969,482.8999938964844,486.55999755859375,1463800,479.0342712402344
2020-11-13,492.989990234375,494.3599853515625,486.0799865722656,488.5899963378906,1160800,481.0328674316406
2020-11-16,495.7300109863281,495.7300109863281,480.1300048828125,480.989990234375,1737500,473.5504150390625
2020-11-17,479.1000061035156,483.92999267578125,477.1300048828125,479,1546600,471.5911865234375
2020-11-18,479.9100036621094,481.44000244140625,451.739990234375,454.17999267578125,3527800,447.1549987792969
2020-11-19,458.92999267578125,459.7099914550781,450.04998779296875,453.1000061035156,2093500,446.0917663574219
2020-11-20,452.7799987792969,457.2799987792969,449.75,451.0400085449219,1868600,444.0636291503906
2020-11-23,454.5,455.9200134277344,441.760009765625,446.0299987792969,2251300,439.1311340332031
2020-11-24,444.29998779296875,445.5199890136719,435.7699890136719,439.55999755859375,2832500,432.76116943359375
2020-11-25,438.4800109863281,449.69000244140625,438.17999267578125,448.45001220703125,2650200,441.51373291015625
2020-11-27,453.4800109863281,454.6000061035156,442,453.3999938964844,899700,446.3871154785156
2020-11-30,457.07000732421875,466.5899963378906,455,464.9800109863281,2557000,457.78802490234375
2020-12-01,470,475.7900085449219,465.29998779296875,471.1000061035156,3041900,463.8133544921875
2020-12-02,476.4700012207031,482.20001220703125,469.6000061035156,478.8900146484375,2003400,471.4828796386719
2020-12-03,480,481.45001220703125,471.6600036621094,477.20001220703125,1488100,469.8190002441406
2020-12-04,476.4599914550781,478.7200012207031,469.239990234375,474.6199951171875,1650000,467.27886962890625
2020-12-07,473.8399963378906,478.1000061035156,471,472.8900146484375,1263500,465.5757141113281
2020-12-08,472.8900146484375,479.54998779296875,472.8900146484375,473.9800109863281,1433700,466.6487731933594
2020-12-09,477.5,477.5,458.8699951171875,461.3800048828125,2417100,454.2437438964844
2020-12-10,463.04998779296875,473,462,468.739990234375,1564300,461.4898681640625
2020-12-11,468,471.8999938964844,465.0400085449219,471.3900146484375,1192500,464.0988464355469
2020-12-14,471.4100036621094,477.44000244140625,466.0400085449219,467.1300048828125,1745400,460.119384765625
2020-12-15,469.7900085449219,473.4800109863281,465.239990234375,470.9800109863281,1129100,463.9117431640625
2020-12-16,466.3399963378906,468.4700012207031,457.5799865722656,457.7900085449219,2058300,450.919677734375
2020-12-17,458.3599853515625,464.989990234375,458.1499938964844,464.94000244140625,1765800,457.9622802734375
2020-12-18,462.739990234375,469.1499938964844,455.4100036621094,466.67999267578125,3379600,459.67620849609375
2020-12-21,462.30999755859375,466.2799987792969,454,462.8800048828125,1282200,455.9333190917969
2020-12-22,462.3599853515625,465.3900146484375,459.5,465.20001220703125,1043900,458.2184753417969
2020-12-23,467.8299865722656,469.3800048828125,458.3399963378906,458.3399963378906,1241000,451.4614562988281
2020-12-24,457.3999938964844,462.2099914550781,456.4100036621094,458.0899963378906,442100,451.2151184082031
2020-12-28,462.0799865722656,463.5,457.3500061035156,460.7300109863281,736500,453.81549072265625
2020-12-29,466,466.3299865722656,460.75,462.8599853515625,803200,455.9134826660156
2020-12-30,465.32000732421875,466.6000061035156,461.4800109863281,461.7300109863281,714800,454.8005065917969
2020-12-31,461.57000732421875,466.2300109863281,459.5299987792969,465.7799987792969,967200,458.7897033691406
2021-01-04,469.04998779296875,476.3800048828125,462.1700134277344,471.82000732421875,2220400,464.7391052246094
2021-01-05,472,482.8999938964844,471,477.7200012207031,2046700,470.550537109375
2021-01-06,471.29998779296875,489.9599914550781,470.2300109863281,485.2099914550781,2112300,477.92816162109375
2021-01-07,489.9100036621094,505.489990234375,488,500.3299865722656,2144400,492.8212585449219
2021-01-08,509.8800048828125,519,503.04998779296875,512.2999877929688,2221700,504.61163330078125
2021-01-11,508.989990234375,518.6500244140625,508.9599914550781,513.3499755859375,1669600,505.64581298828125
2021-01-12,512.27001953125,515.7000122070312,495.94000244140625,498.7699890136719,2039000,491.2845764160156
2021-01-13,500,505,499.7699890136719,501.7099914550781,1410200,494.1805419921875
2021-01-14,502,507.32000732421875,496.05999755859375,496.9100036621094,1426700,489.4525451660156
2021-01-15,497.3299865722656,511.510009765625,497,503.1400146484375,1892600,495.58917236328125
2021-01-19,510,513.969970703125,503.1000061035156,507.3800048828125,1758700,499.7654724121094
2021-01-20,509.6600036621094,519.760009765625,509.4100036621094,515.8400268554688,1257100,508.098388671875
2021-01-21,515.7999877929688,520,512.010009765625,512.3599853515625,1514200,504.6706237792969
2021-01-22,511.7099914550781,517.1099853515625,510.010009765625,514.5999755859375,1936600,506.8770446777344
2021-01-25,518.530029296875,522,515.6199951171875,518.8300170898438,1509700,511.04376220703125
2021-01-26,516.2100219726562,518.1599731445312,507.20001220703125,507.8299865722656,1006300,500.2086486816406
2021-01-27,500.2200012207031,501,479.17999267578125,482.4800109863281,2504600,475.2391357421875
2021-01-28,491.3299865722656,503.3399963378906,489.6600036621094,496.4800109863281,1619700,489.02899169921875
2021-01-29,494.0400085449219,513.6799926757812,490.6300048828125,509.70001220703125,2586400,502.05059814453125
2021-02-01,516.8400268554688,526.5900268554688,512,515.469970703125,2083100,507.7340393066406
2021-02-02,519.989990234375,525.72998046875,518.010009765625,518.530029296875,1502000,510.74822998046875
2021-02-03,518.7999877929688,519.5700073242188,499.29998779296875,500.2200012207031,1704900,492.7129211425781
2021-02-04,500.2200012207031,503.04998779296875,487.6600036621094,488.9599914550781,2921900,481.62188720703125
2021-02-05,491.5299987792969,494.3699951171875,487.05999755859375,492.55999755859375,1678600,485.1678161621094
2021-02-08,497,502.1499938964844,493.239990234375,495.760009765625,1418800,488.3197937011719
2021-02-09,495.2900085449219,499.989990234375,488.29998779296875,489.29998779296875,1452500,481.956787109375
2021-02-10,494.239990234375,494.239990234375,483.80999755859375,484.8800048828125,1677800,477.6030578613281
2021-02-11,488.1700134277344,494.5199890136719,484.1000061035156,494.04998779296875,1027100,486.6355285644531
2021-02-12,494.1600036621094,511.2799987792969,493.739990234375,507.8299865722656,1762800,500.2086486816406
2021-02-16,510,513.6099853515625,498.32000732421875,500.0799865722656,1467300,492.5749206542969
2021-02-17,497.5799865722656,505.55999755859375,494.0899963378906,498.4599914550781,1006500,490.9793395996094
2021-02-18,497.8500061035156,499.54998779296875,488.3299865722656,488.79998779296875,1465800,481.4643249511719
2021-02-19,489.1400146484375,489.8999938964844,478.05999755859375,478.8599853515625,1918000,471.6733703613281
2021-02-22,474.7699890136719,476.25,461.760009765625,463.2799987792969,2127200,456.3273010253906
2021-02-23,460.8800048828125,461.3900146484375,453.04998779296875,458.80999755859375,2055400,451.9243469238281
2021-02-24,470.8299865722656,473.3599853515625,454.6000061035156,456.6600036621094,2426700,449.806640625
2021-02-25,457.75,458,448.5400085449219,451.4700012207031,2147900,444.6944885253906
2021-02-26,454.7200012207031,455.9100036621094,448.8299865722656,450.0799865722656,2153100,443.3254089355469
2021-03-01,454.19000244140625,460.6000061035156,453.94000244140625,459.55999755859375,1309000,452.6631164550781
2021-03-02,460,467.30999755859375,458.0799865722656,462.1099853515625,1718700,455.1748352050781
2021-03-03,462.2200012207031,465,450.70001220703125,450.9599914550781,2001100,444.19219970703125
2021-03-04,446.0799865722656,451.92999267578125,439,441.4599914550781,2508900,434.83465576171875
2021-03-05,445,448.8500061035156,433.5199890136719,446.8699951171875,2749200,440.16357421875
2021-03-08,445.6099853515625,454.0899963378906,439.45001220703125,439.8500061035156,1572100,433.2489318847656
2021-03-09,450,461.05999755859375,447.7200012207031,448.1099853515625,2863300,441.3848571777344
2021-03-10,456.70001220703125,459.7799987792969,440.7300109863281,441.0899963378906,2759800,434.4703063964844
2021-03-11,450,463.2300109863281,448.010009765625,460.5199890136719,2617100,453.608642578125
2021-03-12,454.9800109863281,457.1199951171875,447.5,450.489990234375,1577300,443.7292175292969
2021-03-15,447.4200134277344,455.19000244140625,445.75,452.82000732421875,1701800,446.2818298339844
2021-03-16,455.2900085449219,455.7200012207031,442,446.42999267578125,2402400,439.9841613769531
2021-03-17,442.80999755859375,445.8999938964844,440.2099914550781,442.6099853515625,1876300,436.2192687988281
2021-03-18,440.9700012207031,453.5199890136719,438.3299865722656,445.75,2126800,439.3139953613281
2021-03-19,447.1600036621094,450.3900146484375,444.7699890136719,445.010009765625,2693100,438.5845947265625
2021-03-22,445.010009765625,456.3900146484375,443.1000061035156,454.6600036621094,1431800,448.0953063964844
2021-03-23,454.1099853515625,458.1300048828125,450.5,452.010009765625,1156400,445.4834899902344
2021-03-24,450.4800109863281,454.7300109863281,444.989990234375,445.3699951171875,1547700,438.9393615722656
2021-03-25,444.7900085449219,444.7900085449219,434.6300048828125,442.2900085449219,1680700,435.90386962890625
2021-03-26,444.6000061035156,460.6300048828125,442.260009765625,460.05999755859375,1750900,453.4172058105469
2021-03-29,456.489990234375,460.95001220703125,450.2300109863281,458.57000732421875,1926900,451.9488220214844
2021-03-30,455.0299987792969,458.3500061035156,450.7300109863281,451.4700012207031,1448200,444.9513854980469
2021-03-31,456.0799865722656,460.8399963378906,453,456.3800048828125,1563600,449.7904357910156
2021-04-01,461.25,462.1199951171875,456.0899963378906,456.29998779296875,993200,449.71160888671875
2021-04-05,460.2300109863281,467.45001220703125,460.2300109863281,465.3900146484375,1509600,458.67041015625
2021-04-06,467.95001220703125,473,463.5899963378906,468.739990234375,1150700,461.9719543457031
2021-04-07,467,470.82000732421875,462.45001220703125,466.3800048828125,1801800,459.6460266113281
2021-04-08,471.8500061035156,475.7900085449219,469.7900085449219,471.510009765625,1339400,464.7019348144531
2021-04-09,472.4700012207031,479.1400146484375,471.04998779296875,478.8800048828125,1147500,471.96551513671875
2021-04-12,478.1300048828125,481.2099914550781,474.55999755859375,475.9800109863281,1163100,469.10748291015625
2021-04-13,478.5899963378906,487.70001220703125,478.04998779296875,484.8500061035156,1837300,477.8493347167969
2021-04-14,484,493.20001220703125,473.45001220703125,478.0400085449219,1744500,471.13763427734375
2021-04-15,485,498.05999755859375,484,494.3800048828125,2380000,487.24169921875
2021-04-16,498.0799865722656,499,490.9100036621094,492.9200134277344,2590500,485.8028564453125
2021-04-19,490,494.75,486.0799865722656,487.6400146484375,1677200,480.59906005859375
2021-04-20,487.70001220703125,490,481.8699951171875,482.3599853515625,1464500,475.39532470703125
2021-04-21,484.25,485.9100036621094,476.4800109863281,480.4100036621094,1312400,473.473388671875
2021-04-22,479.5199890136719,488.8299865722656,478.8900146484375,484.2099914550781,1087200,477.2185974121094
2021-04-23,485.4100036621094,490.3699951171875,484.1700134277344,488.0899963378906,1210800,481.04254150390625
2021-04-26,489.05999755859375,496.25,486.5899963378906,494.0400085449219,1671400,486.9066162109375
2021-04-27,495.6000061035156,496.5199890136719,490.1099853515625,490.2200012207031,978300,483.1417236328125
2021-04-28,489.55999755859375,491.5899963378906,485.04998779296875,485.79998779296875,1140500,478.78564453125
2021-04-29,477.6300048828125,479.7799987792969,461.6000061035156,464.3900146484375,3359200,457.68475341796875
2021-04-30,465.4700012207031,475.1700134277344,465,470.2300109863281,2094800,463.4404602050781
2021-05-03,471.7799987792969,473.1300048828125,465.1400146484375,467.3800048828125,1581300,460.6316223144531
2021-05-04,463.92999267578125,465.7699890136719,459.6300048828125,465.2799987792969,1703100,458.56182861328125
2021-05-05,468.6000061035156,473.5,464.82000732421875,467.7699890136719,1586000,461.0160217285156
2021-05-06,469.0400085449219,470.5799865722656,462.30999755859375,470.1400146484375,1530900,463.3517150878906
2021-05-07,473.44000244140625,478.989990234375,467.8999938964844,468.45001220703125,1442000,461.6861267089844
2021-05-10,468.0199890136719,469.95001220703125,462.3999938964844,463.4700012207031,1502700,456.778076171875
2021-05-11,457.739990234375,464.1400146484375,455.5,464,1568700,457.3004150390625
2021-05-12,457.70001220703125,464,454.05999755859375,454.7799987792969,1454500,448.2134704589844
2021-05-13,457.05999755859375,458.9800109863281,453.55999755859375,456.9200134277344,1240300,450.32257080078125
2021-05-14,457.8800048828125,461.3999938964844,454.9200134277344,459.07000732421875,1009700,452.44158935546875
2021-05-17,460.8699951171875,461.44000244140625,451.82000732421875,452.9200134277344,1092300,446.38037109375
2021-05-18,450.7099914550781,459.0400085449219,448.5199890136719,454.6099853515625,1897200,448.04595947265625
2021-05-19,451.8999938964844,458.1300048828125,449.5799865722656,456.95001220703125,1136600,450.35223388671875
2021-05-20,457.70001220703125,467.6700134277344,457.70001220703125,465.2900085449219,1181200,458.5718078613281
2021-05-21,467.6000061035156,471.8500061035156,462.0799865722656,462.3399963378906,1415300,455.6643981933594
2021-05-24,465.3699951171875,466.57000732421875,461.7200012207031,462.4599914550781,1194800,455.7826232910156
2021-05-25,465.29998779296875,466.42999267578125,461.5799865722656,464.0199890136719,1592500,457.320068359375
2021-05-26,462.0899963378906,464.5,457.25,459.69000244140625,2142600,453.0526428222656
2021-05-27,459.6700134277344,472.6400146484375,457.0199890136719,472.4800109863281,4059500,465.6579895019531
2021-05-28,471.739990234375,480.69000244140625,469.4100036621094,469.5,1618200,462.7209167480469
2021-06-01,467,470.9100036621094,446.30999755859375,447.010009765625,4619100,440.5557556152344
2021-06-02,447.7099914550781,452.4800109863281,446.5299987792969,449.2099914550781,2355200,442.7239074707031
2021-06-03,447.5799865722656,451.489990234375,444,445.3299865722656,2396100,438.8999328613281
2021-06-04,448.9700012207031,452.489990234375,445.1300048828125,448.760009765625,1731200,442.2804260253906
2021-06-07,449.29998779296875,450.5799865722656,443.4599914550781,444.45001220703125,2782000,438.03271484375
2021-06-08,441.7699890136719,444,438.7200012207031,441,2819400,434.6324462890625
2021-06-09,444.6499938964844,449.9100036621094,442.489990234375,448.2099914550781,1795700,441.7383728027344
2021-06-10,448.7900085449219,465.70001220703125,447.79998779296875,464.9100036621094,2679600,458.197265625
2021-06-11,464.07000732421875,465.8999938964844,461.1600036621094,465.1499938964844,1935000,458.4337463378906
2021-06-14,464.70001220703125,470.94000244140625,463.3900146484375,470.07000732421875,1452700,463.54180908203125
2021-06-15,472.75,473.44000244140625,467.5899963378906,470.0799865722656,1260700,463.5517272949219
2021-06-16,468.05999755859375,477.32000732421875,465.92999267578125,468.4200134277344,1691700,461.9148864746094
2021-06-17,468.8399963378906,489.32000732421875,468.04998779296875,486.0799865722656,2237300,479.32952880859375
2021-06-18,483.1400146484375,488.05999755859375,480.44000244140625,482.4700012207031,2321300,475.7696228027344
2021-06-21,484.2200012207031,487,476.7200012207031,483.55999755859375,1111300,476.8444519042969
2021-06-22,484.32000732421875,492.3999938964844,482.9700012207031,492.2099914550781,1840600,485.3743896484375
2021-06-23,490.8900146484375,494.1600036621094,489.1499938964844,494.0199890136719,1358000,487.1592712402344
2021-06-24,495,498.42999267578125,493.54998779296875,495.3599853515625,1326600,488.4806213378906
2021-06-25,495,497.7099914550781,491.19000244140625,492.8699951171875,4676100,486.0251770019531
2021-06-28,493.67999267578125,505.739990234375,492.010009765625,505.1000061035156,1449600,498.0854187011719
2021-06-29,504.80999755859375,510.6000061035156,500.760009765625,508.239990234375,1349900,501.1817321777344
2021-06-30,507.5,508.8500061035156,503.2900085449219,504.4700012207031,1010000,497.46405029296875
2021-07-01,505.8399963378906,509.57000732421875,503.260009765625,509.5299987792969,1129300,502.4538269042969
2021-07-02,508.9100036621094,514.6300048828125,507.42999267578125,513.3200073242188,923400,506.1912536621094
2021-07-06,515.6699829101562,518.4600219726562,513.280029296875,517.0599975585938,1288700,509.87945556640625
2021-07-07,519.97998046875,524.260009765625,517.0700073242188,522.719970703125,1433500,515.4605712890625
2021-07-08,512,520.8300170898438,511.4800109863281,518.6099853515625,1384000,511.4078063964844
2021-07-09,519.0800170898438,519.9500122070312,514.5900268554688,517.260009765625,1184200,510.0765686035156
2021-07-12,519.6900024414062,520.9299926757812,512.9299926757812,514.6900024414062,1427600,507.542236328125
2021-07-13,513.9000244140625,517.9099731445312,512.280029296875,514.2999877929688,941800,507.15765380859375
2021-07-14,516.5599975585938,516.8900146484375,509.4700012207031,510.7799987792969,863900,503.68646240234375
2021-07-15,509.92999267578125,515.8200073242188,509.3999938964844,514.47998046875,1074800,507.33502197265625
2021-07-16,514.760009765625,521.5,513.8800048828125,519.7899780273438,1080800,512.5714111328125
2021-07-19,518.5499877929688,522.7000122070312,516.219970703125,521.6199951171875,1317300,514.3759765625
2021-07-20,521.8599853515625,529.5499877929688,520.0499877929688,522.5800170898438,1145400,515.3226318359375
2021-07-21,522.969970703125,522.969970703125,507.1600036621094,514.260009765625,1113000,507.1181945800781
2021-07-22,519.7100219726562,525.7999877929688,518.6599731445312,524.5,868400,517.2159423828125
2021-07-23,527.2100219726562,533.1500244140625,525.4600219726562,532.260009765625,1005100,524.8682861328125
2021-07-26,528.739990234375,533,525.3900146484375,529.1199951171875,874500,521.7717895507812
2021-07-27,528.3599853515625,534.5,527.5599975585938,530.280029296875,1091500,522.9157104492188
2021-07-28,518,529.1799926757812,516,528.27001953125,1814500,520.9336547851562
2021-07-29,531.530029296875,535.4099731445312,529.9500122070312,533.77001953125,1000800,526.357177734375
2021-07-30,534.8900146484375,543.2999877929688,531.3800048828125,540.010009765625,1412800,532.5105590820312
2021-08-02,542.0800170898438,544.3599853515625,531.8800048828125,533.6799926757812,1147400,526.2683715820312
2021-08-03,534.239990234375,538.4199829101562,532.2999877929688,536.989990234375,934100,529.5325317382812
2021-08-04,538.8699951171875,541.2999877929688,535.4099731445312,538.8800048828125,854600,531.396240234375
2021-08-05,540.969970703125,543.1099853515625,536.7100219726562,542.3499755859375,781100,534.8180541992188
2021-08-06,539.2899780273438,542,533.5800170898438,538.2000122070312,765800,530.7257080078125
2021-08-09,543.8300170898438,546.0499877929688,539.1300048828125,541.1599731445312,861700,533.6444702148438
2021-08-10,540.780029296875,546.5999755859375,539.219970703125,540.3699951171875,903200,532.8656005859375
2021-08-11,540.4500122070312,543.9600219726562,534.030029296875,537.260009765625,898900,529.798828125
2021-08-12,536.6400146484375,543.1400146484375,535.9500122070312,542.010009765625,603200,534.48291015625
2021-08-13,541.9600219726562,544.6900024414062,540.6400146484375,544.6400146484375,608300,537.0762329101562
2021-08-16,546.4099731445312,554.5399780273438,542.719970703125,554.4600219726562,1141400,546.7598266601562
2021-08-17,553.969970703125,557.5900268554688,552.1199951171875,556.3099975585938,830300,548.5841064453125
2021-08-18,553.969970703125,555.989990234375,544.3200073242188,544.6599731445312,913100,537.0960083007812
2021-08-19,544.0399780273438,554.27001953125,542.3800048828125,551.8800048828125,834900,544.2156982421875
2021-08-20,552.280029296875,557.989990234375,550.4199829101562,555,951400,547.2924194335938
2021-08-23,557.7000122070312,560.7000122070312,551.5,552.6099853515625,1275100,544.9356079101562
2021-08-24,554.3300170898438,554.3300170898438,548.2899780273438,550.489990234375,876100,542.8450317382812
2021-08-25,552.5800170898438,553.1799926757812,544.1599731445312,548.0800170898438,963200,540.4686279296875
2021-08-26,550,554.0599975585938,545.1400146484375,552.77001953125,766000,545.093505859375
2021-08-27,554.6799926757812,557.6199951171875,547.469970703125,548.510009765625,846100,540.892578125
2021-08-30,549,558.75,548.030029296875,558.530029296875,873300,550.7733764648438
2021-08-31,559.8300170898438,559.9199829101562,548.6099853515625,554.9500122070312,1287100,547.2431030273438
2021-09-01,552.780029296875,563.3300170898438,551.9099731445312,561.719970703125,1062900,553.9189453125
2021-09-02,561.4099731445312,571.6699829101562,559.9500122070312,565.469970703125,1137200,557.616943359375
2021-09-03,562.9500122070312,568.7899780273438,560.530029296875,568.1099853515625,825500,560.2203979492188
2021-09-07,568,569.4500122070312,558.4500122070312,569.1699829101562,1241900,561.2656860351562
2021-09-08,568.7999877929688,573.27001953125,566.1799926757812,572.5800170898438,945100,564.62841796875
2021-09-09,573.9299926757812,575.6300048828125,567.0499877929688,568.780029296875,1122600,560.8809814453125
2021-09-10,571.5800170898438,575.6300048828125,569.2000122070312,571.9600219726562,1054700,564.0170288085938
2021-09-13,573.3499755859375,575.2999877929688,549.1799926757812,559.1300048828125,1372500,551.3649291992188
2021-09-14,563.1900024414062,566.1400146484375,560.3800048828125,562.4000244140625,785400,554.8477783203125
2021-09-15,559.4500122070312,566.0900268554688,557.0399780273438,562.9600219726562,1241400,555.400146484375
2021-09-16,562.1099853515625,562.7899780273438,555.2899780273438,560.4400024414062,1053400,552.9140625
2021-09-17,597.0599975585938,609.2999877929688,576,596.7999877929688,5272300,588.7857666015625
2021-09-20,592.6900024414062,602.1900024414062,585,590.2000122070312,2674200,582.2742309570312
2021-09-21,593.489990234375,602.760009765625,589,597.0399780273438,1364400,589.0224609375
2021-09-22,601.52001953125,610.1900024414062,595.3599853515625,606.6300048828125,1696600,598.483642578125
2021-09-23,607.0999755859375,614.1300048828125,603.1599731445312,608.22998046875,1179200,600.062255859375
2021-09-24,611.4000244140625,616.9299926757812,605.8499755859375,609.780029296875,1300900,601.5914306640625
2021-09-27,603.510009765625,605.52001953125,583.8300170898438,594.6699829101562,1708800,586.6842041015625
2021-09-28,585.3599853515625,588.5900268554688,570.1599731445312,576.4500122070312,1750100,568.7090454101562
2021-09-29,581,585.9400024414062,578,579.5999755859375,1040900,571.8165893554688
2021-09-30,582.8599853515625,588.7100219726562,570.989990234375,571.3300170898438,1510800,563.6577758789062
2021-10-01,570.5700073242188,576.2000122070312,552.010009765625,572.719970703125,1657600,565.029052734375
2021-10-04,571.5499877929688,574.52001953125,562.6199951171875,569,1323700,561.3590698242188
2021-10-05,571.030029296875,581.9299926757812,569.1699829101562,571.8800048828125,1384500,564.2002563476562
2021-10-06,567.5,576,565.9099731445312,575.5999755859375,1133500,567.8702392578125
2021-10-07,579.9400024414062,589.1199951171875,579.9400024414062,583.510009765625,1027800,575.674072265625
2021-10-08,585.280029296875,589.5599975585938,580.4000244140625,583.9199829101562,851400,576.0785522460938
2021-10-11,581.2000122070312,586.739990234375,578.4600219726562,578.6599731445312,676000,570.8892822265625
2021-10-12,582,582.989990234375,569.9600219726562,575.9099731445312,1012000,568.1764526367188
2021-10-13,579.0499877929688,583.47998046875,570.52001953125,573.5599975585938,1223100,565.8577880859375
2021-10-14,577.6400146484375,584.5599975585938,575.260009765625,577.3499755859375,845700,569.5968017578125
2021-10-15,580.1599731445312,583.8099975585938,577.9600219726562,582.3900146484375,874700,574.5691528320312
2021-10-18,583.5599975585938,590.8900146484375,581,588.030029296875,1534000,580.1334228515625
2021-10-19,591,597.010009765625,589.6199951171875,592.0999755859375,765700,584.1488647460938
2021-10-20,609.780029296875,609.8699951171875,600.010009765625,605.5999755859375,1062100,597.4674682617188
2021-10-21,610.9299926757812,612,597.5700073242188,608.4099731445312,959200,600.2399291992188
2021-10-22,608.9299926757812,612.0599975585938,605.0499877929688,611.9600219726562,738700,603.7421264648438
2021-10-25,612,612,602.5,607.75,951900,599.5886840820312
2021-10-26,609.6599731445312,611,603.8599853515625,608.3400268554688,1051500,600.1707153320312
2021-10-27,616.7999877929688,625.989990234375,609.1300048828125,612.2899780273438,1771100,604.0676879882812
2021-10-28,615,627.3599853515625,611.489990234375,620.0700073242188,1280000,611.7431030273438
2021-10-29,621.6699829101562,634.0999755859375,616.9500122070312,633.0700073242188,1541700,624.568603515625
2021-11-01,632.3499755859375,638.719970703125,627.8400268554688,635.0999755859375,1582600,626.5714111328125
2021-11-02,637.8599853515625,643.3599853515625,632.7899780273438,636.2000122070312,1376600,627.6566162109375
2021-11-03,636.5,642.5800170898438,628.3900146484375,642.3699951171875,1216600,633.7437133789062
2021-11-04,642.7000122070312,643.52001953125,630.5399780273438,639.760009765625,1396100,631.1688842773438
2021-11-05,614.1799926757812,621.7899780273438,599.4500122070312,616.7999877929688,2693400,608.5172119140625
2021-11-08,621.489990234375,626.2999877929688,615.4199829101562,624.469970703125,1170900,616.0841064453125
2021-11-09,623.75,624.6199951171875,615.010009765625,618.5800170898438,927000,610.2732543945312
2021-11-10,615.6900024414062,628.9099731445312,615.6900024414062,626.8599853515625,1119100,618.4419555664062
2021-11-11,627.969970703125,632.22998046875,625.469970703125,631.47998046875,687600,622.9998779296875
2021-11-12,632.9099731445312,639.7100219726562,629.8499755859375,635.25,888100,626.7194213867188
2021-11-15,636.5900268554688,639.260009765625,632.010009765625,632.3599853515625,826100,623.8681030273438
2021-11-16,630.3800048828125,651.5700073242188,630.3800048828125,641.47998046875,1346900,632.86572265625
2021-11-17,643.3300170898438,647,633.3499755859375,637.2999877929688,1390300,628.7418212890625
2021-11-18,638.4299926757812,640.239990234375,631.1799926757812,637.6300048828125,968700,629.0673828125
2021-11-19,638.1699829101562,645.010009765625,635.8900146484375,636.0499877929688,1222300,627.5086059570312
2021-11-22,640,640.7999877929688,631,633.9600219726562,1318900,625.4467163085938
2021-11-23,629.2000122070312,634.0800170898438,622.2999877929688,632.760009765625,1022500,624.2628784179688
2021-11-24,633.25,633.6799926757812,623.9000244140625,633,1283200,624.49951171875
2021-11-26,652.7100219726562,666.6500244140625,636.9000244140625,638.739990234375,1677700,630.1624145507812
2021-11-29,640,654.6500244140625,638.280029296875,648.77001953125,1869900,640.057861328125
2021-11-30,641.4400024414062,649.22998046875,631.0900268554688,632.8300170898438,2562900,624.3318481445312
2021-12-01,634.6799926757812,637.6799926757812,625.8800048828125,626.1500244140625,1502700,617.7416381835938
2021-12-02,622.6400146484375,633.5,618.9099731445312,627.5800170898438,1481700,619.1522827148438
2021-12-03,634.1500244140625,636.5999755859375,618.3300170898438,636.1099853515625,1698500,627.5676879882812
2021-12-06,635,635.6599731445312,609.2100219726562,622.25,2319700,613.8939208984375
2021-12-07,633.1799926757812,637.75,624.1900024414062,628.7100219726562,1585300,620.267333984375
2021-12-08,631,638.6799926757812,627.9000244140625,638.1500244140625,1267400,629.5805053710938
2021-12-09,638.1099853515625,642.3300170898438,635.0700073242188,637.0700073242188,1029300,628.5149536132812
2021-12-10,636.9600219726562,644.780029296875,636.9600219726562,642.510009765625,989700,633.8819580078125
2021-12-13,642.5,649.3900146484375,640.4500122070312,646.010009765625,1181900,637.3347778320312
2021-12-14,640,643.3300170898438,624.3800048828125,632.1099853515625,1491500,623.87255859375
2021-12-15,636.75,656.72998046875,633.219970703125,655.739990234375,1422800,647.1946411132812
2021-12-16,655.5,664.1699829101562,651.02001953125,661.25,1625100,652.6329345703125
2021-12-17,655.469970703125,660.3300170898438,647.510009765625,651.0700073242188,2475800,642.5855712890625
2021-12-20,650.4500122070312,656.3599853515625,640.3800048828125,649.3200073242188,1001300,640.8583984375
2021-12-21,648.6400146484375,650,635.6900024414062,645.3400268554688,1201000,636.93017578125
2021-12-22,648.719970703125,653.469970703125,645.4099731445312,651.7000122070312,918400,643.2073974609375
2021-12-23,653.260009765625,656.22998046875,649.0399780273438,650.7000122070312,840000,642.2202758789062
2021-12-27,656.9099731445312,662.75,652.8200073242188,662.2100219726562,531400,653.5804443359375
2021-12-28,665.5,666.6599731445312,653.22998046875,655.3800048828125,818200,646.83935546875
2021-12-29,660.1300048828125,665.1699829101562,654.2100219726562,662.72998046875,644100,654.0933837890625
2021-12-30,664.6900024414062,668.9400024414062,662.3800048828125,665.4500122070312,555600,656.7781982421875
2021-12-31,665,672.3400268554688,663.3300170898438,667.239990234375,778700,658.5448608398438
2022-01-03,662.989990234375,664.27001953125,640.1799926757812,644.9199829101562,1888800,636.515625
2022-01-04,637.2999877929688,638.030029296875,612.5900268554688,618,2598000,609.946533203125
2022-01-05,618,628.760009765625,615.7899780273438,618.52001953125,1915400,610.459716796875
2022-01-06,618,626.8200073242188,609.6099853515625,620.4000244140625,1686000,612.3152465820312
2022-01-07,621,621.47998046875,606.1900024414062,607.0700073242188,1741800,599.1588134765625
2022-01-10,599.8400268554688,625.4199829101562,598.9199829101562,625.0399780273438,2095700,616.8947143554688
2022-01-11,625,627.280029296875,611.989990234375,620.5,2474800,612.413818359375
2022-01-12,618.6799926757812,631.8900146484375,618.6799926757812,625.2000122070312,1554200,617.0526123046875
2022-01-13,624.7100219726562,625.9000244140625,599.8499755859375,600.8900146484375,2018100,593.0593872070312
2022-01-14,597.9299926757812,602.239990234375,588.1900024414062,594.7999877929688,2426200,587.048828125
2022-01-18,586.1400146484375,594.7999877929688,584.1799926757812,590.0999755859375,1849500,582.4100341796875
2022-01-19,593.7100219726562,602.5900268554688,592.25,593.3699951171875,1875900,585.6372680664062
2022-01-20,595.0599975585938,602.47998046875,586.780029296875,588.1599731445312,1530300,580.4952392578125
2022-01-21,587.8900146484375,590.530029296875,578.280029296875,580.3300170898438,2095500,572.7674560546875
2022-01-24,570.8499755859375,576.2100219726562,552.3699951171875,575.7999877929688,2586200,568.2965087890625
2022-01-25,568.5900268554688,576.969970703125,560.719970703125,567.75,1864600,560.3512573242188
2022-01-26,575.25,575.6099853515625,558.3800048828125,562.9000244140625,1892900,555.5646362304688
2022-01-27,568.5800170898438,571.4099731445312,552.8099975585938,553.739990234375,1933400,546.5238037109375
2022-01-28,554.5800170898438,572.3900146484375,543.7000122070312,572.030029296875,1583900,564.5756225585938
2022-01-31,574,581.6099853515625,572.1699829101562,581.2999877929688,1886100,573.7247314453125
2022-02-01,588.2999877929688,595.8499755859375,580.2100219726562,594.3099975585938,2215600,586.5652465820312
2022-02-02,606.1400146484375,608.7100219726562,594.3099975585938,604.1300048828125,2087200,596.2572021484375
2022-02-03,595.2100219726562,601.5,589.6799926757812,594.9299926757812,1758000,587.1770629882812
2022-02-04,592.3099975585938,599.1799926757812,587.719970703125,594.4199829101562,1393200,586.6737060546875
2022-02-07,597.9000244140625,599.75,584.9000244140625,587.0499877929688,1243000,579.3997802734375
2022-02-08,577.8900146484375,592.6500244140625,577.8900146484375,587.530029296875,1143900,579.8734130859375
2022-02-09,594.1900024414062,598.469970703125,587.97998046875,589.8499755859375,1335300,582.1632080078125
2022-02-10,581.6699829101562,587.2100219726562,577.3200073242188,580.280029296875,1931100,572.7178955078125
2022-02-11,578.969970703125,584.8800048828125,564.5700073242188,566.2899780273438,1726000,558.9103393554688
2022-02-14,564.52001953125,568.77001953125,555.969970703125,561.1900024414062,1387700,553.8768310546875
2022-02-15,567.47998046875,571.22998046875,553.8200073242188,556.6699829101562,1438600,549.4156494140625
2022-02-16,552.3699951171875,554.7000122070312,539.1699829101562,550.3499755859375,2154700,543.1780395507812
2022-02-17,550.7999877929688,550.7999877929688,539.5900268554688,540.5399780273438,1667300,533.4957885742188
2022-02-18,541.8699951171875,545.489990234375,534.5499877929688,537.1400146484375,1473700,530.1401977539062
2022-02-22,536.3300170898438,540.7100219726562,526.9000244140625,529.8900146484375,1728000,522.9847412109375
2022-02-23,532,542.6500244140625,527.8400268554688,528.5800170898438,1520300,521.6917724609375
2022-02-24,518.7999877929688,542.3800048828125,513.9400024414062,540.1699829101562,2174500,533.130615234375
2022-02-25,536.8499755859375,550.0700073242188,534.5499877929688,549.8300170898438,1156900,542.6647338867188
2022-02-28,545.1199951171875,549.6900024414062,538.8400268554688,544,1772800,536.9107666015625
2022-03-01,544.6199951171875,547.6099853515625,538.8200073242188,543.0700073242188,1609900,535.9930419921875
2022-03-02,544.77001953125,561.77001953125,542.3499755859375,556.4500122070312,1643900,549.198486328125
2022-03-03,558.010009765625,568.9600219726562,550.7000122070312,554.2899780273438,1355200,547.0665893554688
2022-03-04,550.27001953125,551.3300170898438,537.0499877929688,547.3200073242188,1316900,540.1875610351562
2022-03-07,542,544.9000244140625,524.1599731445312,534.75,2168400,527.7815551757812
2022-03-08,526.5999755859375,535.72998046875,519.8900146484375,524,1785200,517.17138671875
2022-03-09,539.7000122070312,543.8400268554688,531.02001953125,541.7000122070312,1481000,534.6406860351562
2022-03-10,536.4299926757812,541.5499877929688,533.8699951171875,538.25,1481200,531.2359008789062
2022-03-11,543.239990234375,543.5,528.9299926757812,529.8099975585938,952200,522.90576171875
2022-03-14,535.6799926757812,551.3900146484375,530.6699829101562,535.8800048828125,1102400,528.896728515625
2022-03-15,540.2999877929688,552.5,539.739990234375,550.6400146484375,1253100,543.7685546875
2022-03-16,556.8200073242188,565.9299926757812,551,562.5499877929688,1397700,555.530029296875
2022-03-17,562.5999755859375,572.6699829101562,559.010009765625,572.25,1330600,565.1090698242188
2022-03-18,576.8099975585938,590.5700073242188,573.3400268554688,589.0900268554688,2622100,581.7388305664062
2022-03-21,581.8099975585938,590.1900024414062,581.8099975585938,589.2999877929688,1690900,581.9462280273438
2022-03-22,590.27001953125,594.6799926757812,586.530029296875,587.3599853515625,1499800,580.0304565429688
2022-03-23,581.5999755859375,583.0800170898438,569.9500122070312,571.3099975585938,1195100,564.1807861328125
2022-03-24,574.1400146484375,575.4299926757812,567.0599975585938,573.6900024414062,971300,566.531005859375
2022-03-25,577.8800048828125,581.0499877929688,568.27001953125,574.2899780273438,1037300,567.1234741210938
2022-03-28,576.989990234375,583.2999877929688,575.010009765625,583.1900024414062,945300,575.9124755859375
2022-03-29,592.760009765625,596.5999755859375,584.9400024414062,592.8699951171875,1201300,585.4716186523438
2022-03-30,592.530029296875,599.25,590.8900146484375,595.1500244140625,1092900,587.7233276367188
2022-03-31,592.3300170898438,601.1300048828125,590.6500244140625,590.6500244140625,1637400,583.279541015625
2022-04-01,592.219970703125,594.1599731445312,584.4400024414062,592.3400268554688,1028700,584.9483032226562
2022-04-04,591.27001953125,594.739990234375,585.25,590.1400146484375,1027700,582.77587890625
2022-04-05,584.8699951171875,593.72998046875,580.6900024414062,584.280029296875,1082200,576.989013671875
2022-04-06,579.1699829101562,590.1099853515625,573.030029296875,587.4099731445312,1232700,580.0798950195312
2022-04-07,582.989990234375,617.1400146484375,581.9600219726562,612.2100219726562,2140200,604.5703735351562
2022-04-08,610,618.3599853515625,606.760009765625,608.8599853515625,1629000,601.2622680664062
2022-04-11,598.52001953125,603.6799926757812,584.5499877929688,585.6699829101562,1470100,578.3615112304688
2022-04-12,584.0800170898438,585.6599731445312,565.530029296875,570.9400024414062,1411200,563.8154296875
2022-04-13,571.5,578.3400268554688,564.5999755859375,576.7999877929688,1286300,569.6021118164062
2022-04-14,578.030029296875,578.0700073242188,564.6400146484375,568.9000244140625,1225600,561.801025390625
2022-04-18,568.9600219726562,575,565.9500122070312,572.1300048828125,1161100,564.9906005859375
2022-04-19,574.760009765625,576,568.3499755859375,574.1500244140625,1139000,566.9852905273438
2022-04-20,575.0800170898438,598.5900268554688,575.0800170898438,591.1500244140625,1598100,583.773193359375
2022-04-21,592.47998046875,595.5,578.1400146484375,580.4299926757812,1231900,573.1868896484375
2022-04-22,574.8499755859375,576.7100219726562,560.7000122070312,561.280029296875,1478000,554.2759399414062
2022-04-25,546.489990234375,549.8699951171875,529.489990234375,544.1599731445312,2597200,537.3695678710938
2022-04-26,534.1099853515625,538.1199951171875,514.02001953125,516.4400024414062,2469900,509.9955139160156
2022-04-27,520.3400268554688,528.3300170898438,515.739990234375,520.47998046875,1895900,513.9852294921875
2022-04-28,559.72998046875,567.3300170898438,548.0999755859375,558.8900146484375,2737200,551.915771484375
2022-04-29,557.9600219726562,566.3300170898438,551.510009765625,552.9199829101562,2168700,546.020263671875
2022-05-02,548.9299926757812,553.4199829101562,535.9099731445312,545.52001953125,1972000,538.7127075195312
2022-05-03,544.3499755859375,553.8200073242188,541.4000244140625,546.3200073242188,1428000,539.5026245117188
2022-05-04,542.3800048828125,565.75,540.8400268554688,562.97998046875,1251300,555.954833984375
2022-05-05,559.9299926757812,561.52001953125,543.0599975585938,550.510009765625,1378200,543.6403198242188
2022-05-06,542.3900146484375,549.1099853515625,533.5900268554688,546.6799926757812,1116300,539.858154296875
2022-05-09,538.6599731445312,538.6599731445312,514.8800048828125,517.3900146484375,1568600,510.93359375
2022-05-10,527.2899780273438,532.27001953125,516.5499877929688,526.22998046875,1682600,519.6632690429688
2022-05-11,520.4199829101562,532.52001953125,519.5999755859375,520,1146400,513.5110473632812
2022-05-12,513.77001953125,527.5900268554688,512.0999755859375,525.7999877929688,1532700,519.23876953125
2022-05-13,534.8099975585938,551.8599853515625,532.989990234375,541.4199829101562,1375100,534.6637573242188
2022-05-16,537.3400268554688,543.780029296875,533.030029296875,539.3800048828125,883700,532.6492309570312
2022-05-17,553.1900024414062,560.97998046875,544.1400146484375,554.5999755859375,1554900,547.6791381835938
2022-05-18,547.4400024414062,550.3499755859375,539.2100219726562,542.1699829101562,1403500,535.4044189453125
2022-05-19,540,559.9299926757812,537.4299926757812,550.739990234375,2065500,543.867431640625
2022-05-20,558.9199829101562,565.9199829101562,544.4400024414062,555.1500244140625,2167600,548.222412109375
2022-05-23,559.1699829101562,560.7899780273438,550.760009765625,555.2100219726562,1180600,548.2816772460938
2022-05-24,552.510009765625,553.25,543.280029296875,548.8200073242188,1012500,541.9715576171875
2022-05-25,550.8400268554688,550.8400268554688,529.7000122070312,534.27001953125,1538300,527.60302734375
2022-05-26,538.989990234375,541.5499877929688,533.7999877929688,540.1099853515625,1855200,533.3700561523438
2022-05-27,545.5700073242188,573.1099853515625,544.27001953125,572.3499755859375,1721300,565.2077026367188
2022-05-31,568.6799926757812,573.2899780273438,562.5,567.5700073242188,2630800,560.4873657226562
2022-06-01,569.5499877929688,573.0900268554688,550.3200073242188,556.219970703125,1309500,549.2789306640625
2022-06-02,554.5599975585938,570.4000244140625,549.010009765625,570.0999755859375,842600,562.98583984375
2022-06-03,561.0399780273438,562.6699829101562,554.760009765625,558.0999755859375,736400,551.1356201171875
2022-06-06,558.9500122070312,562.4000244140625,550.5399780273438,552.8800048828125,1114400,545.9808349609375
2022-06-07,550.5499877929688,561.5499877929688,550.1300048828125,560.6599731445312,1113600,553.6635131835938
2022-06-08,559.1699829101562,560.4500122070312,549.6799926757812,552.0599975585938,837400,545.1709594726562
2022-06-09,547.9299926757812,552.02001953125,539.5800170898438,539.8200073242188,832900,533.0836791992188
2022-06-10,530.2899780273438,533.8599853515625,522.9500122070312,526.8800048828125,1177600,520.30517578125
2022-06-13,511.6000061035156,517.8699951171875,508.7300109863281,511.9100036621094,1463700,505.5220031738281
2022-06-14,510.1400146484375,514.1900024414062,502.8599853515625,507.45001220703125,1009100,501.4114685058594
2022-06-15,514.7899780273438,521.6900024414062,507.1300048828125,514.760009765625,1320500,508.6344909667969
2022-06-16,503.57000732421875,506.17999267578125,497.8299865722656,504.8900146484375,1180100,498.8820495605469
2022-06-17,502.1499938964844,512.4099731445312,500.7799987792969,500.8999938964844,2175200,494.9394836425781
2022-06-21,506.30999755859375,516.6099853515625,505.55999755859375,513.5399780273438,1463400,507.42901611328125
2022-06-22,508.44000244140625,525.489990234375,508.44000244140625,519.219970703125,1214800,513.0413818359375
2022-06-23,523,541.0700073242188,520.9000244140625,540.5999755859375,1365300,534.1670532226562
2022-06-24,541.1199951171875,545.2000122070312,537.2999877929688,544.8099975585938,1292000,538.3270263671875
2022-06-27,545.8400268554688,547.1099853515625,539.739990234375,543.6400146484375,767400,537.1708374023438
2022-06-28,542.5999755859375,545.1199951171875,534.2999877929688,535.77001953125,858900,529.3945922851562
2022-06-29,536.02001953125,538.3200073242188,528.0800170898438,535.9199829101562,860700,529.5428466796875
2022-06-30,531.0499877929688,546.22998046875,529.5,543.280029296875,1364600,536.8152465820312
2022-07-01,543.9500122070312,549.0399780273438,533.9600219726562,548.27001953125,835300,541.7457275390625
2022-07-05,539.8599853515625,545.1699829101562,533.3499755859375,545.0700073242188,641700,538.5838623046875
2022-07-06,545,559.1799926757812,543.5999755859375,556.0399780273438,1220600,549.4232788085938
2022-07-07,553,558.8699951171875,548.5499877929688,553.760009765625,1243600,547.17041015625
2022-07-08,549.8699951171875,558.1799926757812,548.8900146484375,553.7100219726562,752500,547.1210327148438
2022-07-11,550,560.6599731445312,546.8499755859375,558.030029296875,1089000,551.3896484375
2022-07-12,550.8900146484375,553.6799926757812,529.6300048828125,530.9299926757812,1639400,524.612060546875
2022-07-13,521.5700073242188,524.8699951171875,514.6099853515625,523.1500244140625,1916800,516.9248046875
2022-07-14,517.1099853515625,526.3800048828125,510.3699951171875,525.6300048828125,1338600,519.375244140625
2022-07-15,533.530029296875,540.3099975585938,527.2899780273438,538.8699951171875,1673000,532.4576416015625
2022-07-18,538.8499755859375,540,517.2999877929688,520.760009765625,1317700,514.563232421875
2022-07-19,528.5700073242188,537.6599731445312,523.9600219726562,536.8699951171875,1993700,530.4812622070312
2022-07-20,540,548.3699951171875,537.260009765625,538.6500244140625,921700,532.2401733398438
2022-07-21,555.5499877929688,575.1699829101562,555.5499877929688,575,2150200,568.15771484375
2022-07-22,573.47998046875,576.6799926757812,558.6099853515625,561.5399780273438,1252500,554.8578491210938
2022-07-25,560.52001953125,568.3699951171875,554.2100219726562,567.4400024414062,1194400,560.6876831054688
2022-07-26,569.4500122070312,573.5700073242188,566.52001953125,573.27001953125,1012700,566.4483642578125
2022-07-27,573.010009765625,585.3599853515625,567,581.9299926757812,1263900,575.005126953125
2022-07-28,589.9500122070312,603,573.3099975585938,597.6400146484375,2294700,590.5282592773438
2022-07-29,602.969970703125,611.0599975585938,597.8699951171875,598.4099731445312,2371200,591.2891235351562
2022-08-01,594.1099853515625,598.8400268554688,588.3300170898438,589.5499877929688,1537800,582.5343627929688
2022-08-02,587.2999877929688,594.8699951171875,583.25,586.0399780273438,1392700,579.0662841796875
2022-08-03,590.3400268554688,593.6500244140625,583.9099731445312,587.97998046875,1077700,580.9832153320312
2022-08-04,590.8300170898438,593,583.5599975585938,590,999600,582.9791259765625
2022-08-05,585.280029296875,590.6699829101562,581.0700073242188,590.260009765625,982500,583.236083984375
2022-08-08,590.7999877929688,593.2999877929688,582.489990234375,583.9500122070312,921400,577.0011596679688
2022-08-09,583.9500122070312,586.0399780273438,576.0399780273438,580.8699951171875,767900,573.9578857421875
2022-08-10,589.1799926757812,592.760009765625,583.9199829101562,592.3499755859375,991800,585.3011474609375
2022-08-11,595.0700073242188,599.7999877929688,592.1699829101562,592.5399780273438,1086700,585.4889526367188
2022-08-12,594.5599975585938,604.0399780273438,592.4600219726562,603.2100219726562,989000,596.0318603515625
2022-08-15,603,606.1599731445312,599.1500244140625,604.489990234375,855500,597.2967529296875
2022-08-16,600,603.9099731445312,597.8599853515625,602.1099853515625,798000,594.9450073242188
2022-08-17,596.9600219726562,600.6500244140625,594.5800170898438,596.0399780273438,989400,588.947265625
2022-08-18,598.1099853515625,598.7100219726562,589.27001953125,595.010009765625,761000,587.9296264648438
2022-08-19,591.4400024414062,593.260009765625,585.97998046875,588.5499877929688,851100,581.5465087890625
2022-08-22,580.7000122070312,584.1400146484375,574.530029296875,576.1099853515625,723100,569.2544555664062
2022-08-23,571.969970703125,576.5,567.6599731445312,572.969970703125,913300,566.1517944335938
2022-08-24,572.97998046875,576.1900024414062,570.97998046875,573.1500244140625,855300,566.3297729492188
2022-08-25,578.3499755859375,586.0900268554688,573.1099853515625,585.469970703125,928000,578.503173828125
2022-08-26,584,585.25,563.510009765625,563.7100219726562,771900,557.0020141601562
2022-08-29,561.1099853515625,562.1099853515625,555.3499755859375,556.6900024414062,704500,550.0655517578125
2022-08-30,557.4199829101562,558.9000244140625,550.489990234375,554.2899780273438,1058300,547.6940307617188
2022-08-31,556.1699829101562,559.1400146484375,544.3200073242188,545.3200073242188,1166600,538.830810546875
2022-09-01,542.4400024414062,550.97998046875,541.5399780273438,550.75,913900,544.1961669921875
2022-09-02,553.77001953125,557.8699951171875,541.5700073242188,543.5499877929688,796900,537.0819091796875
2022-09-06,547.260009765625,553.1400146484375,541.6799926757812,545.1500244140625,1043300,538.662841796875
2022-09-07,543.4000244140625,554.2899780273438,541.77001953125,551.719970703125,1139800,545.15478515625
2022-09-08,549.9000244140625,567.1799926757812,547.2899780273438,566.5599975585938,1854800,559.818115234375
2022-09-09,566.3900146484375,572.3200073242188,565.9199829101562,569.4000244140625,1146600,562.6243896484375
2022-09-12,569.25,580.1300048828125,567.469970703125,579.1900024414062,1097200,572.2976684570312
2022-09-13,565,569.4000244140625,557.2100219726562,559.8200073242188,1642800,553.1583251953125
2022-09-14,562.6199951171875,570.3400268554688,552.6199951171875,558.1300048828125,1139400,551.7841186523438
2022-09-15,560,560.9600219726562,550.25,551.97998046875,890400,545.7039794921875
2022-09-16,547.6500244140625,548,536.4400024414062,541.280029296875,1835500,535.1257934570312
2022-09-19,535.75,540.010009765625,531.1599731445312,539.6699829101562,1072500,533.5341186523438
2022-09-20,533.219970703125,535.489990234375,528.510009765625,532.1599731445312,1053800,526.1093139648438
2022-09-21,533.1199951171875,540.2100219726562,524.2000122070312,525.6900024414062,1268900,519.7130737304688
2022-09-22,522.010009765625,526.9600219726562,518.5700073242188,520.2899780273438,1137500,514.3743286132812
2022-09-23,516.3499755859375,521.52001953125,513.0399780273438,520.7899780273438,1366300,514.86865234375
2022-09-26,516.1400146484375,520.969970703125,511.3900146484375,514.3099975585938,991900,508.4623107910156
2022-09-27,517.1900024414062,518.2000122070312,505.5799865722656,508.6600036621094,1166500,502.8765869140625
2022-09-28,510.67999267578125,521.2100219726562,507.57000732421875,517.8300170898438,1866700,511.9424133300781
2022-09-29,514.9099731445312,518.030029296875,512.4299926757812,516.6099853515625,1074600,510.7361755371094
2022-09-30,514.7999877929688,521.5900268554688,506.739990234375,507.19000244140625,1697200,501.4233093261719
2022-10-03,512.8099975585938,526.8800048828125,509.6300048828125,522.9299926757812,2462900,516.9844360351562
2022-10-04,530.719970703125,541.6300048828125,529.2899780273438,539.9299926757812,1195300,533.7908935546875
2022-10-05,535.7999877929688,548.9199829101562,534,546.27001953125,1167400,540.0590209960938
2022-10-06,544.3400268554688,546.3099975585938,537.2100219726562,540.5900268554688,971700,534.443603515625
2022-10-07,535,535.7999877929688,520.9000244140625,523.6099853515625,976800,517.6565551757812
2022-10-10,524.0900268554688,524.0900268554688,509.94000244140625,510.8399963378906,947900,505.0318298339844
2022-10-11,507.010009765625,507.7200012207031,496.7699890136719,500.80999755859375,1667200,495.1158752441406
2022-10-12,502.4100036621094,504.1000061035156,498.4200134277344,500.6700134277344,1098900,494.9774475097656
2022-10-13,489.17999267578125,514.77001953125,488.260009765625,510.5400085449219,1737600,504.73516845703125
2022-10-14,514.0800170898438,517.4099731445312,502.1400146484375,503.04998779296875,1267500,497.330322265625
2022-10-17,510.3299865722656,521.1900024414062,509.2900085449219,517.22998046875,1071100,511.34906005859375
2022-10-18,530.780029296875,532.7100219726562,521.2999877929688,524.4000244140625,970400,518.4376220703125
2022-10-19,514,515.8099975585938,498.6700134277344,505.6099853515625,1947800,499.8612060546875
2022-10-20,498.75,502.1700134277344,485.55999755859375,486.8599853515625,3267100,481.3244323730469
2022-10-21,486.1600036621094,496.94000244140625,478.30999755859375,496.739990234375,2836900,491.09210205078125
2022-10-24,499.7300109863281,509.239990234375,495.75,505.010009765625,1818800,499.2680358886719
2022-10-25,507.6499938964844,517.6400146484375,504.70001220703125,514.6199951171875,2382800,508.768798828125
2022-10-26,500,517.5900268554688,495.2099914550781,503,2446900,497.2809753417969
2022-10-27,498.6499938964844,507.4100036621094,490.1199951171875,498.32000732421875,2334800,492.6541442871094
2022-10-28,501.25,508.4700012207031,499.6199951171875,503.8399963378906,2017100,498.111328125
2022-10-31,500.3900146484375,516.469970703125,500.3900146484375,513.969970703125,2875200,508.1262512207031
2022-11-01,516.5399780273438,525.9600219726562,513,517.6900024414062,2112100,511.8038635253906
2022-11-02,516,516,490.1300048828125,490.9800109863281,1803300,485.3976135253906
2022-11-03,484.1099853515625,490.8299865722656,475.7699890136719,486.94000244140625,1471500,481.403564453125
2022-11-04,493.2699890136719,495.70001220703125,483.8299865722656,495.54998779296875,1772200,489.9156799316406
2022-11-07,499,500.0899963378906,489.70001220703125,492.1000061035156,1340900,486.5048522949219
2022-11-08,494.260009765625,500.7300109863281,487.79998779296875,492.1700134277344,2003100,486.5740661621094
2022-11-09,491.4800109863281,495.95001220703125,483.7300109863281,484.7099914550781,1061000,479.19891357421875
2022-11-10,507.0199890136719,520.6699829101562,506.239990234375,520.5800170898438,1937600,514.6611328125
2022-11-11,526.8599853515625,545.4600219726562,526.6199951171875,538.6799926757812,2422500,532.5552978515625
2022-11-14,540.5700073242188,542.1900024414062,534.1799926757812,534.77001953125,1458400,528.689697265625
2022-11-15,543.7899780273438,552.8800048828125,540.47998046875,546.0900268554688,1531400,539.8810424804688
2022-11-16,546,548.1799926757812,531.219970703125,536.010009765625,1133700,529.9155883789062
2022-11-17,529.219970703125,531.3599853515625,519.0399780273438,529.8900146484375,1281800,523.8650512695312
2022-11-18,541.3099975585938,543.1599731445312,529.3800048828125,535.239990234375,1228400,529.154296875
2022-11-21,532.780029296875,540,532.5399780273438,536.280029296875,1329600,530.1826171875
2022-11-22,541.010009765625,545.4500122070312,537.6400146484375,544.75,1503600,538.55615234375
2022-11-23,545.6599731445312,552.8200073242188,543,547.2899780273438,823600,541.0673217773438
2022-11-25,550.489990234375,554.4600219726562,547.3699951171875,551.25,549200,544.9823608398438
2022-11-28,543.2999877929688,550,538.1599731445312,540.030029296875,1822700,533.8900756835938
2022-11-29,535.4600219726562,540.3900146484375,530.5800170898438,539.75,1195600,533.6131591796875
2022-11-30,541.3099975585938,561.97998046875,539.8599853515625,560.219970703125,3132200,553.8502807617188
2022-12-01,567.6500244140625,569.3300170898438,554.4400024414062,564.5599975585938,1423900,558.1410522460938
2022-12-02,553.5399780273438,564.7999877929688,550.280029296875,563,1014400,556.5987548828125
2022-12-05,555.8599853515625,559.6500244140625,551.9500122070312,557.2100219726562,1824100,550.874755859375
2022-12-06,552.4400024414062,556.4500122070312,545.7999877929688,550.530029296875,1969700,544.2706909179688
2022-12-07,550.4400024414062,559.25,550.4400024414062,558.1400146484375,952000,551.7940063476562
2022-12-08,560.1300048828125,569.010009765625,556.77001953125,567.9500122070312,1160400,561.4925537109375
2022-12-09,564,571.0999755859375,559.3200073242188,560.22998046875,1157100,553.8601684570312
2022-12-12,565.3800048828125,568.8699951171875,563.4000244140625,567.5999755859375,1163000,561.1464233398438
2022-12-13,576.8400268554688,584.7100219726562,566.75,571.3800048828125,1867300,564.8834838867188
2022-12-14,569.1099853515625,576.1500244140625,563.7000122070312,567.22998046875,2079900,561.0751953125
2022-12-15,561.3900146484375,561.6400146484375,550.9299926757812,553.7899780273438,1366900,547.7810668945312
2022-12-16,549.4000244140625,550.8300170898438,531.5599975585938,536.4400024414062,2336400,530.6193237304688
2022-12-19,533.8499755859375,534.9400024414062,527.27001953125,530.1699829101562,1053400,524.4174194335938
2022-12-20,529.8099975585938,530.9299926757812,520.010009765625,528.5,988600,522.7655639648438
2022-12-21,531.4600219726562,541.0599975585938,529.47998046875,539.8900146484375,1208300,534.0319213867188
2022-12-22,534.719970703125,539.3400268554688,527.7100219726562,539.1400146484375,1103300,533.2901611328125
2022-12-23,537.97998046875,543.0900268554688,535.3300170898438,540.6799926757812,621400,534.8132934570312
2022-12-27,540.6799926757812,548.8400268554688,536.8200073242188,545.4400024414062,1050000,539.521728515625
2022-12-28,547.3800048828125,553.030029296875,543.0800170898438,543.4099731445312,826800,537.513671875
2022-12-29,548.6099853515625,561.5700073242188,546.1400146484375,557.010009765625,1027400,550.9661865234375
2022-12-30,552.7999877929688,555,545.25,550.6900024414062,686000,544.7146606445312
2023-01-03,553.2899780273438,556.0999755859375,546.969970703125,553.1799926757812,1785800,547.1776123046875
2023-01-04,559.2999877929688,567.8099975585938,554.9600219726562,561.9199829101562,1935800,555.8228759765625
2023-01-05,555.7899780273438,564.3200073242188,552.2999877929688,556.9400024414062,2220000,550.89697265625
2023-01-06,555.760009765625,555.760009765625,522.780029296875,535,2938100,529.1949462890625
2023-01-09,538.739990234375,552.9500122070312,537.010009765625,546.0900268554688,1871200,540.1646728515625
2023-01-10,547.469970703125,572.6300048828125,547.4299926757812,568.030029296875,2102800,561.8665771484375
2023-01-11,571.1199951171875,584.9099731445312,568.0399780273438,582.5599975585938,2013500,576.2388305664062
2023-01-12,581.969970703125,586.530029296875,576.8599853515625,581.5399780273438,1635200,575.2300415039062
2023-01-13,578.6500244140625,584.8599853515625,572.469970703125,583.8400268554688,2040500,577.5050659179688
2023-01-17,585,591.2999877929688,581.72998046875,587.8599853515625,2086300,581.4814453125
2023-01-18,591.1300048828125,596.8499755859375,578.75,580.0499877929688,1749700,573.7561645507812
2023-01-19,575.030029296875,587.1599731445312,573.7000122070312,583.8599853515625,1636000,577.5247802734375
2023-01-20,587,595.3499755859375,584.9500122070312,593.6599731445312,2394700,587.2183837890625
2023-01-23,593.2100219726562,609.219970703125,590,604.8200073242188,2307200,598.2573852539062
2023-01-24,609.8499755859375,609.8499755859375,576.780029296875,580.719970703125,2102600,574.4188842773438
2023-01-25,571.1500244140625,576.02001953125,566.9199829101562,575.3200073242188,1238300,569.0774536132812
2023-01-26,576.030029296875,578.52001953125,567.3099975585938,577.3699951171875,1210800,571.1052856445312
2023-01-27,574.9000244140625,577.510009765625,568.1900024414062,573.6300048828125,1110000,567.40576171875
2023-01-30,567.77001953125,570.8699951171875,560.760009765625,564.2899780273438,1221500,558.1671752929688
2023-01-31,562.1799926757812,570.6300048828125,558,570.3300170898438,1799800,564.1416015625
2023-02-01,586.0900268554688,597.5399780273438,576.3300170898438,587.3599853515625,2627500,580.9868774414062
2023-02-02,591.6699829101562,595.1699829101562,587.0700073242188,587.0700073242188,2312500,580.6998901367188
2023-02-03,584.5599975585938,592.8400268554688,582.6500244140625,587.760009765625,1283200,581.3825073242188
2023-02-06,580.5599975585938,583.8300170898438,573.4199829101562,576.1699829101562,1119500,569.918212890625
2023-02-07,570.780029296875,586.3400268554688,569.4099731445312,583.1500244140625,1171100,576.8224487304688
2023-02-08,578.5599975585938,585.0900268554688,576.030029296875,579.22998046875,907200,572.945068359375
2023-02-09,582.6599731445312,583.3200073242188,567.7000122070312,568.9299926757812,960800,562.7568969726562
2023-02-10,567.1099853515625,571.7100219726562,563.3499755859375,571.4099731445312,763700,565.2098388671875
2023-02-13,574.6699829101562,577.22998046875,569.010009765625,575,997600,568.760986328125
2023-02-14,575.8900146484375,579.0999755859375,566.6300048828125,571.47998046875,850100,565.2791137695312
2023-02-15,568.4600219726562,570.510009765625,562.77001953125,566.8300170898438,1038400,560.6796264648438
2023-02-16,556.1199951171875,565.4000244140625,551.2999877929688,557.5800170898438,1173700,551.530029296875
2023-02-17,552.9199829101562,561.489990234375,552.9000244140625,559.7000122070312,1182400,553.626953125
2023-02-21,548.6500244140625,554.239990234375,544.1300048828125,550.77001953125,1395200,544.7938842773438
2023-02-22,550,553.2899780273438,544.7100219726562,548.4000244140625,1705300,542.4496459960938
2023-02-23,553.3699951171875,557.6699829101562,546.9000244140625,550.9500122070312,1160200,544.971923828125
2023-02-24,544.6099853515625,546.6599731445312,539.1699829101562,542.7899780273438,852600,536.9003295898438
2023-02-27,548.489990234375,554.4199829101562,541.030029296875,541.3499755859375,1110600,535.47607421875
2023-02-28,540.4099731445312,545.22998046875,538.8900146484375,541.760009765625,1188800,535.8815307617188
2023-03-01,539.3400268554688,542.6199951171875,536.260009765625,538.52001953125,1126000,532.6768798828125
2023-03-02,534.8300170898438,550.8800048828125,531.9199829101562,548.75,941200,542.7958374023438
2023-03-03,555.4600219726562,560.530029296875,549.6300048828125,559.4400024414062,1153600,553.3698120117188
2023-03-06,559.510009765625,567.3200073242188,555.3200073242188,558.52001953125,1163100,552.459716796875
2023-03-07,560.8099975585938,563.010009765625,548.1400146484375,548.8300170898438,1012800,542.8749389648438
2023-03-08,548.280029296875,559.8300170898438,545.530029296875,554.75,1453000,548.7306518554688
2023-03-09,556.1500244140625,564.4099731445312,550.969970703125,553.2100219726562,1013200,547.2073974609375
2023-03-10,551.8699951171875,555.5399780273438,539.9500122070312,543.8300170898438,1081700,537.9290161132812
2023-03-13,543.489990234375,551.4199829101562,538.0499877929688,541.5599975585938,1405800,535.6837158203125
2023-03-14,550.5499877929688,561.47998046875,545,555.9600219726562,1409800,550.2830810546875
2023-03-15,547.1699829101562,550,534.47998046875,542.7000122070312,1918900,537.1586303710938
2023-03-16,539.77001953125,558.5800170898438,539.77001953125,557.0900268554688,1135800,551.4016723632812
2023-03-17,555.3099975585938,555.3099975585938,543.9600219726562,547.3400268554688,1947900,541.7511596679688
2023-03-20,546.760009765625,554.8699951171875,545.5800170898438,550.5700073242188,897200,544.9481811523438
2023-03-21,554.3800048828125,558.7899780273438,551.6599731445312,556.7000122070312,1000100,551.0155639648438
2023-03-22,556.7000122070312,568,554.2899780273438,554.3200073242188,928400,548.6599731445312
2023-03-23,557.97998046875,560.5800170898438,550.3800048828125,555.1900024414062,951600,549.5210571289062
2023-03-24,548.52001953125,558.6599731445312,544.3099975585938,558.260009765625,1012600,552.5597534179688
2023-03-27,563.7999877929688,568.1699829101562,561.030029296875,561.6900024414062,865600,555.9547729492188
2023-03-28,559.989990234375,562.7000122070312,550.9400024414062,554.22998046875,828800,548.5709228515625
2023-03-29,559.3599853515625,560.5700073242188,553.219970703125,555.1500244140625,1239600,549.4814453125
2023-03-30,560,564.280029296875,556.8599853515625,562.969970703125,1219900,557.2214965820312
2023-03-31,566.969970703125,576.6799926757812,563.6599731445312,576.3699951171875,1438700,570.48486328125
2023-04-03,569.510009765625,573.1099853515625,566.1199951171875,570.0700073242188,1034400,564.2490844726562
2023-04-04,571.3900146484375,580.239990234375,568.9400024414062,576.1799926757812,1085600,570.2968139648438
2023-04-05,576.510009765625,580.0999755859375,569.9199829101562,579.8599853515625,1035600,573.9390258789062
2023-04-06,580.8499755859375,581.780029296875,572.3400268554688,575.3499755859375,780700,569.475341796875
2023-04-10,572.72998046875,574.3599853515625,565.2899780273438,574.3599853515625,672600,568.4952392578125
2023-04-11,576.47998046875,581.5499877929688,574.4000244140625,576.3800048828125,1158800,570.49462890625
2023-04-12,583.25,586.6500244140625,577.6500244140625,579.3499755859375,847800,573.434326171875
2023-04-13,585.260009765625,592.1199951171875,582,591.1300048828125,1101900,585.0941772460938
2023-04-14,586.4000244140625,589.5399780273438,582.010009765625,588.8400268554688,834900,582.8273315429688
2023-04-17,590.1400146484375,590.3900146484375,584.239990234375,588.5999755859375,783500,582.5899047851562
2023-04-18,593.1699829101562,593.1699829101562,584.6799926757812,584.8599853515625,1158700,578.8880615234375
2023-04-19,575.7899780273438,580.719970703125,571.3300170898438,579.9199829101562,1409400,573.9985961914062
2023-04-20,566,567.8400268554688,560.3599853515625,565.9299926757812,2100900,560.1513061523438
2023-04-21,568.8699951171875,572.989990234375,566.8300170898438,571.6799926757812,959200,565.842529296875
2023-04-24,571.52001953125,576.4500122070312,570,574.2999877929688,895100,568.4358520507812
2023-04-25,564.1500244140625,566.5,545.5,548.3800048828125,2495500,542.780517578125
2023-04-26,528,543.3800048828125,517.219970703125,533.1300048828125,4020100,527.6863403320312
2023-04-27,533.5,545.6699829101562,531.5800170898438,543.02001953125,2148400,537.475341796875
2023-04-28,543.3200073242188,559.2000122070312,543.3200073242188,554.9000244140625,2046900,549.234130859375
2023-05-01,555.989990234375,556.8099975585938,545.3099975585938,548.5,1979800,542.8993530273438
2023-05-02,544.8499755859375,551.510009765625,540.9299926757812,543.8200073242188,1060900,538.2671508789062
2023-05-03,550.0499877929688,558.2000122070312,549.239990234375,550.4199829101562,1430200,544.7998046875
2023-05-04,552.5999755859375,553.9000244140625,542.719970703125,545.6400146484375,1243500,540.068603515625
2023-05-05,553.0599975585938,554.4000244140625,541.9199829101562,546.3800048828125,962400,540.801025390625
2023-05-08,549.4500122070312,550,541.0900268554688,542.5800170898438,1029100,537.039794921875
2023-05-09,535.0399780273438,537.469970703125,529.219970703125,534.6599731445312,1225100,529.2006225585938
2023-05-10,539.3900146484375,539.9199829101562,530,533.5,1586100,528.052490234375
2023-05-11,532.0900268554688,535.739990234375,525.0599975585938,529.7899780273438,2326300,524.38037109375
2023-05-12,531.75,534.969970703125,521.4400024414062,524.6500244140625,1518200,519.2928466796875
2023-05-15,524.25,525.280029296875,520.1400146484375,523.6799926757812,1383800,518.3328857421875
2023-05-16,521.260009765625,522.7000122070312,519.1699829101562,519.75,903500,514.4429931640625
2023-05-17,522.3599853515625,527.3800048828125,512.9299926757812,521.6699829101562,1284600,516.3432006835938
2023-05-18,520.7899780273438,524.6400146484375,518.6599731445312,523.5399780273438,1073300,518.1942138671875
2023-05-19,523.0399780273438,531.739990234375,522.6699829101562,527.3800048828125,1313300,521.9949951171875
2023-05-22,527.4199829101562,534.6400146484375,527.3599853515625,529.02001953125,1161000,523.6182250976562
2023-05-23,526.3499755859375,529.2999877929688,519.7100219726562,525.0999755859375,1629400,519.7383422851562
2023-05-24,510,514.5,498.5,510.7200012207031,2482800,505.505126953125
2023-05-25,513.969970703125,522.3099975585938,510.29998779296875,520.6400146484375,2262200,515.3239135742188
2023-05-26,527.6799926757812,532.7100219726562,521.8200073242188,522.02001953125,1603700,516.6898803710938
2023-05-30,523.8200073242188,526.4400024414062,513.1099853515625,514.219970703125,1793800,508.9693908691406
2023-05-31,513.6699829101562,513.6699829101562,501.6600036621094,508.4599914550781,4052200,503.2681579589844
2023-06-01,513.1300048828125,521.6500244140625,508.510009765625,519.3800048828125,1830100,514.0768432617188
2023-06-02,524.5800170898438,527.1599731445312,518.6699829101562,520.1400146484375,2564300,514.828857421875
2023-06-05,524.0599975585938,524.4600219726562,513.4199829101562,518.5800170898438,1477400,513.284912109375
2023-06-06,522,523.1900024414062,512.7000122070312,516.260009765625,1723000,510.988525390625
2023-06-07,514.530029296875,523.2100219726562,512.5999755859375,520.780029296875,1649400,515.46240234375
2023-06-08,520.6500244140625,522.75,515.1599731445312,515.25,1580500,509.9888610839844
2023-06-09,517.9600219726562,521.7899780273438,514.6300048828125,518.1799926757812,1041600,512.888916015625
2023-06-12,519.989990234375,524.739990234375,516.6699829101562,523.6900024414062,1246100,518.3427124023438
2023-06-13,525.47998046875,527.4099731445312,523.02001953125,526.0499877929688,1328800,520.6785278320312
2023-06-14,527.8300170898438,528.030029296875,518.6599731445312,520.1199951171875,1996500,515.1519165039062
2023-06-15,520.1599731445312,536.2899780273438,518.9199829101562,535.1099853515625,1723400,529.9987182617188
2023-06-16,538.719970703125,542.0800170898438,533.4000244140625,537.2999877929688,3428000,532.1677856445312
2023-06-20,512,530.7899780273438,507.1499938964844,527.4000244140625,2115400,522.3623657226562
2023-06-21,524.989990234375,530.4500122070312,522.760009765625,525.9500122070312,1617800,520.9260864257812
2023-06-22,526.1500244140625,530,521.4500122070312,528.3099975585938,945600,523.2635498046875
2023-06-23,523.2000122070312,529.719970703125,522.4600219726562,524.2100219726562,3779700,519.202880859375
2023-06-26,523.02001953125,526.1799926757812,515.8800048828125,522.030029296875,956900,517.0435791015625
2023-06-27,520.3400268554688,522.3099975585938,503.30999755859375,509.6199951171875,2036000,504.752197265625
2023-06-28,511.3999938964844,511.4100036621094,506.6499938964844,510.1499938964844,1395200,505.2771301269531
2023-06-29,510,515.1500244140625,506.0799865722656,514.3900146484375,999200,509.4765930175781
2023-06-30,516.47998046875,523.6099853515625,515.9400024414062,521.75,1315500,516.7662963867188
2023-07-03,519.3400268554688,521.260009765625,515.3599853515625,519.1099853515625,616200,514.1515502929688
2023-07-05,520.22998046875,523.5599975585938,518.1400146484375,520.5999755859375,1432800,515.6272583007812
2023-07-06,514.7899780273438,519.0700073242188,509.0199890136719,517.3200073242188,1506400,512.378662109375
2023-07-07,515,519.4600219726562,513.3099975585938,513.72998046875,1020700,508.8229675292969
2023-07-10,512.489990234375,518.9199829101562,511.19000244140625,516.8499755859375,1026600,511.9130859375
2023-07-11,516.2999877929688,520.1300048828125,515.27001953125,519.260009765625,1310900,514.3001708984375
2023-07-12,525.7100219726562,529.530029296875,523.989990234375,525.9199829101562,1678200,520.896484375
2023-07-13,535,536.4500122070312,524.030029296875,526.6500244140625,1364200,521.6195678710938
2023-07-14,529.6699829101562,531.9199829101562,525.3099975585938,529.3599853515625,953000,524.3035888671875
2023-07-17,526.3200073242188,527.1300048828125,519.260009765625,525.260009765625,1290800,520.2428588867188
2023-07-18,525.530029296875,525.7899780273438,519.719970703125,523.6799926757812,1461100,518.677978515625
2023-07-19,526.989990234375,539.4199829101562,526.9500122070312,535.5499877929688,1715400,530.4345092773438
2023-07-20,537.3300170898438,541.5900268554688,530.4600219726562,538.27001953125,1147400,533.1285400390625
2023-07-21,538.6599731445312,564.719970703125,530.8900146484375,562.1900024414062,2755800,556.8199462890625
2023-07-24,560,572.5599975585938,559.1199951171875,571.52001953125,3196700,566.0608520507812
2023-07-25,555.47998046875,580.0900268554688,554.2999877929688,570.9099731445312,3073900,565.4566650390625
2023-07-26,554.9600219726562,575,554.9600219726562,574.4099731445312,3559300,568.9232788085938
2023-07-27,575.4000244140625,577.4000244140625,559.3800048828125,560.02001953125,2260900,554.6707763671875
2023-07-28,562.4099731445312,565.6900024414062,553.77001953125,561.8499755859375,1642800,556.483154296875
2023-07-31,557.4199829101562,557.6799926757812,546.4199829101562,548.6599731445312,2144800,543.419189453125
2023-08-01,546.530029296875,550.7000122070312,542.6599731445312,545.8400268554688,1517500,540.626220703125
2023-08-02,543.9000244140625,555.8900146484375,542.6099853515625,553.760009765625,1398700,548.4705810546875
2023-08-03,550.2899780273438,552.7100219726562,545.3099975585938,548.3800048828125,1103200,543.1419067382812
2023-08-04,547.510009765625,554.989990234375,546.77001953125,548.6400146484375,1102200,543.3994140625
2023-08-07,550,554.5,546.8599853515625,551.7899780273438,737300,546.5193481445312
2023-08-08,553.1699829101562,556.9000244140625,545.6099853515625,555.780029296875,1002100,550.47119140625
2023-08-09,554.77001953125,556.3900146484375,547.3699951171875,547.5800170898438,947100,542.3495483398438
2023-08-10,550.3699951171875,556.77001953125,545.5900268554688,547.280029296875,1168400,542.052490234375
2023-08-11,543,547.2899780273438,540.8900146484375,543.780029296875,925100,538.5859375
2023-08-14,540.75,542.2999877929688,538.3499755859375,540.3400268554688,1068400,535.1787109375
2023-08-15,535.8200073242188,538.969970703125,532.1400146484375,534.4299926757812,894600,529.3250732421875
2023-08-16,530.0900268554688,531.1400146484375,526.75,528.8699951171875,980700,523.8182983398438
2023-08-17,530.8499755859375,538.239990234375,529.8599853515625,535.9600219726562,1257000,530.8405151367188
2023-08-18,533.1400146484375,535.8800048828125,528.1400146484375,532.3800048828125,1093700,527.2947998046875
2023-08-21,536.5599975585938,536.5599975585938,530.3499755859375,532.260009765625,903800,527.1759033203125
2023-08-22,531,533.2999877929688,526.3499755859375,527.0499877929688,960700,522.0156860351562
2023-08-23,541.3099975585938,547.6500244140625,538.1799926757812,545.239990234375,1769100,540.0319213867188
2023-08-24,545.2000122070312,549.6199951171875,537.9199829101562,538.010009765625,1326200,532.8709716796875
2023-08-25,538.7899780273438,544.0499877929688,535.9600219726562,541.5900268554688,749800,536.4168090820312
2023-08-28,544.3200073242188,546.6300048828125,540.530029296875,545.1900024414062,642700,539.9823608398438
2023-08-29,546.239990234375,557.469970703125,544.9600219726562,555.4099731445312,1291400,550.1048583984375
2023-08-30,557.77001953125,562.9400024414062,554.739990234375,559,773500,553.6604614257812
2023-08-31,560.4000244140625,563.6900024414062,556.9500122070312,557.0999755859375,1192100,551.7786254882812
2023-09-01,563.4500122070312,565.8599853515625,556.8200073242188,557.219970703125,1015500,551.8975219726562
2023-09-05,559.280029296875,559.6900024414062,541.7000122070312,542.010009765625,1404900,536.8329467773438
2023-09-06,540.9199829101562,545.4400024414062,536,536.7000122070312,1217900,531.573486328125
2023-09-07,535.239990234375,538.72998046875,530.6699829101562,531.6599731445312,1079200,526.5816040039062
2023-09-08,530,532.6599731445312,512.780029296875,518.27001953125,1834900,513.319580078125
2023-09-11,515.4099731445312,517.6199951171875,512.8400268554688,514.9400024414062,1555900,510.0213317871094
2023-09-12,515,515,509.3599853515625,510.989990234375,1568000,506.109130859375
2023-09-13,499.19000244140625,526.3200073242188,498.010009765625,510.8999938964844,2359100,506.0198669433594
2023-09-14,515.1300048828125,518.219970703125,506.5400085449219,515.6400146484375,1598300,511.06475830078125
2023-09-15,515.6400146484375,534.1900024414062,509.30999755859375,515.530029296875,5179500,510.95574951171875
2023-09-18,515.510009765625,515.510009765625,507.29998779296875,507.7300109863281,1300100,503.2250061035156
2023-09-19,505.2200012207031,509.4100036621094,503.30999755859375,508.739990234375,1181100,504.2259826660156
2023-09-20,511.3699951171875,511.9200134277344,504.1600036621094,504.8900146484375,1271300,500.4101257324219
2023-09-21,502.42999267578125,503.80999755859375,499.55999755859375,501.5899963378906,1606900,497.139404296875
2023-09-22,502.8999938964844,507.1600036621094,501.57000732421875,502.7900085449219,1198000,498.3288269042969
2023-09-25,501.2300109863281,506.0400085449219,500.3599853515625,505.6600036621094,961500,501.17333984375
2023-09-26,503,506.44000244140625,500.8399963378906,501.5899963378906,1190000,497.139404296875
2023-09-27,502.6199951171875,504.57000732421875,494.9200134277344,498.2900085449219,1344300,493.8687438964844
2023-09-28,502.04998779296875,507.3999938964844,500.3399963378906,503.0199890136719,1443300,498.5567321777344
2023-09-29,509.2099914550781,510.989990234375,504.7699890136719,506.1700134277344,1380500,501.6788024902344
2023-10-02,503.0799865722656,506.989990234375,490.67999267578125,495.7900085449219,1652100,491.3908996582031
2023-10-03,492.8999938964844,502.5,492.6000061035156,499.6099853515625,1559400,495.177001953125
2023-10-04,501.2099914550781,503.19000244140625,495.8399963378906,502.45001220703125,1022100,497.9917907714844
2023-10-05,497.3900146484375,500.44000244140625,492.70001220703125,498.0199890136719,917500,493.60107421875
2023-10-06,495.82000732421875,502.1600036621094,493.07000732421875,498.54998779296875,1108400,494.1263732910156
2023-10-09,495,497.6600036621094,490.3900146484375,496.1300048828125,1182500,491.7279052734375
2023-10-10,495.5899963378906,499.5400085449219,492.92999267578125,496.1499938964844,1304900,491.7476501464844
2023-10-11,497.2200012207031,498.6300048828125,491.7900085449219,492.6300048828125,1207100,488.2589416503906
2023-10-12,491.8399963378906,495.8599853515625,470.6099853515625,482.55999755859375,2026200,478.2782287597656
2023-10-13,479.6300048828125,484.2699890136719,476,482.8500061035156,2004300,478.5657043457031
2023-10-16,482.8500061035156,492.04998779296875,480.2799987792969,488.5400085449219,1247700,484.2052001953125
2023-10-17,479,489.9599914550781,477.70001220703125,484.7699890136719,1355200,480.4686279296875
2023-10-18,480.9800109863281,480.9800109863281,466.8699951171875,467.260009765625,2134800,463.114013671875
2023-10-19,472.29998779296875,476.70001220703125,467.42999267578125,469.6700134277344,2014500,465.5026550292969
2023-10-20,469.510009765625,471.20001220703125,463.25,464.3599853515625,1599300,460.2397155761719
2023-10-23,461.75,469.4700012207031,459.9800109863281,461.80999755859375,1897500,457.71240234375
2023-10-24,451.92999267578125,458.8500061035156,447.1400146484375,458.260009765625,2376600,454.1938781738281
2023-10-25,423,438.8399963378906,415.6000061035156,433.17999267578125,7906700,429.3363952636719
2023-10-26,431.1300048828125,445.3299865722656,429.17999267578125,440.1600036621094,2971200,436.2544860839844
2023-10-27,439.57000732421875,439.9599914550781,427.3699951171875,431.4100036621094,2495600,427.5821228027344
2023-10-30,432.17999267578125,435.3500061035156,420.2099914550781,434.1099853515625,2946500,430.25823974609375
2023-10-31,436.489990234375,446.6000061035156,433.1499938964844,444.7699890136719,2895400,440.8235778808594
2023-11-01,445.1300048828125,445.1300048828125,434,441.1099853515625,2275400,437.1960754394531
2023-11-02,444.8399963378906,448.1400146484375,441.92999267578125,447.57000732421875,1713900,443.5987243652344
2023-11-03,454.69000244140625,460.57000732421875,451.6000061035156,454.739990234375,1921800,450.70513916015625
2023-11-06,456.70001220703125,459.4800109863281,452.25,455.0199890136719,1613800,450.9826354980469
2023-11-07,453.8800048828125,463.8500061035156,452.1099853515625,459.239990234375,1708700,455.1651916503906
2023-11-08,461.510009765625,464.010009765625,453.0799865722656,454.30999755859375,1848100,450.2789001464844
2023-11-09,458.5400085449219,458.8399963378906,443.05999755859375,444.2699890136719,2042400,440.3280029296875
2023-11-10,443.82000732421875,449.1600036621094,437.260009765625,448.42999267578125,1896500,444.45111083984375
2023-11-13,445.5299987792969,446.80999755859375,439.1099853515625,445.1499938964844,1675000,441.2001647949219
2023-11-14,456.80999755859375,462.239990234375,455.2200012207031,459.260009765625,1822400,455.1850891113281
2023-11-15,464.6600036621094,474.8299865722656,463.989990234375,470.5400085449219,2184000,466.36492919921875
2023-11-16,472.05999755859375,474.70001220703125,468.7099914550781,472.4700012207031,1613400,468.27783203125
2023-11-17,475,475,464.1700134277344,466.4200134277344,1556300,462.2815246582031
2023-11-20,467.0299987792969,471.67999267578125,465.8999938964844,469.0299987792969,1183500,464.86834716796875
2023-11-21,478.2799987792969,490.32000732421875,476.45001220703125,482.3900146484375,2915900,478.1098327636719
2023-11-22,486.0799865722656,490.57000732421875,485.7099914550781,487.5299987792969,1463800,483.2041320800781
2023-11-24,488.5,491.0299987792969,486.80999755859375,490.7799987792969,722800,486.4253234863281
2023-11-27,489.2200012207031,493.4200134277344,488.1499938964844,490.1300048828125,2427100,485.78106689453125
2023-11-28,488.4200134277344,488.75,480.57000732421875,485.9200134277344,1549600,481.6084899902344
2023-11-29,489.8900146484375,495.79998779296875,489.8900146484375,492.9200134277344,1195800,488.5463562011719
2023-11-30,495.8999938964844,497.5,489.3800048828125,495.760009765625,1914000,491.3611145019531
2023-12-01,490.8800048828125,499.20001220703125,489.6000061035156,496.1300048828125,1219700,491.7279052734375
2023-12-04,493.4700012207031,498.30999755859375,490.3599853515625,495.3399963378906,1222300,490.94488525390625
2023-12-05,492.9700012207031,493.6300048828125,487.05999755859375,491.6000061035156,1613600,487.2380676269531
2023-12-06,495,496.67999267578125,491.6499938964844,493.80999755859375,1241700,489.4284973144531
2023-12-07,494.5299987792969,498.29998779296875,492.30999755859375,494.1000061035156,2101800,489.71588134765625
2023-12-08,492.80999755859375,495.67999267578125,488.0199890136719,489.7699890136719,1871800,485.4242858886719
2023-12-11,492.55999755859375,497.45001220703125,491.3299865722656,494.989990234375,2030900,490.5979309082031
2023-12-12,496.3299865722656,498.510009765625,491.4700012207031,497.3699951171875,1420200,492.9568786621094
2023-12-13,498.5899963378906,518.8699951171875,496.8800048828125,518.5399780273438,2776700,513.9390258789062
2023-12-14,529.5399780273438,534.4299926757812,520.1300048828125,521.52001953125,2763900,517.24169921875
2023-12-15,520.77001953125,523.47998046875,517.719970703125,518.030029296875,4354900,513.7803955078125
2023-12-18,521.1300048828125,523.8599853515625,515.5999755859375,518.6199951171875,1607300,514.365478515625
2023-12-19,521.010009765625,528.8599853515625,519.8099975585938,528.1400146484375,2569400,523.8073120117188
2023-12-20,528,532.489990234375,519.3699951171875,519.4299926757812,1497300,515.1688842773438
2023-12-21,518.0700073242188,527.030029296875,518.0700073242188,526.5599975585938,1016600,522.2403564453125
2023-12-22,528.0900268554688,532.9199829101562,526.9000244140625,529.0499877929688,1081500,524.7099609375
2023-12-26,526.8800048828125,531.239990234375,525.780029296875,529.7000122070312,639100,525.3546752929688
2023-12-27,530.8099975585938,533.0700073242188,529.2899780273438,531.6500244140625,806000,527.2886352539062
2023-12-28,533,536,531.5,532.9400024414062,763400,528.5679931640625
2023-12-29,531.2100219726562,533.969970703125,529.52001953125,530.7899780273438,804300,526.4357299804688
2024-01-02,529.5599975585938,546.0999755859375,527.3699951171875,544.1500244140625,2310800,539.6860961914062
2024-01-03,542.8099975585938,543.6699829101562,527.969970703125,528.8200073242188,2170300,524.4818725585938
2024-01-04,527.3200073242188,539.8400268554688,527.3200073242188,537.3599853515625,1831300,532.9517822265625
2024-01-05,533.969970703125,540.77001953125,530.469970703125,531.22998046875,1817200,526.8720092773438
2024-01-08,529.6300048828125,543.5599975585938,527.4000244140625,541.3800048828125,2126800,536.938720703125
2024-01-09,538.52001953125,559.22998046875,536.6500244140625,541.8499755859375,2890000,537.4049072265625
2024-01-10,540.7899780273438,549.3599853515625,533.8800048828125,543.9299926757812,2026600,539.4678344726562
2024-01-11,543.530029296875,548.5399780273438,540.4099731445312,546,1983100,541.5208740234375
2024-01-12,548.510009765625,553.0800170898438,542.7899780273438,544.3200073242188,2013100,539.8546752929688
2024-01-16,543.510009765625,550.8400268554688,541.1799926757812,542,1838900,537.5537109375
2024-01-17,538.75,545.9500122070312,536.8400268554688,539.25,1966300,534.8262939453125
2024-01-18,537.3499755859375,547.030029296875,535.989990234375,544.4199829101562,1728200,539.9537963867188
2024-01-19,545.1599731445312,553.280029296875,541.8400268554688,551.75,2124000,547.2237548828125
2024-01-22,552.8800048828125,558.6900024414062,550.530029296875,553.3900146484375,1818500,548.850341796875
2024-01-23,556.2000122070312,557.030029296875,545.3699951171875,550.739990234375,1116600,546.221923828125
2024-01-24,549.8499755859375,551.989990234375,539.1400146484375,539.989990234375,1842500,535.5601196289062
2024-01-25,543.22998046875,547.780029296875,537.6400146484375,538.2100219726562,1748100,533.794677734375
2024-01-26,554,556.4099731445312,546.6500244140625,547.3300170898438,3172300,542.8399047851562
2024-01-29,550,559.1900024414062,547.3599853515625,557.77001953125,2445900,553.1943359375
2024-01-30,559.5,570,559.5,567.1199951171875,2301300,562.467529296875
2024-01-31,563.2999877929688,566,537.780029296875,538.97998046875,3589400,534.5584716796875
2024-02-01,542.1400146484375,553.9199829101562,534.239990234375,552.22998046875,2163900,547.6998901367188
2024-02-02,549.02001953125,554.4500122070312,541.8900146484375,551.8200073242188,1327500,547.2931518554688
2024-02-05,549.4600219726562,556.97998046875,546.6699829101562,551.6199951171875,1473700,547.0948486328125
2024-02-06,552.489990234375,560.5,551.4500122070312,560.280029296875,1328100,555.6837768554688
2024-02-07,562,566,552.030029296875,552.3099975585938,1451400,547.7791137695312
2024-02-08,552.2000122070312,552.8599853515625,541.4600219726562,550.8900146484375,1549300,546.3706665039062
2024-02-09,549.6500244140625,554.1300048828125,548.2899780273438,550.75,1280800,546.23193359375
2024-02-12,551,551,544.1099853515625,546.8599853515625,1073000,542.3739013671875
2024-02-13,541.4199829101562,546.1900024414062,534.4099731445312,538.5999755859375,1268000,534.1817016601562
2024-02-14,541.6400146484375,548.6900024414062,541.6400146484375,548.27001953125,1297000,543.7723388671875
2024-02-15,547.260009765625,553.22998046875,545.280029296875,548.5700073242188,1519000,544.0697631835938
2024-02-16,546.3200073242188,552.6900024414062,546.3200073242188,547.8400268554688,1028200,543.3458862304688
2024-02-20,544.8599853515625,550.4099731445312,542.3499755859375,548.1400146484375,989300,543.643310546875
2024-02-21,546.1099853515625,552.969970703125,544.2899780273438,552.8499755859375,786500,548.314697265625
2024-02-22,555,560.739990234375,550.27001953125,560.489990234375,1139600,555.8919067382812
2024-02-23,562.8699951171875,566.6799926757812,560.8599853515625,564.7100219726562,970000,560.0774536132812
2024-02-26,563.3400268554688,565.989990234375,561.010009765625,563.47998046875,758600,558.857421875
2024-02-27,564.97998046875,567.8200073242188,560.8400268554688,566.1699829101562,901000,561.525390625
2024-02-28,565.2000122070312,573.010009765625,565.02001953125,572.030029296875,1021400,567.33740234375
2024-02-29,574.6500244140625,575,567.5499877929688,570.1799926757812,1794200,565.5025634765625
2024-03-01,564.5599975585938,578.5,563,576.3300170898438,1466000,571.6021118164062
2024-03-04,575.4000244140625,582.5399780273438,571.52001953125,581.6400146484375,1547700,576.8684692382812
2024-03-05,581.1300048828125,586.1500244140625,580,584.6099853515625,1973300,579.8140869140625
2024-03-06,588.3499755859375,598.3499755859375,585.8099975585938,591.5,1886800,586.6475830078125
2024-03-07,595,598.9099731445312,592.5,597.6599731445312,1819500,592.757080078125
2024-03-08,597,603.8200073242188,595.9600219726562,597.6099853515625,1600300,592.7074584960938
2024-03-11,594.1799926757812,599.989990234375,589.6400146484375,599.4299926757812,1380400,594.5126342773438
2024-03-12,598.9000244140625,600.6199951171875,594.6900024414062,597.25,1146300,592.3505249023438
2024-03-13,599.030029296875,599.030029296875,591.0399780273438,593.3200073242188,1035200,588.4526977539062
2024-03-14,590.97998046875,595.0999755859375,581.25,584.9099731445312,1758000,580.4932250976562
2024-03-15,575.1699829101562,584.6500244140625,573.72998046875,584.1500244140625,1920100,579.739013671875
2024-03-18,585.8599853515625,586.8499755859375,578.2999877929688,580.0499877929688,1554400,575.669921875
2024-03-19,581.280029296875,584.25,577.2000122070312,582.719970703125,1053600,578.3196411132812
2024-03-20,581.0499877929688,581.6300048828125,576.2899780273438,580.0499877929688,728700,575.669921875
2024-03-21,580,587.0800170898438,577.5999755859375,584.1300048828125,1230500,579.7191162109375
2024-03-22,586.8200073242188,588.989990234375,579.739990234375,583.0900268554688,1061200,578.68701171875
2024-03-25,583.2100219726562,585.030029296875,571.0900268554688,573.5599975585938,1226800,569.2289428710938
2024-03-26,574.010009765625,574.989990234375,567.8400268554688,568.8200073242188,1784900,564.5247192382812
2024-03-27,572.52001953125,579.77001953125,571.0800170898438,579.3699951171875,1525800,574.9951782226562
2024-03-28,579.2999877929688,582.2899780273438,576.1900024414062,581.2100219726562,1081400,576.8211669921875
2024-04-01,581.0499877929688,581.530029296875,572.8400268554688,577.4500122070312,837600,573.089599609375
2024-04-02,570.75,572.3900146484375,565.780029296875,571.5599975585938,1381300,567.244140625
2024-04-03,571.22998046875,578.25,569.1900024414062,576,1151500,571.6504516601562
2024-04-04,580.4099731445312,582,568.5700073242188,570.6099853515625,1231900,566.3012084960938
2024-04-05,570.219970703125,583.8400268554688,569.0599975585938,579.4600219726562,1181300,575.0845336914062
2024-04-08,579.3499755859375,582.4099731445312,575.7100219726562,578.7999877929688,998900,574.4293823242188
2024-04-09,583.780029296875,589.9299926757812,583.22998046875,589.2000122070312,1026300,584.7508544921875
2024-04-10,577.2899780273438,579.6699829101562,571.8900146484375,573.7100219726562,1282800,569.3779296875
2024-04-11,579.5599975585938,580.3599853515625,571.3599853515625,574.5700073242188,1295500,570.2314453125
2024-04-12,570.9099731445312,573.3900146484375,561.6400146484375,565.22998046875,1201600,560.9619140625
2024-04-15,570.719970703125,570.719970703125,554.510009765625,557.8699951171875,1031700,553.6574096679688
2024-04-16,559.0399780273438,559.0399780273438,552.6799926757812,554.5499877929688,1010300,550.362548828125
2024-04-17,555.8599853515625,556,546.4500122070312,547.25,1610100,543.1175537109375
2024-04-18,534.7999877929688,544.8699951171875,529.6400146484375,541.52001953125,2075800,537.430908203125
2024-04-19,542.9500122070312,546.1400146484375,539.1699829101562,544.780029296875,1738400,540.666259765625
2024-04-22,549.1500244140625,552.8599853515625,543.1500244140625,548.3800048828125,1522800,544.2391967773438
2024-04-23,567.510009765625,576.8900146484375,560,574.5900268554688,2544000,570.2511596679688
2024-04-24,578,586.4600219726562,565.22998046875,577.3900146484375,2034900,573.0301513671875
2024-04-25,577.4000244140625,577.989990234375,569.97998046875,571.72998046875,1184000,567.4127807617188
2024-04-26,567.9400024414062,575,566.9500122070312,573.5999755859375,1438200,569.2686767578125
2024-04-29,575.0900268554688,579.489990234375,571.2999877929688,576.8900146484375,953800,572.5338745117188
2024-04-30,574.7000122070312,576.4600219726562,567.969970703125,568.719970703125,1515100,564.4254760742188
2024-05-01,569.8599853515625,581.9000244140625,568.4000244140625,574.989990234375,1171900,570.648193359375
2024-05-02,579.47998046875,579.7899780273438,565.489990234375,571.25,1357400,566.9364624023438
2024-05-03,579.8400268554688,579.8400268554688,571.6300048828125,572.3800048828125,1749700,568.0578002929688
2024-05-06,575.4099731445312,576.3900146484375,570.3499755859375,573.5499877929688,1140700,569.2189331054688
2024-05-07,571.5,576.5900268554688,565.3400268554688,572.8699951171875,1890700,568.544189453125
2024-05-08,572.7100219726562,575.3499755859375,567.7100219726562,573.6400146484375,1598100,569.3084106445312
2024-05-09,574.22998046875,579.0700073242188,572.5,577.9299926757812,1513300,573.5659790039062
2024-05-10,580.1699829101562,594.030029296875,578.8099975585938,593.030029296875,1328800,588.5518798828125
2024-05-13,591.27001953125,594.530029296875,588.9500122070312,590.7000122070312,944600,586.2395629882812
2024-05-14,591.1599731445312,597.1799926757812,586.6500244140625,594.7999877929688,1040900,590.30859375
2024-05-15,600,602,595.030029296875,599.02001953125,1188700,594.4967651367188
2024-05-16,598.25,600.0900268554688,593.280029296875,597.1500244140625,1409400,592.6408081054688
2024-05-17,596.9500122070312,597.0999755859375,589.3599853515625,595.2999877929688,1398400,590.8048095703125
2024-05-20,593.6300048828125,597.239990234375,592.75,594.010009765625,805700,589.5245361328125
2024-05-21,594,594,585.3200073242188,590.1199951171875,1133200,585.6638793945312
2024-05-22,589.6699829101562,596.6300048828125,587.6199951171875,590.7999877929688,873000,586.3387451171875
2024-05-23,590,592,584.1599731445312,585.030029296875,1185000,580.6123046875
2024-05-24,586,587.9600219726562,581.3499755859375,584.0499877929688,883300,579.6397705078125
2024-05-28,581.6699829101562,581.969970703125,569.1699829101562,572.5700073242188,1435500,568.2463989257812
2024-05-29,570.1099853515625,570.1099853515625,563.6699829101562,567.2999877929688,1324500,563.0161743164062
2024-05-30,551.530029296875,563.969970703125,550.3300170898438,562.760009765625,2431300,558.5105590820312
2024-05-31,564.5900268554688,568.5800170898438,560.4000244140625,567.97998046875,2106700,563.6909790039062
2024-06-03,569.3900146484375,573.6300048828125,563.010009765625,569.5800170898438,943700,565.2789916992188
2024-06-04,570.7899780273438,573.75,565.239990234375,569.6699829101562,995000,565.368408203125
2024-06-05,569.8499755859375,575.5800170898438,566.719970703125,575.280029296875,896100,570.9359741210938
2024-06-06,575.2899780273438,581.6699829101562,571.9400024414062,579.8400268554688,1153800,575.4614868164062
2024-06-07,579.510009765625,585.9500122070312,577.0900268554688,581.0900268554688,1231900,576.7020874023438
2024-06-10,580,582.280029296875,575.8599853515625,581.47998046875,1540500,577.0891723632812
2024-06-11,578.9500122070312,580,573.9099731445312,575.8900146484375,1407700,571.5413818359375
2024-06-12,579.260009765625,581.969970703125,574.5999755859375,575.6900024414062,1397900,571.3428955078125
2024-06-13,573.3599853515625,574.6300048828125,565,572.6300048828125,1304700,568.3060302734375
2024-06-14,572.8599853515625,573.0999755859375,566.739990234375,572.0499877929688,1413700,568.1171875
2024-06-17,566.4500122070312,569.2999877929688,563.75,568,1318400,564.0951538085938
2024-06-18,569.5599975585938,572.0399780273438,564.6199951171875,569.1699829101562,1398100,565.2570190429688
2024-06-20,560.8499755859375,560.8499755859375,551.7100219726562,557.2100219726562,3071500,553.3792724609375
2024-06-21,558.7100219726562,568.5900268554688,558.1099853515625,564.5999755859375,3153300,560.7183837890625
2024-06-24,565.6099853515625,571.510009765625,562.3200073242188,565.9500122070312,1557600,562.0592041015625
2024-06-25,564.8400268554688,568.3400268554688,556.1900024414062,556.52001953125,1942300,552.694091796875
2024-06-26,556.7999877929688,561.3800048828125,554.8400268554688,558.1699829101562,1091400,554.3327026367188
2024-06-27,556.719970703125,558.260009765625,549.22998046875,550.780029296875,1506900,546.9935913085938
2024-06-28,552.9299926757812,558.27001953125,545.6300048828125,553,6150900,549.1982421875
2024-07-01,553.4500122070312,557.5700073242188,539.4000244140625,541.719970703125,1459400,537.995849609375
2024-07-02,539.3099975585938,541.5900268554688,533.4600219726562,533.9299926757812,1316400,530.2592163085938
2024-07-03,533,539.8099975585938,532.4299926757812,535.6099853515625,908300,531.927734375
2024-07-05,538.6500244140625,540.1699829101562,533.8499755859375,540.0999755859375,1233300,536.3869018554688
2024-07-08,541.4500122070312,543.02001953125,535.4299926757812,536.2899780273438,1140100,532.6031494140625
2024-07-09,538.0900268554688,538.3300170898438,528.3699951171875,531.8599853515625,1567500,528.20361328125
2024-07-10,533.25,537,528.8200073242188,536.8699951171875,1976200,533.1791381835938
2024-07-11,539.760009765625,548.6300048828125,537.8699951171875,542.6900024414062,1402400,538.9591064453125
2024-07-12,542.6900024414062,551.6599731445312,540.8599853515625,548.0900268554688,945200,544.3220825195312
2024-07-15,546.5900268554688,549.6799926757812,542.989990234375,544.6799926757812,1326000,540.9354248046875
2024-07-16,549.239990234375,555.780029296875,547.719970703125,555.4199829101562,1122100,551.6015625
2024-07-17,553,559.9600219726562,550.8499755859375,555.0599975585938,1131200,551.244140625
2024-07-18,551.6900024414062,557.1599731445312,537.77001953125,540.6199951171875,1745000,536.9033813476562
2024-07-19,541.1500244140625,542.22998046875,531.47998046875,534.3499755859375,1667300,530.6763305664062
2024-07-22,540.6699829101562,547.1199951171875,535.97998046875,546.4199829101562,1163700,542.6634521484375
2024-07-23,570.969970703125,572.239990234375,550.6699829101562,552.239990234375,2005600,548.4435424804688
2024-07-24,552.9199829101562,575.25,552.6500244140625,574.72998046875,2857300,570.7788696289062
2024-07-25,576.1400146484375,603.8200073242188,572.1300048828125,594.5,3625200,590.4129028320312
2024-07-26,600.8499755859375,614.6500244140625,599.2999877929688,607.1400146484375,2715300,602.966064453125
2024-07-29,604.25,607.8099975585938,595.2000122070312,604.1199951171875,1621900,599.966796875
2024-07-30,609.8099975585938,615.739990234375,602.8499755859375,615.0599975585938,1627100,610.83154296875
2024-07-31,614.22998046875,620.6300048828125,609.2899780273438,613.3400268554688,1702300,609.1234741210938
2024-08-01,616.4000244140625,622.2999877929688,612.8699951171875,621.77001953125,1458200,617.4954833984375
2024-08-02,621.9500122070312,622,605.469970703125,615.6900024414062,1564700,611.457275390625
2024-08-05,607.5399780273438,611.3699951171875,592.8099975585938,598.030029296875,2117100,593.9186401367188
2024-08-06,600.260009765625,612.8800048828125,596.6099853515625,602.02001953125,1316900,597.8812866210938
2024-08-07,600.969970703125,601.780029296875,585.6799926757812,587.3699951171875,1692100,583.3319702148438
2024-08-08,589.739990234375,601.1400146484375,587.5,600.0399780273438,1116700,595.9148559570312
2024-08-09,600,601.3499755859375,593.8800048828125,596.1799926757812,963800,592.0813598632812
2024-08-12,596.260009765625,599.530029296875,591.5900268554688,599.0700073242188,1164000,594.9514770507812
2024-08-13,599.97998046875,605.5700073242188,599.4600219726562,604.2100219726562,1042500,600.0562133789062
2024-08-14,602.0900268554688,603.469970703125,595.7999877929688,602.0999755859375,1128100,597.9606323242188
2024-08-15,605.52001953125,608.6199951171875,599.97998046875,603.6900024414062,1241100,599.539794921875
2024-08-16,601.7899780273438,606.5800170898438,599.5900268554688,603.97998046875,1076200,599.8276977539062
2024-08-19,604.1900024414062,610.8800048828125,603.9500122070312,607.5999755859375,959400,603.4228515625
2024-08-20,609.9199829101562,614.7999877929688,608.3300170898438,614.5399780273438,1075500,610.3151245117188
2024-08-21,615,618.1199951171875,609,610.1699829101562,965600,605.9752197265625
2024-08-22,613.1699829101562,613.7000122070312,602,603.8599853515625,1138400,599.7085571289062
2024-08-23,606.77001953125,607.7000122070312,600.5599975585938,606.1199951171875,777300,601.9530029296875
2024-08-26,606,606.9099731445312,602.25,605.5900268554688,519500,601.4267578125
2024-08-27,605.5999755859375,610.97998046875,602,610.4000244140625,737300,606.2036743164062
2024-08-28,610.25,618,609.2100219726562,613.1400146484375,790500,608.9248657226562
2024-08-29,614.4299926757812,616.5499877929688,609.6599731445312,611.6799926757812,722500,607.4747924804688
2024-08-30,616.1099853515625,618,605,615.0700073242188,1059000,610.8414916992188
2024-09-03,611.469970703125,615.030029296875,603.6500244140625,606.4299926757812,1282200,602.2609252929688
2024-09-04,605.6599731445312,612.6699829101562,604.22998046875,611.9000244140625,1006000,607.693359375
2024-09-05,611.0399780273438,614.1699829101562,601.260009765625,606.8800048828125,1467600,602.707763671875
2024-09-06,607.489990234375,619.7000122070312,607.489990234375,611.3300170898438,1868800,607.1272583007812
2024-09-09,614.510009765625,622.260009765625,614.0999755859375,620.4199829101562,1443300,616.1547241210938
2024-09-10,620.6199951171875,627.8800048828125,618.25,624.2100219726562,1302900,619.9187622070312
2024-09-11,622.0800170898438,623,608.8599853515625,618.4600219726562,1324100,614.208251953125
2024-09-12,615.7100219726562,619.3099975585938,604.1799926757812,614.1599731445312,1397600,609.937744140625
2024-09-13,614.8400268554688,617.0399780273438,607.8099975585938,611.1699829101562,1125100,607.35400390625
2024-09-16,615.5900268554688,616.47998046875,607.260009765625,614.1500244140625,1198100,610.3154907226562
2024-09-17,613.1799926757812,616.5800170898438,607,610.489990234375,1333000,606.6782836914062
2024-09-18,609.1400146484375,614.9199829101562,601.8599853515625,610.1199951171875,1092600,606.310546875
2024-09-19,617.6099853515625,623.75,611.8099975585938,620.25,1474200,616.3773193359375
2024-09-20,619.0399780273438,619.0399780273438,608.2000122070312,613.6900024414062,1983100,609.8582763671875
2024-09-23,615.6400146484375,616.4099731445312,607.7999877929688,610.3499755859375,883200,606.5391235351562
2024-09-24,611.2100219726562,613.9600219726562,607.8200073242188,611.8800048828125,1361100,608.0595703125
2024-09-25,613.8699951171875,613.9099731445312,596,599.780029296875,1282500,596.0350952148438
2024-09-26,604.5599975585938,620.5399780273438,604.5599975585938,619.3300170898438,1312800,615.463134765625
2024-09-27,619.3900146484375,623.77001953125,614.0399780273438,614.4199829101562,871000,610.5836791992188
2024-09-30,612.489990234375,619.02001953125,609.030029296875,618.5700073242188,1041300,614.7078247070312
2024-10-01,620,620,610.5700073242188,612.9400024414062,1169200,609.1129150390625
2024-10-02,610,616.5700073242188,605.3300170898438,612.719970703125,665400,608.8943481445312
2024-10-03,609.8599853515625,611.489990234375,599.3499755859375,600.9199829101562,1258200,597.16796875
2024-10-04,602.6300048828125,603.989990234375,596.530029296875,598.6099853515625,871500,594.8723754882812
2024-10-07,592.3200073242188,599.2899780273438,592.3200073242188,598.8499755859375,1165800,595.1109619140625
2024-10-08,599.0499877929688,602.2999877929688,594.7100219726562,595.4500122070312,883500,591.7322998046875
2024-10-09,594.1099853515625,600.0700073242188,593.1099853515625,599.25,890900,595.5084228515625
2024-10-10,597.1699829101562,597.1699829101562,589.8699951171875,593.7899780273438,1221100,590.0825805664062
2024-10-11,595.6400146484375,602.4099731445312,594.3099975585938,596.9199829101562,2138200,593.1929931640625
2024-10-14,600.7899780273438,604.5399780273438,595.22998046875,603.7899780273438,1006400,600.0201416015625
2024-10-15,605,610.5599975585938,599.3800048828125,600.52001953125,1290600,596.7705078125
2024-10-16,590.27001953125,596.7999877929688,587.27001953125,591.5499877929688,1369300,587.8565673828125
2024-10-17,604.3400268554688,608.3900146484375,596.8699951171875,599.25,1946100,595.5084228515625
2024-10-18,600.030029296875,604.3900146484375,595.5599975585938,601.7100219726562,1081600,597.9531860351562
2024-10-21,597.8900146484375,600.5800170898438,591.8200073242188,595.3699951171875,914600,591.6527099609375
2024-10-22,587.489990234375,591.2000122070312,584.1599731445312,586.3800048828125,1619600,582.7188110351562
2024-10-23,574.5800170898438,578.6900024414062,566.0800170898438,576.489990234375,2058300,572.8905029296875
2024-10-24,572.3599853515625,574.8300170898438,557.260009765625,557.3800048828125,1757500,553.8998413085938
2024-10-25,560.1599731445312,562.219970703125,553.3099975585938,554.3800048828125,1090400,550.9186401367188
2024-10-28,559.25,559.3699951171875,550.4500122070312,552.5399780273438,1116700,549.090087890625
2024-10-29,550.9600219726562,553.6099853515625,547.25,547.77001953125,1638300,544.3499755859375
2024-10-30,547.5,554.739990234375,546.75,550.6199951171875,1452200,547.1820678710938
2024-10-31,548.5599975585938,552.0900268554688,544.489990234375,546.3200073242188,1472400,542.908935546875
2024-11-01,550,564.8699951171875,547.2899780273438,557.9199829101562,1459700,554.4365844726562
2024-11-04,556.6799926757812,559.5599975585938,550.1500244140625,555.469970703125,815100,552.0017700195312
2024-11-05,550.4099731445312,561.780029296875,550.239990234375,560.7899780273438,998400,557.2885131835938
2024-11-06,570.2000122070312,570.2000122070312,549.2000122070312,559.6799926757812,1423100,556.1854858398438
2024-11-07,565,565.8800048828125,554.2000122070312,555.8900146484375,1303800,552.4192504882812
2024-11-08,557.22998046875,558.5499877929688,549,551.739990234375,1620400,548.2951049804688
2024-11-11,549.0800170898438,553.9299926757812,545.0700073242188,546.9199829101562,1565800,543.5051879882812
2024-11-12,549.1599731445312,550.1599731445312,540.0499877929688,540.75,1723800,537.3737182617188
2024-11-13,540,544.7999877929688,538,541.9000244140625,1212200,538.5166015625
2024-11-14,539.9000244140625,542.3800048828125,531.6900024414062,533.02001953125,1764800,529.6919555664062
2024-11-15,529.4000244140625,529.4000244140625,511.70001220703125,513.0800170898438,3953000,509.87652587890625
2024-11-18,511,512.77001953125,498.6099853515625,501.2900085449219,3162200,498.1601257324219
2024-11-19,496.19000244140625,511.29998779296875,493.29998779296875,509.1199951171875,3658700,505.94122314453125
2024-11-20,507.0799865722656,513.8499755859375,502.7300109863281,512.8400268554688,1533900,509.63800048828125
2024-11-21,514.1199951171875,516.219970703125,507.4599914550781,516.0999755859375,1956800,512.8776245117188
2024-11-22,514.6199951171875,517,507.1700134277344,513.260009765625,1833500,510.05535888671875
2024-11-25,512.2999877929688,516.3400268554688,509.3599853515625,514.2000122070312,3063500,510.989501953125
2024-11-26,514.2000122070312,514.2000122070312,507.2699890136719,512.97998046875,1748500,509.7770690917969
2024-11-27,515.4099731445312,528.8599853515625,514.97998046875,521.6599731445312,2914100,518.4028930664062
2024-11-29,523.1300048828125,533.1699829101562,523,529.6300048828125,2108300,526.3231201171875
2024-12-02,528.7000122070312,534.8400268554688,526.5999755859375,529.9500122070312,2558600,526.6411743164062
2024-12-03,530.25,535.97998046875,527.9400024414062,534.4199829101562,2665200,531.0831298828125
2024-12-04,532.5499877929688,536.530029296875,524.8400268554688,528.8699951171875,2579700,525.5678100585938
2024-12-05,527.2100219726562,527.4099731445312,517.6799926757812,520.8599853515625,2665300,517.60791015625
2024-12-06,523,531.3200073242188,522,529.3599853515625,1869700,526.0548095703125
2024-12-09,529.6900024414062,538.0900268554688,526.6400146484375,537.22998046875,2106600,533.8756103515625
2024-12-10,539.530029296875,542.4000244140625,534.530029296875,535.8499755859375,1938000,532.5042724609375
2024-12-11,535,540.030029296875,533.6400146484375,534.3599853515625,1389200,531.0235595703125
2024-12-12,531.3300170898438,531.8900146484375,524.0499877929688,525,2539200,521.7219848632812
2024-12-13,523.6500244140625,528.0900268554688,517.1500244140625,526.8900146484375,1553500,523.989501953125
2024-12-16,527.3400268554688,534.72998046875,526.719970703125,530.260009765625,2595600,527.3408813476562
2024-12-17,526.010009765625,535.9400024414062,526.010009765625,528.8400268554688,2544800,525.9288330078125
2024-12-18,528,533.3400268554688,515.9000244140625,516.1799926757812,1774300,513.3385009765625
2024-12-19,518.719970703125,522.4299926757812,508.8599853515625,516.6900024414062,2235600,513.8456420898438
2024-12-20,516.6900024414062,526.4299926757812,515,524.0499877929688,2758900,521.1651000976562
2024-12-23,520.1799926757812,526.239990234375,519.5900268554688,525.2899780273438,1558100,522.3982543945312
2024-12-24,523.25,528.97998046875,522.2999877929688,528.97998046875,488700,526.0679931640625
2024-12-26,524.5999755859375,527.3300170898438,523.7000122070312,527.1799926757812,777700,524.2779541015625
2024-12-27,524,528.280029296875,523,526.0700073242188,943200,523.1740112304688
2024-12-30,522.6900024414062,522.9299926757812,515.77001953125,518.8400268554688,1035500,515.9838256835938
2024-12-31,520.3200073242188,524.739990234375,517.1599731445312,520.22998046875,1262900,517.3662109375
2025-01-02,519.1699829101562,526.0999755859375,518.0900268554688,522.5700073242188,1816800,519.6932373046875
2025-01-03,524.3200073242188,536.7899780273438,522.739990234375,532.02001953125,1515200,529.0913696289062
2025-01-06,529.8900146484375,545.3200073242188,528.510009765625,537.1900024414062,1981800,534.2327880859375
2025-01-07,539.52001953125,551.3900146484375,538.280029296875,545.6500244140625,1839300,542.646240234375
2025-01-08,544.3800048828125,547.780029296875,538.25,544.9299926757812,1837800,541.9302368164062
2025-01-10,541.760009765625,557.1599731445312,541.3099975585938,542.3099975585938,2919900,539.3245849609375
2025-01-13,544.1799926757812,562.3200073242188,541.6699829101562,555.52001953125,2269900,552.4619750976562
2025-01-14,557.5,561.4000244140625,551.3800048828125,556.989990234375,2207400,553.923828125
2025-01-15,557.8800048828125,563.8099975585938,544.0599975585938,551.469970703125,3251300,548.4341430664062
2025-01-16,551.1199951171875,561.8099975585938,546.4199829101562,561.7100219726562,1835500,558.6177978515625
2025-01-17,562.4600219726562,565,559.1099853515625,559.6500244140625,2140100,556.5691528320312
2025-01-21,564.0999755859375,576.3699951171875,562.5599975585938,573.0599975585938,2311500,569.9052734375
2025-01-22,570.6799926757812,579.5700073242188,570,574.5900268554688,1702500,571.4268798828125
2025-01-23,575.9500122070312,576.6599731445312,562.6500244140625,574.8499755859375,1246300,571.6854858398438
2025-01-24,573.3900146484375,577.5700073242188,571.7999877929688,574.8200073242188,1156500,571.6555786132812
2025-01-27,579.6599731445312,584.0900268554688,573.1300048828125,583.6400146484375,1727800,580.4270629882812
2025-01-28,595.9000244140625,597,579.010009765625,584.2899780273438,2156800,581.0734252929688
2025-01-29,574.9500122070312,577.030029296875,566.7000122070312,568.22998046875,2884300,565.1019287109375
2025-01-30,590.5999755859375,610.969970703125,590,606.739990234375,3349700,603.39990234375
2025-01-31,599.8699951171875,605.0499877929688,597,597.75,2165700,594.4594116210938
2025-02-03,593.1300048828125,600.4099731445312,589.3599853515625,593.75,2135600,590.4813842773438
2025-02-04,585.5900268554688,591.8599853515625,576.8499755859375,580.5700073242188,2097400,577.3739624023438
2025-02-05,589.6199951171875,590.0900268554688,577.9000244140625,582.3800048828125,1348800,579.174072265625
2025-02-06,581.9400024414062,584.0700073242188,568.3699951171875,572.7100219726562,2034100,569.5573120117188
2025-02-07,574.780029296875,577.47998046875,566.4500122070312,571.469970703125,1826900,568.3240356445312
2025-02-10,560.0999755859375,563.3599853515625,544.010009765625,552.8599853515625,2972000,549.8165893554688
2025-02-11,550.489990234375,553.9400024414062,541.97998046875,545.22998046875,2234300,542.2284545898438
2025-02-12,539.0900268554688,541.97998046875,532.2000122070312,538,2062200,535.0383911132812
2025-02-13,540,540.1799926757812,531.2100219726562,532.6400146484375,1915400,529.707763671875
2025-02-14,535.0999755859375,537.4600219726562,531.3099975585938,531.8499755859375,1517100,528.9221801757812
2025-02-18,531.6599731445312,533.0499877929688,521.0499877929688,523.0900268554688,2969600,520.21044921875
2025-02-19,521.219970703125,532.5999755859375,520,530.8599853515625,1965200,527.9376220703125
2025-02-20,533.780029296875,543.3800048828125,533.5900268554688,537.8300170898438,1967800,534.8692626953125
2025-02-21,538.3599853515625,542.6199951171875,532,532.5499877929688,1613900,529.6183471679688
2025-02-24,531.8099975585938,543.6199951171875,531.8099975585938,535.5499877929688,1375400,532.601806640625
2025-02-25,534.7899780273438,541.25,532.3099975585938,539.5499877929688,1888700,536.5797729492188
2025-02-26,541.72998046875,543.8499755859375,530.9500122070312,533.2899780273438,1330500,530.354248046875
2025-02-27,530.0999755859375,533.02001953125,519.1300048828125,523.22998046875,1539000,520.349609375
2025-02-28,528.260009765625,530.0499877929688,520.5800170898438,528.9600219726562,2229300,526.048095703125
2025-03-03,530.9199829101562,532.47998046875,519.6300048828125,523.6400146484375,2330300,520.7573852539062
2025-03-04,523.02001953125,524.8499755859375,512.4600219726562,516.5700073242188,2720100,513.7262573242188
2025-03-05,512.8800048828125,524.9099731445312,512.1599731445312,524.1900024414062,1685200,521.3043823242188
2025-03-06,523.4400024414062,534.010009765625,521.3400268554688,527.6400146484375,1852900,524.7352905273438
2025-03-07,524.719970703125,532.97998046875,519.2999877929688,531.7100219726562,1799000,528.7830200195312
2025-03-10,526.280029296875,536.2100219726562,525.3499755859375,526.7999877929688,2174000,523.9000244140625
2025-03-11,525.1799926757812,526.760009765625,509.4100036621094,514.2000122070312,1864100,511.369384765625
2025-03-12,516.6900024414062,520.6900024414062,511.80999755859375,512.6500244140625,1412300,509.827880859375
2025-03-13,512,516.47998046875,508.3500061035156,508.8999938964844,1574500,506.0985107421875
2025-03-14,510,523.9000244140625,508.7099914550781,522.0499877929688,1745600,519.6151733398438
2025-03-17,522.72998046875,525.719970703125,514.6699829101562,519.5700073242188,1670400,517.1467895507812
2025-03-18,518.6500244140625,522.1400146484375,513.1400146484375,521.5,1232000,519.0678100585938
2025-03-19,520.4500122070312,522.5,513.4199829101562,518.4099731445312,1603200,515.9921264648438
2025-03-20,518.5,520.6400146484375,513.0599975585938,518.6400146484375,1537100,516.2210693359375
2025-03-21,516.260009765625,518.6099853515625,510,517.719970703125,2192300,515.3053588867188
2025-03-24,520.7899780273438,526.7999877929688,517.1300048828125,519.9000244140625,1100000,517.4752197265625
2025-03-25,521.47998046875,523.239990234375,510.9200134277344,514.3400268554688,1170700,511.9411315917969
2025-03-26,514.3499755859375,518,511.3500061035156,513.6699829101562,1216100,511.27423095703125
2025-03-27,513.989990234375,515.3300170898438,508.05999755859375,511.67999267578125,1249700,509.2935485839844
2025-03-28,512.6099853515625,513.3699951171875,499.3999938964844,500.1600036621094,1787700,497.8272705078125
2025-03-31,496.5,500.6199951171875,484.2699890136719,497.6000061035156,2915800,495.27923583984375
2025-04-01,495.55999755859375,496.510009765625,481.2099914550781,482.9700012207031,1837600,480.71746826171875
2025-04-02,480.5,491.3599853515625,479.6000061035156,489.05999755859375,2068700,486.779052734375
2025-04-03,481.8900146484375,485.9100036621094,468.1700134277344,470.0299987792969,2813600,467.83782958984375
2025-04-04,461.489990234375,464.1099853515625,437.2200012207031,437.9100036621094,3894200,435.8675842285156
2025-04-07,417.7699890136719,453.3399963378906,411.2099914550781,437.8699951171875,4076300,435.82781982421875
2025-04-08,451.1600036621094,454.1300048828125,413.3299865722656,419.30999755859375,3929200,417.3543395996094
2025-04-09,414.6300048828125,455.0299987792969,409.8500061035156,453.54998779296875,4597700,451.4346618652344
2025-04-10,446.3999938964844,448.6000061035156,415.30999755859375,427.44000244140625,3902400,425.4464111328125
2025-04-11,429.989990234375,440.7300109863281,420,438.1499938964844,2657400,436.1064758300781
2025-04-14,448,450.8399963378906,442,449.3299865722656,2370500,447.2343444824219
2025-04-15,447.5899963378906,450.2699890136719,438.4100036621094,441,2545900,438.9432067871094
2025-04-16,441.3299865722656,445.94000244140625,435.3599853515625,436.7900085449219,1823500,434.75286865234375
2025-04-17,434.5400085449219,436.0199890136719,425.04998779296875,427.5,3038300,425.5061340332031
2025-04-21,425.5,426.5,416.6199951171875,421.8500061035156,2314800,419.8825378417969
2025-04-22,429.79998779296875,437.010009765625,426.510009765625,434.7300109863281,3677800,432.7024230957031
2025-04-23,456.54998779296875,461.6099853515625,429.4200134277344,431.6400146484375,3492200,429.62689208984375
2025-04-24,430,432.4599914550781,417.7900085449219,426.6600036621094,3662400,424.6700744628906
2025-04-25,426.1199951171875,426.7200012207031,416.82000732421875,424.239990234375,2698300,422.2613830566406
2025-04-28,429.92999267578125,432.8500061035156,416.8399963378906,421.3399963378906,2531600,419.3748779296875
2025-04-29,421.82000732421875,430.3399963378906,418.80999755859375,427.5299987792969,2437300,425.5360107421875
2025-04-30,427.6499938964844,429.30999755859375,422.989990234375,429,2944300,426.99920654296875
2025-05-01,425.8599853515625,428.8699951171875,415.3800048828125,419.8900146484375,2771900,417.9316711425781
2025-05-02,428.4700012207031,431.44000244140625,422.4200134277344,423.54998779296875,2492400,421.5745849609375
2025-05-05,422.3999938964844,424.9800109863281,417.8599853515625,422.2699890136719,2637200,420.300537109375
2025-05-06,419.45001220703125,423.55999755859375,406.5,407.0199890136719,4070200,405.12164306640625
2025-05-07,409.3900146484375,413.3500061035156,404.57000732421875,407.8500061035156,2959400,405.94781494140625
2025-05-08,407.07000732421875,415.75,402.80999755859375,410.7799987792969,3013600,408.8641357421875
2025-05-09,410.6000061035156,412.489990234375,401.75,403.1300048828125,2318700,401.24981689453125
2025-05-12,411.1400146484375,432.7300109863281,409.70001220703125,432.5899963378906,3716400,430.5723876953125
2025-05-13,431.17999267578125,434.9800109863281,427.29998779296875,428.95001220703125,2726900,426.94940185546875
2025-05-14,429.9599914550781,430.54998779296875,405.7799987792969,406.04998779296875,3201100,404.1562194824219
2025-05-15,403.42999267578125,407.0400085449219,390.5,404.92999267578125,4129600,403.04144287109375
2025-05-16,405,412.6300048828125,401.6700134277344,412.05999755859375,2498200,410.13818359375
2025-05-19,408.2300109863281,414.07000732421875,407.260009765625,413.9200134277344,1665000,411.989501953125
2025-05-20,412.6499938964844,415.3999938964844,409.8900146484375,413.75,2142000,411.8203125
2025-05-21,409.32000732421875,412.6600036621094,397.3599853515625,398.2799987792969,2965800,396.42242431640625
2025-05-22,394.6499938964844,401.739990234375,393.80999755859375,400.4800109863281,2891400,398.6122131347656
2025-05-23,393.7799987792969,396.3399963378906,390.6600036621094,393.6600036621094,2318100,391.823974609375
2025-05-27,401.94000244140625,407.75,400.5,403.54998779296875,2705700,401.6678771972656
2025-05-28,403.8399963378906,406.1600036621094,400.3900146484375,402.1300048828125,1931400,400.2544860839844
2025-05-29,403.04998779296875,407.3699951171875,401.4200134277344,403.75,2499300,401.8669128417969
2025-05-30,401.7099914550781,405.44000244140625,397.32000732421875,402.82000732421875,2521300,400.9412536621094
2025-06-02,400.1400146484375,400.510009765625,392.69000244140625,396.4700012207031,2584000,394.6208801269531
2025-06-03,395.07000732421875,402.3999938964844,391.2799987792969,399.92999267578125,3204100,398.0647277832031
2025-06-04,402.5199890136719,408.4800109863281,402.19000244140625,403.6600036621094,2280700,401.77734375
2025-06-05,404.7300109863281,405.239990234375,396.75,398.3599853515625,2504000,396.5020446777344
2025-06-06,400.55999755859375,406.6000061035156,400.55999755859375,401.8999938964844,2630000,400.02557373046875
2025-06-09,405.17999267578125,412.6099853515625,401.5199890136719,408.5299987792969,2164000,406.6246643066406
2025-06-10,411.4100036621094,419.9700012207031,406.7300109863281,414.5400085449219,2573800,412.60662841796875
2025-06-11,415.8399963378906,424.510009765625,413.2799987792969,415.1499938964844,3062700,413.2137451171875
2025-06-12,413.9800109863281,416.80999755859375,409.9100036621094,415.3299865722656,2067600,413.3929138183594
2025-06-13,410.3699951171875,413.3299865722656,401.57000732421875,402.760009765625,2385800,401.29705810546875
2025-06-16,406.8800048828125,406.8800048828125,397.20001220703125,405.0799865722656,1973200,403.60858154296875
2025-06-17,400,403.55999755859375,389.8599853515625,390.260009765625,3040400,388.8424072265625
2025-06-18,390.260009765625,395.7799987792969,385.4599914550781,392.55999755859375,2884300,391.13409423828125
2025-06-20,392.8900146484375,397.8999938964844,390.5,397.8800048828125,3812600,396.43475341796875
2025-06-23,395.1300048828125,400.6000061035156,393,400.2099914550781,2486100,398.75628662109375
2025-06-24,401.79998779296875,406.1600036621094,399.17999267578125,404.3699951171875,2083000,402.90118408203125
2025-06-25,402.2200012207031,415,398.0799865722656,410.6499938964844,3100800,409.1583557128906
2025-06-26,409.5400085449219,415.30999755859375,409.2799987792969,412.1199951171875,2927700,410.6230163574219
2025-06-27,412.3999938964844,414.3999938964844,406.95001220703125,408.2799987792969,3923100,406.7969970703125
2025-06-30,407.8399963378906,413.2799987792969,401.45001220703125,405.4599914550781,3919100,403.9872131347656
2025-07-01,406.2900085449219,429.1000061035156,404.8500061035156,421.4700012207031,2603000,419.9390563964844
2025-07-02,425,430.4599914550781,421.75,427.760009765625,2669300,426.20623779296875
2025-07-03,428.6199951171875,432.8999938964844,426.0799865722656,429.3299865722656,1359300,427.7704772949219
2025-07-07,426.55999755859375,429.32000732421875,415.4200134277344,418.70001220703125,2497200,417.17913818359375
2025-07-08,418.5799865722656,433.1400146484375,418.5799865722656,426.1700134277344,2620900,424.62200927734375
2025-07-09,422.20001220703125,429.3900146484375,411.8800048828125,419.8800048828125,2735100,418.3548583984375
2025-07-10,420.8299865722656,438.489990234375,418.32000732421875,430.7300109863281,2932800,429.1654357910156
2025-07-11,430.25,436.32000732421875,425.6499938964844,434.8599853515625,2511400,433.2803955078125
2025-07-14,429,430.5,422.0400085449219,425.3399963378906,2819300,423.7950134277344
2025-07-15,428.44000244140625,429,417.20001220703125,417.989990234375,2090500,416.4717102050781
2025-07-16,418.30999755859375,420.54998779296875,413.7799987792969,416.30999755859375,2762300,414.7978210449219
2025-07-17,415,427,413.2900085449219,424.9800109863281,2494600,423.4363708496094
2025-07-18,425.9200134277344,427.9100036621094,411.4100036621094,414.75,2652500,413.2434387207031
2025-07-21,414.94000244140625,415,403.3599853515625,404.94000244140625,2733800,403.4691162109375
2025-07-22,406.30999755859375,428.989990234375,405.1499938964844,427.6199951171875,3674200,426.06671142578125
2025-07-23,473.260009765625,487.92999267578125,465.54998779296875,466.7099914550781,8928300,465.0147399902344
2025-07-24,466.6700134277344,484.6000061035156,465.0400085449219,475.0299987792969,6234000,473.30450439453125
2025-07-25,479.9800109863281,483.6000061035156,474.4100036621094,478.32000732421875,4205500,476.5825500488281
2025-07-28,475.44000244140625,487.1099853515625,474.8699951171875,484.9599914550781,3412200,483.1984558105469
2025-07-29,482.239990234375,488.5199890136719,480.4100036621094,482.1600036621094,3164200,480.40863037109375
2025-07-30,483.9800109863281,484.8800048828125,473.6499938964844,477.2799987792969,2583500,475.5463562011719
2025-07-31,470.7799987792969,483.8699951171875,466.739990234375,467.67999267578125,3413900,465.981201171875
2025-08-01,461.0299987792969,464.1000061035156,451.45001220703125,463.0400085449219,2756900,461.3580627441406
2025-08-04,460.1000061035156,467.7699890136719,456.5400085449219,466.57000732421875,2092800,464.8752746582031
2025-08-05,466.9800109863281,469.8699951171875,464.8399963378906,466.4200134277344,1992300,464.72576904296875
2025-08-06,465.2300109863281,466.5,446.2799987792969,448.94000244140625,2539300,447.3092956542969
2025-08-07,454.8599853515625,457.0899963378906,451.1700134277344,454.739990234375,1490100,453.08819580078125
2025-08-08,453.489990234375,461.7200012207031,451.44000244140625,460.7200012207031,1689900,459.0465087890625
2025-08-11,461.7900085449219,467.70001220703125,459.3299865722656,462.3900146484375,1706700,460.7104187011719
2025-08-12,460.9100036621094,478.19000244140625,460.9100036621094,477.4100036621094,2104200,475.6758728027344
2025-08-13,480.44000244140625,486.9800109863281,478.7200012207031,484.7900085449219,2054800,483.0290832519531
2025-08-14,480.739990234375,485.8999938964844,479.239990234375,485.0400085449219,1955200,483.27813720703125
2025-08-15,486.7300109863281,491.54998779296875,486,489.010009765625,2462500,487.2337341308594
2025-08-18,490.1300048828125,493.239990234375,487.1400146484375,487.5400085449219,2211100,485.76904296875
2025-08-19,490.9200134277344,500.92999267578125,489.8900146484375,498.2900085449219,2578500,496.48004150390625
2025-08-20,498.7699890136719,500.3699951171875,492.760009765625,494.80999755859375,2351500,493.01263427734375
2025-08-21,492.44000244140625,494.7799987792969,482.80999755859375,483.760009765625,1360600,482.0028076171875
2025-08-22,487.5299987792969,502.3900146484375,486.8900146484375,499.989990234375,1778400,498.1738586425781
2025-08-25,499.25,499.5799865722656,489.17999267578125,490.75,1044300,488.9674072265625
2025-08-26,490.0899963378906,491.5199890136719,486.7300109863281,488.4800109863281,1341600,486.7056884765625
2025-08-27,486.6300048828125,490.9800109863281,482.9800109863281,488.1199951171875,1294800,486.3469543457031
2025-08-28,487.6499938964844,491.1400146484375,483.3900146484375,489.739990234375,1407700,487.9610595703125
2025-08-29,489.94000244140625,494.2799987792969,485.9200134277344,492.7200012207031,1228200,490.9302673339844
2025-09-02,489.30999755859375,492.70001220703125,479.0299987792969,487.5299987792969,1303800,485.75909423828125
2025-09-03,487.0299987792969,489.5400085449219,481.5299987792969,484.54998779296875,1219100,482.7899169921875
2025-09-04,482.0799865722656,490.260009765625,471.6099853515625,489.489990234375,1404200,487.71197509765625
2025-09-05,490,502,489.1199951171875,492.6000061035156,1442600,490.81072998046875
2025-09-08,487.7699890136719,490.07000732421875,480.95001220703125,487.6499938964844,2223700,485.8786926269531
2025-09-09,486.4800109863281,489.989990234375,481.5199890136719,482.4100036621094,1505900,480.6576843261719
2025-09-10,481.1199951171875,485.82000732421875,475.6400146484375,476.5400085449219,1442700,474.80902099609375
2025-09-11,480.5799865722656,492,480.3599853515625,491.4100036621094,1509800,489.6250305175781
2025-09-12,488.6099853515625,491.260009765625,479.4599914550781,479.4599914550781,1543200,477.7184143066406
2025-09-15,478.7799987792969,482.94000244140625,470.739990234375,474.4599914550781,1663500,473.1609191894531
2025-09-16,470.2699890136719,484.5899963378906,470.04998779296875,480.739990234375,1799800,479.4237365722656
2025-09-17,482.9599914550781,486.57000732421875,469.1400146484375,472.6400146484375,1947500,471.345947265625
2025-09-18,477.1499938964844,482.260009765625,473.0299987792969,481.1000061035156,1576400,479.78277587890625
2025-09-19,483.2900085449219,487.989990234375,478.0199890136719,479.5799865722656,4244100,478.26690673828125
2025-09-22,475.4800109863281,481.739990234375,470.739990234375,474.989990234375,2352200,473.6894836425781
2025-09-23,471.1199951171875,475.57000732421875,467.2799987792969,469.75,3244900,468.4638366699219
2025-09-24,467.8999938964844,471.3299865722656,462.92999267578125,468,2409600,466.7186279296875
2025-09-25,467.010009765625,468.760009765625,457.4100036621094,459.2200012207031,3229300,457.9626770019531
2025-09-26,461.05999755859375,465.739990234375,460.30999755859375,464.239990234375,1886400,462.96893310546875
2025-09-29,466.8399963378906,467.3500061035156,456.6700134277344,462.0400085449219,3018300,460.77496337890625
2025-09-30,464.1199951171875,486.25,460,485.0199890136719,4363900,483.6920166015625
2025-10-01,487,534.9000244140625,486.94000244140625,530.72998046875,6092700,529.2767944335938
2025-10-02,525.7100219726562,539.9000244140625,523,524.9600219726562,3262000,523.522705078125
2025-10-03,525.3599853515625,545.4400024414062,525.3599853515625,543.3200073242188,3048500,541.8323974609375
2025-10-06,540,545.8599853515625,536.4600219726562,543.9500122070312,2560100,542.4607543945312
2025-10-07,542.6799926757812,549.4400024414062,538.3400268554688,539.1699829101562,1870800,537.6937866210938
2025-10-08,538.1300048828125,549.260009765625,535.6300048828125,536.1900024414062,2153200,534.721923828125
2025-10-09,533.739990234375,537.5700073242188,528.8400268554688,534.6799926757812,1830700,533.2161254882812
2025-10-10,534.8300170898438,537.9299926757812,523.6500244140625,524.7999877929688,1415800,523.363037109375
2025-10-13,527.530029296875,530.8300170898438,523.8900146484375,524.5800170898438,1686600,523.1437377929688
2025-10-14,521.739990234375,529.8499755859375,519.4500122070312,525.8300170898438,1601000,524.390380859375
2025-10-15,524.9099731445312,532.4099731445312,522.4199829101562,527.8699951171875,1430400,526.4247436523438
2025-10-16,544.3599853515625,544.5999755859375,534.1599731445312,536.780029296875,2115900,535.3103637695312
2025-10-17,534.1599731445312,540.8699951171875,532,538.9199829101562,2010200,537.4444580078125
2025-10-20,541,550.4600219726562,540,543.8400268554688,1665200,542.3510131835938
2025-10-21,559.0800170898438,568.3900146484375,553.739990234375,557.989990234375,3932400,556.4622802734375
2025-10-22,555.5,571.2899780273438,550.8800048828125,567.2000122070312,3461200,565.6470336914062
2025-10-23,567.9000244140625,578.239990234375,562.3800048828125,571.9099731445312,1979300,570.3441162109375
2025-10-24,574.1500244140625,575.8200073242188,569.7899780273438,572.5,1655700,570.9324951171875
2025-10-27,572.0900268554688,572.6699829101562,561.0399780273438,563.780029296875,1563600,562.2364501953125
2025-10-28,564.1300048828125,565.6500244140625,555.5700073242188,557.6300048828125,992700,556.1032104492188
2025-10-29,558.3099975585938,571.5700073242188,555.0599975585938,558.3099975585938,1953600,556.7813720703125
2025-10-30,551.5999755859375,565.6300048828125,551.5999755859375,556.219970703125,1315100,554.6970825195312
2025-10-31,551.9199829101562,569.9199829101562,551.8699951171875,567.3900146484375,1872200,565.8365478515625
2025-11-03,563.6599731445312,565.7000122070312,554.2000122070312,564.8800048828125,1835000,563.3333740234375
2025-11-04,558.4099731445312,569.2999877929688,557,565.239990234375,1636000,563.6923828125
2025-11-05,560.3499755859375,570.1599731445312,554.2000122070312,567.6400146484375,1682900,566.0858764648438
2025-11-06,562.8699951171875,570.8599853515625,559.3499755859375,565.97998046875,1277800,564.4302978515625
2025-11-07,566.8699951171875,577.3499755859375,563.2999877929688,572.4099731445312,2264000,570.8427124023438
2025-11-10,572.3699951171875,583.6599731445312,568.3599853515625,576.3499755859375,1380300,574.77197265625
2025-11-11,575.9500122070312,587.5900268554688,574.8200073242188,586.489990234375,1377700,584.8842163085938
2025-11-12,584.2899780273438,591.1699829101562,582,588.02001953125,1504200,586.4100341796875
2025-11-13,586.0999755859375,598.52001953125,578.25,580.1300048828125,2745400,578.5416259765625
2025-11-14,578.1900024414062,584.3300170898438,573,578.7100219726562,1318000,577.1255493164062
2025-11-17,575.6500244140625,579.7899780273438,566.5900268554688,567.1599731445312,1624400,565.6071166992188
2025-11-18,562.8499755859375,578.219970703125,556.4600219726562,576.030029296875,1916000,574.452880859375
2025-11-19,574.6199951171875,574.6199951171875,567.2100219726562,573.7899780273438,1247900,572.2189331054688
2025-11-20,573.3499755859375,580.4500122070312,568.4600219726562,572.739990234375,1167800,571.1718139648438
2025-11-21,573,589.8499755859375,569.5499877929688,587.47998046875,1933500,585.8715209960938
2025-11-24,586.4500122070312,587.9199829101562,579.0999755859375,586.0700073242188,1803100,584.4653930664062
2025-11-25,582.2000122070312,602.3200073242188,581.7999877929688,597.780029296875,1803400,596.143310546875
2025-11-26,593.4299926757812,596.5499877929688,587.1900024414062,593.25,2059900,591.6256713867188
2025-11-28,589.1900024414062,594,587.9500122070312,590.8300170898438,746000,589.21240234375
2025-12-01,594.8499755859375,597.6799926757812,582.75,585.1500244140625,1754200,583.5478515625
2025-12-02,581.9400024414062,584.4500122070312,577.9600219726562,580.3699951171875,1918100,578.7809448242188
2025-12-03,581.2899780273438,588.1099853515625,580.010009765625,580.4500122070312,1186600,578.8607177734375
2025-12-04,579.030029296875,580.4500122070312,560.1599731445312,575.239990234375,1961600,573.6649780273438
2025-12-05,578,579.0900268554688,569.6199951171875,572.77001953125,1873700,571.2018432617188
2025-12-08,570.7999877929688,574.5399780273438,566.010009765625,568.2100219726562,1412100,566.6542358398438
2025-12-09,574,575.25,561.9099731445312,563.0700073242188,1416000,561.5283203125
2025-12-10,563,574.4600219726562,563,573.8099975585938,1275600,572.2389526367188
2025-12-11,576.6199951171875,579.0800170898438,570.8400268554688,578.9000244140625,1226400,577.31494140625
2025-12-12,577.8499755859375,579.0599975585938,570.1900024414062,572.280029296875,1576500,570.7131958007812
2025-12-15,574.22998046875,576.3400268554688,565.6699829101562,575.9099731445312,1702200,574.7650146484375
2025-12-16,570.8400268554688,574.8599853515625,561,570.1599731445312,2015300,569.0264282226562
2025-12-17,567.5399780273438,572.989990234375,561.489990234375,562.5599975585938,2301800,561.4415893554688
2025-12-18,562.4500122070312,569.4099731445312,554.530029296875,562.3900146484375,2287300,561.27197265625
2025-12-19,561.6799926757812,569.8699951171875,558.9299926757812,567.8300170898438,3862600,566.701171875
2025-12-22,568.8300170898438,576.1500244140625,565.75,575.7000122070312,1108400,574.5554809570312
2025-12-23,575.3900146484375,580.5599975585938,573.7000122070312,579.9400024414062,732000,578.7870483398438
2025-12-24,578.6199951171875,579.8099975585938,576.3300170898438,579.1199951171875,401000,577.9686889648438
2025-12-26,578.7999877929688,581.1699829101562,576.8599853515625,580.739990234375,466100,579.58544921875
2025-12-29,580.1199951171875,585.2999877929688,580.1199951171875,585.0700073242188,1042800,583.9068603515625
2025-12-30,582.25,584.4500122070312,579.8400268554688,583.4500122070312,665000,582.2901000976562
2025-12-31,583.7100219726562,585.6099853515625,579,579.4500122070312,739300,578.2980346679688
2026-01-02,579.5,593.7100219726562,577,592.510009765625,2052300,591.33203125
2026-01-05,593.77001953125,611.4500122070312,592.510009765625,611.2000122070312,2488100,609.9849243164062
2026-01-06,606.0599975585938,628.0800170898438,606.0599975585938,620.719970703125,2554800,619.4859619140625
2026-01-07,618.7000122070312,626.77001953125,614.719970703125,617.1500244140625,2404300,615.923095703125
2026-01-08,612.8599853515625,623.3599853515625,603.989990234375,606.5,3147700,605.2942504882812
2026-01-09,608.6099853515625,622.4000244140625,604.5499877929688,618.8599853515625,2286500,617.629638671875
2026-01-12,620.97998046875,624.7899780273438,606.6099853515625,615.4500122070312,3184800,614.2264404296875
2026-01-13,613.3200073242188,620.219970703125,594.2999877929688,607.0800170898438,2847700,605.873046875
2026-01-14,608.6300048828125,622.719970703125,607.0999755859375,621.8300170898438,2460400,620.5938110351562
2026-01-15,619.969970703125,629.8699951171875,618.6099853515625,624.6500244140625,2541500,623.4081420898438
2026-01-16,624.0900268554688,629.72998046875,618.7100219726562,618.719970703125,2881000,617.4899291992188
2026-01-20,609.5,620.8499755859375,606,619.010009765625,3108800,617.7793579101562
2026-01-21,622.2899780273438,637.97998046875,620.27001953125,636.2999877929688,3182400,635.0349731445312
2026-01-22,637.3900146484375,643.989990234375,634.8099975585938,639.4500122070312,2621700,638.1787719726562
2026-01-23,637.6799926757812,639.2000122070312,622.6799926757812,625.97998046875,2847400,624.7355346679688
2026-01-26,625.3400268554688,633.6500244140625,623.22998046875,626.6199951171875,1758300,625.3742065429688
2026-01-27,621.6199951171875,629.3200073242188,618,623.9099731445312,1638200,622.6695556640625
2026-01-28,618.6400146484375,620.5999755859375,606.3200073242188,608.02001953125,2338100,606.8112182617188
2026-01-29,585.7999877929688,596.3499755859375,572.2100219726562,592.1599731445312,3950400,590.9827270507812
2026-01-30,581.72998046875,585.9500122070312,574.22998046875,578.6099853515625,3760700,577.4596557617188
2026-02-02,575.9000244140625,584.0999755859375,573.3099975585938,581.77001953125,1778800,580.6134033203125
2026-02-03,580,588.8499755859375,566.4099731445312,570.0900268554688,2249800,568.9566650390625
2026-02-04,571.510009765625,576.280029296875,562.9199829101562,565.219970703125,2740600,564.0962524414062
2026-02-05,563.72998046875,566.8300170898438,541.3400268554688,542.3599853515625,3224900,541.28173828125
2026-02-06,543.239990234375,546.260009765625,537.0499877929688,542.8300170898438,2959400,541.7507934570312
2026-02-09,541.2000122070312,548.7999877929688,537.010009765625,546.760009765625,2107600,545.6730346679688
2026-02-10,549.4099731445312,550.9500122070312,537.5499877929688,539.7999877929688,2022100,538.726806640625
2026-02-11,537.760009765625,539.3900146484375,522.3499755859375,527.1699829101562,3367600,526.1219482421875
2026-02-12,526.8099975585938,527,493.6400146484375,509.82000732421875,4742000,508.80645751953125
2026-02-13,514.4500122070312,520.3499755859375,504.25,504.82000732421875,3188300,503.8163757324219
2026-02-17,502.5899963378906,507.1499938964844,498.1600036621094,501.5899963378906,3775400,500.5928039550781
2026-02-18,500.5199890136719,514.1599731445312,498.4200134277344,513.5599975585938,2662300,512.5390014648438
2026-02-19,510,515.510009765625,504,515.1199951171875,1776100,514.095947265625
2026-02-20,510.69000244140625,514.8800048828125,506.510009765625,510.92999267578125,1362500,509.91424560546875
2026-02-23,508.010009765625,518.9199829101562,505.79998779296875,516.4400024414062,1618300,515.4132690429688
2026-02-24,516.010009765625,521.6300048828125,513.2100219726562,515.5999755859375,1314400,514.574951171875
2026-02-25,519,519,511.260009765625,513.6799926757812,1480700,512.6587524414062
2026-02-26,516.0900268554688,520.6599731445312,510.0799865722656,520.1199951171875,1551100,519.0859985351562
2026-02-27,515.72998046875,521.280029296875,509.4800109863281,521.1099853515625,2031100,520.073974609375
2026-03-02,512.010009765625,513.7000122070312,502.30999755859375,508.5799865722656,2050800,507.56890869140625
2026-03-03,501.510009765625,510.7200012207031,493.3699951171875,508.1000061035156,2211500,507.08984375
2026-03-04,510,517.6500244140625,508.95001220703125,512.6900024414062,1679200,511.6707458496094
2026-03-05,503.17999267578125,520.5800170898438,502,518.8400268554688,3283700,517.8085327148438
2026-03-06,511.32000732421875,514.3800048828125,500,501.9700012207031,1637000,500.9720458984375
2026-03-09,496.2200012207031,510.6000061035156,492.1300048828125,509.9700012207031,2210500,508.9561462402344
2026-03-10,509,509.94000244140625,497.94000244140625,500.0799865722656,1864700,499.0857849121094
2026-03-11,499.3999938964844,501.29998779296875,491.1300048828125,495.7200012207031,1627400,494.7344665527344
2026-03-12,491,491.6099853515625,474,475.8900146484375,2516300,474.94390869140625
2026-03-13,478.92999267578125,481.5799865722656,463.80999755859375,464.3699951171875,3018600,463.90496826171875
2026-03-16,471.07000732421875,474.5,467.239990234375,470,2995700,469.5293273925781
2026-03-17,475.5199890136719,480.989990234375,471.42999267578125,472.7099914550781,2794900,472.2366027832031
2026-03-18,468.7799987792969,470.489990234375,462.0299987792969,464.69000244140625,2419800,464.2246398925781
2026-03-19,461.2200012207031,470.989990234375,458.3399963378906,470.2099914550781,1843800,469.7391052246094
2026-03-20,469.07000732421875,476.92999267578125,469.05999755859375,474.3900146484375,2285000,473.9149475097656
2026-03-23,484.29998779296875,487.92999267578125,475.6300048828125,478.1199951171875,1913200,477.6412048339844
2026-03-24,472.8699951171875,495.7900085449219,470,490.2900085449219,2241300,489.79901123046875
2026-03-25,495.4100036621094,499.95001220703125,482.9599914550781,490.7699890136719,1729500,490.2785339355469
2026-03-26,489.75,496.260009765625,485.82000732421875,488.8500061035156,1301900,488.3604736328125
2026-03-27,489.6199951171875,490.75,471.8299865722656,473.3599853515625,1677800,472.8859558105469
2026-03-30,478.42999267578125,483.5799865722656,474.1600036621094,480.04998779296875,1819600,479.5692443847656
2026-03-31,487.75,494.3599853515625,479.6600036621094,491.5299987792969,2272000,491.03778076171875
2026-04-01,496.29998779296875,501.04998779296875,491.8599853515625,494.5400085449219,1505100,494.0447692871094
2026-04-02,486.94000244140625,506.82000732421875,485.1099853515625,491.4599914550781,1696200,490.96783447265625
2026-04-06,492,493.3399963378906,479.95001220703125,488.19000244140625,1473700,487.70111083984375
2026-04-07,485.239990234375,490.3500061035156,480,489.5,1287600,489.0097961425781
2026-04-08,502,507.2799987792969,499.7300109863281,503.4599914550781,1507900,502.955810546875
2026-04-09,498.6099853515625,505.3500061035156,490.25,500.4599914550781,1491000,499.9588317871094
2026-04-10,500.1099853515625,503.82000732421875,495.80999755859375,496.1099853515625,1308700,495.6131591796875
2026-04-13,494.9599914550781,515.6500244140625,492.0400085449219,514.22998046875,1828900,513.7150268554688
2026-04-14,516.3400268554688,530,514,527.219970703125,2572100,526.6920166015625
2026-04-15,528.8800048828125,532.8599853515625,524.760009765625,531.6699829101562,2003600,531.1375732421875
2026-04-16,527.3800048828125,530.5,514.2999877929688,516,1375100,515.4832763671875
2026-04-17,523.1099853515625,530.0800170898438,518,526.5999755859375,1988100,526.0726318359375
2026-04-20,522.8300170898438,528.8200073242188,521.1400146484375,526.02001953125,1437500,525.4932250976562
2026-04-21,529.8699951171875,538.4099731445312,522.9500122070312,524.5700073242188,2141400,524.044677734375
2026-04-22,526.6199951171875,529.989990234375,513.97998046875,513.97998046875,1801700,513.4652709960938
2026-04-23,472.6499938964844,476.3900146484375,455.6000061035156,466.70001220703125,5729400,466.2326354980469
2026-04-24,469.1499938964844,475,464.6600036621094,469.7099914550781,2684400,469.2396240234375
2026-04-27,462.6600036621094,475.2099914550781,462,468.0400085449219,2280000,467.5713195800781
2026-04-28,471.989990234375,473.0199890136719,464.1199951171875,470.2200012207031,2243000,469.7491149902344
2026-04-29,467.25,475,462.25,466.260009765625,1387200,465.7930908203125
2026-04-30,464.2300109863281,479.9800109863281,461,478.9599914550781,2161200,478.4803466796875
2026-05-01,480,481.8299865722656,468.1000061035156,469.2099914550781,1425400,468.7401123046875
2026-05-04,466.9800109863281,470.3900146484375,461.9100036621094,462.6000061035156,1815700,462.1367492675781
2026-05-05,464.7699890136719,476.4700012207031,459.6400146484375,466.760009765625,2045900,466.2926025390625
2026-05-06,471.1600036621094,477.4200134277344,466.6000061035156,472.95001220703125,1861500,472.47637939453125
2026-05-07,473.3599853515625,480.29998779296875,468.2799987792969,474.4599914550781,2533600,473.98486328125
2026-05-08,473.489990234375,473.489990234375,456.3599853515625,465,3905600,464.5343322753906
2026-05-11,464.8599853515625,466.7900085449219,447.8800048828125,452.6000061035156,3952900,452.1467590332031
2026-05-12,454.3399963378906,463.1000061035156,452.8500061035156,459.29998779296875,3055700,458.84002685546875
2026-05-13,455.17999267578125,463.3999938964844,444.5199890136719,446.0299987792969,2801200,445.5833435058594
2026-05-14,448.2099914550781,459.17999267578125,446.04998779296875,448.2099914550781,2100300,447.7611389160156
2026-05-15,444.0199890136719,444.95001220703125,437.32000732421875,438.3399963378906,2037800,437.9010314941406
2026-05-18,438.44000244140625,444.44000244140625,435.2699890136719,442,1908500,441.557373046875
2026-05-19,442,455,440.010009765625,447.80999755859375,3418500,447.3615417480469
2026-05-20,449.0899963378906,452.239990234375,438.6600036621094,451.7900085449219,2851600,451.33758544921875
2026-05-21,450.8999938964844,451.7099914550781,441.1199951171875,449.3699951171875,2012700,448.91998291015625
2026-05-22,446.79998779296875,454.4599914550781,444.4100036621094,448.2799987792969,1686100,447.8310852050781
2026-05-26,447.3599853515625,450.25,443.6099853515625,448.17999267578125,1942600,447.7311706542969
2026-05-27,449.92999267578125,457.3999938964844,447.44000244140625,456.2099914550781,2958600,455.7531433105469
2026-05-28,461.25,491.010009765625,461.2300109863281,487.2200012207031,4372700,486.7320861816406
2026-05-29,482.1700134277344,499,481.0299987792969,492.510009765625,4184100,492.0168151855469
2026-06-01,489.8299865722656,496.2799987792969,483.5,494.0400085449219,3194400,493.5452575683594
2026-06-02,489.4200134277344,491.9599914550781,476.510009765625,482.0799865722656,1774500,481.59722900390625
2026-06-03,469.30999755859375,475.7799987792969,469.1099853515625,473.95001220703125,1938900,473.47540283203125
2026-06-04,482.1300048828125,488.6499938964844,476.0799865722656,482.0299987792969,2241900,481.5472717285156
2026-06-05,484.2200012207031,486.7900085449219,469.6199951171875,472.79998779296875,1728100,472.3265075683594
2026-06-08,472.79998779296875,476.4200134277344,468.9100036621094,469.6300048828125,1939500,469.1596984863281
2026-06-09,473.4800109863281,494.3599853515625,473.3900146484375,494.07000732421875,2791000,493.5752258300781
2026-06-10,491.8299865722656,493.8900146484375,481.9100036621094,482.0400085449219,2051000,481.5572814941406
2026-06-11,483.9800109863281,484.239990234375,466.79998779296875,475.6600036621094,1776600,475.18365478515625
2026-06-12,478.239990234375,481.9200134277344,467.6300048828125,469.3399963378906,2389700,468.8699951171875
2026-06-15,470.2799987792969,476.3399963378906,468.5,473.7200012207031,1873600,473.7200012207031
2026-06-16,474,477.44000244140625,470.5899963378906,472.6300048828125,1517100,472.6300048828125
2026-06-17,467.8900146484375,472.1499938964844,457.6400146484375,461.69000244140625,2042500,461.69000244140625
2026-06-18,461.6300048828125,467.94000244140625,459,464.6099853515625,3358500,464.6099853515625
2026-06-22,461.6300048828125,468.3500061035156,458.9100036621094,464.010009765625,1524600,464.010009765625
2026-06-23,469.8900146484375,471.1199951171875,460.1300048828125,469.3500061035156,1824600,469.3500061035156
2026-06-24,478.1199951171875,493,473.5,492.20001220703125,2125200,492.20001220703125
2026-06-25,492.7799987792969,515.9600219726562,492.489990234375,505.75,2975400,505.75
2026-06-26,509.7300109863281,514.7999877929688,499.55999755859375,513.030029296875,4570100,513.030029296875
2026-06-29,511.6700134277344,511.6700134277344,501.44000244140625,506.4200134277344,2076300,506.4200134277344
2026-06-30,508.32000732421875,508.3800048828125,495.1000061035156,501.3599853515625,2423600,501.3599853515625
2026-07-01,504.7799987792969,521.1699829101562,502.8699951171875,513.3300170898438,2220000,513.3300170898438
2026-07-02,518.6900024414062,529.1500244140625,511.9800109863281,523.4400024414062,2321800,523.4400024414062
2026-07-06,520,520,506.8299865722656,517.5999755859375,1857600,517.5999755859375
2026-07-07,525,527.3699951171875,513.4199829101562,516.6199951171875,1366600,516.6199951171875
2026-07-08,510.8500061035156,512.9600219726562,507,510.1300048828125,2021600,510.1300048828125
2026-07-09,509.989990234375,524.8499755859375,506.9800109863281,524.7100219726562,1383900,524.7100219726562
2026-07-10,525.5,533.0800170898438,522.5999755859375,527.0499877929688,1233000,527.0499877929688
2026-07-13,524.2000122070312,534.72998046875,521.77001953125,528.510009765625,1168700,528.510009765625
2026-07-14,525.010009765625,537.8200073242188,523.3499755859375,534.0700073242188,2122400,534.0700073242188
2026-07-15,537.239990234375,540.3699951171875,533.8300170898438,535.2899780273438,2108100,535.2899780273438
2026-07-16,536.25,544.4500122070312,532.010009765625,543.1900024414062,1895600,543.1900024414062
2026-07-17,539.0999755859375,542.02001953125,531.6199951171875,532.47998046875,1476000,532.47998046875
2026-07-20,530.5700073242188,532.5499877929688,522.5599975585938,526.22998046875,1590900,526.22998046875
2026-07-21,507.1000061035156,526.3800048828125,495.0400085449219,523.4600219726562,3525000,523.4600219726562
2026-07-22,524.719970703125,528.8099975585938,517.5999755859375,526.4600219726562,2334500,526.4600219726562
2026-07-23,573.6799926757812,587.489990234375,568.8400268554688,572.3200073242188,5806200,572.3200073242188
2026-07-24,570,574,555.9099731445312,568.260009765625,2939400,568.260009765625
2026-07-27,565,568.3499755859375,556.010009765625,559.530029296875,1962000,559.530029296875
2026-07-28,572,588.5599975585938,568.97998046875,576.4099731445312,3034300,576.4099731445312
2026-07-29,578.7100219726562,584.5399780273438,571.2000122070312,576.4600219726562,2546800,576.4600219726562
2026-07-30,567.3699951171875,577.0499877929688,560.4199829101562,576.77001953125,2264700,576.77001953125
2026-07-31,573.4000244140625,577.5900268554688,562.8699951171875,574.2999877929688,2112900,574.2999877929688
2026-08-03,576,583.6400146484375,572.75,574.030029296875,1588900,574.030029296875
2026-08-04,578.760009765625,582.3099975585938,562.5,564.75,1941800,564.75
2026-08-05,567.9299926757812,578,564.4000244140625,577.8300170898438,1552800,577.8300170898438
2026-08-06,576.7999877929688,580.3099975585938,569.6300048828125,580.02001953125,1719400,580.02001953125
2026-08-07,578,594.260009765625,574.77001953125,594,2206600,594
2026-08-10,588.530029296875,599.6900024414062,588.530029296875,599.6900024414062,1862600,599.6900024414062
2026-08-11,599.989990234375,606.2100219726562,594.8099975585938,605,1656100,605
2026-08-12,599.2100219726562,604.1900024414062,595,603.010009765625,1531600,603.010009765625
2026-08-13,606.2899780273438,606.75,593.3900146484375,595.8900146484375,1448300,595.8900146484375
2026-08-14,592.1099853515625,594.739990234375,587.510009765625,588.2899780273438,1057600,588.2899780273438
2026-08-17,582.5499877929688,592.3200073242188,580,585.510009765625,887300,585.510009765625
2026-08-18,588.8699951171875,592.219970703125,584.8599853515625,589.0399780273438,1721600,589.0399780273438
2026-08-19,595.1099853515625,620.47998046875,595,613.5399780273438,2507200,613.5399780273438
2026-08-20,609.8499755859375,634.7000122070312,607.3699951171875,627.5499877929688,2750100,627.5499877929688
2026-08-21,626.47998046875,629.510009765625,616.27001953125,629.27001953125,1556000,629.27001953125