datetime,open,high,low,close,volume
2026-03-10 00:00,2.6747,2.7095,2.6651,2.6894,452
2026-03-10 01:00,2.6899,2.7082,2.6781,2.6972,222
2026-03-10 02:00,2.6963,2.6963,2.6534,2.6825,284
2026-03-10 03:00,2.6811,2.7077,2.6662,2.7051,251
2026-03-10 04:00,2.7023,2.709,2.6159,2.6215,614
2026-03-10 05:00,2.6197,2.6765,2.6147,2.6729,717
2026-03-10 06:00,2.6753,2.6766,2.6034,2.6335,761
2026-03-10 07:00,2.6346,2.7024,2.6313,2.6785,801
2026-03-10 08:00,2.678,2.6906,2.6356,2.6807,1321
2026-03-10 09:00,2.6779,2.718,2.6668,2.6767,1441
2026-03-10 10:00,2.678,2.678,2.6298,2.638,4602
2026-03-10 11:00,2.6378,2.6559,2.5729,2.5911,3478
2026-03-10 12:00,2.59,2.6171,2.573,2.606,2393
2026-03-10 13:00,2.607,2.634,2.568,2.5722,1769
2026-03-10 14:00,2.5731,2.5781,2.4748,2.5441,2966
2026-03-10 15:00,2.5438,2.6868,2.5343,2.6295,3087
2026-03-10 16:00,2.6288,2.6827,2.6287,2.6698,497
2026-03-10 17:00,2.6589,2.6836,2.6536,2.6567,275
2026-03-10 19:00,2.6778,2.7166,2.6752,2.7135,109
2026-03-10 20:00,2.7124,2.7124,2.6589,2.6769,70
2026-03-10 21:00,2.6688,2.6732,2.5994,2.6225,261
2026-03-10 22:00,2.623,2.6558,2.6131,2.6276,258
2026-03-10 23:00,2.627,2.6646,2.6248,2.6441,186
2026-03-11 00:00,2.6455,2.6477,2.6094,2.6114,142
2026-03-11 01:00,2.6175,2.6282,2.6058,2.6177,101
2026-03-11 02:00,2.6157,2.64,2.6135,2.6323,121
2026-03-11 03:00,2.6398,2.6471,2.62,2.6238,134
2026-03-11 04:00,2.6219,2.668,2.6186,2.6617,578
2026-03-11 05:00,2.66,2.6803,2.6442,2.6657,760
2026-03-11 06:00,2.6665,2.7091,2.6627,2.7022,655
2026-03-11 07:00,2.7003,2.7018,2.6491,2.6597,624
2026-03-11 08:00,2.6607,2.7155,2.6555,2.7072,859
2026-03-11 09:00,2.7066,2.7542,2.7,2.7327,2209
2026-03-11 10:00,2.733,2.7335,2.6622,2.6697,3103
2026-03-11 11:00,2.671,2.7186,2.642,2.7139,3251
2026-03-11 12:00,2.7136,2.745,2.7135,2.7447,2347
2026-03-11 13:00,2.745,2.7601,2.7303,2.7372,1719
2026-03-11 14:00,2.7366,2.763,2.7226,2.7526,1393
2026-03-11 15:00,2.7522,2.77,2.7484,2.7606,2820
2026-03-11 16:00,2.7614,2.7707,2.7539,2.7699,565
2026-03-11 17:00,2.769,2.7846,2.769,2.7796,382
2026-03-11 19:00,2.787,2.8615,2.77,2.8386,286
2026-03-11 20:00,2.8505,2.906,2.8467,2.8583,202
2026-03-11 21:00,2.8583,2.8957,2.8451,2.8713,348
2026-03-11 22:00,2.8735,2.8805,2.8387,2.8627,380
2026-03-11 23:00,2.8669,2.9146,2.8635,2.8885,407
2026-03-12 00:00,2.8914,2.9116,2.8874,2.8946,194
2026-03-12 01:00,2.8932,2.903,2.8864,2.8922,114
2026-03-12 02:00,2.8908,2.8925,2.8433,2.8658,513
2026-03-12 03:00,2.8671,2.8758,2.8356,2.8522,490
2026-03-12 04:00,2.8516,2.8516,2.8046,2.8184,579
2026-03-12 05:00,2.8206,2.869,2.8137,2.8632,855
2026-03-12 06:00,2.8559,2.8766,2.8378,2.8414,708
2026-03-12 07:00,2.8389,2.8464,2.8255,2.8319,620
2026-03-12 08:00,2.8304,2.8613,2.8274,2.8547,621
2026-03-12 09:00,2.8539,2.8694,2.8464,2.8588,923
2026-03-12 10:00,2.8566,2.8984,2.842,2.8837,3376
2026-03-12 11:00,2.8838,2.9064,2.8477,2.8814,3943
2026-03-12 12:00,2.8821,2.9056,2.8444,2.8519,2887
2026-03-12 13:00,2.8523,2.8722,2.8319,2.8678,1789
2026-03-12 14:00,2.868,2.897,2.8641,2.8797,1592
2026-03-12 15:00,2.8794,2.9432,2.8686,2.9415,4135
2026-03-12 16:00,2.9428,2.9464,2.9177,2.9347,501
2026-03-12 17:00,2.9346,2.9372,2.9173,2.9338,172
2026-03-12 19:00,2.9376,2.9523,2.9077,2.91,90
2026-03-12 20:00,2.9145,2.9419,2.9145,2.9299,41
2026-03-12 21:00,2.9293,2.9293,2.9083,2.9142,97
2026-03-12 22:00,2.9154,2.9228,2.8878,2.9105,172
2026-03-12 23:00,2.9076,2.9297,2.903,2.9259,144
2026-03-13 00:00,2.9286,2.9316,2.901,2.903,104
2026-03-13 01:00,2.9026,2.9072,2.8943,2.8943,89
2026-03-13 02:00,2.8954,2.9022,2.8835,2.8857,130
2026-03-13 03:00,2.8897,2.9177,2.8758,2.9136,285
2026-03-13 04:00,2.9162,2.9461,2.9135,2.9378,483
2026-03-13 05:00,2.9361,2.9486,2.9046,2.9138,760
2026-03-13 06:00,2.911,2.9362,2.8975,2.935,564
2026-03-13 07:00,2.9329,2.9355,2.883,2.8941,539
2026-03-13 08:00,2.8901,2.9164,2.8788,2.8858,699
2026-03-13 09:00,2.8878,2.9029,2.8577,2.8881,1453
2026-03-13 10:00,2.8873,2.9086,2.8704,2.9071,2940
2026-03-13 11:00,2.9062,2.9409,2.9049,2.9388,2483
2026-03-13 12:00,2.9376,2.9592,2.9323,2.9476,2213
2026-03-13 13:00,2.9472,2.9617,2.9371,2.94,1757
2026-03-13 14:00,2.9399,2.975,2.927,2.9684,2302
2026-03-13 15:00,2.9683,3.0004,2.9638,2.9727,3998
2026-03-13 16:00,2.9721,2.996,2.9669,2.9943,446
2026-03-13 17:00,2.9933,3.0154,2.9899,3.0139,532
2026-03-15 19:00,3.0251,3.0433,3.0115,3.0153,369
2026-03-15 20:00,3.0141,3.0321,2.997,2.9995,226
2026-03-15 21:00,3.0012,3.0014,2.9822,2.9884,205
2026-03-15 22:00,2.9875,3.018,2.9769,3.0134,143
2026-03-15 23:00,3.0116,3.0271,3.0038,3.0224,146
2026-03-16 00:00,3.0229,3.028,3.013,3.0257,58
2026-03-16 01:00,3.03,3.0321,3.0254,3.0297,38
2026-03-16 02:00,3.0301,3.035,3.0099,3.01,135
2026-03-16 03:00,3.0097,3.0391,3.0046,3.0227,127
2026-03-16 04:00,3.022,3.0657,3.0177,3.0519,448
2026-03-16 05:00,3.0526,3.0639,3.0425,3.0458,491
2026-03-16 06:00,3.0476,3.0581,3.0254,3.0317,358
2026-03-16 07:00,3.0301,3.0324,2.9818,2.9831,469
2026-03-16 08:00,2.9829,3.0084,2.9811,2.9973,614
2026-03-16 09:00,2.9982,3.0063,2.9617,2.9741,1323
2026-03-16 10:00,2.9739,2.9841,2.934,2.9422,2459
2026-03-16 11:00,2.9415,2.9929,2.9331,2.9858,2401
2026-03-16 12:00,2.9864,3.0001,2.9744,2.9886,2092
2026-03-16 13:00,2.9882,3.011,2.9743,2.995,1757
2026-03-16 14:00,2.9961,2.9961,2.9522,2.9579,1906
2026-03-16 15:00,2.9585,2.9667,2.9426,2.9597,3044
2026-03-16 16:00,2.9594,2.9799,2.9522,2.961,682
2026-03-16 17:00,2.9608,2.974,2.9495,2.9704,294
2026-03-16 19:00,2.9653,2.985,2.9653,2.9802,92
2026-03-16 20:00,2.981,2.992,2.9719,2.9777,46
2026-03-16 21:00,2.985,3.0204,2.9849,3.0099,244
2026-03-16 22:00,3.0134,3.023,3.0023,3.0219,284
2026-03-16 23:00,3.0231,3.0286,3.0165,3.0259,185
2026-03-17 00:00,3.0231,3.0294,3.0191,3.0248,113
2026-03-17 01:00,3.0281,3.0324,3.0201,3.0288,106
2026-03-17 02:00,3.0298,3.0629,3.0185,3.058,312
2026-03-17 03:00,3.0589,3.0704,3.0361,3.0441,371
2026-03-17 04:00,3.0454,3.0534,3.0252,3.0346,646
2026-03-17 05:00,3.0349,3.0583,3.032,3.046,925
2026-03-17 06:00,3.0445,3.045,3.0184,3.0242,468
2026-03-17 07:00,3.0253,3.0483,3.0253,3.0415,421
2026-03-17 08:00,3.042,3.0741,3.0416,3.0733,992
2026-03-17 09:00,3.0735,3.0771,3.0322,3.0377,1530
2026-03-17 10:00,3.0377,3.0493,3.0079,3.049,3032
2026-03-17 11:00,3.0493,3.0574,3.0214,3.0281,2073
2026-03-17 12:00,3.0289,3.0761,3.0231,3.071,2134
2026-03-17 13:00,3.0717,3.0755,3.0438,3.0627,2031
2026-03-17 14:00,3.063,3.0858,3.061,3.0827,1900
2026-03-17 15:00,3.082,3.0842,3.0693,3.0818,2778
2026-03-17 16:00,3.0821,3.0899,3.0746,3.0849,700
2026-03-17 17:00,3.0847,3.0985,3.0821,3.0953,244
2026-03-17 19:00,3.0938,3.0973,3.08,3.0922,58
2026-03-17 20:00,3.0887,3.0905,3.0861,3.0861,53
2026-03-17 21:00,3.0893,3.0949,3.0649,3.069,420
2026-03-17 22:00,3.067,3.0749,3.0573,3.0723,229
2026-03-17 23:00,3.0701,3.076,3.0516,3.0647,171
2026-03-18 00:00,3.0648,3.0653,3.0376,3.0408,286
2026-03-18 01:00,3.0419,3.0464,3.036,3.043,155
2026-03-18 02:00,3.042,3.05,3.0295,3.0344,201
2026-03-18 03:00,3.0418,3.0486,3.0215,3.0481,221
2026-03-18 04:00,3.0477,3.0657,3.0452,3.0622,311
2026-03-18 05:00,3.0643,3.0838,3.0608,3.0747,552
2026-03-18 06:00,3.0755,3.0887,3.0723,3.0876,387
2026-03-18 07:00,3.089,3.0981,3.0819,3.0908,299
2026-03-18 08:00,3.0904,3.1288,3.08,3.0934,1177
2026-03-18 09:00,3.093,3.1704,3.0901,3.1653,2840
2026-03-18 10:00,3.1648,3.19,3.1552,3.1801,3725
2026-03-18 11:00,3.18,3.2049,3.1684,3.18,2910
2026-03-18 12:00,3.1808,3.1876,3.1613,3.1717,1802
2026-03-18 13:00,3.1735,3.1775,3.1368,3.1563,2788
2026-03-18 14:00,3.1574,3.1613,3.0185,3.0426,4859
2026-03-18 15:00,3.0456,3.0962,3.0076,3.0894,7160
2026-03-18 16:00,3.0899,3.15,3.085,3.1381,1304
2026-03-18 17:00,3.1387,3.1687,3.1382,3.1555,599
2026-03-18 19:00,3.1672,3.1672,3.121,3.1323,89
2026-03-18 20:00,3.1346,3.135,3.1075,3.1345,160
2026-03-18 21:00,3.1344,3.175,3.1327,3.161,831
2026-03-18 22:00,3.1611,3.1724,3.1264,3.1709,622
2026-03-18 23:00,3.1704,3.1738,3.128,3.1371,721
2026-03-19 00:00,3.1373,3.1435,3.1125,3.1422,311
2026-03-19 01:00,3.1424,3.1562,3.1377,3.1532,189
2026-03-19 02:00,3.1531,3.1782,3.1432,3.1714,403
2026-03-19 03:00,3.1739,3.1941,3.1643,3.1884,680
2026-03-19 04:00,3.1893,3.206,3.1695,3.1944,1341
2026-03-19 05:00,3.1941,3.2426,3.1702,3.2202,2151
2026-03-19 06:00,3.2195,3.249,3.1573,3.1733,2941
2026-03-19 07:00,3.1735,3.1823,3.1436,3.1618,1179
2026-03-19 08:00,3.1634,3.1793,3.1446,3.1471,1000
2026-03-19 09:00,3.1473,3.1562,3.1173,3.1418,1693
2026-03-19 10:00,3.1428,3.1526,3.0938,3.11,3528
2026-03-19 11:00,3.1107,3.1344,3.0899,3.1087,3054
2026-03-19 12:00,3.1083,3.1312,3.0926,3.1029,4933
2026-03-19 13:00,3.1034,3.1531,3.0863,3.1237,3366
2026-03-19 14:00,3.1228,3.1275,3.0774,3.0858,2289
2026-03-19 15:00,3.0865,3.11,3.0727,3.0841,3296
2026-03-19 16:00,3.0871,3.0879,3.0068,3.0743,1871
2026-03-19 17:00,3.0724,3.0952,3.0653,3.0846,451
2026-03-19 19:00,3.0893,3.0901,3.0703,3.0754,94
2026-03-19 20:00,3.0698,3.0731,3.0632,3.0716,22
2026-03-19 21:00,3.0717,3.0976,3.0643,3.0858,323
2026-03-19 22:00,3.0846,3.0896,3.0372,3.0544,394
2026-03-19 23:00,3.0548,3.0766,3.0476,3.0744,186
2026-03-20 00:00,3.0737,3.087,3.0662,3.0765,129
2026-03-20 01:00,3.0758,3.0884,3.0719,3.0884,24
2026-03-20 02:00,3.0851,3.0991,3.0712,3.0736,143
2026-03-20 03:00,3.0758,3.1111,3.0721,3.1047,130
2026-03-20 04:00,3.1067,3.1203,3.089,3.0971,260
2026-03-20 05:00,3.0962,3.1319,3.0847,3.1306,649
2026-03-20 06:00,3.1299,3.1667,3.1184,3.1611,545
2026-03-20 07:00,3.1636,3.174,3.1421,3.1463,530
2026-03-20 08:00,3.1437,3.1474,3.0933,3.0937,895
2026-03-20 09:00,3.0943,3.1108,3.0796,3.1049,1035
2026-03-20 10:00,3.105,3.1683,3.1008,3.162,3267
2026-03-20 11:00,3.1608,3.1856,3.1433,3.18,3362
2026-03-20 12:00,3.179,3.19,3.1639,3.1745,2986
2026-03-20 13:00,3.1768,3.2031,3.1659,3.1905,3095
2026-03-20 14:00,3.1895,3.2144,3.188,3.1985,2096
2026-03-20 15:00,3.1962,3.2786,3.1896,3.2726,6254
2026-03-20 16:00,3.2708,3.2809,3.2482,3.2504,762
2026-03-20 17:00,3.2508,3.2675,3.2433,3.2593,525
2026-03-22 19:00,3.2961,3.348,3.2369,3.2685,781
2026-03-22 20:00,3.265,3.275,3.2552,3.2645,105
2026-03-22 21:00,3.265,3.2698,3.2465,3.2514,169
2026-03-22 22:00,3.2505,3.2682,3.247,3.2619,192
2026-03-22 23:00,3.2629,3.279,3.2557,3.2694,244
2026-03-23 00:00,3.2735,3.285,3.2725,3.2815,155
2026-03-23 01:00,3.2808,3.2879,3.2768,3.2794,101
2026-03-23 02:00,3.2798,3.2812,3.2496,3.2599,204
2026-03-23 03:00,3.26,3.298,3.26,3.2901,604
2026-03-23 04:00,3.289,3.3,3.2823,3.292,186
2026-03-23 05:00,3.2881,3.3179,3.2753,3.3006,1037
2026-03-23 06:00,3.2989,3.302,3.2781,3.2986,380
2026-03-23 07:00,3.296,3.3056,3.2644,3.2896,460
2026-03-23 08:00,3.2898,3.2987,2.9556,3.1169,4261
2026-03-23 09:00,3.113,3.1441,2.9993,3.0172,2436
2026-03-23 10:00,3.0141,3.043,2.9309,2.9665,5243
2026-03-23 11:00,2.969,2.9901,2.9308,2.9564,3063
2026-03-23 12:00,2.9564,2.9865,2.8539,2.9797,4490
2026-03-23 13:00,2.9796,3.0226,2.9497,2.958,2936
2026-03-23 14:00,2.9545,2.9743,2.9247,2.9275,1783
2026-03-23 15:00,2.927,2.9552,2.8834,2.9084,3137
2026-03-23 16:00,2.9082,2.9469,2.9051,2.9428,735
2026-03-23 17:00,2.9426,2.9528,2.9342,2.9412,288
2026-03-23 19:00,2.9332,2.9447,2.933,2.9447,45
2026-03-23 20:00,2.9417,2.9619,2.9301,2.9564,106
2026-03-23 21:00,2.9541,3.022,2.9526,3.016,803
2026-03-23 22:00,3.014,3.0581,3.014,3.0397,379
2026-03-23 23:00,3.0369,3.0497,3.0295,3.0386,327
2026-03-24 00:00,3.0413,3.0605,3.0413,3.0571,145
2026-03-25 16:00,2.9887,2.9892,2.9525,2.963,741
2026-03-25 17:00,2.9636,2.9756,2.9635,2.972,238
2026-03-25 19:00,2.9749,2.9848,2.9739,2.9779,52
2026-03-25 20:00,2.97,2.9799,2.97,2.9784,46
2026-03-25 21:00,2.9765,2.9908,2.9706,2.98,136
2026-03-25 22:00,2.978,2.9986,2.9727,2.9881,192
2026-03-25 23:00,2.9882,3.0002,2.9803,2.9986,121
2026-03-26 00:00,2.9998,3.003,2.99,2.9909,67
2026-03-26 01:00,2.9915,3.003,2.9873,3.003,82
2026-03-26 02:00,3.003,3.0104,2.9966,3.0091,71
2026-03-26 03:00,3.008,3.0146,3.0033,3.012,158
2026-03-26 04:00,3.0121,3.0415,3.0121,3.0387,399
2026-03-26 05:00,3.0387,3.0518,3.0242,3.0317,633
2026-03-26 06:00,3.0306,3.0356,3.0164,3.0241,340
2026-03-26 07:00,3.0241,3.0302,3.0083,3.0251,872
2026-03-26 08:00,3.0251,3.0446,3.0163,3.0433,1212
2026-03-26 09:00,3.0442,3.0575,3.033,3.0521,1809
2026-03-26 10:00,3.0521,3.0711,3.0351,3.0407,2929
2026-03-26 11:00,3.0397,3.0605,3.0197,3.0452,2505
2026-03-26 12:00,3.0429,3.0937,3.0423,3.0908,3845
2026-03-26 13:00,3.0916,3.1,3.0818,3.0836,1817
2026-03-26 14:00,3.085,3.1057,3.085,3.1042,1673
2026-03-26 15:00,3.1041,3.1051,3.0624,3.0668,3048
2026-03-26 16:00,3.0674,3.071,3.0565,3.0597,606
2026-03-26 17:00,3.0593,3.0686,2.9677,3.0597,1550
2026-03-26 19:00,3.0752,3.0752,3.0522,3.0551,85
2026-03-26 20:00,3.0597,3.0628,3.0495,3.0502,51
2026-03-26 21:00,3.0554,3.0718,3.0366,3.0677,149
2026-03-26 22:00,3.0694,3.0722,3.0425,3.0439,98
2026-03-26 23:00,3.0403,3.0587,3.0164,3.0586,273
2026-03-27 00:00,3.0552,3.0692,3.055,3.0613,168
2026-03-27 01:00,3.0612,3.0808,3.0606,3.0744,143
2026-03-27 02:00,3.0788,3.0847,3.0718,3.0838,102
2026-03-27 03:00,3.0822,3.0891,3.0738,3.0824,112
2026-03-27 04:00,3.0836,3.1219,3.0793,3.1126,395
2026-03-27 05:00,3.1129,3.127,3.1076,3.1239,589
2026-03-27 06:00,3.1201,3.1404,3.1125,3.1314,308
2026-03-27 07:00,3.132,3.1666,3.1179,3.1647,500
2026-03-27 08:00,3.1627,3.1713,3.1455,3.1486,656
2026-03-27 09:00,3.1481,3.1731,3.1478,3.1537,1452
2026-03-27 10:00,3.1535,3.1815,3.1392,3.1456,3112
2026-03-27 11:00,3.1457,3.148,3.1175,3.1391,2433
2026-03-27 12:00,3.1391,3.1425,3.1098,3.1409,2688
2026-03-27 13:00,3.1409,3.1708,3.1379,3.1708,2072
2026-03-27 14:00,3.1713,3.1829,3.1607,3.1801,2919
2026-03-27 15:00,3.1806,3.2064,3.1709,3.1876,5549
2026-03-27 16:00,3.1872,3.2214,3.1785,3.2007,973
2026-03-27 17:00,3.1994,3.2296,3.1858,3.2253,415
2026-03-29 19:00,3.2375,3.2738,3.2237,3.2503,748
2026-03-29 20:00,3.2524,3.2744,3.2475,3.2659,148
2026-03-29 21:00,3.2691,3.2856,3.2318,3.282,255
2026-03-29 22:00,3.2824,3.2842,3.2525,3.2596,181
2026-03-29 23:00,3.2608,3.2774,3.2413,3.2517,152
2026-03-30 00:00,3.2478,3.251,3.2247,3.2459,87
2026-03-30 01:00,3.2425,3.256,3.2397,3.256,64
2026-03-30 02:00,3.257,3.2596,3.2414,3.2493,207
2026-03-30 03:00,3.2509,3.257,3.233,3.2515,391
2026-03-30 04:00,3.2498,3.2683,3.2475,3.2641,406
2026-03-30 05:00,3.2655,3.2814,3.2369,3.2425,490
2026-03-30 06:00,3.2416,3.2613,3.2375,3.244,267
2026-03-30 07:00,3.2487,3.2532,3.2383,3.246,239
2026-03-30 08:00,3.2465,3.2498,3.1978,3.2385,753
2026-03-30 09:00,3.2366,3.2413,3.2183,3.2183,1178
2026-03-30 10:00,3.2172,3.2728,3.2039,3.2607,2322
2026-03-30 11:00,3.2609,3.2808,3.25,3.2619,2168
2026-03-30 12:00,3.2607,3.28,3.2509,3.277,2186
2026-03-30 13:00,3.277,3.298,3.2668,3.2718,2100
2026-03-30 14:00,3.2721,3.2917,3.2681,3.2801,1963
2026-03-30 15:00,3.2805,3.2806,3.2538,3.2679,3082
2026-03-30 16:00,3.267,3.2835,3.2663,3.2785,455
2026-03-30 17:00,3.2793,3.3014,3.2785,3.2969,410
2026-03-30 19:00,3.3109,3.3124,3.2893,3.3124,75
2026-03-30 20:00,3.3099,3.3854,3.3099,3.3651,604
2026-03-30 21:00,3.3637,3.3637,3.28,3.284,716
2026-03-30 22:00,3.2816,3.2975,3.2108,3.2337,596
2026-03-30 23:00,3.2374,3.2627,3.2344,3.2545,123
2026-03-31 00:00,3.2559,3.275,3.2459,3.2689,88
2026-03-31 01:00,3.2698,3.2719,3.2618,3.2644,40
2026-03-31 02:00,3.263,3.2741,3.2516,3.2608,92
2026-03-31 03:00,3.2616,3.2788,3.2593,3.2648,112
2026-03-31 04:00,3.2641,3.28,3.2453,3.2506,218
2026-03-31 05:00,3.2498,3.2684,3.2428,3.2495,401
2026-03-31 06:00,3.2477,3.2878,3.2263,3.2869,185
2026-03-31 07:00,3.2841,3.2934,3.2693,3.291,241
2026-03-31 08:00,3.2893,3.2986,3.2453,3.2487,907
2026-03-31 09:00,3.2471,3.288,3.2461,3.265,893
2026-03-31 10:00,3.2645,3.2847,3.2517,3.2605,1436
2026-03-31 11:00,3.2596,3.2945,3.2538,3.293,1630
2026-03-31 12:00,3.2931,3.2934,3.2658,3.2789,1341
2026-03-31 13:00,3.2791,3.2879,3.1793,3.2096,2338
2026-03-31 14:00,3.213,3.2172,3.1671,3.2158,2076
2026-03-31 15:00,3.2149,3.2267,3.1908,3.21,3996
2026-03-31 16:00,3.209,3.2186,3.1994,3.2038,487
2026-03-31 17:00,3.2046,3.205,3.1725,3.1877,336
2026-03-31 19:00,3.0452,3.0628,3.0452,3.0575,41
2026-03-31 20:00,3.0522,3.0567,3.0452,3.0456,23
2026-03-31 21:00,3.0484,3.0707,3.0483,3.0672,35
2026-03-31 22:00,3.0641,3.1,3.0607,3.0986,74
2026-03-31 23:00,3.0963,3.0979,3.0856,3.097,88
2026-04-01 00:00,3.0985,3.1014,3.0906,3.0927,47
2026-04-01 01:00,3.0942,3.0953,3.085,3.0863,30
2026-04-01 02:00,3.0855,3.088,3.0493,3.0533,181
2026-04-01 03:00,3.0515,3.0565,2.9415,2.9512,687
2026-04-01 04:00,2.9482,2.9854,2.9364,2.9828,590
2026-04-01 05:00,2.9838,3.02,2.9819,3.0188,1062
2026-04-01 06:00,3.0172,3.043,3.0125,3.0413,775
2026-04-01 07:00,3.0395,3.0463,3.0083,3.0172,556
2026-04-01 08:00,3.0176,3.0231,2.98,2.9933,581
2026-04-01 09:00,2.9924,3.0026,2.9672,2.9986,1125
2026-04-01 10:00,2.9983,3.0048,2.9437,2.9508,2093
2026-04-01 11:00,2.951,2.9805,2.9476,2.9607,2115
2026-04-01 12:00,2.9604,2.9872,2.9604,2.9699,1700
2026-04-01 13:00,2.9688,2.9856,2.9585,2.9592,846
2026-04-01 14:00,2.9586,2.9586,2.9299,2.9387,1244
2026-04-01 15:00,2.939,2.9636,2.9383,2.9536,2128
2026-04-01 16:00,2.9546,2.9557,2.9343,2.9459,490
2026-04-01 17:00,2.9457,2.9528,2.9316,2.9322,171
2026-04-01 19:00,2.9355,2.9433,2.9355,2.9391,10
2026-04-01 20:00,2.9413,2.9413,2.9282,2.9354,7
2026-04-01 21:00,2.9387,2.9435,2.9058,2.9195,71
2026-04-01 22:00,2.9105,3.0876,2.9075,3.0661,697
2026-04-01 23:00,3.065,3.078,3.0553,3.0686,145
2026-04-02 00:00,3.0685,3.0948,3.0615,3.0936,219
2026-04-02 01:00,3.0935,3.114,3.0935,3.0967,465
2026-04-02 02:00,3.0938,3.1114,3.0863,3.1096,96
2026-04-02 03:00,3.1126,3.13,3.1087,3.1119,430
2026-04-02 04:00,3.1116,3.13,3.1084,3.1255,693
2026-04-02 05:00,3.1243,3.1425,3.1197,3.1424,335
2026-04-02 06:00,3.1418,3.1485,3.1339,3.1376,668
2026-04-02 07:00,3.1351,3.1438,3.1283,3.1398,624
2026-04-02 08:00,3.1405,3.1561,3.1366,3.1421,598
2026-04-02 09:00,3.141,3.1495,3.1185,3.1267,1057
2026-04-02 10:00,3.1248,3.1423,3.1105,3.1105,1860
2026-04-02 11:00,3.111,3.1238,3.033,3.049,2092
2026-04-02 12:00,3.0515,3.0782,3.0429,3.0599,1526
2026-04-02 13:00,3.0597,3.0846,3.0528,3.0785,1000
2026-04-02 14:00,3.0786,3.1099,3.0696,3.1073,1114
2026-04-02 15:00,3.1068,3.1349,3.0966,3.1128,2885
2026-04-02 16:00,3.112,3.125,3.1062,3.1172,403
2026-04-02 17:00,3.118,3.1279,3.1149,3.125,220
2026-04-05 19:00,3.1449,3.1802,3.1126,3.1741,362
2026-04-05 20:00,3.1716,3.1716,3.1563,3.1675,99
2026-04-05 21:00,3.1705,3.1705,3.12,3.1268,146
2026-04-05 22:00,3.124,3.1447,3.123,3.132,77
2026-04-05 23:00,3.1289,3.139,3.1042,3.1376,107
2026-04-06 00:00,3.1384,3.1395,3.1166,3.1174,102
2026-04-06 01:00,3.1143,3.1264,3.1143,3.1228,14
2026-04-06 02:00,3.12,3.1278,3.115,3.115,55
2026-04-06 03:00,3.1201,3.1299,3.0991,3.102,226
2026-04-06 04:00,3.0999,3.1168,3.0711,3.0777,235
2026-04-06 05:00,3.0761,3.0974,3.0728,3.0835,229
2026-04-06 06:00,3.0815,3.104,3.063,3.1025,228
2026-04-06 07:00,3.1031,3.1175,3.0902,3.1051,203
2026-04-06 08:00,3.1035,3.1241,3.1001,3.119,101
2026-04-06 09:00,3.1156,3.1204,3.0962,3.0975,832
2026-04-06 10:00,3.0972,3.121,3.0925,3.1082,1350
2026-04-06 11:00,3.1081,3.1227,3.0856,3.12,970
2026-04-06 12:00,3.1219,3.1503,3.1176,3.1394,728
2026-04-06 13:00,3.136,3.1448,3.1238,3.1439,515
2026-04-06 14:00,3.145,3.1784,3.145,3.1705,663
2026-04-06 15:00,3.1705,3.1807,3.1471,3.1591,1248
2026-04-06 16:00,3.1587,3.167,3.1371,3.1508,131
2026-04-06 17:00,3.1514,3.1572,3.1444,3.1483,131
2026-04-06 19:00,3.1564,3.1682,3.1536,3.1625,40
2026-04-06 20:00,3.1664,3.1721,3.1664,3.1708,9
2026-04-06 21:00,3.1676,3.1759,3.1489,3.1689,366
2026-04-06 22:00,3.1708,3.2112,3.154,3.2027,358
2026-04-06 23:00,3.201,3.201,3.1874,3.1934,68
2026-04-07 00:00,3.19,3.2019,3.1878,3.1956,120
2026-04-07 01:00,3.1938,3.2002,3.1829,3.1859,55
2026-04-07 02:00,3.1836,3.1933,3.1808,3.1883,70
2026-04-07 03:00,3.186,3.2069,3.1809,3.1847,710
2026-04-07 04:00,3.1844,3.2049,3.1789,3.2049,426
2026-04-07 05:00,3.2027,3.2027,3.1459,3.1511,851
2026-04-07 06:00,3.1509,3.1536,3.1125,3.1472,548
2026-04-07 07:00,3.1464,3.1851,3.1385,3.1786,921
2026-04-07 08:00,3.1778,3.1879,3.1715,3.1831,586
2026-04-07 09:00,3.1822,3.2,3.1663,3.1869,1641
2026-04-07 10:00,3.1841,3.1923,3.1575,3.1808,1532
2026-04-07 11:00,3.1802,3.1839,3.1514,3.1795,1571
2026-04-07 12:00,3.1808,3.2,3.1541,3.1648,1845
2026-04-07 13:00,3.1617,3.1744,3.1386,3.164,934
2026-04-07 14:00,3.166,3.1925,3.1514,3.1727,1441
2026-04-07 15:00,3.1721,3.1904,3.1575,3.1869,1598
2026-04-07 16:00,3.1881,3.189,3.0727,3.1173,689
2026-04-07 17:00,3.1167,3.1277,3.0868,3.092,483
2026-04-07 19:00,3.0655,3.0855,2.8572,2.8953,1060
2026-04-07 20:00,2.8822,2.8893,2.8015,2.8752,623
2026-04-07 21:00,2.8803,2.8999,2.7968,2.8615,1724
2026-04-07 22:00,2.8637,2.8766,2.8432,2.8641,529
2026-04-07 23:00,2.8622,2.8925,2.8622,2.8752,256
2026-04-08 00:00,2.8737,2.8737,2.8596,2.8621,335
2026-04-08 01:00,2.8597,2.8788,2.8496,2.8675,205
2026-04-08 02:00,2.8659,2.8725,2.8451,2.8517,311
2026-04-08 03:00,2.8474,2.8589,2.8227,2.853,906
2026-04-08 04:00,2.8531,2.8915,2.8531,2.878,773
2026-04-08 05:00,2.8765,2.9102,2.8689,2.8724,1721
2026-04-08 06:00,2.8725,2.8819,2.8515,2.877,784
2026-04-08 07:00,2.8752,2.8923,2.8629,2.8758,916
2026-04-08 08:00,2.8765,2.8778,2.8366,2.8482,1244
2026-04-08 09:00,2.8476,2.8827,2.819,2.8254,1818
2026-04-08 10:00,2.8245,2.8688,2.802,2.8481,2872
2026-04-08 11:00,2.8486,2.9014,2.8443,2.8919,2076
2026-04-08 12:00,2.892,2.9177,2.8798,2.8864,2707
2026-04-08 13:00,2.8865,2.9156,2.8712,2.8984,1918
2026-04-08 14:00,2.8985,2.9284,2.8889,2.9095,1917
2026-04-08 15:00,2.9098,2.9383,2.8908,2.9295,3055
2026-04-08 16:00,2.9287,2.9525,2.9259,2.9275,440
2026-04-08 17:00,2.9246,2.9336,2.9165,2.9318,218
2026-04-08 19:00,2.928,2.9475,2.928,2.9306,73
2026-04-08 20:00,2.9282,2.9486,2.9202,2.9486,64
2026-04-08 21:00,2.9476,2.963,2.936,2.963,182
2026-04-08 22:00,2.9612,2.9613,2.9343,2.9353,186
2026-04-08 23:00,2.9363,2.9366,2.9267,2.9351,117
2026-04-09 00:00,2.9348,2.9402,2.9283,2.9287,55
2026-04-09 01:00,2.9334,2.9518,2.9327,2.9518,88
2026-04-09 02:00,2.9505,2.9591,2.9436,2.9453,127
2026-04-09 03:00,2.9455,2.9594,2.9306,2.9503,559
2026-04-09 04:00,2.9501,2.9912,2.947,2.9875,902
2026-04-09 05:00,2.9878,2.9937,2.9771,2.9889,854
2026-04-09 06:00,2.9893,2.9901,2.9704,2.9811,553
2026-04-09 07:00,2.98,2.9961,2.9788,2.9935,500
2026-04-09 08:00,2.9939,2.9943,2.9526,2.9724,1150
2026-04-09 09:00,2.9717,2.9858,2.9617,2.9822,1642
2026-04-09 10:00,2.9822,2.99,2.9609,2.9855,2758
2026-04-09 11:00,2.9857,3.0085,2.974,3.0082,2673
2026-04-09 12:00,3.008,3.0205,2.9279,2.9406,4649
2026-04-09 13:00,2.9397,2.9397,2.9028,2.9233,2502
2026-04-09 14:00,2.922,2.925,2.8925,2.9109,2338
2026-04-09 15:00,2.9098,2.9439,2.909,2.9353,3302
2026-04-09 16:00,2.936,2.9507,2.928,2.947,617
2026-04-09 17:00,2.9466,2.9505,2.9319,2.9442,366
2026-04-09 19:00,2.9296,2.95,2.9296,2.948,63
2026-04-09 20:00,2.9486,2.9491,2.9419,2.9485,12
2026-04-09 21:00,2.9462,2.9567,2.9445,2.956,103
2026-04-09 22:00,2.9505,2.9597,2.9342,2.9414,144
2026-04-09 23:00,2.94,2.9438,2.9337,2.936,72
2026-04-10 00:00,2.9372,2.941,2.9256,2.927,90
2026-04-10 01:00,2.9258,2.9432,2.925,2.9423,40
2026-04-10 02:00,2.9405,2.9421,2.9371,2.942,47
2026-04-10 03:00,2.942,2.9525,2.9394,2.9503,158
2026-04-10 04:00,2.948,2.9742,2.9466,2.9703,459
2026-04-10 05:00,2.9694,2.9813,2.9635,2.9781,1130
2026-04-10 06:00,2.9777,2.9777,2.9401,2.9471,664
2026-04-10 07:00,2.9481,2.9591,2.9316,2.9359,395
2026-04-10 08:00,2.9365,2.9428,2.9277,2.9315,326
2026-04-10 09:00,2.9309,2.9431,2.9126,2.943,1618
2026-04-10 10:00,2.9425,2.9566,2.9267,2.9414,3893
2026-04-10 11:00,2.9422,2.947,2.9133,2.9373,2887
2026-04-10 12:00,2.9374,2.9855,2.9364,2.9797,3881
2026-04-10 13:00,2.9795,2.9851,2.9523,2.9571,2160
2026-04-10 14:00,2.9569,2.9642,2.9498,2.958,1966
2026-04-10 15:00,2.9573,2.9656,2.9245,2.9334,4360
2026-04-10 16:00,2.9344,2.9364,2.9231,2.9297,580
2026-04-10 17:00,2.9305,2.937,2.9236,2.937,238
2026-04-12 19:00,3.0146,3.11,3.0146,3.0911,785
2026-04-12 20:00,3.0895,3.1118,3.0886,3.098,168
2026-04-12 21:00,3.0952,3.1018,3.0846,3.0852,142
2026-04-12 22:00,3.0825,3.0826,3.0642,3.0718,216
2026-04-12 23:00,3.0717,3.0868,3.0711,3.0843,63
2026-04-13 00:00,3.0832,3.0872,3.082,3.0852,26
2026-04-13 01:00,3.0853,3.0886,3.0829,3.0857,23
2026-04-13 02:00,3.0892,3.0907,3.0806,3.0832,73
2026-04-13 03:00,3.0825,3.0858,3.0622,3.0656,416
2026-04-13 04:00,3.0634,3.0738,3.0581,3.0716,509
2026-04-13 05:00,3.0716,3.1,3.0631,3.0865,857
2026-04-13 06:00,3.0866,3.0902,3.0757,3.0851,435
2026-04-13 07:00,3.0846,3.0854,3.0683,3.0698,642
2026-04-13 08:00,3.0694,3.0813,3.0633,3.0751,752
2026-04-13 09:00,3.0764,3.0935,3.0677,3.0833,1219
2026-04-13 10:00,3.082,3.0939,3.0185,3.0412,3389
2026-04-13 11:00,3.0429,3.067,3.0262,3.0594,2368
2026-04-13 12:00,3.059,3.1004,3.0588,3.092,2627
2026-04-13 13:00,3.0913,3.1021,3.0462,3.0539,2475
2026-04-13 14:00,3.0544,3.0576,3.0324,3.0451,1731
2026-04-13 15:00,3.0454,3.0539,3.0043,3.0061,2994
2026-04-13 16:00,3.0052,3.0235,3.0036,3.0223,452
2026-04-13 17:00,3.0221,3.0253,3.0041,3.0103,314
2026-04-13 19:00,3.028,3.028,3.0073,3.0096,45
2026-04-13 20:00,3.0083,3.0083,2.9824,2.9924,58
2026-04-13 21:00,2.9935,3.0071,2.9846,2.9847,151
2026-04-13 22:00,2.9874,3.0202,2.9867,3.0184,136
2026-04-13 23:00,3.0187,3.0223,3.0133,3.0209,42
2026-04-14 00:00,3.0205,3.027,3.0115,3.014,71
2026-04-14 01:00,3.0139,3.0161,3.0111,3.0127,45
2026-04-14 02:00,3.013,3.0275,3.0109,3.0257,78
2026-04-14 03:00,3.0265,3.0393,3.0194,3.0351,233
2026-04-14 04:00,3.0346,3.0352,2.9997,3.0208,1411
2026-04-14 05:00,3.0217,3.0318,3.0177,3.0222,721
2026-04-14 06:00,3.0217,3.041,3.0188,3.036,405
2026-04-14 07:00,3.0351,3.043,3.0231,3.039,482
2026-04-14 08:00,3.0389,3.0446,3.0086,3.0217,938
2026-04-14 09:00,3.02,3.0226,2.9925,3.0008,1602
2026-04-14 10:00,3.0007,3.0173,2.9921,2.9955,3308
2026-04-14 11:00,2.9944,2.9944,2.9454,2.9671,3274
2026-04-14 12:00,2.9677,2.9915,2.9581,2.9665,2722
2026-04-14 13:00,2.9677,2.9734,2.9534,2.9659,1854
2026-04-14 14:00,2.9664,2.9719,2.9525,2.9645,2069
2026-04-14 15:00,2.9642,2.9789,2.9574,2.9767,3708
2026-04-14 16:00,2.9763,2.9823,2.9711,2.9791,410
2026-04-14 17:00,2.9806,2.9806,2.9673,2.9716,187
2026-04-14 19:00,2.9848,2.9848,2.9684,2.9758,97
2026-04-14 20:00,2.9762,2.9776,2.9256,2.9475,233
2026-04-14 21:00,2.948,2.9611,2.9475,2.9506,178
2026-04-14 22:00,2.9485,2.9574,2.9414,2.9527,193
2026-04-14 23:00,2.9522,2.9714,2.9522,2.9706,88
2026-04-15 00:00,2.9673,2.9712,2.961,2.9635,24
2026-04-15 01:00,2.9629,2.9782,2.9629,2.9768,32
2026-04-15 02:00,2.976,2.9763,2.9698,2.973,73
2026-04-15 03:00,2.9735,2.9748,2.9522,2.9649,265
2026-04-15 04:00,2.9646,2.972,2.9476,2.9515,1143
2026-04-15 05:00,2.9519,2.9867,2.9505,2.9798,993
2026-04-15 06:00,2.9799,2.9909,2.9766,2.9851,570
2026-04-15 07:00,2.9853,3.0025,2.976,2.9863,537
2026-04-15 08:00,2.986,2.989,2.9575,2.9635,718
2026-04-15 09:00,2.9633,2.9711,2.9542,2.9655,1330
2026-04-15 10:00,2.9655,2.9706,2.942,2.9495,2631
2026-04-15 11:00,2.9497,3.0179,2.9412,3.0169,4509
2026-04-15 12:00,3.0169,3.0316,3.0049,3.0078,3575
2026-04-15 13:00,3.0099,3.0174,3.0054,3.0115,1567
2026-04-15 14:00,3.0117,3.0188,3.0007,3.0165,2240
2026-04-15 15:00,3.0169,3.0216,2.9959,3.0026,3050
2026-04-15 16:00,3.0008,3.0014,2.9901,2.9933,624
2026-04-15 17:00,2.9935,2.9991,2.9934,2.9991,140
2026-04-15 19:00,2.998,2.9985,2.9889,2.9921,43
2026-04-15 20:00,2.9927,2.9937,2.9853,2.9927,59
2026-04-15 21:00,2.991,2.9934,2.985,2.9914,81
2026-04-15 22:00,2.9922,2.9974,2.9893,2.9961,57
2026-04-15 23:00,2.9976,3.0029,2.9967,2.9975,66
2026-04-16 00:00,2.9982,2.9986,2.9929,2.9971,46
2026-04-16 01:00,2.9974,3.0011,2.9973,2.9984,29
2026-04-16 02:00,2.9976,3.0009,2.9915,2.9926,72
2026-04-16 03:00,2.9903,3.0008,2.9864,2.9934,387
2026-04-16 04:00,2.9935,3.0239,2.9928,3.021,795
2026-04-16 05:00,3.0217,3.0349,3.0186,3.0229,777
2026-04-16 06:00,3.0248,3.0335,3.0213,3.0305,399
2026-04-16 07:00,3.0309,3.0327,3.0185,3.0185,527
2026-04-16 08:00,3.0181,3.0204,3.0083,3.0157,582
2026-04-16 09:00,3.0147,3.038,3.0003,3.0335,1721
2026-04-16 10:00,3.0335,3.057,3.0249,3.0546,3128
2026-04-16 11:00,3.0549,3.0671,3.0482,3.0563,2848
2026-04-16 12:00,3.0563,3.0767,3.0478,3.0606,3069
2026-04-16 13:00,3.0603,3.0854,3.0594,3.0833,2056
2026-04-16 14:00,3.0832,3.0863,3.073,3.0834,2003
2026-04-16 15:00,3.0829,3.095,3.0702,3.0824,3663
2026-04-16 16:00,3.0824,3.0837,3.0729,3.0787,628
2026-04-16 17:00,3.0788,3.0801,3.0755,3.0789,198
2026-04-16 19:00,3.0918,3.1,3.0822,3.0822,266
2026-04-16 20:00,3.0846,3.0888,3.0809,3.081,30
2026-04-16 21:00,3.0831,3.0877,3.0763,3.0867,90
2026-04-16 22:00,3.087,3.0922,3.0851,3.0877,113
2026-04-16 23:00,3.0881,3.092,3.0813,3.0833,123
2026-04-17 00:00,3.0813,3.0841,3.0776,3.0784,72
2026-04-17 01:00,3.078,3.078,3.0728,3.0741,27
2026-04-17 02:00,3.0736,3.0766,3.0667,3.0682,76
2026-04-17 03:00,3.0682,3.0827,3.0675,3.0788,199
2026-04-17 04:00,3.078,3.0878,3.0705,3.0824,368
2026-04-17 05:00,3.0821,3.0892,3.055,3.0619,644
2026-04-17 06:00,3.0616,3.0626,3.0281,3.0301,826
2026-04-17 07:00,3.0333,3.0374,3.018,3.0296,388
2026-04-17 08:00,3.03,3.0335,3.0222,3.0282,997
2026-04-17 09:00,3.0283,3.041,2.8912,2.8925,4544
2026-04-17 10:00,2.8918,2.9145,2.8572,2.8614,6845
2026-04-17 11:00,2.8609,2.8743,2.8237,2.8457,4418
2026-04-17 12:00,2.8457,2.9012,2.8431,2.8903,4863
2026-04-17 13:00,2.8908,2.9066,2.8879,2.9017,2537
2026-04-17 14:00,2.9017,2.9351,2.8989,2.9156,3413
2026-04-17 15:00,2.9155,2.9488,2.9081,2.9413,5967
2026-04-17 16:00,2.9409,2.9431,2.928,2.9368,690
2026-04-17 17:00,2.9366,2.9462,2.9335,2.9454,353
2026-04-20 23:00,3.0272,3.0328,3.0258,3.0302,145
2026-04-21 00:00,3.0305,3.0365,3.0222,3.024,99
2026-04-21 01:00,3.0249,3.025,3.0197,3.0197,24
2026-04-21 02:00,3.0184,3.0224,3.007,3.0198,168
2026-04-21 03:00,3.0195,3.0337,3.0195,3.0337,153
2026-04-21 04:00,3.0316,3.0494,3.0164,3.0253,372
2026-04-21 05:00,3.0255,3.0406,3.0202,3.0397,364
2026-04-21 06:00,3.0398,3.0536,3.0377,3.0379,343
2026-04-21 07:00,3.0396,3.0419,3.027,3.0314,348
2026-04-21 08:00,3.0315,3.0578,3.0315,3.0543,1107
2026-04-21 09:00,3.0544,3.0637,3.044,3.0577,1511
2026-04-21 10:00,3.0572,3.061,3.0425,3.0445,3055
2026-04-21 11:00,3.0449,3.081,3.0449,3.0792,2564
2026-04-21 12:00,3.0802,3.1121,3.0767,3.1039,3044
2026-04-21 13:00,3.1047,3.1277,3.0963,3.1238,2017
2026-04-21 14:00,3.124,3.1503,3.092,3.1061,2780
2026-04-21 15:00,3.1066,3.1361,3.0977,3.1138,5600
2026-04-21 16:00,3.1123,3.168,3.095,3.1556,2075
2026-04-21 17:00,3.154,3.1598,3.0777,3.1311,1243
2026-04-21 19:00,3.1219,3.1324,3.12,3.1265,63
2026-04-21 20:00,3.1309,3.1333,3.1276,3.1317,44
2026-04-21 21:00,3.1272,3.1289,3.0974,3.1138,174
2026-04-21 22:00,3.1136,3.1136,3.099,3.1077,74
2026-04-21 23:00,3.1056,3.1122,3.1016,3.1121,179
2026-04-22 00:00,3.1094,3.118,3.1035,3.1041,33
2026-04-22 01:00,3.1035,3.1169,3.1035,3.1152,50
2026-04-22 02:00,3.1146,3.1162,3.0754,3.1026,278
2026-04-22 03:00,3.1036,3.1063,3.0986,3.1013,134
2026-04-22 04:00,3.1008,3.1191,3.0971,3.1191,214
2026-04-22 05:00,3.1191,3.157,3.1157,3.1411,795
2026-04-22 06:00,3.1432,3.1553,3.1246,3.1471,535
2026-04-22 07:00,3.1456,3.1475,3.1219,3.129,222
2026-04-22 08:00,3.1282,3.1466,3.1275,3.1395,741
2026-04-22 09:00,3.1392,3.1633,3.1217,3.1633,1786
2026-04-22 10:00,3.1633,3.1913,3.1452,3.1883,4542
2026-04-22 11:00,3.1887,3.215,3.1668,3.2101,3461
2026-04-22 12:00,3.2101,3.2427,3.1982,3.2352,5007
2026-04-22 13:00,3.2341,3.2438,3.2315,3.2421,2189
2026-04-22 14:00,3.2429,3.2486,3.2245,3.2376,2380
2026-04-22 15:00,3.2395,3.2591,3.2392,3.2444,3598
2026-04-22 16:00,3.2446,3.2471,3.2341,3.2393,290
2026-04-22 17:00,3.2394,3.2506,3.2359,3.2488,510
2026-04-22 19:00,3.2311,3.2646,3.2311,3.2442,49
2026-04-22 20:00,3.2456,3.2494,3.2443,3.2483,45
2026-04-22 21:00,3.2477,3.3291,3.2432,3.2456,922
2026-04-22 22:00,3.2466,3.2576,3.2433,3.2526,107
2026-04-22 23:00,3.2524,3.2842,3.2524,3.2826,190
2026-04-23 00:00,3.2842,3.2911,3.2726,3.2745,209
2026-04-23 01:00,3.2755,3.2778,3.2628,3.263,64
2026-04-23 02:00,3.2652,3.2697,3.2578,3.2596,72
2026-04-23 03:00,3.2559,3.2717,3.2516,3.266,168
2026-04-23 04:00,3.266,3.2678,3.2312,3.2427,386
2026-04-23 05:00,3.243,3.2801,3.2388,3.2748,618
2026-04-23 06:00,3.2752,3.289,3.2618,3.2754,472
2026-04-23 07:00,3.2777,3.278,3.2416,3.2468,295
2026-04-23 08:00,3.246,3.2525,3.2257,3.2313,946
2026-04-23 09:00,3.2324,3.2627,3.2104,3.249,2026
2026-04-23 10:00,3.2484,3.2671,3.2386,3.2614,2936
2026-04-23 11:00,3.2616,3.2714,3.2424,3.2491,2306
2026-04-23 12:00,3.2495,3.2789,3.2484,3.2666,2697
2026-04-23 13:00,3.2671,3.2705,3.245,3.2623,1917
2026-04-23 14:00,3.2627,3.3571,3.2627,3.3007,4104
2026-04-23 15:00,3.3013,3.3596,3.2849,3.3544,5999
2026-04-23 16:00,3.3554,3.36,3.3437,3.3539,600
2026-04-23 17:00,3.3545,3.371,3.3507,3.3519,654
2026-04-23 19:00,3.3465,3.3667,3.3465,3.3604,119
2026-04-23 20:00,3.3636,3.3636,3.3562,3.3562,28
2026-04-23 21:00,3.3532,3.3638,3.344,3.3576,183
2026-04-23 22:00,3.3546,3.368,3.3465,3.3516,106
2026-04-23 23:00,3.3522,3.3527,3.343,3.343,140
2026-04-24 00:00,3.3412,3.3479,3.3316,3.3457,166
2026-04-24 01:00,3.3453,3.3456,3.3338,3.3338,20
2026-04-24 02:00,3.3342,3.3376,3.3222,3.3298,205
2026-04-24 03:00,3.3291,3.3315,3.317,3.3282,284
2026-04-24 04:00,3.328,3.3335,3.3178,3.3293,721
2026-04-24 05:00,3.3316,3.3625,3.3316,3.3413,637
2026-04-24 06:00,3.339,3.3545,3.3339,3.353,341
2026-04-24 07:00,3.3522,3.3539,3.3336,3.3353,348
2026-04-24 08:00,3.3349,3.3349,3.2672,3.2855,2206
2026-04-24 09:00,3.2852,3.328,3.2821,3.3149,1888
2026-04-24 10:00,3.314,3.3249,3.2887,3.3166,2915
2026-04-24 11:00,3.317,3.3249,3.2943,3.3102,1557
2026-04-24 12:00,3.3099,3.3372,3.2747,3.2857,3232
2026-04-24 13:00,3.2866,3.3177,3.2775,3.3064,2423
2026-04-24 14:00,3.3057,3.314,3.2898,3.3134,2997
2026-04-24 15:00,3.3136,3.335,3.312,3.3276,5754
2026-04-24 16:00,3.3264,3.3478,3.3264,3.3427,519
2026-04-24 17:00,3.3421,3.3613,3.3421,3.3471,494
2026-04-26 19:00,3.3478,3.3879,3.3471,3.3672,233
2026-04-26 20:00,3.3679,3.3762,3.3679,3.3735,36
2026-04-26 21:00,3.3726,3.3831,3.3672,3.369,193
2026-04-26 22:00,3.3676,3.374,3.3556,3.3728,219
2026-04-26 23:00,3.3719,3.3719,3.3584,3.362,218
2026-04-27 00:00,3.3598,3.3631,3.356,3.3631,63
2026-04-27 01:00,3.3632,3.3732,3.361,3.3719,78
2026-04-27 02:00,3.3759,3.3856,3.3758,3.3799,123
2026-04-27 03:00,3.3806,3.3879,3.3758,3.3773,110
2026-04-27 04:00,3.3773,3.395,3.3767,3.394,410
2026-04-27 05:00,3.3954,3.4029,3.387,3.3881,480
2026-04-27 06:00,3.3879,3.4009,3.3836,3.3922,356
2026-04-27 07:00,3.3912,3.3925,3.3588,3.3668,392
2026-04-27 08:00,3.3681,3.3682,3.337,3.3501,744
2026-04-27 09:00,3.3486,3.3519,3.3337,3.3428,2526
2026-04-27 10:00,3.3425,3.3672,3.3312,3.3489,3402
2026-04-27 11:00,3.349,3.3757,3.3423,3.3757,2894
2026-04-27 12:00,3.3746,3.3981,3.3606,3.361,3056
2026-04-27 13:00,3.3612,3.3727,3.3505,3.3727,1791
2026-04-27 14:00,3.3719,3.3888,3.3522,3.3705,2122
2026-04-27 15:00,3.37,3.3864,3.359,3.3633,3876
2026-04-27 16:00,3.364,3.371,3.3578,3.366,576
2026-04-27 17:00,3.3651,3.3747,3.3624,3.3717,299
2026-04-27 19:00,3.3652,3.3824,3.34,3.3726,99
2026-04-27 20:00,3.3739,3.3739,3.3711,3.3729,11
2026-04-27 21:00,3.3705,3.3856,3.3665,3.3801,232
2026-04-27 22:00,3.3796,3.39,3.3742,3.3894,126
2026-04-27 23:00,3.3903,3.3907,3.3822,3.3843,48
2026-04-28 00:00,3.3837,3.3872,3.38,3.3872,32
2026-04-28 01:00,3.3912,3.3931,3.3837,3.3863,22
2026-04-28 02:00,3.3894,3.4208,3.3864,3.4008,177
2026-04-28 03:00,3.3998,3.4011,3.3883,3.3978,189
2026-04-28 04:00,3.3979,3.4272,3.3968,3.4202,613
2026-04-28 05:00,3.4177,3.4231,3.3976,3.412,559
2026-04-28 06:00,3.4149,3.4235,3.4075,3.4128,457
2026-04-28 07:00,3.4123,3.4151,3.3971,3.4046,328
2026-04-28 08:00,3.4022,3.4404,3.3995,3.4349,1543
2026-04-28 09:00,3.4334,3.4354,3.371,3.4004,2205
2026-04-28 10:00,3.401,3.4214,3.3857,3.4039,3030
2026-04-28 11:00,3.4041,3.429,3.387,3.388,3763
2026-04-28 12:00,3.3878,3.4035,3.3784,3.399,2583
2026-04-28 13:00,3.3994,3.4096,3.3805,3.3805,1591
2026-04-28 14:00,3.3799,3.4153,3.3799,3.4146,1712
2026-04-28 15:00,3.4143,3.4375,3.4085,3.4246,4841
2026-04-28 16:00,3.4248,3.4352,3.4248,3.4334,658
2026-04-28 17:00,3.4323,3.4422,3.4222,3.4422,426
2026-04-28 19:00,3.4257,3.4463,3.4257,3.4377,61
2026-04-28 20:00,3.4375,3.4376,3.4297,3.4321,115
2026-04-28 21:00,3.4324,3.4324,3.423,3.4295,217
2026-04-28 22:00,3.4284,3.452,3.4283,3.4473,433
2026-04-28 23:00,3.4399,3.4404,3.4077,3.4255,186
2026-04-29 00:00,3.427,3.428,3.4162,3.4247,169
2026-04-29 01:00,3.4251,3.4358,3.425,3.434,67
2026-04-29 02:00,3.4336,3.4402,3.4336,3.4401,46
2026-04-29 03:00,3.4373,3.4574,3.4317,3.4514,230
2026-04-29 04:00,3.4513,3.4795,3.4473,3.4752,593
2026-04-29 05:00,3.4757,3.5215,3.4733,3.516,844
2026-04-29 06:00,3.5157,3.5253,3.5067,3.5146,564
2026-04-29 07:00,3.5155,3.5181,3.5081,3.5144,378
2026-04-29 08:00,3.5135,3.526,3.5117,3.5229,1159
2026-04-29 09:00,3.5239,3.5484,3.5143,3.5287,2200
2026-04-29 10:00,3.5285,3.5663,3.5231,3.5556,4390
2026-04-29 11:00,3.5562,3.583,3.5489,3.5822,4115
2026-04-29 12:00,3.5817,3.608,3.5691,3.6012,3842
2026-04-29 13:00,3.6002,3.6067,3.5736,3.6028,2896
2026-04-29 14:00,3.6029,3.6144,3.5682,3.5802,3088
2026-04-29 15:00,3.5808,3.6022,3.5796,3.5917,4609
2026-04-29 16:00,3.5905,3.6277,3.5892,3.6147,880
2026-04-29 17:00,3.6152,3.6166,3.6022,3.6126,338
2026-04-29 19:00,3.6132,3.62,3.5961,3.6025,241
2026-04-29 20:00,3.6018,3.6068,3.5961,3.6,56
2026-04-29 21:00,3.5999,3.6015,3.5731,3.5888,218
2026-04-29 22:00,3.5902,3.593,3.5729,3.5729,155
2026-04-29 23:00,3.5735,3.6149,3.5733,3.6028,276
2026-04-30 00:00,3.6056,3.6392,3.5959,3.6313,385
2026-04-30 01:00,3.6324,3.6673,3.632,3.6429,398
2026-04-30 02:00,3.6404,3.6466,3.6263,3.6413,338
2026-04-30 03:00,3.6386,3.6498,3.6105,3.6105,434
2026-04-30 04:00,3.6082,3.6132,3.5886,3.5932,442
2026-04-30 05:00,3.5917,3.603,3.5857,3.6016,591
2026-04-30 06:00,3.6015,3.617,3.5596,3.5809,1125
2026-04-30 07:00,3.5818,3.5889,3.5625,3.5684,653
2026-04-30 08:00,3.5679,3.5696,3.5116,3.5509,1561
2026-04-30 09:00,3.5524,3.5743,3.5443,3.5598,1699
2026-04-30 10:00,3.5598,3.5796,3.5274,3.5631,3394
2026-04-30 11:00,3.5634,3.5917,3.5537,3.5912,3079
2026-04-30 12:00,3.5919,3.5999,3.5668,3.5847,4343
2026-04-30 13:00,3.5849,3.6046,3.5784,3.5995,2200
2026-04-30 14:00,3.5985,3.6039,3.5694,3.5892,3217
2026-04-30 15:00,3.5887,3.6259,3.5864,3.6248,5969
2026-04-30 16:00,3.6249,3.6262,3.6101,3.6262,745
2026-04-30 17:00,3.6259,3.6433,3.6237,3.6277,480
2026-04-30 19:00,3.4698,3.4752,3.4694,3.4726,12
2026-04-30 20:00,3.4683,3.4765,3.4683,3.4729,30
2026-04-30 21:00,3.4736,3.485,3.4677,3.4827,51
2026-04-30 22:00,3.4897,3.4899,3.4734,3.4782,27
2026-04-30 23:00,3.475,3.4914,3.4728,3.4758,32
2026-05-01 00:00,3.4765,3.4795,3.4755,3.4755,14
2026-05-01 01:00,3.4755,3.4758,3.4644,3.4657,50
2026-05-01 02:00,3.4695,3.4739,3.466,3.466,36
2026-05-01 03:00,3.4732,3.4975,3.4732,3.4859,77
2026-05-01 04:00,3.4854,3.4887,3.4583,3.4842,291
2026-05-01 05:00,3.4839,3.4909,3.4693,3.4869,251
2026-05-01 06:00,3.4899,3.5035,3.4833,3.485,174
2026-05-01 07:00,3.487,3.4922,3.4771,3.4794,107
2026-05-01 08:00,3.4803,3.4836,3.4668,3.4677,234
2026-05-01 09:00,3.4669,3.4754,3.4382,3.4717,1020
2026-05-01 10:00,3.4718,3.4746,3.397,3.411,1925
2026-05-01 11:00,3.4125,3.4191,3.3739,3.4081,1923
2026-05-01 12:00,3.4096,3.4209,3.3951,3.4003,1099
2026-05-01 13:00,3.4018,3.4219,3.3875,3.421,880
2026-05-01 14:00,3.4211,3.4236,3.3995,3.413,852
2026-05-01 15:00,3.4127,3.4474,3.4077,3.4365,2199
2026-05-01 16:00,3.4358,3.4375,3.428,3.4349,258
2026-05-01 17:00,3.434,3.4476,3.4328,3.4433,140
2026-05-03 19:00,3.4065,3.4357,3.3807,3.4316,67
2026-05-03 20:00,3.4281,3.4454,3.4262,3.4425,30
2026-05-03 21:00,3.4449,3.4548,3.4275,3.4277,67
2026-05-03 22:00,3.4306,3.4382,3.4246,3.4315,44
2026-05-03 23:00,3.4316,3.4392,3.4227,3.4365,47
2026-05-04 00:00,3.437,3.4461,3.4359,3.4359,25
2026-05-04 01:00,3.4332,3.4332,3.4214,3.4286,40
2026-05-04 02:00,3.4299,3.4299,3.3865,3.4063,123
2026-05-04 03:00,3.4037,3.4419,3.4037,3.435,114
2026-05-04 04:00,3.4333,3.4516,3.4234,3.4511,267
2026-05-04 05:00,3.4545,3.4757,3.437,3.4391,152
2026-05-04 06:00,3.4394,3.4411,3.4291,3.4411,64
2026-05-04 07:00,3.4414,3.5313,3.4413,3.4936,643
2026-05-04 08:00,3.4918,3.503,3.4666,3.4733,264
2026-05-04 09:00,3.4736,3.4736,3.4415,3.4648,492
2026-05-04 10:00,3.4629,3.489,3.4437,3.4759,1503
2026-05-04 11:00,3.4771,3.5176,3.4458,3.5127,2414
2026-05-04 12:00,3.514,3.5776,3.5081,3.57,2053
2026-05-04 13:00,3.57,3.5933,3.5497,3.5858,1112
2026-05-04 14:00,3.5855,3.5875,3.5559,3.5628,1187
2026-05-04 15:00,3.5631,3.582,3.5504,3.5667,874
2026-05-04 16:00,3.5657,3.5668,3.5491,3.5624,260
2026-05-04 17:00,3.5619,3.5629,3.5479,3.5574,90
2026-05-04 19:00,3.5622,3.5622,3.5474,3.5474,22
2026-05-04 20:00,3.5472,3.5497,3.545,3.5465,23
2026-05-04 21:00,3.5471,3.5545,3.5397,3.5534,29
2026-05-04 22:00,3.5522,3.5531,3.5439,3.5458,38
2026-05-04 23:00,3.539,3.5434,3.5344,3.5361,31
2026-05-05 00:00,3.5415,3.5415,3.5369,3.5391,20
2026-05-05 01:00,3.5389,3.5394,3.5317,3.5327,16
2026-05-05 02:00,3.5398,3.5432,3.5311,3.5377,99
2026-05-05 03:00,3.537,3.5647,3.5296,3.5398,137
2026-05-05 04:00,3.5397,3.5584,3.5159,3.5531,686
2026-05-05 05:00,3.5472,3.551,3.5016,3.5098,599
2026-05-05 06:00,3.517,3.5265,3.5066,3.5166,223
2026-05-05 07:00,3.5172,3.5304,3.5079,3.5264,222
2026-05-05 08:00,3.5258,3.55,3.5189,3.5216,381
2026-05-05 09:00,3.5207,3.5284,3.5005,3.5154,1263
2026-05-05 10:00,3.5158,3.5161,3.4645,3.4649,2722
2026-05-05 11:00,3.4651,3.4941,3.4505,3.4781,2343
2026-05-05 12:00,3.4754,3.4871,3.4626,3.4694,855
2026-05-05 13:00,3.4709,3.4807,3.4657,3.4747,609
2026-05-05 14:00,3.4747,3.4747,3.453,3.4648,850
2026-05-05 15:00,3.4649,3.4836,3.4604,3.4614,1493
2026-05-05 16:00,3.4616,3.4768,3.4603,3.474,145
2026-05-05 17:00,3.4732,3.4955,3.471,3.4944,218
2026-05-05 19:00,3.4874,3.4943,3.4027,3.4456,86
2026-05-05 20:00,3.4412,3.4557,3.4281,3.4334,54
2026-05-05 21:00,3.4314,3.4579,3.4281,3.4531,131
2026-05-05 22:00,3.449,3.4578,3.4273,3.4364,84
2026-05-05 23:00,3.4373,3.4417,3.4373,3.4388,55
2026-05-06 00:00,3.4387,3.4487,3.4381,3.4425,38
2026-05-06 01:00,3.4454,3.4454,3.4315,3.4381,68
2026-05-06 02:00,3.4391,3.462,3.4357,3.4364,155
2026-05-06 03:00,3.4353,3.4567,3.4202,3.4474,74
2026-05-06 04:00,3.4529,3.4549,3.3818,3.3829,151
2026-05-06 05:00,3.3833,3.41,3.3153,3.3245,675
2026-05-06 06:00,3.3245,3.3458,3.273,3.2767,538
2026-05-06 07:00,3.2772,3.2772,3.1832,3.1881,1159
2026-05-06 08:00,3.1895,3.255,3.1543,3.255,1201
2026-05-06 09:00,3.255,3.3305,3.2538,3.3179,1527
2026-05-06 10:00,3.3156,3.34,3.3025,3.3106,2018
2026-05-06 11:00,3.3111,3.331,3.2845,3.2997,1275
2026-05-06 12:00,3.2988,3.3297,3.295,3.3285,1015
2026-05-06 13:00,3.3282,3.35,3.3134,3.3396,921
2026-05-06 14:00,3.3398,3.3398,3.3223,3.3231,309
2026-05-06 15:00,3.3235,3.3243,3.3024,3.3124,1158
2026-05-06 16:00,3.3124,3.3194,3.3008,3.3194,505
2026-05-06 17:00,3.3209,3.3267,3.3138,3.3236,62
2026-05-06 19:00,3.3113,3.3346,3.3113,3.3228,35
2026-05-06 20:00,3.3253,3.328,3.3208,3.3211,22
2026-05-06 21:00,3.3212,3.335,3.3158,3.3329,61
2026-05-06 22:00,3.331,3.3343,3.3166,3.3185,23
2026-05-06 23:00,3.3032,3.3283,3.3032,3.3239,38
2026-05-07 00:00,3.3235,3.3312,3.32,3.3303,17
2026-05-07 01:00,3.3289,3.3289,3.3209,3.3209,3
2026-05-07 02:00,3.3218,3.3308,3.3218,3.3263,29
2026-05-07 03:00,3.3262,3.3343,3.2952,3.3063,193
2026-05-07 04:00,3.304,3.3044,3.2353,3.2799,755
2026-05-07 05:00,3.2789,3.3127,3.2708,3.2708,386
2026-05-07 06:00,3.2713,3.2798,3.2569,3.2736,240
2026-05-07 07:00,3.2762,3.2821,3.2601,3.2739,145
2026-05-07 08:00,3.2726,3.2732,3.2433,3.2444,218
2026-05-07 09:00,3.2436,3.2478,3.1975,3.2142,905
2026-05-07 10:00,3.2144,3.2446,3.2105,3.2161,2161
2026-05-07 11:00,3.217,3.2288,3.2024,3.2198,1763
2026-05-07 12:00,3.2182,3.2753,3.2182,3.2739,2939
2026-05-07 13:00,3.2731,3.3037,3.2721,3.2951,1883
2026-05-07 14:00,3.2938,3.3415,3.2859,3.3105,1747
2026-05-07 15:00,3.3106,3.3528,3.3021,3.3307,2003
2026-05-07 16:00,3.3309,3.3665,3.3295,3.3455,617
2026-05-07 17:00,3.3392,3.3748,3.3079,3.3656,352
2026-05-07 19:00,3.3619,3.3753,3.3412,3.3626,109
2026-05-07 20:00,3.3574,3.3596,3.3533,3.3533,15
2026-05-07 21:00,3.3502,3.365,3.3415,3.3466,52
2026-05-07 22:00,3.3447,3.3483,3.3168,3.3483,115
2026-05-07 23:00,3.3462,3.357,3.327,3.3365,70
2026-05-08 00:00,3.3358,3.3361,3.3311,3.335,15
2026-05-08 01:00,3.3337,3.3565,3.3301,3.3322,45
2026-05-08 02:00,3.3246,3.3396,3.3246,3.3265,30
2026-05-08 03:00,3.3265,3.3364,3.2977,3.3193,136
2026-05-08 04:00,3.3206,3.3291,3.305,3.3139,412
2026-05-08 05:00,3.3139,3.3192,3.2851,3.291,611
2026-05-08 06:00,3.2937,3.311,3.278,3.3067,171
2026-05-08 07:00,3.3062,3.3123,3.2901,3.3007,274
2026-05-08 08:00,3.2971,3.3157,3.2937,3.3074,282
2026-05-08 09:00,3.3063,3.3139,3.2888,3.3081,562
2026-05-08 10:00,3.308,3.308,3.2765,3.2903,1246
2026-05-08 11:00,3.2911,3.3355,3.2911,3.3201,1391
2026-05-08 12:00,3.3195,3.3458,3.3137,3.3356,1593
2026-05-08 13:00,3.3353,3.3419,3.3252,3.3384,840
2026-05-08 14:00,3.3385,3.343,3.3217,3.3392,1388
2026-05-08 15:00,3.3398,3.3716,3.3194,3.3693,1873
2026-05-08 16:00,3.3689,3.3726,3.3448,3.351,242
2026-05-08 17:00,3.352,3.3561,3.3462,3.354,279
2026-05-10 19:00,3.4038,3.4478,3.4023,3.4328,122
2026-05-10 20:00,3.4297,3.4408,3.4273,3.4406,53
2026-05-10 21:00,3.4405,3.4496,3.4307,3.4362,297
2026-05-10 22:00,3.431,3.4325,3.4185,3.4223,107
2026-05-10 23:00,3.42,3.4466,3.4186,3.4466,132
2026-05-11 00:00,3.4467,3.4535,3.4442,3.4535,64
2026-05-11 01:00,3.4568,3.4595,3.4528,3.4595,87
2026-05-11 02:00,3.4587,3.4587,3.4481,3.4493,123
2026-05-11 03:00,3.4489,3.4535,3.422,3.4257,197
2026-05-11 04:00,3.427,3.444,3.424,3.4301,447
2026-05-11 05:00,3.4296,3.4336,3.4076,3.429,626
2026-05-11 06:00,3.4321,3.435,3.4251,3.4345,273
2026-05-11 07:00,3.4357,3.4369,3.4201,3.4367,298
2026-05-11 08:00,3.4401,3.4563,3.4349,3.4522,552
2026-05-11 09:00,3.4533,3.4594,3.41,3.434,831
2026-05-11 10:00,3.4336,3.4342,3.394,3.4088,3954
2026-05-11 11:00,3.4093,3.4422,3.4084,3.4421,1841
2026-05-11 12:00,3.4418,3.4547,3.4333,3.4476,1589
2026-05-11 13:00,3.4488,3.4839,3.4488,3.4725,1120
2026-05-11 14:00,3.4723,3.4724,3.4409,3.4409,1195
2026-05-11 15:00,3.4418,3.4546,3.4317,3.4397,1907
2026-05-11 16:00,3.4398,3.4463,3.4349,3.4412,237
2026-05-11 17:00,3.4414,3.4587,3.4391,3.4404,167
2026-05-11 19:00,3.4574,3.4574,3.4448,3.4477,18
2026-05-11 20:00,3.447,3.447,3.444,3.444,25
2026-05-11 21:00,3.4446,3.4565,3.4442,3.4565,64
2026-05-11 22:00,3.4539,3.4596,3.4481,3.4591,45
2026-05-11 23:00,3.4595,3.4646,3.4595,3.4606,11
2026-05-12 00:00,3.4599,3.4607,3.4555,3.4591,20
2026-05-12 01:00,3.4605,3.4605,3.4482,3.4502,15
2026-05-12 02:00,3.4532,3.4626,3.4492,3.459,42
2026-05-12 03:00,3.4614,3.4933,3.4608,3.4899,108
2026-05-12 04:00,3.4903,3.4919,3.4812,3.4898,199
2026-05-12 05:00,3.49,3.5075,3.4892,3.497,324
2026-05-12 06:00,3.4978,3.5168,3.4961,3.5139,403
2026-05-12 07:00,3.5134,3.529,3.5083,3.5244,426
2026-05-12 08:00,3.5254,3.5365,3.5173,3.5198,471
2026-05-12 09:00,3.52,3.5318,3.5163,3.5167,1371
2026-05-12 10:00,3.517,3.5462,3.5128,3.5414,3888
2026-05-12 11:00,3.5411,3.5443,3.5242,3.5363,1651
2026-05-12 12:00,3.5371,3.5508,3.5259,3.532,1669
2026-05-12 13:00,3.5325,3.5365,3.5189,3.5189,969
2026-05-12 14:00,3.5186,3.534,3.5128,3.533,1389
2026-05-12 15:00,3.532,3.5473,3.5298,3.5454,1568
2026-05-12 16:00,3.5442,3.5455,3.5374,3.5441,226
2026-05-12 17:00,3.5441,3.545,3.5155,3.5185,467
2026-05-12 19:00,3.5276,3.5276,3.5121,3.5221,17
2026-05-12 20:00,3.5185,3.5204,3.5185,3.5204,6
2026-05-12 21:00,3.5129,3.5202,3.5016,3.5068,218
2026-05-12 22:00,3.5071,3.5071,3.5001,3.5046,26
2026-05-12 23:00,3.5118,3.5119,3.4926,3.4934,84
2026-05-13 00:00,3.4973,3.5013,3.4924,3.4985,46
2026-05-14 14:00,3.4445,3.4694,3.4406,3.4657,1424
2026-05-14 15:00,3.4655,3.4729,3.4586,3.4671,1800
2026-05-14 16:00,3.4669,3.475,3.462,3.4744,385
2026-05-14 17:00,3.4758,3.4809,3.4711,3.4797,95
2026-05-14 19:00,3.49,3.49,3.4705,3.4793,53
2026-05-14 20:00,3.4796,3.4854,3.4789,3.4817,22
2026-05-14 21:00,3.4828,3.4862,3.4779,3.4817,55
2026-05-14 22:00,3.4775,3.5068,3.4775,3.493,56
2026-05-14 23:00,3.4938,3.505,3.4874,3.4986,95
2026-05-15 00:00,3.4985,3.4985,3.4881,3.4881,44
2026-05-15 01:00,3.4914,3.4939,3.4893,3.4893,51
2026-05-15 02:00,3.4896,3.515,3.489,3.5067,104
2026-05-15 03:00,3.5067,3.5101,3.4866,3.4889,225
2026-05-15 04:00,3.4889,3.4944,3.4764,3.4932,415
2026-05-15 05:00,3.4932,3.5282,3.4882,3.5186,800
2026-05-15 06:00,3.518,3.5283,3.51,3.5224,535
2026-05-15 07:00,3.5207,3.5207,3.4688,3.4825,563
2026-05-15 08:00,3.4818,3.5084,3.479,3.5084,153
2026-05-15 09:00,3.5086,3.5172,3.5007,3.5104,866
2026-05-15 10:00,3.5115,3.5266,3.4947,3.5214,1573
2026-05-15 11:00,3.5209,3.5396,3.5065,3.5365,1799
2026-05-15 12:00,3.5357,3.5523,3.5281,3.5443,1887
2026-05-15 13:00,3.5437,3.5594,3.5429,3.5512,1534
2026-05-15 14:00,3.552,3.558,3.5416,3.555,1586
2026-05-15 15:00,3.5547,3.5665,3.5501,3.5577,2795
2026-05-15 16:00,3.5577,3.5641,3.5557,3.5612,303
2026-05-15 17:00,3.5611,3.5674,3.5555,3.5588,317
2026-05-17 19:00,3.56,3.5905,3.56,3.5702,198
2026-05-17 20:00,3.5703,3.5855,3.5703,3.5752,60
2026-05-17 21:00,3.5755,3.5855,3.5643,3.581,70
2026-05-17 22:00,3.5791,3.6053,3.5736,3.5807,222
2026-05-17 23:00,3.5826,3.5893,3.5801,3.5801,86
2026-05-18 00:00,3.5825,3.5838,3.5783,3.5785,41
2026-05-18 01:00,3.5776,3.5836,3.5753,3.5778,24
2026-05-18 02:00,3.5774,3.5821,3.566,3.5695,65
2026-05-18 03:00,3.5723,3.587,3.5711,3.5759,227
2026-05-18 04:00,3.5744,3.5767,3.5496,3.5668,640
2026-05-18 05:00,3.5676,3.5829,3.5597,3.5681,517
2026-05-18 06:00,3.5666,3.5829,3.5666,3.5774,360
2026-05-18 07:00,3.5764,3.5928,3.5759,3.5909,292
2026-05-18 08:00,3.5911,3.6072,3.5419,3.5557,1105
2026-05-18 09:00,3.5568,3.5759,3.516,3.5332,1426
2026-05-18 10:00,3.5346,3.5555,3.5304,3.5401,2694
2026-05-18 11:00,3.5398,3.585,3.5392,3.5778,2541
2026-05-18 12:00,3.5774,3.6158,3.5735,3.6111,2657
2026-05-18 13:00,3.6105,3.6257,3.6052,3.6105,1585
2026-05-18 14:00,3.6115,3.6134,3.596,3.6126,1232
2026-05-18 15:00,3.6126,3.6385,3.6105,3.6205,2621
2026-05-18 16:00,3.621,3.622,3.5448,3.5564,1387
2026-05-18 17:00,3.5521,3.5543,3.5331,3.551,529
2026-05-18 19:00,3.5759,3.5759,3.551,3.5551,57
2026-05-18 20:00,3.559,3.559,3.5544,3.5581,22
2026-05-18 21:00,3.556,3.5646,3.5558,3.5596,94
2026-05-18 22:00,3.5603,3.5737,3.5563,3.5588,64
2026-05-18 23:00,3.5581,3.5753,3.5581,3.5729,47
2026-05-19 00:00,3.5742,3.5766,3.5652,3.5683,28
2026-05-19 01:00,3.568,3.5686,3.5626,3.5629,23
2026-05-19 02:00,3.5624,3.5841,3.5624,3.5717,52
2026-05-19 03:00,3.5732,3.5842,3.5579,3.5833,177
2026-05-19 04:00,3.5825,3.5881,3.5631,3.5688,622
2026-05-19 05:00,3.5664,3.582,3.5587,3.5622,442
2026-05-19 06:00,3.5631,3.5707,3.5525,3.5558,324
2026-05-19 07:00,3.5558,3.5848,3.5552,3.5728,721
2026-05-19 08:00,3.5709,3.5861,3.5709,3.5837,603
2026-05-19 09:00,3.5834,3.5838,3.5558,3.5604,1543
2026-05-19 10:00,3.5601,3.5859,3.5448,3.5515,3303
2026-05-19 11:00,3.5521,3.5566,3.5275,3.5414,4063
2026-05-19 12:00,3.5427,3.5547,3.526,3.5535,2828
2026-05-19 13:00,3.5528,3.5726,3.5512,3.5605,1601
2026-05-19 14:00,3.5618,3.5682,3.5418,3.5488,1529
2026-05-19 15:00,3.5486,3.5889,3.538,3.5797,3961
2026-05-19 16:00,3.5792,3.5796,3.5613,3.5656,507
2026-05-19 17:00,3.5662,3.5696,3.5532,3.5541,322
2026-05-19 19:00,3.5582,3.5647,3.5579,3.5589,19
2026-05-19 20:00,3.5603,3.5608,3.5505,3.5507,21
2026-05-19 21:00,3.5527,3.5542,3.5478,3.5509,44
2026-05-19 22:00,3.5506,3.5692,3.536,3.541,157
2026-05-19 23:00,3.5469,3.5662,3.5469,3.5606,43
2026-05-20 00:00,3.5637,3.5643,3.54,3.5414,138
2026-05-20 01:00,3.5402,3.5552,3.5338,3.5538,79
2026-05-20 02:00,3.5464,3.556,3.5445,3.5553,84
2026-05-20 03:00,3.5514,3.5598,3.5235,3.5272,193
2026-05-20 04:00,3.5245,3.536,3.5196,3.5283,257
2026-05-20 05:00,3.5262,3.5271,3.4991,3.5068,889
2026-05-20 06:00,3.5056,3.5245,3.4997,3.52,465
2026-05-20 07:00,3.5209,3.5265,3.4875,3.4981,748
2026-05-20 08:00,3.4984,3.521,3.497,3.5172,909
2026-05-20 09:00,3.5164,3.5167,3.4755,3.5029,1422
2026-05-20 10:00,3.5033,3.521,3.4961,3.5209,2787
2026-05-20 11:00,3.5202,3.5337,3.4481,3.4608,4616
2026-05-20 12:00,3.4602,3.4653,3.3709,3.4266,6144
2026-05-20 13:00,3.4274,3.4322,3.3792,3.3838,2895
2026-05-20 14:00,3.3835,3.3944,3.3573,3.3944,3270
2026-05-20 15:00,3.3938,3.3952,3.3766,3.3784,4249
2026-05-20 16:00,3.3785,3.3848,3.3703,3.3828,1009
2026-05-20 17:00,3.3827,3.3939,3.3761,3.3916,418
2026-05-20 19:00,3.3845,3.3966,3.3845,3.3901,46
2026-05-20 20:00,3.3912,3.3936,3.3853,3.3903,72
2026-05-20 21:00,3.3904,3.4211,3.3897,3.3965,247
2026-05-20 22:00,3.3972,3.3978,3.3785,3.3809,168
2026-05-20 23:00,3.3849,3.3947,3.3832,3.3935,47
2026-05-21 00:00,3.3948,3.3948,3.3873,3.3906,117
2026-05-21 01:00,3.3904,3.3936,3.3834,3.3834,62
2026-05-21 02:00,3.3865,3.4141,3.3838,3.3935,157
2026-05-21 03:00,3.3932,3.4102,3.3867,3.403,514
2026-05-21 04:00,3.4009,3.4068,3.3834,3.3884,475
2026-05-21 05:00,3.388,3.389,3.3523,3.3573,1125
2026-05-21 06:00,3.3577,3.3581,3.3207,3.3273,2309
2026-05-21 07:00,3.3272,3.4195,3.3249,3.4111,1391
2026-05-21 08:00,3.4111,3.4139,3.3865,3.3953,1497
2026-05-21 09:00,3.3953,3.4216,3.3932,3.4199,1599
2026-05-21 10:00,3.4203,3.458,3.4014,3.4047,4096
2026-05-21 11:00,3.4058,3.4255,3.3937,3.4151,2399
2026-05-21 12:00,3.4143,3.4319,3.3925,3.3925,3522
2026-05-21 13:00,3.3926,3.393,3.3693,3.3713,3040
2026-05-21 14:00,3.3703,3.3761,3.2573,3.2729,5000
2026-05-21 15:00,3.273,3.3348,3.2671,3.3314,5193
2026-05-21 16:00,3.3294,3.3372,3.3058,3.3315,1286
2026-05-21 17:00,3.3315,3.35,3.3289,3.3476,328
2026-05-21 19:00,3.3592,3.3592,3.333,3.3441,62
2026-05-21 20:00,3.3425,3.348,3.3423,3.3448,43
2026-05-21 21:00,3.3442,3.35,3.3321,3.3372,84
2026-05-21 22:00,3.3396,3.346,3.3194,3.3216,85
2026-05-21 23:00,3.3214,3.3291,3.3196,3.3243,84
2026-05-22 00:00,3.3214,3.325,3.3191,3.3229,71
2026-05-22 01:00,3.3239,3.3243,3.3136,3.3243,17
2026-05-22 02:00,3.324,3.3491,3.3199,3.3435,78
2026-05-22 03:00,3.3442,3.3508,3.3321,3.3376,146
2026-05-22 04:00,3.3357,3.3539,3.3212,3.3212,1284
2026-05-22 05:00,3.3224,3.362,3.3175,3.3551,1178
2026-05-22 06:00,3.357,3.3613,3.3373,3.3581,666
2026-05-22 07:00,3.3553,3.3781,3.3489,3.3591,355
2026-05-22 08:00,3.3591,3.3714,3.3355,3.3416,622
2026-05-22 09:00,3.341,3.3448,3.3036,3.315,1421
2026-05-22 10:00,3.3136,3.3663,3.2989,3.36,4168
2026-05-22 11:00,3.3603,3.3714,3.3439,3.3516,2382
2026-05-22 12:00,3.3521,3.364,3.3391,3.3426,2995
2026-05-22 13:00,3.3432,3.3536,3.3236,3.3466,2221
2026-05-22 14:00,3.346,3.3509,3.292,3.323,3619
2026-05-22 15:00,3.3234,3.3561,3.3211,3.3383,6249
2026-05-22 16:00,3.3386,3.3555,3.3373,3.3408,477
2026-05-22 17:00,3.3389,3.3585,3.3298,3.3545,357
2026-05-24 19:00,3.2667,3.2712,3.2108,3.2147,1154
2026-05-24 20:00,3.2146,3.2147,3.1996,3.2133,331
2026-05-24 21:00,3.2159,3.2211,3.1889,3.2148,395
2026-05-24 22:00,3.2166,3.2336,3.2122,3.2227,218
2026-05-24 23:00,3.2223,3.2235,3.2068,3.2068,55
2026-05-25 00:00,3.2057,3.2057,3.1753,3.1863,204
2026-05-25 01:00,3.1878,3.1939,3.1868,3.1886,67
2026-05-25 02:00,3.1876,3.191,3.1769,3.1769,130
2026-05-25 03:00,3.1794,3.1943,3.1774,3.1915,100
2026-05-25 04:00,3.191,3.2367,3.191,3.2127,749
2026-05-25 05:00,3.2116,3.238,3.2106,3.2149,162
2026-05-25 06:00,3.2131,3.2137,3.1879,3.1989,203
2026-05-25 07:00,3.198,3.2043,3.1921,3.1985,138
2026-05-25 08:00,3.1998,3.2116,3.1941,3.1963,296
2026-05-25 09:00,3.198,3.2156,3.1769,3.2153,871
2026-05-25 10:00,3.2158,3.2333,3.2157,3.2266,622
2026-05-25 11:00,3.227,3.239,3.21,3.2369,1219
2026-05-25 12:00,3.237,3.248,3.2124,3.2213,571
2026-05-25 13:00,3.2237,3.2331,3.187,3.1892,376
2026-05-25 14:00,3.1881,3.212,3.1835,3.2095,162
2026-05-25 14:30,3.2103,3.212,3.2026,3.2067,96
2026-05-25 19:00,3.2066,3.219,3.2016,3.21,100
2026-05-25 20:00,3.2078,3.218,3.2068,3.2158,53
2026-05-25 21:00,3.2195,3.242,3.2166,3.2234,303
2026-05-25 22:00,3.2258,3.2422,3.2258,3.2349,153
2026-05-25 23:00,3.235,3.235,3.2229,3.2259,149
2026-05-26 00:00,3.2232,3.2286,3.22,3.227,114
2026-05-26 01:00,3.225,3.2354,3.225,3.2342,48
2026-05-26 02:00,3.2348,3.2465,3.2297,3.2307,55
2026-05-26 03:00,3.2288,3.237,3.217,3.2244,184
2026-05-26 04:00,3.2231,3.2587,3.223,3.2474,331
2026-05-26 05:00,3.2469,3.269,3.246,3.2598,278
2026-05-26 06:00,3.2583,3.2589,3.2217,3.2257,771
2026-05-26 07:00,3.2267,3.2275,3.2017,3.217,471
2026-05-26 08:00,3.2179,3.2344,3.2148,3.2281,1224
2026-05-26 09:00,3.2286,3.2408,3.2208,3.228,1560
2026-05-26 10:00,3.2272,3.254,3.2137,3.2462,2836
2026-05-26 11:00,3.2461,3.2489,3.2096,3.2196,2689
2026-05-26 12:00,3.2198,3.224,3.2043,3.2058,3730
2026-05-26 13:00,3.2057,3.2161,3.1944,3.1972,2724
2026-05-26 14:00,3.197,3.1991,3.1542,3.1542,4292
2026-05-26 15:00,3.1546,3.1683,3.1294,3.1344,6111
2026-05-26 16:00,3.1345,3.1486,3.1345,3.1379,1102
2026-05-26 17:00,3.1371,3.1427,3.1289,3.1388,306
2026-05-26 19:00,3.138,3.1467,3.1304,3.1426,103
2026-05-26 20:00,3.1424,3.1428,3.133,3.138,41
2026-05-26 21:00,3.1385,3.1397,3.1234,3.1288,248
2026-05-26 22:00,3.1292,3.1352,3.1166,3.1223,339
2026-05-26 23:00,3.1198,3.12,3.1051,3.1101,173
2026-05-27 00:00,3.1097,3.1097,3.0931,3.1039,409
2026-05-27 01:00,3.104,3.1048,3.0951,3.0972,151
2026-05-27 02:00,3.097,3.1046,3.0948,3.0993,94
2026-05-27 03:00,3.0998,3.1068,3.0825,3.0893,397
2026-05-27 04:00,3.088,3.0902,3.0404,3.0422,1935
2026-05-27 05:00,3.0419,3.0467,3.0306,3.0467,1289
2026-05-27 06:00,3.0484,3.0674,3.0409,3.0421,966
2026-05-27 07:00,3.0444,3.062,3.0443,3.0514,525
2026-05-27 08:00,3.0507,3.0764,3.0475,3.0543,1538
2026-05-27 09:00,3.0549,3.0598,2.9911,3.0208,3279
2026-05-27 10:00,3.0215,3.0649,3.016,3.0569,4442
2026-05-27 11:00,3.0561,3.0826,3.0418,3.0803,3457
2026-05-27 12:00,3.0806,3.1037,3.0728,3.0787,4225
2026-05-27 13:00,3.0798,3.0951,3.0763,3.0923,2028
2026-05-27 14:00,3.0928,3.1029,3.0701,3.075,1652
2026-05-27 15:00,3.0753,3.0788,3.0618,3.0729,2581
2026-05-27 16:00,3.0724,3.0885,3.0721,3.0845,511
2026-05-27 17:00,3.0858,3.0893,3.0813,3.0859,325
2026-05-27 19:00,3.0823,3.0973,3.0823,3.0937,48
2026-05-27 20:00,3.0929,3.1063,3.0929,3.1007,85
2026-05-27 21:00,3.1008,3.1115,3.0956,3.1076,180
2026-05-27 22:00,3.106,3.1129,3.0997,3.1035,193
2026-05-27 23:00,3.103,3.1208,3.0979,3.1189,337
2026-05-28 00:00,3.1228,3.1433,3.1228,3.1405,102
2026-05-28 01:00,3.1401,3.1484,3.1386,3.1407,100
2026-05-28 02:00,3.1388,3.1388,3.1152,3.1189,96
2026-05-28 03:00,3.1194,3.1227,3.11,3.117,212
2026-05-28 04:00,3.1172,3.1474,3.1131,3.1363,612
2026-05-28 05:00,3.1343,3.142,3.126,3.1342,374
2026-05-28 06:00,3.1347,3.14,3.1136,3.1224,426
2026-05-28 07:00,3.1241,3.1574,3.1192,3.147,605
2026-05-28 08:00,3.1455,3.152,3.13,3.13,564
2026-05-28 09:00,3.128,3.1316,3.098,3.1,1459
2026-05-28 10:00,3.1001,3.1144,3.0882,3.1081,2703
2026-05-28 11:00,3.109,3.1233,3.0171,3.0704,3109
2026-05-28 12:00,3.0713,3.0941,3.0636,3.0836,2624
2026-05-28 13:00,3.0866,3.1143,3.0593,3.0703,2254
2026-05-28 14:00,3.0696,3.0968,3.0696,3.0832,1627
2026-05-28 15:00,3.0826,3.12,3.0818,3.1167,3337
2026-05-28 16:00,3.1182,3.1247,3.1115,3.1247,750
2026-05-28 17:00,3.1252,3.1274,3.1021,3.1059,222
2026-05-28 19:00,3.1,3.1059,3.0936,3.0975,40
2026-05-28 20:00,3.0974,3.0974,3.0891,3.0959,61
2026-05-28 21:00,3.09,3.0978,3.0785,3.0978,103
2026-05-28 22:00,3.0967,3.1033,3.0815,3.0867,79
2026-05-28 23:00,3.0826,3.0959,3.0782,3.0892,55
2026-05-29 00:00,3.0904,3.1045,3.0805,3.1015,165
2026-05-29 01:00,3.1013,3.1013,3.0757,3.0771,101
2026-05-29 02:00,3.0771,3.0886,3.0718,3.0868,121
2026-05-29 03:00,3.086,3.086,3.0642,3.0683,180
2026-05-29 04:00,3.0671,3.1056,3.0663,3.1035,640
2026-05-29 05:00,3.1032,3.1088,3.0855,3.0858,444
2026-05-29 06:00,3.0862,3.0862,3.0366,3.052,705
2026-05-29 07:00,3.054,3.0702,3.0403,3.0566,349
2026-05-29 08:00,3.0561,3.0759,3.0482,3.0604,614
2026-05-29 09:00,3.0587,3.0805,3.0548,3.0679,1391
2026-05-29 10:00,3.0681,3.0855,3.0426,3.0803,2622
2026-05-29 11:00,3.0808,3.1105,3.0477,3.0557,3587
2026-05-29 12:00,3.0566,3.0669,3.019,3.0525,3506
2026-05-29 13:00,3.0532,3.0625,3.0066,3.0316,3218
2026-05-29 14:00,3.0329,3.0454,3.0202,3.0361,3037
2026-05-29 15:00,3.0357,3.0566,3.024,3.0449,4662
2026-05-29 16:00,3.044,3.0544,3.0382,3.0488,590
2026-05-29 17:00,3.0501,3.0523,3.0419,3.0469,158
2026-05-31 19:00,2.9848,3.0264,2.9848,3.0092,89
2026-05-31 20:00,3.0101,3.0137,3.007,3.01,70
2026-05-31 21:00,3.0148,3.0294,3.0138,3.018,75
2026-05-31 22:00,3.0196,3.0438,3.0112,3.036,155
2026-05-31 23:00,3.0373,3.04,3.028,3.031,47
2026-06-01 00:00,3.0279,3.0401,3.0203,3.0309,70
2026-06-01 01:00,3.0322,3.0336,3.0175,3.0248,23
2026-06-01 02:00,3.0264,3.0386,3.0224,3.033,29
2026-06-01 03:00,3.0317,3.0521,3.0317,3.0362,106
2026-06-01 04:00,3.0342,3.048,3.0319,3.0343,177
2026-06-01 05:00,3.0325,3.0585,3.0325,3.0513,568
2026-06-01 06:00,3.0474,3.0529,3.0408,3.0408,281
2026-06-01 07:00,3.0409,3.0499,3.0376,3.0398,234
2026-06-01 08:00,3.039,3.0426,3.0229,3.0255,310
2026-06-01 09:00,3.0257,3.0283,2.9788,2.992,1004
2026-06-01 10:00,2.9922,3.0908,2.9886,3.0908,2609
2026-06-01 11:00,3.0901,3.0928,3.0527,3.069,2029
2026-06-01 12:00,3.0684,3.0782,3.0329,3.0603,1845
2026-06-01 13:00,3.0595,3.0714,3.033,3.0349,1221
2026-06-01 14:00,3.0348,3.0419,2.9914,3.0143,1579
2026-06-01 15:00,3.0136,3.0246,3.0065,3.0227,1336
2026-06-01 16:00,3.023,3.0267,3.0152,3.0243,848
2026-06-01 17:00,3.0247,3.0273,3.0186,3.0228,185
2026-06-01 19:00,3.016,3.0165,3.0142,3.0162,7
2026-06-01 20:00,3.0214,3.0215,3.015,3.015,3
2026-06-01 21:00,3.009,3.0157,3.005,3.0157,26
2026-06-01 22:00,3.0147,3.0194,2.9914,2.9986,73
2026-06-01 23:00,2.9948,3.0013,2.9916,3,22
2026-06-02 00:00,2.9998,2.9998,2.9924,2.9927,15
2026-06-02 01:00,2.9934,2.9952,2.9891,2.9917,18
2026-06-02 02:00,2.9926,2.9949,2.9846,2.9941,26
2026-06-02 03:00,2.9975,3.0039,2.9847,3.0007,62
2026-06-02 04:00,3.0002,3.0153,2.9921,2.9947,159
2026-06-02 05:00,2.994,3.0006,2.9791,2.9912,281
2026-06-02 06:00,2.9921,2.9946,2.9793,2.9937,287
2026-06-02 07:00,2.995,3.002,2.9927,2.9956,192
2026-06-02 08:00,2.9952,2.999,2.9862,2.9963,618
2026-06-02 09:00,2.9915,3.0162,2.9894,3.0097,1159
2026-06-02 10:00,3.0093,3.0502,3.0084,3.05,2369
2026-06-02 11:00,3.0506,3.0662,3.0474,3.0604,2000
2026-06-02 12:00,3.0601,3.064,3.0481,3.0508,1569
2026-06-02 13:00,3.0507,3.0755,3.0436,3.0718,844
2026-06-02 14:00,3.0712,3.0838,3.0666,3.0765,907
2026-06-02 15:00,3.0756,3.0822,3.0688,3.0769,2457
2026-06-02 16:00,3.0771,3.0778,3.0721,3.0752,274
2026-06-02 17:00,3.0767,3.0767,3.0605,3.0609,112
2026-06-02 19:00,3.0669,3.0734,3.0619,3.0704,58
2026-06-02 20:00,3.0688,3.0937,3.0646,3.0777,64
2026-06-02 21:00,3.0777,3.0907,3.0746,3.0751,141
2026-06-02 22:00,3.0752,3.0874,3.0752,3.0854,51
2026-06-02 23:00,3.0779,3.0795,3.0752,3.0792,17
2026-06-03 00:00,3.0793,3.0793,3.0755,3.0765,25
2026-06-03 01:00,3.0764,3.085,3.0764,3.0797,26
2026-06-03 02:00,3.0792,3.0901,3.0792,3.0895,28
2026-06-03 03:00,3.0979,3.1101,3.089,3.1085,178
2026-06-03 04:00,3.1072,3.1171,3.1057,3.1144,284
2026-06-03 05:00,3.1137,3.1336,3.1128,3.129,431
2026-06-03 06:00,3.1288,3.1337,3.1185,3.1321,215
2026-06-03 07:00,3.1325,3.1332,3.1066,3.1189,330
2026-06-03 08:00,3.1171,3.1171,3.1047,3.1068,217
2026-06-03 09:00,3.1062,3.1231,3.098,3.1094,548
2026-06-03 10:00,3.1094,3.113,3.091,3.0913,1208
2026-06-03 11:00,3.0925,3.1114,3.0826,3.1062,1679
2026-06-03 12:00,3.1065,3.1119,3.0946,3.1012,1489
2026-06-03 13:00,3.1,3.1025,3.0883,3.0897,1318
2026-06-03 14:00,3.0888,3.1002,3.0804,3.0812,1403
2026-06-03 15:00,3.0811,3.0852,3.0695,3.0737,1597
2026-06-03 16:00,3.0737,3.0771,3.0658,3.0752,733
2026-06-03 17:00,3.075,3.077,3.0663,3.0724,217
2026-06-03 19:00,3.0859,3.0859,3.0594,3.064,22
2026-06-03 20:00,3.0641,3.0641,3.0583,3.061,8
2026-06-03 21:00,3.0617,3.0688,3.0488,3.0488,37
2026-06-03 22:00,3.0521,3.0521,3.0356,3.037,83
2026-06-03 23:00,3.0388,3.0388,3.0292,3.032,110
2026-06-04 00:00,3.0309,3.0475,3.0309,3.0382,92
2026-06-04 01:00,3.038,3.0438,3.037,3.0409,123
2026-06-04 02:00,3.0413,3.0502,3.0386,3.0466,112
2026-06-04 03:00,3.0403,3.0552,3.0374,3.0502,188
2026-06-04 04:00,3.0492,3.0584,3.0429,3.054,184
2026-06-04 05:00,3.0551,3.0617,3.0318,3.0441,463
2026-06-04 06:00,3.0439,3.0465,3.0146,3.0234,375
2026-06-04 07:00,3.0263,3.0392,3.0165,3.0166,361
2026-06-04 08:00,3.0174,3.0174,2.9706,2.9708,831
2026-06-04 09:00,2.9712,2.9949,2.964,2.9803,1184
2026-06-04 10:00,2.9807,2.9843,2.9649,2.9708,2745
2026-06-04 11:00,2.971,2.9875,2.9606,2.9871,1715
2026-06-04 12:00,2.9868,2.9887,2.9545,2.9554,1666
2026-06-04 13:00,2.9548,2.9637,2.948,2.9557,1094
2026-06-04 14:00,2.9569,2.9639,2.9505,2.9627,960
2026-06-04 15:00,2.9623,2.9894,2.9603,2.9859,2413
2026-06-04 16:00,2.9856,2.9926,2.9775,2.9892,144
2026-06-04 17:00,2.9888,2.9896,2.9827,2.9832,112
2026-06-04 19:00,2.988,2.988,2.9858,2.9858,22
2026-06-04 20:00,2.9858,2.9858,2.9858,2.9858,0
2026-06-04 21:00,2.9857,2.9913,2.9829,2.9858,48
2026-06-04 22:00,2.9845,3.0006,2.983,2.9978,62
2026-06-04 23:00,3.0002,3.0108,3.0002,3.0077,68
2026-06-05 00:00,3.0055,3.0074,2.9975,3.0011,63
2026-06-05 01:00,3.0018,3.0043,2.9975,3.0019,58
2026-06-05 02:00,3.0018,3.0028,2.9962,2.9986,51
2026-06-05 03:00,2.9951,2.9995,2.985,2.9885,163
2026-06-05 04:00,2.9889,2.9905,2.9613,2.9725,355
2026-06-05 05:00,2.9721,3.0091,2.9574,3.0069,740
2026-06-05 06:00,3.0077,3.0149,2.9837,3.0139,1163
2026-06-05 07:00,3.0132,3.0167,3.0051,3.0113,442
2026-06-05 08:00,3.0112,3.0177,2.9999,3.0101,693
2026-06-05 09:00,3.0104,3.0167,2.9933,2.9957,800
2026-06-05 10:00,2.9972,2.9988,2.9753,2.9903,1159
2026-06-05 11:00,2.9903,3.0002,2.9725,2.9968,1952
2026-06-05 12:00,2.997,3.0038,2.9864,2.9985,2187
2026-06-05 13:00,2.9991,3.0014,2.9713,2.9832,920
2026-06-05 14:00,2.9833,2.9898,2.978,2.9826,830
2026-06-05 15:00,2.9825,2.9918,2.9753,2.9825,1501
2026-06-05 16:00,2.9822,2.9869,2.9787,2.9851,146
2026-06-05 17:00,2.9864,2.9869,2.9816,2.985,56
2026-06-08 19:00,3.0136,3.0171,3.0136,3.0158,20
2026-06-08 20:00,3.016,3.0196,3.016,3.0196,3
2026-06-08 21:00,3.0178,3.0235,3.015,3.0206,41
2026-06-08 22:00,3.0181,3.0207,3.0056,3.0161,40
2026-06-08 23:00,3.0162,3.0162,3.0046,3.0088,17
2026-06-09 00:00,3.0079,3.0079,2.9921,2.9975,75
2026-06-09 01:00,2.9988,3.0062,2.9988,3.0036,19
2026-06-09 02:00,3.0022,3.0022,2.9938,3.001,21
2026-06-09 03:00,2.9984,3.0067,2.9899,3.0057,95
2026-06-09 04:00,3.0051,3.0181,2.9995,3.0074,222
2026-06-09 05:00,3.0079,3.0133,2.9873,2.9995,721
2026-06-09 06:00,3.0002,3.0025,2.9888,3.0015,474
2026-06-09 07:00,3.0006,3.0105,2.9905,2.9963,451
2026-06-09 08:00,2.9978,3.0188,2.9965,3.0108,339
2026-06-09 09:00,3.0112,3.0233,3.006,3.014,1090
2026-06-09 10:00,3.0138,3.0259,2.965,2.9661,2578
2026-06-09 11:00,2.965,2.9817,2.9526,2.9673,2466
2026-06-09 12:00,2.9668,2.9678,2.9387,2.941,2176
2026-06-09 13:00,2.9408,3.0102,2.9277,2.9781,2340
2026-06-09 14:00,2.9802,2.9893,2.9616,2.9794,955
2026-06-09 15:00,2.978,2.9904,2.9738,2.981,1748
2026-06-09 16:00,2.982,2.9926,2.9789,2.9847,425
2026-06-09 17:00,2.9881,2.9965,2.9824,2.9914,138
2026-06-09 19:00,3.0034,3.009,2.9916,3.0026,64
2026-06-09 20:00,2.999,3.0024,2.9966,3.0024,15
2026-06-09 21:00,3.0031,3.0152,2.9912,2.9957,151
2026-06-09 22:00,2.9999,3.0084,2.9831,3.004,140
2026-06-09 23:00,3.0074,3.0101,2.993,2.997,24
2026-06-10 00:00,3,3.0035,2.9903,2.9903,38
2026-06-10 01:00,2.9939,2.9973,2.9911,2.9915,23
2026-06-10 02:00,2.9921,2.9921,2.9775,2.9818,31
2026-06-10 03:00,2.9783,2.9858,2.9686,2.9856,112
2026-06-10 04:00,2.9831,3.0005,2.9735,2.9837,374
2026-06-10 05:00,2.9817,3.0022,2.9639,2.9697,588
2026-06-10 06:00,2.9709,2.9851,2.965,2.9749,381
2026-06-10 07:00,2.9767,2.9888,2.9716,2.9744,132
2026-06-10 08:00,2.9764,3.0209,2.9728,3.0092,939
2026-06-10 09:00,3.0088,3.0155,2.9934,3.0004,1233
2026-06-10 10:00,3.0009,3.0348,2.9966,3.0313,2311
2026-06-10 11:00,3.0307,3.0498,3.0264,3.0455,1804
2026-06-10 12:00,3.046,3.0818,3.0273,3.0649,2148
2026-06-10 13:00,3.0657,3.0795,3.0648,3.0757,1329
2026-06-10 14:00,3.076,3.0871,3.0714,3.0723,1176
2026-06-10 15:00,3.0714,3.0755,3.0575,3.0647,1547
2026-06-10 16:00,3.0637,3.07,3.0634,3.0647,333
2026-06-10 17:00,3.0651,3.0951,3.0612,3.0923,210
2026-06-10 19:00,3.0951,3.1228,3.0941,3.1201,140
2026-06-10 20:00,3.1211,3.1326,3.1108,3.1124,334
2026-06-10 21:00,3.1098,3.1135,3.0922,3.1033,139
2026-06-10 22:00,3.1006,3.1049,3.0813,3.0914,158
2026-06-10 23:00,3.0884,3.0984,3.0858,3.0875,56
2026-06-11 00:00,3.0905,3.1026,3.0905,3.0937,47
2026-06-11 01:00,3.0967,3.0995,3.0773,3.0813,58
2026-06-11 02:00,3.0806,3.0819,3.0651,3.0711,65
2026-06-11 03:00,3.0743,3.0835,3.0692,3.0783,149
2026-06-11 04:00,3.0785,3.0785,3.0489,3.0496,365
2026-06-11 05:00,3.0518,3.0518,3.0347,3.0478,441
2026-06-11 06:00,3.0492,3.0619,3.0479,3.0525,369
2026-06-11 07:00,3.0536,3.0564,3.0323,3.0457,519
2026-06-11 08:00,3.0456,3.0493,3.0367,3.0478,613
2026-06-11 09:00,3.0486,3.0925,3.0425,3.0689,1719
2026-06-11 10:00,3.0679,3.0847,3.0568,3.0647,2750
2026-06-11 11:00,3.0655,3.0909,3.0648,3.0821,1816
2026-06-11 12:00,3.0825,3.1149,3.0802,3.109,2681
2026-06-11 13:00,3.1088,3.1239,3.1046,3.1135,1688
2026-06-11 14:00,3.1136,3.1162,3.0078,3.0278,2515
2026-06-11 15:00,3.0281,3.0587,3.0249,3.0451,3281
2026-06-11 16:00,3.0423,3.0433,2.9985,3.0134,621
2026-06-11 17:00,3.0126,3.0126,2.9913,3.0074,295
2026-06-11 19:00,3.002,3.0046,2.9829,3.0001,57
2026-06-11 20:00,2.9973,3.0025,2.9956,3.0025,19
2026-06-11 21:00,3.0023,3.0149,3.0019,3.0149,86
2026-06-11 22:00,3.0168,3.0209,3.0063,3.0084,91
2026-06-11 23:00,3.0082,3.0115,3.0006,3.0084,26
2026-06-12 00:00,3.008,3.0108,2.9896,2.9903,109
2026-06-12 01:00,2.9917,2.992,2.9864,2.9876,50
2026-06-12 02:00,2.983,2.986,2.9737,2.9835,51
2026-06-12 03:00,2.9815,2.9895,2.9786,2.9894,276
2026-06-12 04:00,2.9893,2.9994,2.9584,2.9626,571
2026-06-12 05:00,2.9639,2.9639,2.924,2.9267,1434
2026-06-12 06:00,2.9266,2.9312,2.912,2.9301,774
2026-06-12 07:00,2.9331,2.959,2.9295,2.9473,767
2026-06-12 08:00,2.9466,2.9664,2.935,2.9605,558
2026-06-12 09:00,2.961,2.9917,2.9562,2.9816,1183
2026-06-12 10:00,2.9808,3.0258,2.9787,3.0195,1807
2026-06-12 11:00,3.0215,3.0242,2.9686,2.9729,2191
2026-06-12 12:00,2.9727,2.9737,2.9543,2.9685,1733
2026-06-12 13:00,2.9695,2.984,2.9611,2.9805,1166
2026-06-12 14:00,2.981,2.9871,2.9693,2.9799,864
2026-06-12 15:00,2.9789,2.9919,2.976,2.9798,2558
2026-06-12 16:00,2.9801,2.9838,2.9755,2.9772,398
2026-06-12 17:00,2.9763,2.9815,2.9751,2.98,136
2026-06-14 19:00,2.9374,2.96,2.9106,2.9216,548
2026-06-14 20:00,2.9196,2.9196,2.9085,2.9101,90
2026-06-14 21:00,2.9098,2.9164,2.8926,2.9117,390
2026-06-14 22:00,2.9122,2.9133,2.9,2.9116,123
2026-06-14 23:00,2.912,2.9126,2.8872,2.8883,125
2026-06-15 00:00,2.8911,2.8914,2.8856,2.8872,121
2026-06-15 01:00,2.887,2.8899,2.8845,2.8859,69
2026-06-15 02:00,2.8882,2.897,2.8878,2.8926,95
2026-06-15 03:00,2.895,2.8995,2.8763,2.8769,271
2026-06-15 04:00,2.8783,2.8803,2.8591,2.8645,648
2026-06-15 05:00,2.8644,2.8786,2.8624,2.8745,644
2026-06-15 06:00,2.8754,2.8819,2.8611,2.8705,308
2026-06-15 07:00,2.8722,2.882,2.8647,2.88,241
2026-06-15 08:00,2.8793,2.8938,2.868,2.8911,521
2026-06-15 09:00,2.8917,2.8941,2.8784,2.8901,1086
2026-06-15 10:00,2.8902,2.9104,2.8898,2.8941,2393
2026-06-15 11:00,2.8936,2.9015,2.883,2.9009,1897
2026-06-15 12:00,2.9014,2.9122,2.8882,2.8912,2254
2026-06-15 13:00,2.8908,2.9022,2.8874,2.9022,1120
2026-06-15 14:00,2.9033,2.9063,2.8916,2.8962,1296
2026-06-15 15:00,2.8962,2.8981,2.8782,2.8895,1856
2026-06-15 16:00,2.8896,2.9039,2.8895,2.9018,305
2026-06-15 17:00,2.9012,2.9063,2.8974,2.8981,174
2026-06-15 19:00,2.8953,2.9051,2.8944,2.9015,145
2026-06-15 20:00,2.9015,2.9069,2.9015,2.9063,33
2026-06-15 21:00,2.9065,2.9065,2.899,2.9022,44
2026-06-15 22:00,2.9027,2.9046,2.8959,2.9008,74
2026-06-15 23:00,2.8961,2.8996,2.8871,2.8913,51
2026-06-16 00:00,2.8909,2.8926,2.8894,2.891,15
2026-06-16 01:00,2.893,2.8932,2.8894,2.8894,14
2026-06-16 02:00,2.8897,2.8906,2.8841,2.8897,26
2026-06-16 03:00,2.8888,2.8912,2.8789,2.8796,134
2026-06-16 04:00,2.8785,2.8793,2.8526,2.8543,378
2026-06-16 05:00,2.854,2.8607,2.8341,2.8438,640
2026-06-16 06:00,2.845,2.869,2.8448,2.8626,517
2026-06-16 07:00,2.8638,2.8643,2.8471,2.8516,539
2026-06-16 08:00,2.8507,2.855,2.843,2.8498,633
2026-06-16 09:00,2.8492,2.8495,2.825,2.8403,1762
2026-06-16 10:00,2.8411,2.865,2.8399,2.8604,3037
2026-06-16 11:00,2.8606,2.8615,2.8178,2.8244,2849
2026-06-16 12:00,2.8243,2.8332,2.7793,2.7877,2831
2026-06-16 13:00,2.7899,2.8052,2.7854,2.7926,2191
2026-06-16 14:00,2.793,2.8077,2.7896,2.8012,1606
2026-06-16 15:00,2.8008,2.8212,2.7958,2.8212,2926
2026-06-16 16:00,2.8207,2.8386,2.8207,2.8333,460
2026-06-16 17:00,2.8336,2.8352,2.8255,2.8303,198
2026-06-16 19:00,2.8265,2.8324,2.8203,2.8324,47
2026-06-16 20:00,2.833,2.833,2.8274,2.8306,27
2026-06-16 21:00,2.8283,2.8321,2.8272,2.831,28
2026-06-16 22:00,2.8314,2.8319,2.823,2.8232,31
2026-06-16 23:00,2.8224,2.8232,2.8167,2.8196,60
2026-06-17 00:00,2.8198,2.8209,2.8066,2.8066,65
2026-06-17 01:00,2.812,2.817,2.8086,2.8114,54
2026-06-17 02:00,2.811,2.8288,2.7998,2.8253,128
2026-06-17 03:00,2.8223,2.8274,2.8022,2.8052,133
2026-06-17 04:00,2.8072,2.8083,2.791,2.8014,536
2026-06-17 05:00,2.8034,2.8214,2.7955,2.8092,635
2026-06-17 06:00,2.8084,2.8132,2.7998,2.8097,349
2026-06-17 07:00,2.8105,2.8202,2.8032,2.815,400
2026-06-17 08:00,2.814,2.8254,2.8115,2.8195,371
2026-06-17 09:00,2.8185,2.8293,2.8148,2.8227,892
2026-06-17 10:00,2.8225,2.8333,2.8148,2.8208,2884
2026-06-17 11:00,2.8213,2.8906,2.8122,2.8321,4768
2026-06-17 12:00,2.8323,2.8432,2.8102,2.8158,2809
2026-06-17 13:00,2.8149,2.8239,2.8052,2.8063,1550
2026-06-17 14:00,2.8072,2.8204,2.8064,2.8143,1749
2026-06-17 15:00,2.814,2.8403,2.814,2.8337,4126
2026-06-17 16:00,2.8343,2.8384,2.8239,2.8259,637
2026-06-17 17:00,2.8253,2.8361,2.824,2.8278,527
2026-06-17 19:00,2.8324,2.8406,2.831,2.8312,39
2026-06-17 20:00,2.8327,2.8328,2.8271,2.8271,7
2026-06-17 21:00,2.827,2.8337,2.8247,2.8337,92
2026-06-17 22:00,2.8328,2.8349,2.8147,2.8199,126
2026-06-17 23:00,2.8208,2.8243,2.8169,2.8226,26
2026-06-18 00:00,2.8202,2.8202,2.8111,2.813,83
2026-06-18 01:00,2.8138,2.8146,2.7984,2.8002,69
2026-06-18 02:00,2.8016,2.8024,2.7933,2.7985,51
2026-06-18 03:00,2.798,2.8023,2.7807,2.8016,291
2026-06-18 04:00,2.8011,2.8153,2.7986,2.8084,450
2026-06-18 05:00,2.8045,2.8108,2.7916,2.7945,494
2026-06-18 06:00,2.794,2.8168,2.7883,2.8052,778
2026-06-18 07:00,2.8049,2.8365,2.8049,2.8257,555
2026-06-18 08:00,2.8254,2.8434,2.8208,2.8342,1120
2026-06-18 09:00,2.8342,2.8371,2.8241,2.8299,1455
2026-06-18 10:00,2.8304,2.8386,2.7962,2.8035,2677
2026-06-18 11:00,2.8046,2.8092,2.794,2.8024,2390
2026-06-18 12:00,2.8027,2.8314,2.7916,2.8259,3053
2026-06-18 13:00,2.8264,2.8462,2.8244,2.8401,2864
2026-06-18 14:00,2.841,2.8646,2.8407,2.8619,3115
2026-06-18 15:00,2.8613,2.9161,2.8612,2.8925,7077
2026-06-18 16:00,2.8933,2.8955,2.8852,2.8921,467
2026-06-18 17:00,2.8916,2.8963,2.8815,2.8869,367
2026-06-18 19:00,2.9271,2.9271,2.8848,2.8883,57
2026-06-18 20:00,2.8893,2.891,2.885,2.8857,32
2026-06-18 21:00,2.884,2.8864,2.8815,2.8837,26
2026-06-18 22:00,2.88,2.8971,2.88,2.8965,129
2026-06-18 23:00,2.8971,2.8993,2.8947,2.8975,32
2026-06-19 00:00,2.8977,2.8987,2.8874,2.8892,78
2026-06-19 01:00,2.8867,2.9016,2.8867,2.8958,55
2026-06-19 02:00,2.8985,2.9114,2.8985,2.9059,62
2026-06-19 03:00,2.9077,2.9167,2.9012,2.9012,116
2026-06-19 04:00,2.9011,2.9085,2.8922,2.8989,195
2026-06-19 05:00,2.8995,2.9043,2.8825,2.8926,418
2026-06-19 06:00,2.8924,2.8991,2.8827,2.8862,627
2026-06-19 07:00,2.8881,2.8942,2.876,2.877,389
2026-06-19 08:00,2.8795,2.8937,2.8685,2.8787,288
2026-06-19 09:00,2.8782,2.9016,2.8645,2.8647,831
2026-06-19 10:00,2.8645,2.8901,2.8544,2.8896,840
2026-06-19 11:00,2.8888,2.901,2.8888,2.8971,355
2026-06-19 12:00,2.8977,2.9133,2.8921,2.9119,924
2026-06-19 13:00,2.9119,2.9189,2.9092,2.9122,343
2026-06-21 19:00,2.9271,2.9479,2.9271,2.9396,445
2026-06-21 20:00,2.9392,2.9455,2.938,2.9386,315
2026-06-21 21:00,2.9395,2.9395,2.917,2.9182,158
2026-06-21 22:00,2.9179,2.9179,2.8867,2.8895,344
2026-06-21 23:00,2.8899,2.8906,2.8716,2.8773,191
2026-06-22 00:00,2.8773,2.8879,2.8773,2.8815,143
2026-06-22 01:00,2.8784,2.8803,2.8737,2.8749,93
2026-06-22 02:00,2.8725,2.8746,2.8606,2.8737,279
2026-06-22 03:00,2.8751,2.8824,2.8641,2.8802,388
2026-06-22 04:00,2.8795,2.9116,2.8795,2.9038,595
2026-06-22 05:00,2.9039,2.9219,2.8999,2.9057,665
2026-06-22 06:00,2.9047,2.9129,2.9012,2.9045,506
2026-06-22 07:00,2.904,2.9078,2.8997,2.9076,384
2026-06-22 08:00,2.9081,2.9145,2.8897,2.8991,1102
2026-06-22 09:00,2.8991,2.9055,2.8833,2.8872,1178
2026-06-22 10:00,2.8881,2.9149,2.8683,2.8717,4309
2026-06-22 11:00,2.8719,2.8926,2.8626,2.8836,2593
2026-06-22 12:00,2.8848,2.8848,2.8593,2.8666,3129
2026-06-22 13:00,2.8667,2.8742,2.866,2.8673,1565
2026-06-22 14:00,2.8672,2.8789,2.8641,2.8661,2060
2026-06-22 15:00,2.8653,2.8863,2.865,2.8856,3404
2026-06-22 16:00,2.8857,2.8955,2.8843,2.8927,503
2026-06-22 17:00,2.8934,2.8936,2.8866,2.8909,293
2026-06-22 19:00,2.8961,2.9073,2.895,2.8988,59
2026-06-22 20:00,2.8969,2.8969,2.8926,2.8931,21
2026-06-22 21:00,2.8944,2.8945,2.8888,2.8945,58
2026-06-22 22:00,2.8945,2.8957,2.8846,2.8868,60
2026-06-22 23:00,2.887,2.8978,2.8832,2.8886,73
2026-06-23 00:00,2.885,2.8857,2.8744,2.8744,98
2026-06-23 01:00,2.8776,2.8785,2.8752,2.8781,22
2026-06-23 02:00,2.8782,2.8793,2.8617,2.8621,193
2026-06-23 03:00,2.8614,2.8628,2.8439,2.8539,389
2026-06-23 04:00,2.8549,2.862,2.8414,2.8588,409
2026-06-23 05:00,2.8589,2.8753,2.8589,2.867,716
2026-06-23 06:00,2.868,2.8732,2.8604,2.8714,403
2026-06-23 07:00,2.8716,2.8808,2.8656,2.8773,412
2026-06-23 08:00,2.8769,2.8863,2.8701,2.8773,885
2026-06-23 09:00,2.8771,2.8777,2.86,2.8665,1216
2026-06-23 10:00,2.8678,2.8711,2.8261,2.83,3680
2026-06-23 11:00,2.8295,2.8302,2.8142,2.8212,4675
2026-06-23 12:00,2.8212,2.8354,2.811,2.8345,3658
2026-06-23 13:00,2.8355,2.8474,2.8355,2.847,1966
2026-06-23 14:00,2.8477,2.8633,2.8471,2.8538,2171
2026-06-23 15:00,2.8539,2.8642,2.8486,2.8608,2887
2026-06-23 16:00,2.8606,2.8632,2.8574,2.8588,613
2026-06-23 17:00,2.8599,2.8646,2.8427,2.8435,271
2026-06-23 19:00,2.8498,2.8499,2.8389,2.8422,60
2026-06-23 20:00,2.8405,2.8406,2.832,2.8332,52
2026-06-23 21:00,2.8341,2.8401,2.8341,2.8375,38
2026-06-23 22:00,2.8359,2.8449,2.8251,2.8324,151
2026-06-23 23:00,2.8345,2.8375,2.8174,2.8194,120
2026-06-24 00:00,2.819,2.8259,2.8165,2.823,103
2026-06-24 01:00,2.8254,2.8314,2.8254,2.8271,21
2026-06-24 02:00,2.8309,2.8325,2.8242,2.8242,50
2026-06-24 03:00,2.8262,2.841,2.82,2.8236,177
2026-06-24 04:00,2.8245,2.8245,2.8049,2.8049,291
2026-06-24 05:00,2.8053,2.8115,2.799,2.81,784
2026-06-24 06:00,2.8107,2.8154,2.7953,2.8127,1305
2026-06-24 07:00,2.8136,2.8286,2.813,2.819,746
2026-06-24 08:00,2.818,2.8273,2.8006,2.8057,891
2026-06-24 09:00,2.8042,2.8172,2.8,2.8125,1695
2026-06-24 10:00,2.8125,2.8127,2.7683,2.7696,4801
2026-06-24 11:00,2.7686,2.7983,2.7664,2.7695,2552
2026-06-24 12:00,2.7701,2.7807,2.763,2.7704,3257
2026-06-24 13:00,2.7712,2.7965,2.7645,2.794,2437
2026-06-24 14:00,2.7946,2.8055,2.7787,2.7981,2806
2026-06-24 15:00,2.7982,2.8003,2.7797,2.7802,3015
2026-06-24 16:00,2.7801,2.786,2.78,2.7839,391
2026-06-24 17:00,2.7833,2.7833,2.7796,2.7812,198
2026-06-24 19:00,2.7722,2.7889,2.7656,2.782,45
2026-06-24 20:00,2.7829,2.7834,2.7812,2.7831,6
2026-06-24 21:00,2.7829,2.7867,2.7801,2.7815,66
2026-06-24 22:00,2.7815,2.7832,2.7565,2.7643,236
2026-06-24 23:00,2.7594,2.7689,2.7588,2.7652,63
2026-06-25 00:00,2.7645,2.7678,2.7603,2.7672,81
2026-06-25 01:00,2.7669,2.7727,2.7654,2.7721,67
2026-06-25 02:00,2.7704,2.775,2.7668,2.7692,118
2026-06-25 03:00,2.7689,2.777,2.7669,2.7685,236
2026-06-25 04:00,2.7693,2.7902,2.7659,2.7902,602
2026-06-25 05:00,2.7921,2.7938,2.7711,2.7819,859
2026-06-25 06:00,2.7823,2.7994,2.7778,2.7968,780
2026-06-25 07:00,2.797,2.8032,2.79,2.7908,565
2026-06-25 08:00,2.7923,2.8148,2.7923,2.8083,703
2026-06-25 09:00,2.8095,2.8175,2.7967,2.7973,1327
2026-06-25 10:00,2.7969,2.8308,2.7953,2.8298,3582
2026-06-25 11:00,2.8294,2.8558,2.8287,2.8521,3744
2026-06-25 12:00,2.8519,2.8733,2.8509,2.8685,2696
2026-06-25 13:00,2.8697,2.8958,2.8697,2.8875,3131
2026-06-25 14:00,2.8877,2.9014,2.8776,2.8879,2334
2026-06-25 15:00,2.8885,2.9084,2.8867,2.9044,4109
2026-06-25 16:00,2.9049,2.9083,2.8964,2.899,311
2026-06-25 17:00,2.9001,2.9048,2.8841,2.8864,387
2026-06-25 19:00,2.884,2.8862,2.8797,2.882,65
2026-06-25 20:00,2.8821,2.8853,2.881,2.8845,18
2026-06-25 21:00,2.8847,2.892,2.8838,2.892,73
2026-06-25 22:00,2.8918,2.8921,2.8775,2.8785,115
2026-06-25 23:00,2.8787,2.8827,2.8715,2.8715,239
2026-06-26 00:00,2.8707,2.8727,2.8636,2.8651,89
2026-06-26 01:00,2.8658,2.8664,2.8597,2.861,47
2026-06-26 02:00,2.8602,2.8626,2.8525,2.8608,204
2026-06-26 03:00,2.8628,2.8747,2.8574,2.8736,831
2026-06-26 04:00,2.8733,2.8739,2.8446,2.8471,1210
2026-06-26 05:00,2.8474,2.8567,2.8206,2.8259,1040
2026-06-26 06:00,2.8272,2.8317,2.8126,2.8131,625
2026-06-26 07:00,2.8131,2.8308,2.8109,2.8306,655
2026-06-26 08:00,2.83,2.8543,2.8292,2.8419,1247
2026-06-26 09:00,2.8418,2.8423,2.8126,2.8133,1781
2026-06-26 10:00,2.8129,2.8495,2.812,2.8154,4142
2026-06-26 11:00,2.8157,2.8187,2.7964,2.8187,3177
2026-06-26 12:00,2.8191,2.835,2.7917,2.8172,4945
2026-06-26 13:00,2.8177,2.8275,2.8112,2.827,2055
2026-06-26 14:00,2.8276,2.8347,2.8135,2.8222,1832
2026-06-26 15:00,2.8217,2.8332,2.8194,2.8266,5099
2026-06-26 16:00,2.8261,2.8359,2.8214,2.8359,389
2026-06-26 17:00,2.8355,2.8578,2.8307,2.8529,742
2026-06-28 19:00,2.8582,2.8606,2.8381,2.8502,228
2026-06-28 20:00,2.8493,2.8493,2.8391,2.8413,80
2026-06-28 21:00,2.8396,2.8541,2.8335,2.8486,313
2026-06-28 22:00,2.8483,2.8602,2.8455,2.8574,262
2026-06-28 23:00,2.8571,2.8619,2.8549,2.8616,160
2026-06-29 00:00,2.862,2.8687,2.8588,2.8687,158
2026-06-29 01:00,2.8686,2.8705,2.8648,2.8648,167
2026-06-29 02:00,2.8649,2.8656,2.852,2.853,246
2026-06-29 03:00,2.8537,2.8738,2.8535,2.8603,187
2026-06-29 04:00,2.8606,2.8625,2.8431,2.8433,614
2026-06-29 05:00,2.8433,2.8631,2.8407,2.8631,507
2026-06-29 06:00,2.8654,2.8812,2.8582,2.8772,465
2026-06-29 07:00,2.8762,2.8763,2.8577,2.8598,407
2026-06-29 08:00,2.8602,2.864,2.852,2.8632,834
2026-06-29 09:00,2.8631,2.8737,2.8553,2.8716,962
2026-06-29 10:00,2.8709,2.8877,2.8644,2.8813,3232
2026-06-29 11:00,2.882,2.9021,2.878,2.8986,2411
2026-06-29 12:00,2.8987,2.903,2.894,2.8992,2264
2026-06-29 13:00,2.8993,2.9027,2.8872,2.8896,2162
2026-06-29 14:00,2.8896,2.8996,2.8823,2.8979,2059
2026-06-29 15:00,2.898,2.9083,2.8907,2.8911,3993
2026-06-29 16:00,2.8909,2.8927,2.8876,2.892,308
2026-06-29 17:00,2.8923,2.8929,2.8885,2.8897,214
2026-06-29 19:00,2.9078,2.9099,2.893,2.8955,46
2026-06-29 20:00,2.8959,2.8959,2.8857,2.8866,34
2026-06-29 21:00,2.8858,2.8858,2.8789,2.8805,112
2026-06-29 22:00,2.8798,2.8861,2.8751,2.8823,121
2026-06-29 23:00,2.8834,2.8964,2.8819,2.8929,87
2026-06-30 00:00,2.8924,2.8936,2.8848,2.8859,35
2026-06-30 01:00,2.8899,2.8908,2.883,2.883,59
2026-06-30 02:00,2.8825,2.8848,2.8766,2.8822,105
2026-06-30 03:00,2.8828,2.8828,2.8741,2.8809,160
2026-06-30 04:00,2.8805,2.8898,2.8791,2.8836,294
2026-06-30 05:00,2.8857,2.907,2.8813,2.8965,702
2026-06-30 06:00,2.8969,2.9148,2.8964,2.9139,398
2026-06-30 07:00,2.914,2.9167,2.9011,2.9057,235
2026-06-30 08:00,2.9074,2.9177,2.8995,2.9162,606
2026-06-30 09:00,2.9165,2.9235,2.8978,2.899,1382
2026-06-30 10:00,2.8989,2.9283,2.8962,2.9099,2866
2026-06-30 11:00,2.9104,2.9197,2.9025,2.91,2340
2026-06-30 12:00,2.9102,2.9139,2.897,2.8972,2391
2026-06-30 13:00,2.8969,2.9118,2.8966,2.9011,1901
2026-06-30 14:00,2.9011,2.9156,2.8981,2.9113,2466
2026-06-30 15:00,2.9112,2.914,2.8885,2.9,3577
2026-06-30 16:00,2.9007,2.9047,2.8968,2.9042,744
2026-06-30 17:00,2.9043,2.9077,2.8982,2.903,336
2026-06-30 19:00,2.7399,2.7399,2.7311,2.7399,1
2026-06-30 20:00,2.743,2.7459,2.7408,2.7459,14
2026-06-30 21:00,2.7451,2.752,2.7448,2.7516,52
2026-06-30 22:00,2.7533,2.7533,2.7446,2.7472,125
2026-06-30 23:00,2.7467,2.7504,2.7444,2.7504,80
2026-07-01 00:00,2.7513,2.7547,2.7503,2.7538,87
2026-07-02 12:00,2.7078,2.7179,2.6916,2.7145,1346
2026-07-02 13:00,2.7145,2.7319,2.7126,2.7237,938
2026-07-02 14:00,2.7228,2.7394,2.7206,2.7251,909
2026-07-02 15:00,2.7261,2.7502,2.7261,2.7429,2492
2026-07-02 16:00,2.7426,2.7468,2.7426,2.7464,82
2026-07-02 17:00,2.7458,2.7484,2.745,2.7464,199
2026-07-02 19:00,2.7491,2.7492,2.7456,2.7492,8
2026-07-02 20:00,2.7492,2.7492,2.7492,2.7492,0
2026-07-02 21:00,2.7466,2.7466,2.744,2.7465,13
2026-07-02 22:00,2.7465,2.7595,2.7433,2.7572,18
2026-07-02 23:00,2.7623,2.7632,2.7581,2.7581,47
2026-07-03 00:00,2.7616,2.7639,2.7616,2.763,8
2026-07-03 01:00,2.7637,2.764,2.7637,2.764,10
2026-07-03 02:00,2.7607,2.7675,2.7605,2.7675,21
2026-07-03 03:00,2.7664,2.7678,2.7615,2.765,75
2026-07-03 04:00,2.7634,2.7661,2.7459,2.7482,219
2026-07-03 05:00,2.7502,2.7543,2.7397,2.7491,350
2026-07-03 06:00,2.7493,2.7519,2.7435,2.7474,201
2026-07-03 07:00,2.7476,2.7517,2.7438,2.7489,180
2026-07-03 08:00,2.7505,2.7532,2.7441,2.7454,31
2026-07-03 09:00,2.7417,2.747,2.7377,2.7447,108
2026-07-03 10:00,2.7447,2.7747,2.7439,2.7747,490
2026-07-03 11:00,2.7754,2.7786,2.7693,2.771,397
2026-07-03 12:00,2.7713,2.7761,2.7642,2.7755,744
2026-07-03 13:00,2.7754,2.7761,2.7702,2.774,136
2026-07-05 19:00,2.759,2.7642,2.7552,2.7613,50
2026-07-05 20:00,2.7614,2.7623,2.7561,2.7561,15
2026-07-05 21:00,2.7564,2.7645,2.7557,2.7603,26
2026-07-05 22:00,2.7558,2.7746,2.7558,2.7743,24
2026-07-05 23:00,2.7742,2.7802,2.7668,2.7668,35
2026-07-06 00:00,2.7661,2.7694,2.7636,2.7651,29
2026-07-06 01:00,2.7673,2.7742,2.7673,2.7732,21
2026-07-06 02:00,2.7743,2.7813,2.7739,2.7798,60
2026-07-06 03:00,2.7802,2.7888,2.78,2.7831,111
2026-07-06 04:00,2.7812,2.7838,2.7492,2.7492,119
2026-07-06 05:00,2.7524,2.7797,2.7522,2.7706,310
2026-07-06 06:00,2.77,2.779,2.7677,2.771,188
2026-07-06 07:00,2.7737,2.7814,2.7665,2.7794,112
2026-07-06 08:00,2.7803,2.7833,2.7713,2.7821,164
2026-07-06 09:00,2.7826,2.7962,2.7763,2.7927,854
2026-07-06 10:00,2.7927,2.8178,2.7913,2.8126,1713
2026-07-06 11:00,2.8126,2.8321,2.8113,2.8288,1631
2026-07-06 12:00,2.8292,2.8325,2.8166,2.8204,1299
2026-07-06 13:00,2.8199,2.8231,2.7957,2.804,804
2026-07-06 14:00,2.8053,2.8175,2.7948,2.8017,1000
2026-07-06 15:00,2.8028,2.8218,2.8019,2.8203,1870
2026-07-06 16:00,2.8194,2.8253,2.8194,2.8224,188
2026-07-06 17:00,2.822,2.8243,2.8198,2.821,56
2026-07-06 19:00,2.807,2.8285,2.807,2.824,13
2026-07-06 20:00,2.8206,2.8228,2.8203,2.8215,9
2026-07-06 21:00,2.8207,2.829,2.8203,2.8273,48
2026-07-06 22:00,2.8286,2.8341,2.827,2.8341,107
2026-07-06 23:00,2.8332,2.8406,2.8311,2.833,58
2026-07-07 00:00,2.8361,2.838,2.828,2.8313,10
2026-07-07 01:00,2.8307,2.8316,2.8307,2.8316,2
2026-07-07 02:00,2.832,2.8413,2.832,2.8408,28
2026-07-07 03:00,2.8399,2.8428,2.8326,2.838,85
2026-07-07 04:00,2.8375,2.8403,2.8232,2.8232,354
2026-07-07 05:00,2.8231,2.8297,2.8106,2.8232,408
2026-07-07 06:00,2.8233,2.8313,2.8039,2.8054,505
2026-07-07 07:00,2.8046,2.811,2.7995,2.8107,445
2026-07-07 08:00,2.813,2.8132,2.7825,2.7838,646
2026-07-07 09:00,2.7819,2.7877,2.7704,2.7713,1226
2026-07-07 10:00,2.7706,2.7864,2.7652,2.7834,2827
2026-07-07 11:00,2.7834,2.7926,2.7708,2.7805,2686
2026-07-07 12:00,2.7804,2.8072,2.7799,2.7954,2170
2026-07-07 13:00,2.7955,2.8056,2.7921,2.7924,1017
2026-07-07 14:00,2.7926,2.799,2.7789,2.7832,1527
2026-07-07 15:00,2.7833,2.8136,2.7833,2.8133,1792
2026-07-07 16:00,2.8137,2.837,2.8133,2.8248,1144
2026-07-07 17:00,2.8275,2.8402,2.8259,2.8361,277
2026-07-07 19:00,2.8532,2.8577,2.83,2.8511,77
2026-07-07 20:00,2.8505,2.8505,2.845,2.845,29
2026-07-07 21:00,2.8445,2.8528,2.8406,2.8408,40
2026-07-07 22:00,2.8364,2.8434,2.835,2.8421,43
2026-07-07 23:00,2.8386,2.8512,2.8369,2.8409,34
2026-07-08 00:00,2.8409,2.8415,2.8351,2.8362,26
2026-07-08 01:00,2.836,2.8367,2.8312,2.8315,37
2026-07-08 02:00,2.8329,2.8465,2.8259,2.8335,108
2026-07-08 03:00,2.8328,2.8362,2.8119,2.8144,383
2026-07-08 04:00,2.8143,2.8169,2.7837,2.7898,498
2026-07-08 05:00,2.7895,2.8631,2.7873,2.8619,815
2026-07-08 06:00,2.8617,2.8706,2.8433,2.8519,671
2026-07-08 07:00,2.8488,2.8539,2.8223,2.8309,567
2026-07-08 08:00,2.8307,2.857,2.8272,2.848,420
2026-07-08 09:00,2.847,2.8562,2.8349,2.8561,950
2026-07-08 10:00,2.8559,2.89,2.8534,2.871,2180
2026-07-08 11:00,2.8706,2.9432,2.8657,2.9366,2545
2026-07-08 12:00,2.9368,2.9709,2.9325,2.9624,2982
2026-07-08 13:00,2.9628,2.968,2.9368,2.9473,1941
2026-07-08 14:00,2.948,2.9484,2.9168,2.9337,997
2026-07-08 15:00,2.9346,2.9353,2.9184,2.9295,2376
2026-07-08 16:00,2.932,2.9479,2.9294,2.9443,385
2026-07-08 17:00,2.9451,2.9613,2.9451,2.9596,449
2026-07-08 19:00,2.943,2.9522,2.9305,2.9479,47
2026-07-08 20:00,2.9484,2.9486,2.9425,2.9425,8
2026-07-08 21:00,2.941,2.9447,2.9349,2.9383,48
2026-07-08 22:00,2.9372,2.9521,2.9353,2.9417,17
2026-07-08 23:00,2.944,2.95,2.9397,2.9449,39
2026-07-09 00:00,2.9465,2.948,2.9376,2.9412,95
2026-07-09 01:00,2.94,2.9426,2.9383,2.9418,31
2026-07-09 02:00,2.9409,2.9491,2.9163,2.9178,129
2026-07-09 03:00,2.9183,2.9265,2.9102,2.9158,240
2026-07-09 04:00,2.915,2.932,2.8965,2.901,585
2026-07-09 05:00,2.9015,2.9207,2.8935,2.9199,945
2026-07-09 06:00,2.92,2.9503,2.9188,2.9479,971
2026-07-09 07:00,2.9489,2.9742,2.9458,2.9654,556
2026-07-09 08:00,2.9647,2.9647,2.9399,2.9486,836
2026-07-09 09:00,2.948,2.9531,2.9328,2.9383,604
2026-07-09 10:00,2.9376,2.9547,2.9105,2.9118,1563
2026-07-09 11:00,2.9112,2.9121,2.889,2.8897,1685
2026-07-09 12:00,2.8897,2.9075,2.8852,2.8965,1869
2026-07-09 13:00,2.8971,2.899,2.8684,2.8778,1366
2026-07-09 14:00,2.8779,2.8823,2.8483,2.8512,1502
2026-07-09 15:00,2.851,2.8724,2.8473,2.8518,2033
2026-07-09 16:00,2.8505,2.8556,2.8484,2.8545,236
2026-07-09 17:00,2.855,2.8564,2.8475,2.8501,142
2026-07-09 19:00,2.8679,2.8679,2.8517,2.8534,14
2026-07-09 20:00,2.8508,2.8524,2.8463,2.848,15
2026-07-09 21:00,2.8508,2.8508,2.8336,2.835,58
2026-07-09 22:00,2.8337,2.8379,2.825,2.8376,114
2026-07-09 23:00,2.8383,2.8383,2.83,2.83,53
2026-07-10 00:00,2.8304,2.8336,2.8259,2.8334,53
2026-07-10 01:00,2.8339,2.8339,2.8248,2.8248,37
2026-07-10 02:00,2.8242,2.8321,2.8193,2.8253,91
2026-07-10 03:00,2.8265,2.8273,2.8136,2.8185,203
2026-07-10 04:00,2.8172,2.823,2.805,2.8198,658
2026-07-10 05:00,2.8193,2.8483,2.8099,2.837,995
2026-07-10 06:00,2.8385,2.8444,2.8262,2.8337,387
2026-07-10 07:00,2.8338,2.8486,2.8308,2.8454,223
2026-07-10 08:00,2.8451,2.8605,2.8448,2.8571,474
2026-07-10 09:00,2.8561,2.862,2.8166,2.8252,1319
2026-07-10 10:00,2.8256,2.8338,2.8074,2.8085,2435
2026-07-10 11:00,2.8098,2.835,2.793,2.8091,3022
2026-07-10 12:00,2.8086,2.8091,2.7869,2.8074,2669
2026-07-10 13:00,2.8084,2.8195,2.8019,2.806,1254
2026-07-10 14:00,2.806,2.8217,2.803,2.8166,1198
2026-07-10 15:00,2.8159,2.8313,2.8116,2.8308,2350
2026-07-10 16:00,2.8306,2.8314,2.82,2.8251,435
2026-07-10 17:00,2.8247,2.827,2.8203,2.8203,131
2026-07-12 19:00,2.8687,2.8826,2.8587,2.8747,275
2026-07-12 20:00,2.8711,2.8755,2.8709,2.874,26
2026-07-12 21:00,2.8732,2.8902,2.8732,2.8848,108
2026-07-12 22:00,2.8861,2.897,2.8843,2.8918,65
2026-07-12 23:00,2.8892,2.8908,2.8813,2.8857,32
2026-07-13 00:00,2.8858,2.8942,2.8858,2.8938,33
2026-07-13 01:00,2.8936,2.8996,2.8928,2.8991,38
2026-07-13 02:00,2.899,2.9195,2.8988,2.9122,119
2026-07-13 03:00,2.9095,2.9134,2.8973,2.9037,233
2026-07-13 04:00,2.9011,2.9095,2.8987,2.9062,288
2026-07-13 05:00,2.9048,2.907,2.868,2.875,598
2026-07-13 06:00,2.8749,2.8797,2.8591,2.8749,477
2026-07-13 07:00,2.875,2.887,2.8748,2.8806,305
2026-07-13 08:00,2.8809,2.8951,2.8796,2.8914,391
2026-07-13 09:00,2.8908,2.9133,2.8889,2.8909,757
2026-07-13 10:00,2.8901,2.8911,2.8691,2.8723,2108
2026-07-13 11:00,2.8715,2.9053,2.8627,2.8995,2383
2026-07-13 12:00,2.8974,2.9173,2.8937,2.9077,2143
2026-07-13 13:00,2.9077,2.9423,2.9077,2.9356,1533
2026-07-13 14:00,2.9359,2.9868,2.9299,2.9858,2225
2026-07-13 15:00,2.986,2.9917,2.9646,2.9698,2753
2026-07-13 16:00,2.9703,2.9786,2.9667,2.9715,251
2026-07-13 17:00,2.9712,2.9944,2.9709,2.9757,244
2026-07-13 19:00,2.9819,2.9963,2.974,2.9963,87
2026-07-13 20:00,2.9974,3,2.9825,2.994,72
2026-07-13 21:00,2.9871,3.0216,2.983,3.0086,353
2026-07-13 22:00,3.0054,3.0054,2.9876,3.0002,243
2026-07-13 23:00,3.0005,3.0005,2.9891,2.9993,49
2026-07-14 00:00,2.9977,3.0059,2.9949,3.0011,97
2026-07-14 01:00,2.9995,3.0072,2.9949,3.0041,42
2026-07-14 02:00,3.0072,3.0082,2.9872,2.9973,88
2026-07-14 03:00,2.9969,3.0323,2.9969,3.0318,449
2026-07-14 04:00,3.032,3.0588,3.0253,3.0483,627
2026-07-14 05:00,3.0461,3.0739,3.0447,3.0722,494
2026-07-14 06:00,3.0728,3.0749,3.0505,3.0655,341
2026-07-14 07:00,3.0629,3.0718,3.0489,3.0595,761
2026-07-14 08:00,3.0582,3.0638,3.0316,3.0343,831
2026-07-14 09:00,3.034,3.066,3.0328,3.0646,935
2026-07-14 10:00,3.0646,3.073,3.0403,3.0472,2843
2026-07-14 11:00,3.0478,3.0583,3.009,3.0272,1966
2026-07-14 12:00,3.0284,3.0465,3.0021,3.0349,2208
2026-07-14 13:00,3.0359,3.0438,3.0231,3.0356,864
2026-07-14 14:00,3.0353,3.0397,3.0173,3.0283,1055
2026-07-14 15:00,3.0269,3.05,3.0266,3.0453,1693
2026-07-14 16:00,3.0456,3.0505,3.0408,3.0426,347
2026-07-14 17:00,3.0444,3.0567,3.0444,3.0503,269
2026-07-14 19:00,3.043,3.0543,3.0413,3.047,57
2026-07-14 20:00,3.0488,3.0489,3.0428,3.0428,11
2026-07-14 21:00,3.0399,3.0703,3.0373,3.061,124
2026-07-14 22:00,3.0569,3.0638,3.0492,3.063,87
2026-07-14 23:00,3.0636,3.0776,3.062,3.0741,71
2026-07-15 00:00,3.0737,3.0754,3.0681,3.0681,50
2026-07-15 01:00,3.0691,3.0716,3.0581,3.0623,52
2026-07-15 02:00,3.0623,3.0668,3.0547,3.0578,100
2026-07-15 03:00,3.0562,3.0692,3.052,3.0667,205
2026-07-15 04:00,3.0657,3.077,3.0608,3.0719,206
2026-07-15 05:00,3.0714,3.0817,3.0423,3.0439,950
2026-07-15 06:00,3.0426,3.0679,3.0413,3.0671,373
2026-07-15 07:00,3.0672,3.0872,3.0665,3.076,745
2026-07-15 08:00,3.0737,3.0764,3.0639,3.0704,476
2026-07-15 09:00,3.0709,3.0734,3.0495,3.0516,810
2026-07-15 10:00,3.0515,3.0792,3.048,3.0617,2871
2026-07-15 11:00,3.062,3.0692,3.0479,3.0526,2479
2026-07-15 12:00,3.0515,3.0744,3.0392,3.0724,2858
2026-07-15 13:00,3.0727,3.0924,3.0634,3.0886,1558
2026-07-15 14:00,3.0884,3.0903,3.0742,3.0854,1373
2026-07-15 15:00,3.0848,3.1013,3.0844,3.0927,2572
2026-07-15 16:00,3.0931,3.121,3.0889,3.111,560
2026-07-15 17:00,3.1121,3.1127,3.1039,3.1056,197
2026-07-15 19:00,3.0999,3.1161,3.0999,3.1087,33
2026-07-15 20:00,3.107,3.1115,3.1003,3.1016,23
2026-07-15 21:00,3.1008,3.101,3.0933,3.1003,72
2026-07-15 22:00,3.099,3.107,3.0971,3.0992,89
2026-07-15 23:00,3.1001,3.1024,3.0952,3.0975,50
2026-07-16 00:00,3.0968,3.0976,3.0825,3.0868,67
2026-07-16 01:00,3.0883,3.0892,3.0825,3.0841,56
2026-07-16 02:00,3.0831,3.0838,3.0789,3.0831,32
2026-07-16 03:00,3.0824,3.0926,3.0771,3.0802,133
2026-07-16 04:00,3.0805,3.1008,3.0762,3.0974,668
2026-07-16 05:00,3.0975,3.1092,3.0907,3.0969,647
2026-07-16 06:00,3.0973,3.116,3.0962,3.1131,402
2026-07-16 07:00,3.1138,3.1231,3.1102,3.122,479
2026-07-16 08:00,3.1218,3.1431,3.1183,3.1261,724
2026-07-16 09:00,3.1261,3.1532,3.1251,3.1492,1489
2026-07-16 10:00,3.1485,3.1577,3.1255,3.131,1996
2026-07-16 11:00,3.1311,3.1315,3.0975,3.1085,2360
2026-07-16 12:00,3.1083,3.1134,3.095,3.0994,1672
2026-07-16 13:00,3.1003,3.1156,3.0796,3.0827,1426
2026-07-16 14:00,3.0824,3.0904,3.0717,3.0828,1537
2026-07-16 15:00,3.082,3.1,3.0799,3.0931,2299
2026-07-16 16:00,3.094,3.0968,3.0865,3.0927,320
2026-07-16 17:00,3.0917,3.1129,3.0871,3.1129,264
2026-07-16 19:00,3.1143,3.1187,3.1104,3.1104,73
2026-07-16 20:00,3.1089,3.1189,3.1076,3.1142,27
2026-07-16 21:00,3.1157,3.1165,3.1098,3.1165,153
2026-07-16 22:00,3.1134,3.1275,3.1134,3.1184,63
2026-07-16 23:00,3.1202,3.1202,3.1107,3.1158,38
2026-07-17 00:00,3.117,3.1209,3.1138,3.1207,18
2026-07-17 01:00,3.1208,3.1241,3.1187,3.1191,20
2026-07-17 02:00,3.121,3.121,3.0976,3.1043,74
2026-07-17 03:00,3.1026,3.1106,3.0918,3.1006,154
2026-07-17 04:00,3.1007,3.1095,3.0981,3.0988,178
2026-07-17 05:00,3.0967,3.1018,3.0797,3.1016,829
2026-07-17 06:00,3.1018,3.1185,3.0999,3.1155,526
2026-07-17 07:00,3.115,3.1336,3.1111,3.1329,433
2026-07-17 08:00,3.1331,3.1509,3.132,3.1508,782
2026-07-17 09:00,3.151,3.1637,3.1488,3.1614,1120
2026-07-17 10:00,3.1615,3.1773,3.1545,3.1761,2539
2026-07-17 11:00,3.1759,3.1801,3.1646,3.1648,2234
2026-07-17 12:00,3.1652,3.2007,3.1565,3.1951,3756
2026-07-17 13:00,3.1946,3.2207,3.194,3.2198,1628
2026-07-17 14:00,3.2201,3.226,3.2093,3.213,1901
2026-07-17 15:00,3.2126,3.2129,3.1782,3.1799,3422
2026-07-17 16:00,3.1796,3.1847,3.1732,3.1807,415
2026-07-17 17:00,3.1816,3.1942,3.1793,3.1892,147
2026-07-19 19:00,3.2154,3.2565,3.2154,3.2461,585
2026-07-19 20:00,3.2452,3.2468,3.2388,3.2443,60
2026-07-19 21:00,3.2436,3.244,3.2355,3.236,64
2026-07-19 22:00,3.2348,3.2388,3.2288,3.2322,113
2026-07-19 23:00,3.2322,3.2396,3.2237,3.2237,44
2026-07-20 00:00,3.2259,3.2317,3.225,3.2316,34
2026-07-20 01:00,3.2312,3.2349,3.2242,3.2244,64
2026-07-20 02:00,3.2242,3.2347,3.2218,3.2347,128
2026-07-20 03:00,3.2339,3.2424,3.223,3.2276,401
2026-07-20 04:00,3.2271,3.2313,3.203,3.2084,948
2026-07-20 05:00,3.2049,3.2049,3.1839,3.1939,522
2026-07-20 06:00,3.1945,3.1983,3.1786,3.1875,573
2026-07-20 07:00,3.1884,3.201,3.1852,3.1887,328
2026-07-20 08:00,3.1877,3.1918,3.142,3.1531,1194
2026-07-20 09:00,3.1531,3.2107,3.1531,3.195,1620
2026-07-20 10:00,3.1951,3.1979,3.1656,3.1939,2966
2026-07-20 11:00,3.1941,3.2012,3.1713,3.1896,2877
2026-07-20 12:00,3.1907,3.1924,3.165,3.1856,2210
2026-07-20 13:00,3.1854,3.1998,3.1761,3.189,1815
2026-07-20 14:00,3.1893,3.1911,3.1704,3.185,2035
2026-07-20 15:00,3.1856,3.2122,3.1737,3.2072,3900
2026-07-20 16:00,3.2062,3.2087,3.1922,3.2023,419
2026-07-20 17:00,3.2033,3.2033,3.1951,3.198,112
2026-07-20 19:00,3.2052,3.2089,3.2052,3.2055,38
2026-07-20 20:00,3.2062,3.2074,3.2039,3.2039,12
2026-07-20 21:00,3.2024,3.2049,3.1979,3.2049,79
2026-07-20 22:00,3.2051,3.2062,3.1876,3.1976,111
2026-07-20 23:00,3.1955,3.1998,3.1903,3.1925,54
2026-07-21 00:00,3.1915,3.1977,3.1911,3.1921,71
2026-07-21 01:00,3.191,3.1928,3.1874,3.1895,202
2026-07-21 02:00,3.1911,3.1981,3.1822,3.19,223
2026-07-21 03:00,3.19,3.1967,3.1805,3.1951,257
2026-07-21 04:00,3.1965,3.2108,3.189,3.1897,578
2026-07-21 05:00,3.1899,3.1932,3.1681,3.1883,957
2026-07-21 06:00,3.1886,3.2093,3.1835,3.2089,783
2026-07-21 07:00,3.2082,3.2162,3.1841,3.2162,616
2026-07-21 08:00,3.2152,3.2288,3.2141,3.2199,723
2026-07-21 09:00,3.2184,3.2345,3.2099,3.2262,1482
2026-07-21 10:00,3.2263,3.2351,3.202,3.2242,2551
2026-07-21 11:00,3.2236,3.2304,3.2035,3.22,2250
2026-07-21 12:00,3.2202,3.2384,3.2052,3.2286,2856
2026-07-21 13:00,3.2281,3.2392,3.2231,3.2295,1672
2026-07-21 14:00,3.2296,3.2439,3.2273,3.2365,2056
2026-07-21 15:00,3.236,3.2389,3.2164,3.2212,3733
2026-07-21 16:00,3.2202,3.2279,3.2176,3.2273,837
2026-07-21 17:00,3.2271,3.2281,3.2196,3.224,174
2026-07-21 19:00,3.2169,3.2301,3.2169,3.2248,44
2026-07-21 20:00,3.2257,3.2296,3.2235,3.2235,44
2026-07-21 21:00,3.2237,3.2271,3.2165,3.2223,130
2026-07-21 22:00,3.2224,3.2456,3.2211,3.2429,153
2026-07-21 23:00,3.2407,3.2407,3.2314,3.2361,136
2026-07-22 00:00,3.2349,3.2414,3.2349,3.2414,39
2026-07-22 01:00,3.2438,3.2454,3.2417,3.2429,27
2026-07-22 02:00,3.2439,3.2457,3.2368,3.2395,55
2026-07-22 03:00,3.2404,3.2574,3.2393,3.2535,537
2026-07-22 04:00,3.2566,3.2964,3.2565,3.289,580
2026-07-22 05:00,3.2888,3.2888,3.2652,3.275,900
2026-07-22 06:00,3.2759,3.284,3.2657,3.2798,710
2026-07-22 07:00,3.2786,3.2791,3.2573,3.2615,547
2026-07-22 08:00,3.2632,3.2828,3.2619,3.2772,1109
2026-07-22 09:00,3.277,3.2828,3.2503,3.2686,1868
2026-07-22 10:00,3.2681,3.2808,3.2452,3.2801,3461
2026-07-22 11:00,3.2807,3.2961,3.2458,3.2566,3582
2026-07-22 12:00,3.2561,3.2636,3.2253,3.23,3219
2026-07-22 13:00,3.2302,3.2335,3.2227,3.2286,1549
2026-07-22 14:00,3.2286,3.2577,3.2269,3.2469,2127
2026-07-22 15:00,3.2463,3.2519,3.2346,3.2496,4228
2026-07-22 16:00,3.2499,3.2569,3.246,3.2471,411
2026-07-22 17:00,3.247,3.2516,3.2413,3.2439,306
2026-07-22 19:00,3.2461,3.2738,3.2461,3.2631,116
2026-07-22 20:00,3.2635,3.2643,3.2597,3.2616,47
2026-07-22 21:00,3.2612,3.2816,3.2537,3.2657,184
2026-07-22 22:00,3.2645,3.2859,3.2622,3.2791,125
2026-07-22 23:00,3.2795,3.29,3.2776,3.2891,66
2026-07-23 00:00,3.2873,3.2972,3.2873,3.2926,66
2026-07-23 01:00,3.2923,3.2933,3.283,3.2862,52
2026-07-23 02:00,3.2887,3.2889,3.276,3.2874,63
2026-07-23 03:00,3.2857,3.2895,3.275,3.2894,169
2026-07-23 04:00,3.2856,3.3072,3.2827,3.2913,799
2026-07-23 05:00,3.2902,3.2935,3.277,3.2844,831
2026-07-23 06:00,3.2844,3.3035,3.2801,3.2949,783
2026-07-23 07:00,3.295,3.3037,3.2815,3.2816,581
2026-07-23 08:00,3.2805,3.2972,3.2732,3.2797,874
2026-07-23 09:00,3.2789,3.3065,3.2761,3.2927,2338
2026-07-23 10:00,3.2931,3.3059,3.2743,3.2873,3542
2026-07-23 11:00,3.2884,3.3133,3.2773,3.3075,3279
2026-07-23 12:00,3.3077,3.3248,3.2958,3.311,3818
2026-07-23 13:00,3.3102,3.3233,3.3006,3.3205,1976
2026-07-23 14:00,3.3205,3.3518,3.3205,3.3503,2708
2026-07-23 15:00,3.3505,3.36,3.3162,3.3245,4811
2026-07-23 16:00,3.3246,3.3246,3.3015,3.3114,611
2026-07-23 17:00,3.3123,3.3246,3.3081,3.323,282
2026-07-23 19:00,3.3284,3.332,3.3162,3.321,65
2026-07-23 20:00,3.3204,3.324,3.3182,3.3197,10
2026-07-23 21:00,3.3225,3.3261,3.3095,3.3134,114
2026-07-23 22:00,3.3072,3.3084,3.299,3.3073,70
2026-07-23 23:00,3.308,3.3105,3.3029,3.3056,54
2026-07-24 00:00,3.3067,3.3192,3.3005,3.3014,197
2026-07-24 01:00,3.3003,3.3017,3.2843,3.2897,322
2026-07-24 02:00,3.2912,3.2942,3.2784,3.2828,83
2026-07-24 03:00,3.2835,3.2852,3.2719,3.2719,289
2026-07-24 04:00,3.2734,3.2745,3.2534,3.2567,641
2026-07-24 05:00,3.2566,3.2744,3.2445,3.2459,1240
2026-07-24 06:00,3.2463,3.2463,3.2208,3.2353,1267
2026-07-24 07:00,3.2353,3.2581,3.2345,3.255,591
2026-07-24 08:00,3.2561,3.2608,3.2312,3.2353,816
2026-07-24 09:00,3.2399,3.2554,3.2332,3.2477,1318
2026-07-24 10:00,3.2479,3.2534,3.2341,3.2364,3698
2026-07-24 11:00,3.2371,3.2538,3.2315,3.2538,3399
2026-07-24 12:00,3.254,3.2586,3.2182,3.2528,4227
2026-07-24 13:00,3.255,3.2617,3.2411,3.2507,1992
2026-07-24 14:00,3.2505,3.254,3.2342,3.2386,2392
2026-07-24 15:00,3.2394,3.2539,3.2331,3.2503,5448
2026-07-24 16:00,3.2506,3.2674,3.2407,3.2641,583
2026-07-24 17:00,3.2644,3.2749,3.2576,3.2725,180
2026-07-26 23:00,3.1696,3.1818,3.1696,3.1739,105
2026-07-27 00:00,3.1733,3.1733,3.162,3.1666,109
2026-07-27 01:00,3.1663,3.1663,3.1467,3.1518,142
2026-07-27 02:00,3.1525,3.1549,3.139,3.1472,133
2026-07-27 03:00,3.1481,3.1481,3.1269,3.1299,367
2026-07-27 04:00,3.1314,3.1484,3.1231,3.1476,583
2026-07-27 05:00,3.1525,3.1648,3.1148,3.115,1315
2026-07-27 06:00,3.1193,3.1248,3.1016,3.1076,606
2026-07-27 07:00,3.1077,3.1365,3.1077,3.1337,482
2026-07-27 08:00,3.1336,3.1515,3.129,3.1363,651
2026-07-27 09:00,3.1368,3.1846,3.1359,3.1746,1717
2026-07-27 10:00,3.1746,3.1923,3.17,3.183,3471
2026-07-27 11:00,3.1836,3.1931,3.174,3.1812,2528
2026-07-27 12:00,3.1824,3.2023,3.1794,3.2022,2584
2026-07-27 13:00,3.2021,3.2118,3.168,3.1885,2018
2026-07-27 14:00,3.189,3.2015,3.176,3.1764,2395
2026-07-27 15:00,3.1757,3.1773,3.1592,3.1622,3472
2026-07-27 16:00,3.1624,3.1667,3.1565,3.1578,327
2026-07-27 17:00,3.1574,3.1599,3.1474,3.152,273
2026-07-27 19:00,3.1523,3.1682,3.1523,3.1682,60
2026-07-27 20:00,3.1676,3.1706,3.1648,3.1689,81
2026-07-27 21:00,3.1677,3.1734,3.1601,3.1666,143
2026-07-27 22:00,3.166,3.1756,3.157,3.1677,105
2026-07-27 23:00,3.168,3.168,3.14,3.141,123
2026-07-28 00:00,3.1432,3.1579,3.1344,3.1564,46
2026-07-28 01:00,3.1592,3.1641,3.1578,3.1602,24
2026-07-28 02:00,3.1591,3.1819,3.1552,3.1732,88
2026-07-28 03:00,3.1713,3.1741,3.1382,3.1408,129
2026-07-28 04:00,3.1415,3.1647,3.1385,3.1494,477
2026-07-28 05:00,3.1511,3.1599,3.1402,3.1492,1132
2026-07-28 06:00,3.1518,3.1716,3.1506,3.1651,371
2026-07-28 07:00,3.1655,3.1809,3.1652,3.1733,418
2026-07-28 08:00,3.1724,3.1807,3.1582,3.1785,619
2026-07-28 09:00,3.179,3.1804,3.1506,3.1544,1581
2026-07-28 10:00,3.1552,3.1811,3.1532,3.1701,2769
2026-07-28 11:00,3.1705,3.185,3.1643,3.1739,2204
2026-07-28 12:00,3.174,3.1795,3.1281,3.1286,3795
2026-07-28 13:00,3.1298,3.1514,3.1191,3.1494,2942
2026-07-28 14:00,3.1513,3.1623,3.1285,3.1541,2911
2026-07-28 15:00,3.1542,3.1584,3.1343,3.1427,2810
2026-07-28 16:00,3.1431,3.1439,3.1359,3.1395,249
2026-07-28 17:00,3.14,3.1447,3.1329,3.138,575
2026-07-28 19:00,3.1402,3.1978,3.1402,3.1963,255
2026-07-28 20:00,3.1946,3.205,3.1777,3.1777,408
2026-07-28 21:00,3.1756,3.19,3.1652,3.1859,512
2026-07-28 22:00,3.1877,3.197,3.1819,3.1886,172
2026-07-28 23:00,3.1886,3.1909,3.1831,3.1859,62
2026-07-29 00:00,3.1864,3.195,3.1864,3.1943,50
2026-07-29 01:00,3.1911,3.193,3.1723,3.1792,79
2026-07-29 02:00,3.1796,3.1796,3.1725,3.1766,60
2026-07-29 03:00,3.1767,3.1851,3.1742,3.1851,150
2026-07-29 04:00,3.1846,3.2049,3.1829,3.1913,548
2026-07-29 05:00,3.1911,3.2033,3.1846,3.193,625
2026-07-29 06:00,3.1962,3.1972,3.1729,3.1894,603
2026-07-29 07:00,3.1894,3.2108,3.1853,3.2095,575
2026-07-29 08:00,3.209,3.2115,3.1737,3.1867,1033
2026-07-29 09:00,3.1866,3.2277,3.184,3.2199,2247
2026-07-29 10:00,3.2209,3.2285,3.1876,3.1933,2911
2026-07-29 11:00,3.1925,3.2145,3.1842,3.2101,2764
2026-07-29 12:00,3.2102,3.2328,3.2087,3.2273,2762
2026-07-29 13:00,3.2273,3.2388,3.2159,3.2297,1649
2026-07-29 14:00,3.2294,3.2305,3.2022,3.2158,1483
2026-07-29 15:00,3.2157,3.2348,3.2106,3.2113,3957
2026-07-29 16:00,3.2105,3.2253,3.2068,3.2185,477
2026-07-29 17:00,3.2205,3.2261,3.2145,3.2195,252
2026-07-29 19:00,3.2258,3.2258,3.2097,3.217,47
2026-07-29 20:00,3.2102,3.216,3.2066,3.2082,56
2026-07-29 21:00,3.2047,3.2119,3.1849,3.2101,131
2026-07-29 22:00,3.2082,3.2082,3.1938,3.1938,87
2026-07-29 23:00,3.1933,3.1933,3.18,3.1833,105
2026-07-30 00:00,3.1829,3.1857,3.1785,3.1835,40
2026-07-30 01:00,3.1828,3.19,3.1827,3.1895,23
2026-07-30 02:00,3.1897,3.2092,3.1896,3.2053,253
2026-07-30 03:00,3.2032,3.22,3.1993,3.2032,264
2026-07-30 04:00,3.2029,3.2041,3.1846,3.196,537
2026-07-30 05:00,3.1961,3.2077,3.184,3.2034,832
2026-07-30 06:00,3.2023,3.2064,3.1835,3.2062,766
2026-07-30 07:00,3.208,3.2112,3.1741,3.1829,552
2026-07-30 08:00,3.1848,3.1863,3.1616,3.169,1134
2026-07-30 09:00,3.1703,3.1804,3.1637,3.1735,1418
2026-07-30 10:00,3.1731,3.1742,3.1362,3.1418,2825
2026-07-30 11:00,3.142,3.1548,3.1356,3.1425,2109
2026-07-30 12:00,3.1429,3.1632,3.1342,3.1471,3242
2026-07-30 13:00,3.1476,3.1623,3.1376,3.1588,1639
2026-07-30 14:00,3.1579,3.1654,3.1406,3.1461,2330
2026-07-30 15:00,3.1457,3.1479,3.1108,3.1144,4053
2026-07-30 16:00,3.1145,3.1262,3.1128,3.1236,743
2026-07-30 17:00,3.1225,3.1337,3.1215,3.1253,294
2026-07-30 19:00,3.1291,3.1354,3.1277,3.1322,112
2026-07-30 20:00,3.1297,3.1318,3.1276,3.1283,62
2026-07-30 21:00,3.1281,3.1313,3.1174,3.1174,78
2026-07-30 22:00,3.1151,3.1152,3.09,3.1049,274
2026-07-30 23:00,3.1036,3.1036,3.0877,3.0934,207
2026-07-31 00:00,3.0952,3.1,3.094,3.0979,65
2026-07-31 01:00,3.0981,3.1008,3.0848,3.0849,155
2026-07-31 02:00,3.0833,3.0872,3.065,3.0806,241
2026-07-31 03:00,3.0826,3.0955,3.0812,3.0926,247
2026-07-31 04:00,3.0944,3.1034,3.0858,3.0881,625
2026-07-31 05:00,3.0885,3.1018,3.0838,3.0999,841
2026-07-31 06:00,3.0989,3.1342,3.0989,3.1287,917
2026-07-31 07:00,3.13,3.1384,3.1246,3.1252,729
2026-07-31 08:00,3.125,3.1378,3.1185,3.1219,1857
2026-07-31 09:00,3.1222,3.14,3.1011,3.1256,2313
2026-07-31 10:00,3.1252,3.1301,3.1078,3.1172,3257
2026-07-31 11:00,3.1164,3.1375,3.0955,3.1336,3455
2026-07-31 12:00,3.1338,3.137,3.1005,3.1018,3232
2026-07-31 13:00,3.1028,3.1147,3.0966,3.0987,2125
2026-07-31 14:00,3.1008,3.1124,3.0928,3.1022,1892
2026-07-31 15:00,3.1015,3.1261,3.1006,3.1089,5597
2026-07-31 16:00,3.1084,3.1233,3.1084,3.1198,451
2026-07-31 17:00,3.1197,3.1735,3.1129,3.1713,608
2026-08-02 19:00,2.7697,2.7771,2.7296,2.7749,247
2026-08-02 20:00,2.7763,2.7763,2.7645,2.769,34
2026-08-02 21:00,2.7694,2.775,2.7575,2.7606,86
2026-08-02 22:00,2.7549,2.7609,2.7408,2.7421,63
2026-08-02 23:00,2.7406,2.7481,2.7382,2.7382,33
2026-08-03 00:00,2.7367,2.7431,2.7367,2.7381,34
2026-08-03 01:00,2.7364,2.7376,2.733,2.733,29
2026-08-03 02:00,2.7329,2.7416,2.7309,2.74,50
2026-08-03 03:00,2.7408,2.7426,2.7288,2.7313,107
2026-08-03 04:00,2.7309,2.7658,2.7309,2.7462,330
2026-08-03 05:00,2.7466,2.7624,2.7434,2.7555,357
2026-08-03 06:00,2.7567,2.7572,2.7416,2.756,361
2026-08-03 07:00,2.7524,2.7534,2.7354,2.7384,319
2026-08-03 08:00,2.7397,2.7434,2.7227,2.7227,274
2026-08-03 09:00,2.7224,2.7301,2.7158,2.7188,478
2026-08-03 10:00,2.7189,2.7391,2.7052,2.7115,1501
2026-08-03 11:00,2.7121,2.7289,2.7089,2.7255,1283
2026-08-03 12:00,2.7262,2.7359,2.7164,2.7309,1178
2026-08-03 13:00,2.731,2.7359,2.7118,2.7144,752
2026-08-03 14:00,2.7146,2.7304,2.7146,2.7154,536
2026-08-03 15:00,2.7162,2.7173,2.6994,2.71,1364
2026-08-03 16:00,2.7096,2.7153,2.7066,2.7077,207
2026-08-03 17:00,2.7081,2.7094,2.7005,2.7051,84
2026-08-03 19:00,2.7038,2.7095,2.7038,2.7095,13
2026-08-03 20:00,2.7047,2.7099,2.7047,2.7099,4
2026-08-03 21:00,2.7112,2.7257,2.7108,2.7257,57
2026-08-03 22:00,2.7265,2.73,2.7186,2.7254,128
2026-08-03 23:00,2.7233,2.7397,2.7233,2.7397,261
2026-08-04 00:00,2.7388,2.7448,2.7358,2.7413,142
2026-08-04 01:00,2.7397,2.7445,2.738,2.7433,49
2026-08-04 02:00,2.7427,2.7496,2.7393,2.7399,179
2026-08-04 03:00,2.7383,2.7431,2.7209,2.7209,124
2026-08-04 04:00,2.7211,2.7262,2.7127,2.7127,522
2026-08-04 05:00,2.7149,2.7455,2.705,2.7441,1033
2026-08-04 06:00,2.7435,2.7463,2.733,2.7362,535
2026-08-04 07:00,2.7348,2.7394,2.6887,2.7016,1123
2026-08-04 08:00,2.7021,2.7041,2.6132,2.6156,1076
2026-08-04 09:00,2.6146,2.644,2.6137,2.6275,1102
2026-08-04 10:00,2.6281,2.6487,2.5771,2.5822,1780
2026-08-04 11:00,2.5828,2.6135,2.5729,2.6105,1315
2026-08-04 12:00,2.6107,2.614,2.5796,2.5988,1730
2026-08-04 13:00,2.5996,2.61,2.5893,2.6075,785
2026-08-04 14:00,2.6081,2.6081,2.5911,2.5962,495
2026-08-04 15:00,2.5973,2.6116,2.5947,2.6064,1342
2026-08-04 16:00,2.6067,2.6105,2.5999,2.6031,529
2026-08-04 17:00,2.6047,2.6047,2.5868,2.5922,215
2026-08-04 19:00,2.5923,2.5963,2.5876,2.5885,28
2026-08-04 20:00,2.5888,2.5895,2.5854,2.5873,13
2026-08-04 21:00,2.5863,2.6004,2.5792,2.5997,50
2026-08-04 22:00,2.603,2.6131,2.603,2.6084,30
2026-08-04 23:00,2.6095,2.6095,2.5669,2.5756,91
2026-08-05 00:00,2.5756,2.5759,2.5692,2.5744,56
2026-08-05 01:00,2.5737,2.5873,2.5716,2.583,215
2026-08-05 02:00,2.5825,2.5852,2.5633,2.5673,301
2026-08-05 03:00,2.5674,2.5774,2.5528,2.5565,645
2026-08-05 04:00,2.5566,2.6164,2.5524,2.6101,1025
2026-08-05 05:00,2.6097,2.6288,2.6024,2.6229,776
2026-08-05 06:00,2.6218,2.6269,2.618,2.6249,706
2026-08-05 07:00,2.6237,2.6282,2.6101,2.612,374
2026-08-05 08:00,2.6129,2.617,2.6035,2.6069,257
2026-08-05 09:00,2.6065,2.616,2.5926,2.6154,1260
2026-08-05 10:00,2.6156,2.6166,2.5684,2.5856,1473
2026-08-05 11:00,2.5863,2.596,2.5659,2.5938,1949
2026-08-05 12:00,2.5953,2.6191,2.5799,2.6103,1325
2026-08-05 13:00,2.6118,2.616,2.59,2.591,758
2026-08-05 14:00,2.5918,2.5963,2.5765,2.5945,570
2026-08-05 15:00,2.5939,2.6084,2.5889,2.6006,1367
2026-08-05 16:00,2.602,2.6031,2.5916,2.5958,106
2026-08-05 17:00,2.5944,2.5953,2.5871,2.5944,60
2026-08-05 19:00,2.5919,2.5919,2.5872,2.5872,10
2026-08-05 20:00,2.5911,2.5927,2.5911,2.5918,15
2026-08-05 21:00,2.5923,2.5923,2.5815,2.5842,13
2026-08-05 22:00,2.5895,2.6055,2.5895,2.5994,12
2026-08-05 23:00,2.593,2.5985,2.593,2.5951,15
2026-08-06 00:00,2.5938,2.5957,2.5813,2.5843,15
2026-08-06 01:00,2.58,2.58,2.5754,2.5791,26
2026-08-06 02:00,2.5796,2.5815,2.575,2.5815,13
2026-08-06 03:00,2.5813,2.6091,2.5813,2.6016,133
2026-08-06 04:00,2.6004,2.6176,2.5975,2.616,705
2026-08-06 05:00,2.6156,2.6256,2.6008,2.6082,830
2026-08-06 06:00,2.6073,2.6209,2.6056,2.6104,410
2026-08-06 07:00,2.61,2.6301,2.6089,2.6254,425
2026-08-06 08:00,2.6224,2.6413,2.6212,2.6354,843
2026-08-06 09:00,2.6355,2.6493,2.6322,2.6432,874
2026-08-06 10:00,2.6429,2.6611,2.6412,2.6595,1580
2026-08-06 11:00,2.6592,2.6707,2.6564,2.6679,1515
2026-08-06 12:00,2.667,2.6961,2.6658,2.6896,1741
2026-08-06 13:00,2.6882,2.7118,2.6871,2.696,1114
2026-08-06 14:00,2.6946,2.6979,2.6879,2.6933,778
2026-08-06 15:00,2.6932,2.6996,2.6897,2.6933,1931
2026-08-06 16:00,2.6946,2.7167,2.6938,2.7039,583
2026-08-06 17:00,2.7024,2.7148,2.7003,2.7132,178
2026-08-06 19:00,2.7129,2.7185,2.7115,2.7121,18
2026-08-06 20:00,2.7123,2.7123,2.7104,2.7104,5
2026-08-06 21:00,2.7081,2.714,2.6984,2.6984,61
2026-08-06 22:00,2.6977,2.7052,2.6948,2.7027,104
2026-08-06 23:00,2.7058,2.7073,2.7027,2.7041,23
2026-08-07 00:00,2.7036,2.7056,2.7011,2.7056,27
2026-08-07 01:00,2.7043,2.74,2.7043,2.7256,530
2026-08-07 02:00,2.7259,2.7281,2.7198,2.72,69
2026-08-07 03:00,2.7198,2.7242,2.7089,2.7187,176
2026-08-07 04:00,2.7176,2.73,2.7162,2.7271,314
2026-08-07 05:00,2.7247,2.7274,2.7018,2.7036,380
2026-08-07 06:00,2.7048,2.7063,2.6864,2.6915,325
2026-08-07 07:00,2.6916,2.6997,2.69,2.6943,263
2026-08-07 08:00,2.6944,2.7064,2.6894,2.7064,312
2026-08-07 09:00,2.7074,2.717,2.6938,2.696,678
2026-08-07 10:00,2.6966,2.7162,2.6938,2.7153,1092
2026-08-07 11:00,2.7148,2.7347,2.7111,2.7342,1072
2026-08-07 12:00,2.7342,2.7602,2.733,2.7479,1634
2026-08-07 13:00,2.7491,2.753,2.737,2.7497,865
2026-08-07 14:00,2.7496,2.7496,2.7305,2.7377,691
2026-08-07 15:00,2.7369,2.7442,2.7329,2.7387,979
2026-08-07 16:00,2.739,2.739,2.7047,2.7116,260
2026-08-07 17:00,2.7122,2.7171,2.7076,2.7146,75
2026-08-09 19:00,2.74,2.77,2.7271,2.7585,46
2026-08-09 20:00,2.7573,2.7592,2.7553,2.7566,14
2026-08-09 21:00,2.7567,2.7629,2.7529,2.756,86
2026-08-09 22:00,2.7561,2.7692,2.7489,2.7603,253
2026-08-09 23:00,2.7586,2.7597,2.7449,2.7528,161
2026-08-10 00:00,2.7506,2.7558,2.7496,2.7553,8
2026-08-10 01:00,2.7555,2.7561,2.7479,2.7502,21
2026-08-10 02:00,2.7505,2.7527,2.7392,2.7392,58
2026-08-10 03:00,2.7379,2.7505,2.7368,2.7433,180
2026-08-10 04:00,2.7432,2.7676,2.7423,2.7657,464
2026-08-10 05:00,2.7641,2.787,2.7633,2.7822,708
2026-08-10 06:00,2.7778,2.7784,2.7665,2.7779,253
2026-08-10 07:00,2.7786,2.7928,2.764,2.7877,208
2026-08-10 08:00,2.7887,2.7989,2.7799,2.7976,256
2026-08-10 09:00,2.7979,2.8058,2.7875,2.7936,643
2026-08-10 10:00,2.793,2.8321,2.7894,2.831,1851
2026-08-10 11:00,2.8306,2.8436,2.8203,2.8407,1482
2026-08-10 12:00,2.8407,2.865,2.8392,2.8556,1649
2026-08-10 13:00,2.8552,2.866,2.8498,2.856,1010
2026-08-10 14:00,2.8565,2.8711,2.8565,2.87,869
2026-08-10 15:00,2.8706,2.8824,2.8647,2.865,1339
2026-08-10 16:00,2.865,2.8694,2.861,2.8689,270
2026-08-10 17:00,2.8694,2.8727,2.8666,2.868,89
2026-08-10 19:00,2.8707,2.8768,2.8666,2.8669,15
2026-08-10 20:00,2.865,2.865,2.8603,2.863,24
2026-08-10 21:00,2.8628,2.8709,2.8614,2.8641,62
2026-08-10 22:00,2.8637,2.8793,2.8616,2.8785,102
2026-08-10 23:00,2.8747,2.8764,2.8681,2.8744,44
2026-08-11 00:00,2.8763,2.8778,2.8714,2.8721,41
2026-08-11 01:00,2.8721,2.8774,2.8691,2.8745,51
2026-08-11 02:00,2.8766,2.8808,2.8742,2.8782,40
2026-08-11 03:00,2.8789,2.9008,2.8745,2.8955,144
2026-08-11 04:00,2.8944,2.9063,2.8891,2.905,321
2026-08-11 05:00,2.905,2.9172,2.9007,2.9144,661
2026-08-11 06:00,2.9134,2.919,2.906,2.9146,380
2026-08-11 07:00,2.9118,2.921,2.8968,2.8989,405
2026-08-11 08:00,2.8968,2.8978,2.8557,2.8704,906
2026-08-11 09:00,2.8702,2.8821,2.8624,2.8753,746
2026-08-11 10:00,2.875,2.8751,2.8386,2.8495,1966
2026-08-11 11:00,2.8496,2.864,2.848,2.8564,1462
2026-08-11 12:00,2.855,2.873,2.8438,2.8702,1646
2026-08-11 13:00,2.8695,2.8755,2.8636,2.8744,902
2026-08-11 14:00,2.8739,2.8743,2.8659,2.8691,919
2026-08-11 15:00,2.8687,2.8863,2.8667,2.8838,1791
2026-08-11 16:00,2.8833,2.8965,2.8825,2.8927,368
2026-08-11 17:00,2.8924,2.8977,2.8887,2.8915,183
2026-08-11 19:00,2.8946,2.8954,2.8937,2.8937,14
2026-08-11 20:00,2.8941,2.8963,2.8933,2.8937,39
2026-08-11 21:00,2.8937,2.9089,2.893,2.9038,80
2026-08-11 22:00,2.9022,2.9082,2.9008,2.9037,48
2026-08-11 23:00,2.9045,2.9121,2.9017,2.9121,46
2026-08-12 00:00,2.9118,2.9193,2.9116,2.9174,66
2026-08-12 01:00,2.9187,2.9187,2.9029,2.9038,36
2026-08-12 02:00,2.9019,2.9055,2.8943,2.9055,43
2026-08-12 03:00,2.9053,2.906,2.8895,2.8965,183
2026-08-12 04:00,2.8966,2.9017,2.8832,2.8922,769
2026-08-12 05:00,2.892,2.895,2.8786,2.8874,687
2026-08-12 06:00,2.8897,2.8912,2.8614,2.8746,719
2026-08-12 07:00,2.876,2.8901,2.8719,2.8818,430
2026-08-12 08:00,2.8841,2.8862,2.8743,2.8807,372
2026-08-12 09:00,2.8806,2.886,2.86,2.86,881
2026-08-12 10:00,2.8593,2.8613,2.8449,2.8559,1758
2026-08-12 11:00,2.8567,2.8675,2.8457,2.8616,1703
2026-08-12 12:00,2.8617,2.877,2.8592,2.8704,1484
2026-08-12 13:00,2.8699,2.8794,2.863,2.867,909
2026-08-12 14:00,2.8664,2.8984,2.8633,2.8973,1453
2026-08-12 15:00,2.8978,2.9,2.886,2.8913,2012
2026-08-12 16:00,2.8911,2.8911,2.8791,2.885,389
2026-08-12 17:00,2.8844,2.8844,2.8757,2.8762,119
2026-08-12 19:00,2.8867,2.887,2.8822,2.8828,39
2026-08-12 20:00,2.8792,2.8814,2.8792,2.8814,4
2026-08-12 21:00,2.8771,2.8795,2.865,2.8651,75
2026-08-12 22:00,2.8651,2.8739,2.8627,2.8681,46
2026-08-12 23:00,2.8706,2.8766,2.8682,2.8761,40
2026-08-13 00:00,2.8766,2.8823,2.8717,2.8823,26
2026-08-13 01:00,2.8852,2.8907,2.8846,2.8875,14
2026-08-13 02:00,2.8901,2.8964,2.886,2.8935,342
2026-08-13 03:00,2.8934,2.8992,2.8836,2.8836,149
2026-08-13 04:00,2.8838,2.8906,2.8596,2.8665,434
2026-08-13 05:00,2.8666,2.8713,2.8498,2.8567,587
2026-08-13 06:00,2.8562,2.8619,2.8463,2.8619,423
2026-08-13 07:00,2.8646,2.8778,2.8607,2.8689,372
2026-08-13 08:00,2.8684,2.8806,2.8636,2.8798,601
2026-08-13 09:00,2.88,2.8868,2.8655,2.8803,858
2026-08-13 10:00,2.8804,2.8872,2.8547,2.8585,2217
2026-08-13 11:00,2.8595,2.8715,2.8478,2.8674,1489
2026-08-13 12:00,2.8671,2.9035,2.8668,2.8927,2168
2026-08-13 13:00,2.8932,2.8997,2.883,2.8898,854
2026-08-13 14:00,2.89,2.8905,2.879,2.8835,817
2026-08-13 15:00,2.8832,2.8832,2.8556,2.8606,1705
2026-08-13 16:00,2.8612,2.8647,2.8528,2.8571,262
2026-08-13 17:00,2.8551,2.8585,2.8509,2.8529,110
2026-08-13 19:00,2.8496,2.8529,2.8496,2.8526,31
2026-08-13 20:00,2.8527,2.8576,2.8517,2.8555,27
2026-08-13 21:00,2.8549,2.8594,2.8511,2.8513,100
2026-08-13 22:00,2.8526,2.861,2.848,2.848,39
2026-08-13 23:00,2.8478,2.8584,2.8425,2.8584,72
2026-08-14 00:00,2.8577,2.8595,2.8529,2.8562,16
2026-08-14 01:00,2.8577,2.8586,2.8523,2.8538,32
2026-08-14 02:00,2.8541,2.8685,2.8529,2.8678,25
2026-08-14 03:00,2.8683,2.8817,2.8648,2.8806,266
2026-08-14 04:00,2.8814,2.8924,2.8814,2.8913,663
2026-08-14 05:00,2.8906,2.8906,2.8635,2.8763,669
2026-08-14 06:00,2.8764,2.8781,2.857,2.8585,643
2026-08-14 07:00,2.8572,2.8572,2.8412,2.8439,402
2026-08-14 08:00,2.8438,2.859,2.8427,2.8476,536
2026-08-14 09:00,2.8465,2.8626,2.8359,2.8371,787
2026-08-14 10:00,2.8379,2.849,2.8327,2.847,1646
2026-08-14 11:00,2.8473,2.8796,2.8466,2.8785,1796
2026-08-14 12:00,2.8791,2.8914,2.8753,2.8857,2134
2026-08-14 13:00,2.8857,2.9033,2.8845,2.8999,1739
2026-08-14 14:00,2.9005,2.9096,2.8907,2.8932,1477
2026-08-14 15:00,2.8926,2.9071,2.8902,2.9024,1647
2026-08-14 16:00,2.9021,2.9063,2.8982,2.9004,504
2026-08-14 17:00,2.8998,2.9013,2.8956,2.9008,203
2026-08-16 19:00,2.9003,2.9092,2.8931,2.8983,58
2026-08-16 20:00,2.9005,2.9019,2.8967,2.8972,15
2026-08-16 21:00,2.8948,2.8964,2.8865,2.8865,75
2026-08-16 22:00,2.8864,2.9101,2.8836,2.9008,92
2026-08-16 23:00,2.9016,2.9138,2.9004,2.9004,55
2026-08-17 00:00,2.902,2.9038,2.8963,2.897,33
2026-08-17 01:00,2.8964,2.9003,2.8944,2.8964,33
2026-08-17 02:00,2.8959,2.8983,2.8871,2.8904,49
2026-08-17 03:00,2.8889,2.8929,2.8851,2.8891,142
2026-08-17 04:00,2.8899,2.902,2.8876,2.898,296
2026-08-17 05:00,2.8975,2.9103,2.8938,2.9102,546
2026-08-17 06:00,2.9102,2.9267,2.903,2.92,476
2026-08-17 07:00,2.9197,2.9247,2.889,2.9183,445
2026-08-17 08:00,2.918,2.9202,2.9053,2.9054,658
2026-08-17 09:00,2.9063,2.9192,2.895,2.9066,1223
2026-08-17 10:00,2.9068,2.9109,2.8891,2.8932,2792
2026-08-17 11:00,2.8932,2.9126,2.8858,2.9112,2316
2026-08-17 12:00,2.9126,2.9283,2.9081,2.9259,1999
2026-08-17 13:00,2.9264,2.934,2.9195,2.9337,1328
2026-08-17 14:00,2.9339,2.98,2.9321,2.9778,2137
2026-08-17 15:00,2.9776,2.9815,2.9676,2.9689,2928
2026-08-17 16:00,2.9687,2.9782,2.968,2.9779,356
2026-08-17 17:00,2.978,2.9818,2.9724,2.9818,149
2026-08-17 19:00,2.9905,2.9949,2.9815,2.9932,84
2026-08-17 20:00,2.9917,2.9967,2.9857,2.9858,53
2026-08-17 21:00,2.9844,2.9935,2.9844,2.9854,120
2026-08-17 22:00,2.9846,2.9947,2.9811,2.989,69
2026-08-17 23:00,2.9905,2.9941,2.9874,2.9929,54
2026-08-18 00:00,2.9935,3.0006,2.9922,3.0001,110
2026-08-19 21:00,2.9471,2.9571,2.9422,2.9571,198
2026-08-19 22:00,2.9578,2.9609,2.9427,2.946,77
2026-08-19 23:00,2.9499,2.9511,2.9374,2.9422,87
2026-08-20 00:00,2.9406,2.9474,2.9389,2.9427,67
2026-08-20 01:00,2.9412,2.9516,2.9406,2.9439,100
2026-08-20 02:00,2.9443,2.9517,2.942,2.9484,54
2026-08-20 03:00,2.9475,2.9592,2.9463,2.9566,110
2026-08-20 04:00,2.9566,2.9739,2.9543,2.9574,727
2026-08-20 05:00,2.9572,2.972,2.9495,2.967,1525
2026-08-20 06:00,2.9677,2.9703,2.9562,2.9668,722
2026-08-20 07:00,2.9662,2.9775,2.9565,2.9771,585
2026-08-20 08:00,2.9765,2.987,2.9765,2.9845,1258
2026-08-20 09:00,2.9852,3.0023,2.9757,2.9762,1447
2026-08-20 10:00,2.9759,3.0142,2.9743,3.0142,3540
2026-08-20 11:00,3.0144,3.0218,2.984,2.9899,3630
2026-08-20 12:00,2.9897,3.0057,2.9814,2.9997,3218
2026-08-20 13:00,2.9991,3.001,2.9767,2.9801,1336
2026-08-20 14:00,2.9805,2.9991,2.9727,2.9912,1751
2026-08-20 15:00,2.9907,3.0225,2.9803,3.0191,4217
2026-08-20 16:00,3.0193,3.0201,3.0137,3.0176,414
2026-08-20 17:00,3.0175,3.0209,3.0095,3.0107,316
2026-08-20 19:00,3.0101,3.0114,3.0087,3.0087,17
2026-08-20 20:00,3.0103,3.012,3.0088,3.0088,10
2026-08-20 21:00,3.006,3.0111,2.9964,3.0024,105
2026-08-20 22:00,3.0017,3.0121,3.0001,3.0071,82
2026-08-20 23:00,3.0102,3.0112,3.0035,3.0049,82
2026-08-21 00:00,3.0058,3.0074,3.0041,3.0052,26
2026-08-21 01:00,3.0051,3.0057,2.996,2.9972,30
2026-08-21 02:00,2.996,3.0093,2.9947,3.0024,106
2026-08-21 03:00,3.0033,3.0092,3.0011,3.0035,265
2026-08-21 04:00,3.004,3.0045,2.9923,2.9985,885
2026-08-21 05:00,2.9984,3.0079,2.9897,2.9978,2035
2026-08-21 06:00,2.9978,3.0319,2.9976,3.0305,753
2026-08-21 07:00,3.0314,3.0435,3.0302,3.0413,845
2026-08-21 08:00,3.0407,3.0536,3.0302,3.0536,1224
2026-08-21 09:00,3.0541,3.0691,3.0528,3.0604,2063
2026-08-21 10:00,3.0602,3.0751,3.0401,3.0429,3694
2026-08-21 11:00,3.0425,3.0666,3.0323,3.0617,2808
2026-08-21 12:00,3.0621,3.0685,3.0476,3.0517,2969
2026-08-21 13:00,3.0524,3.0596,3.0363,3.054,2345
2026-08-21 14:00,3.0549,3.0669,3.0513,3.0597,2282
2026-08-21 15:00,3.0597,3.062,3.0408,3.0413,4371
2026-08-21 16:00,3.0412,3.0417,3.0258,3.0267,565
2026-08-21 17:00,3.0264,3.0307,3.0212,3.0223,335
2026-08-23 19:00,3.0268,3.0383,3.0158,3.0166,225
2026-08-23 20:00,3.0164,3.0164,3.0091,3.0107,35
2026-08-23 21:00,3.0093,3.0139,2.9897,3.0012,148
2026-08-23 22:00,3.0023,3.0023,2.9821,2.9912,110
2026-08-23 23:00,2.989,2.9993,2.9876,2.9966,141
2026-08-24 00:00,2.9974,3.0002,2.9949,2.9951,35
2026-08-24 01:00,2.9961,2.9961,2.9931,2.9934,52
2026-08-24 02:00,2.992,2.9965,2.9888,2.9965,33
2026-08-24 03:00,2.9921,2.9924,2.9742,2.9742,296
2026-08-24 04:00,2.9746,2.9866,2.9693,2.9842,863
2026-08-24 05:00,2.9837,2.9938,2.9698,2.9781,1151
2026-08-24 06:00,2.9783,2.9899,2.9737,2.9862,477
2026-08-24 07:00,2.9858,2.9921,2.9797,2.9888,458
2026-08-24 08:00,2.9886,2.9982,2.9795,2.9915,1016
2026-08-24 09:00,2.9894,3.0119,2.9702,2.9739,2131
2026-08-24 10:00,2.9738,3.0169,2.9735,3.0034,3735
2026-08-24 11:00,3.0032,3.0047,2.9721,2.9761,2915
2026-08-24 12:00,2.976,2.9822,2.9501,2.9647,3187
2026-08-24 13:00,2.9659,2.9729,2.9595,2.9637,1773
2026-08-24 14:00,2.9634,2.9679,2.9512,2.9635,2156
2026-08-24 15:00,2.9635,2.9756,2.9581,2.9717,3704
2026-08-24 16:00,2.9719,2.9751,2.9698,2.9708,435
2026-08-24 17:00,2.9714,2.9719,2.9661,2.9699,187
2026-08-24 19:00,2.9779,2.9779,2.9671,2.9765,17
2026-08-24 20:00,2.9784,2.9801,2.9775,2.9783,27
2026-08-24 21:00,2.978,2.978,2.9655,2.9665,59
2026-08-24 22:00,2.9648,2.9842,2.9648,2.9842,71
2026-08-24 23:00,2.9835,2.9949,2.9835,2.9887,78
2026-08-25 00:00,2.9909,2.9916,2.982,2.9913,99
2026-08-25 01:00,2.9921,2.9926,2.9828,2.9831,12
2026-08-25 02:00,2.9833,2.9874,2.9672,2.9713,109
2026-08-25 03:00,2.9717,2.9851,2.967,2.9773,335
2026-08-25 04:00,2.9777,2.9908,2.9756,2.9863,983
2026-08-25 05:00,2.9873,2.9907,2.9462,2.9522,1759
2026-08-25 06:00,2.9521,2.9559,2.9278,2.9303,1278
2026-08-25 07:00,2.9333,2.9432,2.9305,2.9397,453
2026-08-25 08:00,2.9397,2.9533,2.9284,2.9315,1349
2026-08-25 09:00,2.931,2.9489,2.9282,2.9409,1799
2026-08-25 10:00,2.941,2.9576,2.9225,2.9576,3977
2026-08-25 11:00,2.9577,2.9657,2.9398,2.9452,3405
2026-08-25 12:00,2.9453,2.9542,2.9172,2.9415,4065
2026-08-25 13:00,2.9414,2.9461,2.9261,2.9278,1635
2026-08-25 14:00,2.9276,2.9352,2.9191,2.9312,1789
2026-08-25 15:00,2.9318,2.9356,2.9211,2.9246,3818
2026-08-25 16:00,2.9239,2.9255,2.8918,2.8918,1228
2026-08-25 17:00,2.8918,2.8958,2.8632,2.8928,1045
2026-08-25 19:00,2.8869,2.8989,2.8869,2.8955,138
2026-08-25 20:00,2.8947,2.8969,2.8925,2.8959,69
2026-08-25 21:00,2.8961,2.9002,2.89,2.8933,150
2026-08-25 22:00,2.8922,2.893,2.8837,2.8899,76
2026-08-25 23:00,2.888,2.891,2.8811,2.8867,70
2026-08-26 00:00,2.8877,2.8878,2.8769,2.881,114
2026-08-26 01:00,2.8817,2.8873,2.8786,2.8869,25
2026-08-26 02:00,2.8877,2.8962,2.8852,2.894,37
2026-08-26 03:00,2.892,2.9001,2.8843,2.8876,313
2026-08-26 04:00,2.8898,2.9004,2.8783,2.8813,557
2026-08-26 05:00,2.8812,2.8941,2.8696,2.8838,1082
2026-08-26 06:00,2.8846,2.8921,2.8775,2.8914,665
2026-08-26 07:00,2.8921,2.895,2.8825,2.8909,608
2026-08-26 08:00,2.8919,2.919,2.8877,2.915,1018
2026-08-26 09:00,2.915,2.9189,2.9043,2.9136,2152
2026-08-26 10:00,2.9145,2.9481,2.9106,2.9461,3669
2026-08-26 11:00,2.9465,2.9675,2.9406,2.9675,3103
2026-08-26 12:00,2.9668,2.98,2.9606,2.978,3745
2026-08-26 13:00,2.9775,2.9912,2.9753,2.9772,2646
2026-08-26 14:00,2.9772,2.9805,2.9718,2.9781,1956
2026-08-26 15:00,2.978,2.9783,2.9433,2.9436,3296
2026-08-26 16:00,2.9432,2.9443,2.933,2.935,377
2026-08-26 17:00,2.9351,2.9351,2.9265,2.9313,307
2026-08-26 19:00,2.9277,2.9368,2.9226,2.9226,69
2026-08-26 20:00,2.9215,2.9265,2.9215,2.9235,46
2026-08-26 21:00,2.9228,2.9228,2.9102,2.9191,282
2026-08-26 22:00,2.9198,2.9286,2.9099,2.9099,119
2026-08-26 23:00,2.9117,2.9139,2.9081,2.9106,39
2026-08-27 00:00,2.9122,2.9199,2.9118,2.9196,82
2026-08-27 01:00,2.9186,2.9223,2.9171,2.9219,22
2026-08-27 02:00,2.9216,2.9224,2.9116,2.9141,53
2026-08-27 03:00,2.9144,2.917,2.906,2.9067,421
2026-08-27 04:00,2.907,2.9139,2.8934,2.9116,1083
2026-08-27 05:00,2.9123,2.9378,2.9073,2.9376,1211
2026-08-27 06:00,2.9384,2.955,2.9371,2.9515,1008
2026-08-27 07:00,2.9529,2.9596,2.9461,2.9489,501
2026-08-27 08:00,2.9484,2.9651,2.9464,2.9578,584
2026-08-27 09:00,2.9576,2.9673,2.9363,2.9548,1498
2026-08-27 10:00,2.9551,2.9807,2.9386,2.9782,3572
2026-08-27 11:00,2.9784,2.9859,2.9662,2.9687,3459
2026-08-27 12:00,2.969,2.9782,2.9632,2.9688,3492
2026-08-27 13:00,2.9699,2.9741,2.9601,2.9623,1996
2026-08-27 14:00,2.9624,2.9901,2.953,2.9888,2700
2026-08-27 15:00,2.9895,3.0028,2.9785,2.9915,5575
2026-08-27 16:00,2.9925,2.9935,2.9815,2.9842,621
2026-08-27 17:00,2.9827,2.9854,2.9777,2.9846,300
2026-08-27 19:00,2.9868,2.9933,2.9807,2.9897,85
2026-08-27 20:00,2.9918,2.9919,2.9867,2.9867,52
2026-08-27 21:00,2.9878,2.9922,2.9858,2.988,133
2026-08-27 22:00,2.9878,2.9937,2.9765,2.9765,92
2026-08-27 23:00,2.9784,2.988,2.9784,2.9801,77
2026-08-28 00:00,2.9788,2.9834,2.9787,2.9828,78
2026-08-28 01:00,2.983,2.9894,2.9806,2.9887,74
2026-08-28 02:00,2.9895,2.992,2.977,2.9828,63
2026-08-28 03:00,2.9834,2.9896,2.9777,2.9817,276
2026-08-28 04:00,2.9818,2.9908,2.9716,2.9841,535
2026-08-28 05:00,2.9838,2.9967,2.9758,2.9967,781
2026-08-28 06:00,2.9966,3.0053,2.9953,2.9997,598
2026-08-28 07:00,2.9992,3.0093,2.9966,3.0042,451
2026-08-28 08:00,3.0065,3.0175,3.002,3.013,886
2026-08-28 09:00,3.0122,3.0155,2.9949,2.9949,1660
2026-08-28 10:00,2.9945,3.0127,2.992,3.0039,2498
2026-08-28 11:00,3.0043,3.0284,2.9896,3.0128,2290
2026-08-28 12:00,3.0124,3.0486,3.0112,3.039,3087
2026-08-28 13:00,3.0397,3.072,3.035,3.0665,2829
2026-08-28 14:00,3.067,3.0719,3.058,3.0694,2677
2026-08-28 15:00,3.0686,3.069,3.0397,3.0408,3976
2026-08-28 16:00,3.0415,3.052,3.0403,3.0508,492
2026-08-28 17:00,3.0505,3.054,3.0463,3.048,296
2026-08-30 19:00,3.0613,3.0904,3.0612,3.0672,384
2026-08-30 20:00,3.068,3.0701,3.0599,3.0654,82
2026-08-30 21:00,3.062,3.0671,3.052,3.0522,110
2026-08-30 22:00,3.056,3.0734,3.0559,3.0727,177
2026-08-30 23:00,3.0672,3.0821,3.0672,3.0715,219
2026-08-31 00:00,3.0669,3.0733,3.0663,3.0725,38
2026-08-31 01:00,3.0729,3.0825,3.071,3.0767,110
2026-08-31 02:00,3.0758,3.0919,3.0751,3.0806,237
2026-08-31 03:00,3.0804,3.0879,3.074,3.074,244
2026-08-31 04:00,3.0733,3.0757,3.0538,3.072,514
2026-08-31 05:00,3.0745,3.0948,3.068,3.093,945
2026-08-31 06:00,3.0921,3.0951,3.0788,3.0866,281
2026-08-31 07:00,3.0856,3.0908,3.0771,3.0822,430
2026-08-31 08:00,3.0827,3.093,3.0744,3.079,617
2026-08-31 09:00,3.0785,3.0785,3.053,3.0568,2293
2026-08-31 10:00,3.0558,3.074,3.0433,3.0667,2972
2026-08-31 11:00,3.0664,3.0673,3.0503,3.0609,2130
2026-08-31 12:00,3.0607,3.0815,3.0559,3.0798,2158
2026-08-31 13:00,3.0804,3.0919,3.0652,3.0728,1902
2026-08-31 14:00,3.0733,3.0834,3.066,3.0691,1362
2026-08-31 15:00,3.0695,3.0866,3.0665,3.0686,4283
2026-08-31 16:00,3.0669,3.1,3.0667,3.0998,737
2026-08-31 17:00,3.1004,3.1124,3.0976,3.1102,558
2026-08-31 19:00,2.9249,2.9249,2.9209,2.9249,7
2026-08-31 20:00,2.9248,2.9261,2.9238,2.9257,14
2026-08-31 21:00,2.9266,2.9307,2.9245,2.9263,38
2026-08-31 22:00,2.9247,2.9313,2.9205,2.9205,36
2026-08-31 23:00,2.9217,2.9348,2.9217,2.9293,33
2026-09-01 00:00,2.9328,2.9328,2.9294,2.9326,20
2026-09-01 01:00,2.9319,2.9367,2.9319,2.9367,20
2026-09-01 02:00,2.9367,2.9372,2.9167,2.921,92
2026-09-01 03:00,2.9241,2.9293,2.9148,2.9254,314
2026-09-01 04:00,2.9263,2.9477,2.9202,2.9317,500
2026-09-01 05:00,2.9312,2.9494,2.9283,2.9294,684
2026-09-01 06:00,2.9288,2.9288,2.9065,2.9118,439
2026-09-01 07:00,2.9124,2.9204,2.9064,2.9133,290
2026-09-01 08:00,2.9122,2.9154,2.9043,2.9141,304
2026-09-01 09:00,2.9147,2.9347,2.9116,2.9314,721
2026-09-01 10:00,2.9312,2.9521,2.9303,2.9343,1084
2026-09-01 11:00,2.9339,2.9343,2.9021,2.9242,1939
2026-09-01 12:00,2.9252,2.9378,2.9185,2.9223,2154
2026-09-01 13:00,2.9225,2.9568,2.9201,2.9509,1958
2026-09-01 14:00,2.9503,2.9767,2.9493,2.9728,1404
2026-09-01 15:00,2.9723,2.9817,2.9597,2.981,1434
2026-09-01 16:00,2.9824,2.9866,2.9792,2.9856,449
2026-09-01 17:00,2.986,2.9938,2.9828,2.9899,370
2026-09-01 19:00,2.994,2.994,2.9661,2.9888,40
2026-09-01 20:00,2.9888,2.9892,2.9857,2.9885,47
2026-09-01 21:00,2.9875,3.0121,2.983,3.0111,171
2026-09-01 22:00,3.0133,3.0173,3.0029,3.0029,138
2026-09-01 23:00,3.0022,3.0047,2.9813,2.9818,198
2026-09-02 00:00,2.9816,2.9836,2.9733,2.9735,46
2026-09-02 01:00,2.9755,2.9767,2.9688,2.9699,60
2026-09-02 02:00,2.972,2.9776,2.9692,2.9757,40
2026-09-02 03:00,2.9759,2.9792,2.9601,2.9615,159
2026-09-02 04:00,2.9605,2.9662,2.9505,2.9553,360
2026-09-02 05:00,2.9537,2.9638,2.9448,2.9548,922
2026-09-02 06:00,2.9549,2.9742,2.9509,2.9717,470
2026-09-02 07:00,2.9719,2.9815,2.9664,2.9807,328
2026-09-02 08:00,2.9802,2.9858,2.9573,2.9582,826
2026-09-02 09:00,2.9589,3.0017,2.9545,3.0008,998
2026-09-02 10:00,3.0007,3.0057,2.9796,2.9825,1912
2026-09-02 11:00,2.9822,3.0045,2.9754,2.9932,1728
2026-09-02 12:00,2.9939,2.9955,2.9633,2.9645,2425
2026-09-02 13:00,2.9645,2.9708,2.9576,2.959,1081
2026-09-02 14:00,2.9588,2.9687,2.9426,2.9427,954
2026-09-02 15:00,2.9424,2.9521,2.9314,2.9359,2551
2026-09-02 16:00,2.9355,2.9401,2.9327,2.9361,269
2026-09-02 17:00,2.9349,2.9371,2.9258,2.9339,322
2026-09-02 19:00,2.9373,2.9382,2.932,2.932,2
2026-09-02 20:00,2.9349,2.9349,2.9293,2.9304,13
2026-09-02 21:00,2.932,2.9351,2.9295,2.9339,18
2026-09-02 22:00,2.9304,2.9469,2.9304,2.9462,33
2026-09-02 23:00,2.9435,2.9437,2.9353,2.9383,22
2026-09-03 00:00,2.9391,2.9409,2.9368,2.9404,29
2026-09-03 01:00,2.939,2.9402,2.9294,2.9298,22
2026-09-03 02:00,2.9302,2.9302,2.9117,2.9166,127
2026-09-03 03:00,2.9161,2.9232,2.9101,2.9216,234
2026-09-03 04:00,2.923,2.9305,2.9197,2.9241,332
2026-09-03 05:00,2.9245,2.9273,2.8911,2.9176,1635
2026-09-03 06:00,2.9183,2.9432,2.9079,2.9424,835
2026-09-03 07:00,2.9412,2.9514,2.9395,2.9426,418
2026-09-03 08:00,2.9408,2.9483,2.93,2.9479,452
2026-09-03 09:00,2.9477,2.951,2.9268,2.9287,816
2026-09-03 10:00,2.929,2.9515,2.9204,2.9496,1854
2026-09-03 11:00,2.9501,2.9715,2.9445,2.9497,2038
2026-09-03 12:00,2.9504,2.9652,2.9395,2.9408,1634
2026-09-03 13:00,2.9412,2.9619,2.9347,2.9619,906
2026-09-03 14:00,2.9627,2.9667,2.9552,2.9599,987
2026-09-03 15:00,2.9598,2.967,2.9471,2.964,1917
2026-09-03 16:00,2.964,2.9708,2.9616,2.9705,613
2026-09-03 17:00,2.9709,2.9761,2.9701,2.976,127
2026-09-03 19:00,2.9688,2.9688,2.9665,2.9665,3
2026-09-03 20:00,2.976,2.9798,2.9735,2.9735,17
2026-09-03 21:00,2.9747,2.9758,2.9592,2.9615,111
2026-09-03 22:00,2.96,2.9689,2.9588,2.9655,92
2026-09-03 23:00,2.9647,2.9659,2.9561,2.9608,46
2026-09-04 00:00,2.9596,2.9621,2.9561,2.9611,48
2026-09-04 01:00,2.9609,2.9631,2.9559,2.9559,31
2026-09-04 02:00,2.9553,2.9553,2.9483,2.9527,40
2026-09-04 03:00,2.9541,2.9587,2.9475,2.9529,348
2026-09-04 04:00,2.9536,2.9628,2.9428,2.947,121
2026-09-04 05:00,2.9458,2.95,2.9326,2.9403,688
2026-09-04 06:00,2.9408,2.9462,2.9299,2.9373,811
2026-09-04 07:00,2.9367,2.9384,2.9183,2.9199,361
2026-09-04 08:00,2.9213,2.9404,2.9213,2.9327,546
2026-09-04 09:00,2.9328,2.936,2.9085,2.9096,974
2026-09-04 10:00,2.9106,2.9408,2.905,2.9193,1589
2026-09-04 11:00,2.9212,2.9854,2.921,2.9839,2136
2026-09-04 12:00,2.9841,2.9945,2.9748,2.9865,2563
2026-09-04 13:00,2.9865,3.0041,2.9808,3.0037,1277
2026-09-04 14:00,3.0031,3.0071,2.9928,3.0007,1342
2026-09-04 15:00,2.9998,3.0182,2.9935,3.007,2880
2026-09-04 16:00,3.0077,3.0125,3.0037,3.0067,246
2026-09-04 17:00,3.0059,3.0075,2.9978,2.9978,109
2026-09-06 19:00,3.0272,3.043,3.0119,3.012,29
2026-09-06 20:00,3.0125,3.0125,3.0061,3.0064,52
2026-09-06 21:00,3.0065,3.0115,2.9975,3.0052,73
2026-09-06 22:00,3.0064,3.0117,3.0027,3.0117,46
2026-09-06 23:00,3.0084,3.0158,3.0084,3.0116,25
2026-09-07 00:00,3.0146,3.02,3.0146,3.0193,20
2026-09-07 01:00,3.0205,3.0248,3.0148,3.0213,39
2026-09-07 02:00,3.0216,3.0261,3.0166,3.0198,54
2026-09-07 03:00,3.02,3.022,3.0034,3.0081,146
2026-09-07 04:00,3.0099,3.0138,2.999,3.0014,176
2026-09-07 05:00,2.9971,3.007,2.9825,3.0049,403
2026-09-07 06:00,3.0039,3.0134,2.9974,3.0064,243
2026-09-07 07:00,3.0071,3.0287,2.9985,3.0247,274
2026-09-07 08:00,3.0262,3.0303,3.0211,3.0269,434
2026-09-07 09:00,3.0275,3.0315,3.0157,3.0203,289
2026-09-07 10:00,3.0207,3.0318,3.0151,3.0314,296
2026-09-07 11:00,3.028,3.0404,3.0255,3.0353,478
2026-09-07 12:00,3.0362,3.0414,3.026,3.0328,805
2026-09-07 13:00,3.0328,3.0382,3.0224,3.0267,244
2026-09-07 14:00,3.0265,3.0324,3.025,3.0316,37
2026-09-07 14:30,3.0332,3.0352,3.0274,3.0274,21
2026-09-07 19:00,3.0205,3.0293,3.0205,3.0293,11
2026-09-07 20:00,3.0299,3.0299,3.0272,3.0285,14
2026-09-07 21:00,3.0251,3.0303,3.0203,3.0241,25
2026-09-07 22:00,3.0258,3.0313,3.0225,3.0226,32
2026-09-07 23:00,3.0228,3.027,3.0224,3.0263,13
2026-09-08 00:00,3.0298,3.0333,3.0297,3.0306,31
2026-09-08 01:00,3.0298,3.0356,3.0298,3.0331,15
2026-09-08 02:00,3.0323,3.0538,3.0323,3.0497,33
2026-09-08 03:00,3.0554,3.0583,3.0467,3.0576,117
2026-09-08 04:00,3.0605,3.0723,3.0557,3.0635,395
2026-09-08 05:00,3.063,3.0672,3.0465,3.053,712
2026-09-08 06:00,3.0524,3.0532,3.0418,3.0495,215
2026-09-08 07:00,3.0515,3.0605,3.0418,3.0547,225
2026-09-08 08:00,3.0555,3.0702,3.0502,3.0676,353
2026-09-08 09:00,3.0676,3.0719,3.0471,3.0475,1035
2026-09-08 10:00,3.0482,3.0955,3.0341,3.0883,3344
2026-09-08 11:00,3.088,3.1093,3.0853,3.0986,2282
2026-09-08 12:00,3.099,3.1044,3.0708,3.0729,2667
2026-09-08 13:00,3.0726,3.0747,3.0491,3.0607,2381
2026-09-08 14:00,3.0602,3.0605,3.0372,3.0425,1782
2026-09-08 15:00,3.0421,3.0878,3.0418,3.0815,2628
2026-09-08 16:00,3.082,3.0917,3.0709,3.0837,505
2026-09-08 17:00,3.0846,3.0953,3.0832,3.088,279
2026-09-08 19:00,3.0995,3.1032,3.0899,3.0951,69
2026-09-08 20:00,3.0948,3.1023,3.0948,3.0976,15
2026-09-08 21:00,3.0958,3.0999,3.0891,3.0904,134
2026-09-08 22:00,3.0935,3.0935,3.0884,3.0884,29
2026-09-08 23:00,3.0881,3.093,3.0873,3.0911,28
2026-09-09 00:00,3.0912,3.0998,3.0888,3.089,38
2026-09-09 01:00,3.0901,3.0914,3.082,3.0837,90
2026-09-09 02:00,3.082,3.085,3.0804,3.0816,63
2026-09-09 03:00,3.0819,3.1015,3.0818,3.0995,127
2026-09-09 04:00,3.0994,3.1007,3.0837,3.0909,334
2026-09-09 05:00,3.0901,3.1019,3.0753,3.094,902
2026-09-09 06:00,3.0964,3.1015,3.0876,3.099,405
2026-09-09 07:00,3.1001,3.1027,3.0904,3.0923,331
2026-09-09 08:00,3.0934,3.1036,3.0892,3.0931,636
2026-09-09 09:00,3.0924,3.0929,3.0545,3.0573,1531
2026-09-09 10:00,3.0578,3.0608,3.0343,3.0378,3185
2026-09-09 11:00,3.038,3.0618,3.037,3.0496,3935
2026-09-09 12:00,3.0493,3.0531,3.0409,3.0503,2599
2026-09-09 13:00,3.0506,3.054,3.0295,3.0299,2559
2026-09-09 14:00,3.0302,3.0409,3.0222,3.033,1985
2026-09-09 15:00,3.0332,3.063,3.0312,3.0618,2906
2026-09-09 16:00,3.0608,3.062,3.0505,3.059,251
2026-09-09 17:00,3.0589,3.0727,3.0589,3.0648,376
2026-09-09 19:00,3.064,3.0722,3.0586,3.0587,27
2026-09-09 20:00,3.0598,3.0633,3.0598,3.0604,9
2026-09-09 21:00,3.061,3.0625,3.0441,3.0441,47
2026-09-09 22:00,3.0431,3.0579,3.041,3.0461,42
2026-09-09 23:00,3.0453,3.048,3.041,3.0454,22
2026-09-10 00:00,3.0389,3.041,3.0366,3.0398,28
2026-09-10 01:00,3.0404,3.0456,3.0404,3.0452,20
2026-09-10 02:00,3.0481,3.0483,3.0327,3.0343,42
2026-09-10 03:00,3.0343,3.042,3.0316,3.0394,309
2026-09-10 04:00,3.0393,3.0609,3.0389,3.0498,721
2026-09-10 05:00,3.0492,3.066,3.0431,3.0649,935
2026-09-10 06:00,3.0643,3.0839,3.0589,3.0799,736
2026-09-10 07:00,3.0786,3.0845,3.0563,3.0694,655
2026-09-10 08:00,3.0718,3.108,3.0692,3.1052,707
2026-09-10 09:00,3.1063,3.156,3.1003,3.1479,2159
2026-09-10 10:00,3.1477,3.1543,3.1292,3.1397,2088
2026-09-10 11:00,3.1402,3.1695,3.1246,3.1622,2383
2026-09-10 12:00,3.1623,3.1943,3.1564,3.193,2588
2026-09-10 13:00,3.1933,3.1933,3.166,3.1703,2609
2026-09-10 14:00,3.171,3.192,3.1703,3.1871,1681
2026-09-10 15:00,3.1861,3.2136,3.1836,3.1973,3160
2026-09-10 16:00,3.1992,3.2175,3.1991,3.2153,531
2026-09-10 17:00,3.2151,3.246,3.2128,3.2453,374
2026-09-10 19:00,3.2459,3.246,3.238,3.2425,77
2026-09-10 20:00,3.2409,3.2742,3.2366,3.2662,201
2026-09-10 21:00,3.2611,3.2611,3.2278,3.2279,167
2026-09-10 22:00,3.2279,3.2286,3.2058,3.2185,183
2026-09-10 23:00,3.2181,3.2216,3.2112,3.2166,43
2026-09-11 00:00,3.2176,3.2233,3.2109,3.218,102
