date,open,high,low,close,volume,adj_close
1995-01-03,8.570646286010742,8.60711669921875,8.461233139038086,8.534174919128418,4529990,5.568256855010986
1995-01-04,8.570646286010742,8.60711669921875,8.534174919128418,8.570646286010742,3681709,5.592053413391113
1995-01-05,8.570646286010742,8.680057525634766,8.570646286010742,8.60711669921875,4671198,5.615848064422607
1995-01-06,8.643588066101074,8.680057525634766,8.60711669921875,8.643588066101074,3010282,5.639643669128418
1995-01-09,8.60711669921875,8.643588066101074,8.570646286010742,8.60711669921875,2781332,5.615848064422607
1995-01-10,8.643588066101074,8.789470672607422,8.643588066101074,8.680057525634766,4732549,5.6634392738342285
1995-01-11,8.680057525634766,8.753000259399414,8.643588066101074,8.753000259399414,2861190,5.711031436920166
1995-01-12,8.71652889251709,8.71652889251709,8.643588066101074,8.680057525634766,2954416,5.6634392738342285
1995-01-13,8.680057525634766,8.753000259399414,8.643588066101074,8.753000259399414,5340569,5.711031436920166
1995-01-16,8.753000259399414,8.86241340637207,8.753000259399414,8.825942039489746,5513310,5.7586236000061035
1995-01-17,8.825942039489746,8.935354232788086,8.789470672607422,8.86241340637207,5819033,5.782418727874756
1995-01-18,8.935354232788086,8.935354232788086,8.825942039489746,8.898882865905762,2998972,5.806215763092041
1995-01-19,8.86241340637207,8.86241340637207,8.753000259399414,8.825942039489746,3618645,5.7586236000061035
1995-01-20,8.825942039489746,8.825942039489746,8.71652889251709,8.789470672607422,7813778,5.734827041625977
1995-01-23,8.71652889251709,8.789470672607422,8.680057525634766,8.753000259399414,5353250,5.711031436920166
1995-01-24,8.71652889251709,8.789470672607422,8.680057525634766,8.753000259399414,3762596,5.711031436920166
1995-01-25,8.71652889251709,8.86241340637207,8.680057525634766,8.753000259399414,17425568,5.711031436920166
1995-01-26,8.789470672607422,8.825942039489746,8.680057525634766,8.71652889251709,6852051,5.687235355377197
1995-01-27,8.753000259399414,8.825942039489746,8.71652889251709,8.825942039489746,5800183,5.7586236000061035
1995-01-30,8.789470672607422,8.971824645996094,8.789470672607422,8.971824645996094,3635097,5.8538079261779785
1995-01-31,8.971824645996094,9.19064998626709,8.935354232788086,9.19064998626709,8836170,5.996584892272949
1995-02-01,9.19064998626709,9.300063133239746,9.19064998626709,9.227121353149414,12476065,6.020381927490234
1995-02-02,9.227121353149414,9.263591766357422,9.19064998626709,9.263591766357422,3155947,6.044172286987305
1995-02-03,9.263591766357422,9.555357933044434,9.263591766357422,9.409475326538086,12738604,6.139360427856445
1995-02-06,9.409475326538086,9.482417106628418,9.373003959655762,9.373003959655762,5630184,6.115564346313477
1995-02-07,9.373003959655762,9.445945739746094,9.336532592773438,9.445945739746094,7095053,6.163155555725098
1995-02-08,9.409475326538086,9.445945739746094,9.336532592773438,9.373003959655762,5915343,6.115564346313477
1995-02-09,9.373003959655762,9.409475326538086,9.263591766357422,9.336532592773438,4164972,6.091768264770508
1995-02-10,9.300063133239746,9.336532592773438,9.19064998626709,9.263591766357422,7606078,6.044172286987305
1995-02-13,9.263591766357422,9.373003959655762,9.227121353149414,9.373003959655762,4334971,6.115564346313477
1995-02-14,9.66477108001709,9.883596420288086,9.66477108001709,9.77418327331543,22216040,6.377321243286133
1995-02-15,9.847125053405762,9.883596420288086,9.66477108001709,9.77418327331543,12166229,6.377321243286133
1995-02-16,9.737712860107422,9.77418327331543,9.555357933044434,9.591829299926758,6816063,6.258342742919922
1995-02-17,9.628299713134766,9.847125053405762,9.591829299926758,9.847125053405762,11065349,6.424912452697754
1995-02-21,9.810653686523438,9.847125053405762,9.628299713134766,9.701242446899414,5103050,6.329728126525879
1995-02-22,9.701242446899414,9.77418327331543,9.66477108001709,9.66477108001709,4126585,6.3059306144714355
1995-02-23,9.701242446899414,9.920066833496094,9.701242446899414,9.77418327331543,8344682,6.377321243286133
1995-02-24,9.77418327331543,9.847125053405762,9.737712860107422,9.77418327331543,4799040,6.377321243286133
1995-02-27,9.810653686523438,10.065950393676758,9.77418327331543,9.920066833496094,9331429,6.472504138946533
1995-02-28,9.883596420288086,9.956538200378418,9.810653686523438,9.810653686523438,5622301,6.401113033294678
1995-03-01,9.737712860107422,9.847125053405762,9.737712860107422,9.77418327331543,6633040,6.377321243286133
1995-03-02,9.737712860107422,9.847125053405762,9.737712860107422,9.77418327331543,6789329,6.377321243286133
1995-03-03,9.77418327331543,9.77418327331543,9.66477108001709,9.737712860107422,3618645,6.3535261154174805
1995-03-06,9.701242446899414,9.701242446899414,9.555357933044434,9.66477108001709,3583000,6.3059306144714355
1995-03-07,9.591829299926758,9.628299713134766,9.336532592773438,9.555357933044434,4069690,6.234539985656738
1995-03-08,9.591829299926758,9.628299713134766,9.409475326538086,9.591829299926758,4540957,6.258342742919922
1995-03-09,9.518888473510742,9.555357933044434,9.300063133239746,9.336532592773438,4338056,6.091768264770508
1995-03-10,9.373003959655762,9.591829299926758,9.373003959655762,9.518888473510742,5129099,6.210751056671143
1995-03-13,9.555357933044434,9.701242446899414,9.518888473510742,9.628299713134766,6747172,6.282134532928467
1995-03-14,9.737712860107422,9.737712860107422,9.628299713134766,9.66477108001709,4316463,6.3059306144714355
1995-03-15,9.591829299926758,9.628299713134766,9.445945739746094,9.482417106628418,5777905,6.186954021453857
1995-03-16,9.482417106628418,9.66477108001709,9.482417106628418,9.628299713134766,4169428,6.282134532928467
1995-03-17,9.628299713134766,9.66477108001709,9.482417106628418,9.482417106628418,7523820,6.186954021453857
1995-03-20,9.518888473510742,9.737712860107422,9.445945739746094,9.737712860107422,3744430,6.3535261154174805
1995-03-21,9.701242446899414,9.737712860107422,9.518888473510742,9.555357933044434,3955215,6.234539985656738
1995-03-22,9.555357933044434,9.66477108001709,9.518888473510742,9.66477108001709,2812179,6.3059306144714355
1995-03-23,9.591829299926758,9.701242446899414,9.555357933044434,9.591829299926758,3113104,6.258342742919922
1995-03-24,9.77418327331543,9.920066833496094,9.737712860107422,9.920066833496094,4390495,6.472504138946533
1995-03-27,9.920066833496094,10.35771656036377,9.847125053405762,10.284774780273438,8722724,6.710463523864746
1995-03-28,10.35771656036377,10.503600120544434,10.13889217376709,10.13889217376709,12534674,6.615280628204346
1995-03-29,10.175362586975098,10.211833000183105,9.920066833496094,10.065950393676758,6220382,6.567685127258301
1995-03-30,10.13889217376709,10.24830436706543,10.029479026794434,10.24830436706543,7084771,6.686667442321777
1995-03-31,10.211833000183105,10.284774780273438,10.13889217376709,10.175362586975098,5559237,6.639073848724365
1995-04-03,10.175362586975098,10.211833000183105,10.102420806884766,10.102420806884766,5377928,6.634285926818848
1995-04-04,10.175362586975098,10.321246147155762,10.13889217376709,10.321246147155762,6572718,6.777988433837891
1995-04-05,10.24830436706543,10.321246147155762,10.175362586975098,10.24830436706543,3837656,6.730091571807861
1995-04-06,10.321246147155762,10.46712875366211,10.24830436706543,10.321246147155762,7394950,6.777988433837891
1995-04-07,10.321246147155762,10.394187927246094,10.211833000183105,10.284774780273438,3943219,6.7540388107299805
1995-04-10,10.211833000183105,10.321246147155762,10.211833000183105,10.284774780273438,4904261,6.7540388107299805
1995-04-11,10.321246147155762,10.321246147155762,10.175362586975098,10.24830436706543,2586656,6.730091571807861
1995-04-12,10.24830436706543,10.24830436706543,10.13889217376709,10.211833000183105,1765795,6.706140041351318
1995-04-13,10.175362586975098,10.284774780273438,9.99300765991211,10.211833000183105,2898549,6.706140041351318
1995-04-17,10.284774780273438,10.284774780273438,10.065950393676758,10.065950393676758,6656346,6.610333442687988
1995-04-18,10.065950393676758,10.13889217376709,9.99300765991211,9.99300765991211,4171827,6.562432289123535
1995-04-19,10.065950393676758,10.175362586975098,10.029479026794434,10.175362586975098,4366503,6.682186603546143
1995-04-20,10.24830436706543,10.35771656036377,10.175362586975098,10.284774780273438,6540500,6.7540388107299805
1995-04-21,10.284774780273438,10.284774780273438,10.102420806884766,10.211833000183105,4973495,6.706140041351318
1995-04-24,10.13889217376709,10.211833000183105,10.102420806884766,10.211833000183105,3406489,6.706140041351318
1995-04-25,10.211833000183105,10.24830436706543,10.13889217376709,10.13889217376709,3325603,6.658237934112549
1995-04-26,10.175362586975098,10.211833000183105,10.065950393676758,10.175362586975098,1920713,6.682186603546143
1995-04-27,10.211833000183105,10.211833000183105,10.102420806884766,10.13889217376709,2426254,6.658237934112549
1995-04-28,10.13889217376709,10.175362586975098,10.065950393676758,10.13889217376709,3238204,6.658237934112549
1995-05-01,10.065950393676758,10.13889217376709,10.029479026794434,10.065950393676758,4379870,6.610333442687988
1995-05-02,9.99300765991211,10.102420806884766,9.99300765991211,10.065950393676758,5335428,6.610333442687988
1995-05-03,10.065950393676758,10.211833000183105,10.065950393676758,10.211833000183105,2644922,6.706140041351318
1995-05-04,10.24830436706543,10.284774780273438,10.13889217376709,10.13889217376709,6062036,6.658237934112549
1995-05-05,10.211833000183105,10.321246147155762,10.102420806884766,10.24830436706543,4698275,6.730091571807861
1995-05-08,10.284774780273438,10.35771656036377,10.175362586975098,10.175362586975098,3208728,6.682186603546143
1995-05-09,10.284774780273438,10.394187927246094,10.211833000183105,10.35771656036377,3907575,6.801936626434326
1995-05-10,10.394187927246094,10.394187927246094,10.175362586975098,10.284774780273438,10597167,6.7540388107299805
1995-05-11,10.24830436706543,10.430658340454102,10.211833000183105,10.394187927246094,5784760,6.825888633728027
1995-05-12,10.35771656036377,10.394187927246094,10.24830436706543,10.284774780273438,6233063,6.7540388107299805
1995-05-15,10.321246147155762,10.394187927246094,10.284774780273438,10.321246147155762,4692791,6.777988433837891
1995-05-16,10.35771656036377,10.503600120544434,10.35771656036377,10.430658340454102,4724666,6.849839210510254
1995-05-17,10.430658340454102,10.46712875366211,10.284774780273438,10.35771656036377,5862904,6.801936626434326
1995-05-18,10.35771656036377,10.35771656036377,10.24830436706543,10.24830436706543,6686850,6.730091571807861
1995-05-19,10.211833000183105,10.24830436706543,10.065950393676758,10.102420806884766,11439278,6.634285926818848
1995-05-22,10.102420806884766,10.24830436706543,10.102420806884766,10.211833000183105,4102593,6.706140041351318
1995-05-23,10.211833000183105,10.35771656036377,10.175362586975098,10.321246147155762,4480978,6.777988433837891
1995-05-24,10.321246147155762,10.394187927246094,10.24830436706543,10.35771656036377,5664801,6.801936626434326
1995-05-25,10.35771656036377,10.35771656036377,10.24830436706543,10.24830436706543,3487718,6.730091571807861
1995-05-26,10.211833000183105,10.24830436706543,10.175362586975098,10.211833000183105,3779047,6.706140041351318
1995-05-30,10.211833000183105,10.24830436706543,10.175362586975098,10.175362586975098,2079744,6.682186603546143
1995-05-31,10.175362586975098,10.394187927246094,10.175362586975098,10.35771656036377,6049697,6.801936626434326
1995-06-01,10.430658340454102,10.576541900634766,10.321246147155762,10.540070533752441,8018736,6.921689510345459
1995-06-02,10.503600120544434,10.649482727050781,10.430658340454102,10.540070533752441,5098595,6.921689510345459
1995-06-05,10.61301326751709,10.649482727050781,10.394187927246094,10.394187927246094,7309608,6.825888633728027
1995-06-06,10.430658340454102,10.503600120544434,10.284774780273438,10.321246147155762,3382840,6.777988433837891
1995-06-07,10.284774780273438,10.321246147155762,10.102420806884766,10.13889217376709,3593625,6.658237934112549
1995-06-08,10.13889217376709,10.24830436706543,10.065950393676758,10.065950393676758,5187364,6.610333442687988
1995-06-09,10.029479026794434,10.175362586975098,9.956538200378418,10.102420806884766,6525763,6.634285926818848
1995-06-12,10.13889217376709,10.24830436706543,10.065950393676758,10.13889217376709,2628127,6.658237934112549
1995-06-13,10.13889217376709,10.394187927246094,10.13889217376709,10.321246147155762,4699989,6.777988433837891
1995-06-14,10.321246147155762,10.35771656036377,10.175362586975098,10.24830436706543,3072661,6.730091571807861
1995-06-15,10.24830436706543,10.321246147155762,10.211833000183105,10.284774780273438,2312807,6.7540388107299805
1995-06-16,10.284774780273438,10.284774780273438,10.175362586975098,10.211833000183105,7089912,6.706140041351318
1995-06-19,10.211833000183105,10.35771656036377,10.175362586975098,10.284774780273438,4471724,6.7540388107299805
1995-06-20,10.24830436706543,10.284774780273438,10.13889217376709,10.211833000183105,6051411,6.706140041351318
1995-06-21,10.284774780273438,10.576541900634766,10.24830436706543,10.503600120544434,7138238,6.897740364074707
1995-06-22,10.576541900634766,10.795367240905762,10.540070533752441,10.685954093933105,11095853,7.017490863800049
1995-06-23,10.685954093933105,10.72242546081543,10.576541900634766,10.649482727050781,4294185,6.993540287017822
1995-06-26,10.61301326751709,10.685954093933105,10.35771656036377,10.394187927246094,3292014,6.825888633728027
1995-06-27,10.394187927246094,10.46712875366211,10.211833000183105,10.321246147155762,5293271,6.777988433837891
1995-06-28,10.284774780273438,10.394187927246094,10.24830436706543,10.284774780273438,3198789,6.7540388107299805
1995-06-29,10.321246147155762,10.394187927246094,10.211833000183105,10.35771656036377,3384554,6.801936626434326
1995-06-30,10.394187927246094,10.46712875366211,10.24830436706543,10.284774780273438,4004227,6.7540388107299805
1995-07-03,10.24830436706543,10.321246147155762,10.211833000183105,10.24830436706543,3263910,6.730091571807861
1995-07-05,10.24830436706543,10.430658340454102,10.211833000183105,10.35771656036377,11001942,6.845790863037109
1995-07-06,10.321246147155762,10.46712875366211,10.321246147155762,10.46712875366211,5857763,6.9181060791015625
1995-07-07,10.394187927246094,10.72242546081543,10.394187927246094,10.61301326751709,4946076,7.014525413513184
1995-07-10,10.649482727050781,10.72242546081543,10.46712875366211,10.46712875366211,2923569,6.9181060791015625
1995-07-11,10.430658340454102,10.540070533752441,10.430658340454102,10.503600120544434,2344682,6.94221305847168
1995-07-12,10.503600120544434,10.649482727050781,10.284774780273438,10.61301326751709,4168742,7.014525413513184
1995-07-13,10.61301326751709,10.649482727050781,10.503600120544434,10.576541900634766,2565063,6.990421295166016
1995-07-14,10.540070533752441,10.72242546081543,10.540070533752441,10.685954093933105,3002742,7.062735557556152
1995-07-17,10.685954093933105,10.72242546081543,10.576541900634766,10.61301326751709,3228265,7.014525413513184
1995-07-18,10.576541900634766,10.576541900634766,10.35771656036377,10.540070533752441,3223466,6.966313362121582
1995-07-19,10.46712875366211,10.503600120544434,10.13889217376709,10.24830436706543,5295327,6.773476600646973
1995-07-20,10.321246147155762,10.35771656036377,10.211833000183105,10.35771656036377,3242317,6.845790863037109
1995-07-21,10.35771656036377,10.46712875366211,10.24830436706543,10.430658340454102,6121673,6.894001007080078
1995-07-24,10.46712875366211,10.576541900634766,10.394187927246094,10.540070533752441,4900834,6.966313362121582
1995-07-25,10.795367240905762,11.123603820800781,10.795367240905762,11.050662994384766,15441449,7.3037848472595215
1995-07-26,11.050662994384766,11.196545600891113,10.904779434204102,11.014191627502441,6739632,7.279680252075195
1995-07-27,11.087133407592773,11.196545600891113,11.050662994384766,11.160075187683105,6199132,7.376100540161133
1995-07-28,11.160075187683105,11.160075187683105,10.977721214294434,11.014191627502441,2845082,7.279680252075195
1995-07-31,11.123603820800781,11.305957794189453,11.050662994384766,11.233016967773438,5093111,7.42430305480957
1995-08-01,11.269488334655762,11.305957794189453,11.087133407592773,11.233016967773438,5516737,7.42430305480957
1995-08-02,11.378899574279785,11.378899574279785,11.233016967773438,11.233016967773438,6404090,7.42430305480957
1995-08-03,11.196545600891113,11.561253547668457,11.160075187683105,11.52478313446045,10604021,7.617146015167236
1995-08-04,11.52478313446045,11.597724914550781,11.342429161071777,11.52478313446045,4031989,7.617146015167236
1995-08-07,11.488312721252441,11.597724914550781,11.451842308044434,11.52478313446045,2765223,7.617146015167236
1995-08-08,11.451842308044434,11.488312721252441,11.233016967773438,11.342429161071777,4143722,7.496623516082764
1995-08-09,11.451842308044434,11.451842308044434,11.160075187683105,11.233016967773438,4093339,7.42430305480957
1995-08-10,11.305957794189453,11.488312721252441,11.269488334655762,11.342429161071777,5225751,7.496623516082764
1995-08-11,11.41537094116211,11.41537094116211,11.160075187683105,11.269488334655762,1973495,7.448410987854004
1995-08-14,11.269488334655762,11.488312721252441,11.233016967773438,11.451842308044434,2355649,7.568940162658691
1995-08-15,11.488312721252441,11.561253547668457,11.41537094116211,11.52478313446045,3055524,7.617146015167236
1995-08-16,11.52478313446045,11.561253547668457,11.41537094116211,11.561253547668457,3485662,7.64124870300293
1995-08-17,11.52478313446045,11.670666694641113,11.488312721252441,11.597724914550781,3450017,7.665355205535889
1995-08-18,11.634196281433105,11.743608474731445,11.597724914550781,11.670666694641113,5488975,7.713564872741699
1995-08-21,11.816550254821777,11.88949203491211,11.634196281433105,11.634196281433105,4842911,7.689459800720215
1995-08-22,11.634196281433105,11.707138061523438,11.634196281433105,11.670666694641113,2765223,7.713564872741699
1995-08-23,11.707138061523438,11.707138061523438,11.634196281433105,11.634196281433105,4012110,7.689459800720215
1995-08-24,11.670666694641113,11.743608474731445,11.597724914550781,11.670666694641113,3039415,7.713564872741699
1995-08-25,11.670666694641113,11.780078887939453,11.670666694641113,11.707138061523438,3512738,7.737672805786133
1995-08-28,11.707138061523438,11.834785461425781,11.707138061523438,11.834785461425781,2075288,7.822040557861328
1995-08-29,11.780078887939453,11.780078887939453,11.634196281433105,11.780078887939453,3052782,7.785882472991943
1995-08-30,11.743608474731445,11.780078887939453,11.670666694641113,11.707138061523438,1529304,7.737672805786133
1995-08-31,11.743608474731445,11.816550254821777,11.670666694641113,11.780078887939453,2510568,7.785882472991943
1995-09-01,11.780078887939453,11.962432861328125,11.743608474731445,11.88949203491211,2683651,7.858197212219238
1995-09-05,11.88949203491211,12.108317375183105,11.853020668029785,12.108317375183105,3812293,8.002825736999512
1995-09-06,12.035374641418457,12.108317375183105,11.99890422821045,11.99890422821045,5445105,7.930515289306641
1995-09-07,12.035374641418457,12.181258201599121,12.035374641418457,12.071846008300781,5149320,7.978719234466553
1995-09-08,12.144787788391113,12.254199981689453,12.108317375183105,12.254199981689453,3734148,8.099245071411133
1995-09-11,12.327141761779785,12.47302532196045,12.217728614807129,12.327141761779785,4299669,8.147453308105469
1995-09-12,12.290671348571777,12.4000825881958,12.290671348571777,12.36361312866211,3730035,8.17155933380127
1995-09-13,12.4000825881958,12.4000825881958,12.217728614807129,12.254199981689453,8954758,8.099245071411133
1995-09-14,12.254199981689453,12.764792442321777,12.254199981689453,12.728321075439453,6447618,8.412606239318848
1995-09-15,12.728321075439453,13.020088195800781,12.582438468933105,12.94714641571045,9713927,8.557238578796387
1995-09-18,12.837733268737793,12.8742036819458,12.618907928466797,12.691849708557129,11824175,8.388504028320312
1995-09-19,12.691849708557129,13.093029022216797,12.618907928466797,13.020088195800781,4575917,8.605449676513672
1995-09-20,13.129500389099121,13.165970802307129,12.801262855529785,12.837733268737793,4251685,8.48492431640625
1995-09-21,12.910675048828125,12.94714641571045,12.545967102050781,12.545967102050781,4037473,8.292082786560059
1995-09-22,12.4000825881958,12.691849708557129,12.4000825881958,12.436553955078125,4134125,8.219769477844238
1995-09-25,12.36361312866211,12.618907928466797,12.36361312866211,12.618907928466797,2546213,8.340291976928711
1995-09-26,12.728321075439453,12.801262855529785,12.618907928466797,12.691849708557129,2659660,8.388504028320312
1995-09-27,12.618907928466797,12.618907928466797,12.4000825881958,12.618907928466797,3121673,8.340291976928711
1995-09-28,12.545967102050781,12.837733268737793,12.47302532196045,12.801262855529785,3703987,8.460823059082031
1995-09-29,12.764792442321777,12.94714641571045,12.728321075439453,12.94714641571045,3153205,8.557238578796387
1995-10-02,12.8742036819458,13.020088195800781,12.837733268737793,12.837733268737793,5108191,8.48492431640625
1995-10-03,12.837733268737793,12.8742036819458,12.728321075439453,12.801262855529785,5308009,8.460823059082031
1995-10-04,12.764792442321777,12.837733268737793,12.655379295349121,12.801262855529785,2808751,8.460823059082031
1995-10-05,12.764792442321777,12.8742036819458,12.728321075439453,12.8742036819458,2214784,8.509025573730469
1995-10-06,12.837733268737793,12.910675048828125,12.764792442321777,12.801262855529785,2390266,8.460823059082031
1995-10-09,12.801262855529785,12.801262855529785,12.509495735168457,12.545967102050781,2611676,8.292082786560059
1995-10-10,12.4000825881958,12.545967102050781,12.290671348571777,12.509495735168457,3326288,8.267982482910156
1995-10-11,12.436553955078125,12.801262855529785,12.436553955078125,12.728321075439453,9509654,8.456987380981445
1995-10-12,12.728321075439453,12.983616828918457,12.728321075439453,12.983616828918457,3548726,8.626617431640625
1995-10-13,13.020088195800781,13.165970802307129,13.020088195800781,13.056557655334473,4966983,8.675084114074707
1995-10-16,12.983616828918457,13.020088195800781,12.837733268737793,12.983616828918457,1868274,8.626617431640625
1995-10-17,12.94714641571045,13.056557655334473,12.837733268737793,12.910675048828125,2731978,8.578149795532227
1995-10-18,12.8742036819458,13.020088195800781,12.801262855529785,12.801262855529785,1946076,8.50545883178711
1995-10-19,12.801262855529785,12.837733268737793,12.509495735168457,12.545967102050781,3905861,8.33582878112793
1995-10-20,12.47302532196045,12.545967102050781,11.99890422821045,12.108317375183105,9950074,8.045044898986816
1995-10-23,11.962432861328125,12.4000825881958,11.88949203491211,12.4000825881958,6856164,8.23890209197998
1995-10-24,12.327141761779785,12.4000825881958,12.108317375183105,12.144787788391113,4668799,8.0692777633667
1995-10-25,12.290671348571777,12.290671348571777,11.816550254821777,11.816550254821777,6935679,7.851189613342285
1995-10-26,11.743608474731445,11.853020668029785,11.233016967773438,11.451842308044434,8460528,7.608870029449463
1995-10-27,11.451842308044434,12.108317375183105,11.451842308044434,11.99890422821045,6678282,7.972350597381592
1995-10-30,12.035374641418457,12.071846008300781,11.707138061523438,11.780078887939453,3519936,7.826957702636719
1995-10-31,11.780078887939453,11.99890422821045,11.780078887939453,11.853020668029785,5057809,7.875420570373535
1995-11-01,11.780078887939453,11.962432861328125,11.743608474731445,11.962432861328125,7716097,7.948116302490234
1995-11-02,11.962432861328125,12.144787788391113,11.925963401794434,12.144787788391113,3072661,8.0692777633667
1995-11-03,12.181258201599121,12.217728614807129,12.144787788391113,12.144787788391113,4118017,8.0692777633667
1995-11-06,12.217728614807129,12.217728614807129,12.035374641418457,12.035374641418457,1101908,7.996580123901367
1995-11-07,11.99890422821045,11.99890422821045,11.780078887939453,11.780078887939453,3725580,7.826957702636719
1995-11-08,11.816550254821777,12.144787788391113,11.816550254821777,12.144787788391113,3157317,8.0692777633667
1995-11-09,12.4000825881958,12.655379295349121,12.254199981689453,12.655379295349121,5690163,8.408523559570312
1995-11-10,12.582438468933105,12.618907928466797,12.509495735168457,12.582438468933105,2489661,8.360060691833496
1995-11-13,12.582438468933105,12.582438468933105,12.436553955078125,12.509495735168457,1704787,8.311599731445312
1995-11-14,12.47302532196045,12.509495735168457,12.254199981689453,12.254199981689453,2569519,8.141972541809082
1995-11-15,12.254199981689453,12.509495735168457,12.181258201599121,12.47302532196045,2259340,8.287363052368164
1995-11-16,12.436553955078125,12.655379295349121,12.290671348571777,12.582438468933105,3833200,8.360060691833496
1995-11-17,12.691849708557129,12.983616828918457,12.618907928466797,12.910675048828125,6193305,8.578149795532227
1995-11-20,12.8742036819458,12.910675048828125,12.509495735168457,12.509495735168457,2484520,8.311599731445312
1995-11-21,12.582438468933105,12.691849708557129,12.47302532196045,12.618907928466797,3487376,8.384291648864746
1995-11-22,12.618907928466797,12.655379295349121,12.47302532196045,12.509495735168457,2178453,8.311599731445312
1995-11-24,12.582438468933105,12.691849708557129,12.545967102050781,12.655379295349121,647435,8.408523559570312
1995-11-27,12.582438468933105,12.691849708557129,12.582438468933105,12.618907928466797,2385125,8.384291648864746
1995-11-28,12.582438468933105,12.582438468933105,12.181258201599121,12.327141761779785,5789901,8.190437316894531
1995-11-29,12.36361312866211,12.582438468933105,12.36361312866211,12.582438468933105,2317605,8.360060691833496
1995-11-30,12.545967102050781,12.655379295349121,12.4000825881958,12.4000825881958,2778247,8.23890209197998
1995-12-01,12.36361312866211,12.618907928466797,12.327141761779785,12.36361312866211,2808751,8.214667320251465
1995-12-04,12.4000825881958,12.582438468933105,12.254199981689453,12.545967102050781,3287559,8.33582878112793
1995-12-05,12.509495735168457,12.801262855529785,12.47302532196045,12.801262855529785,2850908,8.50545883178711
1995-12-06,12.983616828918457,13.056557655334473,12.8742036819458,13.056557655334473,3946647,8.675084114074707
1995-12-07,13.056557655334473,13.093029022216797,12.910675048828125,13.001852035522461,3071975,8.63873291015625
1995-12-08,13.093029022216797,13.165970802307129,12.710084915161133,12.710084915161133,2810465,8.444873809814453
1995-12-11,12.801262855529785,12.837733268737793,12.47302532196045,12.545967102050781,3471610,8.33582878112793
1995-12-12,12.545967102050781,12.764792442321777,12.509495735168457,12.728321075439453,1626642,8.456987380981445
1995-12-13,12.728321075439453,12.801262855529785,12.618907928466797,12.691849708557129,1909060,8.432760238647461
1995-12-14,12.691849708557129,12.691849708557129,12.217728614807129,12.4000825881958,2529761,8.23890209197998
1995-12-15,12.436553955078125,12.509495735168457,12.108317375183105,12.108317375183105,8481778,8.045044898986816
1995-12-18,12.108317375183105,12.108317375183105,11.88949203491211,11.962432861328125,3092540,7.948116302490234
1995-12-19,11.925963401794434,12.254199981689453,11.88949203491211,12.071846008300781,4724323,8.020812034606934
1995-12-20,12.144787788391113,12.254199981689453,11.962432861328125,12.071846008300781,5482120,8.020812034606934
1995-12-21,12.035374641418457,12.144787788391113,11.707138061523438,12.108317375183105,3045242,8.045044898986816
1995-12-22,12.071846008300781,12.217728614807129,12.035374641418457,12.035374641418457,2664115,7.996580123901367
1995-12-26,12.181258201599121,12.181258201599121,12.035374641418457,12.071846008300781,3395179,8.020812034606934
1995-12-27,12.071846008300781,12.144787788391113,12.035374641418457,12.071846008300781,3927111,8.020812034606934
1995-12-28,12.071846008300781,12.108317375183105,11.88949203491211,11.962432861328125,4019993,7.948116302490234
1995-12-29,11.962432861328125,12.144787788391113,11.962432861328125,12.071846008300781,3319433,8.020812034606934
1996-01-02,12.144787788391113,12.254199981689453,12.035374641418457,12.108317375183105,6224494,8.045044898986816
1996-01-03,12.108317375183105,12.181258201599121,12.035374641418457,12.108317375183105,11340569,8.088900566101074
1996-01-04,12.217728614807129,12.290671348571777,11.962432861328125,11.99890422821045,5111619,8.01580810546875
1996-01-05,11.99890422821045,12.071846008300781,11.88949203491211,11.962432861328125,4193762,7.991443157196045
1996-01-08,11.962432861328125,12.035374641418457,11.962432861328125,11.962432861328125,1040558,7.991443157196045
1996-01-09,12.035374641418457,12.071846008300781,11.780078887939453,11.780078887939453,4450474,7.869624614715576
1996-01-10,11.707138061523438,11.743608474731445,11.305957794189453,11.378899574279785,8414258,7.601619720458984
1996-01-11,11.41537094116211,11.52478313446045,11.378899574279785,11.52478313446045,5424197,7.699073791503906
1996-01-12,11.52478313446045,11.634196281433105,11.269488334655762,11.378899574279785,8364218,7.601619720458984
1996-01-15,11.41537094116211,11.561253547668457,11.269488334655762,11.305957794189453,5752542,7.552889347076416
1996-01-16,11.451842308044434,11.561253547668457,11.305957794189453,11.561253547668457,6818462,7.723434925079346
1996-01-17,11.451842308044434,11.853020668029785,11.378899574279785,11.780078887939453,8168171,7.869624614715576
1996-01-18,11.925963401794434,12.181258201599121,11.780078887939453,12.181258201599121,7600594,8.137628555297852
1996-01-19,12.071846008300781,12.509495735168457,12.035374641418457,12.509495735168457,7755512,8.35690689086914
1996-01-22,12.436553955078125,12.509495735168457,12.36361312866211,12.47302532196045,4604364,8.332540512084961
1996-01-23,12.290671348571777,12.327141761779785,12.035374641418457,12.108317375183105,6601165,8.088900566101074
1996-01-24,12.181258201599121,12.181258201599121,11.853020668029785,11.925963401794434,6296470,7.967082500457764
1996-01-25,11.962432861328125,12.144787788391113,11.816550254821777,11.88949203491211,8004341,7.942716121673584
1996-01-26,12.181258201599121,12.910675048828125,12.181258201599121,12.582438468933105,18937050,8.405632972717285
1996-01-29,12.837733268737793,12.94714641571045,12.655379295349121,12.691849708557129,8015309,8.478728294372559
1996-01-30,12.764792442321777,13.093029022216797,12.728321075439453,13.093029022216797,6422941,8.746728897094727
1996-01-31,13.093029022216797,13.603620529174805,12.910675048828125,13.421266555786133,9452416,8.966008186340332
1996-02-01,13.3483247756958,13.384796142578125,13.020088195800781,13.020088195800781,5574660,8.698005676269531
1996-02-02,13.421266555786133,13.676563262939453,13.020088195800781,13.056557655334473,12450017,8.722373008728027
1996-02-05,13.056557655334473,13.3483247756958,12.983616828918457,13.275382995605469,4790815,8.86855411529541
1996-02-06,13.275382995605469,13.311854362487793,13.129500389099121,13.275382995605469,3927111,8.86855411529541
1996-02-07,13.275382995605469,13.384796142578125,13.165970802307129,13.384796142578125,3437679,8.941645622253418
1996-02-08,13.421266555786133,13.895387649536133,13.384796142578125,13.8224458694458,8633269,9.234015464782715
1996-02-09,13.895387649536133,13.968329429626465,13.530678749084473,13.8224458694458,9015766,9.234015464782715
1996-02-12,13.8224458694458,13.8224458694458,13.676563262939453,13.749504089355469,4272935,9.18528938293457
1996-02-13,13.603620529174805,13.785975456237793,13.603620529174805,13.713032722473145,4478579,9.16092300415039
1996-02-14,13.713032722473145,13.785975456237793,13.640091896057129,13.640091896057129,4820633,9.11219310760498
1996-02-15,13.640091896057129,13.749504089355469,13.603620529174805,13.640091896057129,3089798,9.11219310760498
1996-02-16,13.640091896057129,13.749504089355469,13.494208335876465,13.494208335876465,6519251,9.014738082885742
1996-02-20,13.311854362487793,13.421266555786133,13.165970802307129,13.384796142578125,5026962,8.941645622253418
1996-02-21,13.384796142578125,13.749504089355469,13.384796142578125,13.676563262939453,5003656,9.136563301086426
1996-02-22,13.785975456237793,13.785975456237793,13.640091896057129,13.713032722473145,4692448,9.16092300415039
1996-02-23,13.713032722473145,13.749504089355469,13.311854362487793,13.676563262939453,8360105,9.136563301086426
1996-02-26,13.676563262939453,13.676563262939453,13.311854362487793,13.3483247756958,4533074,8.917279243469238
1996-02-27,13.275382995605469,13.749504089355469,13.202442169189453,13.640091896057129,6714612,9.11219310760498
1996-02-28,13.713032722473145,13.749504089355469,13.384796142578125,13.421266555786133,5472524,8.966008186340332
1996-02-29,13.3483247756958,13.713032722473145,13.311854362487793,13.384796142578125,3850680,8.941645622253418
1996-03-01,13.603620529174805,13.640091896057129,13.457737922668457,13.567150115966797,3691306,9.063470840454102
1996-03-04,13.676563262939453,13.749504089355469,13.640091896057129,13.676563262939453,3554210,9.136563301086426
1996-03-05,13.676563262939453,13.785975456237793,13.530678749084473,13.713032722473145,5082829,9.16092300415039
1996-03-06,13.713032722473145,13.785975456237793,13.567150115966797,13.567150115966797,3264252,9.063470840454102
1996-03-07,13.640091896057129,13.676563262939453,13.567150115966797,13.603620529174805,3236833,9.087827682495117
1996-03-08,13.3483247756958,13.3483247756958,13.020088195800781,13.020088195800781,8371416,8.698005676269531
1996-03-11,12.983616828918457,13.202442169189453,12.94714641571045,12.983616828918457,5529418,8.673639297485352
1996-03-12,12.8742036819458,13.311854362487793,12.8742036819458,13.165970802307129,4867246,8.795462608337402
1996-03-13,13.202442169189453,13.311854362487793,12.983616828918457,13.129500389099121,4034045,8.771097183227539
1996-03-14,13.421266555786133,13.858917236328125,13.421266555786133,13.785975456237793,10152291,9.209653854370117
1996-03-15,13.858917236328125,14.150683403015137,13.749504089355469,14.114212989807129,9493202,9.428929328918457
1996-03-18,14.150683403015137,14.2965669631958,14.114212989807129,14.223625183105469,3841769,9.502018928527832
1996-03-19,14.2965669631958,14.333038330078125,14.041271209716797,14.260095596313477,6163144,9.526386260986328
1996-03-20,14.223625183105469,14.260095596313477,14.041271209716797,14.187153816223145,3391066,9.477660179138184
1996-03-21,14.260095596313477,14.260095596313477,14.004799842834473,14.150683403015137,2281275,9.45329475402832
1996-03-22,14.150683403015137,14.223625183105469,14.041271209716797,14.223625183105469,1838798,9.502018928527832
1996-03-25,14.150683403015137,14.442449569702148,14.150683403015137,14.333038330078125,4261282,9.575116157531738
1996-03-26,14.260095596313477,14.2965669631958,14.114212989807129,14.223625183105469,2603108,9.502018928527832
1996-03-27,14.223625183105469,14.2965669631958,14.041271209716797,14.114212989807129,3910659,9.428929328918457
1996-03-28,14.041271209716797,14.442449569702148,14.004799842834473,14.442449569702148,4881983,9.648209571838379
1996-03-29,14.478920936584473,14.661274909973145,14.40597915649414,14.40597915649414,6961042,9.623842239379883
1996-04-01,14.478920936584473,14.661274909973145,14.478920936584473,14.661274909973145,4197875,9.794392585754395
1996-04-02,14.62480354309082,14.661274909973145,14.515392303466797,14.661274909973145,2541414,9.8384428024292
1996-04-03,14.588333129882812,14.62480354309082,14.442449569702148,14.588333129882812,2773449,9.789499282836914
1996-04-04,14.551862716674805,14.807158470153809,14.515392303466797,14.7706880569458,4918999,9.911866188049316
1996-04-08,14.2965669631958,14.40597915649414,13.968329429626465,14.223625183105469,4852508,9.544761657714844
1996-04-09,14.369507789611816,14.369507789611816,13.713032722473145,13.8224458694458,4612933,9.275547981262207
1996-04-10,13.785975456237793,13.858917236328125,13.275382995605469,13.384796142578125,5371073,8.981864929199219
1996-04-11,13.421266555786133,13.603620529174805,13.165970802307129,13.457737922668457,7384325,9.030816078186035
1996-04-12,13.603620529174805,13.895387649536133,13.567150115966797,13.713032722473145,4433337,9.202126502990723
1996-04-15,13.895387649536133,14.004799842834473,13.749504089355469,14.004799842834473,2701817,9.397920608520508
1996-04-16,13.93185806274414,13.93185806274414,13.749504089355469,13.785975456237793,2333371,9.251073837280273
1996-04-17,13.713032722473145,14.041271209716797,13.640091896057129,13.968329429626465,3070947,9.373441696166992
1996-04-18,13.93185806274414,14.077741622924805,13.713032722473145,13.749504089355469,2938992,9.226602554321289
1996-04-19,13.785975456237793,13.895387649536133,13.421266555786133,13.567150115966797,5131155,9.104233741760254
1996-04-22,13.713032722473145,14.041271209716797,13.676563262939453,13.785975456237793,3264595,9.251073837280273
1996-04-23,13.749504089355469,13.785975456237793,13.530678749084473,13.713032722473145,2028333,9.202126502990723
1996-04-24,13.640091896057129,13.676563262939453,13.275382995605469,13.603620529174805,5351537,9.128703117370605
1996-04-25,13.603620529174805,13.895387649536133,13.530678749084473,13.858917236328125,4095053,9.30002212524414
1996-04-26,13.895387649536133,14.2965669631958,13.895387649536133,14.114212989807129,4631098,9.471335411071777
1996-04-29,14.004799842834473,14.150683403015137,14.004799842834473,14.077741622924805,2437564,9.446861267089844
1996-04-30,14.077741622924805,14.187153816223145,14.077741622924805,14.150683403015137,3126814,9.495808601379395
1996-05-01,14.077741622924805,14.223625183105469,14.077741622924805,14.150683403015137,3456872,9.495808601379395
1996-05-02,14.077741622924805,14.223625183105469,13.713032722473145,13.785975456237793,3804067,9.251073837280273
1996-05-03,13.858917236328125,14.004799842834473,13.530678749084473,13.785975456237793,4338398,9.251073837280273
1996-05-06,13.676563262939453,13.749504089355469,13.311854362487793,13.384796142578125,7078944,8.981864929199219
1996-05-07,13.421266555786133,13.713032722473145,13.421266555786133,13.457737922668457,3596367,9.030816078186035
1996-05-08,13.311854362487793,14.041271209716797,13.238912582397461,13.968329429626465,6030847,9.373441696166992
1996-05-09,13.895387649536133,13.93185806274414,13.457737922668457,13.676563262939453,5374500,9.177655220031738
1996-05-10,13.749504089355469,14.004799842834473,13.749504089355469,13.858917236328125,2991774,9.30002212524414
1996-05-13,13.895387649536133,14.004799842834473,13.749504089355469,13.968329429626465,2248715,9.373441696166992
1996-05-14,13.968329429626465,14.077741622924805,13.749504089355469,13.858917236328125,3407860,9.30002212524414
1996-05-15,13.858917236328125,14.004799842834473,13.640091896057129,13.785975456237793,3110362,9.251073837280273
1996-05-16,13.567150115966797,13.8224458694458,13.567150115966797,13.640091896057129,3597738,9.153178215026855
1996-05-17,13.713032722473145,13.8224458694458,13.421266555786133,13.713032722473145,3381126,9.202126502990723
1996-05-20,13.8224458694458,13.858917236328125,13.749504089355469,13.8224458694458,2481435,9.275547981262207
1996-05-21,13.785975456237793,13.968329429626465,13.713032722473145,13.785975456237793,2517765,9.251073837280273
1996-05-22,13.858917236328125,14.004799842834473,13.8224458694458,13.93185806274414,3472981,9.348966598510742
1996-05-23,14.004799842834473,14.077741622924805,13.785975456237793,13.858917236328125,4736662,9.30002212524414
1996-05-24,13.858917236328125,13.895387649536133,13.749504089355469,13.8224458694458,2498229,9.275547981262207
1996-05-28,13.8224458694458,13.93185806274414,13.567150115966797,13.567150115966797,2516394,9.104233741760254
1996-05-29,13.530678749084473,13.749504089355469,13.530678749084473,13.676563262939453,3357477,9.177655220031738
1996-05-30,13.603620529174805,13.640091896057129,13.384796142578125,13.457737922668457,7836056,9.030816078186035
1996-05-31,13.494208335876465,13.530678749084473,13.238912582397461,13.3483247756958,4029590,8.957389831542969
1996-06-03,13.3483247756958,13.384796142578125,13.093029022216797,13.129500389099121,4620130,8.810548782348633
1996-06-04,13.202442169189453,13.3483247756958,13.165970802307129,13.202442169189453,4786016,8.859495162963867
1996-06-05,13.275382995605469,13.640091896057129,13.238912582397461,13.567150115966797,3973381,9.104233741760254
1996-06-06,13.93185806274414,13.93185806274414,13.275382995605469,13.275382995605469,5061579,8.90844440460205
1996-06-07,13.093029022216797,13.275382995605469,13.093029022216797,13.238912582397461,6703987,8.8839693069458
1996-06-10,13.311854362487793,13.384796142578125,13.202442169189453,13.311854362487793,2328916,8.932913780212402
1996-06-11,13.311854362487793,13.421266555786133,13.129500389099121,13.165970802307129,3091169,8.8350191116333
1996-06-12,13.275382995605469,13.311854362487793,13.129500389099121,13.129500389099121,4126585,8.810548782348633
1996-06-13,13.165970802307129,13.384796142578125,13.129500389099121,13.129500389099121,3619673,8.810548782348633
1996-06-14,13.202442169189453,13.275382995605469,13.020088195800781,13.093029022216797,3396550,8.78607177734375
1996-06-17,13.165970802307129,13.202442169189453,12.983616828918457,13.093029022216797,2506455,8.78607177734375
1996-06-18,13.238912582397461,13.275382995605469,13.056557655334473,13.093029022216797,4645150,8.78607177734375
1996-06-19,13.129500389099121,13.275382995605469,13.093029022216797,13.093029022216797,3460642,8.78607177734375
1996-06-20,13.165970802307129,13.165970802307129,12.655379295349121,12.655379295349121,7550897,8.492387771606445
1996-06-21,12.728321075439453,12.910675048828125,12.728321075439453,12.910675048828125,8097567,8.663705825805664
1996-06-24,12.94714641571045,13.165970802307129,12.910675048828125,13.020088195800781,3881869,8.737126350402832
1996-06-25,13.093029022216797,13.238912582397461,13.056557655334473,13.165970802307129,3040786,8.8350191116333
1996-06-26,13.129500389099121,13.165970802307129,13.056557655334473,13.165970802307129,2878327,8.8350191116333
1996-06-27,13.093029022216797,13.275382995605469,12.983616828918457,13.238912582397461,4822689,8.8839693069458
1996-06-28,13.275382995605469,13.275382995605469,12.983616828918457,13.020088195800781,4122815,8.737126350402832
1996-07-01,13.093029022216797,13.202442169189453,13.020088195800781,13.202442169189453,3224494,8.859495162963867
1996-07-02,13.056557655334473,13.202442169189453,13.020088195800781,13.129500389099121,2505427,8.85457992553711
1996-07-03,13.056557655334473,13.165970802307129,12.983616828918457,13.165970802307129,2884154,8.879170417785645
1996-07-05,12.983616828918457,12.983616828918457,12.618907928466797,12.691849708557129,1879927,8.559420585632324
1996-07-08,12.618907928466797,12.764792442321777,12.4000825881958,12.47302532196045,3496630,8.411847114562988
1996-07-09,12.509495735168457,12.764792442321777,12.509495735168457,12.655379295349121,3077802,8.534825325012207
1996-07-10,12.691849708557129,12.691849708557129,12.36361312866211,12.47302532196045,4353136,8.411847114562988
1996-07-11,12.47302532196045,12.47302532196045,11.99890422821045,12.217728614807129,4771621,8.23967456817627
1996-07-12,12.181258201599121,12.4000825881958,12.071846008300781,12.290671348571777,3649149,8.288866996765137
1996-07-15,12.217728614807129,12.254199981689453,11.816550254821777,11.962432861328125,4585856,8.06750202178955
1996-07-16,11.962432861328125,12.217728614807129,11.488312721252441,12.108317375183105,6943562,8.165889739990234
1996-07-17,12.4000825881958,12.509495735168457,12.108317375183105,12.327141761779785,3447618,8.313460350036621
1996-07-18,12.436553955078125,12.545967102050781,12.108317375183105,12.290671348571777,4021707,8.288866996765137
1996-07-19,12.254199981689453,12.254199981689453,11.962432861328125,12.071846008300781,3227922,8.141295433044434
1996-07-22,12.071846008300781,12.071846008300781,11.853020668029785,11.925963401794434,2951674,8.042906761169434
1996-07-23,12.254199981689453,12.36361312866211,11.99890422821045,12.071846008300781,7242431,8.141295433044434
1996-07-24,11.925963401794434,12.47302532196045,11.925963401794434,12.36361312866211,6113790,8.338059425354004
1996-07-25,12.545967102050781,12.618907928466797,12.509495735168457,12.582438468933105,3641951,8.485636711120605
1996-07-26,12.691849708557129,12.837733268737793,12.618907928466797,12.764792442321777,3925054,8.60861873626709
1996-07-29,12.691849708557129,12.8742036819458,12.655379295349121,12.728321075439453,3421570,8.584024429321289
1996-07-30,12.801262855529785,12.837733268737793,12.691849708557129,12.801262855529785,2532503,8.633210182189941
1996-07-31,12.728321075439453,12.910675048828125,12.728321075439453,12.764792442321777,2517423,8.60861873626709
1996-08-01,12.801262855529785,13.129500389099121,12.764792442321777,13.129500389099121,5115389,8.85457992553711
1996-08-02,13.275382995605469,13.421266555786133,13.165970802307129,13.275382995605469,5800868,8.95295524597168
1996-08-05,13.202442169189453,13.238912582397461,13.020088195800781,13.129500389099121,2430709,8.85457992553711
1996-08-06,13.129500389099121,13.165970802307129,12.983616828918457,13.129500389099121,2157203,8.85457992553711
1996-08-07,13.311854362487793,13.3483247756958,13.056557655334473,13.165970802307129,2211699,8.879170417785645
1996-08-08,13.165970802307129,13.165970802307129,12.94714641571045,13.056557655334473,2219239,8.80538558959961
1996-08-09,13.056557655334473,13.311854362487793,13.056557655334473,13.275382995605469,2762139,8.95295524597168
1996-08-12,13.202442169189453,13.311854362487793,13.165970802307129,13.275382995605469,1973838,8.95295524597168
1996-08-13,13.202442169189453,13.238912582397461,13.093029022216797,13.093029022216797,1673255,8.829983711242676
1996-08-14,13.093029022216797,13.202442169189453,13.093029022216797,13.129500389099121,1849766,8.85457992553711
1996-08-15,13.129500389099121,13.165970802307129,13.056557655334473,13.093029022216797,1514566,8.829983711242676
1996-08-16,13.165970802307129,13.202442169189453,13.129500389099121,13.202442169189453,2641837,8.903770446777344
1996-08-19,13.165970802307129,13.202442169189453,13.056557655334473,13.165970802307129,1944019,8.879170417785645
1996-08-20,13.129500389099121,13.238912582397461,13.093029022216797,13.165970802307129,2099966,8.879170417785645
1996-08-21,13.202442169189453,13.311854362487793,13.129500389099121,13.311854362487793,2235348,8.977550506591797
1996-08-22,13.3483247756958,13.457737922668457,13.275382995605469,13.384796142578125,6558323,9.02674674987793
1996-08-23,13.3483247756958,13.421266555786133,13.238912582397461,13.384796142578125,2632583,9.02674674987793
1996-08-26,13.311854362487793,13.311854362487793,13.165970802307129,13.311854362487793,2084885,8.977550506591797
1996-08-27,13.311854362487793,13.384796142578125,13.275382995605469,13.311854362487793,1687993,8.977550506591797
1996-08-28,13.3483247756958,13.3483247756958,13.202442169189453,13.238912582397461,1803496,8.928365707397461
1996-08-29,13.202442169189453,13.275382995605469,12.8742036819458,12.94714641571045,2876614,8.731597900390625
1996-08-30,12.94714641571045,12.94714641571045,12.655379295349121,12.764792442321777,3894550,8.60861873626709
1996-09-03,12.47302532196045,12.691849708557129,12.436553955078125,12.618907928466797,4774020,8.510231971740723
1996-09-04,12.618907928466797,12.728321075439453,12.582438468933105,12.655379295349121,2824175,8.534825325012207
1996-09-05,12.582438468933105,12.618907928466797,12.436553955078125,12.545967102050781,1909745,8.461044311523438
1996-09-06,12.545967102050781,12.655379295349121,12.436553955078125,12.545967102050781,3398606,8.461044311523438
1996-09-09,12.618907928466797,12.801262855529785,12.582438468933105,12.728321075439453,3220039,8.584024429321289
1996-09-10,12.764792442321777,12.801262855529785,12.582438468933105,12.582438468933105,3165543,8.485636711120605
1996-09-11,12.545967102050781,12.764792442321777,12.509495735168457,12.691849708557129,3896607,8.559420585632324
1996-09-12,12.801262855529785,12.910675048828125,12.764792442321777,12.8742036819458,3915115,8.682400703430176
1996-09-13,12.983616828918457,13.056557655334473,12.94714641571045,13.020088195800781,6384897,8.780789375305176
1996-09-16,13.129500389099121,13.530678749084473,13.093029022216797,13.384796142578125,4805552,9.02674674987793
1996-09-17,13.421266555786133,13.494208335876465,13.093029022216797,13.129500389099121,4317834,8.85457992553711
1996-09-18,13.165970802307129,13.165970802307129,12.94714641571045,13.020088195800781,3068891,8.780789375305176
1996-09-19,12.983616828918457,13.165970802307129,12.910675048828125,13.093029022216797,3079516,8.829983711242676
1996-09-20,13.165970802307129,13.275382995605469,13.129500389099121,13.238912582397461,4486805,8.928365707397461
1996-09-23,13.093029022216797,13.202442169189453,13.020088195800781,13.129500389099121,2224723,8.85457992553711
1996-09-24,13.165970802307129,13.311854362487793,13.020088195800781,13.129500389099121,3325945,8.85457992553711
1996-09-25,13.202442169189453,13.457737922668457,13.056557655334473,13.384796142578125,4029933,9.02674674987793
1996-09-26,13.421266555786133,13.676563262939453,13.238912582397461,13.421266555786133,7787387,9.05134105682373
1996-09-27,13.421266555786133,13.567150115966797,13.311854362487793,13.494208335876465,3062721,9.100534439086914
1996-09-30,13.494208335876465,13.640091896057129,13.457737922668457,13.494208335876465,3121330,9.100534439086914
1996-10-01,13.457737922668457,13.713032722473145,13.3483247756958,13.567150115966797,2653490,9.149726867675781
1996-10-02,13.676563262939453,13.749504089355469,13.640091896057129,13.676563262939453,2466697,9.223516464233398
1996-10-03,13.749504089355469,13.785975456237793,13.494208335876465,13.567150115966797,2317605,9.149726867675781
1996-10-04,13.713032722473145,13.968329429626465,13.713032722473145,13.858917236328125,5155147,9.346498489379883
1996-10-07,13.93185806274414,14.004799842834473,13.8224458694458,13.93185806274414,2243916,9.395689010620117
1996-10-08,13.858917236328125,13.93185806274414,13.749504089355469,13.8224458694458,2905061,9.3218994140625
1996-10-09,13.785975456237793,13.8224458694458,13.640091896057129,13.676563262939453,2054381,9.267528533935547
1996-10-10,13.567150115966797,13.603620529174805,13.457737922668457,13.530678749084473,1807609,9.168675422668457
1996-10-11,13.640091896057129,13.785975456237793,13.640091896057129,13.713032722473145,1662973,9.292242050170898
1996-10-14,13.785975456237793,13.968329429626465,13.785975456237793,13.8224458694458,3278990,9.366387367248535
1996-10-15,13.968329429626465,13.968329429626465,13.640091896057129,13.676563262939453,2382040,9.267528533935547
1996-10-16,13.749504089355469,13.8224458694458,13.567150115966797,13.8224458694458,2665486,9.366387367248535
1996-10-17,13.895387649536133,13.93185806274414,13.713032722473145,13.785975456237793,2759740,9.341670989990234
1996-10-18,13.785975456237793,13.785975456237793,13.530678749084473,13.676563262939453,3725580,9.267528533935547
1996-10-21,13.603620529174805,13.713032722473145,13.494208335876465,13.603620529174805,2636353,9.218104362487793
1996-10-22,13.603620529174805,13.603620529174805,13.457737922668457,13.567150115966797,2386496,9.193391799926758
1996-10-23,13.494208335876465,13.749504089355469,13.494208335876465,13.603620529174805,2923569,9.218104362487793
1996-10-24,13.640091896057129,13.676563262939453,13.421266555786133,13.640091896057129,2335428,9.242819786071777
1996-10-25,13.567150115966797,13.640091896057129,13.530678749084473,13.603620529174805,1689364,9.218104362487793
1996-10-28,13.676563262939453,13.713032722473145,13.494208335876465,13.603620529174805,1999886,9.218104362487793
1996-10-29,13.530678749084473,13.603620529174805,13.238912582397461,13.3483247756958,7689706,9.045111656188965
1996-10-30,13.3483247756958,13.530678749084473,13.311854362487793,13.494208335876465,6690278,9.143965721130371
1996-10-31,13.494208335876465,13.749504089355469,13.457737922668457,13.713032722473145,7361705,9.292242050170898
1996-11-01,13.713032722473145,13.8224458694458,13.603620529174805,13.713032722473145,2607220,9.292242050170898
1996-11-04,13.640091896057129,13.895387649536133,13.640091896057129,13.858917236328125,3798583,9.391096115112305
1996-11-05,13.93185806274414,14.150683403015137,13.93185806274414,14.114212989807129,4560494,9.56408977508545
1996-11-06,14.223625183105469,14.333038330078125,14.077741622924805,14.150683403015137,6326631,9.58880615234375
1996-11-07,14.077741622924805,14.150683403015137,13.93185806274414,14.114212989807129,4780532,9.56408977508545
1996-11-08,14.187153816223145,14.333038330078125,14.150683403015137,14.2965669631958,7002513,9.687655448913574
1996-11-11,14.333038330078125,14.588333129882812,14.2965669631958,14.588333129882812,8350166,9.885366439819336
1996-11-12,14.551862716674805,14.807158470153809,14.551862716674805,14.697746276855469,7806581,9.959506034851074
1996-11-13,14.661274909973145,14.734216690063477,14.588333129882812,14.661274909973145,2867360,9.93479061126709
1996-11-14,14.551862716674805,14.807158470153809,14.551862716674805,14.807158470153809,3243002,10.033650398254395
1996-11-15,14.843628883361816,14.843628883361816,14.734216690063477,14.843628883361816,4215697,10.058358192443848
1996-11-18,14.807158470153809,14.843628883361816,14.62480354309082,14.843628883361816,1955330,10.058358192443848
1996-11-19,14.7706880569458,14.843628883361816,14.697746276855469,14.807158470153809,2253513,10.033650398254395
1996-11-20,14.7706880569458,14.953042030334473,14.734216690063477,14.807158470153809,3281046,10.033650398254395
1996-11-21,14.88010025024414,14.88010025024414,14.734216690063477,14.734216690063477,4102936,9.984220504760742
1996-11-22,14.807158470153809,15.208337783813477,14.7706880569458,15.135396003723145,4217068,10.256067276000977
1996-11-25,15.062454223632812,15.35422134399414,15.062454223632812,15.317749977111816,5025934,10.379632949829102
1996-11-26,15.35422134399414,15.755399703979492,15.317749977111816,15.463632583618164,6355421,10.478484153747559
1996-11-27,15.500103950500488,15.500103950500488,15.208337783813477,15.317749977111816,3125785,10.379632949829102
1996-11-29,15.35422134399414,15.35422134399414,15.244808197021484,15.244808197021484,733806,10.330209732055664
1996-12-02,15.09892463684082,15.171867370605469,15.025982856750488,15.135396003723145,2241517,10.256067276000977
1996-12-03,15.171867370605469,15.171867370605469,14.7706880569458,14.807158470153809,3447618,10.033650398254395
1996-12-04,14.953042030334473,15.281278610229492,14.953042030334473,15.062454223632812,5183594,10.206639289855957
1996-12-05,15.062454223632812,15.208337783813477,15.025982856750488,15.062454223632812,3244373,10.206639289855957
1996-12-06,14.734216690063477,15.171867370605469,14.697746276855469,15.025982856750488,5086599,10.181928634643555
1996-12-09,15.062454223632812,15.171867370605469,15.062454223632812,15.171867370605469,1686622,10.280782699584961
1996-12-10,15.281278610229492,16.33893394470215,15.208337783813477,16.010696411132812,9503142,10.8491849899292
1996-12-11,15.901283264160156,15.937753677368164,15.463632583618164,15.609517097473145,10309265,10.57734489440918
1996-12-12,15.755399703979492,16.010696411132812,15.645988464355469,15.718929290771484,7160859,10.651483535766602
1996-12-13,15.463632583618164,16.229520797729492,15.390691757202148,15.609517097473145,7713355,10.57734489440918
1996-12-16,15.68245792388916,15.864812850952148,15.57304573059082,15.57304573059082,4306523,10.552630424499512
1996-12-17,15.390691757202148,15.57304573059082,15.317749977111816,15.463632583618164,4604707,10.478484153747559
1996-12-18,15.463632583618164,15.718929290771484,15.427163124084473,15.645988464355469,4942991,10.602056503295898
1996-12-19,15.791871070861816,15.974225044250488,15.609517097473145,15.937753677368164,4185536,10.799760818481445
1996-12-20,16.484817504882812,16.52128791809082,16.193050384521484,16.375404357910156,7574546,11.096327781677246
1996-12-23,16.33893394470215,16.703641891479492,16.30246353149414,16.594228744506836,3295099,11.244599342346191
1996-12-24,16.52128791809082,17.615413665771484,16.484817504882812,17.396587371826172,4614646,11.788299560546875
1996-12-26,17.177762985229492,17.177762985229492,16.557758331298828,16.594228744506836,4938193,11.244599342346191
1996-12-27,16.667171478271484,17.068349838256836,16.448345184326172,17.031879425048828,4744545,11.541163444519043
1996-12-30,17.031879425048828,17.031879425048828,16.52128791809082,16.7401123046875,3837998,11.343461036682129
1996-12-31,16.667171478271484,16.7401123046875,16.411874771118164,16.484817504882812,4613275,11.214445114135742
1997-01-02,16.33893394470215,16.375404357910156,15.645988464355469,15.937753677368164,5153433,10.842284202575684
1997-01-03,16.010696411132812,16.083637237548828,15.82834243774414,15.901283264160156,5291214,10.817469596862793
1997-01-06,16.010696411132812,16.33893394470215,15.864812850952148,16.083637237548828,5879013,10.941527366638184
1997-01-07,16.120107650756836,16.813053131103516,16.010696411132812,16.813053131103516,13570776,11.437735557556152
1997-01-08,16.922466278076172,16.958938598632812,16.484817504882812,16.667171478271484,8623329,11.33849811553955
1997-01-09,16.667171478271484,16.922466278076172,16.630699157714844,16.703641891479492,3048326,11.363306999206543
1997-01-10,16.484817504882812,16.849525451660156,16.30246353149414,16.7401123046875,6731749,11.388120651245117
1997-01-13,16.667171478271484,16.885995864868164,16.594228744506836,16.630699157714844,4244830,11.313689231872559
1997-01-14,16.703641891479492,17.068349838256836,16.667171478271484,16.958938598632812,5183251,11.53698444366455
1997-01-15,16.958938598632812,17.396587371826172,16.885995864868164,17.2142333984375,14876271,11.710661888122559
1997-01-16,17.2142333984375,17.250703811645508,16.995407104492188,17.068349838256836,5168514,11.61141586303711
1997-01-17,17.031879425048828,17.396587371826172,17.031879425048828,17.396587371826172,5248715,11.834711074829102
1997-01-20,17.43305778503418,17.834238052368164,17.396587371826172,17.396587371826172,7258540,11.834711074829102
1997-01-21,17.323646545410156,17.542470932006836,17.141292572021484,17.43305778503418,5566434,11.859518051147461
1997-01-22,17.43305778503418,18.08953285217285,17.360116958618164,17.943649291992188,11285388,12.206873893737793
1997-01-23,18.053062438964844,18.6365966796875,17.6883544921875,17.724824905395508,8182566,12.05800724029541
1997-01-24,17.797767639160156,18.235416412353516,17.615413665771484,17.834238052368164,7542328,12.13244342803955
1997-01-27,17.980121612548828,18.08953285217285,17.287174224853516,17.360116958618164,5745002,11.80989933013916
1997-01-28,17.724824905395508,17.724824905395508,17.2142333984375,17.360116958618164,6355764,11.80989933013916
1997-01-29,17.360116958618164,17.797767639160156,17.360116958618164,17.797767639160156,3969610,12.107630729675293
1997-01-30,17.870708465576172,18.12600326538086,17.797767639160156,18.016592025756836,5188393,12.256489753723145
1997-01-31,18.016592025756836,18.271888732910156,17.943649291992188,18.12600326538086,3815378,12.3309326171875
1997-02-03,18.08953285217285,18.1624755859375,17.90717887878418,18.053062438964844,3029476,12.281299591064453
1997-02-04,17.980121612548828,18.016592025756836,17.724824905395508,17.834238052368164,3359534,12.13244342803955
1997-02-05,18.053062438964844,18.235416412353516,17.469528198242188,17.797767639160156,7885068,12.107630729675293
1997-02-06,17.943649291992188,18.30835723876953,17.943649291992188,18.08953285217285,6852051,12.306114196777344
1997-02-07,18.746007919311523,19.25659942626953,18.490713119506836,19.07424545288086,9127156,12.97599983215332
1997-02-10,18.964832305908203,19.183658599853516,18.85542106628418,18.964832305908203,6804410,12.901573181152344
1997-02-11,19.220129013061523,19.54836654663086,19.001304626464844,19.54836654663086,8595224,13.298543930053711
1997-02-12,19.621307373046875,19.73072052001953,19.51189613342285,19.657779693603516,5104764,13.3729829788208
1997-02-13,19.54836654663086,19.98601722717285,19.54836654663086,19.949546813964844,6503485,13.571464538574219
1997-02-14,19.98601722717285,20.20484161376953,19.840133666992188,19.876604080200195,8442020,13.521842002868652
1997-02-18,19.80366325378418,20.423667907714844,19.80366325378418,20.350725173950195,4973838,13.844382286071777
1997-02-19,20.277782440185547,20.423667907714844,19.694250106811523,19.80366325378418,9683766,13.472221374511719
1997-02-20,19.767192840576172,19.949546813964844,19.54836654663086,19.621307373046875,4266766,13.348167419433594
1997-02-21,19.54836654663086,19.657779693603516,19.366012573242188,19.621307373046875,4230435,13.348167419433594
1997-02-24,19.51189613342285,19.5848388671875,19.183658599853516,19.293071746826172,3057923,13.124869346618652
1997-02-25,19.402482986450195,19.767192840576172,19.366012573242188,19.54836654663086,5327545,13.298543930053711
1997-02-26,19.54836654663086,19.621307373046875,18.964832305908203,19.25659942626953,5296013,13.100055694580078
1997-02-27,19.147188186645508,19.32954216003418,18.78247833251953,18.78247833251953,3125785,12.7775239944458
1997-02-28,18.38129997253418,19.402482986450195,18.38129997253418,19.147188186645508,5851251,13.025623321533203
1997-03-03,18.964832305908203,19.183658599853516,18.818950653076172,19.03777503967285,4211585,12.951193809509277
1997-03-04,19.03777503967285,19.293071746826172,18.85542106628418,19.03777503967285,4367188,12.951193809509277
1997-03-05,19.147188186645508,19.5848388671875,19.147188186645508,19.438953399658203,4749686,13.224112510681152
1997-03-06,19.51189613342285,19.694250106811523,19.183658599853516,19.220129013061523,6727979,13.0752534866333
1997-03-07,19.32954216003418,19.5848388671875,19.293071746826172,19.475425720214844,5235005,13.248921394348145
1997-03-10,19.475425720214844,19.840133666992188,19.475425720214844,19.73072052001953,3845539,13.422600746154785
1997-03-11,19.80366325378418,19.80366325378418,19.475425720214844,19.475425720214844,2070833,13.248921394348145
1997-03-12,19.438953399658203,19.5848388671875,19.293071746826172,19.32954216003418,4612590,13.149678230285645
1997-03-13,19.25659942626953,19.32954216003418,18.78247833251953,18.78247833251953,4763738,12.7775239944458
1997-03-14,18.85542106628418,19.001304626464844,18.673067092895508,18.818950653076172,4726722,12.802330017089844
1997-03-17,18.60012435913086,18.78247833251953,18.344829559326172,18.60012435913086,4591340,12.65345573425293
1997-03-18,18.673067092895508,18.818950653076172,18.454242706298828,18.527183532714844,5264138,12.603851318359375
1997-03-19,18.344829559326172,18.746007919311523,18.344829559326172,18.56365394592285,4540615,12.628655433654785
1997-03-20,18.818950653076172,19.1107177734375,18.56365394592285,18.746007919311523,4610876,12.752705574035645
1997-03-21,18.85542106628418,18.928363800048828,18.78247833251953,18.928363800048828,4438135,12.876763343811035
1997-03-24,18.891891479492188,19.402482986450195,18.6365966796875,19.32954216003418,3195019,13.149678230285645
1997-03-25,19.475425720214844,19.475425720214844,19.03777503967285,19.1107177734375,3863704,13.000818252563477
1997-03-26,18.891891479492188,19.1107177734375,18.78247833251953,18.78247833251953,3200503,12.7775239944458
1997-03-27,18.891891479492188,18.891891479492188,17.724824905395508,18.12600326538086,6167257,12.3309326171875
1997-03-31,17.797767639160156,17.980121612548828,17.43305778503418,17.469528198242188,10752770,11.884330749511719
1997-04-01,17.469528198242188,17.834238052368164,17.177762985229492,17.724824905395508,6272821,12.05800724029541
1997-04-02,17.506000518798828,17.615413665771484,16.922466278076172,17.068349838256836,5192505,11.654581069946289
1997-04-03,17.068349838256836,17.43305778503418,16.776582717895508,17.323646545410156,6226208,11.828903198242188
1997-04-04,17.250703811645508,17.615413665771484,17.068349838256836,17.360116958618164,5701131,11.853801727294922
1997-04-07,17.506000518798828,17.65188217163086,17.396587371826172,17.506000518798828,4776420,11.953414916992188
1997-04-08,17.578941345214844,17.943649291992188,17.506000518798828,17.90717887878418,4004227,12.227349281311035
1997-04-09,17.90717887878418,17.943649291992188,17.65188217163086,17.6883544921875,2664801,12.077934265136719
1997-04-10,17.615413665771484,17.65188217163086,17.360116958618164,17.360116958618164,1868274,11.853801727294922
1997-04-11,17.068349838256836,17.250703811645508,16.776582717895508,17.031879425048828,4732549,11.629682540893555
1997-04-14,16.995407104492188,17.250703811645508,16.885995864868164,16.958938598632812,2398492,11.579874038696289
1997-04-15,17.141292572021484,17.43305778503418,16.922466278076172,17.43305778503418,5321718,11.903605461120605
1997-04-16,17.2142333984375,17.615413665771484,17.104820251464844,17.469528198242188,3816063,11.928511619567871
1997-04-17,17.396587371826172,17.834238052368164,17.360116958618164,17.65188217163086,3312579,12.053023338317871
1997-04-18,17.6883544921875,17.724824905395508,17.43305778503418,17.506000518798828,2524963,11.953414916992188
1997-04-21,17.506000518798828,17.65188217163086,17.104820251464844,17.104820251464844,2487947,11.67948055267334
1997-04-22,17.177762985229492,17.834238052368164,17.031879425048828,17.724824905395508,3509311,12.102831840515137
1997-04-23,17.724824905395508,18.12600326538086,17.65188217163086,17.870708465576172,3424654,12.202449798583984
1997-04-24,17.943649291992188,18.527183532714844,17.542470932006836,18.417770385742188,5267908,12.575986862182617
1997-04-25,18.454242706298828,18.709537506103516,17.797767639160156,17.834238052368164,5808751,12.177546501159668
1997-04-28,17.761295318603516,18.891891479492188,17.761295318603516,18.709537506103516,5858791,12.775216102600098
1997-04-29,19.1107177734375,19.54836654663086,19.03777503967285,19.51189613342285,6559008,13.323076248168945
1997-04-30,19.293071746826172,19.51189613342285,19.03777503967285,19.183658599853516,4974866,13.098942756652832
1997-05-01,19.25659942626953,19.293071746826172,19.03777503967285,19.147188186645508,3094596,13.074045181274414
1997-05-02,19.220129013061523,19.80366325378418,19.220129013061523,19.657779693603516,4652005,13.422696113586426
1997-05-05,19.5848388671875,20.20484161376953,19.475425720214844,20.20484161376953,4729121,13.796235084533691
1997-05-06,20.131900787353516,20.20484161376953,19.767192840576172,19.949546813964844,4902205,13.621915817260742
1997-05-07,19.876604080200195,20.02248764038086,19.25659942626953,19.25659942626953,3431852,13.148754119873047
1997-05-08,19.03777503967285,19.98601722717285,19.001304626464844,19.54836654663086,4690735,13.347981452941895
1997-05-09,19.840133666992188,20.277782440185547,19.621307373046875,19.98601722717285,3873643,13.64681339263916
1997-05-12,20.095428466796875,20.350725173950195,19.876604080200195,20.277782440185547,3846224,13.84603500366211
1997-05-13,20.277782440185547,20.277782440185547,19.876604080200195,19.913074493408203,3675883,13.59701156616211
1997-05-14,20.058958053588867,20.168371200561523,19.913074493408203,19.949546813964844,4247915,13.621915817260742
1997-05-15,19.876604080200195,20.058958053588867,19.840133666992188,20.02248764038086,2368331,13.671717643737793
1997-05-16,19.98601722717285,20.02248764038086,19.657779693603516,19.657779693603516,4252028,13.422696113586426
1997-05-19,19.73072052001953,20.168371200561523,19.657779693603516,20.02248764038086,3312236,13.671717643737793
1997-05-20,19.876604080200195,20.71543312072754,19.840133666992188,20.642492294311523,5783046,14.095067024230957
1997-05-21,20.71543312072754,20.751903533935547,20.277782440185547,20.277782440185547,4946761,13.84603500366211
1997-05-22,20.387195587158203,20.387195587158203,20.02248764038086,20.095428466796875,4594425,13.721527099609375
1997-05-23,20.20484161376953,20.387195587158203,20.058958053588867,20.277782440185547,2798469,13.84603500366211
1997-05-27,20.095428466796875,20.241313934326172,20.058958053588867,20.20484161376953,2893751,13.796235084533691
1997-05-28,20.168371200561523,20.277782440185547,20.058958053588867,20.241313934326172,4043642,13.82114028930664
1997-05-29,20.131900787353516,20.387195587158203,20.058958053588867,20.095428466796875,2883811,13.721527099609375
1997-05-30,19.98601722717285,20.46013832092285,19.876604080200195,20.277782440185547,3457557,13.84603500366211
1997-06-02,20.423667907714844,20.46013832092285,20.02248764038086,20.131900787353516,2520850,13.746428489685059
1997-06-03,20.131900787353516,20.423667907714844,20.058958053588867,20.350725173950195,3685137,13.895848274230957
1997-06-04,20.314254760742188,20.314254760742188,19.98601722717285,19.98601722717285,3380441,13.64681339263916
1997-06-05,19.98601722717285,20.387195587158203,19.767192840576172,20.241313934326172,3347195,13.82114028930664
1997-06-06,20.241313934326172,21.007200241088867,20.131900787353516,20.93425750732422,3994630,14.29428768157959
1997-06-09,21.080141067504883,21.15308380126953,20.642492294311523,20.751903533935547,4595453,14.169776916503906
1997-06-10,20.89778709411621,21.080141067504883,20.788375854492188,20.861316680908203,3004113,14.244487762451172
1997-06-11,20.93425750732422,21.15308380126953,20.824846267700195,20.97072982788086,2798469,14.319191932678223
1997-06-12,21.18955421447754,21.700145721435547,21.15308380126953,21.335437774658203,4841540,14.568228721618652
1997-06-13,21.517791748046875,22.83074188232422,21.517791748046875,22.35662078857422,16480978,15.265498161315918
1997-06-16,22.247207641601562,22.247207641601562,21.66367530822754,21.955442428588867,8421456,14.991581916809082
1997-06-17,21.955442428588867,22.79427146911621,21.955442428588867,22.28367805480957,9025020,15.215693473815918
1997-06-18,22.28367805480957,23.26839256286621,22.28367805480957,22.721328735351562,11307323,15.514546394348145
1997-06-19,22.83074188232422,23.01309585571289,22.648387908935547,22.684858322143555,6918885,15.489638328552246
1997-06-20,22.721328735351562,23.01309585571289,22.721328735351562,22.940153121948242,5970524,15.663955688476562
1997-06-23,22.867212295532227,22.867212295532227,22.13779640197754,22.13779640197754,4522107,15.116089820861816
1997-06-24,22.684858322143555,22.684858322143555,22.156030654907227,22.520740509033203,5020793,15.377571105957031
1997-06-25,22.393091201782227,22.520740509033203,22.028383255004883,22.028383255004883,5352908,15.041380882263184
1997-06-26,22.028383255004883,22.35662078857422,21.736616134643555,21.918970108032227,4529647,14.966667175292969
1997-06-27,22.06485366821289,22.210737228393555,21.918970108032227,22.08308982849121,3821547,15.078740119934082
1997-06-30,22.1013240814209,22.32015037536621,21.736616134643555,21.736616134643555,6156289,14.84216594696045
1997-07-01,21.66367530822754,22.174266815185547,21.499555587768555,22.028383255004883,5335428,15.086944580078125
1997-07-02,22.1013240814209,22.30191421508789,21.955442428588867,22.210737228393555,4852508,15.211845397949219
1997-07-03,22.684858322143555,24.362516403198242,22.630151748657227,24.216632843017578,5895464,16.585651397705078
1997-07-07,23.633100509643555,23.633100509643555,22.79427146911621,22.867212295532227,7929624,15.661453247070312
1997-07-08,23.01309585571289,23.30486297607422,22.502504348754883,22.83074188232422,6126471,15.63647747039795
1997-07-09,22.8125057220459,22.867212295532227,22.32015037536621,22.648387908935547,5755627,15.511581420898438
1997-07-10,22.59368133544922,23.23192024230957,22.466033935546875,22.903682708740234,6030847,15.686427116394043
1997-07-11,23.26839256286621,23.924867630004883,23.158979415893555,23.30486297607422,8901976,15.961189270019531
1997-07-14,23.323097229003906,23.450746536254883,22.77603530883789,22.976625442504883,5426597,15.736380577087402
1997-07-15,23.08603858947754,23.651334762573242,23.031330108642578,23.396039962768555,5989718,16.023632049560547
1997-07-16,23.359569549560547,23.5236873626709,22.976625442504883,23.01309585571289,5170913,15.761360168457031
1997-07-17,23.0495662689209,23.158979415893555,22.648387908935547,22.703094482421875,4830572,15.549046516418457
1997-07-18,22.393091201782227,22.59368133544922,22.192501068115234,22.192501068115234,6239575,15.19934368133545
1997-07-21,22.11956024169922,23.06780242919922,21.918970108032227,22.703094482421875,4722267,15.549046516418457
1997-07-22,22.684858322143555,22.976625442504883,22.429563522338867,22.885448455810547,5238775,15.673935890197754
1997-07-23,23.031330108642578,23.30486297607422,22.99485969543457,23.08603858947754,6079858,15.811319351196289
1997-07-24,23.06780242919922,23.2866268157959,22.721328735351562,23.23192024230957,3679995,15.911227226257324
1997-07-25,23.323097229003906,23.48721694946289,23.177215576171875,23.21368408203125,3486690,15.89874267578125
1997-07-28,23.21368408203125,23.596628189086914,22.921918869018555,23.01309585571289,5227465,15.761360168457031
1997-07-29,23.0495662689209,24.271339416503906,23.0495662689209,24.052515029907227,9787958,16.473241806030273
1997-07-30,24.18016242980957,24.253103256225586,23.851924896240234,24.16192626953125,5252485,16.548187255859375
1997-07-31,24.216632843017578,24.563106536865234,24.16192626953125,24.435457229614258,4610191,16.73552131652832
1997-08-01,24.326045989990234,24.508399963378906,23.979572296142578,24.253103256225586,3499029,16.61061668395996
1997-08-04,24.18016242980957,24.599576950073242,24.16192626953125,24.216632843017578,3634754,16.585651397705078
1997-08-05,24.2348690032959,24.380752563476562,24.088985443115234,24.16192626953125,3541871,16.548187255859375
1997-08-06,24.253103256225586,24.727224349975586,24.16192626953125,24.617813110351562,3465440,16.860414505004883
1997-08-07,24.800167083740234,24.87310791015625,24.143692016601562,24.19839859008789,6169999,16.573162078857422
1997-08-08,23.924867630004883,24.070749282836914,23.414274215698242,23.46898078918457,5887924,16.07358741760254
1997-08-11,23.68780517578125,23.979572296142578,23.596628189086914,23.979572296142578,5679538,16.423290252685547
1997-08-12,24.143692016601562,24.216632843017578,23.633100509643555,23.633100509643555,3641951,16.185991287231445
1997-08-13,23.888395309448242,24.19839859008789,23.72427749633789,23.9978084564209,5805667,16.435771942138672
1997-08-14,24.107221603393555,24.289575576782227,23.9978084564209,24.125455856323242,4194790,16.523202896118164
1997-08-15,23.9978084564209,24.271339416503906,23.5236873626709,23.5236873626709,3872272,16.111059188842773
1997-08-18,23.633100509643555,23.669570922851562,23.21368408203125,23.48721694946289,4967325,16.086082458496094
1997-08-19,23.596628189086914,24.2348690032959,23.54192352294922,24.16192626953125,5175368,16.548187255859375
1997-08-20,24.18016242980957,24.362516403198242,24.143692016601562,24.362516403198242,2608249,16.6855525970459
1997-08-21,24.362516403198242,24.362516403198242,23.669570922851562,23.815454483032227,3063407,16.310882568359375
1997-08-22,23.560157775878906,23.906631469726562,23.450746536254883,23.906631469726562,2869416,16.373323440551758
1997-08-25,23.979572296142578,24.216632843017578,23.5236873626709,23.651334762573242,2734034,16.198490142822266
1997-08-26,23.505451202392578,23.633100509643555,23.0495662689209,23.26839256286621,3272135,15.93620491027832
1997-08-27,23.25015640258789,23.377803802490234,22.885448455810547,23.359569549560547,4326402,15.998645782470703
1997-08-28,23.195449829101562,23.25015640258789,22.83074188232422,22.848976135253906,3828059,15.648958206176758
1997-08-29,22.848976135253906,22.976625442504883,22.684858322143555,22.684858322143555,3533303,15.5365629196167
1997-09-02,22.75779914855957,23.432510375976562,22.739564895629883,23.359569549560547,3483606,15.998645782470703
1997-09-03,23.2866268157959,23.578393936157227,23.2866268157959,23.359569549560547,2787159,15.998645782470703
1997-09-04,23.0495662689209,23.48721694946289,23.0495662689209,23.450746536254883,3141551,16.061105728149414
1997-09-05,23.5236873626709,23.669570922851562,23.195449829101562,23.450746536254883,2507483,16.061105728149414
1997-09-08,23.396039962768555,23.70604133605957,23.23192024230957,23.669570922851562,3654633,16.210973739624023
1997-09-09,23.633100509643555,23.633100509643555,23.341333389282227,23.396039962768555,2618531,16.023632049560547
1997-09-10,23.177215576171875,23.30486297607422,22.99485969543457,23.0495662689209,3910316,15.786341667175293
1997-09-11,22.921918869018555,22.958389282226562,22.35662078857422,22.53897476196289,4148521,15.436650276184082
1997-09-12,22.75779914855957,22.77603530883789,22.32015037536621,22.666622161865234,3955215,15.52406120300293
1997-09-15,22.59368133544922,22.83074188232422,22.429563522338867,22.429563522338867,3651891,15.361714363098145
1997-09-16,22.61191749572754,23.633100509643555,22.61191749572754,23.560157775878906,6543928,16.136035919189453
1997-09-17,23.633100509643555,23.651334762573242,23.341333389282227,23.46898078918457,3251914,16.07358741760254
1997-09-18,23.46898078918457,23.505451202392578,23.23192024230957,23.26839256286621,3343768,15.93620491027832
1997-09-19,23.140743255615234,23.323097229003906,23.140743255615234,23.2866268157959,4389124,15.948702812194824
1997-09-22,23.633100509643555,23.851924896240234,23.560157775878906,23.669570922851562,3863018,16.210973739624023
1997-09-23,23.74251365661621,23.7607479095459,23.414274215698242,23.560157775878906,2749115,16.136035919189453
1997-09-24,23.70604133605957,24.070749282836914,23.54192352294922,23.70604133605957,5245630,16.235958099365234
1997-09-25,23.669570922851562,23.669570922851562,23.323097229003906,23.323097229003906,2883469,15.973674774169922
1997-09-26,23.560157775878906,23.870159149169922,23.5236873626709,23.815454483032227,3637496,16.310882568359375
1997-09-29,23.74251365661621,23.96133804321289,23.505451202392578,23.96133804321289,3004113,16.410791397094727
1997-09-30,24.034278869628906,24.143692016601562,23.851924896240234,23.888395309448242,3371187,16.360837936401367
1997-10-01,23.96133804321289,24.2348690032959,23.924867630004883,24.18016242980957,4020679,16.606300354003906
1997-10-02,24.143692016601562,24.690753936767578,24.143692016601562,24.326045989990234,5278190,16.70648765563965
1997-10-03,24.800167083740234,25.164875030517578,24.508399963378906,24.836637496948242,5024563,17.057157516479492
1997-10-06,25.09193229675293,25.256052017211914,24.9460506439209,25.237817764282227,3465783,17.33268165588379
1997-10-07,25.201345443725586,25.237817764282227,24.89134407043457,25.09193229675293,2745344,17.232484817504883
1997-10-08,25.000755310058594,25.018991470336914,24.453693389892578,24.65428352355957,2563692,16.931922912597656
1997-10-09,24.326045989990234,24.581342697143555,24.216632843017578,24.326045989990234,2779276,16.70648765563965
1997-10-10,24.107221603393555,24.253103256225586,24.088985443115234,24.18016242980957,1944705,16.606300354003906
1997-10-13,24.253103256225586,24.435457229614258,24.052515029907227,24.19839859008789,1601280,16.618833541870117
1997-10-14,24.216632843017578,24.41722297668457,24.088985443115234,24.344280242919922,2394722,16.719017028808594
1997-10-15,24.052515029907227,24.271339416503906,24.034278869628906,24.143692016601562,2334400,16.581268310546875
1997-10-16,24.508399963378906,24.87310791015625,24.107221603393555,24.253103256225586,4216383,16.656394958496094
1997-10-17,24.253103256225586,24.326045989990234,23.432510375976562,23.851924896240234,5534217,16.380878448486328
1997-10-20,23.94310188293457,24.143692016601562,23.72427749633789,24.143692016601562,2615446,16.581268310546875
1997-10-21,24.362516403198242,24.581342697143555,24.216632843017578,24.49016571044922,2875243,16.81920623779297
1997-10-22,24.508399963378906,24.63604736328125,24.344280242919922,24.344280242919922,1604364,16.719017028808594
1997-10-23,24.052515029907227,24.143692016601562,23.651334762573242,23.96133804321289,3222438,16.456026077270508
1997-10-24,23.888395309448242,23.888395309448242,23.195449829101562,23.359569549560547,6752656,16.042739868164062
1997-10-27,23.122507095336914,23.2866268157959,21.517791748046875,21.809558868408203,5495830,14.978236198425293
1997-10-28,21.37190818786621,22.867212295532227,21.007200241088867,22.684858322143555,8876956,15.57936954498291
1997-10-29,22.684858322143555,23.323097229003906,22.61191749572754,23.122507095336914,6869530,15.879939079284668
1997-10-30,22.61191749572754,23.158979415893555,22.393091201782227,22.393091201782227,7659888,15.37899112701416
1997-10-31,22.502504348754883,22.99485969543457,22.502504348754883,22.75779914855957,3698161,15.629467964172363
1997-11-03,23.0495662689209,23.396039962768555,23.01309585571289,23.30486297607422,3660802,16.005176544189453
1997-11-04,23.158979415893555,23.341333389282227,23.031330108642578,23.323097229003906,2874215,16.01770782470703
1997-11-05,23.5236873626709,23.669570922851562,23.2866268157959,23.414274215698242,3229636,16.080322265625
1997-11-06,23.414274215698242,23.596628189086914,23.195449829101562,23.432510375976562,3453445,16.092844009399414
1997-11-07,23.0495662689209,23.323097229003906,22.976625442504883,23.0495662689209,4154690,15.829835891723633
1997-11-10,23.158979415893555,23.30486297607422,22.848976135253906,22.867212295532227,4200617,15.704611778259277
1997-11-11,22.903682708740234,23.158979415893555,22.739564895629883,22.77603530883789,2665486,15.64199161529541
1997-11-12,22.53897476196289,23.08603858947754,22.53897476196289,22.5754451751709,4240717,15.504231452941895
1997-11-13,22.721328735351562,22.903682708740234,22.156030654907227,22.684858322143555,5062607,15.57936954498291
1997-11-14,22.75779914855957,22.867212295532227,22.429563522338867,22.502504348754883,5269279,15.454137802124023
1997-11-17,22.75779914855957,22.976625442504883,22.684858322143555,22.83074188232422,4893294,15.67956256866455
1997-11-18,22.79427146911621,22.903682708740234,22.3383846282959,22.3383846282959,4890895,15.341416358947754
1997-11-19,22.37485694885254,23.140743255615234,22.32015037536621,23.0495662689209,6331086,15.829835891723633
1997-11-20,23.23192024230957,23.2866268157959,22.940153121948242,23.195449829101562,4283903,15.930027961730957
1997-11-21,23.2866268157959,23.396039962768555,22.903682708740234,22.99485969543457,4307209,15.792263984680176
1997-11-24,22.99485969543457,23.122507095336914,22.53897476196289,22.721328735351562,2838227,15.604421615600586
1997-11-25,22.903682708740234,22.903682708740234,22.520740509033203,22.666622161865234,2384782,15.56684684753418
1997-11-26,22.77603530883789,23.0495662689209,22.77603530883789,22.79427146911621,2631555,15.654505729675293
1997-11-28,22.83074188232422,23.122507095336914,22.8125057220459,23.01309585571289,1717126,15.80479621887207
1997-12-01,23.341333389282227,24.19839859008789,23.21368408203125,24.125455856323242,7022050,16.56873893737793
1997-12-02,23.924867630004883,24.253103256225586,23.924867630004883,24.19839859008789,4698618,16.618833541870117
1997-12-03,24.508399963378906,24.927814483642578,24.307809829711914,24.800167083740234,6503142,17.0321102142334
1997-12-04,24.982521057128906,25.274288177490234,24.89134407043457,25.073698043823242,7432994,17.21996307373047
1997-12-05,25.11016845703125,25.4201717376709,24.909578323364258,25.383699417114258,5546898,17.432863235473633
1997-12-08,25.401935577392578,25.60252571105957,25.256052017211914,25.58428955078125,3005484,17.57062530517578
1997-12-09,25.620759963989258,25.638996124267578,25.401935577392578,25.620759963989258,3904490,17.595680236816406
1997-12-10,25.620759963989258,25.657230377197266,25.183109283447266,25.456642150878906,4219810,17.482961654663086
1997-12-11,25.237817764282227,25.36546516418457,24.9460506439209,25.09193229675293,4387410,17.232484817504883
1997-12-12,25.274288177490234,25.34722900390625,25.055463790893555,25.274288177490234,3743060,17.357723236083984
1997-12-15,25.310758590698242,26.27723503112793,25.292522430419922,25.839584350585938,7301382,17.745956420898438
1997-12-16,26.113117218017578,26.6966495513916,25.967233657836914,26.131351470947266,7083400,17.94633674621582
1997-12-17,26.259000778198242,26.3684139251709,26.003704071044922,26.021940231323242,4551925,17.871191024780273
1997-12-18,26.003704071044922,26.05841064453125,25.711938858032227,25.8942928314209,3060665,17.78353500366211
1997-12-19,25.912527084350586,25.912527084350586,25.073698043823242,25.36546516418457,6968239,17.42034149169922
1997-12-22,25.383699417114258,25.60252571105957,25.201345443725586,25.60252571105957,3489432,17.58315086364746
1997-12-23,25.529582977294922,25.529582977294922,24.836637496948242,24.87310791015625,4471381,17.08221435546875
1997-12-24,25.055463790893555,25.164875030517578,24.836637496948242,24.9460506439209,1331886,17.13230323791504
1997-12-26,25.018991470336914,25.274288177490234,25.018991470336914,25.164875030517578,1532046,17.282583236694336
1997-12-29,25.310758590698242,25.383699417114258,25.256052017211914,25.310758590698242,2347766,17.382762908935547
1997-12-30,25.383699417114258,25.638996124267578,25.219581604003906,25.56605339050293,2900948,17.603757858276367
1997-12-31,25.58428955078125,26.05841064453125,25.474876403808594,26.04017448425293,2871473,17.93021583557129
1998-01-02,25.967233657836914,25.967233657836914,25.766643524169922,25.876056671142578,3085685,17.81721305847168
1998-01-05,25.8942928314209,26.167823791503906,25.7484073638916,25.930763244628906,4016223,17.854873657226562
1998-01-06,25.803115844726562,25.876056671142578,25.274288177490234,25.401935577392578,3599794,17.490758895874023
1998-01-07,25.401935577392578,25.401935577392578,24.781930923461914,25.164875030517578,4379870,17.327529907226562
1998-01-08,24.9460506439209,24.982521057128906,24.581342697143555,24.65428352355957,2901291,16.975954055786133
1998-01-09,24.544870376586914,24.563106536865234,23.74251365661621,23.924867630004883,5554438,16.473712921142578
1998-01-12,23.48721694946289,23.96133804321289,23.414274215698242,23.851924896240234,4349366,16.423484802246094
1998-01-13,24.362516403198242,24.362516403198242,23.9978084564209,24.16192626953125,2903005,16.636934280395508
1998-01-14,24.307809829711914,24.41722297668457,24.19839859008789,24.326045989990234,3114475,16.749937057495117
1998-01-15,24.253103256225586,24.289575576782227,23.70604133605957,23.74251365661621,3075060,16.34813690185547
1998-01-16,23.9978084564209,24.289575576782227,23.924867630004883,23.924867630004883,4273620,16.473712921142578
1998-01-20,23.924867630004883,24.143692016601562,23.833690643310547,24.052515029907227,4635211,16.56159782409668
1998-01-21,23.851924896240234,24.070749282836914,23.815454483032227,23.815454483032227,2630869,16.398361206054688
1998-01-22,23.651334762573242,23.7607479095459,23.195449829101562,23.359569549560547,3774249,16.084463119506836
1998-01-23,23.46898078918457,23.560157775878906,22.867212295532227,23.06780242919922,3157317,15.883563041687012
1998-01-26,23.195449829101562,23.46898078918457,23.031330108642578,23.158979415893555,4152291,15.946346282958984
1998-01-27,23.23192024230957,24.435457229614258,23.21368408203125,24.362516403198242,7079973,16.775043487548828
1998-01-28,24.800167083740234,24.800167083740234,24.143692016601562,24.19839859008789,7289729,16.66204833984375
1998-01-29,24.088985443115234,24.581342697143555,24.070749282836914,24.435457229614258,5074603,16.825284957885742
1998-01-30,24.617813110351562,24.617813110351562,24.307809829711914,24.41722297668457,4411745,16.812713623046875
1998-02-02,24.581342697143555,25.34722900390625,24.581342697143555,25.274288177490234,5912259,17.402868270874023
1998-02-03,25.310758590698242,25.383699417114258,25.12840461730957,25.36546516418457,2539015,17.46564292907715
1998-02-04,25.274288177490234,25.529582977294922,25.164875030517578,25.474876403808594,3550097,17.540983200073242
1998-02-05,25.56605339050293,25.711938858032227,25.055463790893555,25.310758590698242,5775848,17.427978515625
1998-02-06,25.274288177490234,25.675466537475586,25.256052017211914,25.274288177490234,4603336,17.402868270874023
1998-02-09,25.09193229675293,25.274288177490234,24.690753936767578,24.909578323364258,4103964,17.151742935180664
1998-02-10,24.836637496948242,25.638996124267578,24.836637496948242,25.310758590698242,4357249,17.427978515625
1998-02-11,25.456642150878906,25.58428955078125,25.274288177490234,25.493112564086914,2857078,17.553531646728516
1998-02-12,25.34722900390625,26.113117218017578,25.073698043823242,25.857820510864258,4264709,17.804655075073242
1998-02-13,25.82135009765625,25.967233657836914,25.7484073638916,25.766643524169922,2683309,17.74187469482422
1998-02-17,25.7484073638916,26.2225284576416,25.7484073638916,25.967233657836914,3186450,17.880001068115234
1998-02-18,25.967233657836914,26.113117218017578,25.766643524169922,25.857820510864258,3987090,17.804655075073242
1998-02-19,25.56605339050293,25.620759963989258,25.201345443725586,25.292522430419922,4496058,17.4154109954834
1998-02-20,25.219581604003906,25.675466537475586,25.055463790893555,25.675466537475586,6562093,17.679094314575195
1998-02-23,25.784879684448242,25.8942928314209,25.401935577392578,25.8942928314209,3341711,17.829771041870117
1998-02-24,25.675466537475586,25.803115844726562,25.474876403808594,25.493112564086914,2984577,17.553531646728516
1998-02-25,25.58428955078125,26.04017448425293,25.58428955078125,25.967233657836914,3096653,17.880001068115234
1998-02-26,25.8942928314209,26.167823791503906,25.839584350585938,26.003704071044922,3382155,17.90511131286621
1998-02-27,25.711938858032227,26.441354751586914,25.638996124267578,26.27723503112793,5617845,18.09345245361328
1998-03-02,26.204294204711914,26.897239685058594,26.167823791503906,26.733121871948242,7013138,18.407363891601562
1998-03-03,26.6966495513916,27.280183792114258,26.660179138183594,27.097829818725586,5187364,18.658491134643555
1998-03-04,27.134300231933594,27.20724105834961,26.714885711669922,26.806062698364258,3766023,18.457582473754883
1998-03-05,26.477825164794922,26.897239685058594,26.441354751586914,26.733121871948242,2992460,18.407363891601562
1998-03-06,26.660179138183594,27.353124618530273,26.660179138183594,27.22547721862793,2730264,18.74637222290039
1998-03-09,27.189006805419922,27.48077392578125,26.842533111572266,26.9337100982666,3180967,18.54547691345215
1998-03-10,26.98841667175293,27.079593658447266,26.678415298461914,26.915475845336914,4106364,18.532917022705078
1998-03-11,27.043123245239258,27.4078311920166,26.897239685058594,27.316654205322266,3190220,18.809154510498047
1998-03-12,27.353124618530273,27.353124618530273,27.061357498168945,27.116064071655273,2849537,18.671031951904297
1998-03-13,27.22547721862793,27.298419952392578,26.897239685058594,26.915475845336914,2485891,18.532917022705078
1998-03-16,27.024887084960938,27.4078311920166,27.024887084960938,27.4078311920166,2592140,18.871929168701172
1998-03-17,27.426067352294922,28.082542419433594,27.389596939086914,27.93665885925293,5071861,19.236064910888672
1998-03-18,27.86371612548828,28.538427352905273,27.809009552001953,28.31960105895996,3471610,19.49974822998047
1998-03-19,28.31960105895996,28.483720779418945,28.13724708557129,28.37430763244629,2979778,19.537416458129883
1998-03-20,28.520191192626953,28.62960433959961,28.1190128326416,28.41077995300293,4022392,19.56251335144043
1998-03-23,28.301366806030273,28.301366806030273,27.717832565307617,27.754304885864258,3459271,19.110506057739258
1998-03-24,28.082542419433594,28.13724708557129,27.900188446044922,27.991365432739258,3028790,19.273731231689453
1998-03-25,28.1190128326416,28.13724708557129,27.426067352294922,27.754304885864258,5310751,19.110506057739258
1998-03-26,27.608421325683594,27.608421325683594,27.134300231933594,27.134300231933594,3499372,18.68358612060547
1998-03-27,27.24371337890625,27.426067352294922,26.9337100982666,26.98841667175293,3472981,18.583133697509766
1998-03-30,26.98841667175293,27.097829818725586,26.441354751586914,26.55076789855957,4056324,18.281787872314453
1998-03-31,26.587238311767578,27.134300231933594,26.587238311767578,26.787826538085938,5504741,18.445024490356445
1998-04-01,27.079593658447266,27.134300231933594,26.806062698364258,26.951946258544922,4391523,18.558032989501953
1998-04-02,26.951946258544922,27.754304885864258,26.915475845336914,27.571950912475586,4453559,18.984943389892578
1998-04-03,28.41077995300293,29.176666259765625,28.191953659057617,28.884899139404297,10208843,19.888986587524414
1998-04-06,30.05196762084961,30.635499954223633,29.814905166625977,30.562557220458984,11481092,21.04414939880371
1998-04-07,30.635499954223633,30.65373420715332,30.05196762084961,30.124908447265625,7040558,20.787456512451172
1998-04-08,30.19784927368164,30.47138023376465,30.106672286987305,30.289026260375977,5375871,20.900707244873047
1998-04-09,31.073150634765625,31.693153381347656,31.054914474487305,31.237268447875977,5953387,21.555034637451172
1998-04-13,31.364917755126953,31.62021255493164,30.05196762084961,30.90903091430664,8253170,21.328542709350586
1998-04-14,30.92726707458496,31.000207901000977,30.361968994140625,30.599029541015625,5034160,21.1146183013916
1998-04-15,30.67197036743164,30.67197036743164,30.088438034057617,30.27079200744629,3649149,20.888120651245117
1998-04-16,30.05196762084961,30.05196762084961,29.395492553710938,29.869613647460938,4791843,20.611289978027344
1998-04-17,30.854324340820312,31.583742141723633,30.635499954223633,31.219032287597656,11046498,21.542451858520508
1998-04-20,31.219032287597656,31.219032287597656,29.605199813842773,30.27079200744629,7975894,20.888120651245117
1998-04-21,29.97902488708496,30.580793380737305,29.833141326904297,30.05196762084961,4693134,20.73712158203125
1998-04-22,30.161378860473633,31.000207901000977,30.124908447265625,30.92726707458496,6254656,21.34111976623535
1998-04-23,30.635499954223633,30.70844268798828,29.57784652709961,30.070201873779297,6344796,20.74970817565918
1998-04-24,30.23432159423828,30.65373420715332,29.413726806640625,29.72372817993164,6771164,20.510631561279297
1998-04-27,29.76020050048828,30.599029541015625,29.213138580322266,29.650787353515625,12087741,20.460285186767578
1998-04-28,30.343732833862305,30.380203247070312,29.50490379333496,29.50490379333496,5969839,20.35962677001953
1998-04-29,29.76020050048828,29.942554473876953,29.395492553710938,29.57784652709961,5699075,20.409950256347656
1998-04-30,29.76020050048828,30.27079200744629,29.74196434020996,29.814905166625977,7899120,20.573537826538086
1998-05-01,29.814905166625977,30.781383514404297,29.814905166625977,30.781383514404297,3730378,21.240449905395508
1998-05-04,30.48961639404297,30.67197036743164,30.307262420654297,30.47138023376465,3203245,21.02653694152832
1998-05-05,30.23432159423828,30.781383514404297,29.887847900390625,29.887847900390625,4038501,20.623872756958008
1998-05-06,30.01549530029297,30.161378860473633,28.884899139404297,29.03078269958496,6538101,20.0324649810791
1998-05-07,29.140195846557617,29.55961036682129,29.04901885986328,29.06725311279297,5680909,20.05763053894043
1998-05-08,29.140195846557617,30.05196762084961,29.140195846557617,29.669023513793945,4662630,20.472877502441406
1998-05-11,29.669023513793945,30.070201873779297,29.54137420654297,29.54137420654297,3189192,20.38478660583496
1998-05-12,29.50490379333496,30.23432159423828,29.359020233154297,30.161378860473633,3987090,20.812620162963867
1998-05-13,30.343732833862305,30.854324340820312,30.23432159423828,30.763147354125977,5564378,21.227861404418945
1998-05-14,30.52608871459961,30.98197364807129,30.380203247070312,30.67197036743164,4163944,21.16495132446289
1998-05-15,30.599029541015625,30.763147354125977,30.343732833862305,30.361968994140625,3280361,20.951038360595703
1998-05-18,30.27079200744629,30.50785255432129,29.99725914001465,30.23432159423828,3151148,20.862966537475586
1998-05-19,30.45314598083496,30.45314598083496,29.869613647460938,29.906082153320312,3463384,20.63644790649414
1998-05-20,30.124908447265625,31.109621047973633,30.03373146057129,30.96373748779297,5786130,21.366273880004883
1998-05-21,30.69020652770996,30.96373748779297,30.289026260375977,30.70844268798828,6130241,21.190122604370117
1998-05-22,30.781383514404297,30.854324340820312,30.25255584716797,30.307262420654297,2411173,20.913288116455078
1998-05-26,30.380203247070312,30.416675567626953,29.76020050048828,29.76020050048828,3674854,20.53579330444336
1998-05-27,29.468433380126953,29.833141326904297,29.03078269958496,29.57784652709961,5216497,20.409950256347656
1998-05-28,29.614316940307617,30.23432159423828,29.614316940307617,30.161378860473633,3095967,20.812620162963867
1998-05-29,30.343732833862305,30.52608871459961,29.942554473876953,29.942554473876953,3377699,20.661624908447266
1998-06-01,29.942554473876953,30.562557220458984,29.942554473876953,30.289026260375977,3157660,20.900707244873047
1998-06-02,30.45314598083496,30.52608871459961,30.124908447265625,30.161378860473633,3496287,20.812620162963867
1998-06-03,30.343732833862305,30.343732833862305,29.906082153320312,29.960790634155273,3192620,20.674209594726562
1998-06-04,29.960790634155273,30.325498580932617,29.79667091369629,30.325498580932617,2997944,20.925857543945312
1998-06-05,30.380203247070312,30.48961639404297,30.106672286987305,30.48961639404297,3604250,21.039121627807617
1998-06-08,30.562557220458984,32.021392822265625,30.47138023376465,31.802566528320312,5719296,21.94510841369629
1998-06-09,31.62021255493164,31.63844871520996,30.854324340820312,31.255504608154297,3300925,21.567611694335938
1998-06-10,31.310209274291992,31.474328994750977,30.96373748779297,31.41962242126465,3770821,21.680858612060547
1998-06-11,31.41962242126465,31.711389541625977,30.361968994140625,30.361968994140625,3620701,20.951038360595703
1998-06-12,30.289026260375977,30.307262420654297,29.395492553710938,29.97902488708496,6845539,20.68678855895996
1998-06-15,29.468433380126953,30.070201873779297,29.468433380126953,29.55961036682129,4268137,20.397369384765625
1998-06-16,29.486669540405273,29.942554473876953,29.158430099487305,29.57784652709961,5648006,20.409950256347656
1998-06-17,30.179615020751953,31.000207901000977,30.03373146057129,30.617265701293945,4844282,21.127206802368164
1998-06-18,30.65373420715332,30.90903091430664,30.635499954223633,30.74491310119629,3160402,21.215288162231445
1998-06-19,31.000207901000977,31.219032287597656,30.74491310119629,31.073150634765625,5328916,21.441787719726562
1998-06-22,31.109621047973633,31.109621047973633,30.781383514404297,30.781383514404297,2193534,21.240449905395508
1998-06-23,30.92726707458496,31.073150634765625,30.799619674682617,30.890796661376953,3369816,21.315948486328125
1998-06-24,30.90903091430664,31.839038848876953,30.69020652770996,31.693153381347656,5637724,21.86961555480957
1998-06-25,31.802566528320312,32.38610076904297,31.729625701904297,31.839038848876953,6800297,21.97027587890625
1998-06-26,31.948450088500977,32.641395568847656,31.948450088500977,32.24021530151367,3601508,22.247108459472656
1998-06-29,32.38610076904297,33.22492980957031,32.38610076904297,32.58668899536133,5897864,22.486188888549805
1998-06-30,32.51374816894531,33.26139831542969,32.258453369140625,33.18845748901367,5329944,22.94766616821289
1998-07-01,33.26139831542969,33.26139831542969,32.09433364868164,32.6778678894043,5442705,22.59463119506836
1998-07-02,32.531982421875,32.6778678894043,32.294921875,32.56845474243164,1886782,22.518972396850586
1998-07-06,32.56845474243164,33.079044342041016,32.55022048950195,33.04257583618164,4148178,22.8467960357666
1998-07-07,33.1519889831543,33.8631706237793,33.02434158325195,33.26139831542969,3929167,22.998104095458984
1998-07-08,33.316104888916016,33.49845886230469,33.115516662597656,33.407283782958984,2693248,23.09897232055664
1998-07-09,33.370811462402344,33.49845886230469,33.170223236083984,33.352577209472656,3459957,23.061147689819336
1998-07-10,33.29787063598633,34.15493392944336,33.18845748901367,34.081993103027344,4587227,23.565486907958984
1998-07-13,34.10022735595703,34.264347076416016,33.93611145019531,33.99081802368164,2894779,23.5024356842041
1998-07-14,34.13669967651367,34.428466796875,33.77199172973633,34.39199447631836,2640466,23.77983283996582
1998-07-15,34.57434844970703,34.61082077026367,33.42551803588867,33.42551803588867,3403747,23.11157989501953
1998-07-16,33.480224609375,33.790225982666016,33.44375228881836,33.62610626220703,2705587,23.250263214111328
1998-07-17,33.69905090332031,34.10022735595703,33.66257858276367,33.790225982666016,2282989,23.363752365112305
1998-07-20,33.881404876708984,33.881404876708984,33.26139831542969,33.42551803588867,2514681,23.11157989501953
1998-07-21,33.46199035644531,33.51669692993164,32.80551528930664,32.80551528930664,2481778,22.682878494262695
1998-07-22,32.38610076904297,32.58668899536133,31.729625701904297,32.56845474243164,5579458,22.518972396850586
1998-07-23,32.495513916015625,32.78727722167969,31.65668296813965,31.747859954833984,3883240,21.95158576965332
1998-07-24,31.948450088500977,32.09433364868164,30.50785255432129,31.237268447875977,4993374,21.598543167114258
1998-07-27,30.90903091430664,32.96963119506836,30.817853927612305,32.9149284362793,6247801,22.7585391998291
1998-07-28,32.6778678894043,32.82374954223633,31.802566528320312,32.75080871582031,6176168,22.645055770874023
1998-07-29,33.1519889831543,33.26139831542969,32.6778678894043,32.896690368652344,4312007,22.745920181274414
1998-07-30,33.18845748901367,33.51669692993164,32.98786926269531,33.22492980957031,2626414,22.97287368774414
1998-07-31,33.2431640625,33.29787063598633,32.09433364868164,32.2037467956543,4005598,22.26680564880371
1998-08-03,32.09433364868164,32.62316131591797,32.021392822265625,32.021392822265625,3702959,22.140710830688477
1998-08-04,32.38610076904297,32.495513916015625,31.036678314208984,31.054914474487305,5022849,21.472450256347656
1998-08-05,31.073150634765625,31.839038848876953,30.781383514404297,31.63844871520996,7231121,21.875932693481445
1998-08-06,30.92726707458496,30.94550132751465,29.359020233154297,29.486669540405273,17609962,20.388113021850586
1998-08-07,30.343732833862305,30.343732833862305,29.468433380126953,29.468433380126953,11855364,20.375511169433594
1998-08-10,29.486669540405273,29.76020050048828,29.213138580322266,29.413726806640625,4343197,20.337690353393555
1998-08-11,28.739017486572266,28.84842872619629,27.1707706451416,28.739017486572266,12343425,19.871166229248047
1998-08-12,28.994312286376953,29.54137420654297,28.702545166015625,28.775487899780273,8841654,19.896387100219727
1998-08-13,28.447250366210938,28.84842872619629,27.717832565307617,27.790775299072266,6532617,19.215517044067383
1998-08-14,28.5931339263916,28.5931339263916,27.280183792114258,27.334890365600586,6499714,18.900293350219727
1998-08-17,27.316654205322266,28.082542419433594,26.842533111572266,28.046070098876953,5454701,19.392038345336914
1998-08-18,28.082542419433594,29.395492553710938,28.064306259155273,29.28607940673828,6135725,20.249418258666992
1998-08-19,29.650787353515625,29.833141326904297,29.26784324645996,29.468433380126953,5111619,20.375511169433594
1998-08-20,29.213138580322266,29.395492553710938,28.301366806030273,28.33783721923828,5083171,19.593767166137695
1998-08-21,27.790775299072266,27.86371612548828,27.097829818725586,27.736068725585938,8513310,19.177690505981445
1998-08-24,28.301366806030273,28.538427352905273,27.954893112182617,28.3560733795166,4505998,19.606382369995117
1998-08-25,28.921371459960938,28.994312286376953,27.790775299072266,28.264896392822266,3860276,19.54334259033203
1998-08-26,27.86371612548828,28.447250366210938,27.663127899169922,28.3560733795166,4985148,19.606382369995117
1998-08-27,28.009599685668945,28.027835845947266,26.113117218017578,26.55076789855957,11690849,18.358135223388672
1998-08-28,26.623708724975586,27.024887084960938,25.34722900390625,25.529582977294922,8592483,17.65205192565918
1998-08-31,25.675466537475586,25.8942928314209,22.739564895629883,22.75779914855957,12627899,15.735538482666016
1998-09-01,22.903682708740234,24.508399963378906,21.66367530822754,23.924867630004883,14871130,16.54249382019043
1998-09-02,24.034278869628906,24.927814483642578,23.96133804321289,24.435457229614258,7720210,16.89553451538086
1998-09-03,23.924867630004883,23.924867630004883,21.60896873474121,22.53897476196289,13931681,15.584234237670898
1998-09-04,22.53897476196289,22.940153121948242,20.861316680908203,21.481321334838867,14809780,14.85294246673584
1998-09-08,23.633100509643555,23.633100509643555,22.28367805480957,23.341333389282227,15292014,16.139020919799805
1998-09-09,22.903682708740234,23.633100509643555,22.06485366821289,22.37485694885254,8168856,15.47075366973877
1998-09-10,20.861316680908203,21.116613388061523,19.840133666992188,20.277782440185547,19377813,14.020773887634277
1998-09-11,20.71543312072754,23.2866268157959,20.423667907714844,22.867212295532227,15588141,15.811192512512207
1998-09-14,23.48721694946289,24.19839859008789,23.359569549560547,23.833690643310547,10469325,16.47945785522461
1998-09-15,23.414274215698242,24.818401336669922,23.341333389282227,24.763696670532227,10073803,17.122486114501953
1998-09-16,25.055463790893555,25.82135009765625,24.836637496948242,25.401935577392578,12684451,17.56378936767578
1998-09-17,24.508399963378906,24.800167083740234,24.326045989990234,24.4719295501709,9529533,16.92074966430664
1998-09-18,24.909578323364258,24.909578323364258,24.216632843017578,24.65428352355957,7310979,17.046846389770508
1998-09-21,24.143692016601562,24.836637496948242,23.72427749633789,24.818401336669922,5879356,17.160306930541992
1998-09-22,24.800167083740234,24.927814483642578,23.633100509643555,23.70604133605957,9022964,16.39118194580078
1998-09-23,24.070749282836914,24.49016571044922,23.48721694946289,24.344280242919922,13738375,16.832496643066406
1998-09-24,23.778982162475586,24.034278869628906,22.466033935546875,23.122507095336914,14247001,15.987712860107422
1998-09-25,22.75779914855957,23.70604133605957,22.61191749572754,23.48721694946289,13198560,16.239885330200195
1998-09-28,23.596628189086914,24.508399963378906,23.560157775878906,24.216632843017578,10298298,16.744230270385742
1998-09-29,24.19839859008789,24.362516403198242,23.48721694946289,23.596628189086914,6744773,16.315532684326172
1998-09-30,22.903682708740234,23.450746536254883,21.88249969482422,22.648387908935547,12530218,15.659889221191406
1998-10-01,22.028383255004883,22.30191421508789,21.007200241088867,21.44485092163086,11065349,14.82772445678711
1998-10-02,21.517791748046875,21.88249969482422,20.788375854492188,21.700145721435547,11887924,15.004241943359375
1998-10-05,21.44485092163086,21.572498321533203,20.533079147338867,21.15308380126953,8792985,14.625984191894531
1998-10-06,21.700145721435547,21.991912841796875,20.642492294311523,20.71543312072754,9397578,14.323368072509766
1998-10-07,20.788375854492188,21.773088455200195,20.46013832092285,21.37190818786621,19542328,14.824272155761719
1998-10-08,20.73366928100586,21.335437774658203,19.54836654663086,21.116613388061523,14320347,14.647184371948242
1998-10-09,21.37190818786621,22.466033935546875,20.533079147338867,22.466033935546875,10435051,15.583184242248535
1998-10-12,23.341333389282227,23.7607479095459,23.104272842407227,23.26839256286621,8519822,16.139724731445312
1998-10-13,23.26839256286621,23.851924896240234,22.648387908935547,22.903682708740234,5252485,15.88676643371582
1998-10-14,22.83074188232422,24.581342697143555,22.739564895629883,23.596628189086914,9124414,16.367401123046875
1998-10-15,23.633100509643555,26.3684139251709,23.54192352294922,25.82135009765625,10594082,17.910552978515625
1998-10-16,25.967233657836914,26.259000778198242,25.14664077758789,25.930763244628906,13801782,17.986434936523438
1998-10-19,25.82135009765625,26.76959228515625,25.82135009765625,26.113117218017578,8600023,18.112934112548828
1998-10-20,26.113117218017578,26.98841667175293,26.113117218017578,26.167823791503906,8717925,18.15087127685547
1998-10-21,26.131351470947266,26.131351470947266,25.09193229675293,25.401935577392578,6929853,17.61962890625
1998-10-22,25.328994750976562,26.094881057739258,25.12840461730957,25.967233657836914,5039301,18.011751174926758
1998-10-23,25.967233657836914,25.967233657836914,25.401935577392578,25.56605339050293,4839826,17.733463287353516
1998-10-26,25.803115844726562,26.55076789855957,25.274288177490234,25.711938858032227,6725580,17.83465576171875
1998-10-27,25.8942928314209,26.879003524780273,25.183109283447266,25.36546516418457,9079173,17.594324111938477
1998-10-28,25.383699417114258,25.82135009765625,25.12840461730957,25.383699417114258,5325146,17.606979370117188
1998-10-29,25.328994750976562,25.474876403808594,24.818401336669922,25.000755310058594,7049811,17.341352462768555
1998-10-30,25.675466537475586,26.3684139251709,25.456642150878906,25.70281982421875,7490575,17.828323364257812
1998-11-02,26.404882431030273,26.9337100982666,26.04017448425293,26.806062698364258,6315663,18.59358024597168
1998-11-03,26.860769271850586,27.280183792114258,26.29547119140625,26.386648178100586,6131612,18.30265998840332
1998-11-04,26.915475845336914,27.553714752197266,26.806062698364258,27.426067352294922,8866332,19.023639678955078
1998-11-05,27.280183792114258,27.717832565307617,26.951946258544922,27.68136215209961,5625728,19.20071029663086
1998-11-06,27.68136215209961,28.447250366210938,27.663127899169922,28.39254379272461,5015995,19.69400978088379
1998-11-09,28.465484619140625,28.57489776611328,27.517244338989258,27.68136215209961,6739289,19.20071029663086
1998-11-10,27.353124618530273,27.426067352294922,27.061357498168945,27.15253448486328,5681252,18.83390235900879
1998-11-11,27.571950912475586,27.954893112182617,26.897239685058594,27.00665283203125,5665486,18.732715606689453
1998-11-12,27.024887084960938,27.20724105834961,26.55076789855957,26.951946258544922,3892151,18.69477081298828
1998-11-13,27.024887084960938,27.827245712280273,27.024887084960938,27.590185165405273,3202559,19.137474060058594
1998-11-16,28.264896392822266,28.62960433959961,28.082542419433594,28.283130645751953,6021935,19.618114471435547
1998-11-17,28.301366806030273,29.79667091369629,28.228424072265625,28.994312286376953,9206329,20.11142349243164
1998-11-18,28.994312286376953,29.814905166625977,28.739017486572266,29.79667091369629,5982863,20.667959213256836
1998-11-19,29.851377487182617,30.03373146057129,29.486669540405273,29.57784652709961,4307209,20.51617431640625
1998-11-20,29.869613647460938,30.854324340820312,29.869613647460938,30.50785255432129,5976694,21.1612548828125
1998-11-23,30.817853927612305,31.820802688598633,30.65373420715332,31.784330368041992,6138810,22.046661376953125
1998-11-24,30.67197036743164,31.109621047973633,30.43490982055664,30.45314598083496,7017251,21.123310089111328
1998-11-25,30.48961639404297,30.781383514404297,30.070201873779297,30.21608543395996,4495030,20.958879470825195
1998-11-27,30.325498580932617,30.380203247070312,30.05196762084961,30.179615020751953,1412773,20.933578491210938
1998-11-30,29.906082153320312,30.161378860473633,29.194902420043945,29.194902420043945,4371301,20.250547409057617
1998-12-01,28.921371459960938,29.176666259765625,28.39254379272461,28.994312286376953,5208957,20.11142349243164
1998-12-02,28.957841873168945,29.669023513793945,28.884899139404297,29.395492553710938,4348680,20.389698028564453
1998-12-03,29.32254981994629,29.468433380126953,28.009599685668945,28.191953659057617,5292585,19.554874420166016
1998-12-04,28.520191192626953,28.775487899780273,28.301366806030273,28.775487899780273,5069119,19.95964241027832
1998-12-07,28.957841873168945,29.468433380126953,28.81195831298828,29.231372833251953,2932480,20.275854110717773
1998-12-08,29.10372543334961,29.158430099487305,28.13724708557129,28.301366806030273,4048441,19.630765914916992
1998-12-09,28.009599685668945,28.264896392822266,27.954893112182617,28.191953659057617,5628127,19.554874420166016
1998-12-10,28.191953659057617,28.501956939697266,28.082542419433594,28.33783721923828,3373243,19.656064987182617
1998-12-11,28.264896392822266,28.264896392822266,27.079593658447266,27.353124618530273,6672112,18.973033905029297
1998-12-14,26.98841667175293,27.608421325683594,26.623708724975586,26.6966495513916,4656118,18.517696380615234
1998-12-15,26.98841667175293,27.6448917388916,26.860769271850586,27.6448917388916,4667086,19.17542266845703
1998-12-16,27.790775299072266,27.845481872558594,27.043123245239258,27.280183792114258,3050383,18.922443389892578
1998-12-17,27.608421325683594,28.884899139404297,27.590185165405273,28.775487899780273,6859934,19.95964241027832
1998-12-18,28.884899139404297,29.377256393432617,28.538427352905273,29.3043155670166,6665943,20.326454162597656
1998-12-21,29.340784072875977,30.143144607543945,29.3043155670166,29.395492553710938,3879127,20.389698028564453
1998-12-22,29.687257766723633,29.924318313598633,29.468433380126953,29.650787353515625,2408089,20.566768646240234
1998-12-23,29.669023513793945,30.325498580932617,29.468433380126953,30.161378860473633,3077459,20.920934677124023
1998-12-24,30.161378860473633,30.580793380737305,30.01549530029297,30.161378860473633,1347309,20.920934677124023
1998-12-28,30.143144607543945,30.161378860473633,29.687257766723633,29.74196434020996,1983092,20.630016326904297
1998-12-29,29.74196434020996,30.781383514404297,29.72372817993164,30.635499954223633,3038730,21.249797821044922
1998-12-30,30.635499954223633,30.890796661376953,30.416675567626953,30.580793380737305,2317263,21.211854934692383
1998-12-31,30.599029541015625,30.70844268798828,29.833141326904297,29.906082153320312,2528733,20.743846893310547
1999-01-04,29.833141326904297,30.635499954223633,29.614316940307617,29.614316940307617,3541186,20.541479110717773
1999-01-05,29.468433380126953,29.596080780029297,28.84842872619629,29.04901885986328,5736090,20.14936065673828
1999-01-06,29.76020050048828,30.398439407348633,29.413726806640625,30.23432159423828,5971210,21.019031524658203
1999-01-07,29.76020050048828,30.74491310119629,29.74196434020996,30.599029541015625,5833429,21.272581100463867
1999-01-08,31.14609146118164,31.766096115112305,30.799619674682617,31.529035568237305,5544499,21.919126510620117
1999-01-11,31.255504608154297,31.693153381347656,29.906082153320312,31.000207901000977,5257626,21.55148696899414
1999-01-12,30.781383514404297,30.799619674682617,29.669023513793945,29.869613647460938,3566549,20.765480041503906
1999-01-13,28.884899139404297,29.32254981994629,28.739017486572266,28.79372215270996,4947447,20.01752471923828
1999-01-14,28.81195831298828,29.28607940673828,27.68136215209961,28.009599685668945,6304696,19.47239875793457
1999-01-15,28.283130645751953,30.45314598083496,28.264896392822266,30.45314598083496,7785331,21.171159744262695
1999-01-19,30.562557220458984,30.617265701293945,29.158430099487305,29.32254981994629,6290643,20.385164260864258
1999-01-20,29.468433380126953,31.000207901000977,29.28607940673828,29.76020050048828,6136753,20.68941307067871
1999-01-21,29.906082153320312,30.143144607543945,28.903135299682617,29.906082153320312,5215126,20.790836334228516
1999-01-22,29.468433380126953,29.50490379333496,28.5931339263916,28.739017486572266,6147378,19.9794921875
1999-01-25,28.884899139404297,29.614316940307617,28.520191192626953,29.614316940307617,6183366,20.58800506591797
1999-01-26,29.632551193237305,29.76020050048828,29.194902420043945,29.687257766723633,4574203,20.638702392578125
1999-01-27,29.906082153320312,30.25255584716797,28.994312286376953,29.012548446655273,4818234,20.169649124145508
1999-01-28,29.04901885986328,29.54137420654297,28.884899139404297,29.3043155670166,4969039,20.372488021850586
1999-01-29,29.3043155670166,30.23432159423828,29.06725311279297,30.01549530029297,4955330,20.86690902709961
1999-02-01,30.343732833862305,30.43490982055664,29.377256393432617,29.395492553710938,3201531,20.43587875366211
1999-02-02,29.10372543334961,29.231372833251953,28.61136817932129,29.08548927307129,4254084,20.220359802246094
1999-02-03,29.04901885986328,29.468433380126953,28.39254379272461,29.32254981994629,6388324,20.385164260864258
1999-02-04,29.468433380126953,30.01549530029297,29.03078269958496,29.24960708618164,6392780,20.334455490112305
1999-02-05,29.10372543334961,29.213138580322266,28.37430763244629,28.62960433959961,5918428,19.903417587280273
1999-02-08,28.884899139404297,29.012548446655273,28.1190128326416,28.31960105895996,5049583,19.68790626525879
1999-02-09,28.009599685668945,28.39254379272461,27.827245712280273,27.991365432739258,6643665,19.459718704223633
1999-02-10,28.009599685668945,28.301366806030273,27.754304885864258,28.228424072265625,4358963,19.624515533447266
1999-02-11,28.228424072265625,29.72372817993164,28.228424072265625,29.468433380126953,5204501,20.4865779876709
1999-02-12,29.450197219848633,29.72372817993164,28.79372215270996,29.158430099487305,3957272,20.27106475830078
1999-02-16,29.468433380126953,30.325498580932617,29.450197219848633,29.814905166625977,4891923,20.727447509765625
1999-02-17,29.76020050048828,30.854324340820312,29.50490379333496,29.960790634155273,6048326,20.82887077331543
1999-02-18,30.124908447265625,30.307262420654297,29.687257766723633,29.942554473876953,6288244,20.816200256347656
1999-02-19,29.76020050048828,30.72667694091797,29.76020050048828,30.106672286987305,5661716,20.930288314819336
1999-02-22,29.97902488708496,31.802566528320312,29.97902488708496,31.65668296813965,6582657,22.00786590576172
1999-02-23,32.221981048583984,32.86022186279297,31.583742141723633,32.56845474243164,10282532,22.641735076904297
1999-02-24,32.6778678894043,33.02434158325195,31.38315200805664,31.41962242126465,6199474,21.843055725097656
1999-02-25,31.364917755126953,31.492565155029297,30.48961639404297,31.474328994750977,4800069,21.88109016418457
1999-02-26,31.547271728515625,31.802566528320312,31.14609146118164,31.65668296813965,8066035,22.00786590576172
1999-03-01,32.09433364868164,32.56845474243164,31.802566528320312,32.531982421875,8399177,22.616371154785156
1999-03-02,32.057861328125,32.896690368652344,31.948450088500977,32.00315475463867,6817777,22.248735427856445
1999-03-03,32.09433364868164,32.2037467956543,31.291975021362305,31.45609474182129,5442363,21.868408203125
1999-03-04,32.021392822265625,33.04257583618164,31.91197967529297,32.96963119506836,7492631,22.920629501342773
1999-03-05,33.844932556152344,34.64729309082031,33.62610626220703,34.61082077026367,8706272,24.061586380004883
1999-03-08,34.2825813293457,34.428466796875,33.844932556152344,34.00905227661133,5628470,23.64324378967285
1999-03-09,33.844932556152344,34.939056396484375,33.844932556152344,34.501407623291016,5303553,23.985515594482422
1999-03-10,34.793174743652344,35.19435501098633,34.2825813293457,34.319053649902344,4430252,23.858753204345703
1999-03-11,34.501407623291016,36.03318405151367,34.44670104980469,36.03318405151367,7227351,25.050432205200195
1999-03-12,35.741416931152344,37.273193359375,35.52259063720703,36.835540771484375,8531818,25.608232498168945
1999-03-15,36.85377883911133,37.45554733276367,36.397891998291016,36.689659118652344,5919799,25.50682258605957
1999-03-16,36.72612762451172,36.98142623901367,35.90553665161133,36.05141830444336,5214784,25.063106536865234
1999-03-17,35.59553146362305,35.887298583984375,35.012001037597656,35.28553009033203,4593397,24.530662536621094
1999-03-18,35.741416931152344,37.23672103881836,35.66847610473633,37.23672103881836,6782475,25.88712501525879
1999-03-19,37.747314453125,37.820255279541016,35.741416931152344,35.923770904541016,8540043,24.9743709564209
1999-03-22,35.90553665161133,36.324951171875,35.7049446105957,35.850830078125,3743745,24.923648834228516
1999-03-23,35.59553146362305,35.723182678222656,34.72023391723633,35.39494323730469,5881755,24.606718063354492
1999-03-24,35.4678840637207,35.486122131347656,33.93611145019531,34.17317199707031,6268365,23.757347106933594
1999-03-25,34.81140899658203,35.777889251708984,34.7567024230957,35.741416931152344,4900491,24.847572326660156
1999-03-26,35.303768157958984,35.65024185180664,34.975528717041016,35.2308235168457,3904833,24.49262237548828
1999-03-29,35.303768157958984,36.28847885131836,35.303768157958984,35.978477478027344,4280818,25.012407302856445
1999-03-30,35.34023666381836,36.14259719848633,35.32200241088867,35.449649810791016,3785559,24.689796447753906
1999-03-31,35.66847610473633,35.81435775756836,34.2825813293457,34.355525970458984,5128070,23.927764892578125
1999-04-01,34.939056396484375,35.540828704833984,34.537879943847656,35.303768157958984,5521535,24.588191986083984
1999-04-05,35.777889251708984,36.634952545166016,35.66847610473633,36.598480224609375,5433109,25.489938735961914
1999-04-06,36.598480224609375,36.598480224609375,35.66847610473633,35.960243225097656,4431966,25.045419692993164
1999-04-07,35.923770904541016,37.01789474487305,35.923770904541016,36.8902473449707,5608249,25.693134307861328
1999-04-08,37.20024871826172,38.00260925292969,37.05436706542969,37.273193359375,6350280,25.959840774536133
1999-04-09,37.20024871826172,37.747314453125,36.34318542480469,37.45554733276367,3782817,26.08686637878418
1999-04-12,37.20024871826172,39.589088439941406,37.01789474487305,39.4979133605957,7869987,27.509313583374023
1999-04-13,39.242618560791016,40.592037200927734,38.95085144042969,40.40968322753906,8732320,28.14434814453125
1999-04-14,40.33674240112305,40.829097747802734,39.60732650756836,39.826148986816406,8967440,27.737905502319336
1999-04-15,39.57085418701172,39.62556076049805,36.94495391845703,39.00555419921875,10198903,27.166383743286133
1999-04-16,38.65908432006836,38.65908432006836,37.43730926513672,37.89319610595703,6823603,26.391672134399414
1999-04-19,38.0755500793457,38.586143493652344,36.70789337158203,36.799072265625,6397921,25.62964630126953
1999-04-20,36.799072265625,37.92966842651367,36.689659118652344,37.20024871826172,4576945,25.909053802490234
1999-04-21,37.23672103881836,39.352027893066406,37.23672103881836,39.352027893066406,5614075,27.407705307006836
1999-04-22,39.33379364013672,41.61322021484375,38.95085144042969,40.02674102783203,11221981,27.877620697021484
1999-04-23,40.04497528076172,40.55556869506836,38.695552825927734,39.4979133605957,5300468,27.509313583374023
1999-04-26,39.57085418701172,39.66202926635742,38.95085144042969,39.18790817260742,4940935,27.29340171813965
1999-04-27,39.38850021362305,40.55556869506836,39.0237922668457,40.48262405395508,5056438,28.19513511657715
1999-04-28,40.55556869506836,40.55556869506836,38.7867317199707,38.82320022583008,4187250,27.039400100708008
1999-04-29,39.680267333984375,40.09968185424805,39.38850021362305,39.4979133605957,5094825,27.509313583374023
1999-04-30,39.42497253417969,39.66202926635742,37.65613555908203,38.13025665283203,4819947,26.5567626953125
1999-05-03,37.637901306152344,39.13320541381836,37.637901306152344,38.91437911987305,4407974,27.102907180786133
1999-05-04,38.768497467041016,38.768497467041016,37.09083938598633,37.09083938598633,6026048,25.832834243774414
1999-05-05,37.23672103881836,38.0755500793457,36.70789337158203,37.747314453125,6345824,26.290069580078125
1999-05-06,37.6014289855957,38.640846252441406,37.01789474487305,38.221431732177734,6422598,26.62027359008789
1999-05-07,38.768497467041016,39.38850021362305,38.33084487915039,39.29732131958008,6523363,27.369606018066406
1999-05-10,39.09673309326172,39.46144104003906,38.03907775878906,38.221431732177734,3969610,26.62027359008789
1999-05-11,38.23966979980469,38.98731994628906,37.29142761230469,37.29142761230469,5564378,25.972553253173828
1999-05-12,37.20024871826172,37.20024871826172,36.54377365112305,36.76259994506836,9759511,25.60424041748047
1999-05-13,36.76259994506836,36.90848159790039,36.10612487792969,36.397891998291016,6153890,25.35022735595703
1999-05-14,35.741416931152344,35.887298583984375,34.72023391723633,35.303768157958984,8070833,24.588191986083984
1999-05-17,35.012001037597656,35.777889251708984,34.57434844970703,35.486122131347656,7481321,24.715198516845703
1999-05-18,35.887298583984375,36.47083282470703,35.449649810791016,36.28847885131836,7896721,25.274030685424805
1999-05-19,36.1790657043457,36.434364318847656,35.686710357666016,36.434364318847656,5651777,25.375635147094727
1999-05-20,36.47083282470703,36.58024597167969,35.99671173095703,35.99671173095703,4799383,25.070817947387695
1999-05-21,35.63200378417969,35.81435775756836,34.72023391723633,35.08494186401367,4916943,24.435791015625
1999-05-24,35.012001037597656,35.012001037597656,34.00905227661133,34.081993103027344,6321833,23.737262725830078
1999-05-25,34.081993103027344,35.08494186401367,33.407283782958984,33.407283782958984,4988233,23.267343521118164
1999-05-26,33.553165435791016,35.61376953125,33.553165435791016,34.88435363769531,6427739,24.296085357666016
1999-05-27,35.15788269042969,35.540828704833984,33.954345703125,34.10022735595703,7404204,23.749967575073242
1999-05-28,34.13669967651367,35.43141555786133,34.13669967651367,35.32200241088867,5618531,24.60089683532715
1999-06-01,35.2308235168457,35.2308235168457,34.24611282348633,34.48317337036133,7030961,24.016674041748047
1999-06-02,34.57434844970703,34.70199966430664,33.553165435791016,34.556114196777344,5657260,24.067476272583008
1999-06-03,34.556114196777344,35.486122131347656,34.556114196777344,35.486122131347656,5238090,24.715198516845703
1999-06-04,35.449649810791016,36.54377365112305,35.376708984375,36.54377365112305,4412773,25.451833724975586
1999-06-07,36.98142623901367,37.51025390625,36.835540771484375,37.346134185791016,4836742,26.010656356811523
1999-06-08,37.49201583862305,37.747314453125,37.23672103881836,37.637901306152344,4782932,26.2138729095459
1999-06-09,37.6014289855957,37.6014289855957,36.215538024902344,36.50730514526367,4237976,25.426429748535156
1999-06-10,36.324951171875,36.324951171875,35.19435501098633,35.923770904541016,3797555,25.020015716552734
1999-06-11,35.9420051574707,36.47083282470703,34.7567024230957,35.45876693725586,5409802,24.696157455444336
1999-06-14,35.012001037597656,35.15788269042969,34.41023254394531,34.501407623291016,3872615,24.02936363220215
1999-06-15,34.68376159667969,35.12141418457031,34.61082077026367,34.738468170166016,3989489,24.194480895996094
1999-06-16,35.59553146362305,36.324951171875,35.55906295776367,36.1790657043457,5688792,25.19780921936035
1999-06-17,36.324951171875,37.01789474487305,36.215538024902344,36.689659118652344,4859020,25.55344581604004
1999-06-18,36.76259994506836,37.05436706542969,36.215538024902344,36.37965774536133,5516394,25.337514877319336
1999-06-21,36.58024597167969,37.05436706542969,36.324951171875,36.85377883911133,3762938,25.667743682861328
1999-06-22,36.85377883911133,36.96318817138672,36.28847885131836,36.397891998291016,3092197,25.35022735595703
1999-06-23,36.30671310424805,36.30671310424805,35.61376953125,35.777889251708984,3917171,24.918413162231445
1999-06-24,35.850830078125,36.03318405151367,34.7567024230957,35.012001037597656,4454587,24.38498878479004
1999-06-25,35.449649810791016,36.10612487792969,35.2308235168457,35.723182678222656,3817434,24.880308151245117
1999-06-28,36.397891998291016,36.926719665527344,36.1790657043457,36.54377365112305,4731178,25.451833724975586
1999-06-29,36.56201171875,37.20024871826172,36.160831451416016,37.18201446533203,3996344,25.896339416503906
1999-06-30,37.163780212402344,38.98731994628906,36.634952545166016,37.96613693237305,11022164,26.48945426940918
1999-07-01,38.36731719970703,38.877906799316406,37.747314453125,38.84143829345703,7013481,27.10015296936035
1999-07-02,38.91437911987305,40.40968322753906,38.877906799316406,40.154388427734375,5329944,28.01620864868164
1999-07-06,39.9720344543457,40.84733200073242,39.716739654541016,40.33674240112305,5274077,28.143442153930664
1999-07-07,39.9720344543457,40.318504333496094,39.33379364013672,39.60732650756836,4759283,27.634525299072266
1999-07-08,39.42497253417969,39.880855560302734,38.71379089355469,39.0237922668457,5924597,27.22738265991211
1999-07-09,39.242618560791016,39.38850021362305,38.36731719970703,38.95085144042969,4593397,27.17648696899414
1999-07-12,39.09673309326172,39.78968048095703,38.877906799316406,39.46144104003906,5336113,27.532743453979492
1999-07-13,38.91437911987305,39.80791473388672,38.7867317199707,38.84143829345703,3966183,27.10015296936035
1999-07-14,39.060264587402344,39.07849884033203,38.36731719970703,38.36731719970703,3191934,26.76935577392578
1999-07-15,38.80496597290039,39.352027893066406,38.7867317199707,39.169673919677734,4911116,27.32916259765625
1999-07-16,39.169673919677734,39.716739654541016,38.62261199951172,39.643795013427734,4106364,27.65996742248535
1999-07-19,39.680267333984375,40.774391174316406,39.60732650756836,40.61027145385742,5678167,28.33428955078125
1999-07-20,40.51909637451172,41.12086486816406,38.84143829345703,39.04202651977539,7752770,27.2401065826416
1999-07-21,38.969085693359375,39.78968048095703,38.62261199951172,39.09673309326172,4903919,27.278287887573242
1999-07-22,38.65908432006836,40.33674240112305,38.51319885253906,39.9720344543457,8004684,27.88898468017578
1999-07-23,39.9720344543457,40.37321472167969,39.29732131958008,39.55261993408203,5891009,27.596357345581055
1999-07-26,39.169673919677734,40.22732925415039,38.84143829345703,39.826148986816406,5667543,27.787179946899414
1999-07-27,40.33674240112305,41.8685188293457,39.9720344543457,41.540279388427734,10285274,28.98316764831543
1999-07-28,40.99321746826172,42.014400482177734,40.99321746826172,41.21204376220703,9349252,28.754161834716797
1999-07-29,40.66497802734375,40.71968460083008,39.352027893066406,40.42791748046875,7482349,28.207059860229492
1999-07-30,40.154388427734375,40.17262268066406,38.27613830566406,38.44025802612305,6531932,26.82024383544922
1999-08-02,38.51319885253906,39.60732650756836,37.874961853027344,37.94790267944336,8751857,26.47673225402832
1999-08-03,38.14849090576172,38.36731719970703,36.76259994506836,36.96318817138672,8694619,25.789670944213867
1999-08-04,37.1273078918457,37.89319610595703,35.81435775756836,36.03318405151367,8572261,25.14080238342285
1999-08-05,36.54377365112305,37.20024871826172,35.55906295776367,37.09083938598633,8010168,25.878726959228516
1999-08-06,36.61671829223633,37.05436706542969,35.59553146362305,35.90553665161133,8097909,25.05173110961914
1999-08-09,35.90553665161133,36.90848159790039,35.66847610473633,36.47083282470703,7429567,25.446157455444336
1999-08-10,36.215538024902344,36.72612762451172,35.90553665161133,36.324951171875,7872387,25.344362258911133
1999-08-11,36.72612762451172,37.38260269165039,36.47083282470703,37.05436706542969,7139267,25.853296279907227
1999-08-12,37.56495666503906,38.586143493652344,37.45554733276367,37.85672378540039,5777219,26.413116455078125
1999-08-13,38.95085144042969,39.352027893066406,38.84143829345703,39.29732131958008,6110019,27.41823387145996
1999-08-16,39.29732131958008,39.680267333984375,38.91437911987305,39.643795013427734,4998858,27.65996742248535
1999-08-17,40.33674240112305,41.02968978881836,40.26380157470703,40.9202766418457,8167143,28.55057716369629
1999-08-18,40.70145034790039,40.70145034790039,39.844383239746094,40.04497528076172,4752428,27.939878463745117
1999-08-19,39.38850021362305,40.66497802734375,39.38850021362305,40.40968322753906,6129556,28.194345474243164
1999-08-20,40.55556869506836,41.79557418823242,40.55556869506836,41.68616485595703,5884497,29.084972381591797
1999-08-23,42.014400482177734,42.94440460205078,42.014400482177734,42.70734786987305,7397007,29.797460556030273
1999-08-24,42.70734786987305,43.94735336303711,42.452049255371094,43.144996643066406,11421456,30.10280990600586
1999-08-25,42.160282135009766,43.01734924316406,41.485572814941406,42.962642669677734,10492631,29.975584030151367
1999-08-26,43.436763763427734,43.819705963134766,42.74381637573242,42.94440460205078,6527476,29.962841033935547
1999-08-27,42.871463775634766,42.871463775634766,41.99616622924805,42.196754455566406,5355992,29.441207885742188
1999-08-30,42.214988708496094,42.32440185546875,40.73792266845703,40.75615692138672,7503256,28.43607521057129
1999-08-31,41.13909912109375,41.13909912109375,39.78968048095703,40.117916107177734,7906318,27.990774154663086
1999-09-01,40.55556869506836,40.66497802734375,39.826148986816406,40.55556869506836,5829316,28.296131134033203
1999-09-02,39.826148986816406,40.02674102783203,38.95085144042969,39.643795013427734,7617388,27.65996742248535
1999-09-03,40.73792266845703,41.61322021484375,40.66497802734375,41.43086624145508,7880955,28.906822204589844
1999-09-07,41.35792541503906,41.576751708984375,40.865570068359375,41.17557144165039,3579573,28.728710174560547
1999-09-08,40.628509521484375,41.83204650878906,40.33674240112305,40.33674240112305,7513538,28.143442153930664
1999-09-09,40.37321472167969,40.70145034790039,39.844383239746094,40.4461555480957,5355307,28.21975326538086
1999-09-10,41.066158294677734,41.576751708984375,40.774391174316406,40.84733200073242,5644236,28.499683380126953
1999-09-13,40.55556869506836,41.21204376220703,40.48262405395508,40.9202766418457,3495259,28.55057716369629
1999-09-14,40.70145034790039,40.70145034790039,39.89909362792969,40.66497802734375,4613961,28.372467041015625
1999-09-15,40.6832160949707,41.011451721191406,39.78968048095703,40.00850296020508,7364789,27.91442108154297
1999-09-16,39.880855560302734,40.40968322753906,39.0237922668457,39.826148986816406,8247687,27.787179946899414
1999-09-17,40.26380157470703,41.266746520996094,40.26380157470703,40.81086349487305,6732435,28.474260330200195
1999-09-20,40.71968460083008,40.774391174316406,40.48262405395508,40.61027145385742,2925283,28.33428955078125
1999-09-21,40.37321472167969,40.51909637451172,39.9720344543457,40.19085693359375,5844053,28.041667938232422
1999-09-22,40.17262268066406,40.33674240112305,39.31555938720703,39.80791473388672,6624472,27.774471282958984
1999-09-23,39.9720344543457,40.42791748046875,39.114967346191406,39.4979133605957,7065578,27.558181762695312
1999-09-24,39.2608528137207,40.04497528076172,39.2608528137207,39.78968048095703,6201188,27.761749267578125
1999-09-27,40.154388427734375,40.40968322753906,39.31555938720703,39.38850021362305,5467725,27.48184585571289
1999-09-28,39.169673919677734,40.04497528076172,38.18496322631836,39.62556076049805,9191591,27.64725685119629
1999-09-29,39.38850021362305,39.443206787109375,38.82320022583008,38.969085693359375,4896378,27.1892032623291
1999-09-30,39.169673919677734,39.643795013427734,38.7867317199707,39.38850021362305,6095624,27.48184585571289
1999-10-01,38.80496597290039,38.932613372802734,38.00260925292969,38.33084487915039,6968582,26.74390983581543
1999-10-04,38.42202377319336,40.28203582763672,38.42202377319336,40.13615036010742,6095624,28.003488540649414
1999-10-05,40.99321746826172,42.196754455566406,40.28203582763672,41.04792404174805,13138924,28.63965606689453
1999-10-06,41.04792404174805,42.76205062866211,41.04792404174805,42.74381637573242,10375414,29.870664596557617
1999-10-07,42.689109802246094,43.03558349609375,42.160282135009766,42.56146240234375,9105907,29.743223190307617
1999-10-08,42.34263610839844,43.72853088378906,42.23322677612305,43.673824310302734,6893179,30.52058982849121
1999-10-11,43.60087966918945,43.619117736816406,42.88970184326172,43.436763763427734,4415172,30.354902267456055
1999-10-12,43.03558349609375,43.18146514892578,42.34263610839844,42.37910842895508,5033817,29.615798950195312
1999-10-13,42.37910842895508,42.37910842895508,41.15733337402344,41.43086624145508,6496287,28.953142166137695
1999-10-14,41.35792541503906,41.576751708984375,40.28203582763672,41.43086624145508,8147949,28.953142166137695
1999-10-15,40.48262405395508,40.500858306884766,39.09673309326172,39.38850021362305,10708214,27.525867462158203
1999-10-18,39.242618560791016,40.33674240112305,38.95085144042969,40.22732925415039,11314178,28.112060546875
1999-10-19,41.43086624145508,41.68616485595703,40.6832160949707,40.81086349487305,8836856,28.519855499267578
1999-10-20,41.576751708984375,42.28792953491211,40.93851089477539,42.23322677612305,5281960,29.513866424560547
1999-10-21,41.83204650878906,42.54322814941406,41.23027801513672,42.26969528198242,6132640,29.539344787597656
1999-10-22,42.74381637573242,43.71029281616211,42.59793472290039,43.36381912231445,6600823,30.303951263427734
1999-10-25,42.79852294921875,43.09029006958008,41.68616485595703,41.83204650878906,8777562,29.23349380493164
1999-10-26,41.722633361816406,42.70734786987305,41.248512268066406,42.23322677612305,10219468,29.513866424560547
1999-10-27,42.160282135009766,44.348533630371094,42.160282135009766,43.94735336303711,9538101,30.711732864379883
1999-10-28,45.51559829711914,46.97443389892578,45.479129791259766,46.97443389892578,16872044,32.8271484375
1999-10-29,45.80736541748047,46.37266540527344,44.348533630371094,44.93206787109375,16878213,31.399892807006836
1999-11-01,43.76499938964844,44.093238830566406,43.32735061645508,43.47323226928711,10564264,30.380416870117188
1999-11-02,43.546173095703125,44.2026481628418,42.907936096191406,43.03558349609375,8391294,30.07455825805664
1999-11-03,43.03558349609375,43.29087829589844,42.488521575927734,42.88970184326172,8193534,29.972614288330078
1999-11-04,43.18146514892578,43.92911911010742,42.57969665527344,42.689109802246094,7455615,29.83245086669922
1999-11-05,43.76499938964844,44.12970733642578,43.25440979003906,43.69205856323242,6085685,30.53333282470703
1999-11-08,43.94735336303711,43.94735336303711,42.670875549316406,42.871463775634766,6450017,29.959861755371094
1999-11-09,43.03558349609375,43.29087829589844,42.34263610839844,42.61616897583008,7682166,29.781469345092773
1999-11-10,42.61616897583008,43.18146514892578,42.23322677612305,42.30616760253906,7259225,29.564817428588867
1999-11-11,42.54322814941406,42.85322952270508,42.03263473510742,42.524993896484375,7067634,29.717748641967773
1999-11-12,43.32735061645508,45.22383117675781,43.21793746948242,45.005008697509766,7843939,31.450876235961914
1999-11-15,45.22383117675781,46.06266403198242,44.95030212402344,45.880306243896484,7070033,32.06254196166992
1999-11-16,46.245018005371094,46.75560760498047,45.278541564941406,46.536781311035156,9154233,32.52130126953125
1999-11-17,46.0991325378418,46.245018005371094,45.11442184448242,45.11442184448242,4486119,31.527307510375977
1999-11-18,45.66148376464844,45.880306243896484,45.1508903503418,45.18736267089844,6590883,31.578290939331055
1999-11-19,45.296775817871094,45.770896911621094,45.11442184448242,45.22383117675781,3885296,31.603784561157227
1999-11-22,45.07794952392578,45.64324951171875,44.85912322998047,45.146331787109375,3998743,31.54961585998535
1999-11-23,45.18736267089844,45.84383773803711,44.93206787109375,45.36971664428711,5608934,31.70572853088379
1999-11-24,45.22383117675781,45.296775817871094,44.64030075073242,44.64030075073242,3246773,31.19598960876465
1999-11-26,44.93206787109375,45.02324295043945,44.530887603759766,44.530887603759766,1143037,31.119510650634766
1999-11-29,44.23912048339844,44.23912048339844,42.962642669677734,43.12675857543945,5056438,30.138282775878906
1999-11-30,43.18146514892578,44.822654724121094,43.18146514892578,44.08412170410156,6421570,30.807310104370117
1999-12-01,43.76499938964844,44.78618240356445,43.546173095703125,44.56735610961914,5014281,31.145015716552734
1999-12-02,44.93206787109375,45.1508903503418,44.348533630371094,44.77250671386719,4170456,31.288362503051758
1999-12-03,45.80736541748047,46.51854705810547,45.58854293823242,45.880306243896484,5294985,32.06254196166992
1999-12-06,45.80736541748047,46.354427337646484,45.46089553833008,45.8620719909668,4376100,32.0498161315918
1999-12-07,46.17207336425781,46.664432525634766,45.60677719116211,46.354427337646484,5984577,32.393863677978516
1999-12-08,46.245018005371094,46.79207992553711,45.80736541748047,46.17207336425781,4095053,32.26644515991211
1999-12-09,46.190311431884766,47.485023498535156,46.190311431884766,46.627960205078125,6647778,32.585018157958984
1999-12-10,47.19325637817383,49.2720947265625,46.99266815185547,48.9438591003418,8087970,34.203453063964844
1999-12-13,49.12621307373047,49.12621307373047,47.9956169128418,48.524444580078125,6142580,33.91033935546875
1999-12-14,47.70384979248047,47.94091033935547,46.828548431396484,46.828548431396484,5542785,32.725189208984375
1999-12-15,46.68266677856445,46.97443389892578,46.13560485839844,46.153839111328125,5426939,32.25370407104492
1999-12-16,45.8620719909668,45.8620719909668,44.23912048339844,44.530887603759766,8383754,31.119510650634766
1999-12-17,45.16912841796875,45.57030487060547,44.74971389770508,45.26030349731445,9532960,31.629274368286133
1999-12-20,45.66148376464844,45.97148513793945,44.6767692565918,45.29221725463867,4604364,31.65155601501465
1999-12-21,44.85912322998047,46.664432525634766,44.56735610961914,46.04442596435547,7574889,32.177249908447266
1999-12-22,45.97148513793945,46.17207336425781,45.33324432373047,45.33324432373047,2708671,31.680234909057617
1999-12-23,45.33324432373047,46.627960205078125,45.33324432373047,46.46384048461914,2968468,32.47032928466797
1999-12-27,46.482078552246094,47.41208267211914,46.17207336425781,46.17207336425781,3095624,32.26644515991211
1999-12-28,46.31795883178711,47.7585563659668,46.26325225830078,47.19325637817383,3937736,32.980064392089844
1999-12-29,47.41208267211914,48.54267883300781,47.375614166259766,48.287384033203125,3229293,33.744686126708984
1999-12-30,48.287384033203125,49.01679992675781,48.06855773925781,48.36032485961914,2989375,33.795650482177734
1999-12-31,48.287384033203125,49.01679992675781,48.287384033203125,48.50620651245117,1164972,33.897605895996094
2000-01-03,47.9956169128418,47.9956169128418,45.51559829711914,45.880306243896484,6471267,32.06254196166992
2000-01-04,45.31501007080078,45.479129791259766,43.50970458984375,44.147945404052734,10440877,30.851917266845703
2000-01-05,43.910884857177734,44.6767692565918,42.962642669677734,42.962642669677734,8646293,30.068296432495117
2000-01-06,42.452049255371094,44.45794677734375,42.452049255371094,43.83794021606445,10990975,30.68090057373047
2000-01-07,43.98382568359375,44.78618240356445,43.32735061645508,44.47618103027344,6016452,31.12759017944336
2000-01-10,44.64030075073242,45.679718017578125,44.31206130981445,45.09618377685547,4906318,31.561504364013672
2000-01-11,45.04147720336914,46.68266677856445,44.85912322998047,45.51559829711914,7158460,31.85502815246582
2000-01-12,45.49736404418945,46.354427337646484,44.767948150634766,45.278541564941406,5816977,31.689138412475586
2000-01-13,45.66148376464844,46.17207336425781,45.005008697509766,45.51559829711914,5831029,31.85502815246582
2000-01-14,46.08089828491211,47.010902404785156,46.007957458496094,46.536781311035156,6290643,32.569725036621094
2000-01-18,46.0991325378418,46.0991325378418,44.2026481628418,44.22088623046875,5867703,30.94892692565918
2000-01-19,44.78618240356445,45.1508903503418,43.400291442871094,43.45499801635742,6608706,30.41288948059082
2000-01-20,43.83794021606445,45.11442184448242,43.29087829589844,44.175296783447266,11311093,30.916990280151367
2000-01-21,44.64030075073242,44.85912322998047,44.03853225708008,44.257354736328125,6310865,30.974424362182617
2000-01-24,45.005008697509766,46.0991325378418,43.94735336303711,44.348533630371094,10029933,31.03824806213379
2000-01-25,44.23912048339844,46.31795883178711,44.23912048339844,46.20854568481445,10150577,32.340030670166016
2000-01-26,46.68266677856445,47.86796951293945,46.536781311035156,46.60972595214844,13196847,32.620792388916016
2000-01-27,46.97443389892578,47.92267608642578,46.70090103149414,47.539730072021484,6235462,33.27165985107422
2000-01-28,47.010902404785156,47.339141845703125,46.02619171142578,46.17207336425781,7210556,32.314491271972656
2000-01-31,45.80736541748047,48.36032485961914,45.75265884399414,48.06855773925781,7406946,33.64179229736328
2000-02-01,48.013851165771484,49.45444869995117,47.79502868652344,49.30856704711914,9279676,34.50962829589844
2000-02-02,49.162681579589844,49.162681579589844,47.74032211303711,47.904441833496094,8956815,33.52693176269531
2000-02-03,47.9956169128418,48.287384033203125,46.865020751953125,47.5214958190918,7454930,33.25891876220703
2000-02-04,47.5214958190918,47.74032211303711,46.865020751953125,47.102081298828125,5155147,32.96537399291992
2000-02-07,47.102081298828125,47.813262939453125,46.956199645996094,47.39384841918945,4470696,33.1695556640625
2000-02-08,47.70384979248047,48.2326774597168,47.485023498535156,47.55796813964844,5268594,33.28445053100586
2000-02-09,47.5214958190918,47.5214958190918,45.22383117675781,45.679718017578125,7182109,31.96991539001465
2000-02-10,45.69795227050781,46.536781311035156,44.822654724121094,45.07794952392578,5986290,31.548736572265625
2000-02-11,45.22383117675781,46.11737060546875,44.330299377441406,44.78618240356445,6520964,31.344539642333984
2000-02-14,44.78618240356445,46.08089828491211,44.78618240356445,44.93206787109375,5418371,31.4466552734375
2000-02-15,45.005008697509766,46.5732536315918,44.87736129760742,46.427371978759766,4668114,32.493167877197266
2000-02-16,45.66148376464844,45.73442459106445,44.38500213623047,44.886478424072266,7616703,31.41474151611328
2000-02-17,45.005008697509766,45.36971664428711,41.68616485595703,43.163230895996094,14201074,30.20867919921875
2000-02-18,43.144996643066406,43.163230895996094,39.4979133605957,40.33674240112305,15618645,28.230491638183594
2000-02-22,40.70145034790039,40.9202766418457,40.154388427734375,40.592037200927734,13781561,28.409175872802734
2000-02-23,40.55556869506836,41.04792404174805,39.880855560302734,40.300270080566406,10902205,28.204980850219727
2000-02-24,40.154388427734375,40.42791748046875,37.6014289855957,37.92966842651367,19860733,26.545862197875977
2000-02-25,38.257904052734375,39.09673309326172,36.1790657043457,36.397891998291016,16576260,25.47381591796875
2000-02-28,36.90848159790039,39.53438186645508,36.90848159790039,38.695552825927734,16359648,27.081880569458008
2000-02-29,39.680267333984375,39.7349739074707,38.36731719970703,39.15143966674805,8560951,27.400951385498047
2000-03-01,39.9720344543457,40.09968185424805,38.56790542602539,39.53438186645508,7788758,27.668970108032227
2000-03-02,39.9720344543457,40.09968185424805,38.62261199951172,38.969085693359375,8707643,27.273317337036133
2000-03-03,40.19085693359375,40.37321472167969,38.294376373291016,38.95085144042969,8775163,27.26056480407715
2000-03-06,38.95085144042969,39.0237922668457,37.52848815917969,37.71084213256836,7299669,26.39271354675293
2000-03-07,37.783782958984375,37.92966842651367,36.215538024902344,36.872013092041016,11151034,25.805644989013672
2000-03-08,36.94495391845703,36.94495391845703,35.32200241088867,35.81435775756836,11361133,25.065414428710938
2000-03-09,36.14259719848633,36.28847885131836,34.86611557006836,35.81435775756836,12839027,25.065414428710938
2000-03-10,35.923770904541016,37.874961853027344,35.540828704833984,36.96318817138672,12432880,25.869457244873047
2000-03-13,36.10612487792969,38.33084487915039,35.7049446105957,36.926719665527344,10198218,25.84394073486328
2000-03-14,37.85672378540039,38.62261199951172,37.309661865234375,37.47378158569336,9381812,26.226804733276367
2000-03-15,37.56495666503906,39.169673919677734,37.109073638916016,38.768497467041016,11197304,27.132946014404297
2000-03-16,39.9720344543457,42.76205062866211,39.826148986816406,41.94145965576172,17287102,29.353601455688477
2000-03-17,41.576751708984375,42.88970184326172,41.15733337402344,41.90498733520508,11811150,29.328067779541016
2000-03-20,42.30616760253906,42.88970184326172,41.12086486816406,41.43086624145508,8829658,28.996259689331055
2000-03-21,41.43086624145508,43.47323226928711,40.40968322753906,42.56146240234375,11703530,29.787532806396484
2000-03-22,42.78028869628906,43.108524322509766,41.83204650878906,43.108524322509766,6373929,30.17040252685547
2000-03-23,43.108524322509766,45.51559829711914,42.37910842895508,45.51559829711914,11305267,31.85502815246582
2000-03-24,45.479129791259766,45.89854431152344,44.87736129760742,45.40618896484375,9741003,31.77846336364746
2000-03-27,45.36971664428711,45.51559829711914,43.50970458984375,43.910884857177734,7037816,30.731943130493164
2000-03-28,43.65558624267578,45.18736267089844,43.45499801635742,44.494415283203125,8031418,31.140342712402344
2000-03-29,44.38500213623047,45.11442184448242,43.546173095703125,44.23912048339844,6100080,30.961673736572266
2000-03-30,44.2026481628418,44.530887603759766,43.144996643066406,43.47323226928711,6803724,30.4256649017334
2000-03-31,43.32735061645508,43.910884857177734,42.74381637573242,43.45499801635742,6340340,30.41288948059082
2000-04-03,43.69205856323242,45.8620719909668,43.60087966918945,45.36971664428711,8983548,31.75294303894043
2000-04-04,45.36971664428711,46.04442596435547,41.63145446777344,42.88970184326172,14593511,30.017257690429688
2000-04-05,42.59793472290039,42.962642669677734,41.81380844116211,42.160282135009766,8735748,29.506763458251953
2000-04-06,42.014400482177734,42.03263473510742,40.865570068359375,41.13909912109375,9322175,28.792041778564453
2000-04-07,41.248512268066406,41.248512268066406,40.4461555480957,40.57380294799805,6879127,28.39641761779785
2000-04-10,40.57380294799805,42.30616760253906,40.318504333496094,41.777339935302734,8168514,29.238765716552734
2000-04-11,42.12381362915039,42.74381637573242,41.13909912109375,42.36087417602539,8784417,29.647127151489258
2000-04-12,42.670875549316406,44.93206787109375,42.65264129638672,43.98382568359375,11771393,30.783004760742188
2000-04-13,43.98382568359375,44.16617965698242,42.30616760253906,42.59793472290039,9081572,29.813064575195312
2000-04-14,41.8685188293457,42.014400482177734,38.458492279052734,39.09673309326172,15655318,27.3626651763916
2000-04-17,38.80496597290039,39.78968048095703,38.47673034667969,39.09673309326172,10543357,27.3626651763916
2000-04-18,39.46144104003906,41.02968978881836,39.38850021362305,40.829097747802734,6599109,28.57509994506836
2000-04-19,40.70145034790039,41.066158294677734,40.2090950012207,40.70145034790039,5586999,28.48575782775879
2000-04-20,40.628509521484375,41.977928161621094,40.46438980102539,41.722633361816406,5357020,29.25078773498535
2000-04-24,41.64969253540039,44.093238830566406,41.43086624145508,43.783233642578125,11306638,30.695417404174805
2000-04-25,44.056766510009766,46.0991325378418,44.03853225708008,46.0991325378418,9650520,32.31904983520508
2000-04-26,46.0991325378418,46.60972595214844,45.07794952392578,45.11442184448242,7974180,31.628677368164062
2000-04-27,44.494415283203125,45.278541564941406,43.76499938964844,45.22383117675781,8248372,31.705400466918945
2000-04-28,45.22383117675781,45.770896911621094,43.619117736816406,43.619117736816406,7877528,30.580368041992188
2000-05-01,43.65558624267578,44.71324157714844,42.725582122802734,44.16617965698242,8790243,30.963903427124023
2000-05-02,44.16617965698242,44.16617965698242,43.03558349609375,43.199703216552734,7036445,30.28632926940918
2000-05-03,43.07205581665039,43.69205856323242,40.84733200073242,41.43086624145508,8556838,29.046215057373047
2000-05-04,41.83204650878906,42.962642669677734,41.740867614746094,42.23322677612305,6946990,29.60874366760254
2000-05-05,42.23322677612305,42.79852294921875,41.28498458862305,42.78028869628906,5857763,29.99226951599121
2000-05-08,42.30616760253906,44.4397087097168,42.26969528198242,44.36676788330078,6339312,31.10451889038086
2000-05-09,44.36676788330078,44.968536376953125,43.07205581665039,43.18146514892578,7276362,30.273527145385742
2000-05-10,43.32735061645508,43.874412536621094,41.61322021484375,41.83204650878906,10161202,29.327495574951172
2000-05-11,41.79557418823242,43.32735061645508,41.576751708984375,43.32735061645508,3806009,30.37580680847168
2000-05-12,42.99911117553711,44.31206130981445,42.88970184326172,43.98382568359375,3613275,30.8360595703125
2000-05-15,44.2026481628418,45.84383773803711,43.92911911010742,45.679718017578125,3887353,32.025001525878906
2000-05-16,46.007957458496094,46.06266403198242,44.69500732421875,44.74971389770508,4043642,31.37298583984375
2000-05-17,44.64030075073242,45.296775817871094,43.98382568359375,44.585594177246094,3567805,31.257925033569336
2000-05-18,44.42147445678711,45.78913116455078,44.42147445678711,45.35148239135742,3115618,31.794898986816406
2000-05-19,44.47618103027344,44.74971389770508,43.546173095703125,44.03853225708008,3258083,30.874418258666992
2000-05-22,43.98382568359375,44.31206130981445,42.61616897583008,43.436763763427734,3427739,30.45252227783203
2000-05-23,43.108524322509766,44.530887603759766,43.108524322509766,44.42147445678711,3483377,31.142871856689453
2000-05-24,44.42147445678711,45.84383773803711,43.21793746948242,43.76499938964844,4939335,30.682632446289062
2000-05-25,43.76499938964844,44.804420471191406,42.452049255371094,42.78028869628906,4409117,29.99226951599121
2000-05-26,43.108524322509766,43.71029281616211,42.61616897583008,42.94440460205078,1971096,30.107324600219727
2000-05-30,43.436763763427734,44.42147445678711,43.436763763427734,44.31206130981445,1958072,31.066173553466797
2000-05-31,44.36676788330078,47.59443664550781,43.98382568359375,47.26620101928711,5440078,33.137245178222656
2000-06-01,47.102081298828125,48.03208923339844,46.390899658203125,47.15678787231445,4736433,33.06052780151367
2000-06-02,48.85268020629883,49.8921012878418,48.57915115356445,49.45444869995117,5285274,34.67138671875
2000-06-05,49.235626220703125,49.235626220703125,47.97738265991211,48.68856430053711,3301497,34.13444137573242
2000-06-06,48.4697380065918,48.4697380065918,46.828548431396484,47.26620101928711,4159374,33.137245178222656
2000-06-07,47.485023498535156,49.83739471435547,47.430320739746094,49.399742126464844,3259911,34.633018493652344
2000-06-08,49.1809196472168,49.45444869995117,48.14149856567383,48.14149856567383,2928367,33.75088882446289
2000-06-09,48.57915115356445,49.29033279418945,46.828548431396484,47.102081298828125,2784303,33.022186279296875
2000-06-12,47.0473747253418,47.70384979248047,46.828548431396484,46.96531677246094,2644465,32.92629623413086
2000-06-13,47.0473747253418,47.86796951293945,46.22677993774414,47.70384979248047,2826574,33.444061279296875
2000-06-14,47.92267608642578,50.056217193603516,47.813262939453125,49.673274993896484,4399177,34.82478332519531
2000-06-15,49.34503936767578,49.78268814086914,47.21149444580078,48.57915115356445,4454130,34.057701110839844
2000-06-16,48.57915115356445,48.74327087402344,44.968536376953125,45.07794952392578,6841197,31.603105545043945
2000-06-19,45.679718017578125,48.196205139160156,45.46089553833008,46.828548431396484,4895579,32.83042907714844
2000-06-20,46.17207336425781,47.813262939453125,46.17207336425781,47.26620101928711,3512053,33.137245178222656
2000-06-21,47.32090759277344,47.32090759277344,45.6250114440918,46.06266403198242,2462470,32.29349136352539
2000-06-22,45.84383773803711,46.828548431396484,45.46089553833008,46.77384567260742,3638410,32.79206848144531
2000-06-23,46.77384567260742,47.539730072021484,46.17207336425781,46.93796157836914,3236490,32.90712356567383
2000-06-26,46.93796157836914,49.45444869995117,46.88325500488281,49.1809196472168,3620930,34.47962188720703
2000-06-27,49.01679992675781,49.29033279418945,47.0473747253418,47.430320739746094,3542214,33.2523193359375
2000-06-28,46.55501937866211,48.086795806884766,46.55501937866211,46.60972595214844,4753570,32.677005767822266
2000-06-29,46.22677993774414,46.55501937866211,45.51559829711914,45.953250885009766,3474009,32.21676254272461
2000-06-30,45.242069244384766,45.72074890136719,44.64030075073242,45.6250114440918,4835713,31.98664093017578
2000-07-03,44.530887603759766,46.06266403198242,44.530887603759766,45.84383773803711,1726722,32.14004135131836
2000-07-05,46.17207336425781,46.3361930847168,45.13265609741211,45.6250114440918,3549754,32.03557205200195
2000-07-06,44.9138298034668,45.57030487060547,44.36676788330078,45.46089553833008,4151262,31.920345306396484
2000-07-07,45.953250885009766,47.102081298828125,45.57030487060547,47.0473747253418,4055981,33.0342903137207
2000-07-10,46.93796157836914,48.196205139160156,46.22677993774414,48.03208923339844,4046498,33.72570037841797
2000-07-11,48.03208923339844,48.524444580078125,46.60972595214844,47.32090759277344,3928939,33.22636795043945
2000-07-12,47.485023498535156,48.63385772705078,46.99266815185547,48.14149856567383,3996915,33.802520751953125
2000-07-13,48.68856430053711,48.68856430053711,47.813262939453125,48.196205139160156,2042500,33.8409423828125
2000-07-14,48.30561828613281,50.00151443481445,48.086795806884766,49.5091552734375,3933052,34.76282501220703
2000-07-17,49.8921012878418,50.2203369140625,48.14149856567383,49.29033279418945,4145436,34.609161376953125
2000-07-18,49.01679992675781,49.07150650024414,47.485023498535156,48.30561828613281,3535702,33.91776657104492
2000-07-19,48.250911712646484,48.74327087402344,47.70384979248047,48.196205139160156,2607106,33.8409423828125
2000-07-20,48.250911712646484,50.54857635498047,48.250911712646484,49.78268814086914,3858449,34.954898834228516
2000-07-21,49.673274993896484,52.13505554199219,49.673274993896484,51.86152648925781,6136296,36.4145393371582
2000-07-24,51.86152648925781,52.29917526245117,49.1809196472168,49.946807861328125,4547812,35.070125579833984
2000-07-25,50.110923767089844,50.43916320800781,48.68856430053711,48.907386779785156,4227922,34.340301513671875
2000-07-26,48.30561828613281,49.78268814086914,48.250911712646484,48.68856430053711,4209071,34.18666076660156
2000-07-27,49.235626220703125,51.15034484863281,49.12621307373047,51.040931701660156,3773335,35.8383674621582
2000-07-28,51.42387390136719,51.42387390136719,48.196205139160156,49.01679992675781,4403862,34.4171257019043
2000-07-31,48.907386779785156,50.2203369140625,48.85268020629883,49.618568420410156,3560722,34.839664459228516
2000-08-01,49.8921012878418,50.329750061035156,49.45444869995117,49.83739471435547,2388210,34.99330139160156
2000-08-02,49.83739471435547,50.71269226074219,49.1809196472168,50.2203369140625,3158574,35.26218032836914
2000-08-03,48.907386779785156,51.2597541809082,48.907386779785156,50.767398834228516,3947904,35.64628982543945
2000-08-04,51.533287048339844,52.6821174621582,50.9315185546875,52.3538818359375,4312464,36.76025390625
2000-08-07,51.86152648925781,52.3538818359375,50.9315185546875,51.040931701660156,4084771,35.8383674621582
2000-08-08,51.533287048339844,51.533287048339844,50.329750061035156,51.42387390136719,3250885,36.10723876953125
2000-08-09,50.87681198120117,52.62741470336914,50.87681198120117,52.189762115478516,3654290,36.6450080871582
2000-08-10,52.244468688964844,52.518001556396484,51.20505142211914,51.3144645690918,2657489,36.03044128417969
2000-08-11,51.42387390136719,52.900943756103516,51.15034484863281,52.29917526245117,3614075,36.72184371948242
2000-08-14,52.62741470336914,52.900943756103516,51.42387390136719,52.518001556396484,2806124,36.87548065185547
2000-08-15,52.463294982910156,52.463294982910156,51.36916732788086,51.806819915771484,3155490,36.37614440917969
2000-08-16,51.42387390136719,52.244468688964844,50.110923767089844,50.16563034057617,3070947,35.22377395629883
2000-08-17,50.27504348754883,51.6427001953125,50.16563034057617,51.20505142211914,2771278,35.95362091064453
2000-08-18,51.6427001953125,51.806819915771484,50.98622512817383,51.20505142211914,2375871,35.95362091064453
2000-08-21,51.6427001953125,52.57270431518555,51.42387390136719,51.752113342285156,2775848,36.33771514892578
2000-08-22,52.08034896850586,52.189762115478516,50.27504348754883,50.71269226074219,4134011,35.607913970947266
2000-08-23,51.040931701660156,51.040931701660156,49.8921012878418,50.16563034057617,3717126,35.22377395629883
2000-08-24,50.767398834228516,50.767398834228516,48.7979736328125,49.45444869995117,4558209,34.724422454833984
2000-08-25,49.56386184692383,50.056217193603516,49.5091552734375,49.5091552734375,2471952,34.76282501220703
2000-08-28,50.329750061035156,52.463294982910156,49.8921012878418,52.40858840942383,4912601,36.79866409301758
2000-08-29,51.752113342285156,52.244468688964844,51.040931701660156,51.86152648925781,3513538,36.4145393371582
2000-08-30,51.478580474853516,52.244468688964844,51.3144645690918,51.58799362182617,2291214,36.222469329833984
2000-08-31,51.6427001953125,52.84623718261719,51.6427001953125,51.656375885009766,3959899,36.2704963684082
2000-09-01,52.08034896850586,52.40858840942383,51.095638275146484,51.15034484863281,2118702,35.915184020996094
2000-09-05,51.15034484863281,52.463294982910156,51.095638275146484,52.29917526245117,2713470,36.72184371948242
2000-09-06,52.518001556396484,54.15918731689453,52.08034896850586,52.518001556396484,4184280,36.87548065185547
2000-09-07,52.518001556396484,52.518001556396484,51.20505142211914,51.916229248046875,1843025,36.452938079833984
2000-09-08,51.806819915771484,53.11977005004883,51.58799362182617,53.0650634765625,3522107,37.259605407714844
2000-09-11,52.518001556396484,54.21389389038086,52.518001556396484,54.1044807434082,3804524,37.98942947387695
2000-09-12,54.21389389038086,54.21389389038086,53.01035690307617,53.72153854370117,3488404,37.72056198120117
2000-09-13,54.15918731689453,54.4874267578125,52.79153060913086,53.666831970214844,3613047,37.68214416503906
2000-09-14,53.55741882324219,54.15918731689453,52.955650329589844,53.22917938232422,2419970,37.374847412109375
2000-09-15,53.01035690307617,53.55741882324219,51.42387390136719,51.916229248046875,4973723,36.452938079833984
2000-09-18,51.36916732788086,51.6427001953125,50.767398834228516,50.767398834228516,2965383,35.64628982543945
2000-09-19,50.767398834228516,52.40858840942383,50.767398834228516,52.3538818359375,3512853,36.76025390625
2000-09-20,50.384456634521484,50.9315185546875,49.34503936767578,50.767398834228516,4064549,35.64628982543945
2000-09-21,49.72798156738281,51.15034484863281,48.907386779785156,50.98622512817383,3817320,35.799964904785156
2000-09-22,50.98622512817383,51.86152648925781,50.657989501953125,51.42387390136719,3059637,36.10723876953125
2000-09-25,51.6427001953125,52.84623718261719,51.095638275146484,52.518001556396484,3328687,36.87548065185547
2000-09-26,52.57270431518555,53.11977005004883,51.478580474853516,52.13505554199219,2332914,36.606605529785156
2000-09-27,51.6427001953125,51.916229248046875,51.095638275146484,51.42387390136719,3108191,36.10723876953125
2000-09-28,51.42387390136719,54.26860046386719,51.42387390136719,53.338592529296875,3354964,37.451656341552734
2000-09-29,53.666831970214844,54.21389389038086,53.11977005004883,53.174476623535156,2852736,37.33642578125
2000-10-02,53.3932991027832,55.14390182495117,52.40858840942383,55.14390182495117,4219239,38.719261169433594
2000-10-03,54.65154266357422,54.87036895751953,53.72153854370117,53.83095169067383,3933737,37.79736328125
2000-10-04,53.88565444946289,54.1044807434082,53.28388977050781,53.28388977050781,2751628,37.46198654174805
2000-10-05,53.99506759643555,54.70624923706055,53.174476623535156,53.3932991027832,3767623,37.538902282714844
2000-10-06,53.01035690307617,53.174476623535156,50.329750061035156,50.71269226074219,6946990,35.65428161621094
2000-10-09,50.767398834228516,50.767398834228516,49.399742126464844,49.56386184692383,4123615,34.8465576171875
2000-10-10,49.83739471435547,49.83739471435547,48.14149856567383,48.57915115356445,6166686,34.15424346923828
2000-10-11,48.03208923339844,48.962093353271484,47.32090759277344,47.59443664550781,7036216,33.461936950683594
2000-10-12,49.01679992675781,49.78268814086914,44.804420471191406,45.40618896484375,9528505,31.923460006713867
2000-10-13,45.02324295043945,47.539730072021484,45.02324295043945,47.21149444580078,5117902,33.19270324707031
2000-10-16,47.70384979248047,49.56386184692383,47.26620101928711,48.7979736328125,5397464,34.308101654052734
2000-10-17,48.36032485961914,49.01679992675781,46.50031280517578,47.0473747253418,5519708,33.07732009887695
2000-10-18,46.28148651123047,48.68856430053711,44.31206130981445,47.485023498535156,8089684,33.38499450683594
2000-10-19,48.36032485961914,49.78268814086914,48.30561828613281,49.07150650024414,4281618,34.500404357910156
2000-10-20,48.524444580078125,49.78268814086914,48.524444580078125,49.07150650024414,2941392,34.500404357910156
2000-10-23,49.5091552734375,49.5091552734375,47.26620101928711,47.59443664550781,5033017,33.461936950683594
2000-10-24,47.97738265991211,50.2203369140625,47.86796951293945,50.00151443481445,5099166,35.15425491333008
2000-10-25,50.54857635498047,51.42387390136719,49.8921012878418,50.2203369140625,5103850,35.30811309814453
2000-10-26,49.399742126464844,49.5091552734375,46.44560623168945,47.64914321899414,6869873,33.50038528442383
2000-10-27,48.907386779785156,49.235626220703125,47.97738265991211,48.85268020629883,3439392,34.34656524658203
2000-10-30,49.34503936767578,51.533287048339844,49.29033279418945,51.15034484863281,3621387,35.961952209472656
2000-10-31,51.095638275146484,52.6821174621582,50.2203369140625,52.518001556396484,4803953,36.92351531982422
2000-11-01,52.40858840942383,52.62741470336914,50.00151443481445,51.095638275146484,4518908,35.923484802246094
2000-11-02,51.20505142211914,51.69740676879883,50.384456634521484,50.43916320800781,3816063,35.46197509765625
2000-11-03,51.20505142211914,52.84623718261719,50.54857635498047,52.189762115478516,3795727,36.692726135253906
2000-11-06,52.40858840942383,53.0650634765625,51.916229248046875,53.0650634765625,3308009,37.30814743041992
2000-11-07,52.84623718261719,53.7762451171875,52.6821174621582,53.338592529296875,2334971,37.500465393066406
2000-11-08,53.666831970214844,53.666831970214844,50.657989501953125,50.767398834228516,3968925,35.69272232055664
2000-11-09,50.9315185546875,51.806819915771484,49.946807861328125,50.98622512817383,3983891,35.84659957885742
2000-11-10,50.657989501953125,51.97093963623047,49.946807861328125,49.946807861328125,3504170,35.115806579589844
2000-11-13,49.83739471435547,50.767398834228516,48.63385772705078,48.907386779785156,3537530,34.385032653808594
2000-11-14,48.907386779785156,51.533287048339844,48.907386779785156,50.16563034057617,3451388,35.2696647644043
2000-11-15,50.110923767089844,52.08034896850586,49.45444869995117,50.49386978149414,3807837,35.500423431396484
2000-11-16,50.329750061035156,51.42387390136719,49.8921012878418,50.54857635498047,2494116,35.53887939453125
2000-11-17,50.056217193603516,50.54857635498047,48.250911712646484,49.07150650024414,4459957,34.500404357910156
2000-11-20,49.07150650024414,49.07150650024414,46.007957458496094,46.06266403198242,5403747,32.385009765625
2000-11-21,45.953250885009766,46.828548431396484,43.819705963134766,46.60972595214844,4354393,32.76963424682617
2000-11-22,46.28148651123047,47.0473747253418,44.74971389770508,45.35148239135742,3565977,31.8850040435791
2000-11-24,45.242069244384766,45.73442459106445,44.804420471191406,44.968536376953125,1799269,31.61575698852539
2000-11-27,47.26620101928711,47.26620101928711,46.28148651123047,46.390899658203125,3295099,32.615760803222656
2000-11-28,46.28148651123047,49.34503936767578,46.28148651123047,48.250911712646484,4988004,33.92349624633789
2000-11-29,48.30561828613281,50.056217193603516,48.14149856567383,49.83739471435547,4315092,35.03888702392578
2000-11-30,49.618568420410156,51.86152648925781,46.719139099121094,48.086795806884766,10034274,33.808082580566406
2000-12-01,49.235626220703125,49.235626220703125,47.26620101928711,47.485023498535156,4768765,33.38499450683594
2000-12-04,46.99266815185547,47.0473747253418,44.968536376953125,45.51559829711914,7540158,32.000389099121094
2000-12-05,46.828548431396484,48.14149856567383,45.89854431152344,47.26620101928711,6872158,33.231170654296875
2000-12-06,47.15678787231445,49.12621307373047,46.828548431396484,47.0473747253418,4997258,33.07732009887695
2000-12-07,47.26620101928711,47.97738265991211,46.60972595214844,46.77384567260742,3403862,32.885009765625
2000-12-08,47.26620101928711,48.907386779785156,47.26620101928711,47.97738265991211,3791729,33.73117446899414
2000-12-11,48.74327087402344,49.83739471435547,48.41503143310547,49.45444869995117,3773335,34.76964569091797
2000-12-12,49.235626220703125,49.56386184692383,48.4697380065918,49.1809196472168,2546441,34.577327728271484
2000-12-13,49.399742126464844,50.822105407714844,49.235626220703125,49.45444869995117,3977493,34.76964569091797
2000-12-14,49.45444869995117,49.5091552734375,47.70384979248047,48.524444580078125,4788987,34.11579132080078
2000-12-15,48.30561828613281,48.524444580078125,46.93796157836914,47.813262939453125,6330401,33.61579513549805
2000-12-18,48.4697380065918,50.71269226074219,48.41503143310547,49.673274993896484,5531589,34.92348098754883
2000-12-19,50.00151443481445,50.657989501953125,47.59443664550781,48.086795806884766,5354850,33.808082580566406
2000-12-20,48.086795806884766,48.14149856567383,44.585594177246094,45.02324295043945,7309951,31.65422821044922
2000-12-21,46.390899658203125,46.390899658203125,45.07794952392578,46.007957458496094,6110019,32.34654235839844
2000-12-22,46.390899658203125,47.15678787231445,46.007957458496094,46.55501937866211,4318748,32.731163024902344
2000-12-26,46.77384567260742,46.99266815185547,46.06266403198242,46.60972595214844,3877756,32.76963424682617
2000-12-27,47.430320739746094,47.70384979248047,46.55501937866211,46.55501937866211,7166114,32.731163024902344
2000-12-28,47.485023498535156,47.70384979248047,46.828548431396484,47.26620101928711,3565178,33.231170654296875
2000-12-29,47.70384979248047,48.524444580078125,47.59443664550781,48.086795806884766,4380441,33.808082580566406
2001-01-02,47.70384979248047,47.86796951293945,45.13265609741211,45.51559829711914,4394265,32.000389099121094
2001-01-03,45.07794952392578,49.946807861328125,45.02324295043945,48.962093353271484,8964127,34.476539611816406
2001-01-04,49.5091552734375,49.72798156738281,47.0473747253418,47.430320739746094,8212727,33.39793014526367
2001-01-05,46.60972595214844,46.664432525634766,44.2026481628418,45.13265609741211,6354850,31.780044555664062
2001-01-08,45.40618896484375,45.40618896484375,42.56146240234375,42.83499526977539,8780989,30.162128448486328
2001-01-09,42.88970184326172,43.32735061645508,40.42791748046875,41.08439254760742,9962527,28.929462432861328
2001-01-10,40.9202766418457,42.014400482177734,40.48262405395508,40.865570068359375,10738718,28.775381088256836
2001-01-11,40.75615692138672,42.50675582885742,40.37321472167969,41.90498733520508,8168285,29.507287979125977
2001-01-12,42.83499526977539,42.83499526977539,41.08439254760742,41.959693908691406,7101565,29.545806884765625
2001-01-16,41.959693908691406,42.83499526977539,41.52204513549805,42.28792953491211,5665372,29.776926040649414
2001-01-17,43.382057189941406,43.819705963134766,42.83499526977539,43.27264404296875,7992231,30.47031021118164
2001-01-18,44.31206130981445,44.36676788330078,42.94440460205078,43.436763763427734,5143151,30.58588409423828
2001-01-19,43.436763763427734,43.65558624267578,41.19380569458008,42.56146240234375,8082829,29.969547271728516
2001-01-22,42.78028869628906,42.99911117553711,38.67731857299805,39.38850021362305,15301954,27.735315322875977
2001-01-23,40.48262405395508,41.46733856201172,40.26380157470703,40.70145034790039,20240032,28.659807205200195
2001-01-24,41.576751708984375,41.576751708984375,39.880855560302734,40.48262405395508,13560265,28.505735397338867
2001-01-25,41.248512268066406,41.68616485595703,40.26380157470703,40.592037200927734,8627556,28.582788467407227
2001-01-26,40.592037200927734,41.248512268066406,40.154388427734375,40.81086349487305,7936136,28.736867904663086
2001-01-29,41.40169143676758,42.29449462890625,41.35792541503906,41.67303466796875,7397121,29.343944549560547
2001-01-30,41.13909912109375,42.11068344116211,40.911521911621094,41.93562316894531,9105678,29.528852462768555
2001-01-31,41.83934020996094,42.452049255371094,40.26380157470703,41.22663116455078,8894093,29.029617309570312
2001-02-01,41.22663116455078,41.874351501464844,41.22663116455078,41.567996978759766,5913515,29.269983291625977
2001-02-02,41.567996978759766,43.72123336791992,41.489219665527344,42.11068344116211,8685137,29.652122497558594
2001-02-05,42.22447204589844,42.94221878051758,41.97063446044922,42.37327194213867,4038958,29.8370361328125
2001-02-06,42.37327194213867,42.38202667236328,40.96403884887695,41.130348205566406,5816292,28.961822509765625
2001-02-07,41.44545364379883,42.145694732666016,39.826148986816406,40.58766174316406,7726037,28.5797119140625
2001-02-08,40.70145034790039,42.32075500488281,40.666439056396484,41.22663116455078,6204730,29.029617309570312
2001-02-09,41.9268684387207,42.005645751953125,41.095333099365234,41.16535949707031,3911687,28.98647117614746
2001-02-12,41.182865142822266,42.18946075439453,41.182865142822266,42.11068344116211,3973266,29.652122497558594
2001-02-13,42.03190612792969,42.452049255371094,40.526390075683594,40.946533203125,5539586,28.8323917388916
2001-02-14,41.13909912109375,41.244136810302734,40.42135238647461,40.82399368286133,4299783,28.746116638183594
2001-02-15,41.182865142822266,41.366676330566406,40.5351448059082,41.01655960083008,4285274,28.88170051574707
2001-02-16,41.06907653808594,41.559242248535156,40.473873138427734,41.3316650390625,4902776,29.10359764099121
2001-02-20,41.40169143676758,41.515480041503906,39.47602844238281,40.24629211425781,5657717,28.339323043823242
2001-02-21,39.633583068847656,40.10624694824219,38.285621643066406,38.486942291259766,5472866,27.100465774536133
2001-02-22,38.486942291259766,39.09965133666992,36.666316986083984,38.95085144042969,9997487,27.427133560180664
2001-02-23,39.125911712646484,39.53730010986328,38.0755500793457,39.300968170166016,5653147,27.673673629760742
2001-02-26,39.33598327636719,39.589820861816406,38.2506103515625,39.563560485839844,6721353,27.858564376831055
2001-02-27,39.169673919677734,40.132503509521484,38.82830810546875,39.77363204956055,6331315,28.006505966186523
2001-02-28,39.826148986816406,39.939937591552734,38.2506103515625,38.408164978027344,6286645,27.044992446899414
2001-03-01,38.05804443359375,38.27687072753906,36.76259994506836,37.637901306152344,8327773,26.502634048461914
2001-03-02,37.41907501220703,38.94209671020508,37.09521484375,38.294376373291016,6751514,26.96488380432129
2001-03-05,38.51319885253906,38.644493103027344,37.20900344848633,37.89173889160156,3761910,26.681367874145508
2001-03-06,38.35564422607422,38.863319396972656,37.244014739990234,37.629146575927734,5831601,26.4964656829834
2001-03-07,37.72542953491211,38.68825912475586,37.64665222167969,38.68825912475586,4731749,27.242237091064453
2001-03-08,39.21343994140625,39.53730010986328,38.338138580322266,38.88957977294922,4062264,27.383989334106445
2001-03-09,38.670753479003906,38.679508209228516,37.02518844604492,37.40156936645508,5561408,26.336219787597656
2001-03-12,36.806365966796875,36.82387161254883,34.95072937011719,35.36212158203125,8127956,24.900136947631836
2001-03-13,35.887298583984375,36.5000114440918,35.27458953857422,36.43873977661133,6583914,25.658241271972656
2001-03-14,34.355525970458984,35.397132873535156,33.26139831542969,33.68154525756836,11794585,23.71677589416504
2001-03-15,35.09952926635742,35.449649810791016,34.26799392700195,34.83694076538086,12311665,24.53034019470215
2001-03-16,34.83694076538086,35.34461212158203,33.34893035888672,33.41895294189453,12009368,23.531858444213867
2001-03-19,34.355525970458984,34.355525970458984,33.331424713134766,33.92662811279297,7162459,23.889347076416016
2001-03-20,34.399288177490234,34.4255485534668,32.39485168457031,32.622432708740234,9807723,22.971006393432617
2001-03-21,32.38610076904297,32.38610076904297,30.19784927368164,30.626747131347656,16220953,21.565738677978516
2001-03-22,30.766794204711914,31.843414306640625,29.76020050048828,30.372909545898438,23820747,21.387006759643555
2001-03-23,30.766794204711914,32.25480651855469,30.59173583984375,32.21104049682617,11733006,22.681312561035156
2001-03-26,32.82374954223633,33.8390998840332,32.622432708740234,33.06883239746094,10348566,23.285324096679688
2001-03-27,33.26139831542969,35.012001037597656,32.561161041259766,34.70564651489258,10543928,24.437885284423828
2001-03-28,34.399288177490234,34.90696334838867,33.664039611816406,34.14545440673828,7223466,24.043420791625977
2001-03-29,33.61151885986328,34.626869201660156,33.61151885986328,34.101688385009766,6363076,24.012619018554688
2001-03-30,36.54377365112305,36.83262252807617,34.486820220947266,36.1498908996582,15439735,25.45484733581543
2001-04-02,33.21763610839844,35.449649810791016,33.21763610839844,34.75816345214844,13296813,24.47486114501953
2001-04-03,34.18921661376953,34.486820220947266,32.937538146972656,33.252647399902344,7160859,23.414772033691406
2001-04-04,33.16511535644531,33.480224609375,31.475788116455078,31.68585968017578,8932937,22.358598709106445
2001-04-05,32.77998352050781,33.55900192260742,32.38610076904297,33.53274154663086,8737690,23.66181755065918
2001-04-06,32.167274475097656,33.22638702392578,31.860919952392578,32.13226318359375,7824632,22.673601150512695
2001-04-09,32.368595123291016,32.98130416870117,31.99221420288086,32.4998893737793,5207015,22.933002471923828
2001-04-10,33.17387008666992,33.59401321411133,32.64868927001953,33.41020202636719,8447618,23.575349807739258
2001-04-11,34.399288177490234,35.00324630737305,33.26139831542969,33.6552848815918,6222781,23.7482967376709
2001-04-12,33.23514175415039,34.57434844970703,33.17387008666992,34.30300521850586,5420999,24.205339431762695
2001-04-16,33.74281311035156,34.355525970458984,33.191375732421875,33.72530746459961,4456072,23.797693252563477
2001-04-17,33.37519073486328,34.355525970458984,33.086341857910156,34.11919403076172,3914544,24.07563591003418
2001-04-18,34.26799392700195,39.38850021362305,34.26799392700195,37.2702751159668,10674512,26.299156188964844
2001-04-19,37.182743072509766,38.32938766479492,36.9464111328125,37.60288619995117,7109791,26.533849716186523
2001-04-20,37.384063720703125,37.384063720703125,36.23741912841797,36.324951171875,5770136,25.632097244262695
2001-04-23,36.10612487792969,36.19365310668945,34.933223724365234,35.458404541015625,6782360,25.020620346069336
2001-04-24,36.10612487792969,36.30744552612305,35.36212158203125,35.66847610473633,5843368,25.168861389160156
2001-04-25,35.449649810791016,36.23741912841797,35.073272705078125,35.974830627441406,6572147,25.38503646850586
2001-04-26,36.324951171875,37.40156936645508,36.324951171875,36.675071716308594,6031189,25.879150390625
2001-04-27,37.244014739990234,38.4256706237793,37.244014739990234,38.285621643066406,6083857,27.01560401916504
2001-04-30,38.50444793701172,38.62698745727539,37.14773178100586,37.14773178100586,5953844,26.212684631347656
2001-05-01,36.92890548706055,37.6554069519043,36.77135467529297,36.98142623901367,6536616,26.0953369140625
2001-05-02,37.41907501220703,38.38190460205078,37.15648651123047,37.84797286987305,7292014,26.706785202026367
2001-05-03,37.28778076171875,37.41907501220703,36.675071716308594,37.16523742675781,5940021,26.225019454956055
2001-05-04,37.60288619995117,38.71451950073242,36.54377365112305,38.38190460205078,5754141,27.083538055419922
2001-05-07,38.0755500793457,38.285621643066406,37.69916915893555,37.83921813964844,3357706,26.70061683654785
2001-05-08,36.1498908996582,36.990177154541016,35.449649810791016,36.1498908996582,9991432,25.508569717407227
2001-05-09,35.60720443725586,36.7363395690918,35.589698791503906,36.412479400634766,5496515,25.69386100769043
2001-05-10,37.375308990478516,37.80420684814453,37.244014739990234,37.49785232543945,5930310,26.459741592407227
2001-05-11,37.20024871826172,37.567874908447266,36.63130569458008,36.998931884765625,4109448,26.10767364501953
2001-05-14,36.718833923339844,37.2702751159668,36.70132827758789,37.1214714050293,2643322,26.194141387939453
2001-05-15,37.1214714050293,37.31403732299805,36.30744552612305,36.62255096435547,5099280,25.842084884643555
2001-05-16,36.54377365112305,39.0208740234375,36.10612487792969,38.77579116821289,6799497,27.36147117614746
2001-05-17,38.77579116821289,39.15216827392578,38.11931610107422,38.82830810546875,5819947,27.39853858947754
2001-05-18,38.83706283569336,38.94209671020508,37.6554069519043,38.2506103515625,4518108,26.99090576171875
2001-05-21,38.16307830810547,39.60732650756836,37.91799545288086,39.37974548339844,5160516,27.787647247314453
2001-05-22,39.86991500854492,40.745216369628906,39.511043548583984,40.30756378173828,6718040,28.442359924316406
2001-05-23,40.04497528076172,40.04497528076172,38.977108001708984,39.125911712646484,5106364,27.608551025390625
2001-05-24,39.32722854614258,39.45852279663086,38.16307830810547,39.03837966918945,4185422,27.546791076660156
2001-05-25,39.03837966918945,39.03837966918945,37.81296157836914,37.92675018310547,4143037,26.76237678527832
2001-05-29,38.145572662353516,38.145572662353516,37.07770919799805,37.1214714050293,6891009,26.194141387939453
2001-05-30,37.15648651123047,37.81296157836914,36.89389419555664,36.998931884765625,4656232,26.10767364501953
2001-05-31,37.41907501220703,37.489097595214844,36.473751068115234,36.867637634277344,4642980,26.015029907226562
2001-06-01,36.867637634277344,37.16523742675781,36.324951171875,37.09521484375,3853993,26.175621032714844
2001-06-04,37.103965759277344,37.5066032409668,36.76259994506836,37.41032028198242,2600594,26.39795684814453
2001-06-05,37.11272048950195,37.681663513183594,36.76259994506836,37.28778076171875,7125214,26.311494827270508
2001-06-06,37.244014739990234,37.252769470214844,36.552528381347656,36.657562255859375,3576031,25.866792678833008
2001-06-07,36.23741912841797,36.412479400634766,35.449649810791016,36.027347564697266,7582772,25.42210578918457
2001-06-08,36.027347564697266,36.13238525390625,35.62471008300781,35.87854766845703,2870330,25.31709098815918
2001-06-11,36.324951171875,36.70132827758789,35.887298583984375,36.24617385864258,5162573,25.576499938964844
2001-06-12,36.24617385864258,36.911399841308594,35.79977035522461,36.58753967285156,6551240,25.817384719848633
2001-06-13,36.63130569458008,37.35780334472656,36.21116256713867,36.34245681762695,4891123,25.644445419311523
2001-06-14,35.29209518432617,35.29209518432617,34.26799392700195,34.8106803894043,9325031,24.563579559326172
2001-06-15,34.355525970458984,34.731903076171875,33.769073486328125,34.08418273925781,9754027,24.05092430114746
2001-06-18,34.092933654785156,34.346771240234375,33.49773025512695,33.73406219482422,7110248,23.803882598876953
2001-06-19,33.73406219482422,34.215476989746094,33.61151885986328,33.821590423583984,6855935,23.865638732910156
2001-06-20,34.092933654785156,34.66188049316406,33.88286209106445,34.539337158203125,6442934,24.372102737426758
2001-06-21,34.13669967651367,35.79977035522461,34.13669967651367,35.36212158203125,7228836,24.952674865722656
2001-06-22,35.62471008300781,35.86104202270508,35.012001037597656,35.66847610473633,5091397,25.168861389160156
2001-06-25,35.66847610473633,35.887298583984375,34.793174743652344,34.90696334838867,5142351,24.631515502929688
2001-06-26,34.32051467895508,34.57434844970703,33.383941650390625,34.13669967651367,5694847,24.087984085083008
2001-06-27,34.486820220947266,34.57434844970703,33.37519073486328,33.480224609375,6353479,23.624767303466797
2001-06-28,33.480224609375,35.012001037597656,33.480224609375,34.548091888427734,6892608,24.378276824951172
2001-06-29,34.77566909790039,34.784423828125,33.961639404296875,33.961639404296875,6462699,23.964466094970703
2001-07-02,34.13669967651367,34.96823501586914,33.78657913208008,34.58310317993164,5275677,24.402992248535156
2001-07-03,34.924468994140625,35.064517974853516,34.49557113647461,34.95948028564453,2422255,24.718616485595703
2001-07-05,34.985740661621094,34.985740661621094,34.38178253173828,34.56559753417969,2934765,24.440128326416016
2001-07-06,34.2242317199707,34.399288177490234,33.45396423339844,33.50648498535156,3103507,23.691259384155273
2001-07-09,33.69905090332031,33.69905090332031,33.191375732421875,33.436458587646484,4210214,23.641740798950195
2001-07-10,33.41895294189453,33.42770767211914,32.29856872558594,32.38610076904297,5374614,22.899085998535156
2001-07-11,32.34233474731445,32.78873825073242,32.035980224609375,32.674949645996094,5468297,23.103315353393555
2001-07-12,32.91128158569336,33.81283950805664,32.69245529174805,33.716556549072266,4157203,23.83979606628418
2001-07-13,33.716556549072266,34.51308059692383,33.56775665283203,34.45180892944336,4476522,24.359664916992188
2001-07-16,34.399288177490234,34.486820220947266,33.41895294189453,33.576507568359375,3839141,23.74077033996582
2001-07-17,33.585262298583984,34.06667709350586,33.130104064941406,33.94413375854492,4404547,24.000713348388672
2001-07-18,33.26139831542969,33.95288848876953,32.5349006652832,32.82374954223633,8620244,23.208515167236328
2001-07-19,33.130104064941406,33.78657913208008,32.73622131347656,33.26139831542969,8062264,23.517976760864258
2001-07-20,33.26139831542969,33.40144729614258,32.91128158569336,33.243892669677734,3922427,23.50560188293457
2001-07-23,33.243892669677734,33.69905090332031,33.051326751708984,33.37519073486328,5402034,23.59842872619629
2001-07-24,33.34893035888672,33.56775665283203,32.98130416870117,33.086341857910156,4778019,23.394193649291992
2001-07-25,32.95504379272461,33.34893035888672,32.78873825073242,33.31391906738281,4434594,23.555099487304688
2001-07-26,33.26139831542969,34.049171447753906,33.11259841918945,33.93538284301758,5728207,23.994522094726562
2001-07-27,34.13669967651367,34.57434844970703,34.06667709350586,34.56559753417969,4659888,24.440128326416016
2001-07-30,34.355525970458984,34.793174743652344,34.355525970458984,34.74940872192383,4029818,24.570093154907227
2001-07-31,34.74940872192383,35.71223831176758,34.74940872192383,35.30084991455078,5807837,24.95999526977539
2001-08-01,35.34461212158203,36.37746810913086,35.318355560302734,36.31619644165039,7161202,25.67791175842285
2001-08-02,36.31619644165039,36.69257736206055,35.974830627441406,36.25492477416992,4767851,25.634592056274414
2001-08-03,35.7297477722168,35.98358154296875,35.00324630737305,35.4058837890625,3788301,25.034273147583008
2001-08-06,35.012001037597656,35.18706130981445,34.600608825683594,34.819435119628906,3137781,24.619606018066406
2001-08-07,34.96823501586914,35.5809440612793,34.83694076538086,35.16080093383789,3550783,24.860960006713867
2001-08-08,35.012001037597656,35.27458953857422,34.793174743652344,34.82818603515625,2890780,24.625789642333984
2001-08-09,34.74940872192383,34.85444641113281,33.970394134521484,34.8456916809082,4734263,24.638164520263672
2001-08-10,34.75816345214844,34.94197463989258,34.03166580200195,34.880706787109375,3058608,24.66292953491211
2001-08-13,34.880706787109375,35.055763244628906,34.548091888427734,34.97698974609375,2347081,24.73101234436035
2001-08-14,34.539337158203125,35.13454055786133,34.31175994873047,34.478065490722656,3744430,24.37823486328125
2001-08-15,34.66188049316406,34.819435119628906,33.69905090332031,33.8390998840332,4247915,23.92644691467285
2001-08-16,33.78657913208008,33.78657913208008,32.753726959228516,33.392696380615234,5150006,23.610809326171875
2001-08-17,33.392696380615234,33.392696380615234,32.429866790771484,32.82374954223633,4358506,23.208515167236328
2001-08-20,32.753726959228516,33.41895294189453,32.604923248291016,33.392696380615234,3666857,23.610809326171875
2001-08-21,33.051326751708984,33.31391906738281,31.99221420288086,32.035980224609375,5944819,22.65152359008789
2001-08-22,32.12350845336914,32.58741760253906,31.668354034423828,32.58741760253906,7079744,23.041425704956055
2001-08-23,32.58741760253906,33.26139831542969,32.34233474731445,32.99005889892578,4065235,23.326112747192383
2001-08-24,33.04257583618164,33.54149627685547,32.92878723144531,33.445213317871094,5645150,23.64794921875
2001-08-27,33.40144729614258,33.637779235839844,33.138858795166016,33.28765869140625,2791843,23.53653335571289
2001-08-28,33.28765869140625,33.523990631103516,32.39485168457031,32.39485168457031,2752313,22.905263900756836
2001-08-29,32.72746658325195,32.806243896484375,32.04473114013672,32.38610076904297,4030047,22.899085998535156
2001-08-30,32.19353485107422,32.38610076904297,31.073150634765625,31.4670352935791,6492745,22.249237060546875
2001-08-31,31.510799407958984,32.473628997802734,31.510799407958984,31.87842559814453,5120073,22.540122985839844
2001-09-04,31.598329544067383,32.604923248291016,31.00312614440918,31.90468406677246,7723752,22.558683395385742
2001-09-05,31.817155838012695,32.33358383178711,30.688018798828125,32.1497688293457,6480521,22.731971740722656
2001-09-06,31.598329544067383,31.60708236694336,30.653005599975586,30.880584716796875,6877071,21.834579467773438
2001-09-07,30.547969818115234,30.705524444580078,29.830223083496094,30.28537940979004,7001942,21.413728713989258
2001-09-10,29.611398696899414,30.91559600830078,29.497610092163086,30.64425277709961,9788301,21.667478561401367
2001-09-17,25.383699417114258,26.521589279174805,25.383699417114258,26.477825164794922,36530789,18.721542358398438
2001-09-18,25.95264434814453,25.95264434814453,23.633100509643555,23.965713500976562,24154004,16.945316314697266
2001-09-19,23.676864624023438,24.070749282836914,22.057559967041016,22.75779914855957,21425568,16.091243743896484
2001-09-20,22.07506561279297,24.070749282836914,22.02254867553711,22.932859420776367,19228950,16.21502685546875
2001-09-21,22.1013240814209,23.545570373535156,21.182260513305664,22.416433334350586,18755170,15.849876403808594
2001-09-24,23.58933448791504,24.289575576782227,23.239215850830078,24.07950210571289,13276705,17.025766372680664
2001-09-25,24.508399963378906,24.52590560913086,23.002883911132812,23.571828842163086,10295670,16.666812896728516
2001-09-26,23.956960678100586,24.237056732177734,23.326744079589844,23.878183364868164,9683194,16.8834285736084
2001-09-27,23.89569091796875,24.202045440673828,23.072908401489258,24.035737991333008,7371530,16.99482536315918
2001-09-28,24.202045440673828,25.996410369873047,24.19329261779785,25.43621826171875,9780761,17.98506736755371
2001-10-01,25.29616928100586,25.900127410888672,24.508399963378906,25.7163143157959,6701245,18.183103561401367
2001-10-02,25.558759689331055,25.900127410888672,24.569671630859375,25.383699417114258,8415743,17.947925567626953
2001-10-03,25.313676834106445,26.33777618408203,24.9460506439209,26.20648193359375,7438935,18.58094024658203
2001-10-04,26.50408363342285,26.50408363342285,25.07734489440918,25.278663635253906,7822118,17.923097610473633
2001-10-05,25.514995574951172,25.514995574951172,23.80816078186035,24.324586868286133,8247344,17.246639251708984
2001-10-08,23.94820785522461,24.11451530456543,23.361757278442383,24.018232345581055,6162573,17.029430389404297
2001-10-09,24.482141494750977,25.383699417114258,24.044490814208984,25.383699417114258,5744088,17.997575759887695
2001-10-10,26.259000778198242,26.6966495513916,25.43621826171875,25.838855743408203,14162801,18.320289611816406
2001-10-11,26.057680130004883,26.862957000732422,25.95264434814453,26.259000778198242,9779618,18.6181697845459
2001-10-12,25.164875030517578,26.34653091430664,25.121110916137695,26.250246047973633,8250428,18.611974716186523
2001-10-15,26.250246047973633,27.790775299072266,25.82135009765625,27.03801727294922,7946533,19.17051124572754
2001-10-16,27.134300231933594,27.65947914123535,26.880462646484375,27.39689064025879,5836513,19.424964904785156
2001-10-17,27.878305435180664,28.175907135009766,26.259000778198242,26.302764892578125,7427282,18.64920997619629
2001-10-18,26.390295028686523,26.50408363342285,26.04017448425293,26.33777618408203,5376671,18.67403221130371
2001-10-19,26.33777618408203,26.33777618408203,25.164875030517578,25.663795471191406,6134468,18.1961669921875
2001-10-22,25.444971084594727,26.8717098236084,24.744731903076172,26.53909683227539,10569862,18.816774368286133
2001-10-23,26.34653091430664,27.046770095825195,25.838855743408203,26.4865779876709,6455729,18.779542922973633
2001-10-24,26.661638259887695,26.73166275024414,26.048927307128906,26.250246047973633,5047527,18.611974716186523
2001-10-25,25.865114212036133,26.941734313964844,25.637537002563477,26.84545135498047,4240260,19.03398895263672
2001-10-26,26.644132614135742,27.0817813873291,26.390295028686523,26.88921546936035,3237976,19.065019607543945
2001-10-29,26.75792121887207,26.766674041748047,26.092693328857422,26.20648193359375,3450246,18.58094024658203
2001-10-30,26.127704620361328,26.381542205810547,25.506242752075195,25.838855743408203,4012339,18.320289611816406
2001-10-31,26.215234756469727,26.442813873291016,25.69005584716797,25.76007843017578,4094368,18.264436721801758
2001-11-01,25.506242752075195,26.171470642089844,25.226146697998047,26.031421661376953,4646293,18.456823348999023
2001-11-02,26.057680130004883,26.302764892578125,25.830102920532227,26.20648193359375,3799726,18.58094024658203
2001-11-05,26.259000778198242,27.046770095825195,26.259000778198242,26.582860946655273,5350051,18.84780502319336
2001-11-06,26.259000778198242,27.00300407409668,25.970151901245117,26.749168395996094,6342054,18.96571922302246
2001-11-07,26.749168395996094,27.83453941345215,26.714155197143555,27.729503631591797,6254427,19.66080093383789
2001-11-08,28.044612884521484,29.23501968383789,28.009599685668945,28.35972023010254,8407860,20.107635498046875
2001-11-09,28.403484344482422,28.972429275512695,28.062118530273438,28.63106346130371,4525420,20.300025939941406
2001-11-12,28.63106346130371,28.63106346130371,27.134300231933594,28.088376998901367,6819605,19.91524314880371
2001-11-13,28.60480308532715,28.622310638427734,27.790775299072266,28.14089584350586,8466469,19.952484130859375
2001-11-14,28.666074752807617,29.611398696899414,28.447250366210938,29.26127815246582,7558666,20.74686050415039
2001-11-15,29.26127815246582,30.355403900146484,28.93741798400879,30.101566314697266,9674397,21.342636108398438
2001-11-16,29.54137420654297,29.585140228271484,28.893653869628906,28.998689651489258,6715640,20.5606746673584
2001-11-19,29.611398696899414,30.022790908813477,29.32254981994629,29.935260772705078,4364903,21.224727630615234
2001-11-20,29.76020050048828,29.909000396728516,29.392574310302734,29.45384407043457,3888038,20.883384704589844
2001-11-21,29.366315841674805,29.56763458251953,28.972429275512695,29.32254981994629,3079059,20.7902889251709
2001-11-23,29.392574310302734,30.084060668945312,29.340055465698242,30.084060668945312,2108534,21.330232620239258
2001-11-26,30.14533233642578,30.766794204711914,30.101566314697266,30.740535736083984,5388781,21.79568862915039
2001-11-27,30.521711349487305,30.86307716369629,29.987777709960938,30.267873764038086,4588141,21.460559844970703
2001-11-28,29.795211791992188,30.329145431518555,29.37506866455078,29.45384407043457,4142694,20.883384704589844
2001-11-29,29.45384407043457,29.45384407043457,28.534780502319336,29.164995193481445,5973838,20.6785831451416
2001-11-30,29.164995193481445,29.23501968383789,28.622310638427734,28.806123733520508,4302639,20.424144744873047
2001-12-03,28.315954208374023,28.43849754333496,28.009599685668945,28.13214111328125,5270764,19.94627571105957
2001-12-04,28.841135025024414,29.32254981994629,28.350967407226562,29.191255569458008,5076888,20.697206497192383
2001-12-05,29.191255569458008,30.635499954223633,29.10372543334961,30.294132232666016,6351308,21.479171752929688
2001-12-06,30.294132232666016,31.020631790161133,29.84773063659668,30.775548934936523,5318177,21.820507049560547
2001-12-07,30.416675567626953,30.81056022644043,29.90024757385254,30.372909545898438,3679653,21.535024642944336
2001-12-10,30.022790908813477,30.407922744750977,29.690176010131836,29.76020050048828,3826916,21.100605010986328
2001-12-11,30.495452880859375,30.854324340820312,29.803964614868164,29.987777709960938,5129213,21.261960983276367
2001-12-12,28.884899139404297,29.32254981994629,28.499767303466797,29.252525329589844,12555924,20.74064826965332
2001-12-13,28.753604888916016,29.033700942993164,28.456003189086914,28.534780502319336,7505427,20.231748580932617
2001-12-14,28.35972023010254,28.46475601196289,27.773269653320312,28.237178802490234,7304010,20.020751953125
2001-12-17,28.228424072265625,29.077465057373047,28.0271053314209,29.01619529724121,5585285,20.57309341430664
2001-12-18,29.01619529724121,29.37506866455078,28.71859359741211,29.217514038085938,4641723,20.715831756591797
2001-12-19,28.84988784790039,30.58298110961914,28.79737091064453,30.28537940979004,6910316,21.472965240478516
2001-12-20,29.81271743774414,30.47794532775879,29.366315841674805,29.366315841674805,4957729,20.82132911682129
2001-12-21,29.882741928100586,30.372909545898438,29.51511573791504,29.585140228271484,9525420,20.976486206054688
2001-12-24,29.961519241333008,30.267873764038086,29.87398910522461,29.987777709960938,2174454,21.261960983276367
2001-12-26,30.06655502319336,30.766794204711914,29.891494750976562,30.372909545898438,4144293,21.535024642944336
2001-12-27,30.59173583984375,30.898090362548828,30.512958526611328,30.635499954223633,3250200,21.721206665039062
2001-12-28,30.88933753967285,31.68585968017578,30.81056022644043,31.5545654296875,5029133,22.372844696044922
2001-12-31,31.790895462036133,31.808401107788086,31.160680770874023,31.239456176757812,5211699,22.14942741394043
2002-01-02,31.204444885253906,31.49329376220703,30.688018798828125,31.405763626098633,5069233,22.317365646362305
2002-01-03,31.510799407958984,32.10600280761719,31.41451644897461,31.90468406677246,4614532,22.671905517578125
2002-01-04,31.948450088500977,33.0950927734375,31.948450088500977,33.01631546020508,5848395,23.461843490600586
2002-01-07,33.29641342163086,33.383941650390625,32.858760833740234,32.91128158569336,5504741,23.38721466064453
2002-01-08,32.82374954223633,32.9200325012207,32.219791412353516,32.429866790771484,4805895,23.045106887817383
2002-01-09,32.51739501953125,33.34893035888672,32.38610076904297,32.51739501953125,4762596,23.107309341430664
2002-01-10,32.76247787475586,33.252647399902344,32.65744400024414,33.060081481933594,4851594,23.492952346801758
2002-01-11,32.867515563964844,33.26139831542969,32.5349006652832,32.753726959228516,4618417,23.27525520324707
2002-01-14,32.40360641479492,32.57866668701172,31.6420955657959,31.729625701904297,6792528,22.54751205444336
2002-01-15,32.1497688293457,33.0950927734375,32.035980224609375,33.04257583618164,5867017,23.480510711669922
2002-01-16,32.73622131347656,32.73622131347656,31.957202911376953,32.07099151611328,5281732,22.790090560913086
2002-01-17,32.45612335205078,32.797489166259766,32.29856872558594,32.52614974975586,4234548,23.11353302001953
2002-01-18,32.52614974975586,32.77998352050781,32.29856872558594,32.40360641479492,4580829,23.02644157409668
2002-01-22,32.806243896484375,33.11259841918945,32.4998893737793,32.58741760253906,3835028,23.157072067260742
2002-01-23,32.482383728027344,32.69245529174805,31.74713134765625,31.90468406677246,4834000,22.671905517578125
2002-01-24,32.141014099121094,32.806243896484375,31.860919952392578,32.167274475097656,4472409,22.858509063720703
2002-01-25,31.598329544067383,32.77998352050781,31.5545654296875,32.37734603881836,3787730,23.00778579711914
2002-01-28,32.3248291015625,32.54365539550781,31.335739135742188,31.764636993408203,6168514,22.572385787963867
2002-01-29,31.782142639160156,31.817155838012695,29.76020050048828,30.14533233642578,8373929,21.421689987182617
2002-01-30,30.442934036254883,30.898090362548828,29.200008392333984,30.898090362548828,9337941,21.95660400390625
2002-01-31,30.521711349487305,31.379505157470703,30.022790908813477,31.379505157470703,5920827,22.298709869384766
2002-02-01,30.793054580688477,30.994373321533203,30.460439682006836,30.72303009033203,4591569,21.832216262817383
2002-02-04,30.547969818115234,30.55672264099121,29.147489547729492,29.252525329589844,5305724,20.787242889404297
2002-02-05,29.26127815246582,30.19784927368164,28.49101448059082,30.19784927368164,6066720,21.459007263183594
2002-02-06,29.97902488708496,29.97902488708496,28.46475601196289,28.79737091064453,7217640,20.463804244995117
2002-02-07,28.55228614807129,29.716434478759766,28.55228614807129,28.928665161132812,5569633,20.557098388671875
2002-02-08,29.10372543334961,29.97902488708496,28.998689651489258,29.628904342651367,4960242,21.054710388183594
2002-02-11,29.191255569458008,29.54137420654297,28.884899139404297,29.340055465698242,5475037,20.849441528320312
2002-02-12,29.27003288269043,29.278785705566406,28.841135025024414,28.87614631652832,5196847,20.51978874206543
2002-02-13,29.191255569458008,29.84773063659668,28.928665161132812,29.768953323364258,6425797,21.154220581054688
2002-02-14,30.7843017578125,30.854324340820312,30.075307846069336,30.267873764038086,6504056,21.50876808166504
2002-02-15,30.329145431518555,30.36415672302246,29.45384407043457,29.480104446411133,4667428,20.948959350585938
2002-02-19,29.480104446411133,29.935260772705078,28.954923629760742,29.10372543334961,4455844,20.68151092529297
2002-02-20,29.585140228271484,29.751447677612305,28.814876556396484,29.62015151977539,4984462,21.048486709594727
2002-02-21,29.76020050048828,30.17159080505371,29.147489547729492,29.252525329589844,5353479,20.787242889404297
2002-02-22,29.32254981994629,29.742694854736328,28.74485206604004,29.45384407043457,4396550,20.9302978515625
2002-02-25,29.803964614868164,30.72303009033203,29.585140228271484,30.67051124572754,5264367,21.79489517211914
2002-02-26,30.968114852905273,31.116914749145508,30.154085159301758,30.845571517944336,5137896,21.919288635253906
2002-02-27,30.94185447692871,32.035980224609375,30.924348831176758,31.309480667114258,6430138,22.248950958251953
2002-02-28,31.458282470703125,32.561161041259766,31.291975021362305,31.90468406677246,8066263,22.671905517578125
2002-03-01,31.91343879699707,32.69245529174805,31.6420955657959,32.65744400024414,5790129,23.206830978393555
2002-03-04,32.814998626708984,34.57434844970703,32.806243896484375,34.46931457519531,9143494,24.494369506835938
2002-03-05,34.06667709350586,35.00324630737305,34.00540542602539,34.18046569824219,8770479,24.289112091064453
2002-03-06,34.478065490722656,35.012001037597656,34.241737365722656,34.94197463989258,5389009,24.830257415771484
2002-03-07,34.9944953918457,35.00324630737305,34.57434844970703,34.58310317993164,6739861,24.575244903564453
2002-03-08,35.012001037597656,36.1498908996582,34.94197463989258,35.42338943481445,8070262,25.1723575592041
2002-03-11,35.642215728759766,36.62255096435547,35.57219314575195,36.36871337890625,6351765,25.84410858154297
2002-03-12,35.458404541015625,36.219913482666016,35.458404541015625,35.9660758972168,7089455,25.557987213134766
2002-03-13,35.53718185424805,35.887298583984375,35.27458953857422,35.42338943481445,5160859,25.1723575592041
2002-03-14,35.42338943481445,35.63346481323242,34.72315216064453,35.54593276977539,5713698,25.259418487548828
2002-03-15,35.86979293823242,36.90264892578125,35.71223831176758,36.89389419555664,8979436,26.217323303222656
2002-03-18,36.718833923339844,37.182743072509766,36.19365310668945,36.718833923339844,5620587,26.09290313720703
2002-03-19,36.718833923339844,37.375308990478516,36.70132827758789,37.22650909423828,5547355,26.45367431640625
2002-03-20,36.806365966796875,37.182743072509766,36.50876235961914,36.62255096435547,4807952,26.024484634399414
2002-03-21,36.25492477416992,36.412479400634766,34.924468994140625,35.90480422973633,7521764,25.514442443847656
2002-03-22,35.974830627441406,36.482505798339844,35.834781646728516,35.974830627441406,5519822,25.564208984375
2002-03-25,35.756004333496094,35.974830627441406,35.125789642333984,35.34461212158203,4138353,25.116369247436523
2002-03-26,35.16080093383789,36.21116256713867,35.13454055786133,35.53718185424805,5040215,25.253223419189453
2002-03-27,35.28334426879883,36.10612487792969,35.27458953857422,36.05360794067383,5471039,25.62018394470215
2002-03-28,36.141136169433594,36.45624542236328,35.49341583251953,35.85228729248047,4311093,25.477128982543945
2002-04-01,35.41463851928711,35.449649810791016,34.880706787109375,35.178306579589844,4531818,24.998197555541992
2002-04-02,34.924468994140625,35.18706130981445,34.539337158203125,34.88945770263672,6365360,24.792932510375977
2002-04-03,35.34461212158203,35.6159553527832,34.44305419921875,34.591854095458984,5790243,24.630884170532227
2002-04-04,34.61811447143555,35.257083892822266,34.4605598449707,35.14329528808594,6278990,25.023527145385742
2002-04-05,35.055763244628906,35.843536376953125,35.055763244628906,35.62471008300781,3793899,25.366308212280273
2002-04-08,35.318355560302734,35.95732498168945,35.09952926635742,35.57219314575195,4484634,25.328935623168945
2002-04-09,35.887298583984375,36.718833923339844,35.79977035522461,36.088619232177734,4874900,25.69664192199707
2002-04-10,36.19365310668945,36.78010559082031,35.974830627441406,36.23741912841797,5456186,25.802595138549805
2002-04-11,36.1498908996582,36.324951171875,34.9944953918457,35.16080093383789,6198218,25.035991668701172
2002-04-12,35.2308235168457,35.703487396240234,35.15204620361328,35.38837814331055,3823146,25.198043823242188
2002-04-15,35.49341583251953,35.66847610473633,34.871952056884766,35.15204620361328,4448989,25.029762268066406
2002-04-16,35.782264709472656,36.473751068115234,35.68598175048828,36.20240783691406,4909174,25.77766990661621
2002-04-17,36.38622283935547,36.806365966796875,36.01859664916992,36.01859664916992,4431052,25.646780014038086
2002-04-18,35.887298583984375,37.20024871826172,35.309600830078125,37.103965759277344,9543471,26.419605255126953
2002-04-19,37.89173889160156,38.0755500793457,37.61164093017578,38.014278411865234,8687878,27.067790985107422
2002-04-22,38.014278411865234,38.285621643066406,37.138980865478516,37.28778076171875,5701474,26.550493240356445
2002-04-23,37.54161834716797,38.408164978027344,37.31403732299805,37.49785232543945,6320005,26.70008087158203
2002-04-24,37.637901306152344,37.97926712036133,36.911399841308594,37.252769470214844,4299440,26.52556610107422
2002-04-25,37.11272048950195,37.716678619384766,36.63130569458008,37.296531677246094,6860276,26.556734085083008
2002-04-26,37.4803466796875,37.707923889160156,36.58753967285156,36.806365966796875,5723980,26.207714080810547
2002-04-29,36.78010559082031,36.937660217285156,35.887298583984375,35.887298583984375,6903804,25.553293228149414
2002-04-30,35.887298583984375,36.167396545410156,35.66847610473633,35.896053314208984,6684565,25.55952262878418
2002-05-01,35.95732498168945,36.613800048828125,35.33586120605469,36.5350227355957,4750371,26.014501571655273
2002-05-02,36.675071716308594,37.02518844604492,36.58753967285156,36.95516586303711,7343768,26.313661575317383
2002-05-03,36.95516586303711,36.95516586303711,36.324951171875,36.62255096435547,5494802,26.076826095581055
2002-05-06,36.58753967285156,36.850128173828125,35.948570251464844,35.98358154296875,4957386,25.621862411499023
2002-05-07,35.948570251464844,36.13238525390625,35.563438415527344,35.589698791503906,6054610,25.34138298034668
2002-05-08,36.01859664916992,37.637901306152344,35.7297477722168,37.375308990478516,5804981,26.612823486328125
2002-05-09,37.384063720703125,37.72542953491211,36.78886032104492,36.96392059326172,3936593,26.319894790649414
2002-05-10,36.850128173828125,37.130226135253906,36.088619232177734,36.324951171875,4219353,25.864917755126953
2002-05-13,36.51751708984375,38.03178405761719,36.43873977661133,37.637901306152344,4991089,26.7997989654541
2002-05-14,38.51319885253906,39.03837966918945,38.294376373291016,38.94209671020508,6154347,27.72843360900879
2002-05-15,38.31188201904297,39.309722900390625,38.206844329833984,39.27471160888672,5151148,27.965274810791016
2002-05-16,39.169673919677734,39.300968170166016,38.478187561035156,38.95085144042969,3369930,27.73467254638672
2002-05-17,38.99461364746094,39.309722900390625,38.16307830810547,38.679508209228516,4921970,27.541473388671875
2002-05-20,38.68825912475586,38.68825912475586,37.53286361694336,37.900489807128906,4154004,26.986764907836914
2002-05-21,38.2506103515625,38.41691589355469,36.97267150878906,37.01643753051758,4871130,26.357290267944336
2002-05-22,37.02518844604492,37.331546783447266,36.62255096435547,37.11272048950195,5104878,26.42585563659668
2002-05-23,37.489097595214844,37.707923889160156,36.911399841308594,37.55912399291992,4280018,26.74371337890625
2002-05-24,37.66415786743164,37.91799545288086,36.858882904052734,37.22650909423828,3687878,26.50687026977539
2002-05-28,37.20024871826172,37.35780334472656,36.18490219116211,36.482505798339844,4232492,25.97710609436035
2002-05-29,36.412479400634766,37.445335388183594,36.31619644165039,37.07770919799805,3494459,26.400909423828125
2002-05-30,36.54377365112305,37.27902603149414,36.333702087402344,36.98142623901367,4010853,26.33236312866211
2002-05-31,37.191497802734375,37.97051239013672,37.15648651123047,37.20900344848633,4851708,26.494396209716797
2002-06-03,37.322792053222656,37.707923889160156,35.887298583984375,35.9660758972168,4094025,25.609376907348633
2002-06-04,35.887298583984375,35.887298583984375,34.70564651489258,35.09077835083008,7829087,24.986141204833984
2002-06-05,35.43214416503906,36.04485321044922,35.2308235168457,35.896053314208984,4688450,25.55952262878418
2002-06-06,35.99233627319336,35.99233627319336,35.125789642333984,35.32710647583008,3623786,25.154407501220703
2002-06-07,34.26799392700195,34.819435119628906,33.41020202636719,34.27674865722656,9439735,24.406509399414062
2002-06-10,34.27674865722656,34.95948028564453,33.92662811279297,34.688140869140625,4718497,24.699447631835938
2002-06-11,34.880706787109375,35.055763244628906,33.6552848815918,33.900367736816406,5067063,24.138517379760742
2002-06-12,33.59401321411133,33.6552848815918,32.00096893310547,32.50864028930664,9172170,23.147552490234375
2002-06-13,32.421112060546875,32.50864028930664,31.335739135742188,31.440776824951172,8571804,22.38717269897461
2002-06-14,30.59173583984375,31.764636993408203,30.224109649658203,31.475788116455078,7608134,22.4121150970459
2002-06-17,31.948450088500977,33.69905090332031,31.860919952392578,33.436458587646484,7097338,23.80818748474121
2002-06-18,32.95504379272461,34.46931457519531,32.9200325012207,33.87411117553711,5275220,24.11981773376465
2002-06-19,33.62027359008789,34.27674865722656,33.130104064941406,33.243892669677734,4672112,23.67107582092285
2002-06-20,32.95504379272461,33.34893035888672,32.604923248291016,32.744972229003906,4898778,23.31581687927246
2002-06-21,32.19353485107422,32.89377212524414,32.167274475097656,32.64868927001953,11380898,23.247270584106445
2002-06-24,32.51739501953125,33.02507019042969,31.379505157470703,32.473628997802734,5981378,23.12261390686035
2002-06-25,32.473628997802734,33.086341857910156,31.77338981628418,31.790895462036133,5780761,22.63648223876953
2002-06-26,31.510799407958984,31.598329544067383,30.45168685913086,31.22195053100586,6926197,22.231365203857422
2002-06-27,31.90468406677246,32.73622131347656,31.318233489990234,32.45612335205078,6622758,23.110151290893555
2002-06-28,32.25480651855469,33.331424713134766,31.379505157470703,31.790895462036133,11381241,22.63648223876953
2002-07-01,32.07974624633789,32.92878723144531,31.99221420288086,32.482383728027344,6185308,23.12885284423828
2002-07-02,32.38610076904297,32.867515563964844,31.96595573425293,32.237300872802734,8987661,23.003929138183594
2002-07-03,31.825908660888672,31.948450088500977,30.985620498657227,31.677106857299805,6342054,22.60419464111328
2002-07-05,32.281063079833984,32.806243896484375,31.99221420288086,32.69245529174805,2382954,23.328712463378906
2002-07-08,32.744972229003906,33.243892669677734,32.26355743408203,32.38610076904297,4809551,23.110122680664062
2002-07-09,32.473628997802734,33.07758712768555,31.60708236694336,31.650848388671875,5409688,22.58544921875
2002-07-10,31.79964828491211,32.359840393066406,30.45168685913086,30.486698150634766,7193876,21.754735946655273
2002-07-11,30.084060668945312,31.291975021362305,29.497610092163086,30.661758422851562,7018051,21.87965965270996
2002-07-12,30.661758422851562,31.10816192626953,30.06655502319336,30.61799430847168,4560265,21.84842300415039
2002-07-15,30.06655502319336,30.14533233642578,27.9395751953125,29.445091247558594,9462242,21.011463165283203
2002-07-16,29.12998390197754,30.28537940979004,29.10372543334961,29.65516471862793,8669256,21.16136360168457
2002-07-17,29.32254981994629,30.19784927368164,28.884899139404297,29.768953323364258,11718040,21.242563247680664
2002-07-18,29.672670364379883,30.28537940979004,29.059959411621094,29.34880828857422,5350166,20.942752838134766
2002-07-19,28.727346420288086,28.954923629760742,27.440654754638672,27.703245162963867,7009711,19.76851463317871
2002-07-22,27.134300231933594,27.8520450592041,25.29616928100586,25.357440948486328,12163373,18.094589233398438
2002-07-23,25.60252571105957,26.136457443237305,24.55216407775879,25.086097717285156,10585628,17.900962829589844
2002-07-24,24.289575576782227,26.7841796875,23.56307601928711,26.635379791259766,12182909,19.006513595581055
2002-07-25,26.635379791259766,27.440654754638672,25.252405166625977,26.4865779876709,8443277,18.900327682495117
2002-07-26,26.302764892578125,27.134300231933594,26.013916015625,26.407800674438477,5434708,18.844106674194336
2002-07-29,27.134300231933594,29.45384407043457,27.090534210205078,29.313796997070312,8047641,20.917781829833984
2002-07-30,29.10372543334961,29.84773063659668,28.666074752807617,29.690176010131836,7511025,21.186344146728516
2002-07-31,30.53046417236328,30.94185447692871,29.865236282348633,30.86307716369629,11442248,22.02330780029297
2002-08-01,30.06655502319336,30.416675567626953,29.54137420654297,30.075307846069336,7448760,21.46116828918457
2002-08-02,29.865236282348633,29.87398910522461,28.46475601196289,28.902406692504883,5562321,20.624216079711914
2002-08-05,28.902406692504883,29.059959411621094,26.434059143066406,26.574108123779297,9889181,18.962783813476562
2002-08-06,27.00300407409668,28.814876556396484,26.985498428344727,28.009599685668945,7339426,19.98712158203125
2002-08-07,29.04245376586914,29.12998390197754,28.149648666381836,28.946170806884766,7081001,20.655452728271484
2002-08-08,28.972429275512695,31.02938461303711,28.946170806884766,30.679264068603516,6294528,21.89215087890625
2002-08-09,30.416675567626953,31.6420955657959,30.022790908813477,31.4670352935791,6418257,22.45428466796875
2002-08-12,30.854324340820312,31.44952964782715,30.3116397857666,31.05564308166504,4368331,22.160717010498047
2002-08-13,30.81056022644043,31.887178421020508,30.28537940979004,30.486698150634766,4572489,21.754735946655273
2002-08-14,30.17159080505371,31.948450088500977,29.935260772705078,31.83466148376465,6184737,22.716615676879883
2002-08-15,31.860919952392578,32.84125518798828,31.650848388671875,32.77998352050781,5162916,23.391178131103516
2002-08-16,32.561161041259766,32.674949645996094,31.922191619873047,32.21104049682617,3948932,22.985191345214844
2002-08-19,32.12350845336914,32.998809814453125,31.948450088500977,32.937538146972656,4346510,23.503604888916016
2002-08-20,32.38610076904297,32.72746658325195,31.537059783935547,31.96595573425293,4816063,22.810306549072266
2002-08-21,32.05348587036133,32.57866668701172,31.291975021362305,32.412357330322266,3631212,23.12885093688965
2002-08-22,32.412357330322266,33.64653015136719,32.35108947753906,33.42770767211914,4383411,23.853376388549805
2002-08-23,33.11259841918945,33.23514175415039,32.552406311035156,32.68370056152344,3263795,23.322473526000977
2002-08-26,32.76247787475586,33.480224609375,32.552406311035156,33.3051643371582,3190220,23.765939712524414
2002-08-27,33.480224609375,33.67279052734375,32.167274475097656,32.46487808227539,4596138,23.16632652282715
2002-08-28,32.21104049682617,32.3248291015625,31.405763626098633,31.72087287902832,3505198,22.63541603088379
2002-08-29,31.073150634765625,31.8521671295166,30.950607299804688,31.537059783935547,4179024,22.504247665405273
2002-08-30,31.432022094726562,32.33358383178711,31.291975021362305,31.563318252563477,3230664,22.523000717163086
2002-09-03,31.116914749145508,31.160680770874023,29.06871223449707,29.18250274658203,6305381,20.82408905029297
2002-09-04,29.278785705566406,30.346651077270508,29.278785705566406,30.19784927368164,5819947,21.548608779907227
2002-09-05,29.54137420654297,30.28537940979004,29.42758560180664,29.856483459472656,4617845,21.305021286010742
2002-09-06,30.302885055541992,30.6967716217041,30.302885055541992,30.372909545898438,3521193,21.673534393310547
2002-09-09,29.436338424682617,30.679264068603516,29.366315841674805,30.512958526611328,5518451,21.77347755432129
2002-09-10,30.460439682006836,30.635499954223633,29.97902488708496,30.635499954223633,6005941,21.860923767089844
2002-09-11,31.60708236694336,31.6420955657959,30.329145431518555,30.45168685913086,3356335,21.729751586914062
2002-09-12,30.00528335571289,30.267873764038086,29.46259880065918,29.62015151977539,4106935,21.136383056640625
2002-09-13,29.191255569458008,30.19784927368164,29.191255569458008,29.9265079498291,4508626,21.354990005493164
2002-09-16,29.585140228271484,30.609241485595703,29.585140228271484,30.495452880859375,3595224,21.760986328125
2002-09-17,30.854324340820312,30.985620498657227,29.04245376586914,29.10372543334961,6928710,20.767873764038086
2002-09-18,28.753604888916016,28.96367645263672,27.624467849731445,28.4122371673584,9158117,20.274436950683594
2002-09-19,27.65947914123535,28.534780502319336,27.571950912475586,27.61571502685547,5432537,19.706058502197266
2002-09-20,28.07962417602539,28.27219009399414,27.458160400390625,27.817033767700195,9199703,19.849708557128906
2002-09-23,27.353124618530273,27.711997985839844,26.61787223815918,27.370630264282227,4820976,19.531169891357422
2002-09-24,27.379383087158203,28.14089584350586,27.0817813873291,27.099288940429688,6093568,19.33754539489746
2002-09-25,27.554443359375,28.009599685668945,26.477825164794922,27.74700927734375,5425111,19.79975128173828
2002-09-26,28.447250366210938,29.007442474365234,28.088376998901367,28.788616180419922,5420199,20.54300880432129
2002-09-27,28.788616180419922,29.007442474365234,27.484420776367188,27.554443359375,4801325,19.662328720092773
2002-09-30,27.06427574157715,27.65947914123535,26.477825164794922,27.291854858398438,7956929,19.47494888305664
2002-10-01,27.39689064025879,28.639816284179688,26.714155197143555,28.639816284179688,6172855,20.436830520629883
2002-10-02,28.403484344482422,28.648569107055664,27.134300231933594,27.30936050415039,5260939,19.53521156311035
2002-10-03,27.353124618530273,27.703245162963867,25.996410369873047,26.223987579345703,7334057,18.758819580078125
2002-10-04,26.223987579345703,26.46031951904297,24.24580955505371,24.972309112548828,8410031,17.863449096679688
2002-10-07,24.972309112548828,25.129863739013672,23.239215850830078,23.28297996520996,9638067,16.655019760131836
2002-10-08,24.237056732177734,25.13861656188965,23.431781768798828,24.8585205078125,10509654,17.782052993774414
2002-10-09,24.324586868286133,24.683460235595703,23.773147583007812,23.92194938659668,8921741,17.112092971801758
2002-10-10,24.05324363708496,25.82135009765625,23.37051010131836,25.646289825439453,8338170,18.345571517944336
2002-10-11,26.215234756469727,27.711997985839844,26.215234756469727,27.020511627197266,8830915,19.328584671020508
2002-10-14,26.407800674438477,27.484420776367188,26.390295028686523,27.221830368041992,4538101,19.472593307495117
2002-10-15,28.666074752807617,29.87398910522461,28.57854461669922,29.51511573791504,8754598,21.113052368164062
2002-10-16,28.24593162536621,29.34880828857422,27.799528121948242,28.184659957885742,6754713,20.16133689880371
2002-10-17,29.628904342651367,29.84773063659668,29.32254981994629,29.84773063659668,6300583,21.350969314575195
2002-10-18,29.497610092163086,30.399169921875,29.112478256225586,29.585140228271484,4701017,21.16313934326172
2002-10-21,29.54137420654297,30.58298110961914,29.01619529724121,30.14533233642578,5669028,21.563871383666992
2002-10-22,29.59389305114746,30.372909545898438,29.54137420654297,29.87398910522461,4336570,21.369766235351562
2002-10-23,29.742694854736328,29.76020050048828,28.49101448059082,29.497610092163086,7313036,21.100534439086914
2002-10-24,29.716434478759766,29.830223083496094,28.289695739746094,28.499767303466797,6293842,20.386734008789062
2002-10-25,28.447250366210938,29.10372543334961,27.61571502685547,28.998689651489258,5564949,20.743635177612305
2002-10-28,29.15624237060547,30.679264068603516,28.315954208374023,29.97902488708496,10476751,21.444902420043945
2002-10-29,29.97902488708496,30.574228286743164,29.383821487426758,30.574228286743164,8859248,21.87066078186035
2002-10-30,30.635499954223633,31.72087287902832,30.399169921875,31.624589920043945,7711756,22.622026443481445
2002-10-31,31.77338981628418,31.948450088500977,31.291975021362305,31.83466148376465,7219239,22.772293090820312
2002-11-01,31.65960121154785,31.90468406677246,31.00312614440918,31.729625701904297,6799383,22.697162628173828
2002-11-04,32.368595123291016,34.23298263549805,32.237300872802734,32.85000991821289,10508511,23.49860382080078
2002-11-05,31.782142639160156,32.51739501953125,31.510799407958984,32.035980224609375,7407632,22.916301727294922
2002-11-06,32.38610076904297,32.38610076904297,31.204444885253906,32.237300872802734,7086142,23.060312271118164
2002-11-07,31.598329544067383,31.90468406677246,30.801807403564453,31.073150634765625,5391523,22.22756004333496
2002-11-08,30.688018798828125,31.77338981628418,30.688018798828125,31.116914749145508,4648578,22.258867263793945
2002-11-11,30.854324340820312,31.073150634765625,30.609241485595703,30.766794204711914,3088884,22.008413314819336
2002-11-12,30.635499954223633,31.204444885253906,30.547969818115234,30.688018798828125,4320233,21.952064514160156
2002-11-13,30.6967716217041,31.510799407958984,30.154085159301758,30.81056022644043,5948475,22.03972816467285
2002-11-14,31.58082389831543,32.359840393066406,31.318233489990234,32.34233474731445,5205187,23.135448455810547
2002-11-15,32.35108947753906,32.96379852294922,31.860919952392578,32.95504379272461,6769450,23.573732376098633
2002-11-18,33.20888137817383,33.26139831542969,32.06224060058594,32.15852355957031,6372786,23.00396728515625
2002-11-19,32.167274475097656,33.130104064941406,32.167274475097656,32.613677978515625,4646293,23.329553604125977
2002-11-20,32.64868927001953,34.18921661376953,32.613677978515625,33.73406219482422,7727979,24.130990982055664
2002-11-21,33.94413375854492,34.784423828125,33.87411117553711,34.486820220947266,6910202,24.669464111328125
2002-11-22,34.49557113647461,34.871952056884766,34.294254302978516,34.58310317993164,5533646,24.738344192504883
2002-11-25,34.58310317993164,34.863197326660156,34.00540542602539,34.46931457519531,4595339,24.656932830810547
2002-11-26,34.46931457519531,34.46931457519531,33.130104064941406,33.18262481689453,6636924,23.736526489257812
2002-11-27,33.436458587646484,34.70564651489258,33.41020202636719,34.25924301147461,4706386,24.506668090820312
2002-11-29,34.51308059692383,34.66188049316406,34.05792236328125,34.0754280090332,2440992,24.375179290771484
2002-12-02,34.08418273925781,34.793174743652344,33.392696380615234,33.80408477783203,5909288,24.181081771850586
2002-12-03,33.80408477783203,33.80408477783203,33.130104064941406,33.2701530456543,4591683,23.799144744873047
2002-12-04,32.89377212524414,33.243892669677734,32.49113464355469,33.06883239746094,5408431,23.655136108398438
2002-12-05,33.3051643371582,33.42770767211914,32.44737243652344,32.70120620727539,3951331,23.392162322998047
2002-12-06,31.99221420288086,33.243892669677734,31.948450088500977,32.91128158569336,4147721,23.542442321777344
2002-12-09,32.429866790771484,32.77998352050781,32.035980224609375,32.035980224609375,4127499,22.916301727294922
2002-12-10,32.167274475097656,32.4998893737793,31.957202911376953,32.30732345581055,3943791,23.110397338867188
2002-12-11,31.90468406677246,32.35108947753906,31.65960121154785,32.088497161865234,3027762,22.953874588012695
2002-12-12,31.922191619873047,32.604923248291016,31.738378524780273,32.07974624633789,3085456,22.94761085510254
2002-12-13,32.088497161865234,32.088497161865234,31.291975021362305,31.458282470703125,3813321,22.503047943115234
2002-12-16,31.49329376220703,32.31607437133789,31.458282470703125,32.228546142578125,4270993,23.05405044555664
2002-12-17,32.228546142578125,32.867515563964844,31.948450088500977,32.20228576660156,3823603,23.035268783569336
2002-12-18,32.21104049682617,32.21104049682617,31.239456176757812,31.545812606811523,4080544,22.5656681060791
2002-12-19,31.073150634765625,32.12350845336914,31.00312614440918,31.41451644897461,5660459,22.471750259399414
2002-12-20,31.90468406677246,32.5349006652832,31.68585968017578,32.40360641479492,7699646,23.179275512695312
2002-12-23,32.473628997802734,32.806243896484375,32.04473114013672,32.30732345581055,3428882,23.110397338867188
2002-12-24,32.088497161865234,32.29856872558594,31.77338981628418,31.91343879699707,1271793,22.828641891479492
2002-12-26,31.99221420288086,32.69245529174805,31.68585968017578,31.895931243896484,2143951,22.816120147705078
2002-12-27,31.729625701904297,31.922191619873047,30.985620498657227,31.230703353881836,2533074,22.340261459350586
2002-12-30,31.44952964782715,31.502046585083008,30.766794204711914,31.213197708129883,2862790,22.327747344970703
2002-12-31,31.073150634765625,31.116914749145508,30.224109649658203,30.94185447692871,3618988,22.18340492248535
2003-01-02,31.335739135742188,32.141014099121094,30.94185447692871,32.097251892089844,3656803,23.011754989624023
2003-01-03,32.1147575378418,32.4998893737793,31.96595573425293,32.21104049682617,2924026,23.093334197998047
2003-01-06,32.141014099121094,33.515235900878906,32.07974624633789,33.34017562866211,4954873,23.902851104736328
2003-01-07,33.130104064941406,33.436458587646484,32.666194915771484,32.89377212524414,3612933,23.58281898498535
2003-01-08,32.90252685546875,33.42770767211914,32.43861770629883,32.64868927001953,4426825,23.407102584838867
2003-01-09,32.77998352050781,33.716556549072266,32.77998352050781,33.34017562866211,6270193,23.902851104736328
2003-01-10,32.73622131347656,33.769073486328125,32.613677978515625,33.41895294189453,4836285,23.959341049194336
2003-01-13,33.93538284301758,34.092933654785156,33.41895294189453,33.73406219482422,3754941,24.18524742126465
2003-01-14,33.56775665283203,34.092933654785156,33.243892669677734,33.637779235839844,4033931,24.116212844848633
2003-01-15,33.53274154663086,33.60276794433594,32.753726959228516,32.97254943847656,3324460,23.63929557800293
2003-01-16,33.086341857910156,33.252647399902344,32.51739501953125,32.7099609375,3385125,23.451034545898438
2003-01-17,32.38610076904297,32.91128158569336,32.12350845336914,32.3248291015625,3350508,23.174911499023438
2003-01-21,32.622432708740234,32.64868927001953,31.283222198486328,31.4670352935791,4340112,22.559925079345703
2003-01-22,31.30072784423828,31.475788116455078,30.59173583984375,30.705524444580078,5381126,22.013975143432617
2003-01-23,30.97686767578125,31.116914749145508,29.768953323364258,30.8718318939209,8345710,22.133209228515625
2003-01-24,30.880584716796875,30.880584716796875,29.094972610473633,29.497610092163086,7413458,21.14797019958496
2003-01-27,29.121231079101562,29.97902488708496,28.49101448059082,29.252525329589844,10461785,20.972253799438477
2003-01-28,29.917753219604492,30.950607299804688,29.768953323364258,30.653005599975586,8525534,21.976327896118164
2003-01-29,30.661758422851562,31.13442039489746,29.935260772705078,30.775548934936523,5818691,22.064176559448242
2003-01-30,30.775548934936523,31.160680770874023,30.267873764038086,30.39041519165039,5312122,21.78805923461914
2003-01-31,30.154085159301758,31.423269271850586,30.154085159301758,31.099409103393555,6339084,22.29636001586914
2003-02-03,31.204444885253906,31.633342742919922,31.02938461303711,31.248210906982422,4121216,22.403045654296875
2003-02-04,30.854324340820312,30.86307716369629,30.215356826782227,30.372909545898438,4895921,21.7755069732666
2003-02-05,30.793054580688477,31.151927947998047,30.110319137573242,30.329145431518555,4978065,21.744131088256836
2003-02-06,30.022790908813477,30.154085159301758,29.024948120117188,29.550128936767578,6861533,21.18561553955078
2003-02-07,29.558881759643555,30.19784927368164,29.243772506713867,29.532621383666992,4784645,21.17307472229004
2003-02-10,29.366315841674805,29.54137420654297,28.736099243164062,29.383821487426758,5139495,21.06639289855957
2003-02-11,29.628904342651367,29.87398910522461,28.814876556396484,29.033700942993164,4919113,20.815380096435547
2003-02-12,29.04245376586914,29.04245376586914,28.29844856262207,28.447250366210938,4094825,20.39493179321289
2003-02-13,28.447250366210938,28.65732192993164,27.9395751953125,28.49101448059082,4749572,20.426300048828125
2003-02-14,28.43849754333496,29.112478256225586,28.123388290405273,29.01619529724121,6052211,20.802833557128906
2003-02-18,29.410079956054688,30.55672264099121,29.366315841674805,30.022790908813477,5718040,21.524499893188477
2003-02-19,30.022790908813477,30.14533233642578,29.628904342651367,29.97902488708496,5566320,21.493112564086914
2003-02-20,29.987777709960938,30.06655502319336,29.340055465698242,29.471351623535156,3774592,21.129135131835938
2003-02-21,29.45384407043457,29.76020050048828,28.91115951538086,29.45384407043457,5227922,21.116594314575195
2003-02-24,29.20876121520996,29.26127815246582,28.779863357543945,28.867393493652344,4236605,20.696149826049805
2003-02-25,28.867393493652344,29.10372543334961,28.10588264465332,28.93741798400879,5476180,20.74635124206543
2003-02-26,28.946170806884766,29.059959411621094,28.38597869873047,28.648569107055664,5944819,20.539264678955078
2003-02-27,28.884899139404297,29.383821487426758,28.569791793823242,28.954923629760742,4444533,20.7589054107666
2003-02-28,28.981182098388672,29.690176010131836,28.96367645263672,29.392574310302734,5481435,21.072664260864258
2003-03-03,29.585140228271484,29.84773063659668,28.972429275512695,29.024948120117188,4525648,20.809114456176758
2003-03-04,29.024948120117188,29.094972610473633,28.674827575683594,28.674827575683594,4275677,20.558076858520508
2003-03-05,28.639816284179688,29.04245376586914,28.587297439575195,29.007442474365234,6359877,20.79655647277832
2003-03-06,28.788616180419922,29.007442474365234,28.43849754333496,28.49101448059082,5486919,20.426300048828125
2003-03-07,28.035858154296875,29.34880828857422,27.992094039916992,28.946170806884766,6564721,20.75262451171875
2003-03-10,28.508520126342773,28.788616180419922,27.755762100219727,27.904563903808594,4934651,20.005859375
2003-03-11,27.904563903808594,28.254684448242188,27.571950912475586,27.650726318359375,5206786,19.823871612548828
2003-03-12,27.571950912475586,27.78202247619629,27.046770095825195,27.563196182250977,8296698,19.761110305786133
2003-03-13,28.210918426513672,29.04245376586914,27.94832992553711,28.919912338256836,7768651,20.73380470275879
2003-03-14,29.226266860961914,29.830223083496094,29.007442474365234,29.305044174194336,6414258,21.00991439819336
2003-03-17,29.305044174194336,31.291975021362305,29.121231079101562,31.213197708129883,8128870,22.377944946289062
2003-03-18,31.283222198486328,31.598329544067383,31.00312614440918,31.563318252563477,7720781,22.62895965576172
2003-03-19,32.25480651855469,32.25480651855469,31.178186416625977,31.77338981628418,5902548,22.779565811157227
2003-03-20,31.77338981628418,32.38610076904297,31.309480667114258,32.12350845336914,5590540,23.03057861328125
2003-03-21,32.38610076904297,33.243892669677734,31.68585968017578,33.138858795166016,7677482,23.758516311645508
2003-03-24,32.29856872558594,32.359840393066406,31.510799407958984,31.817155838012695,6459271,22.81094741821289
2003-03-25,31.510799407958984,31.51955223083496,30.59173583984375,30.86307716369629,10939221,22.12692642211914
2003-03-26,30.81056022644043,30.968114852905273,30.50420570373535,30.793054580688477,7669142,22.07672691345215
2003-03-27,30.460439682006836,30.469192504882812,29.944013595581055,30.136579513549805,8269165,21.606077194213867
2003-03-28,29.935260772705078,30.04029655456543,29.690176010131836,29.95276641845703,5655775,21.474292755126953
2003-03-31,29.436338424682617,29.471351623535156,29.01619529724121,29.086219787597656,6596481,20.85302734375
2003-04-01,29.094972610473633,29.628904342651367,28.762357711791992,29.42758560180664,7810008,21.09777069091797
2003-04-02,30.022790908813477,30.845571517944336,30.022790908813477,30.407922744750977,6763395,21.852609634399414
2003-04-03,30.74928855895996,30.933101654052734,30.3116397857666,30.355403900146484,4611790,21.814868927001953
2003-04-04,30.714277267456055,31.06439781188965,30.42542839050293,31.05564308166504,5594082,22.318084716796875
2003-04-07,32.035980224609375,32.38610076904297,31.291975021362305,31.309480667114258,8215812,22.500516891479492
2003-04-08,31.309480667114258,31.309480667114258,30.740535736083984,30.83681869506836,5779618,22.160837173461914
2003-04-09,30.635499954223633,31.22195053100586,30.014036178588867,30.110319137573242,7317834,21.638742446899414
2003-04-10,30.19784927368164,30.626747131347656,29.803964614868164,30.521711349487305,7553981,21.934383392333984
2003-04-11,30.83681869506836,31.160680770874023,30.127826690673828,30.302885055541992,5901062,21.777124404907227
2003-04-14,30.329145431518555,31.19569206237793,30.28537940979004,31.16943359375,4262881,22.399873733520508
2003-04-15,31.16943359375,32.29856872558594,31.02938461303711,32.29856872558594,7851822,23.211326599121094
2003-04-16,32.29856872558594,32.58741760253906,31.74713134765625,31.817155838012695,5755741,22.865358352661133
2003-04-17,31.825908660888672,32.674949645996094,31.817155838012695,32.45612335205078,4659203,23.324541091918945
2003-04-21,32.45612335205078,32.64868927001953,31.729625701904297,31.922191619873047,3888153,22.94083595275879
2003-04-22,31.922191619873047,33.252647399902344,31.60708236694336,33.16511535644531,6167600,23.834056854248047
2003-04-23,33.14760971069336,33.21763610839844,32.73622131347656,32.84125518798828,5986290,23.601314544677734
2003-04-24,32.12350845336914,32.753726959228516,31.99221420288086,32.429866790771484,7924940,23.305681228637695
2003-04-25,31.510799407958984,32.561161041259766,31.510799407958984,32.1147575378418,4644693,23.079221725463867
2003-04-28,32.33358383178711,33.051326751708984,32.281063079833984,32.814998626708984,4648463,23.582456588745117
2003-04-29,33.04257583618164,33.69905090332031,32.674949645996094,33.02507019042969,5748315,23.733423233032227
2003-04-30,33.11259841918945,33.36643600463867,32.753726959228516,33.138858795166016,5401577,23.815183639526367
2003-05-01,33.138858795166016,33.29641342163086,32.38610076904297,33.04257583618164,4806923,23.74601173400879
2003-05-02,32.622432708740234,33.821590423583984,32.622432708740234,33.664039611816406,5089455,24.19261360168457
2003-05-05,33.81283950805664,33.91787338256836,33.322669982910156,33.53274154663086,4094253,24.098249435424805
2003-05-06,33.6552848815918,34.591854095458984,33.62027359008789,34.2242317199707,6729121,24.59520149230957
2003-05-07,34.25048828125,34.46931457519531,33.856605529785156,34.14545440673828,5300468,24.53858184814453
2003-05-08,33.664039611816406,34.14545440673828,33.45396423339844,33.49773025512695,5569633,24.073095321655273
2003-05-09,33.769073486328125,34.89821243286133,33.716556549072266,34.83694076538086,8671884,25.03551483154297
2003-05-12,34.600608825683594,35.834781646728516,34.57434844970703,35.3796272277832,7478350,25.42551612854004
2003-05-13,35.3796272277832,35.5809440612793,35.15204620361328,35.27458953857422,5424769,25.350034713745117
2003-05-14,35.49341583251953,35.81727600097656,35.33586120605469,35.370872497558594,7454016,25.419219970703125
2003-05-15,35.370872497558594,35.87854766845703,35.257083892822266,35.87854766845703,5365475,25.784055709838867
2003-05-16,35.87854766845703,36.1148796081543,35.54593276977539,35.5546875,7115503,25.55132293701172
2003-05-19,35.14329528808594,35.3796272277832,34.61811447143555,34.740657806396484,6073461,24.966323852539062
2003-05-20,34.53058624267578,35.16080093383789,34.30300521850586,34.71439743041992,7884268,24.947463989257812
2003-05-21,34.44305419921875,35.23957824707031,34.26799392700195,35.09077835083008,6157317,25.217937469482422
2003-05-22,35.09077835083008,35.21331787109375,34.61811447143555,34.96823501586914,6441563,25.12987518310547
2003-05-23,34.96823501586914,35.248329162597656,34.83694076538086,35.00324630737305,3691077,25.15504264831543
2003-05-27,35.00324630737305,36.00984191894531,34.36427688598633,35.642215728759766,6741917,25.614227294921875
2003-05-28,35.642215728759766,36.937660217285156,35.642215728759766,36.43873977661133,7456415,26.1866455078125
2003-05-29,36.44749069213867,36.850128173828125,35.54593276977539,35.91355895996094,8547127,25.809221267700195
2003-05-30,36.06235885620117,36.937660217285156,35.370872497558594,36.464996337890625,6359534,26.205516815185547
2003-06-02,36.76259994506836,37.716678619384766,36.75384521484375,37.09521484375,7017137,26.65842056274414
2003-06-03,37.051448822021484,37.53286361694336,36.675071716308594,37.06895446777344,4316463,26.639558792114258
2003-06-04,37.22650909423828,38.11931610107422,37.15648651123047,38.0405387878418,5797669,27.337778091430664
2003-06-05,38.0405387878418,38.46943664550781,37.821712493896484,38.0755500793457,7372329,27.36294174194336
2003-06-06,38.0755500793457,39.055885314941406,37.637901306152344,37.79545211791992,6365932,27.161643981933594
2003-06-09,37.707923889160156,37.961761474609375,37.252769470214844,37.436580657958984,5232606,26.903745651245117
2003-06-10,37.69916915893555,38.0755500793457,37.375308990478516,37.72542953491211,4793671,27.111316680908203
2003-06-11,37.681663513183594,38.35564422607422,37.576629638671875,38.206844329833984,4367760,27.45728874206543
2003-06-12,38.206844329833984,38.486942291259766,37.830467224121094,38.19809341430664,3936936,27.451013565063477
2003-06-13,38.294376373291016,38.36439895629883,37.55912399291992,38.014278411865234,3773449,27.31890296936035
2003-06-16,38.44317626953125,39.03837966918945,38.19809341430664,39.02962875366211,5404661,28.048580169677734
2003-06-17,39.02962875366211,39.248451232910156,38.30312728881836,38.52195358276367,5723066,27.683748245239258
2003-06-18,38.52195358276367,38.88082504272461,37.953006744384766,38.43442153930664,4656918,27.6208438873291
2003-06-19,38.52195358276367,38.68825912475586,37.55912399291992,37.67291259765625,5781675,27.07358169555664
2003-06-20,38.101810455322266,38.51319885253906,37.41032028198242,37.576629638671875,8041586,27.00439453125
2003-06-23,37.576629638671875,37.60288619995117,36.63130569458008,36.87638854980469,4459957,26.50115966796875
2003-06-24,36.87638854980469,37.331546783447266,36.76259994506836,37.22650909423828,3903576,26.752788543701172
2003-06-25,37.22650909423828,37.830467224121094,37.1214714050293,37.17399215698242,5946647,26.715042114257812
2003-06-26,37.23526382446289,37.36655807495117,36.8851432800293,37.27902603149414,4127499,26.79051971435547
2003-06-27,37.04269790649414,37.6554069519043,36.95516586303711,37.130226135253906,4409917,26.6835880279541
2003-06-30,37.16523742675781,37.42782974243164,36.59629440307617,36.59629440307617,6536159,26.29987335205078
2003-07-01,36.18490219116211,36.78886032104492,35.92231369018555,36.68382263183594,5921056,26.425983428955078
2003-07-02,36.68382263183594,37.11272048950195,36.675071716308594,37.01643753051758,4600708,26.66559600830078
2003-07-03,36.745094299316406,37.26152038574219,36.59629440307617,36.998931884765625,2033817,26.65297508239746
2003-07-07,37.62039566040039,38.41691589355469,37.55912399291992,38.13682174682617,5014281,27.472673416137695
2003-07-08,38.11931610107422,38.80204772949219,37.92675018310547,38.70576477050781,3669599,27.88254165649414
2003-07-09,38.600730895996094,39.055885314941406,38.22434997558594,38.346893310546875,3627556,27.624011993408203
2003-07-10,38.03178405761719,38.24185562133789,37.489097595214844,37.89173889160156,3894208,27.29612159729004
2003-07-11,37.91799545288086,38.591976165771484,37.91799545288086,38.478187561035156,3230550,27.718597412109375
2003-07-14,39.33598327636719,40.57015609741211,39.27471160888672,39.73862075805664,8678510,28.626569747924805
2003-07-15,40.26380157470703,40.3513298034668,39.39725112915039,39.511043548583984,6472524,28.462635040283203
2003-07-16,40.04497528076172,40.06248092651367,39.1959342956543,39.86116027832031,5678510,28.714872360229492
2003-07-17,39.47602844238281,39.589820861816406,38.89833068847656,39.2309455871582,4864047,28.260860443115234
2003-07-18,39.60732650756836,39.92243194580078,39.32722854614258,39.86116027832031,4430252,28.714872360229492
2003-07-21,39.782386779785156,39.79989242553711,38.740779876708984,38.915836334228516,3738947,28.033864974975586
2003-07-22,38.96835708618164,39.370994567871094,38.43442153930664,39.18717956542969,3444990,28.229339599609375
2003-07-23,39.300968170166016,39.34473419189453,38.732025146484375,39.108402252197266,3134354,28.172590255737305
2003-07-24,39.45852279663086,40.027469635009766,38.69701385498047,38.863319396972656,4773678,27.996015548706055
2003-07-25,38.85456848144531,39.92243194580078,38.49569320678711,39.91368103027344,4882098,28.75269317626953
2003-07-28,40.132503509521484,40.43010711669922,39.318477630615234,39.39725112915039,9912944,28.380659103393555
2003-07-29,39.51979446411133,39.939937591552734,38.793296813964844,39.257205963134766,6137439,28.279766082763672
2003-07-30,39.08214569091797,39.22219467163086,38.77579116821289,38.81955337524414,4679767,27.964496612548828
2003-07-31,39.08214569091797,39.28346252441406,38.51319885253906,38.66200256347656,5052553,27.851016998291016
2003-08-01,38.644493103027344,38.65324783325195,37.900489807128906,38.00552749633789,5097338,27.378108978271484
2003-08-04,38.00552749633789,38.36439895629883,37.39281463623047,38.22434997558594,4949732,27.535722732543945
2003-08-05,37.769195556640625,38.11931610107422,37.08646011352539,37.15648651123047,6097681,26.76647186279297
2003-08-06,37.15648651123047,38.68825912475586,37.07770919799805,38.11931610107422,6644351,27.4600772857666
2003-08-07,38.338138580322266,38.8458137512207,38.03178405761719,38.723270416259766,4627671,27.895160675048828
2003-08-08,38.81955337524414,39.0208740234375,38.51319885253906,38.8458137512207,3313721,27.983421325683594
2003-08-11,38.8458137512207,38.90708541870117,38.08430480957031,38.58322525024414,3399863,27.79425621032715
2003-08-12,38.74953079223633,39.38850021362305,38.740779876708984,39.300968170166016,5135268,28.311294555664062
2003-08-13,39.34473419189453,39.406005859375,38.933345794677734,39.20468521118164,3614532,28.241945266723633
2003-08-14,39.32722854614258,39.939937591552734,39.15216827392578,39.86991500854492,4156975,28.72113609313965
2003-08-15,40.03622055053711,40.04497528076172,39.589820861816406,39.826148986816406,3127956,28.689624786376953
2003-08-18,39.826148986816406,40.15876388549805,39.694854736328125,39.91368103027344,3330972,28.75269317626953
2003-08-19,40.0012092590332,40.10624694824219,39.633583068847656,40.079986572265625,3392208,28.872474670410156
2003-08-20,40.079986572265625,40.079986572265625,39.65108871459961,39.79989242553711,3536502,28.670703887939453
2003-08-21,39.92243194580078,40.43010711669922,39.79989242553711,40.20252990722656,5116988,28.960758209228516
2003-08-22,40.39509582519531,40.61391830444336,39.554805755615234,39.756126403808594,4502228,28.639183044433594
2003-08-25,39.66859436035156,39.747371673583984,39.34473419189453,39.502288818359375,3354279,28.45633888244629
2003-08-26,39.20468521118164,39.511043548583984,38.80204772949219,38.99461364746094,4005827,28.090620040893555
2003-08-27,39.37974548339844,39.37974548339844,38.76703643798828,38.924591064453125,3710728,28.040185928344727
2003-08-28,39.01211929321289,39.42351150512695,38.49569320678711,39.34473419189453,3805210,28.34282112121582
2003-08-29,39.125911712646484,39.511043548583984,39.117156982421875,39.43226623535156,2520165,28.40587615966797
2003-09-02,39.45852279663086,40.018714904785156,39.1959342956543,39.896175384521484,3873986,28.74005889892578
2003-09-03,39.896175384521484,40.088741302490234,39.502288818359375,39.9661979675293,5803496,28.79050636291504
2003-09-04,39.68610382080078,39.98370361328125,39.67734909057617,39.81739807128906,2814121,28.683313369750977
2003-09-05,39.81739807128906,40.00996398925781,39.48478317260742,39.563560485839844,3138810,28.500463485717773
2003-09-08,39.65108871459961,40.15876388549805,39.563560485839844,40.0012092590332,3264138,28.815732955932617
2003-09-09,39.633583068847656,40.088741302490234,39.5810661315918,39.87866973876953,4639209,28.72744369506836
2003-09-10,39.84365463256836,39.99245834350586,39.300968170166016,39.43226623535156,4135039,28.40587615966797
2003-09-11,39.60732650756836,40.11499786376953,39.60732650756836,39.76487731933594,3918428,28.64548110961914
2003-09-12,39.563560485839844,39.73862075805664,39.01211929321289,39.300968170166016,5796070,28.311294555664062
2003-09-15,39.257205963134766,39.46727752685547,39.07339096069336,39.07339096069336,4044556,28.147350311279297
2003-09-16,39.117156982421875,39.68610382080078,39.117156982421875,39.60732650756836,5358163,28.531984329223633
2003-09-17,39.563560485839844,40.027469635009766,39.511043548583984,39.694854736328125,3607220,28.595050811767578
2003-09-18,39.948692321777344,41.366676330566406,39.79989242553711,41.20912551879883,9114704,29.685882568359375
2003-09-19,40.9202766418457,41.322914123535156,40.9202766418457,41.182865142822266,8489432,29.666967391967773
2003-09-22,41.182865142822266,41.244136810302734,40.64017868041992,40.80648422241211,5003427,29.395832061767578
2003-09-23,40.76272201538086,41.41919708251953,40.76272201538086,41.14785385131836,5533074,29.641742706298828
2003-09-24,41.1566047668457,41.53298568725586,40.141258239746094,40.17626953125,6516509,28.941831588745117
2003-09-25,40.132503509521484,40.596412658691406,39.91368103027344,39.92243194580078,4674969,28.75897789001465
2003-09-26,39.703609466552734,39.71236038208008,39.15216827392578,39.26595687866211,5054838,28.286096572875977
2003-09-29,39.35348892211914,40.132503509521484,39.35348892211914,39.896175384521484,4829658,28.74005889892578
2003-09-30,39.694854736328125,39.99245834350586,39.20468521118164,39.441017150878906,5397007,28.412185668945312
2003-10-01,39.59857177734375,40.31631851196289,39.49353790283203,40.31631851196289,4855364,29.107324600219727
2003-10-02,40.30756378173828,40.57890701293945,40.04497528076172,40.412601470947266,2920370,29.176847457885742
2003-10-03,41.03406524658203,41.244136810302734,40.69269561767578,40.7714729309082,4293271,29.435943603515625
2003-10-06,40.78022766113281,41.07782745361328,40.50012969970703,40.7364616394043,2235348,29.410640716552734
2003-10-07,40.7364616394043,41.06032180786133,40.281307220458984,40.97279357910156,3875700,29.581289291381836
2003-10-08,40.97279357910156,41.00780487060547,40.48262405395508,40.718955993652344,2594653,29.398019790649414
2003-10-09,41.07782745361328,41.576751708984375,40.797733306884766,41.235382080078125,4969953,29.770862579345703
2003-10-10,41.427947998046875,41.961883544921875,41.384185791015625,41.58550262451172,4151377,30.023637771606445
2003-10-13,41.953128814697266,42.347015380859375,41.90936279296875,42.154449462890625,3906089,30.43440818786621
2003-10-14,42.154449462890625,42.89845275878906,42.02315139770508,42.89845275878906,5079516,30.9715518951416
2003-10-15,42.89845275878906,42.985984802246094,41.80432891845703,42.2769889831543,7015309,30.522884368896484
2003-10-16,42.2769889831543,42.723392486572266,42.04941177368164,42.347015380859375,4684565,30.57342529296875
2003-10-17,42.347015380859375,42.44329833984375,41.65552520751953,41.874351501464844,3274420,30.232166290283203
2003-10-20,41.97063446044922,42.093177795410156,41.74305725097656,41.94437789916992,4483834,30.282747268676758
2003-10-21,42.259483337402344,42.65336990356445,42.198211669921875,42.36452102661133,3814349,30.5860652923584
2003-10-22,42.36452102661133,42.36452102661133,41.11284255981445,41.174110412597656,4466469,29.726619720458984
2003-10-23,41.73430252075195,41.91811752319336,40.87651062011719,41.6905403137207,3974066,30.099475860595703
2003-10-24,41.489219665527344,41.821834564208984,41.20037078857422,41.681785583496094,3548726,30.093168258666992
2003-10-27,42.02315139770508,42.23322677612305,40.788978576660156,40.9202766418457,6904147,29.543357849121094
2003-10-28,40.788978576660156,41.61176300048828,40.666439056396484,41.61176300048828,5393237,30.0425968170166
2003-10-29,41.61176300048828,41.760562896728516,41.182865142822266,41.44545364379883,3430938,29.922531127929688
2003-10-30,41.629268646240234,41.64677429199219,40.657684326171875,40.718955993652344,5092197,29.398019790649414
2003-10-31,41.051570892333984,41.31415939331055,40.82399368286133,41.07782745361328,3287216,29.657108306884766
2003-11-03,41.46295928955078,41.489219665527344,40.95528793334961,41.34041976928711,4046955,29.846698760986328
2003-11-04,41.296653747558594,41.31415939331055,40.9202766418457,41.244136810302734,3097795,29.77717399597168
2003-11-05,40.981544494628906,41.45420837402344,40.981544494628906,41.41044235229492,4354164,29.897247314453125
2003-11-06,41.22663116455078,41.85684585571289,41.01655960083008,41.46295928955078,3765338,29.935171127319336
2003-11-07,41.79557418823242,41.79557418823242,40.64017868041992,40.70145034790039,4474009,29.385395050048828
2003-11-10,40.61391830444336,40.657684326171875,40.12375259399414,40.333824157714844,3479950,29.119970321655273
2003-11-11,40.3513298034668,40.3513298034668,39.502288818359375,39.80864334106445,5045356,28.74079704284668
2003-11-12,39.77363204956055,40.42135238647461,39.62483215332031,40.281307220458984,3121673,29.0820369720459
2003-11-13,40.29005813598633,40.29005813598633,39.91368103027344,40.088741302490234,2938650,28.943017959594727
2003-11-14,39.834903717041016,40.07123565673828,39.45852279663086,39.67734909057617,5147264,28.645994186401367
2003-11-17,38.863319396972656,38.95960235595703,38.101810455322266,38.451927185058594,12122587,27.761280059814453
2003-11-18,38.46943664550781,39.125911712646484,38.38190460205078,38.933345794677734,12492860,28.10884666442871
2003-11-19,38.90708541870117,39.362239837646484,38.74953079223633,39.28346252441406,8130241,28.361629486083984
2003-11-20,38.732025146484375,39.51979446411133,38.732025146484375,38.863319396972656,6084999,28.058284759521484
2003-11-21,38.872074127197266,39.42351150512695,38.81955337524414,39.300968170166016,7015195,28.374265670776367
2003-11-24,39.47602844238281,39.65108871459961,39.16092300415039,39.51979446411133,5461899,28.53225326538086
2003-11-25,39.72111511230469,39.81739807128906,39.62483215332031,39.694854736328125,4417000,28.658647537231445
2003-11-26,39.703609466552734,40.167518615722656,39.703609466552734,40.027469635009766,4965498,28.898778915405273
2003-11-28,40.05372619628906,40.220035552978516,39.90492630004883,40.00996398925781,2138238,28.886146545410156
2003-12-01,40.25504684448242,40.5614013671875,40.10624694824219,40.30756378173828,6133326,29.101001739501953
2003-12-02,40.088741302490234,40.29881286621094,39.939937591552734,40.088741302490234,6001028,28.943017959594727
2003-12-03,40.211280822753906,40.44761276245117,40.11499786376953,40.25504684448242,4521421,29.063085556030273
2003-12-04,40.018714904785156,40.473873138427734,39.98370361328125,40.325069427490234,2908603,29.11362648010254
2003-12-05,40.17626953125,40.220035552978516,39.782386779785156,39.826148986816406,3707300,28.753437042236328
2003-12-08,39.87866973876953,40.39509582519531,39.87866973876953,40.39509582519531,4262310,29.164196014404297
2003-12-09,40.465118408203125,40.473873138427734,39.896175384521484,40.0012092590332,4665029,28.879819869995117
2003-12-10,40.03622055053711,40.079986572265625,39.370994567871094,39.554805755615234,4193648,28.55754280090332
2003-12-11,39.45852279663086,39.76487731933594,39.43226623535156,39.60732650756836,4909288,28.595458984375
2003-12-12,39.73862075805664,39.86991500854492,39.34473419189453,39.563560485839844,3822689,28.563858032226562
2003-12-15,40.39509582519531,40.39509582519531,39.642337799072266,39.65984344482422,4855250,28.633371353149414
2003-12-16,39.80864334106445,40.12375259399414,39.5810661315918,39.62483215332031,5191934,28.60809326171875
2003-12-17,39.65108871459961,39.72111511230469,39.21343994140625,39.38850021362305,4797784,28.43746566772461
2003-12-18,39.91368103027344,41.01655960083008,39.73862075805664,40.937782287597656,7733691,29.556015014648438
2003-12-19,41.244136810302734,41.515480041503906,41.03406524658203,41.322914123535156,8645607,29.834075927734375
2003-12-22,41.322914123535156,41.5417366027832,41.27039337158203,41.52423095703125,4296927,29.97941017150879
2003-12-23,41.559242248535156,41.751808166503906,41.40169143676758,41.73430252075195,3571118,30.131072998046875
2003-12-24,41.73430252075195,41.953128814697266,41.681785583496094,41.90936279296875,1745230,30.25747299194336
2003-12-26,41.90936279296875,41.91811752319336,41.813079833984375,41.8656005859375,1021707,30.225858688354492
2003-12-29,41.94437789916992,42.452049255371094,41.88310623168945,42.452049255371094,4725580,30.649276733398438
2003-12-30,42.30324935913086,42.35576629638672,42.11943435668945,42.26823806762695,2810808,30.579607009887695
2003-12-31,42.285743713378906,42.35576629638672,41.91811752319336,42.21571731567383,3048212,30.541622161865234
2004-01-02,42.390777587890625,42.49581527709961,41.77806854248047,41.79557418823242,3041586,30.237659454345703
2004-01-05,42.08442306518555,42.30324935913086,41.85684585571289,42.16320037841797,4229407,30.50362777709961
2004-01-06,41.97063446044922,42.30324935913086,41.953128814697266,42.23322677612305,4138924,30.55428123474121
2004-01-07,42.399532318115234,42.399532318115234,42.08442306518555,42.35576629638672,4480635,30.642929077148438
2004-01-08,42.43454360961914,42.65336990356445,41.83934020996094,42.23322677612305,6395407,30.55428123474121
2004-01-09,41.88310623168945,42.2769889831543,41.83934020996094,41.91811752319336,4529076,30.326303482055664
2004-01-12,41.91811752319336,42.2769889831543,41.65552520751953,41.751808166503906,5739746,30.205989837646484
2004-01-13,41.83934020996094,42.014400482177734,41.515480041503906,41.900611877441406,4184508,30.31364631652832
2004-01-14,41.97063446044922,42.80216979980469,41.97063446044922,42.670875549316406,6077231,30.87090492248535
2004-01-15,42.80216979980469,43.546173095703125,42.583343505859375,43.48490524291992,7942648,31.459823608398438
2004-01-16,43.48490524291992,43.791259765625,43.414878845214844,43.686222076416016,5478807,31.605472564697266
2004-01-20,43.633705139160156,44.018836975097656,43.546173095703125,43.97507095336914,5506569,31.814449310302734
2004-01-21,43.78250503540039,44.19389724731445,43.546173095703125,44.11511993408203,6175825,31.915771484375
2004-01-22,43.98382568359375,44.2026481628418,43.73874282836914,43.76499938964844,3897635,31.662466049194336
2004-01-23,43.89629364013672,44.325191497802734,43.362361907958984,43.72998809814453,3973266,31.637136459350586
2004-01-26,43.72998809814453,44.596534729003906,43.353607177734375,44.596534729003906,6449903,32.26405334472656
2004-01-27,44.596534729003906,44.596534729003906,44.141380310058594,44.185142517089844,5712556,31.966419219970703
2004-01-28,44.53526306152344,44.990421295166016,43.38862228393555,43.546173095703125,6779161,31.50416374206543
2004-01-29,43.97507095336914,44.902889251708984,43.91379928588867,44.596534729003906,8139724,32.26405334472656
2004-01-30,44.596534729003906,45.489341735839844,44.412723541259766,45.375553131103516,6215126,32.82765197753906
2004-02-02,45.419315338134766,46.38214874267578,45.41056442260742,45.98826217651367,10193762,33.27091979980469
2004-02-03,45.953250885009766,46.338382720947266,45.60313034057617,45.96200180053711,5530218,33.25191879272461
2004-02-04,45.74317932128906,46.04077911376953,45.51559829711914,45.74317932128906,6775506,33.09361267089844
2004-02-05,45.568119049072266,45.83070755004883,45.419315338134766,45.58562469482422,6159374,32.9796142578125
2004-02-06,45.821956634521484,46.51344299316406,45.53310775756836,46.443416595458984,7119045,33.6002082824707
2004-02-09,46.259605407714844,46.94234085083008,46.259605407714844,46.4871826171875,6394836,33.63185501098633
2004-02-10,46.390899658203125,46.784786224365234,45.98826217651367,46.259605407714844,5800983,33.46721267700195
2004-02-11,46.08454513549805,47.248695373535156,45.944496154785156,47.01236343383789,5647549,34.01181411743164
2004-02-12,46.93358612060547,46.95984649658203,46.399654388427734,46.6972541809082,4410602,33.78385925292969
2004-02-13,46.74102020263672,46.95984649658203,46.399654388427734,46.95984649658203,3817663,33.97382354736328
2004-02-17,46.8460578918457,47.15241241455078,46.714759826660156,46.98610305786133,3482006,33.992801666259766
2004-02-18,46.99485778808594,47.161163330078125,46.6622428894043,46.74102020263672,3167257,33.815494537353516
2004-02-19,46.95984649658203,47.12615203857422,46.644737243652344,46.74102020263672,3420884,33.815494537353516
2004-02-20,46.76728057861328,46.828548431396484,46.40840530395508,46.530948638916016,4353707,33.66352844238281
2004-02-23,46.478431701660156,46.635982513427734,46.12831115722656,46.443416595458984,4739404,33.6002082824707
2004-02-24,46.443416595458984,46.583465576171875,46.137062072753906,46.54845428466797,5325146,33.67619323730469
2004-02-25,46.43466567993164,47.70384979248047,46.43466567993164,46.89857482910156,4736776,33.929508209228516
2004-02-26,46.6972541809082,46.95109176635742,46.57471466064453,46.73226547241211,4329487,33.80916976928711
2004-02-27,46.65348815917969,47.14365768432617,46.583465576171875,46.75852584838867,5364446,33.82817840576172
2004-03-01,46.75852584838867,47.18742370605469,46.6972541809082,46.95984649658203,4075745,33.97382354736328
2004-03-02,46.6972541809082,47.17866897583008,46.6972541809082,46.74977111816406,6116074,33.82182693481445
2004-03-03,46.6972541809082,46.94234085083008,46.54845428466797,46.81979751586914,4493774,33.872501373291016
2004-03-04,46.74102020263672,46.92483139038086,46.644737243652344,46.70600891113281,5316006,33.790184020996094
2004-03-05,46.478431701660156,46.93358612060547,46.18958282470703,46.18958282470703,7314749,33.416568756103516
2004-03-08,46.2771110534668,46.73226547241211,46.198333740234375,46.51344299316406,4797327,33.6508674621582
2004-03-09,46.43466567993164,46.65348815917969,46.43466567993164,46.54845428466797,3959899,33.67619323730469
2004-03-10,46.522193908691406,46.60972595214844,45.66440200805664,45.681907653808594,5537873,33.049278259277344
2004-03-11,45.20924377441406,46.07579040527344,45.095455169677734,45.104209899902344,7105792,32.63134765625
2004-03-12,45.20924377441406,45.84821319580078,44.981666564941406,45.620635986328125,6053696,33.004947662353516
2004-03-15,45.40180969238281,45.41056442260742,44.55276870727539,44.596534729003906,6754827,32.26405334472656
2004-03-16,44.88538360595703,45.01667785644531,43.87003707885742,44.333946228027344,7941049,32.07406234741211
2004-03-17,44.72782897949219,44.86787796020508,44.465240478515625,44.64030075073242,6156861,32.29570770263672
2004-03-18,44.55276870727539,45.428070068359375,44.50900650024414,45.13046646118164,4875129,32.65033721923828
2004-03-19,45.13046646118164,45.26176452636719,44.69281768798828,44.710323333740234,5035416,32.346378326416016
2004-03-22,44.64030075073242,44.64030075073242,43.826271057128906,43.948814392089844,5935679,31.79545021057129
2004-03-23,44.15888595581055,44.34269714355469,43.89629364013672,43.948814392089844,5383411,31.79545021057129
2004-03-24,44.09761428833008,44.19389724731445,43.46739959716797,43.791259765625,5828059,31.681461334228516
2004-03-25,43.97507095336914,44.080108642578125,43.44989013671875,43.72123336791992,5518222,31.63079833984375
2004-03-26,43.72123336791992,44.11511993408203,43.59869384765625,43.791259765625,4963213,31.681461334228516
2004-03-29,44.05384826660156,44.69281768798828,43.9663200378418,44.517757415771484,5558094,32.2070426940918
2004-03-30,44.7715950012207,45.53310775756836,44.72782897949219,45.436824798583984,8739175,32.87196731567383
2004-03-31,45.30552673339844,45.436824798583984,45.11296081542969,45.38430404663086,6598309,32.8973388671875
2004-04-01,45.38430404663086,45.88322448730469,45.235504150390625,45.69065856933594,5640580,33.11940383911133
2004-04-02,46.17207336425781,46.17207336425781,45.69065856933594,45.8919792175293,5736547,33.265350341796875
2004-04-05,45.804447174072266,46.04077911376953,45.7169189453125,46.03202819824219,3745801,33.36687469482422
2004-04-06,45.821956634521484,45.90948486328125,45.74317932128906,45.865718841552734,3127499,33.24631118774414
2004-04-07,45.90948486328125,46.07579040527344,45.73442459106445,45.84821319580078,4161430,33.23360824584961
2004-04-08,46.02327346801758,46.23334503173828,45.428070068359375,45.63814163208008,4327088,33.08135223388672
2004-04-12,45.568119049072266,46.07579040527344,45.51559829711914,45.74317932128906,2455501,33.1574821472168
2004-04-13,45.865718841552734,45.90948486328125,44.92039489746094,44.990421295166016,5104421,32.61185073852539
2004-04-14,44.64030075073242,44.841617584228516,43.28358459472656,43.58993911743164,7895122,31.596681594848633
2004-04-15,43.58993911743164,43.992576599121094,42.80216979980469,43.546173095703125,8332229,31.564966201782227
2004-04-16,43.72123336791992,44.3864631652832,43.353607177734375,44.272674560546875,6154690,32.09157180786133
2004-04-19,44.132625579833984,44.29018020629883,43.77375411987305,43.948814392089844,3832972,31.8568172454834
2004-04-20,43.91379928588867,44.0013313293457,43.32735061645508,43.33610153198242,5814235,31.41266632080078
2004-04-21,42.977230072021484,43.65996551513672,42.89845275878906,43.65996551513672,5087627,31.64743423461914
2004-04-22,43.39737319946289,44.5615234375,43.353607177734375,44.44773483276367,9427282,32.21846389770508
2004-04-23,44.272674560546875,44.325191497802734,43.940059661865234,44.0013313293457,5265280,31.894895553588867
2004-04-26,44.01008224487305,44.03634262084961,43.66871643066406,44.01008224487305,4247801,31.901216506958008
2004-04-27,44.071353912353516,44.44773483276367,43.86128234863281,43.89629364013672,5426140,31.818750381469727
2004-04-28,43.694976806640625,43.747493743896484,42.924713134765625,42.924713134765625,5684108,31.114484786987305
2004-04-29,42.93346405029297,43.32735061645508,42.65336990356445,42.924713134765625,6531589,31.114484786987305
2004-04-30,42.977230072021484,43.1960563659668,42.723392486572266,42.8459358215332,4817434,31.05738067626953
2004-05-03,42.88094711303711,43.29233932495117,42.8721923828125,43.2310676574707,3590198,31.33656120300293
2004-05-04,43.1960563659668,43.686222076416016,43.06475830078125,43.161041259765625,4861876,31.285802841186523
2004-05-05,43.06475830078125,43.546173095703125,43.06475830078125,43.34485626220703,3610762,31.419042587280273
2004-05-06,43.12602996826172,43.301090240478516,42.60960388183594,43.0472526550293,4125214,31.20331573486328
2004-05-07,42.62710952758789,43.12602996826172,42.37327194213867,42.44329833984375,5708329,30.76553726196289
2004-05-10,42.2769889831543,42.57459259033203,41.576751708984375,42.23322677612305,6574889,30.613262176513672
2004-05-11,42.11068344116211,42.539581298828125,41.97063446044922,42.13694381713867,5208271,30.543453216552734
2004-05-12,42.014400482177734,42.347015380859375,41.41919708251953,42.198211669921875,6625843,30.587858200073242
2004-05-13,41.9268684387207,42.62710952758789,41.91811752319336,42.4257926940918,4629041,30.75282859802246
2004-05-14,42.4257926940918,42.915958404541016,42.38202667236328,42.76715850830078,4549526,31.00029754638672
2004-05-17,42.452049255371094,43.15229034423828,42.18946075439453,42.68838119506836,5570090,30.94318389892578
2004-05-18,42.6971321105957,42.93346405029297,42.644615173339844,42.88094711303711,4861076,31.082752227783203
2004-05-19,42.968475341796875,43.46739959716797,42.6358642578125,42.74965286254883,4432652,30.98759651184082
2004-05-20,42.75840377807617,43.27483367919922,42.75840377807617,43.178550720214844,3815949,31.298484802246094
2004-05-21,43.18730163574219,43.73874282836914,43.178550720214844,43.441139221191406,4809551,31.48883056640625
2004-05-24,43.607444763183594,43.76499938964844,43.46739959716797,43.70372772216797,3713127,31.679147720336914
2004-05-25,43.58993911743164,44.2026481628418,43.33610153198242,44.16763687133789,4436193,32.015445709228516
2004-05-26,43.89629364013672,44.272674560546875,43.67747116088867,43.98382568359375,4301268,31.882204055786133
2004-05-27,44.29018020629883,44.797855377197266,44.19389724731445,44.657806396484375,5499943,32.37074279785156
2004-05-28,44.570274353027344,44.596534729003906,44.1763916015625,44.377708435058594,2601394,32.167694091796875
2004-06-01,44.333946228027344,44.39521789550781,43.98382568359375,44.29018020629883,3986862,32.104251861572266
2004-06-02,44.50900650024414,44.710323333740234,44.211402893066406,44.570274353027344,3137553,32.307273864746094
2004-06-03,44.43022918701172,44.649051666259766,44.25516891479492,44.42147445678711,2714498,32.19942855834961
2004-06-04,44.64030075073242,44.85912322998047,44.55276870727539,44.62279510498047,2732777,32.3453254699707
2004-06-07,44.7715950012207,45.07794952392578,44.72782897949219,45.034183502197266,3891237,32.64356231689453
2004-06-08,44.841617584228516,45.235504150390625,44.7715950012207,45.226749420166016,3162916,32.78314208984375
2004-06-09,45.034183502197266,45.174232482910156,44.7365837097168,44.841617584228516,3429681,32.503990173339844
2004-06-10,44.97291564941406,44.990421295166016,44.789100646972656,44.81536102294922,2586085,32.48495101928711
2004-06-14,44.465240478515625,44.80660629272461,44.465240478515625,44.68406677246094,3929053,32.38978958129883
2004-06-15,45.05168914794922,45.06919860839844,44.649051666259766,44.83286666870117,4076088,32.497623443603516
2004-06-16,44.80660629272461,45.16548156738281,44.78034973144531,45.08670425415039,3463955,32.681644439697266
2004-06-17,44.990421295166016,45.16548156738281,44.81536102294922,45.042938232421875,3187936,32.64992141723633
2004-06-18,45.05168914794922,45.489341735839844,45.034183502197266,45.480587005615234,5571918,32.96714782714844
2004-06-21,45.34929275512695,45.673152923583984,45.034183502197266,45.07794952392578,3617274,32.6752815246582
2004-06-22,44.88538360595703,45.20924377441406,44.762840270996094,45.07794952392578,3547584,32.6752815246582
2004-06-23,44.955406188964844,45.034183502197266,44.596534729003906,44.981666564941406,3150577,32.6054801940918
2004-06-24,44.81536102294922,44.92039489746094,44.42147445678711,44.605289459228516,3576602,32.33265686035156
2004-06-25,44.64030075073242,44.9466552734375,44.55276870727539,44.9466552734375,6326517,32.580116271972656
2004-06-28,45.02543258666992,45.07794952392578,44.570274353027344,44.58778381347656,3561179,32.31997299194336
2004-06-29,44.58778381347656,45.00792694091797,44.55276870727539,44.87663269042969,3425454,32.52935791015625
2004-06-30,44.74533462524414,45.16548156738281,44.465240478515625,44.97291564941406,5050725,32.66286087036133
2004-07-01,44.96416091918945,45.31428146362305,44.62279510498047,44.92914962768555,4143836,32.63107681274414
2004-07-02,44.92914962768555,45.06044387817383,44.710323333740234,44.850372314453125,2871016,32.573856353759766
2004-07-06,44.64030075073242,44.80660629272461,44.43022918701172,44.49150085449219,3380327,32.31322479248047
2004-07-07,44.50900650024414,45.20924377441406,44.50900650024414,44.649051666259766,4471610,32.427635192871094
2004-07-08,44.596534729003906,44.596534729003906,43.940059661865234,44.0013313293457,3865760,31.957216262817383
2004-07-09,44.220157623291016,44.263919830322266,43.58993911743164,43.77375411987305,2867131,31.79193115234375
2004-07-12,43.633705139160156,43.80876541137695,43.25732421875,43.51116180419922,4086942,31.601228713989258
2004-07-13,43.39737319946289,43.46739959716797,43.08226776123047,43.31859588623047,4071290,31.46137809753418
2004-07-14,43.15229034423828,43.51991653442383,42.775909423828125,43.108524322509766,4588598,31.308780670166016
2004-07-15,43.23981857299805,43.27483367919922,42.67962646484375,42.80216979980469,4699760,31.086299896240234
2004-07-16,43.06475830078125,43.06475830078125,42.56583786010742,42.65336990356445,3920599,30.97821617126465
2004-07-19,42.8459358215332,42.88970184326172,42.2769889831543,42.40828323364258,3307894,30.80021095275879
2004-07-20,42.32075500488281,42.99473571777344,42.206966400146484,42.99473571777344,4787044,31.226160049438477
2004-07-21,43.1960563659668,43.45864486694336,42.3120002746582,42.32075500488281,4677710,30.73663902282715
2004-07-22,42.014400482177734,42.4257926940918,41.751808166503906,42.30324935913086,5264823,30.723934173583984
2004-07-23,42.014400482177734,42.2769889831543,41.93562316894531,42.11068344116211,3663430,30.58407974243164
2004-07-26,42.11068344116211,42.88970184326172,41.97063446044922,42.80216979980469,8448760,31.086299896240234
2004-07-27,42.977230072021484,43.32735061645508,42.977230072021484,43.27483367919922,7606306,31.4295711517334
2004-07-28,43.28358459472656,43.71248245239258,43.09977340698242,43.66871643066406,5518337,31.715652465820312
2004-07-29,43.70372772216797,43.940059661865234,43.633705139160156,43.72998809814453,4768308,31.7601375579834
2004-07-30,43.791259765625,43.98382568359375,43.694976806640625,43.98382568359375,3386382,31.944522857666016
2004-08-02,43.58993911743164,44.11511993408203,43.4323844909668,44.01008224487305,3597281,31.963563919067383
2004-08-03,44.01008224487305,44.01008224487305,43.554927825927734,43.686222076416016,3571118,31.72837257385254
2004-08-04,43.45864486694336,44.2026481628418,43.4061279296875,43.948814392089844,3354736,31.91908073425293
2004-08-05,43.91379928588867,43.948814392089844,43.32735061645508,43.371116638183594,4079630,31.499521255493164
2004-08-06,43.371116638183594,43.58993911743164,43.12602996826172,43.18730163574219,4543471,31.36600685119629
2004-08-09,43.18730163574219,43.38862228393555,43.15229034423828,43.15229034423828,2537187,31.340566635131836
2004-08-10,43.28358459472656,43.91379928588867,43.28358459472656,43.84377670288086,3827373,31.842790603637695
2004-08-11,43.84377670288086,43.9663200378418,43.633705139160156,43.878787994384766,3656346,31.868221282958984
2004-08-12,43.72123336791992,43.91379928588867,43.28358459472656,43.301090240478516,4369816,31.44864273071289
2004-08-13,43.32735061645508,43.414878845214844,43.14353561401367,43.1960563659668,3755398,31.372371673583984
2004-08-16,43.1960563659668,43.44989013671875,43.15229034423828,43.25732421875,5017251,31.416852951049805
2004-08-17,43.546173095703125,43.686222076416016,43.34485626220703,43.52866744995117,4334628,31.613924026489258
2004-08-18,43.45864486694336,43.791259765625,43.42363357543945,43.791259765625,3633269,31.804643630981445
2004-08-19,43.67747116088867,43.800010681152344,43.37986755371094,43.6161994934082,2629498,31.6774959564209
2004-08-20,43.46739959716797,43.77375411987305,43.441139221191406,43.76499938964844,2961956,31.785573959350586
2004-08-23,43.6161994934082,43.800010681152344,43.493656158447266,43.502410888671875,3076545,31.59485626220703
2004-08-24,43.67747116088867,43.72123336791992,43.37986755371094,43.546173095703125,2289158,31.62664794921875
2004-08-25,43.58993911743164,43.756248474121094,43.37986755371094,43.72123336791992,3350623,31.7537841796875
2004-08-26,43.73874282836914,43.948814392089844,43.67747116088867,43.87003707885742,3176511,31.861867904663086
2004-08-27,43.87003707885742,43.92255401611328,43.73874282836914,43.76499938964844,1560608,31.785573959350586
2004-08-30,43.58993911743164,43.72998809814453,43.441139221191406,43.441139221191406,2150006,31.550365447998047
2004-08-31,43.58993911743164,43.78250503540039,43.371116638183594,43.78250503540039,2726608,31.798290252685547
2004-09-01,43.76499938964844,43.97507095336914,43.633705139160156,43.86128234863281,3478008,31.855487823486328
2004-09-02,43.80876541137695,44.2026481628418,43.756248474121094,44.1763916015625,2895464,32.0843620300293
2004-09-03,44.132625579833984,44.325191497802734,43.992576599121094,43.992576599121094,1978065,31.950855255126953
2004-09-07,44.2026481628418,44.72782897949219,44.19389724731445,44.63154602050781,5229407,32.41493606567383
2004-09-08,44.68406677246094,44.75408935546875,44.465240478515625,44.58778381347656,4191591,32.38313674926758
2004-09-09,44.58778381347656,44.649051666259766,44.377708435058594,44.55276870727539,3282760,32.35770797729492
2004-09-10,44.55276870727539,44.96416091918945,44.465240478515625,44.92914962768555,3056324,32.63107681274414
2004-09-13,44.902889251708984,45.288021087646484,44.87663269042969,45.06919860839844,3695076,32.73277282714844
2004-09-14,44.86787796020508,44.97291564941406,44.657806396484375,44.92914962768555,3031761,32.63107681274414
2004-09-15,44.92914962768555,44.92914962768555,44.517757415771484,44.55276870727539,2765566,32.35770797729492
2004-09-16,44.570274353027344,44.75408935546875,44.43022918701172,44.55276870727539,2843825,32.35770797729492
2004-09-17,44.80660629272461,45.06919860839844,44.719078063964844,44.990421295166016,4348680,32.675575256347656
2004-09-20,44.81536102294922,44.9466552734375,44.66655731201172,44.78034973144531,2019536,32.52300262451172
2004-09-21,44.85912322998047,45.13046646118164,44.83286666870117,45.06044387817383,2973152,32.72643280029297
2004-09-22,44.710323333740234,44.85912322998047,44.43898010253906,44.526512145996094,4274077,32.338645935058594
2004-09-23,44.596534729003906,44.72782897949219,44.48274612426758,44.526512145996094,3985948,32.338645935058594
2004-09-24,44.48274612426758,45.034183502197266,44.47399139404297,44.82411193847656,3334057,32.55476760864258
2004-09-27,44.68406677246094,44.789100646972656,44.272674560546875,44.333946228027344,3520850,32.19878387451172
2004-09-28,44.47399139404297,44.64030075073242,44.3864631652832,44.49150085449219,3409231,32.31322479248047
2004-09-29,44.49150085449219,44.97291564941406,44.42147445678711,44.97291564941406,4225180,32.66286087036133
2004-09-30,44.88538360595703,45.13922119140625,44.88538360595703,45.042938232421875,4195019,32.713706970214844
2004-10-01,45.05168914794922,45.480587005615234,44.92039489746094,45.20924377441406,3477322,32.83448791503906
2004-10-04,46.04077911376953,46.137062072753906,45.38430404663086,46.067039489746094,5604478,33.4575080871582
2004-10-05,46.285865783691406,46.338382720947266,45.953250885009766,46.18082809448242,3657146,33.540157318115234
2004-10-06,46.17207336425781,46.62723159790039,46.16332244873047,46.62723159790039,5595567,33.941551208496094
2004-10-07,46.62723159790039,46.776031494140625,46.40840530395508,46.452171325683594,3853307,33.81410598754883
2004-10-08,46.198333740234375,46.37339401245117,45.59437561035156,45.73442459106445,3059294,33.291648864746094
2004-10-11,45.751930236816406,46.12831115722656,45.751930236816406,45.97950744628906,1873872,33.47004318237305
2004-10-12,45.70816421508789,46.18958282470703,45.620635986328125,46.137062072753906,2806581,33.58473205566406
2004-10-13,46.137062072753906,46.259605407714844,45.52435302734375,45.64689636230469,2848052,33.22793960571289
2004-10-14,45.64689636230469,45.813201904296875,45.1217155456543,45.26176452636719,3297155,32.94757843017578
2004-10-15,45.45433044433594,46.56595993041992,45.419315338134766,45.953250885009766,7020336,33.450950622558594
2004-10-18,45.865718841552734,46.17207336425781,45.51559829711914,46.12831115722656,2833429,33.578369140625
2004-10-19,46.30337142944336,46.43466567993164,45.57686996459961,45.66440200805664,3454930,33.24068069458008
2004-10-20,45.559364318847656,45.673152923583984,45.25300979614258,45.611881256103516,3383868,33.20243835449219
2004-10-21,45.559364318847656,45.90073013305664,45.34054183959961,45.76943588256836,3499600,33.31714630126953
2004-10-22,45.865718841552734,46.02327346801758,45.25300979614258,45.27927017211914,2816063,32.96031951904297
2004-10-25,45.25300979614258,45.58562469482422,44.517757415771484,44.7715950012207,7399749,32.59076690673828
2004-10-26,44.87663269042969,45.489341735839844,44.850372314453125,45.32303237915039,4642751,32.99217224121094
2004-10-27,45.35804748535156,46.11955642700195,45.16548156738281,45.99701690673828,4719753,33.482791900634766
2004-10-28,45.90948486328125,46.41716003417969,45.874473571777344,46.17207336425781,4171141,33.61021423339844
2004-10-29,46.23334503173828,46.522193908691406,45.96200180053711,46.452171325683594,3849423,33.81410598754883
2004-11-01,46.452171325683594,46.56595993041992,46.18958282470703,46.3121223449707,4332686,33.7121696472168
2004-11-02,46.21583938598633,47.76512145996094,46.198333740234375,47.26620101928711,8183366,34.406681060791016
2004-11-03,47.96643829345703,48.05397033691406,47.27495193481445,47.56380081176758,4796755,34.623291015625
2004-11-04,47.292457580566406,48.11524200439453,47.292457580566406,48.09773635864258,4510682,35.011985778808594
2004-11-05,48.14149856567383,48.404090881347656,47.92267608642578,48.24653625488281,5336228,35.12028884887695
2004-11-08,48.03646469116211,48.123992919921875,47.8176383972168,47.931427001953125,3802810,34.890926361083984
2004-11-09,48.01020431518555,48.09773635864258,47.8176383972168,47.8176383972168,4071861,34.80809020996094
2004-11-10,47.878910064697266,48.03646469116211,47.598812103271484,47.940181732177734,4977379,34.89729309082031
2004-11-11,48.11524200439453,48.5616455078125,48.05397033691406,48.48286819458008,3355078,35.29232406616211
2004-11-12,48.49161911010742,48.69293975830078,48.412841796875,48.69293975830078,3371644,35.44525146484375
2004-11-15,48.657928466796875,49.095577239990234,48.61416244506836,49.01679992675781,4329830,35.68098068237305
2004-11-16,49.01679992675781,49.10432815551758,48.72795104980469,48.80672836303711,4037930,35.5280876159668
2004-11-17,48.92927169799805,49.41068649291992,48.92927169799805,49.05181121826172,4528847,35.70648193359375
2004-11-18,49.05181121826172,49.3581657409668,48.85924530029297,49.043060302734375,2917286,35.70011520385742
2004-11-19,49.043060302734375,49.174354553222656,48.54413986206055,48.75421142578125,3629727,35.48984909057617
2004-11-22,48.57915115356445,49.25313186645508,48.44785690307617,49.1218376159668,3606078,35.757450103759766
2004-11-23,48.9730339050293,49.30564880371094,48.88550567626953,49.19186019897461,3846224,35.80843734741211
2004-11-24,49.279388427734375,49.45444869995117,48.99929428100586,49.235626220703125,3074603,35.84027862548828
2004-11-26,49.034305572509766,49.30564880371094,49.034305572509766,49.11308288574219,1520393,35.7510986328125
2004-11-29,49.3319091796875,49.45444869995117,48.78046798706055,48.85924530029297,4658174,35.56630325317383
2004-11-30,48.75421142578125,49.02555465698242,48.67543411254883,48.762962341308594,4117103,35.496212005615234
2004-12-01,48.7979736328125,49.428192138671875,48.7979736328125,49.41068649291992,3674969,35.967716217041016
2004-12-02,49.41068649291992,49.5419807434082,49.07807159423828,49.148094177246094,3496401,35.77656936645508
2004-12-03,49.01679992675781,49.30564880371094,48.7717170715332,49.235626220703125,3919799,35.84027862548828
2004-12-06,49.06056594848633,49.40193176269531,48.92927169799805,49.24437713623047,2978293,35.8466682434082
2004-12-07,49.20061111450195,49.288143157958984,48.412841796875,48.53538513183594,3214441,35.330562591552734
2004-12-08,48.75421142578125,49.1218376159668,48.5616455078125,48.7367057800293,2793100,35.47710037231445
2004-12-09,48.3865852355957,48.48286819458008,48.0014533996582,48.404090881347656,4691534,35.2349739074707
2004-12-10,48.66667938232422,48.66667938232422,47.98394775390625,48.29905319213867,4123501,35.15851974487305
2004-12-13,48.47411346435547,48.53538513183594,47.66008377075195,48.176513671875,4761910,35.069305419921875
2004-12-14,49.366920471191406,49.366920471191406,48.49161911010742,48.9730339050293,5913515,35.64914321899414
2004-12-15,48.9730339050293,49.21812057495117,48.72795104980469,49.13934326171875,4431966,35.77019119262695
2004-12-16,49.13934326171875,49.1568489074707,48.789222717285156,48.96428298950195,3943219,35.64276885986328
2004-12-17,48.96428298950195,49.235626220703125,48.80672836303711,48.93802261352539,7316349,35.623653411865234
2004-12-20,49.10432815551758,49.31440353393555,48.83298873901367,48.88550567626953,3038273,35.58543014526367
2004-12-21,48.88550567626953,49.58574676513672,48.86800003051758,49.40193176269531,4098366,35.96133804321289
2004-12-22,49.40193176269531,49.93586349487305,49.27063751220703,49.82207489013672,3987204,36.26717758178711
2004-12-23,49.70828628540039,49.8921012878418,49.27063751220703,49.39318084716797,2908489,35.95496368408203
2004-12-27,49.39318084716797,49.5419807434082,49.20061111450195,49.235626220703125,2693934,35.84027862548828
2004-12-28,49.279388427734375,49.489463806152344,49.10432815551758,49.32315444946289,2442363,35.90400695800781
2004-12-29,49.235626220703125,49.366920471191406,49.11308288574219,49.26188278198242,1768422,35.859378814697266
2004-12-30,49.25313186645508,49.612003326416016,49.148094177246094,49.148094177246094,1883811,35.77656936645508
2004-12-31,49.288143157958984,49.752052307128906,49.16559982299805,49.340660095214844,2171027,35.916751861572266
2005-01-03,49.5419807434082,49.83082962036133,48.841739654541016,48.93802261352539,5251571,35.623653411865234
2005-01-04,48.93802261352539,49.0080451965332,48.018959045410156,48.2027702331543,4642294,35.088436126708984
2005-01-05,48.185264587402344,48.2027702331543,47.58130645751953,47.65133285522461,4681481,34.762779235839844
2005-01-06,47.56380081176758,47.72135543823242,47.09114074707031,47.406246185302734,4947675,34.583980560302734
2005-01-07,47.51128387451172,47.56380081176758,46.863563537597656,47.056129455566406,4426254,34.32856369018555
2005-01-10,46.968597412109375,47.406246185302734,46.93358612060547,47.15241241455078,4945619,34.3988037109375
2005-01-11,46.977352142333984,47.00360870361328,46.61847686767578,46.714759826660156,5982406,34.07951736450195
2005-01-12,46.74977111816406,46.837303161621094,46.259605407714844,46.60972595214844,7552839,34.00291061401367
2005-01-13,46.60972595214844,47.15241241455078,46.259605407714844,46.285865783691406,5291443,33.766639709472656
2005-01-14,46.390899658203125,46.51344299316406,46.11955642700195,46.145816802978516,4286645,33.664466857910156
2005-01-18,45.99701690673828,46.56595993041992,45.97950744628906,46.522193908691406,6187821,33.93903350830078
2005-01-19,46.390899658203125,46.80229187011719,46.35588836669922,46.443416595458984,4532960,33.881595611572266
2005-01-20,46.04077911376953,46.30337142944336,45.78694152832031,45.865718841552734,5629498,33.46012878417969
2005-01-21,45.83946228027344,46.04077911376953,45.34929275512695,45.45433044433594,5148749,33.160011291503906
2005-01-24,45.559364318847656,46.37339401245117,45.1567268371582,46.04077911376953,8676797,33.58784866333008
2005-01-25,46.04953384399414,47.021114349365234,46.04953384399414,46.776031494140625,7493431,34.124229431152344
2005-01-26,46.058284759521484,46.863563537597656,46.058284759521484,46.478431701660156,3670970,33.90711975097656
2005-01-27,46.18958282470703,46.60097122192383,46.005767822265625,46.198333740234375,4248029,33.70277786254883
2005-01-28,46.30337142944336,46.34713363647461,45.751930236816406,46.21583938598633,4988118,33.715553283691406
2005-01-31,46.635982513427734,46.92483139038086,46.53969955444336,46.6972541809082,4856392,34.06675338745117
2005-02-01,48.7367057800293,50.79365921020508,48.36032485961914,49.673274993896484,31280133,36.23782730102539
2005-02-02,49.10432815551758,49.366920471191406,48.61416244506836,48.81547927856445,10666629,35.612056732177734
2005-02-03,48.57915115356445,48.75421142578125,48.30780792236328,48.50037384033203,8638638,35.38217544555664
2005-02-04,48.44785690307617,49.01679992675781,48.43910217285156,48.85924530029297,4301725,35.643978118896484
2005-02-07,48.6229133605957,48.789222717285156,48.42159652709961,48.63166809082031,3870102,35.477935791015625
2005-02-08,48.404090881347656,48.465362548828125,48.15900421142578,48.2027702331543,4640009,35.165061950683594
2005-02-09,48.2027702331543,48.5879020690918,47.83514404296875,47.940181732177734,5436193,34.97349548339844
2005-02-10,48.185264587402344,48.44785690307617,47.598812103271484,48.2377815246582,4662630,35.190608978271484
2005-02-11,48.2377815246582,48.60540771484375,48.0277099609375,48.30780792236328,5492174,35.24169158935547
2005-02-14,48.2377815246582,48.28154754638672,47.6163215637207,47.7913818359375,4615903,34.86495590209961
2005-02-15,47.83514404296875,47.95768737792969,47.62507247924805,47.70384979248047,5150006,34.801090240478516
2005-02-16,47.6163215637207,47.97519302368164,47.415000915527344,47.80888748168945,5774706,34.87772750854492
2005-02-17,47.83514404296875,48.080230712890625,47.70384979248047,47.70384979248047,4939564,34.801090240478516
2005-02-18,47.6163215637207,47.62507247924805,47.31871795654297,47.37998962402344,5961956,34.564823150634766
2005-02-22,47.292457580566406,47.58130645751953,46.98610305786133,47.07363510131836,5808637,34.341339111328125
2005-02-23,47.07363510131836,47.38874053955078,47.01236343383789,47.2574462890625,4664001,34.47542953491211
2005-02-24,47.19617462158203,47.73011016845703,47.13490676879883,47.57255554199219,5037359,34.705318450927734
2005-02-25,47.485023498535156,47.92267608642578,47.45876693725586,47.77387237548828,3289386,34.8521842956543
2005-02-28,47.6163215637207,47.89641571044922,47.222434997558594,47.39749526977539,4793671,34.57759475708008
2005-03-01,47.222434997558594,47.97519302368164,47.19617462158203,47.83514404296875,5004913,34.896873474121094
2005-03-02,47.485023498535156,48.325313568115234,47.39749526977539,47.878910064697266,5390038,34.92879867553711
2005-03-03,47.992698669433594,48.264041900634766,47.7913818359375,47.887664794921875,4055981,34.935176849365234
2005-03-04,48.22903060913086,48.52663040161133,48.071475982666016,48.09773635864258,4523592,35.088436126708984
2005-03-07,48.22903060913086,48.29030227661133,47.95768737792969,48.09773635864258,5116531,35.088436126708984
2005-03-08,48.05397033691406,48.11524200439453,47.57255554199219,47.633827209472656,6325717,34.750003814697266
2005-03-09,47.441261291503906,47.56380081176758,46.95984649658203,46.95984649658203,7103393,34.2583122253418
2005-03-10,46.872314453125,47.415000915527344,46.60972595214844,47.292457580566406,4451617,34.500972747802734
2005-03-11,47.353729248046875,47.362483978271484,46.522193908691406,46.863563537597656,5017937,34.18809127807617
2005-03-14,46.93358612060547,47.4325065612793,46.837303161621094,47.13490676879883,4278076,34.386024475097656
2005-03-15,47.353729248046875,47.353729248046875,46.74977111816406,46.828548431396484,3441449,34.16255187988281
2005-03-16,46.56595993041992,46.65348815917969,45.953250885009766,46.11080551147461,7388438,33.638916015625
2005-03-17,46.10205078125,46.17207336425781,45.751930236816406,45.90948486328125,6914315,33.4920654296875
2005-03-18,45.90948486328125,46.29461669921875,45.77819061279297,45.865718841552734,13698503,33.46012878417969
2005-03-21,45.90948486328125,46.08454513549805,45.53310775756836,45.76943588256836,5667657,33.389892578125
2005-03-22,45.69065856933594,45.93574523925781,44.7365837097168,44.797855377197266,7076545,32.681114196777344
2005-03-23,44.42147445678711,44.797855377197266,43.77375411987305,44.132625579833984,11756883,32.19581604003906
2005-03-24,44.333946228027344,44.53526306152344,43.98382568359375,44.01008224487305,6900377,32.10640335083008
2005-03-28,44.080108642578125,45.01667785644531,44.080108642578125,44.719078063964844,7048326,32.62361145019531
2005-03-29,44.719078063964844,44.89413833618164,44.43022918701172,44.5615234375,7328573,32.50869369506836
2005-03-30,44.50900650024414,45.147972106933594,44.50900650024414,45.05168914794922,8321833,32.94391632080078
2005-03-31,45.05168914794922,45.34054183959961,44.82411193847656,44.96416091918945,6213870,32.87993240356445
2005-04-01,45.428070068359375,45.46308135986328,44.50900650024414,44.55276870727539,5208271,32.57908248901367
2005-04-04,44.72782897949219,45.034183502197266,44.30768585205078,44.902889251708984,4950074,32.83512496948242
2005-04-05,44.81536102294922,44.93790054321289,44.57902908325195,44.83286666870117,4513424,32.78388977050781
2005-04-06,44.9466552734375,45.39305877685547,44.9466552734375,45.104209899902344,3486805,32.98233413696289
2005-04-07,45.27051544189453,45.41056442260742,45.042938232421875,45.296775817871094,3290186,33.123146057128906
2005-04-08,45.296775817871094,45.38430404663086,44.97291564941406,45.11296081542969,2434480,32.98871994018555
2005-04-11,45.05168914794922,45.226749420166016,44.68406677246094,44.92039489746094,2605735,32.84793472290039
2005-04-12,44.68406677246094,45.79569625854492,44.50900650024414,45.65564727783203,5611562,33.38557434082031
2005-04-13,45.51559829711914,45.99701690673828,45.34929275512695,45.58562469482422,7059408,33.33436584472656
2005-04-14,45.559364318847656,45.69065856933594,44.72782897949219,44.7365837097168,4725466,32.71352005004883
2005-04-15,44.74533462524414,45.52435302734375,44.272674560546875,44.39521789550781,6332572,32.46388244628906
2005-04-18,44.39521789550781,44.96416091918945,44.3514518737793,44.57902908325195,6225751,32.59830856323242
2005-04-19,44.53526306152344,44.81536102294922,44.2026481628418,44.24641418457031,4710499,32.35507583618164
2005-04-20,44.071353912353516,44.19389724731445,43.791259765625,43.791259765625,6863818,32.022247314453125
2005-04-21,44.596534729003906,44.596534729003906,43.38862228393555,44.11511993408203,9234205,32.25906753540039
2005-04-22,43.940059661865234,44.24641418457031,43.33610153198242,43.59869384765625,5789901,31.88142967224121
2005-04-25,44.01008224487305,44.719078063964844,43.791259765625,44.61404037475586,5350965,32.6239013671875
2005-04-26,44.24641418457031,45.1217155456543,44.027591705322266,45.1217155456543,10192620,32.99513244628906
2005-04-27,45.1217155456543,45.83946228027344,45.07794952392578,45.60313034057617,7436993,33.347164154052734
2005-04-28,45.38430404663086,45.5068473815918,45.02543258666992,45.25300979614258,6612247,33.091148376464844
2005-04-29,45.559364318847656,46.12831115722656,45.08670425415039,46.12831115722656,8419285,33.731204986572266
2005-05-02,45.97950744628906,46.56595993041992,45.97950744628906,46.43466567993164,6130812,33.95521926879883
2005-05-03,46.390899658203125,46.73226547241211,46.08454513549805,46.390899658203125,6341254,33.92321014404297
2005-05-04,46.30337142944336,46.92483139038086,46.16332244873047,46.8460578918457,5042728,34.25605010986328
2005-05-05,46.70600891113281,46.784786224365234,46.21583938598633,46.54845428466797,4998286,34.03844451904297
2005-05-06,46.74102020263672,46.828548431396484,46.32087707519531,46.390899658203125,4829773,33.92321014404297
2005-05-09,46.34713363647461,46.55720520019531,45.99701690673828,46.207088470458984,6307780,33.788795471191406
2005-05-10,46.21583938598633,46.22459411621094,45.821956634521484,45.93574523925781,5437907,33.59039306640625
2005-05-11,45.944496154785156,46.11955642700195,45.436824798583984,45.84821319580078,5430824,33.52638244628906
2005-05-12,45.93574523925781,46.35588836669922,45.55061340332031,45.63814163208008,4423055,33.37277603149414
2005-05-13,45.53310775756836,45.620635986328125,45.07794952392578,45.296775817871094,5057009,33.123146057128906
2005-05-16,45.25300979614258,45.98826217651367,45.1567268371582,45.91823959350586,2888610,33.57760238647461
2005-05-17,45.64689636230469,46.15456771850586,45.32303237915039,46.07579040527344,3165886,33.69279861450195
2005-05-18,46.390899658203125,46.907325744628906,46.17207336425781,46.863563537597656,5058380,34.26884841918945
2005-05-19,46.98610305786133,47.00360870361328,46.22459411621094,46.60097122192383,2866560,34.076847076416016
2005-05-20,46.522193908691406,46.530948638916016,45.90948486328125,46.443416595458984,4018279,33.961639404296875
2005-05-23,46.34713363647461,46.714759826660156,46.30337142944336,46.43466567993164,2190106,33.95521926879883
2005-05-24,46.259605407714844,46.399654388427734,46.04077911376953,46.30337142944336,2819033,33.85921859741211
2005-05-25,46.12831115722656,46.34713363647461,45.88322448730469,46.067039489746094,2481435,33.686405181884766
2005-05-26,46.12831115722656,46.35588836669922,45.97075653076172,46.285865783691406,2695876,33.84641647338867
2005-05-27,46.285865783691406,46.6972541809082,46.207088470458984,46.60972595214844,2442591,34.08323669433594
2005-05-31,46.70600891113281,47.28370666503906,46.6622428894043,47.13490676879883,6228379,34.467281341552734
2005-06-01,46.95984649658203,47.70384979248047,46.95109176635742,47.33622360229492,5106478,34.61448669433594
2005-06-02,47.17866897583008,47.57255554199219,47.12615203857422,47.485023498535156,3230321,34.72330093383789
2005-06-03,47.493778228759766,47.72135543823242,47.20492935180664,47.42375564575195,3804524,34.67850112915039
2005-06-06,47.4675178527832,47.58130645751953,47.17866897583008,47.38874053955078,3784303,34.652889251708984
2005-06-07,47.32747268676758,48.11524200439453,47.27495193481445,47.8526496887207,5299783,34.99211883544922
2005-06-08,48.05397033691406,48.19401931762695,47.62507247924805,47.747615814208984,3194448,34.91532897949219
2005-06-09,47.6163215637207,48.08898162841797,47.42375564575195,47.870155334472656,3800183,35.00492858886719
2005-06-10,47.84389877319336,47.92267608642578,47.52878952026367,47.887664794921875,3391980,35.017730712890625
2005-06-13,47.66008377075195,48.272796630859375,47.633827209472656,48.10648727416992,5108191,35.177757263183594
2005-06-14,47.92267608642578,48.3865852355957,47.887664794921875,48.14149856567383,5009368,35.2033576965332
2005-06-15,48.19401931762695,48.29030227661133,47.86140441894531,48.132747650146484,4251914,35.196937561035156
2005-06-16,48.11524200439453,48.35157012939453,47.96643829345703,48.071475982666016,5054724,35.15214157104492
2005-06-17,48.404090881347656,48.404090881347656,47.931427001953125,47.992698669433594,6696904,35.09452819824219
2005-06-20,47.89641571044922,47.931427001953125,47.65133285522461,47.80888748168945,2763510,34.96012496948242
2005-06-21,47.747615814208984,48.04521560668945,47.686344146728516,47.92267608642578,3456643,35.04331970214844
2005-06-22,48.123992919921875,48.22903060913086,47.8526496887207,47.94893264770508,3251799,35.06253433227539
2005-06-23,47.86140441894531,47.870155334472656,46.8460578918457,46.98610305786133,5839027,34.358463287353516
2005-06-24,47.0473747253418,47.37123489379883,46.46967697143555,46.92483139038086,6331658,34.313655853271484
2005-06-27,47.0473747253418,47.11739730834961,46.62723159790039,46.714759826660156,3442705,34.160037994384766
2005-06-28,46.828548431396484,47.32747268676758,46.714759826660156,47.26620101928711,3698732,34.563289642333984
2005-06-29,47.13490676879883,47.213680267333984,46.81104278564453,46.837303161621094,3962413,34.325931549072266
2005-06-30,47.52003860473633,47.747615814208984,46.51344299316406,46.592220306396484,6826231,34.146324157714844
2005-07-01,46.79353713989258,46.99485778808594,46.714759826660156,46.863563537597656,3320919,34.34517288208008
2005-07-05,46.916080474853516,47.301212310791016,46.522193908691406,47.222434997558594,3955901,34.60818099975586
2005-07-06,47.0473747253418,47.161163330078125,46.592220306396484,46.61847686767578,4701588,34.165565490722656
2005-07-07,46.08454513549805,46.828548431396484,45.77819061279297,46.80229187011719,6500057,34.300262451171875
2005-07-08,46.828548431396484,47.222434997558594,46.56595993041992,47.20492935180664,3645836,34.59536361694336
2005-07-11,47.34497833251953,47.52878952026367,47.00360870361328,47.23994064331055,4094482,34.62099838256836
2005-07-12,47.30996322631836,47.30996322631836,46.99485778808594,47.11739730834961,4448075,34.53122329711914
2005-07-13,46.93358612060547,47.28370666503906,46.93358612060547,47.20492935180664,3913972,34.59536361694336
2005-07-14,47.26620101928711,47.45876693725586,46.80229187011719,47.33622360229492,5427282,34.69157791137695
2005-07-15,47.33622360229492,47.33622360229492,46.74977111816406,47.056129455566406,4307894,34.48630905151367
2005-07-18,46.8460578918457,46.872314453125,46.390899658203125,46.390899658203125,4529076,33.99876403808594
2005-07-19,46.522193908691406,46.872314453125,46.30337142944336,46.74102020263672,4639438,34.255374908447266
2005-07-20,46.522193908691406,47.248695373535156,46.51344299316406,47.18742370605469,4685251,34.582523345947266
2005-07-21,47.09114074707031,47.747615814208984,47.03862380981445,47.555049896240234,5895693,34.851959228515625
2005-07-22,47.51128387451172,47.90517044067383,47.406246185302734,47.76512145996094,5808409,35.005897521972656
2005-07-25,48.05397033691406,48.404090881347656,47.75636672973633,47.75636672973633,9215583,34.99948501586914
2005-07-26,47.96643829345703,47.96643829345703,47.39749526977539,47.51128387451172,5019765,34.819881439208984
2005-07-27,47.50252914428711,48.15900421142578,47.353729248046875,48.09773635864258,8889295,35.249671936035156
2005-07-28,48.316558837890625,48.63166809082031,48.16775894165039,48.55289077758789,4865075,35.58324432373047
2005-07-29,48.53538513183594,48.67543411254883,48.123992919921875,48.14149856567383,5100308,35.28175354003906
2005-08-01,48.14149856567383,48.36032485961914,47.98394775390625,47.992698669433594,4667543,35.17269515991211
2005-08-02,48.05397033691406,48.54413986206055,48.05397033691406,48.49161911010742,3955558,35.53833770751953
2005-08-03,48.14149856567383,48.5616455078125,48.132747650146484,48.5616455078125,3943791,35.58964920043945
2005-08-04,48.36032485961914,49.1568489074707,48.36032485961914,48.88550567626953,7639552,35.82701110839844
2005-08-05,48.88550567626953,49.06056594848633,48.762962341308594,48.850494384765625,4180510,35.80134201049805
2005-08-08,48.894256591796875,49.01679992675781,48.61416244506836,48.75421142578125,3892837,35.73078918457031
2005-08-09,48.841739654541016,48.94677734375,48.517879486083984,48.657928466796875,4708671,35.66021728515625
2005-08-10,49.21812057495117,49.752052307128906,49.06056594848633,49.45444869995117,9118702,36.24398422241211
2005-08-11,49.41068649291992,49.84833526611328,49.340660095214844,49.717041015625,7373243,36.436424255371094
2005-08-12,49.41068649291992,49.76080322265625,49.174354553222656,49.60325241088867,4808409,36.3530387878418
2005-08-15,49.45444869995117,49.620758056640625,49.226871490478516,49.480709075927734,3651434,36.263214111328125
2005-08-16,49.45444869995117,49.664520263671875,49.01679992675781,49.06931686401367,3515823,35.96171951293945
2005-08-17,49.043060302734375,49.279388427734375,48.903011322021484,49.043060302734375,3164515,35.94248962402344
2005-08-18,48.94677734375,49.19186019897461,48.701690673828125,49.1218376159668,3018622,36.000221252441406
2005-08-19,49.1218376159668,49.226871490478516,48.92051696777344,49.10432815551758,3185079,35.98738479614258
2005-08-22,49.20061111450195,49.5069694519043,49.07807159423828,49.26188278198242,3341140,36.10285186767578
2005-08-23,49.26188278198242,49.46320343017578,48.9730339050293,49.01679992675781,3729007,35.92323684692383
2005-08-24,49.02555465698242,49.32315444946289,48.52663040161133,48.52663040161133,4734834,35.56401443481445
2005-08-25,48.14149856567383,48.81547927856445,48.10648727416992,48.78046798706055,3328459,35.75001525878906
2005-08-26,48.66667938232422,48.78046798706055,48.08898162841797,48.15025329589844,5691306,35.28819274902344
2005-08-29,48.09773635864258,49.0080451965332,47.89641571044922,48.92051696777344,4537644,35.85268020629883
2005-08-30,48.82423400878906,48.841739654541016,48.185264587402344,48.316558837890625,3855135,35.410030364990234
2005-08-31,48.42159652709961,48.44785690307617,47.83514404296875,48.35157012939453,5197532,35.43569564819336
2005-09-01,48.255287170410156,48.456607818603516,47.95768737792969,48.404090881347656,4746487,35.474178314208984
2005-09-02,48.47411346435547,48.69293975830078,48.29030227661133,48.456607818603516,3263453,35.51268768310547
2005-09-06,48.6229133605957,49.918357849121094,48.55289077758789,49.857086181640625,8695419,36.539058685302734
2005-09-07,49.857086181640625,50.24222183227539,49.69078063964844,50.21596145629883,7638867,36.802066802978516
2005-09-08,50.24222183227539,50.36476135253906,50.049652099609375,50.20720672607422,5685365,36.7956428527832
2005-09-09,50.198455810546875,51.33634567260742,50.17219543457031,50.93370819091797,7441220,37.32809066772461
2005-09-12,50.85493087768555,51.870277404785156,50.837425231933594,51.28382873535156,9419970,37.584686279296875
2005-09-13,51.073753356933594,51.18754577636719,50.531070709228516,50.53982162475586,5472067,37.0394287109375
2005-09-14,50.46104431152344,50.70612716674805,49.76080322265625,49.865840911865234,6428767,36.54548263549805
2005-09-15,50.110923767089844,50.42603302001953,49.9271125793457,50.382266998291016,6418714,36.923946380615234
2005-09-16,50.574832916259766,52.08034896850586,50.522315979003906,52.04533767700195,18582543,38.14277267456055
2005-09-19,51.86152648925781,51.90528869628906,51.31008529663086,51.66896057128906,6814121,37.8669319152832
2005-09-20,51.62519454956055,51.97531509399414,51.20505142211914,51.20505142211914,9118816,37.52694320678711
2005-09-21,50.94245910644531,51.073753356933594,49.78706359863281,49.8921012878418,9821775,36.5647087097168
2005-09-22,49.62950897216797,49.918357849121094,49.279388427734375,49.8921012878418,10026162,36.5647087097168
2005-09-23,49.804569244384766,49.997135162353516,49.5069694519043,49.804569244384766,5305381,36.50056838989258
2005-09-26,50.198455810546875,50.50481033325195,49.73454666137695,49.8921012878418,5370502,36.5647087097168
2005-09-27,49.82207489013672,49.8921012878418,49.471954345703125,49.62950897216797,3772192,36.37226867675781
2005-09-28,49.76080322265625,49.98838424682617,49.279388427734375,49.559486389160156,3735405,36.32094192504883
2005-09-29,49.45444869995117,50.46104431152344,49.419437408447266,50.338504791259766,8482806,36.891883850097656
2005-09-30,50.18095016479492,50.28598403930664,49.90085220336914,50.2772331237793,8439506,36.846981048583984
2005-10-03,50.75,50.83000183105469,50.40999984741211,50.75,6748900,37.193450927734375
2005-10-04,50.900001525878906,51.47999954223633,49.849998474121094,49.93000030517578,5579600,36.59251022338867
2005-10-05,49.650001525878906,50.529998779296875,49.630001068115234,50.06999969482422,5459200,36.78350830078125
2005-10-06,50.150001525878906,50.619998931884766,49.790000915527344,50.06999969482422,4962700,36.78350830078125
2005-10-07,50.400001525878906,50.400001525878906,49.77000045776367,49.81999969482422,6431600,36.59983444213867
2005-10-10,50.0099983215332,50.209999084472656,48.97999954223633,49.04999923706055,4850700,36.0341682434082
2005-10-11,49.16999816894531,49.599998474121094,49,49.18000030517578,5513500,36.12966537475586
2005-10-12,48.900001525878906,49.400001525878906,47.84000015258789,48.209999084472656,7849600,35.41706848144531
2005-10-13,48.220001220703125,48.400001525878906,47.560001373291016,48.25,5270100,35.44646453857422
2005-10-14,48.290000915527344,48.63999938964844,47.70000076293945,47.95000076293945,5433000,35.22604751586914
2005-10-17,47.849998474121094,48.15999984741211,47.58000183105469,48.119998931884766,5288300,35.35093307495117
2005-10-18,47.97999954223633,48.13999938964844,47.619998931884766,47.88999938964844,5177800,35.18196105957031
2005-10-19,47.77000045776367,48.970001220703125,47.5099983215332,48.970001220703125,4942900,35.97538375854492
2005-10-20,48.970001220703125,48.970001220703125,47.0099983215332,47.36000061035156,8584700,34.79262924194336
2005-10-21,47.20000076293945,48,46.59000015258789,47.150001525878906,9543500,34.63834762573242
2005-10-24,47.95000076293945,49.70000076293945,47.66999816894531,49.540000915527344,13336800,36.394134521484375
2005-10-25,49.529998779296875,50.630001068115234,49,49.720001220703125,10855500,36.5263557434082
2005-10-26,49.72999954223633,50.349998474121094,49.25,50.13999938964844,6047700,36.83494186401367
2005-10-27,50.20000076293945,50.20000076293945,48.810001373291016,48.900001525878906,6208400,35.923980712890625
2005-10-28,49.349998474121094,49.59000015258789,48.7599983215332,49.540000915527344,5602000,36.394134521484375
2005-10-31,49.83000183105469,50.02000045776367,49.650001525878906,49.77000045776367,5411500,36.563114166259766
2005-11-01,49.79999923706055,49.79999923706055,49.08000183105469,49.150001525878906,5853400,36.10762023925781
2005-11-02,49.2400016784668,50.02000045776367,49.220001220703125,49.970001220703125,3812900,36.710044860839844
2005-11-03,50.04999923706055,50.290000915527344,49.58000183105469,49.72999954223633,4461900,36.53370666503906
2005-11-04,49.900001525878906,50.04999923706055,49.060001373291016,49.400001525878906,4730100,36.29130935668945
2005-11-07,49.72999954223633,50,49.470001220703125,49.79999923706055,5483200,36.58513641357422
2005-11-08,49.349998474121094,49.650001525878906,49.130001068115234,49.130001068115234,4490400,36.09292984008789
2005-11-09,49.25,49.5099983215332,49.04999923706055,49.33000183105469,4391900,36.239891052246094
2005-11-10,49.5,50.09000015258789,49.20000076293945,49.86000061035156,8253000,36.629241943359375
2005-11-11,49.4900016784668,50.540000915527344,49.4900016784668,50.45000076293945,9284600,37.06267166137695
2005-11-14,50.5,50.939998626708984,50.20000076293945,50.90999984741211,4906600,37.40060043334961
2005-11-15,50.97999954223633,51.349998474121094,50.56999969482422,50.93000030517578,6766600,37.415287017822266
2005-11-16,50.93000030517578,51.5,48.209999084472656,50.08000183105469,28481300,36.79084396362305
2005-11-17,50.02000045776367,50.45000076293945,49.38999938964844,49.5,10619700,36.36475372314453
2005-11-18,50,50,48.91999816894531,49.90999984741211,9941800,36.665958404541016
2005-11-21,50.27000045776367,51,49.970001220703125,50.900001525878906,7552500,37.393245697021484
2005-11-22,50.900001525878906,51.83000183105469,50.619998931884766,51.75,7829100,38.01769256591797
2005-11-23,51.900001525878906,52.599998474121094,51.75,52.400001525878906,8975500,38.49522399902344
2005-11-25,52.5,52.900001525878906,52.41999816894531,52.619998931884766,2754100,38.65685272216797
2005-11-28,52.97999954223633,53.060001373291016,52.40999984741211,52.84000015258789,8657600,38.818458557128906
2005-11-29,52.95000076293945,53,52.08000183105469,52.130001068115234,5100500,38.29685974121094
2005-11-30,52.349998474121094,52.54999923706055,51.380001068115234,51.41999816894531,7700600,37.775264739990234
2005-12-01,51.91999816894531,52.27000045776367,51.79999923706055,51.9900016784668,5393500,38.19401168823242
2005-12-02,52,52.25,51.56999969482422,51.61000061035156,6308100,37.91486358642578
2005-12-05,51.5099983215332,51.61000061035156,51.22999954223633,51.38999938964844,4822800,37.75322723388672
2005-12-06,51.56999969482422,51.93000030517578,51.439998626708984,51.5,4436300,37.83405303955078
2005-12-07,51.290000915527344,51.38999938964844,50.97999954223633,51.11000061035156,4170200,37.54752731323242
2005-12-08,51.11000061035156,51.33000183105469,50.599998474121094,50.650001525878906,3979800,37.2095832824707
2005-12-09,50.709999084472656,51.439998626708984,50.66999816894531,51.150001525878906,5458300,37.576908111572266
2005-12-12,51.47999954223633,51.47999954223633,50.779998779296875,51.029998779296875,5468300,37.488765716552734
2005-12-13,50.79999923706055,51.11000061035156,50.400001525878906,50.77000045776367,5404300,37.29774856567383
2005-12-14,50.650001525878906,51.56999969482422,50.650001525878906,51.459999084472656,5919100,37.80465316772461
2005-12-15,51.4900016784668,51.70000076293945,51.119998931884766,51.43000030517578,3563600,37.782623291015625
2005-12-16,51.790000915527344,52.06999969482422,51.560001373291016,51.93000030517578,6098800,38.149925231933594
2005-12-19,51.79999923706055,51.849998474121094,51.27000045776367,51.27000045776367,4517700,37.66508102416992
2005-12-20,51.20000076293945,52,51.150001525878906,51.75,4969500,38.01769256591797
2005-12-21,51.91999816894531,52.650001525878906,51.91999816894531,52.38999938964844,5727400,38.48786926269531
2005-12-22,52.400001525878906,52.720001220703125,51.959999084472656,52.29999923706055,3181500,38.4217643737793
2005-12-23,52.45000076293945,52.5,52.2400016784668,52.310001373291016,2025200,38.42910385131836
2005-12-27,52.369998931884766,52.560001373291016,51.189998626708984,51.27000045776367,3621600,37.66508102416992
2005-12-28,51.5,51.650001525878906,51.040000915527344,51.43000030517578,2810300,37.782623291015625
2005-12-29,51.349998474121094,51.54999923706055,51.0099983215332,51.11000061035156,3125500,37.54752731323242
2005-12-30,50.81999969482422,51.65999984741211,50.779998779296875,51.459999084472656,5166300,37.80465316772461
2006-01-03,51.70000076293945,52.58000183105469,51.04999923706055,52.58000183105469,7825700,38.62746047973633
2006-01-04,52.439998626708984,52.56999969482422,51.810001373291016,51.95000076293945,5729400,38.25193786621094
2006-01-05,51.900001525878906,52.5099983215332,51.900001525878906,52.5,3925800,38.65690994262695
2006-01-06,52.63999938964844,52.869998931884766,52.279998779296875,52.68000030517578,4137800,38.78945541381836
2006-01-09,52.81999969482422,53.9900016784668,52.81999969482422,53.9900016784668,6093300,39.754024505615234
2006-01-10,53.58000183105469,53.90999984741211,53.5099983215332,53.83000183105469,4894100,39.63621139526367
2006-01-11,53.70000076293945,53.81999969482422,53.41999816894531,53.540000915527344,4610900,39.422664642333984
2006-01-12,53.58000183105469,53.70000076293945,53.25,53.54999923706055,2995000,39.43004608154297
2006-01-13,53.70000076293945,53.91999816894531,53.400001525878906,53.439998626708984,7639300,39.34904861450195
2006-01-17,53.08000183105469,53.25,52.83000183105469,52.959999084472656,4914900,38.99562454223633
2006-01-18,52.650001525878906,53.06999969482422,52.599998474121094,52.77000045776367,5602500,38.85572052001953
2006-01-19,53.060001373291016,53.099998474121094,52.47999954223633,52.59000015258789,4638600,38.72317886352539
2006-01-20,52.59000015258789,52.59000015258789,51.279998779296875,51.400001525878906,11871700,37.846954345703125
2006-01-23,51.5,52.349998474121094,51.380001068115234,51.439998626708984,10460600,37.876399993896484
2006-01-24,51.900001525878906,52.970001220703125,51.810001373291016,52.81999969482422,8565000,38.89252853393555
2006-01-25,52.5,53.25,52.5,52.900001525878906,7591000,38.95143508911133
2006-01-26,53.150001525878906,53.47999954223633,52.95000076293945,53.31999969482422,5300900,39.26069641113281
2006-01-27,53.220001220703125,53.4900016784668,53.04999923706055,53.29999923706055,6928900,39.24595642089844
2006-01-30,53.150001525878906,53.220001220703125,52.52000045776367,52.68000030517578,6335800,38.78945541381836
2006-01-31,52.5099983215332,52.90999984741211,52.25,52.45000076293945,5701300,38.620079040527344
2006-02-01,52.45000076293945,52.81999969482422,52.31999969482422,52.619998931884766,3847400,38.745269775390625
2006-02-02,52.599998474121094,52.86000061035156,52.31999969482422,52.560001373291016,5521200,38.701080322265625
2006-02-03,52.56999969482422,52.880001068115234,52.279998779296875,52.33000183105469,4008900,38.531742095947266
2006-02-06,52.220001220703125,52.400001525878906,51.79999923706055,52.220001220703125,2948400,38.45073699951172
2006-02-07,52.099998474121094,52.45000076293945,52.02000045776367,52.06999969482422,3516800,38.340293884277344
2006-02-08,51.970001220703125,52.86000061035156,51.650001525878906,52.72999954223633,4784600,38.82627487182617
2006-02-09,52.95000076293945,53.7400016784668,52.77000045776367,53.040000915527344,4959000,39.05451965332031
2006-02-10,53.13999938964844,53.439998626708984,52.720001220703125,53,3741400,39.02507781982422
2006-02-13,53,53.4900016784668,52.939998626708984,53.02000045776367,3812100,39.039794921875
2006-02-14,53.29999923706055,53.95000076293945,53.150001525878906,53.5099983215332,4900700,39.400604248046875
2006-02-15,53.68000030517578,54.2400016784668,53.560001373291016,54.189998626708984,4576100,39.90128707885742
2006-02-16,54.04999923706055,54.47999954223633,53.81999969482422,54.47999954223633,4240600,40.11483383178711
2006-02-17,54.47999954223633,54.4900016784668,54.099998474121094,54.45000076293945,4385800,40.092742919921875
2006-02-21,54.5,54.56999969482422,53.83000183105469,53.86000061035156,3990900,39.65829849243164
2006-02-22,53.970001220703125,54.95000076293945,53.95000076293945,54.84000015258789,6256200,40.379905700683594
2006-02-23,54.279998779296875,55,54.18000030517578,54.56999969482422,4328300,40.181095123291016
2006-02-24,54.59000015258789,54.95000076293945,54.5099983215332,54.869998931884766,2887400,40.40198516845703
2006-02-27,54.869998931884766,54.939998626708984,54.599998474121094,54.7400016784668,2582500,40.30628204345703
2006-02-28,54.29999923706055,54.4900016784668,53.880001068115234,53.880001068115234,8026700,39.67304229736328
2006-03-01,53.95000076293945,54.20000076293945,53.77000045776367,54.119998931884766,2866500,39.84975814819336
2006-03-02,54.11000061035156,54.290000915527344,53.75,53.779998779296875,4595300,39.599403381347656
2006-03-03,53.599998474121094,54.349998474121094,53.54999923706055,53.75,3755200,39.577293395996094
2006-03-06,53.72999954223633,54.130001068115234,53.63999938964844,53.75,3216400,39.577293395996094
2006-03-07,53.54999923706055,54,53.43000030517578,53.59000015258789,4394200,39.459503173828125
2006-03-08,53.59000015258789,54.04999923706055,53.41999816894531,53.84000015258789,5726400,39.643577575683594
2006-03-09,53.810001373291016,53.91999816894531,53.09000015258789,53.20000076293945,5611500,39.17234420776367
2006-03-10,53.25,54.310001373291016,53.099998474121094,54.22999954223633,4243400,39.93073272705078
2006-03-13,54.45000076293945,54.4900016784668,53.54999923706055,53.84000015258789,3693400,39.643577575683594
2006-03-14,53.77000045776367,54.060001373291016,53.72999954223633,53.959999084472656,3675200,39.73193359375
2006-03-15,53.959999084472656,54.13999938964844,53.79999923706055,54.02000045776367,2821700,39.7761116027832
2006-03-16,54,54.349998474121094,53.95000076293945,54.119998931884766,3365000,39.84975814819336
2006-03-17,54.40999984741211,54.65999984741211,54.279998779296875,54.650001525878906,5720300,40.24000549316406
2006-03-20,55,55,54.08000183105469,54.119998931884766,2893000,39.84975814819336
2006-03-21,53.959999084472656,54.02000045776367,53.47999954223633,53.59000015258789,5350200,39.459503173828125
2006-03-22,53.54999923706055,53.70000076293945,53.279998779296875,53.54999923706055,3542700,39.43004608154297
2006-03-23,53.54999923706055,53.54999923706055,52.75,53.099998474121094,4385800,39.09870910644531
2006-03-24,53.099998474121094,53.279998779296875,52.689998626708984,53.18000030517578,2686400,39.1576042175293
2006-03-27,53.18000030517578,53.459999084472656,52.93000030517578,53.36000061035156,3811900,39.290138244628906
2006-03-28,53.400001525878906,53.470001220703125,52.540000915527344,52.56999969482422,4857900,38.70846176147461
2006-03-29,52.849998474121094,52.90999984741211,52.459999084472656,52.5,5282100,38.65690994262695
2006-03-30,52.400001525878906,52.54999923706055,51.959999084472656,52.130001068115234,6196800,38.38447952270508
2006-03-31,51.7599983215332,52.779998779296875,51.7599983215332,52.54999923706055,5182300,38.69371795654297
2006-04-03,52.810001373291016,53.099998474121094,52.349998474121094,52.43000030517578,4105800,38.605384826660156
2006-04-04,52.41999816894531,53.22999954223633,52.189998626708984,53.22999954223633,2893100,39.19443893432617
2006-04-05,53.45000076293945,53.45000076293945,52.86000061035156,52.900001525878906,4179200,39.0394401550293
2006-04-06,52.79999923706055,52.84000015258789,52.029998779296875,52.27000045776367,4898900,38.57452392578125
2006-04-07,52.439998626708984,52.58000183105469,51.650001525878906,51.70000076293945,4555000,38.153846740722656
2006-04-10,51.68000030517578,52.13999938964844,51.529998779296875,51.849998474121094,2273600,38.26456069946289
2006-04-11,51.77000045776367,51.93000030517578,51.11000061035156,51.25,3458200,37.82176971435547
2006-04-12,51.25,51.4900016784668,51.099998474121094,51.189998626708984,2331000,37.777488708496094
2006-04-13,51.20000076293945,51.279998779296875,51,51.209999084472656,2534700,37.792240142822266
2006-04-17,51.09000015258789,51.40999984741211,50.91999816894531,51,4037300,37.637271881103516
2006-04-18,51.099998474121094,52.34000015258789,50.91999816894531,52.29999923706055,5451200,38.59665298461914
2006-04-19,52.29999923706055,52.33000183105469,51.7599983215332,51.869998931884766,3198000,38.27931594848633
2006-04-20,51.880001068115234,52.630001068115234,51.86000061035156,52.439998626708984,3651300,38.69997024536133
2006-04-21,52.72999954223633,52.97999954223633,52.16999816894531,52.25,7002500,38.55976486206055
2006-04-24,52.20000076293945,52.630001068115234,51.5,51.779998779296875,6387600,38.21288299560547
2006-04-25,51.77000045776367,51.849998474121094,51.18000030517578,51.310001373291016,4538500,37.866058349609375
2006-04-26,51.5,51.95000076293945,51.47999954223633,51.900001525878906,5061100,38.30147171020508
2006-04-27,52,53.70000076293945,51.93000030517578,53.70000076293945,9230100,39.62983322143555
2006-04-28,53.630001068115234,54.13999938964844,53.61000061035156,53.810001373291016,6648500,39.711002349853516
2006-05-01,53.880001068115234,53.959999084472656,52.68000030517578,52.810001373291016,6330100,38.973026275634766
2006-05-02,52.900001525878906,53.130001068115234,52.459999084472656,52.529998779296875,4540500,38.76638412475586
2006-05-03,52.45000076293945,52.58000183105469,52.2400016784668,52.380001068115234,4844900,38.655696868896484
2006-05-04,52.25,52.91999816894531,52.18000030517578,52.75,4708000,38.92875289916992
2006-05-05,53,53.91999816894531,52.959999084472656,53.75,5817900,39.666725158691406
2006-05-08,53.650001525878906,54.02000045776367,53.560001373291016,53.599998474121094,3875500,39.556034088134766
2006-05-09,53.599998474121094,53.7599983215332,53.43000030517578,53.56999969482422,3794700,39.533897399902344
2006-05-10,53.41999816894531,53.84000015258789,53.349998474121094,53.619998931884766,3788300,39.570796966552734
2006-05-11,53.56999969482422,53.58000183105469,52.56999969482422,52.709999084472656,5587900,38.89922332763672
2006-05-12,52.599998474121094,53.16999816894531,52.40999984741211,52.88999938964844,6944600,39.03207778930664
2006-05-15,52.70000076293945,53.25,52.70000076293945,53.130001068115234,5495500,39.209205627441406
2006-05-16,53.20000076293945,53.22999954223633,52.849998474121094,52.97999954223633,2819900,39.09849548339844
2006-05-17,52.599998474121094,52.75,51.900001525878906,52,7959900,38.375267028808594
2006-05-18,52.06999969482422,52.400001525878906,51.900001525878906,51.90999984741211,5911200,38.308841705322266
2006-05-19,52.0099983215332,52.34000015258789,52,52.22999954223633,6901200,38.54499435424805
2006-05-22,51.880001068115234,52.56999969482422,51.33000183105469,51.900001525878906,7965500,38.30147171020508
2006-05-23,52.29999923706055,52.540000915527344,52.150001525878906,52.220001220703125,6307400,38.537620544433594
2006-05-24,52.33000183105469,53.63999938964844,52.29999923706055,53.40999984741211,9421800,39.415828704833984
2006-05-25,53.41999816894531,54.25,53.41999816894531,54.09000015258789,6457200,39.91764831542969
2006-05-26,54.220001220703125,54.52000045776367,54.15999984741211,54.40999984741211,5528300,40.15380859375
2006-05-30,54.40999984741211,54.40999984741211,53.68000030517578,53.79999923706055,5608900,39.703636169433594
2006-05-31,54,54.40999984741211,53.7400016784668,54.36000061035156,5184600,40.11691665649414
2006-06-01,54.5,54.810001373291016,54.18000030517578,54.779998779296875,4275500,40.426856994628906
2006-06-02,54.779998779296875,54.90999984741211,54.2400016784668,54.720001220703125,4667400,40.38258743286133
2006-06-05,54.54999923706055,54.70000076293945,53.4900016784668,53.599998474121094,5054500,39.556034088134766
2006-06-06,53.83000183105469,53.959999084472656,52.84000015258789,53.2599983215332,5753300,39.30510330200195
2006-06-07,53.400001525878906,54.16999816894531,53.290000915527344,53.47999954223633,4898000,39.46746826171875
2006-06-08,53.25,53.959999084472656,52.61000061035156,53.38999938964844,6428100,39.40104293823242
2006-06-09,53.400001525878906,53.77000045776367,52.9900016784668,53.459999084472656,3600900,39.45270919799805
2006-06-12,53.4900016784668,53.7400016784668,52.720001220703125,52.83000183105469,4075900,38.987789154052734
2006-06-13,52.84000015258789,53.54999923706055,52.18000030517578,52.220001220703125,6285000,38.537620544433594
2006-06-14,52.18000030517578,52.7599983215332,52.099998474121094,52.7400016784668,7001100,38.921363830566406
2006-06-15,53,53.650001525878906,52.779998779296875,53.56999969482422,5592600,39.533897399902344
2006-06-16,53.56999969482422,53.56999969482422,52.75,52.91999816894531,7422600,39.0542106628418
2006-06-19,52.90999984741211,52.970001220703125,52.119998931884766,52.220001220703125,4986100,38.537620544433594
2006-06-20,52.380001068115234,53.45000076293945,52.18000030517578,52.72999954223633,5069000,38.91400146484375
2006-06-21,52.72999954223633,53.470001220703125,52.63999938964844,53.130001068115234,4931300,39.209205627441406
2006-06-22,52.779998779296875,52.9900016784668,52.5,52.75,3196300,38.92875289916992
2006-06-23,52.5,53.02000045776367,52.400001525878906,52.59000015258789,2674300,38.81067657470703
2006-06-26,52.630001068115234,53,52.599998474121094,52.9900016784668,2430600,39.10586166381836
2006-06-27,52.959999084472656,53,52.29999923706055,52.310001373291016,2730300,38.60404586791992
2006-06-28,52.5,52.779998779296875,52,52.18000030517578,3676700,38.50811004638672
2006-06-29,52.43000030517578,53.91999816894531,52.40999984741211,53.88999938964844,4487500,39.77004623413086
2006-06-30,54,54.290000915527344,53.220001220703125,53.220001220703125,4171000,39.27560043334961
2006-07-03,53.2400016784668,53.869998931884766,53.2400016784668,53.65999984741211,1806000,39.600318908691406
2006-07-05,53.04999923706055,53.20000076293945,52.349998474121094,52.5,5450500,38.85286331176758
2006-07-06,52.54999923706055,52.900001525878906,52.41999816894531,52.540000915527344,2505200,38.88245391845703
2006-07-07,52.5,52.54999923706055,51.81999969482422,51.97999954223633,3861400,38.4680290222168
2006-07-10,52.20000076293945,52.47999954223633,52.09000015258789,52.099998474121094,2356900,38.55684280395508
2006-07-11,52.11000061035156,52.59000015258789,51.900001525878906,52.4900016784668,3274500,38.845462799072266
2006-07-12,52.540000915527344,52.869998931884766,52.099998474121094,52.20000076293945,2811200,38.63082504272461
2006-07-13,51.97999954223633,52.060001373291016,51.20000076293945,51.25,5817900,37.927791595458984
2006-07-14,51.150001525878906,51.43000030517578,50.66999816894531,51.27000045776367,5789200,37.94260025024414
2006-07-17,51.400001525878906,51.560001373291016,51.20000076293945,51.25,4016800,37.927791595458984
2006-07-18,51.20000076293945,51.36000061035156,50.400001525878906,50.95000076293945,3882800,37.70576095581055
2006-07-19,51.20000076293945,52.34000015258789,50.90999984741211,52.099998474121094,4795900,38.55684280395508
2006-07-20,51.95000076293945,52.150001525878906,51.790000915527344,51.790000915527344,4676300,38.32741165161133
2006-07-21,51.7400016784668,51.75,50.400001525878906,50.619998931884766,7237800,37.4615478515625
2006-07-24,51,51.68000030517578,49.72999954223633,50.65999984741211,13633300,37.49116516113281
2006-07-25,51.650001525878906,51.650001525878906,50.31999969482422,50.84000015258789,7248500,37.62437057495117
2006-07-26,50.900001525878906,51.95000076293945,50.900001525878906,51.75,8034000,38.297813415527344
2006-07-27,51.95000076293945,52.06999969482422,51.2599983215332,51.290000915527344,4184700,37.95740509033203
2006-07-28,51.75,52.369998931884766,51.63999938964844,52.189998626708984,6001500,38.62345504760742
2006-07-31,51.900001525878906,52.189998626708984,51.869998931884766,52.060001373291016,4267600,38.5272216796875
2006-08-01,51.91999816894531,52.18000030517578,51.5,52.11000061035156,3867600,38.56424331665039
2006-08-02,52,52.150001525878906,51.56999969482422,51.77000045776367,4676700,38.31262969970703
2006-08-03,51.400001525878906,52.22999954223633,51.400001525878906,52.130001068115234,3620300,38.57904815673828
2006-08-04,52.380001068115234,52.93000030517578,52,52.209999084472656,4442900,38.63823699951172
2006-08-07,51.970001220703125,52.5099983215332,51.90999984741211,52.099998474121094,3370200,38.55684280395508
2006-08-08,52.29999923706055,53,51.970001220703125,52.27000045776367,5170300,38.682655334472656
2006-08-09,52.31999969482422,52.529998779296875,52.02000045776367,52.060001373291016,5089100,38.5272216796875
2006-08-10,52.060001373291016,52.06999969482422,51.619998931884766,51.97999954223633,3912800,38.4680290222168
2006-08-11,51.650001525878906,51.88999938964844,51.189998626708984,51.79999923706055,4287200,38.33482360839844
2006-08-14,52.150001525878906,52.20000076293945,51.7400016784668,51.79999923706055,3283400,38.33482360839844
2006-08-15,52.41999816894531,52.970001220703125,52.119998931884766,52.810001373291016,3744800,39.082279205322266
2006-08-16,52.810001373291016,53.13999938964844,52.75,53.029998779296875,3064200,39.245079040527344
2006-08-17,53.029998779296875,53.720001220703125,52.75,53.5099983215332,3483000,39.60031509399414
2006-08-18,53.529998779296875,53.529998779296875,53.11000061035156,53.2599983215332,2821400,39.415287017822266
2006-08-21,53.2599983215332,53.40999984741211,52.83000183105469,53.29999923706055,3725500,39.44490051269531
2006-08-22,53.099998474121094,53.43000030517578,52.880001068115234,53.09000015258789,2543400,39.289493560791016
2006-08-23,53,53.220001220703125,52.95000076293945,53,2795000,39.22288513183594
2006-08-24,53.220001220703125,53.29999923706055,53,53.130001068115234,2403800,39.319122314453125
2006-08-25,53,53,52.68000030517578,52.91999816894531,3007000,39.1636962890625
2006-08-28,52.83000183105469,53.119998931884766,52.790000915527344,52.939998626708984,2569300,39.17848205566406
2006-08-29,53,53.029998779296875,52.29999923706055,52.54999923706055,4245000,38.88986587524414
2006-08-30,52.68000030517578,52.689998626708984,52.380001068115234,52.470001220703125,4115500,38.83066177368164
2006-08-31,52.29999923706055,52.65999984741211,52.29999923706055,52.540000915527344,3240400,38.88245391845703
2006-09-01,52.560001373291016,52.72999954223633,52.470001220703125,52.54999923706055,3069200,38.88986587524414
2006-09-05,52.150001525878906,52.86000061035156,52.099998474121094,52.650001525878906,3389300,38.963871002197266
2006-09-06,52.400001525878906,52.540000915527344,52.2400016784668,52.31999969482422,3771200,38.719661712646484
2006-09-07,52.08000183105469,52.689998626708984,52.06999969482422,52.29999923706055,4356400,38.70484924316406
2006-09-08,51.5099983215332,52.869998931884766,51.4900016784668,52.619998931884766,5856300,38.94166946411133
2006-09-11,52.5,52.630001068115234,52.349998474121094,52.47999954223633,5148800,38.83806228637695
2006-09-12,52.58000183105469,52.83000183105469,52.40999984741211,52.61000061035156,3942300,38.93427658081055
2006-09-13,52.689998626708984,53.529998779296875,52.599998474121094,53.40999984741211,4385300,39.52631378173828
2006-09-14,53.41999816894531,53.63999938964844,53.25,53.47999954223633,3340800,39.57810592651367
2006-09-15,53.880001068115234,54,53.47999954223633,53.75,6493300,39.777915954589844
2006-09-18,53.52000045776367,53.81999969482422,53.220001220703125,53.4900016784668,3041200,39.58552932739258
2006-09-19,53.40999984741211,53.599998474121094,53.189998626708984,53.40999984741211,3562900,39.52631378173828
2006-09-20,53.68000030517578,54.34000015258789,53.5,54.2599983215332,4226800,40.15536117553711
2006-09-21,54.119998931884766,55.06999969482422,54.0099983215332,54.2400016784668,7782300,40.14057922363281
2006-09-22,54.119998931884766,54.4900016784668,54,54.11000061035156,2753200,40.04436111450195
2006-09-25,54.4900016784668,55.15999984741211,53.86000061035156,54.939998626708984,6268300,40.65860366821289
2006-09-26,54.849998474121094,56.11000061035156,54.65999984741211,55.959999084472656,8980800,41.41343307495117
2006-09-27,55.84000015258789,56.040000915527344,55.47999954223633,56.029998779296875,6309100,41.465232849121094
2006-09-28,55.880001068115234,56.189998626708984,55.619998931884766,55.9900016784668,4293000,41.435646057128906
2006-09-29,55.79999923706055,56.099998474121094,55.54999923706055,56.08000183105469,4969800,41.502254486083984
2006-10-02,56.08000183105469,56.08000183105469,55,55.18000030517578,5109000,40.83620071411133
2006-10-03,55.189998626708984,56,55.189998626708984,55.9900016784668,5701500,41.435646057128906
2006-10-04,56,56.619998931884766,55.65999984741211,56.560001373291016,5254100,41.96992111206055
2006-10-05,56.279998779296875,56.650001525878906,56.119998931884766,56.650001525878906,3137500,42.03670883178711
2006-10-06,56.25,56.599998474121094,56.189998626708984,56.59000015258789,4127600,41.99217987060547
2006-10-09,56.45000076293945,56.66999816894531,56.13999938964844,56.52000045776367,4114300,41.94024658203125
2006-10-10,56.79999923706055,57.65999984741211,56.7400016784668,57.65999984741211,12038200,42.786163330078125
2006-10-11,57.599998474121094,57.720001220703125,57.09000015258789,57.45000076293945,7349600,42.630348205566406
2006-10-12,57.54999923706055,57.95000076293945,57.41999816894531,57.88999938964844,6303900,42.956844329833984
2006-10-13,57.900001525878906,58.02000045776367,57.63999938964844,58.02000045776367,6883200,43.053314208984375
2006-10-16,57.97999954223633,58,57.630001068115234,57.63999938964844,4098600,42.771324157714844
2006-10-17,57.63999938964844,58.15999984741211,57.470001220703125,58.099998474121094,5585500,43.1126594543457
2006-10-18,58.220001220703125,58.43000030517578,57.70000076293945,57.93000030517578,6770900,42.986515045166016
2006-10-19,57.93000030517578,58.11000061035156,57.58000183105469,57.970001220703125,4808800,43.01620101928711
2006-10-20,58.20000076293945,58.2400016784668,57.68000030517578,58.040000915527344,4734400,43.06814193725586
2006-10-23,57.7599983215332,58.34000015258789,56.279998779296875,56.650001525878906,19388000,42.03670883178711
2006-10-24,56.650001525878906,57.11000061035156,56.52000045776367,56.70000076293945,8771000,42.07380294799805
2006-10-25,56.709999084472656,57.09000015258789,56.709999084472656,56.86000061035156,7068100,42.19252014160156
2006-10-26,56.86000061035156,57.97999954223633,56.849998474121094,57.81999969482422,5783800,42.904876708984375
2006-10-27,57.7599983215332,57.79999923706055,57.09000015258789,57.27000045776367,5271500,42.496768951416016
2006-10-30,57.279998779296875,57.47999954223633,57.22999954223633,57.310001373291016,3907400,42.52644729614258
2006-10-31,57.540000915527344,57.810001373291016,57.459999084472656,57.810001373291016,5618200,42.89746856689453
2006-11-01,58,58.36000061035156,57.599998474121094,57.650001525878906,8254600,42.77875900268555
2006-11-02,57.54999923706055,57.54999923706055,57.20000076293945,57.459999084472656,3838500,42.63775634765625
2006-11-03,57.5099983215332,57.70000076293945,57,57.060001373291016,3383300,42.3409423828125
2006-11-06,57.29999923706055,58.2400016784668,57.2599983215332,58.15999984741211,5294700,43.15719985961914
2006-11-07,58.20000076293945,58.650001525878906,58.15999984741211,58.45000076293945,4595300,43.37238693237305
2006-11-08,58.650001525878906,59.5,58.599998474121094,59.06999969482422,7860600,43.83244323730469
2006-11-09,59.04999923706055,59.130001068115234,58.75,58.90999984741211,5556200,43.71371078491211
2006-11-10,58.90999984741211,58.95000076293945,58.66999816894531,58.86000061035156,3590800,43.67660903930664
2006-11-13,58.880001068115234,59.060001373291016,58.83000183105469,58.970001220703125,5048700,43.75824737548828
2006-11-14,58.939998626708984,59.43000030517578,58.790000915527344,59.34000015258789,5505800,44.03279113769531
2006-11-15,59.29999923706055,59.63999938964844,59.279998779296875,59.47999954223633,4461000,44.13668441772461
2006-11-16,59.540000915527344,59.70000076293945,59.290000915527344,59.56999969482422,5205400,44.203468322753906
2006-11-17,59.56999969482422,59.900001525878906,59.439998626708984,59.84000015258789,4844100,44.403831481933594
2006-11-20,59.84000015258789,59.86000061035156,59.349998474121094,59.58000183105469,4134500,44.210880279541016
2006-11-21,59.400001525878906,59.880001068115234,59.25,59.40999984741211,3578000,44.08475112915039
2006-11-22,59.400001525878906,59.900001525878906,59.349998474121094,59.88999938964844,3643400,44.44092559814453
2006-11-24,59.54999923706055,59.93000030517578,59.54999923706055,59.900001525878906,1679900,44.44834518432617
2006-11-27,59.70000076293945,59.900001525878906,58.619998931884766,58.81999969482422,6097800,43.64693069458008
2006-11-28,58.650001525878906,59.029998779296875,58.439998626708984,58.900001525878906,5238200,43.70632553100586
2006-11-29,58.95000076293945,59.08000183105469,58.5,58.77000045776367,4393600,43.60984420776367
2006-11-30,58.77000045776367,59.029998779296875,58.209999084472656,58.720001220703125,6792200,43.57273864746094
2006-12-01,58.79999923706055,58.869998931884766,58,58.54999923706055,4838300,43.446571350097656
2006-12-04,58.79999923706055,59.97999954223633,58.70000076293945,59.88999938964844,5511000,44.44092559814453
2006-12-05,59.41999816894531,59.97999954223633,59.279998779296875,59.849998474121094,4365500,44.41123962402344
2006-12-06,59.849998474121094,59.91999816894531,59.2599983215332,59.66999816894531,3104000,44.27766036987305
2006-12-07,59.79999923706055,60.04999923706055,59.04999923706055,59.16999816894531,5015700,43.90665054321289
2006-12-08,59.060001373291016,59.849998474121094,59.040000915527344,59.83000183105469,3517600,44.396392822265625
2006-12-11,59.77000045776367,59.9900016784668,59.040000915527344,59.310001373291016,5031300,44.010528564453125
2006-12-12,59.150001525878906,59.25,58.59000015258789,59.119998931884766,5459500,43.869544982910156
2006-12-13,59.68000030517578,60.04999923706055,59.459999084472656,59.970001220703125,5874800,44.50028991699219
2006-12-14,59.970001220703125,62.04999923706055,59.939998626708984,61.900001525878906,11181400,45.93240737915039
2006-12-15,61.91999816894531,62.29999923706055,61.599998474121094,61.63999938964844,7634100,45.739501953125
2006-12-18,61.70000076293945,62.5,61.70000076293945,61.77000045776367,4803000,45.835960388183594
2006-12-19,61.45000076293945,62,61.20000076293945,61.54999923706055,4299400,45.67270278930664
2006-12-20,61.5,61.689998626708984,61.11000061035156,61.33000183105469,3606800,45.509464263916016
2006-12-21,61.34000015258789,61.599998474121094,60.81999969482422,60.86000061035156,3647900,45.160701751708984
2006-12-22,60.689998626708984,61.09000015258789,60.560001373291016,60.849998474121094,2102700,45.153282165527344
2006-12-26,60.880001068115234,61.2400016784668,60.81999969482422,61.15999984741211,1554500,45.383304595947266
2006-12-27,61.54999923706055,61.810001373291016,61.189998626708984,61.56999969482422,2478300,45.68755340576172
2006-12-28,61.63999938964844,61.93000030517578,61.04999923706055,61.13999938964844,2369400,45.368465423583984
2006-12-29,61.04999923706055,61.310001373291016,60.58000183105469,60.66999816894531,2239500,45.01974105834961
2007-01-03,61.18000030517578,61.900001525878906,60.04999923706055,60.36000061035156,6142500,44.900699615478516
2007-01-04,60.22999954223633,60.56999969482422,59.790000915527344,59.91999816894531,5671200,44.57339859008789
2007-01-05,59.650001525878906,59.869998931884766,58.900001525878906,59.130001068115234,6768100,43.985721588134766
2007-01-08,59.029998779296875,59.7599983215332,58.349998474121094,59.689998626708984,5000200,44.402286529541016
2007-01-09,59.900001525878906,59.95000076293945,59,59.310001373291016,4968000,44.11961364746094
2007-01-10,59.2400016784668,59.369998931884766,58.709999084472656,59.27000045776367,4366800,44.08986282348633
2007-01-11,59.25,59.56999969482422,59.060001373291016,59.45000076293945,4204900,44.2237434387207
2007-01-12,59.349998474121094,59.40999984741211,58.7599983215332,59.0099983215332,5002900,43.896453857421875
2007-01-16,58.849998474121094,59.18000030517578,58.68000030517578,59.130001068115234,5354200,43.985721588134766
2007-01-17,59.15999984741211,59.5,59,59.220001220703125,4898000,44.05267333984375
2007-01-18,58.5,59.43000030517578,58.5,59,4606500,43.88901901245117
2007-01-19,59.22999954223633,59.22999954223633,58.040000915527344,58.09000015258789,8192600,43.21208190917969
2007-01-22,58.29999923706055,58.630001068115234,57.13999938964844,58.060001373291016,13231600,43.189781188964844
2007-01-23,58,58.150001525878906,57.150001525878906,57.540000915527344,6572200,42.802947998046875
2007-01-24,57.70000076293945,58.93000030517578,57.650001525878906,58.93000030517578,5485000,43.83695602416992
2007-01-25,58.779998779296875,58.93000030517578,57.689998626708984,57.77000045776367,5103700,42.97404098510742
2007-01-26,57.810001373291016,58.04999923706055,57.45000076293945,57.849998474121094,5477000,43.03355407714844
2007-01-29,57.75,57.959999084472656,57.5,57.63999938964844,4714500,42.877342224121094
2007-01-30,57.68000030517578,58.029998779296875,57.650001525878906,58.0099983215332,5177500,43.15258026123047
2007-01-31,58.02000045776367,58.45000076293945,57.75,58.220001220703125,6323300,43.30878448486328
2007-02-01,58.29999923706055,58.66999816894531,57.90999984741211,58.06999969482422,4115900,43.197208404541016
2007-02-02,58.29999923706055,58.5,58,58.15999984741211,5033400,43.26416015625
2007-02-05,58.16999816894531,58.47999954223633,57.90999984741211,58.20000076293945,3220000,43.29389572143555
2007-02-06,58.400001525878906,58.5,57.59000015258789,58.060001373291016,4491800,43.189781188964844
2007-02-07,58.22999954223633,58.849998474121094,58.060001373291016,58.68000030517578,4487000,43.650978088378906
2007-02-08,58.68000030517578,58.68000030517578,58.060001373291016,58.4900016784668,2913600,43.50962448120117
2007-02-09,58.650001525878906,58.970001220703125,57.310001373291016,57.529998779296875,4704900,42.79551315307617
2007-02-12,57.689998626708984,57.689998626708984,56.209999084472656,57,12378600,42.4012565612793
2007-02-13,57.22999954223633,57.779998779296875,56.81999969482422,57.599998474121094,4978500,42.84757614135742
2007-02-14,57.599998474121094,59.04999923706055,57.349998474121094,58.689998626708984,7739100,43.658424377441406
2007-02-15,58.52000045776367,59.119998931884766,58.52000045776367,58.849998474121094,7609300,43.777427673339844
2007-02-16,59,59.150001525878906,58.540000915527344,59.02000045776367,4927900,43.903907775878906
2007-02-20,58.75,59.0099983215332,58.08000183105469,58.709999084472656,4483200,43.673282623291016
2007-02-21,58.2599983215332,58.79999923706055,58.25,58.529998779296875,2681100,43.53938674926758
2007-02-22,58.41999816894531,58.77000045776367,57.939998626708984,58.150001525878906,3855300,43.2567138671875
2007-02-23,58,58.29999923706055,57.77000045776367,58.02000045776367,3574500,43.16001892089844
2007-02-26,58.02000045776367,58.47999954223633,57.099998474121094,57.13999938964844,4242800,42.50539779663086
2007-02-27,57,57.029998779296875,54.5,55.59000015258789,11075600,41.352386474609375
2007-02-28,56.029998779296875,57.459999084472656,56,56.869998931884766,11590300,42.304534912109375
2007-03-01,56.20000076293945,57,55.150001525878906,56.54999923706055,8759700,42.066505432128906
2007-03-02,56.099998474121094,56.45000076293945,55.33000183105469,55.439998626708984,7281000,41.24079132080078
2007-03-05,55.43000030517578,55.970001220703125,54.900001525878906,54.900001525878906,6482000,40.83912658691406
2007-03-06,55.349998474121094,56.459999084472656,55.209999084472656,56.369998931884766,8311300,41.93260192871094
2007-03-07,56.119998931884766,56.27000045776367,55.33000183105469,55.86000061035156,5464100,41.55323028564453
2007-03-08,56.34000015258789,57,56.119998931884766,56.81999969482422,5424500,42.267356872558594
2007-03-09,57.06999969482422,57.349998474121094,56.54999923706055,56.900001525878906,3819800,42.326881408691406
2007-03-12,56.11000061035156,56.959999084472656,55.63999938964844,56.709999084472656,3702300,42.1855354309082
2007-03-13,56.29999923706055,56.599998474121094,54.709999084472656,54.75,7980300,40.72753143310547
2007-03-14,54.25,56.13999938964844,53.90999984741211,55.709999084472656,10665600,41.4416618347168
2007-03-15,55.58000183105469,56.2400016784668,55.5,56.11000061035156,8899200,41.73920440673828
2007-03-16,56.400001525878906,56.560001373291016,54.95000076293945,55.54999923706055,7966600,41.3226318359375
2007-03-19,56.2599983215332,56.29999923706055,55.61000061035156,56.040000915527344,6295000,41.68711853027344
2007-03-20,56.040000915527344,56.40999984741211,55.91999816894531,56.2599983215332,3857400,41.85076904296875
2007-03-21,56.27000045776367,57.75,55.65999984741211,57.4900016784668,7200000,42.7657470703125
2007-03-22,57.400001525878906,57.599998474121094,56.84000015258789,57.439998626708984,5326400,42.72856521606445
2007-03-23,57.58000183105469,57.90999984741211,57.27000045776367,57.43000030517578,3505600,42.72112274169922
2007-03-26,57.400001525878906,57.56999969482422,56.689998626708984,57.20000076293945,3708800,42.55002975463867
2007-03-27,56.95000076293945,57.04999923706055,56.380001068115234,56.43000030517578,5419500,41.97724533081055
2007-03-28,56.29999923706055,56.36000061035156,55.61000061035156,55.86000061035156,7592800,41.55323028564453
2007-03-29,56.650001525878906,56.68000030517578,55.84000015258789,56.459999084472656,4588000,41.99955749511719
2007-03-30,56.650001525878906,56.939998626708984,55.72999954223633,56.400001525878906,4139100,41.95491027832031
2007-04-02,56.400001525878906,56.689998626708984,55.34000015258789,55.86000061035156,6908100,41.55323028564453
2007-04-03,55.79999923706055,56.459999084472656,55.720001220703125,55.91999816894531,7564200,41.709861755371094
2007-04-04,56,56.47999954223633,55.9900016784668,56.310001373291016,3598600,42.00078582763672
2007-04-05,56.08000183105469,56.18000030517578,55.72999954223633,55.959999084472656,4643600,41.73969650268555
2007-04-09,56.02000045776367,56.459999084472656,55.66999816894531,56.36000061035156,3592500,42.03804397583008
2007-04-10,56.20000076293945,56.79999923706055,56.099998474121094,56.40999984741211,4464600,42.075355529785156
2007-04-11,56.31999969482422,56.79999923706055,55.9900016784668,56.04999923706055,4512500,41.80683898925781
2007-04-12,56.09000015258789,56.58000183105469,55.54999923706055,56.5099983215332,5295000,42.149925231933594
2007-04-13,57,57.5,56.61000061035156,57.36000061035156,7326000,42.7839241027832
2007-04-16,57.47999954223633,58.720001220703125,57.470001220703125,58.560001373291016,6472300,43.67900085449219
2007-04-17,58.5,58.5,57.869998931884766,58.2400016784668,5115700,43.44031524658203
2007-04-18,58.29999923706055,58.529998779296875,58.040000915527344,58.439998626708984,8383700,43.58948516845703
2007-04-19,58.5,59.099998474121094,57.88999938964844,58.95000076293945,7119400,43.96989440917969
2007-04-20,60.529998779296875,61.15999984741211,59.70000076293945,61,14273800,45.49896240234375
2007-04-23,61.5,61.7400016784668,60.70000076293945,61.150001525878906,7559400,45.6108283996582
2007-04-24,61.150001525878906,61.310001373291016,60.54999923706055,60.90999984741211,8077200,45.43183517456055
2007-04-25,61.099998474121094,62.5,60.52000045776367,62.31999969482422,10412200,46.48350524902344
2007-04-26,62.150001525878906,62.7400016784668,61.400001525878906,62.13999938964844,9451300,46.349273681640625
2007-04-27,61.81999969482422,62.5,61.720001220703125,62.13999938964844,5486900,46.349273681640625
2007-04-30,62.06999969482422,62.47999954223633,60.630001068115234,60.66999816894531,9399800,45.252811431884766
2007-05-01,60.5,61.36000061035156,60.400001525878906,61.31999969482422,10965900,45.73763656616211
2007-05-02,61.5099983215332,62.779998779296875,61.40999984741211,62.7400016784668,8542000,46.796791076660156
2007-05-03,62.779998779296875,63.459999084472656,62.5,63.459999084472656,6629300,47.33381652832031
2007-05-04,63.5,63.66999816894531,63.11000061035156,63.38999938964844,3754300,47.2816047668457
2007-05-07,63.38999938964844,63.5,62.959999084472656,63.27000045776367,2837200,47.19211959838867
2007-05-08,62.97999954223633,63.29999923706055,62.650001525878906,63.27000045776367,3190000,47.19211959838867
2007-05-09,63.279998779296875,63.45000076293945,62.81999969482422,63.279998779296875,3213400,47.19956588745117
2007-05-10,63,63.220001220703125,62.2400016784668,62.75,5553100,46.80426025390625
2007-05-11,62.75,63.119998931884766,62.29999923706055,62.970001220703125,3434400,46.968353271484375
2007-05-14,62.91999816894531,63.13999938964844,62.349998474121094,62.41999816894531,4400500,46.55812072753906
2007-05-15,62.650001525878906,63.5,62.41999816894531,63.02000045776367,5757200,47.00565719604492
2007-05-16,63.41999816894531,64,63.220001220703125,63.97999954223633,5614400,47.72169876098633
2007-05-17,63.90999984741211,64.05000305175781,63.400001525878906,63.560001373291016,3041300,47.40842819213867
2007-05-18,63.79999923706055,64.27999877929688,63.75,63.959999084472656,4855300,47.7067756652832
2007-05-21,63.9900016784668,64.44999694824219,63.86000061035156,64.2699966430664,4981600,47.93800354003906
2007-05-22,64.23999786376953,64.5,63.939998626708984,64.2699966430664,3237300,47.93800354003906
2007-05-23,64.22000122070312,64.66000366210938,63.689998626708984,63.9900016784668,4596700,47.729164123535156
2007-05-24,64.01000213623047,64.79000091552734,63.93000030517578,64.0199966430664,6676200,47.75153350830078
2007-05-25,63.95000076293945,64.16000366210938,63.54999923706055,63.630001068115234,3606700,47.46063232421875
2007-05-29,63.79999923706055,64.37999725341797,63.75,64.33999633789062,3269200,47.99018859863281
2007-05-30,64,65,63.79999923706055,65,5704500,48.48249053955078
2007-05-31,64.95999908447266,65.0999984741211,64.66000366210938,64.9800033569336,4767400,48.467594146728516
2007-06-01,65,65.11000061035156,64.66999816894531,65.06999969482422,5078900,48.534706115722656
2007-06-04,65.0999984741211,65.23999786376953,64.7300033569336,65.0199966430664,3748500,48.49740219116211
2007-06-05,65,65.11000061035156,64.56999969482422,64.79000091552734,5707300,48.325870513916016
2007-06-06,64.66999816894531,64.79000091552734,63.5099983215332,63.7400016784668,5382900,47.54267883300781
2007-06-07,63.599998474121094,64,62.61000061035156,62.7400016784668,6424600,46.796791076660156
2007-06-08,62.599998474121094,63.06999969482422,62.02000045776367,63.040000915527344,4282600,47.02055740356445
2007-06-11,62.790000915527344,63.41999816894531,62.41999816894531,63.060001373291016,4451100,47.03548049926758
2007-06-12,63.060001373291016,63.25,62.060001373291016,62.119998931884766,4649500,46.334354400634766
2007-06-13,62.5,63.189998626708984,62.189998626708984,63.150001525878906,4263000,47.102622985839844
2007-06-14,63.16999816894531,64.01000213623047,62.79999923706055,63.13999938964844,4570300,47.095157623291016
2007-06-15,63.77000045776367,63.900001525878906,63.290000915527344,63.77000045776367,7127600,47.56507110595703
2007-06-18,63.97999954223633,64.6500015258789,63.029998779296875,63.13999938964844,3807500,47.095157623291016
2007-06-19,63.08000183105469,63.380001068115234,62.790000915527344,63.150001525878906,4853000,47.102622985839844
2007-06-20,63.349998474121094,63.560001373291016,62.040000915527344,62.04999923706055,4035000,46.282135009765625
2007-06-21,62,62.849998474121094,60.70000076293945,62.65999984741211,6375700,46.73712158203125
2007-06-22,62.43000030517578,62.65999984741211,61.66999816894531,61.790000915527344,8427100,46.08820724487305
2007-06-25,62.16999816894531,62.720001220703125,61.349998474121094,61.79999923706055,5426200,46.09568405151367
2007-06-26,62.310001373291016,62.630001068115234,61.290000915527344,61.33000183105469,5585000,45.74509811401367
2007-06-27,61.099998474121094,61.619998931884766,60.58000183105469,61.529998779296875,4573500,45.894287109375
2007-06-28,61.2599983215332,61.970001220703125,60.75,61.220001220703125,6978600,45.66303634643555
2007-06-29,61.650001525878906,61.7599983215332,60.369998931884766,61.18000030517578,6527800,45.63321304321289
2007-07-02,61.459999084472656,61.93000030517578,60.959999084472656,61.790000915527344,6017000,46.08820724487305
2007-07-03,62.61000061035156,62.630001068115234,61.59000015258789,62.41999816894531,2958200,46.67142105102539
2007-07-05,62.18000030517578,62.52000045776367,61.33000183105469,61.380001068115234,3458000,45.89381408691406
2007-07-06,61.02000045776367,61.79999923706055,60.880001068115234,61.5099983215332,3401600,45.990997314453125
2007-07-09,61.70000076293945,62.4900016784668,61.38999938964844,62.439998626708984,4884800,46.686370849609375
2007-07-10,62.4900016784668,62.4900016784668,60.2400016784668,60.29999923706055,9896000,45.08629608154297
2007-07-11,60.150001525878906,60.83000183105469,59.72999954223633,60.279998779296875,7928200,45.07132339477539
2007-07-12,60.529998779296875,63.38999938964844,60.279998779296875,63.33000183105469,9536900,47.35183334350586
2007-07-13,63.29999923706055,63.38999938964844,62.150001525878906,62.83000183105469,6013100,46.97797775268555
2007-07-16,62.529998779296875,62.720001220703125,61.86000061035156,61.880001068115234,4823800,46.267662048339844
2007-07-17,63.20000076293945,64.94999694824219,63.099998474121094,64.73999786376953,10396500,48.40607452392578
2007-07-18,64.0999984741211,65.2699966430664,64.02999877929688,65.05000305175781,9497700,48.63787841796875
2007-07-19,65.18000030517578,65.88999938964844,65.18000030517578,65.55000305175781,6084900,49.01170349121094
2007-07-20,65.62000274658203,65.66999816894531,64.30999755859375,64.51000213623047,7313900,48.23410415649414
2007-07-23,65.22000122070312,65.48999786376953,64.30999755859375,64.66000366210938,7269400,48.346256256103516
2007-07-24,63,63.5,60.900001525878906,61.16999816894531,12173000,45.73678970336914
2007-07-25,61.68000030517578,61.77000045776367,60.68000030517578,61.72999954223633,8239600,46.1555061340332
2007-07-26,61.150001525878906,61.84000015258789,58.88999938964844,60.2599983215332,14059700,45.0563850402832
2007-07-27,60.630001068115234,60.75,58.540000915527344,58.54999923706055,13399900,43.77781295776367
2007-07-30,58.77000045776367,60.349998474121094,58.5,60.13999938964844,9060400,44.966670989990234
2007-07-31,60.970001220703125,62.650001525878906,58.380001068115234,58.540000915527344,12150800,43.77033615112305
2007-08-01,58.45000076293945,59.7599983215332,57.880001068115234,59.630001068115234,10756200,44.5853385925293
2007-08-02,59.66999816894531,61.06999969482422,59.61000061035156,60.90999984741211,8364600,45.54239273071289
2007-08-03,60.900001525878906,60.90999984741211,57.470001220703125,57.4900016784668,14938300,42.98525619506836
2007-08-06,57.880001068115234,60.29999923706055,55.5,60.22999954223633,17552100,45.03395080566406
2007-08-07,59.56999969482422,60.91999816894531,58.95000076293945,60.43000030517578,13129900,45.18349075317383
2007-08-08,60.70000076293945,63.880001068115234,60.560001373291016,62.959999084472656,13356000,47.07518005371094
2007-08-09,60.66999816894531,62.540000915527344,59.939998626708984,60.650001525878906,17308300,45.347984313964844
2007-08-10,60,61.20000076293945,58.439998626708984,60.779998779296875,16210100,45.44518280029297
2007-08-13,61.02000045776367,61.45000076293945,59.29999923706055,59.45000076293945,9661300,44.450740814208984
2007-08-14,59.5,59.790000915527344,57.209999084472656,57.29999923706055,11376800,42.84318542480469
2007-08-15,57.20000076293945,58.36000061035156,56.720001220703125,56.7400016784668,10352300,42.42448043823242
2007-08-16,56.119998931884766,58.810001373291016,55.59000015258789,58.16999816894531,17405600,43.49369430541992
2007-08-17,59.68000030517578,60.18000030517578,57.61000061035156,58.88999938964844,13244700,44.03204345703125
2007-08-20,59.099998474121094,59.900001525878906,57.9900016784668,58.68000030517578,6323700,43.875030517578125
2007-08-21,59.150001525878906,59.560001373291016,58.439998626708984,59.13999938964844,6913300,44.218955993652344
2007-08-22,59.72999954223633,60.16999816894531,58.31999969482422,60.130001068115234,8487200,44.959171295166016
2007-08-23,60.880001068115234,60.88999938964844,59.619998931884766,60.029998779296875,5901300,44.88440704345703
2007-08-24,59.900001525878906,60.97999954223633,59.720001220703125,60.88999938964844,4785000,45.52744674682617
2007-08-27,60.880001068115234,60.88999938964844,59.900001525878906,59.959999084472656,4405400,44.83207321166992
2007-08-28,59.4900016784668,59.709999084472656,57.349998474121094,57.349998474121094,10827000,42.880592346191406
2007-08-29,57.869998931884766,58.189998626708984,57.0099983215332,58.13999938964844,9128300,43.47125244140625
2007-08-30,57.790000915527344,58.29999923706055,57.18000030517578,57.720001220703125,7822900,43.1572265625
2007-08-31,58.70000076293945,59.16999816894531,57.72999954223633,58.619998931884766,6144700,43.830142974853516
2007-09-04,58.72999954223633,61.43000030517578,58.18000030517578,60.77000045776367,8269900,45.437713623046875
2007-09-05,60,60.16999816894531,59.02000045776367,59.31999969482422,6854500,44.353546142578125
2007-09-06,59.16999816894531,59.9900016784668,58.61000061035156,59.400001525878906,4407300,44.413368225097656
2007-09-07,58.4900016784668,58.900001525878906,57.43000030517578,57.75,8603300,43.17966079711914
2007-09-10,57.779998779296875,59.349998474121094,57.31999969482422,58.709999084472656,6167600,43.897438049316406
2007-09-11,58.880001068115234,59.5,58.43000030517578,59.369998931884766,4355900,44.39092254638672
2007-09-12,58.91999816894531,59.75,58.91999816894531,59.47999954223633,5698300,44.473182678222656
2007-09-13,59.97999954223633,60.75,59.5099983215332,60.599998474121094,8098900,45.31060028076172
2007-09-14,58.400001525878906,59.369998931884766,58,58.939998626708984,8821100,44.06943130493164
2007-09-17,58.900001525878906,58.91999816894531,57.529998779296875,58.20000076293945,7563400,43.516109466552734
2007-09-18,58.599998474121094,61.279998779296875,58,60.79999923706055,10318200,45.46012878417969
2007-09-19,61.33000183105469,62.27000045776367,60.38999938964844,60.95000076293945,8102800,45.57229232788086
2007-09-20,61.02000045776367,61.25,59.790000915527344,60.119998931884766,8866800,44.95170211791992
2007-09-21,60.36000061035156,60.56999969482422,58.869998931884766,59.279998779296875,11867400,44.323638916015625
2007-09-24,59.349998474121094,59.7400016784668,58.25,58.38999938964844,6435000,43.65818786621094
2007-09-25,58.18000030517578,58.959999084472656,57.900001525878906,58.83000183105469,6697700,43.987186431884766
2007-09-26,59.220001220703125,59.529998779296875,58.630001068115234,59.0099983215332,6371600,44.12175750732422
2007-09-27,59.47999954223633,59.7599983215332,58.900001525878906,59.56999969482422,4673900,44.540462493896484
2007-09-28,59.70000076293945,59.9900016784668,59.04999923706055,59.369998931884766,4368000,44.39092254638672
2007-10-01,59.150001525878906,61.31999969482422,58.97999954223633,60.630001068115234,6364500,45.333030700683594
2007-10-02,60.75,61.43000030517578,60.310001373291016,60.619998931884766,5344900,45.32555389404297
2007-10-03,60.11000061035156,60.400001525878906,59.709999084472656,59.86000061035156,8577400,44.86833953857422
2007-10-04,59.91999816894531,60.66999816894531,59.619998931884766,59.7599983215332,4062900,44.793365478515625
2007-10-05,60.25,61.97999954223633,60.20000076293945,61.099998474121094,6846600,45.79777145385742
2007-10-08,61.11000061035156,61.40999984741211,60.56999969482422,60.689998626708984,3527000,45.490455627441406
2007-10-09,60.95000076293945,62.90999984741211,60.5,62.52000045776367,8783700,46.86213684082031
2007-10-10,62.5,62.5099983215332,61.36000061035156,61.88999938964844,6626400,46.389915466308594
2007-10-11,62.31999969482422,63.630001068115234,61.900001525878906,62.45000076293945,7308300,46.80966567993164
2007-10-12,62.650001525878906,63.36000061035156,61.7599983215332,63.22999954223633,5580200,47.394325256347656
2007-10-15,63.209999084472656,63.5,60.91999816894531,61.79999923706055,11470400,46.32247543334961
2007-10-16,61.63999938964844,61.939998626708984,59.9900016784668,60.22999954223633,9366800,45.14565658569336
2007-10-17,60.84000015258789,61.22999954223633,59.08000183105469,60.08000183105469,8004000,45.03321838378906
2007-10-18,59.369998931884766,59.45000076293945,58.380001068115234,58.65999984741211,7926100,43.9688720703125
2007-10-19,58.650001525878906,58.650001525878906,57.060001373291016,57.11000061035156,13624100,42.80704879760742
2007-10-22,56,57.130001068115234,55.599998474121094,56.869998931884766,17462500,42.62715148925781
2007-10-23,58.54999923706055,58.95000076293945,57.349998474121094,58.65999984741211,11212800,43.9688720703125
2007-10-24,58.630001068115234,58.95000076293945,56.779998779296875,58.939998626708984,10623800,44.17874526977539
2007-10-25,59.029998779296875,60.20000076293945,57.970001220703125,59.7599983215332,11858800,44.793365478515625
2007-10-26,60.40999984741211,61,59.45000076293945,60.66999816894531,8457700,45.475467681884766
2007-10-29,60.75,61.150001525878906,60.0099983215332,60.5099983215332,4744600,45.355525970458984
2007-10-30,60.349998474121094,60.959999084472656,60.220001220703125,60.29999923706055,4084400,45.19813919067383
2007-10-31,61.349998474121094,61.54999923706055,59.38999938964844,60.95000076293945,8590000,45.68533706665039
2007-11-01,60.33000183105469,60.4900016784668,58.209999084472656,58.38999938964844,9596200,43.7664794921875
2007-11-02,58.619998931884766,58.900001525878906,56.75,58.41999816894531,9617100,43.78895950317383
2007-11-05,56.779998779296875,58.66999816894531,56.779998779296875,58.16999816894531,7008500,43.6015739440918
2007-11-06,58.220001220703125,58.79999923706055,57.119998931884766,58.56999969482422,6741400,43.901405334472656
2007-11-07,57.310001373291016,57.869998931884766,55.2400016784668,55.369998931884766,13783000,41.502830505371094
2007-11-08,56,56.900001525878906,54.06999969482422,56.099998474121094,14768500,42.04999542236328
2007-11-09,55.25,58.279998779296875,55.060001373291016,56.4900016784668,13740700,42.34233474731445
2007-11-12,56.279998779296875,57.75,56,56.09000015258789,10769900,42.04250717163086
2007-11-13,56.63999938964844,59.380001068115234,56.349998474121094,59.15999984741211,10496500,44.34362030029297
2007-11-14,59.43000030517578,60,58.7599983215332,59.099998474121094,8476600,44.298667907714844
2007-11-15,58.97999954223633,59.34000015258789,57.720001220703125,58.2400016784668,8275700,43.654056549072266
2007-11-16,58.52000045776367,59.189998626708984,57.91999816894531,58.66999816894531,12302900,43.97635269165039
2007-11-19,58.18000030517578,58.349998474121094,56.61000061035156,57.369998931884766,9430700,43.00193405151367
2007-11-20,57.349998474121094,57.95000076293945,54.810001373291016,57,15794100,42.72459030151367
2007-11-21,56.41999816894531,56.54999923706055,54.220001220703125,54.34000015258789,13980800,40.73079299926758
2007-11-23,54.59000015258789,55.7400016784668,54.59000015258789,55.630001068115234,4450300,41.69770050048828
2007-11-26,55.7400016784668,55.88999938964844,53.529998779296875,53.540000915527344,9647200,40.13114929199219
2007-11-27,53.93000030517578,55.880001068115234,53.36000061035156,55.619998931884766,12608800,41.69021224975586
2007-11-28,56.04999923706055,58.040000915527344,56.0099983215332,57.40999984741211,11814300,43.03190612792969
2007-11-29,57.29999923706055,57.369998931884766,55.70000076293945,56.88999938964844,7566900,42.642147064208984
2007-11-30,57.86000061035156,59.29999923706055,57.86000061035156,58.97999954223633,11113100,44.20872116088867
2007-12-03,58.4900016784668,59.22999954223633,57.7400016784668,58.599998474121094,9788900,43.92388916015625
2007-12-04,58.369998931884766,58.369998931884766,56.95000076293945,57.11000061035156,8001300,42.80704879760742
2007-12-05,57.75,58.029998779296875,56.599998474121094,57.93000030517578,6944400,43.42168045043945
2007-12-06,57.90999984741211,59.790000915527344,57.540000915527344,59.529998779296875,6897600,44.62098693847656
2007-12-07,57.900001525878906,58.130001068115234,56.209999084472656,56.959999084472656,13486200,42.69462585449219
2007-12-10,57,57.79999923706055,56.779998779296875,57.58000183105469,6887600,43.15934371948242
2007-12-11,57.54999923706055,57.54999923706055,54.40999984741211,54.560001373291016,14312600,40.895687103271484
2007-12-12,55.66999816894531,56.5,52.939998626708984,54.08000183105469,13738100,40.535892486572266
2007-12-13,53.70000076293945,54.040000915527344,51.619998931884766,53.84000015258789,14127900,40.356021881103516
2007-12-14,52.93000030517578,54.20000076293945,51.959999084472656,52.290000915527344,11098600,39.19419479370117
2007-12-17,52.16999816894531,53.040000915527344,51.619998931884766,52.18000030517578,10497400,39.11174392700195
2007-12-18,52.459999084472656,52.7400016784668,51.56999969482422,51.779998779296875,9968500,38.81191635131836
2007-12-19,51.88999938964844,52.4900016784668,50.849998474121094,51.90999984741211,7926100,38.90936279296875
2007-12-20,52.189998626708984,52.5,50.369998931884766,51.029998779296875,11066200,38.24976348876953
2007-12-21,51.20000076293945,52.4900016784668,51.20000076293945,51.95000076293945,11755900,38.93935012817383
2007-12-24,51.90999984741211,53.29999923706055,51.90999984741211,53.2400016784668,4108800,39.90627670288086
2007-12-26,53.45000076293945,53.45000076293945,52.720001220703125,52.900001525878906,5221500,39.65143585205078
2007-12-27,52.380001068115234,52.7400016784668,51.02000045776367,51.099998474121094,7884600,38.302223205566406
2007-12-28,51.709999084472656,51.849998474121094,50.72999954223633,50.84000015258789,6565800,38.10736846923828
2007-12-31,50.849998474121094,52.56999969482422,50.619998931884766,52.02000045776367,8380600,38.99183654785156
2008-01-02,52.09000015258789,52.31999969482422,50.790000915527344,51.040000915527344,8053700,38.39007568359375
2008-01-03,51.20000076293945,51.5,50.20000076293945,50.40999984741211,7753200,37.916229248046875
2008-01-04,49.9900016784668,49.9900016784668,48.709999084472656,49.13999938964844,8501400,36.960994720458984
2008-01-07,49.529998779296875,50.099998474121094,48.59000015258789,49.36000061035156,14031100,37.12648010253906
2008-01-08,49.70000076293945,49.70000076293945,47.7599983215332,47.95000076293945,11721000,36.06593322753906
2008-01-09,47.939998626708984,49.09000015258789,47.33000183105469,49.08000183105469,10971500,36.91586685180664
2008-01-10,47.86000061035156,49.72999954223633,46.56999969482422,48.91999816894531,18732300,36.7955207824707
2008-01-11,44.619998931884766,44.869998931884766,42.900001525878906,44,57219900,33.09491729736328
2008-01-14,44.099998474121094,44.869998931884766,43.45000076293945,44.5,18554900,33.470985412597656
2008-01-15,43.86000061035156,44.41999816894531,42.52000045776367,42.77000045776367,16955000,32.169761657714844
2008-01-16,42.61000061035156,44.81999969482422,42.27000045776367,44.2400016784668,17365200,33.275421142578125
2008-01-17,44.29999923706055,45.25,42.40999984741211,42.66999816894531,16980000,32.09453582763672
2008-01-18,43,44.709999084472656,42.5099983215332,43.61000061035156,18525300,32.80155944824219
2008-01-22,41.150001525878906,45.20000076293945,41.150001525878906,43.34000015258789,19895200,32.59848403930664
2008-01-23,42.33000183105469,46.599998474121094,41.630001068115234,46.209999084472656,19736300,34.75717544555664
2008-01-24,46.400001525878906,48.65999984741211,46.400001525878906,47.11000061035156,15543400,35.43410873413086
2008-01-25,47.65999984741211,48.22999954223633,45.029998779296875,45.439998626708984,12691400,34.178009033203125
2008-01-28,46.099998474121094,47.439998626708984,45.029998779296875,47.400001525878906,9410200,35.65224838256836
2008-01-29,47.66999816894531,48.189998626708984,46.369998931884766,47.79999923706055,12616600,35.953094482421875
2008-01-30,47.689998626708984,49.099998474121094,47,47.34000015258789,12645500,35.60712814331055
2008-01-31,46.689998626708984,50.099998474121094,46.310001373291016,49.130001068115234,16150600,36.95346450805664
2008-02-01,48.880001068115234,50.040000915527344,48.75,49.599998474121094,10495100,37.3070068359375
2008-02-04,48.61000061035156,49,47.560001373291016,47.65999984741211,9420500,35.8477897644043
2008-02-05,46.81999969482422,47.08000183105469,45.650001525878906,45.70000076293945,11305200,34.373573303222656
2008-02-06,46.11000061035156,47.22999954223633,45.66999816894531,45.869998931884766,9446800,34.50144577026367
2008-02-07,45.29999923706055,47.15999984741211,45.290000915527344,46.45000076293945,15578900,34.93769836425781
2008-02-08,45.900001525878906,45.939998626708984,43.900001525878906,44.97999954223633,16275100,33.83203887939453
2008-02-11,44.5099983215332,44.939998626708984,44.06999969482422,44.630001068115234,10734000,33.56877517700195
2008-02-12,45.31999969482422,46.20000076293945,44.599998474121094,45.08000183105469,8275400,33.907230377197266
2008-02-13,45.5,47,45.290000915527344,46.849998474121094,10825500,35.238555908203125
2008-02-14,46.959999084472656,47,45.65999984741211,45.689998626708984,6217700,34.366050720214844
2008-02-15,45.47999954223633,46.119998931884766,44.810001373291016,45.11000061035156,11125200,33.92980194091797
2008-02-19,45.540000915527344,46.029998779296875,44.279998779296875,44.54999923706055,8030500,33.50859832763672
2008-02-20,44.22999954223633,45.43000030517578,43.93000030517578,45.29999923706055,6338700,34.072715759277344
2008-02-21,45.540000915527344,45.77000045776367,44.31999969482422,44.68000030517578,10630600,33.60638427734375
2008-02-22,44.31999969482422,45.13999938964844,43.72999954223633,45.060001373291016,7695200,33.8922004699707
2008-02-25,45.099998474121094,45.41999816894531,43.900001525878906,45.209999084472656,8155900,34.00502014160156
2008-02-26,45.0099983215332,46.27000045776367,44.400001525878906,45.810001373291016,9715800,34.4563102722168
2008-02-27,45.310001373291016,46.810001373291016,45.220001220703125,46.06999969482422,6635800,34.651878356933594
2008-02-28,45.41999816894531,45.5,44.36000061035156,44.41999816894531,8205600,33.41082000732422
2008-02-29,44.02000045776367,44.09000015258789,42.13999938964844,42.29999923706055,14317800,31.816246032714844
2008-03-03,42.20000076293945,42.66999816894531,41.529998779296875,42.08000183105469,10681100,31.650772094726562
2008-03-04,41.77000045776367,42.790000915527344,41,42.650001525878906,12459100,32.07950210571289
2008-03-05,43.04999923706055,43.369998931884766,41.83000183105469,42.22999954223633,8615500,31.763591766357422
2008-03-06,42.11000061035156,42.11000061035156,41,41.290000915527344,11074800,31.056568145751953
2008-03-07,40.880001068115234,42.56999969482422,40.54999923706055,41.529998779296875,9754900,31.237096786499023
2008-03-10,41.560001373291016,41.560001373291016,40,40.040000915527344,10031500,30.116361618041992
2008-03-11,41.61000061035156,43.93000030517578,41.099998474121094,43.83000183105469,14087200,32.967041015625
2008-03-12,43.84000015258789,44.9900016784668,42.599998474121094,42.7400016784668,11260700,32.1472053527832
2008-03-13,42.06999969482422,43.310001373291016,41.04999923706055,42.70000076293945,12272800,32.117103576660156
2008-03-14,43.130001068115234,43.130001068115234,40.529998779296875,41.0099983215332,10974800,30.845962524414062
2008-03-17,39.689998626708984,42.29999923706055,39.5,41.709999084472656,15240300,31.37245750427246
2008-03-18,42.66999816894531,43.709999084472656,41.79999923706055,43.709999084472656,12815400,32.87677001953125
2008-03-19,44.20000076293945,44.47999954223633,41.91999816894531,42,14098300,31.590600967407227
2008-03-20,42.209999084472656,46.130001068115234,42.209999084472656,45.97999954223633,17558800,34.58417510986328
2008-03-24,46.2599983215332,48.75,46.25,47.40999984741211,13441300,35.65976333618164
2008-03-25,47.349998474121094,48.33000183105469,46.810001373291016,47.5099983215332,9942200,35.73497772216797
2008-03-26,47.36000061035156,47.36000061035156,45.2599983215332,45.36000061035156,11113000,34.11783981323242
2008-03-27,45.45000076293945,46.18000030517578,44.470001220703125,44.83000183105469,8396700,33.719215393066406
2008-03-28,44.97999954223633,45.400001525878906,43.04999923706055,43.150001525878906,9102800,32.45558547973633
2008-03-31,43.209999084472656,44.400001525878906,42.88999938964844,43.720001220703125,8371700,32.88430404663086
2008-04-01,44.900001525878906,47.220001220703125,44.900001525878906,47.09000015258789,14236500,35.4190673828125
2008-04-02,47.47999954223633,47.72999954223633,46.25,46.650001525878906,8346500,35.088134765625
2008-04-03,46,46.90999984741211,45.84000015258789,46.68000030517578,6051900,35.11068344116211
2008-04-04,46.65999984741211,46.95000076293945,45.79999923706055,46.11000061035156,5830100,34.681968688964844
2008-04-07,46.540000915527344,47.380001068115234,46.29999923706055,46.54999923706055,6903800,35.01290512084961
2008-04-08,46.79999923706055,47.25,46,46.470001220703125,7293600,34.95273208618164
2008-04-09,46.59000015258789,46.75,45.029998779296875,45.08000183105469,9020700,34.03908157348633
2008-04-10,45,45.90999984741211,44.18000030517578,45.060001373291016,8349700,34.02397155761719
2008-04-11,44.400001525878906,44.599998474121094,43.2400016784668,43.38999938964844,8959500,32.76300048828125
2008-04-14,43.34000015258789,43.349998474121094,42.11000061035156,42.720001220703125,8764200,32.25709533691406
2008-04-15,43.08000183105469,44.029998779296875,42.650001525878906,43.150001525878906,7057600,32.581783294677734
2008-04-16,43.88999938964844,44.099998474121094,42.900001525878906,43.75,7715500,33.034820556640625
2008-04-17,43.38999938964844,45,43.18000030517578,44.70000076293945,6868300,33.75216293334961
2008-04-18,45.54999923706055,46.900001525878906,45.20000076293945,45.529998779296875,12286000,34.378883361816406
2008-04-21,45.119998931884766,46.0099983215332,44.93000030517578,45.70000076293945,6825200,34.50724411010742
2008-04-22,45.56999969482422,45.56999969482422,43.84000015258789,43.970001220703125,10700200,33.2009391784668
2008-04-23,44.13999938964844,44.880001068115234,43.86000061035156,44.380001068115234,8346000,33.51053237915039
2008-04-24,44.52000045776367,45.5,43.599998474121094,45.18000030517578,11083700,34.11460876464844
2008-04-25,46.84000015258789,48,45.779998779296875,47.77000045776367,15833400,36.07025909423828
2008-04-28,47.900001525878906,48.54999923706055,47.290000915527344,47.88999938964844,9012900,36.160865783691406
2008-04-29,48.08000183105469,48.470001220703125,47.470001220703125,48.0099983215332,7715100,36.25148391723633
2008-04-30,48.52000045776367,48.970001220703125,47.63999938964844,48.02000045776367,11021800,36.25902557373047
2008-05-01,48.33000183105469,51.5,48.220001220703125,51.33000183105469,16206900,38.75835418701172
2008-05-02,52.189998626708984,52.630001068115234,50.0099983215332,50.400001525878906,13647700,38.05611801147461
2008-05-05,50.33000183105469,51.439998626708984,50.060001373291016,50.41999816894531,9378100,38.07121276855469
2008-05-06,49.900001525878906,51.02000045776367,49.20000076293945,50.959999084472656,11287000,38.47895812988281
2008-05-07,50.88999938964844,51.099998474121094,48.41999816894531,48.70000076293945,12676900,36.77248001098633
2008-05-08,48.95000076293945,49.220001220703125,47.720001220703125,48.849998474121094,7996600,36.885746002197266
2008-05-09,48.400001525878906,50.08000183105469,47.79999923706055,48.959999084472656,9689400,36.968814849853516
2008-05-12,49.279998779296875,50.09000015258789,48.900001525878906,49.95000076293945,7023600,37.71633529663086
2008-05-13,50,50.08000183105469,48.619998931884766,49.0099983215332,8944000,37.00655746459961
2008-05-14,49.33000183105469,50.02000045776367,49.0099983215332,49.5,7760300,37.37654113769531
2008-05-15,49.5099983215332,50.25,48.86000061035156,49.86000061035156,11201900,37.64838409423828
2008-05-16,49.9900016784668,49.9900016784668,48.25,48.68000030517578,9612700,36.757381439208984
2008-05-19,48.84000015258789,49.68000030517578,48.310001373291016,48.560001373291016,9108000,36.666770935058594
2008-05-20,47.93000030517578,48.189998626708984,46.93000030517578,47.310001373291016,10335700,35.7229118347168
2008-05-21,47.400001525878906,47.439998626708984,45.209999084472656,45.47999954223633,13497700,34.34111404418945
2008-05-22,45.52000045776367,46.810001373291016,45.40999984741211,46.36000061035156,9043100,35.005577087402344
2008-05-23,46.09000015258789,46.220001220703125,45.04999923706055,45.45000076293945,8456200,34.318458557128906
2008-05-27,45.560001373291016,46.70000076293945,45.189998626708984,45.900001525878906,5678700,34.658260345458984
2008-05-28,46.29999923706055,46.380001068115234,45.290000915527344,46.150001525878906,7755100,34.84703826904297
2008-05-29,46.279998779296875,47.2599983215332,45.77000045776367,46.75,8146800,35.30008316040039
2008-05-30,47.06999969482422,47.31999969482422,46.189998626708984,46.349998474121094,7377000,34.998043060302734
2008-06-02,46.25,46.25,44.349998474121094,45.25,10649300,34.16746139526367
2008-06-03,45.34000015258789,45.65999984741211,43.77000045776367,44.310001373291016,15719800,33.45768737792969
2008-06-04,45.20000076293945,47.04999923706055,44.83000183105469,45.63999938964844,21045700,34.46192932128906
2008-06-05,45.900001525878906,47.470001220703125,45.75,47.43000030517578,13047000,35.81351852416992
2008-06-06,46.599998474121094,46.79999923706055,44.52000045776367,44.650001525878906,13924400,33.714412689208984
2008-06-09,45.13999938964844,45.72999954223633,43.65999984741211,44.11000061035156,12490500,33.30665588378906
2008-06-10,43.869998931884766,45.20000076293945,43.54999923706055,44.349998474121094,9560400,33.48788070678711
2008-06-11,44.5,44.5,42.5,42.59000015258789,10970600,32.1589241027832
2008-06-12,42.88999938964844,44.4900016784668,42.77000045776367,43.41999816894531,10414500,32.78565979003906
2008-06-13,43.84000015258789,44.779998779296875,43.310001373291016,44.65999984741211,7645200,33.72195816040039
2008-06-16,44.369998931884766,45.81999969482422,43.849998474121094,44.68000030517578,13745400,33.737056732177734
2008-06-17,45.040000915527344,45.16999816894531,42.70000076293945,42.7599983215332,13699800,32.287296295166016
2008-06-18,42.45000076293945,43.119998931884766,41.59000015258789,42.41999816894531,13333100,32.03057098388672
2008-06-19,42.310001373291016,42.790000915527344,41.220001220703125,42.630001068115234,12893600,32.189144134521484
2008-06-20,42.220001220703125,42.29999923706055,41.11000061035156,41.18000030517578,14217900,31.09427261352539
2008-06-23,41.279998779296875,41.709999084472656,40.560001373291016,40.880001068115234,10132300,30.86774444580078
2008-06-24,40.650001525878906,42.4900016784668,40.56999969482422,42.099998474121094,12374800,31.78895378112793
2008-06-25,41.4900016784668,42.279998779296875,40.720001220703125,40.939998626708984,20927400,30.913040161132812
2008-06-26,40.41999816894531,40.45000076293945,38.79999923706055,38.88999938964844,25420600,29.365131378173828
2008-06-27,39.0099983215332,39.599998474121094,37.939998626708984,38.040000915527344,22203200,28.723308563232422
2008-06-30,38.16999816894531,38.68000030517578,37.61000061035156,37.66999816894531,15452000,28.443931579589844
2008-07-01,37.95000076293945,40.13999938964844,37.77000045776367,40.02000045776367,23788400,30.21837615966797
2008-07-02,40.11000061035156,40.900001525878906,39.5,39.619998931884766,16653400,29.91634750366211
2008-07-03,39.970001220703125,40.88999938964844,39.619998931884766,40.2400016784668,10758200,30.38448715209961
2008-07-07,40.47999954223633,41.45000076293945,38.400001525878906,39.59000015258789,15778100,29.89369773864746
2008-07-08,39.61000061035156,41.79999923706055,39.029998779296875,41.54999923706055,15838800,31.373640060424805
2008-07-09,41.59000015258789,41.59000015258789,38.66999816894531,39.0099983215332,13857400,29.583908081054688
2008-07-10,39.08000183105469,39.68000030517578,38.060001373291016,39.040000915527344,13120900,29.606658935546875
2008-07-11,38.5099983215332,40.400001525878906,37.34000015258789,39.209999084472656,19191800,29.735584259033203
2008-07-14,39.77000045776367,40,37.400001525878906,37.5099983215332,15879100,28.44635772705078
2008-07-15,36.75,38.880001068115234,35.54999923706055,37.02000045776367,25454600,28.074758529663086
2008-07-16,37.529998779296875,39.66999816894531,36.970001220703125,39.66999816894531,19665700,30.08441162109375
2008-07-17,40.439998626708984,42.25,39.36000061035156,41.790000915527344,23203100,31.692174911499023
2008-07-18,41.970001220703125,42.349998474121094,40.5,42.189998626708984,16856200,31.99551010131836
2008-07-21,42.310001373291016,42.5,40.529998779296875,40.900001525878906,16198600,31.01720428466797
2008-07-22,36.380001068115234,38.54999923706055,36,37.9900016784668,48554300,28.810375213623047
2008-07-23,38.349998474121094,39.79999923706055,37.290000915527344,39.34000015258789,29411200,29.83415985107422
2008-07-24,39.540000915527344,39.65999984741211,36.099998474121094,36.40999984741211,22296200,27.612144470214844
2008-07-25,36.72999954223633,38.09000015258789,36.20000076293945,36.619998931884766,19237500,27.771394729614258
2008-07-28,36.5099983215332,37.040000915527344,35.150001525878906,35.369998931884766,16145700,26.82344627380371
2008-07-29,35.650001525878906,37.560001373291016,35.099998474121094,37.52000045776367,17865700,28.453947067260742
2008-07-30,37.95000076293945,38.400001525878906,36.619998931884766,37.540000915527344,14826000,28.469100952148438
2008-07-31,37.04999923706055,38,36.70000076293945,37.119998931884766,12856000,28.150583267211914
2008-08-01,37.18000030517578,37.43000030517578,36,37.189998626708984,9724400,28.20368003845215
2008-08-04,37.09000015258789,37.29999923706055,36.130001068115234,36.849998474121094,10245700,27.945829391479492
2008-08-05,37.29999923706055,38.810001373291016,36.9900016784668,38.720001220703125,14763700,29.36397933959961
2008-08-06,38.38999938964844,38.47999954223633,37.5,37.9900016784668,13702200,28.810375213623047
2008-08-07,37.4900016784668,38.27000045776367,35.93000030517578,36.400001525878906,18416700,27.604562759399414
2008-08-08,36.33000183105469,38.310001373291016,36.060001373291016,37.810001373291016,15760600,28.673856735229492
2008-08-11,37.7599983215332,40.16999816894531,37.5,39.16999816894531,11970000,29.70525550842285
2008-08-12,38.88999938964844,39.040000915527344,37.68000030517578,38.04999923706055,13758100,28.855867385864258
2008-08-13,37.869998931884766,37.869998931884766,36.2599983215332,36.88999938964844,13990100,27.97616195678711
2008-08-14,36.65999984741211,38.400001525878906,36.5099983215332,38.20000076293945,11987100,28.96961784362793
2008-08-15,38.599998474121094,39.709999084472656,38.459999084472656,39.06999969482422,15295100,29.629411697387695
2008-08-18,39.20000076293945,39.34000015258789,37.58000183105469,37.9900016784668,12374500,28.810375213623047
2008-08-19,37.290000915527344,37.290000915527344,36.18000030517578,36.72999954223633,13364500,27.854820251464844
2008-08-20,36.83000183105469,38.25,36.36000061035156,37.43000030517578,13003800,28.38568115234375
2008-08-21,36.84000015258789,37.540000915527344,36.5,37.0099983215332,9544900,28.06716537475586
2008-08-22,38.189998626708984,38.95000076293945,37.650001525878906,38.790000915527344,13719900,29.417064666748047
2008-08-25,38.349998474121094,38.4900016784668,37.619998931884766,37.810001373291016,10408900,28.673856735229492
2008-08-26,37.849998474121094,38.34000015258789,37.5,38.04999923706055,6985200,28.855867385864258
2008-08-27,37.90999984741211,38.900001525878906,37.59000015258789,38.81999969482422,8549200,29.4398136138916
2008-08-28,39.36000061035156,40.470001220703125,39.209999084472656,40.38999938964844,12813600,30.630447387695312
2008-08-29,39.91999816894531,40.13999938964844,39.38999938964844,39.68000030517578,9396000,30.09200668334961
2008-09-02,40.75,41.779998779296875,39.79999923706055,40.630001068115234,11079600,30.812454223632812
2008-09-03,40.5,41,39.79999923706055,40.90999984741211,11751500,31.024795532226562
2008-09-04,40,40.099998474121094,38.33000183105469,38.75,18672300,29.386728286743164
2008-09-05,38.20000076293945,39.470001220703125,37.720001220703125,39.400001525878906,14005000,29.879669189453125
2008-09-08,41.290000915527344,41.79999923706055,39.5,40.52000045776367,24921400,30.729042053222656
2008-09-09,40.36000061035156,40.849998474121094,38.130001068115234,38.2400016784668,16838700,28.999954223632812
2008-09-10,38.790000915527344,39.459999084472656,37.68000030517578,38.15999984741211,13703200,28.939289093017578
2008-09-11,37.459999084472656,38.900001525878906,36.939998626708984,38.7599983215332,19227400,29.394319534301758
2008-09-12,38.040000915527344,39.349998474121094,37.63999938964844,38.95000076293945,12977400,29.538410186767578
2008-09-15,36.9900016784668,38.70000076293945,35.45000076293945,35.47999954223633,31418000,26.906856536865234
2008-09-16,34.20000076293945,36.150001525878906,34.15999984741211,36.06999969482422,27768900,27.354307174682617
2008-09-17,35.349998474121094,35.880001068115234,31.68000030517578,33.040000915527344,37399600,25.056459426879883
2008-09-18,34.099998474121094,38.25,32.95000076293945,37.720001220703125,43084400,28.60559844970703
2008-09-19,39.93000030517578,41.099998474121094,37.540000915527344,40.400001525878906,32871700,30.638032913208008
2008-09-22,39.91999816894531,40.5,36.41999816894531,37.290000915527344,14951400,28.279510498046875
2008-09-23,36.97999954223633,38.5,36.36000061035156,38.279998779296875,10273700,29.030284881591797
2008-09-24,38.439998626708984,38.720001220703125,36.61000061035156,37.5,7097900,28.438772201538086
2008-09-25,37.65999984741211,39.349998474121094,37.41999816894531,37.83000183105469,7670000,28.689035415649414
2008-09-26,36.619998931884766,39.58000183105469,35.349998474121094,39.5,16334000,29.95550537109375
2008-09-29,38.15999984741211,38.15999984741211,32.54999923706055,32.54999923706055,20234900,24.684858322143555
2008-09-30,34.439998626708984,35.68000030517578,32.9900016784668,35.43000030517578,13025700,26.868955612182617
2008-10-01,34.90999984741211,35.79999923706055,34.130001068115234,35.34000015258789,8650900,26.93756675720215
2008-10-02,35.29999923706055,35.29999923706055,32,32.13999938964844,15425500,24.498388290405273
2008-10-03,33.349998474121094,33.5,30.5,30.8700008392334,14319600,23.53034210205078
2008-10-06,29.829999923706055,31.34000015258789,27.360000610351562,30.06999969482422,24569900,22.920543670654297
2008-10-07,30.729999542236328,32.5,27.889999389648438,28.25,20965900,21.533266067504883
2008-10-08,27,30.350000381469727,27,27.1200008392334,20355200,20.67194175720215
2008-10-09,27.950000762939453,28.540000915527344,23.329999923706055,24,29127700,18.293745040893555
2008-10-10,22.469999313354492,25,20.5,23.149999618530273,45641400,17.64584732055664
2008-10-13,24.739999771118164,28.229999542236328,23.690000534057617,27.299999237060547,22808600,20.809146881103516
2008-10-14,29.049999237060547,31.639999389648438,26.700000762939453,28.190000534057617,23749600,21.487539291381836
2008-10-15,27.100000381469727,27.34000015258789,24.010000228881836,24.40999984741211,18978200,18.60626792907715
2008-10-16,24.850000381469727,24.8799991607666,22.010000228881836,23.639999389648438,23469400,18.019344329833984
2008-10-17,22.920000076293945,25.440000534057617,22.610000610351562,23.329999923706055,21527500,17.783052444458008
2008-10-20,23.950000762939453,24.40999984741211,22.8700008392334,24.350000381469727,18306600,18.56053924560547
2008-10-21,25.280000686645508,27.079999923706055,23.75,26.389999389648438,30236400,20.11550521850586
2008-10-22,25.149999618530273,26.170000076293945,24.219999313354492,25.020000457763672,20121600,19.071245193481445
2008-10-23,25.15999984741211,25.200000762939453,22.93000030517578,24.530000686645508,16648500,18.697744369506836
2008-10-24,22.579999923706055,24.739999771118164,22.06999969482422,24.049999237060547,18335800,18.33186912536621
2008-10-27,23.799999237060547,24.790000915527344,22.969999313354492,23.079999923706055,10516700,17.592493057250977
2008-10-28,24.260000228881836,25.68000030517578,22.34000015258789,25.469999313354492,17123400,19.414247512817383
2008-10-29,25.290000915527344,26.729999542236328,24.75,25.209999084472656,17726700,19.216060638427734
2008-10-30,25.56999969482422,26.770000457763672,25.5,26.059999465942383,15860900,19.863969802856445
2008-10-31,25.739999771118164,27.93000030517578,25.600000381469727,27.5,15999400,20.96159553527832
2008-11-03,27.309999465942383,28.65999984741211,27.15999984741211,28.31999969482422,12513700,21.58662986755371
2008-11-04,29.260000228881836,30.260000228881836,28.610000610351562,29.81999969482422,15611600,22.729984283447266
2008-11-05,29,29.829999923706055,27.579999923706055,27.829999923706055,12890300,21.213125228881836
2008-11-06,27.5,27.809999465942383,24.549999237060547,24.920000076293945,21928000,18.995006561279297
2008-11-07,25.139999389648438,25.579999923706055,24.299999237060547,25.309999465942383,13491200,19.29228973388672
2008-11-10,25.920000076293945,26.040000915527344,23.5,23.979999542236328,11937400,18.278512954711914
2008-11-11,23.469999313354492,23.5,22,22.399999618530273,19968600,17.07417106628418
2008-11-12,20.959999084472656,21.25,19.75,20.049999237060547,35778000,15.282907485961914
2008-11-13,19.850000381469727,21.639999389648438,16.549999237060547,20.780000686645508,47721200,15.839345932006836
2008-11-14,20,21.5,19.65999984741211,19.989999771118164,21674900,15.237161636352539
2008-11-17,19.469999313354492,20.530000686645508,19.18000030517578,19.3700008392334,16398600,14.764586448669434
2008-11-18,18.950000762939453,20.18000030517578,18.489999771118164,19.3799991607666,21004000,14.772207260131836
2008-11-19,18.959999084472656,19.6299991607666,18.5,18.739999771118164,23075500,14.28437328338623
2008-11-20,18.489999771118164,19.139999389648438,16.93000030517578,17.229999542236328,25404100,13.13338851928711
2008-11-21,18.420000076293945,19.030000686645508,16.549999237060547,18.690000534057617,32513000,14.246258735656738
2008-11-24,19.190000534057617,21.81999969482422,18.479999542236328,21.18000030517578,24870400,16.14423370361328
2008-11-25,21.719999313354492,22.450000762939453,20.299999237060547,21.3700008392334,24395400,16.2890625
2008-11-26,20.90999984741211,22.530000686645508,20.649999618530273,22.299999237060547,12390500,16.997936248779297
2008-11-28,22.219999313354492,23.360000610351562,21.790000915527344,23.309999465942383,7156700,17.767807006835938
2008-12-01,22.389999389648438,22.719999313354492,19.3700008392334,19.639999389648438,19705000,14.970389366149902
2008-12-02,20.149999618530273,20.8799991607666,19.440000534057617,20.760000228881836,16046600,15.824095726013184
2008-12-03,20.040000915527344,22.190000534057617,19.959999084472656,21.8700008392334,14341200,16.67017364501953
2008-12-04,21.260000228881836,22.420000076293945,20.549999237060547,20.84000015258789,15229300,15.88507080078125
2008-12-05,20.530000686645508,22.260000228881836,20.18000030517578,21.780000686645508,17112100,16.601579666137695
2008-12-08,22.56999969482422,24.860000610351562,22.3700008392334,24.440000534057617,20394300,18.629140853881836
2008-12-09,24.040000915527344,24.389999389648438,23.079999923706055,23.290000915527344,14661000,17.752559661865234
2008-12-10,22.270000457763672,22.549999237060547,20.459999084472656,21.559999465942383,18269900,16.433887481689453
2008-12-11,21.010000228881836,21.440000534057617,19.950000762939453,20.1299991607666,16297200,15.343879699707031
2008-12-12,19.360000610351562,20.639999389648438,18.329999923706055,20.34000015258789,15861800,15.503952026367188
2008-12-15,20.399999618530273,20.68000030517578,19.059999465942383,19.34000015258789,14855500,14.741721153259277
2008-12-16,19.639999389648438,20.200000762939453,19,20.059999465942383,22216000,15.290526390075684
2008-12-17,19.40999984741211,20.43000030517578,19.200000762939453,19.809999465942383,13117300,15.099970817565918
2008-12-18,19.989999771118164,20.190000534057617,18.5,18.899999618530273,17509900,14.406327247619629
2008-12-19,19.139999389648438,19.8700008392334,18.59000015258789,19.43000030517578,19990700,14.810319900512695
2008-12-22,19.329999923706055,19.489999771118164,18.139999389648438,18.420000076293945,10756400,14.04045581817627
2008-12-23,18.690000534057617,18.84000015258789,17.84000015258789,17.959999084472656,10255200,13.689824104309082
2008-12-24,18,18.149999618530273,17.920000076293945,17.969999313354492,4189500,13.697444915771484
2008-12-26,18.079999923706055,18.149999618530273,17.6200008392334,17.90999984741211,4598100,13.651712417602539
2008-12-29,17.959999084472656,18.100000381469727,17.510000228881836,17.700000762939453,8033700,13.491649627685547
2008-12-30,17.81999969482422,18.1299991607666,17.700000762939453,18,11777300,13.720317840576172
2008-12-31,17.969999313354492,18.75,17.90999984741211,18.549999237060547,9625600,14.139546394348145
2009-01-02,18.56999969482422,19.520000457763672,18.399999618530273,19.329999923706055,10955700,14.734095573425293
2009-01-05,19.200000762939453,20.239999771118164,19,19.950000762939453,16019200,15.206686019897461
2009-01-06,20.299999237060547,21.3799991607666,20.010000228881836,21.06999969482422,13820200,16.060386657714844
2009-01-07,20.530000686645508,20.719999313354492,19.829999923706055,20.010000228881836,15699900,15.383840560913086
2009-01-08,19.799999237060547,20.170000076293945,19.399999618530273,20.040000915527344,12255100,15.406900405883789
2009-01-09,20.15999984741211,20.299999237060547,19.170000076293945,19.229999542236328,12592200,14.78416919708252
2009-01-12,19.010000228881836,19.43000030517578,18.549999237060547,18.829999923706055,12252600,14.476646423339844
2009-01-13,18.639999389648438,19.389999389648438,18.40999984741211,18.989999771118164,11864800,14.59965705871582
2009-01-14,18.43000030517578,18.670000076293945,17.700000762939453,17.829999923706055,17040000,13.707839965820312
2009-01-15,18.18000030517578,18.389999389648438,16.739999771118164,17.31999969482422,25799300,13.31574821472168
2009-01-16,17.8700008392334,17.979999542236328,16.329999923706055,17.010000228881836,20618200,13.077422142028809
2009-01-20,16.84000015258789,17.149999618530273,15.579999923706055,15.600000381469727,23401900,11.993398666381836
2009-01-21,16.350000381469727,16.979999542236328,15.739999771118164,16.8700008392334,23124100,12.9697847366333
2009-01-22,16.329999923706055,16.799999237060547,15.75,16.059999465942383,16473000,12.34704875946045
2009-01-23,15.199999809265137,16.309999465942383,14.720000267028809,16,24320400,12.300920486450195
2009-01-26,15.569999694824219,16.350000381469727,15.010000228881836,15.199999809265137,26538600,11.685870170593262
2009-01-27,16.09000015258789,16.829999923706055,15.5600004196167,16.68000030517578,28122600,12.823705673217773
2009-01-28,17.799999237060547,18.100000381469727,17.309999465942383,17.850000381469727,20974400,13.723211288452148
2009-01-29,17.260000228881836,17.850000381469727,16.6299991607666,16.709999084472656,17476500,12.846778869628906
2009-01-30,16.940000534057617,17.700000762939453,16.290000915527344,16.729999542236328,16425900,12.862151145935059
2009-02-02,16.350000381469727,17.1200008392334,16.06999969482422,16.979999542236328,14544600,13.054351806640625
2009-02-03,17.06999969482422,17.079999923706055,15.90999984741211,16.09000015258789,17111300,12.37011432647705
2009-02-04,16.190000534057617,17.06999969482422,16.170000076293945,16.360000610351562,14287400,12.577692031860352
2009-02-05,16.399999618530273,17.780000686645508,15.369999885559082,17.030000686645508,27256100,13.092794418334961
2009-02-06,17.350000381469727,18.270000457763672,17.1200008392334,17.93000030517578,18973500,13.784724235534668
2009-02-09,17.90999984741211,17.940000534057617,17.31999969482422,17.75,10952700,13.646328926086426
2009-02-10,17.5,17.799999237060547,15.8100004196167,15.970000267028809,25782600,12.277856826782227
2009-02-11,16.299999237060547,16.649999618530273,15.829999923706055,16.360000610351562,13389900,12.577692031860352
2009-02-12,15.90999984741211,16.270000457763672,15.029999732971191,16.190000534057617,23438800,12.446993827819824
2009-02-13,16.049999237060547,16.329999923706055,15.579999923706055,15.739999771118164,12738800,12.101031303405762
2009-02-17,14.930000305175781,15.399999618530273,13.949999809265137,13.960000038146973,29448200,10.73255443572998
2009-02-18,14.109999656677246,14.239999771118164,13.399999618530273,14.100000381469727,26260500,10.84018611907959
2009-02-19,14.260000228881836,14.510000228881836,12.739999771118164,12.869999885559082,29657900,9.89455795288086
2009-02-20,12.59000015258789,13.199999809265137,12.170000076293945,12.970000267028809,32549700,9.971433639526367
2009-02-23,13.270000457763672,13.350000381469727,12.09000015258789,12.149999618530273,23529400,9.341010093688965
2009-02-24,12.300000190734863,13.770000457763672,11.4399995803833,13.619999885559082,40853700,10.471160888671875
2009-02-25,13.4399995803833,13.699999809265137,12.329999923706055,13.069999694824219,29846900,10.048315048217773
2009-02-26,13.619999885559082,13.899999618530273,12.369999885559082,12.569999694824219,26211800,9.663909912109375
2009-02-27,12.149999618530273,12.930000305175781,12.020000457763672,12.0600004196167,22406200,9.271819114685059
2009-03-02,11.680000305175781,12.079999923706055,11,11.0600004196167,25369600,8.503009796142578
2009-03-03,11.270000457763672,12.5,10.989999771118164,11.819999694824219,33865100,9.087305068969727
2009-03-04,12.130000114440918,12.229999542236328,11.079999923706055,11.710000038146973,27086000,9.00273609161377
2009-03-05,11.270000457763672,11.470000267028809,10.140000343322754,10.329999923706055,31032700,7.941781044006348
2009-03-06,10.65999984741211,10.65999984741211,9.710000038146973,10.260000228881836,29227200,7.88796329498291
2009-03-09,9.989999771118164,11.199999809265137,9.859999656677246,10.640000343322754,28224600,8.1801118850708
2009-03-10,11.140000343322754,12.199999809265137,10.8100004196167,12.170000076293945,33387900,9.3563871383667
2009-03-11,11.579999923706055,12.149999618530273,11.180000305175781,11.930000305175781,30536700,9.171874046325684
2009-03-12,11.760000228881836,13.380000114440918,11.09000015258789,13.149999618530273,39570500,10.109819412231445
2009-03-13,13.140000343322754,13.390000343322754,11.930000305175781,13.09000015258789,39340600,10.063692092895508
2009-03-16,13.359999656677246,14.149999618530273,12.600000381469727,12.65999984741211,38412000,9.733104705810547
2009-03-17,12.369999885559082,12.920000076293945,12.09000015258789,12.920000076293945,28925600,9.93299674987793
2009-03-18,12.829999923706055,14.170000076293945,12.510000228881836,14.09000015258789,30385600,10.832498550415039
2009-03-19,14.3100004196167,14.569999694824219,12.949999809265137,13.069999694824219,33340700,10.048315048217773
2009-03-20,13.1899995803833,13.1899995803833,12.119999885559082,12.260000228881836,31088200,9.425580978393555
2009-03-23,13,14.720000267028809,12.859999656677246,14.5600004196167,35355100,11.193839073181152
2009-03-24,13.819999694824219,14.800000190734863,13.34000015258789,13.899999618530273,24281600,10.686424255371094
2009-03-25,13.550000190734863,14.369999885559082,13.229999542236328,14.109999656677246,25578000,10.84787654876709
2009-03-26,14.109999656677246,15.239999771118164,13.819999694824219,15.130000114440918,31916500,11.632058143615723
2009-03-27,14.510000228881836,14.720000267028809,14.140000343322754,14.449999809265137,22850200,11.109268188476562
2009-03-30,13.779999732971191,13.859999656677246,12.739999771118164,12.8100004196167,21746100,9.848424911499023
2009-03-31,13.170000076293945,13.84000015258789,13,13.630000114440918,21751900,10.478846549987793
2009-04-01,13.34000015258789,14.640000343322754,13.079999923706055,14.4399995803833,27701800,11.250152587890625
2009-04-02,15.260000228881836,15.300000190734863,14.59000015258789,14.979999542236328,27296000,11.67086410522461
2009-04-03,14.800000190734863,15.329999923706055,14.520000457763672,15.329999923706055,19195400,11.943551063537598
2009-04-06,15.079999923706055,15.270000457763672,14.649999618530273,15.15999984741211,16065100,11.811102867126465
2009-04-07,15.119999885559082,15.380000114440918,14.850000381469727,15.010000228881836,18546800,11.694236755371094
2009-04-08,15.140000343322754,16.079999923706055,15.029999732971191,15.720000267028809,22076900,12.247395515441895
2009-04-09,16.489999771118164,18.899999618530273,16.34000015258789,18.829999923706055,39535300,14.670385360717773
2009-04-13,19.18000030517578,20.729999542236328,19.010000228881836,20.459999084472656,46328400,15.940313339233398
2009-04-14,19.93000030517578,20.469999313354492,18.270000457763672,18.43000030517578,40389800,14.358749389648438
2009-04-15,17.850000381469727,20.700000762939453,17.5,20.6200008392334,50555000,16.064971923828125
2009-04-16,20.3799991607666,21.010000228881836,19.65999984741211,20.690000534057617,33018800,16.1195125579834
2009-04-17,20.670000076293945,22.31999969482422,20.209999084472656,21.809999465942383,34421700,16.992090225219727
2009-04-20,20.75,20.75,18.799999237060547,18.979999542236328,40434400,14.787251472473145
2009-04-21,18.030000686645508,19.6200008392334,17.799999237060547,19.56999969482422,43648700,15.24691390991211
2009-04-22,18.75,20.670000076293945,18.510000228881836,19.43000030517578,34931900,15.137848854064941
2009-04-23,19.93000030517578,21.299999237060547,19.350000381469727,20.969999313354492,37007800,16.337650299072266
2009-04-24,22.690000534057617,25.610000610351562,22.6299991607666,25.299999237060547,90336900,19.71112823486328
2009-04-27,24.239999771118164,25.110000610351562,23.850000381469727,24.229999542236328,39794100,18.877504348754883
2009-04-28,23.6200008392334,24.889999389648438,23.510000228881836,24.149999618530273,28364100,18.81517791748047
2009-04-29,24.3700008392334,25.469999313354492,24.290000915527344,24.950000762939453,25651600,19.438457489013672
2009-04-30,25.719999313354492,26.329999923706055,24.90999984741211,25.219999313354492,38295400,19.64882469177246
2009-05-01,24.940000534057617,25.399999618530273,23.579999923706055,24.290000915527344,28748000,18.92424964904785
2009-05-04,24.559999465942383,27.389999389648438,24.350000381469727,27.280000686645508,37119400,21.253751754760742
2009-05-05,26.899999618530273,27.229999542236328,26.420000076293945,26.56999969482422,25488600,20.700593948364258
2009-05-06,27.270000457763672,28.450000762939453,26.18000030517578,27.139999389648438,48304700,21.144678115844727
2009-05-07,28.270000457763672,28.290000915527344,25.729999542236328,25.969999313354492,38950600,20.23313331604004
2009-05-08,26.15999984741211,28.43000030517578,25.75,28.399999618530273,36204200,22.1263484954834
2009-05-11,27.270000457763672,27.34000015258789,26,26.040000915527344,27944500,20.287677764892578
2009-05-12,26.329999923706055,26.440000534057617,24.510000228881836,25.450000762939453,29015400,19.828006744384766
2009-05-13,24.690000534057617,24.790000915527344,24,24.09000015258789,26146400,18.768434524536133
2009-05-14,24.010000228881836,24.920000076293945,23.579999923706055,24.719999313354492,19866900,19.259262084960938
2009-05-15,24.709999084472656,25.31999969482422,23.899999618530273,24.229999542236328,18754400,18.877504348754883
2009-05-18,24.790000915527344,26.31999969482422,24.280000686645508,26.1299991607666,23570500,20.3577880859375
2009-05-19,26.010000228881836,26.290000915527344,24.790000915527344,24.790000915527344,21023300,19.31380844116211
2009-05-20,25.31999969482422,25.739999771118164,23.81999969482422,23.979999542236328,24691200,18.682735443115234
2009-05-21,23.65999984741211,24.270000457763672,23.209999084472656,24.149999618530273,22307500,18.81517791748047
2009-05-22,24,24.18000030517578,23.299999237060547,23.399999618530273,13161100,18.230850219726562
2009-05-26,23.209999084472656,24.65999984741211,23.049999237060547,24.56999969482422,19749800,19.14240074157715
2009-05-27,24.75,24.850000381469727,23.43000030517578,23.5,16971300,18.308767318725586
2009-05-28,23.860000610351562,24.309999465942383,23.260000228881836,24.299999237060547,16005900,18.932037353515625
2009-05-29,24.479999542236328,25.299999237060547,24,24.850000381469727,19593800,19.360551834106445
2009-06-01,25.549999237060547,26.559999465942383,25.350000381469727,25.989999771118164,21602800,20.24871063232422
2009-06-02,24.799999237060547,25.219999313354492,24.270000457763672,24.709999084472656,33817300,19.251468658447266
2009-06-03,24.719999313354492,24.989999771118164,24.15999984741211,24.479999542236328,18402400,19.07228660583496
2009-06-04,24.6299991607666,25.5,24.540000915527344,25.25,18639500,19.67218780517578
2009-06-05,25.600000381469727,26.020000457763672,24.8700008392334,24.950000762939453,16960900,19.438457489013672
2009-06-08,24.59000015258789,25.8700008392334,24.549999237060547,25.649999618530273,15196800,19.98382568359375
2009-06-09,26.049999237060547,27.020000457763672,25.950000762939453,26.93000030517578,26164100,20.981061935424805
2009-06-10,27.149999618530273,27.399999618530273,26.1200008392334,26.690000534057617,18014200,20.794086456298828
2009-06-11,26.639999389648438,26.920000076293945,25.25,25.6299991607666,25370600,19.968236923217773
2009-06-12,25.389999389648438,25.690000534057617,24.829999923706055,25.15999984741211,14797000,19.60206413269043
2009-06-15,24.959999084472656,25.579999923706055,24.5,25.229999542236328,19166400,19.65659523010254
2009-06-16,25.3700008392334,25.540000915527344,24.59000015258789,24.690000534057617,13681200,19.23588752746582
2009-06-17,24.549999237060547,24.799999237060547,23.610000610351562,23.950000762939453,17764500,18.659366607666016
2009-06-18,24.059999465942383,24.350000381469727,23.68000030517578,24.100000381469727,16191400,18.776227951049805
2009-06-19,24.420000076293945,24.889999389648438,24.06999969482422,24.639999389648438,17321200,19.19693946838379
2009-06-22,24.31999969482422,24.520000457763672,23.209999084472656,23.229999542236328,17858000,18.098411560058594
2009-06-23,23.229999542236328,23.540000915527344,22.40999984741211,23.389999389648438,24300000,18.22307014465332
2009-06-24,23.579999923706055,23.719999313354492,22.59000015258789,22.93000030517578,18354800,17.864673614501953
2009-06-25,22.610000610351562,24.559999465942383,22.5,24.440000534057617,25837500,19.04111671447754
2009-06-26,24.329999923706055,24.399999618530273,23.530000686645508,23.760000228881836,29106500,18.51133155822754
2009-06-29,23.899999618530273,24.469999313354492,23.610000610351562,24,13290200,18.698318481445312
2009-06-30,23.989999771118164,24.329999923706055,23.079999923706055,23.239999771118164,19825000,18.243026733398438
2009-07-01,23.489999771118164,23.549999237060547,22.969999313354492,23,13523000,18.054628372192383
2009-07-02,22.739999771118164,22.799999237060547,22.270000457763672,22.270000457763672,13539100,17.481597900390625
2009-07-06,22.190000534057617,23.549999237060547,22.15999984741211,23.520000457763672,20575300,18.46281623840332
2009-07-07,23.450000762939453,23.549999237060547,22.559999465942383,22.6299991607666,15937200,17.764184951782227
2009-07-08,22.530000686645508,23.15999984741211,22,22.719999313354492,25292500,17.83483123779297
2009-07-09,23.059999465942383,23.229999542236328,22.65999984741211,22.799999237060547,13268300,17.897628784179688
2009-07-10,22.600000381469727,23.3799991607666,22.600000381469727,23.219999313354492,14680800,18.22732925415039
2009-07-13,23.549999237060547,24.540000915527344,23.40999984741211,24.520000457763672,18449300,19.2478084564209
2009-07-14,24.399999618530273,24.6200008392334,24.010000228881836,24.459999084472656,10535100,19.200708389282227
2009-07-15,24.81999969482422,27.75,24.809999465942383,27.219999313354492,38331300,21.367259979248047
2009-07-16,26.969999313354492,28.559999465942383,26.65999984741211,28.280000686645508,21570800,22.199344635009766
2009-07-17,28.040000915527344,28.31999969482422,27.229999542236328,28.030000686645508,17890600,22.003103256225586
2009-07-20,28.280000686645508,28.979999542236328,28.18000030517578,28.889999389648438,16315100,22.678180694580078
2009-07-21,29.020000457763672,29.540000915527344,28.639999389648438,29.3799991607666,16987600,23.062820434570312
2009-07-22,28.90999984741211,29.149999618530273,28.520000457763672,28.760000228881836,12677600,22.57613754272461
2009-07-23,28.989999771118164,30,28.6200008392334,29.450000762939453,21426800,23.117773056030273
2009-07-24,28.600000381469727,29.860000610351562,28.09000015258789,29.510000228881836,32288000,23.164875030517578
2009-07-27,29.489999771118164,29.600000381469727,28.110000610351562,28.3799991607666,23212800,22.27783966064453
2009-07-28,28,28.030000686645508,27.100000381469727,27.68000030517578,19577900,21.728351593017578
2009-07-29,27.3799991607666,28.110000610351562,27.3799991607666,27.75,13532900,21.78329849243164
2009-07-30,28.270000457763672,28.799999237060547,27.940000534057617,28.229999542236328,14022800,22.16009521484375
2009-07-31,28.040000915527344,28.389999389648438,27.799999237060547,28.329999923706055,11846600,22.238588333129883
2009-08-03,28.899999618530273,29.09000015258789,28.350000381469727,28.649999618530273,13532200,22.489789962768555
2009-08-04,28.489999771118164,29.040000915527344,28.239999771118164,28.709999084472656,12707800,22.536890029907227
2009-08-05,28.850000381469727,30.65999984741211,28.1299991607666,30.360000610351562,23261100,23.83209991455078
2009-08-06,31.600000381469727,32.2400016784668,30.920000076293945,31.309999465942383,28326300,24.57784652709961
2009-08-07,32.060001373291016,33.70000076293945,31.979999542236328,32.689998626708984,26253200,25.661113739013672
2009-08-10,32.5099983215332,32.970001220703125,31.969999313354492,32.34000015258789,11879700,25.38637924194336
2009-08-11,32.27000045776367,32.47999954223633,31.149999618530273,31.510000228881836,13625300,24.734840393066406
2009-08-12,31.229999542236328,32.150001525878906,31.170000076293945,31.799999237060547,9056500,24.962480545043945
2009-08-13,31.889999389648438,32.060001373291016,31.299999237060547,31.979999542236328,8775800,25.103782653808594
2009-08-14,31.969999313354492,32.09000015258789,31.15999984741211,31.719999313354492,7635700,24.899694442749023
2009-08-17,30.739999771118164,30.889999389648438,30.09000015258789,30.389999389648438,14285400,23.85565757751465
2009-08-18,30.889999389648438,31.950000762939453,30.770000457763672,31.690000534057617,12025300,24.87613868713379
2009-08-19,31.290000915527344,31.760000228881836,31.139999389648438,31.700000762939453,7726200,24.88399314880371
2009-08-20,31.829999923706055,32.619998931884766,31.670000076293945,32.52000045776367,9192700,25.527671813964844
2009-08-21,32.959999084472656,33.06999969482422,32.5,32.849998474121094,12274900,25.786720275878906
2009-08-24,33.70000076293945,33.93000030517578,32.599998474121094,32.66999816894531,14358100,25.645423889160156
2009-08-25,33.09000015258789,33.33000183105469,32.5,32.81999969482422,11389200,25.76315689086914
2009-08-26,32.56999969482422,33.20000076293945,32.47999954223633,33.13999938964844,9339700,26.014358520507812
2009-08-27,33.060001373291016,34.22999954223633,32.91999816894531,33.959999084472656,13218400,26.65804672241211
2009-08-28,34.36000061035156,34.5,33.79999923706055,34.2400016784668,10720000,26.877849578857422
2009-08-31,33.81999969482422,33.970001220703125,33.470001220703125,33.81999969482422,9759700,26.548152923583984
2009-09-01,33.58000183105469,33.900001525878906,31.889999389648438,31.979999542236328,16860800,25.103782653808594
2009-09-02,31.860000610351562,32.529998779296875,31.68000030517578,31.950000762939453,11438200,25.080236434936523
2009-09-03,32.22999954223633,32.5,31.780000686645508,32.459999084472656,10177800,25.48056983947754
2009-09-04,32.54999923706055,32.86000061035156,32.11000061035156,32.84000015258789,6575700,25.778867721557617
2009-09-08,33.43000030517578,33.630001068115234,32.75,33.4900016784668,9290100,26.28910255432129
2009-09-09,33.529998779296875,34.290000915527344,33.27000045776367,34.09000015258789,10337200,26.76011085510254
2009-09-10,33.970001220703125,34.5,33.400001525878906,34.400001525878906,10059200,27.003448486328125
2009-09-11,34.40999984741211,34.560001373291016,33.75,34.16999816894531,8438100,26.822893142700195
2009-09-14,33.75,34.150001525878906,33.65999984741211,33.91999816894531,9059700,26.626651763916016
2009-09-15,33.959999084472656,34.869998931884766,33.47999954223633,34.650001525878906,15605600,27.19969940185547
2009-09-16,34.900001525878906,36.38999938964844,34.689998626708984,35.84000015258789,15180600,28.133825302124023
2009-09-17,35.83000183105469,36.5,34.91999816894531,35,12231200,27.474428176879883
2009-09-18,35.09000015258789,35.18000030517578,34.43000030517578,34.77000045776367,17530500,27.293888092041016
2009-09-21,34.400001525878906,34.5,33.65999984741211,33.7599983215332,10264800,26.501039505004883
2009-09-22,34.20000076293945,34.36000061035156,33.849998474121094,33.970001220703125,12144100,26.665904998779297
2009-09-23,34.06999969482422,34.33000183105469,33.41999816894531,33.599998474121094,10453700,26.375457763671875
2009-09-24,33.72999954223633,34,32.84000015258789,33.849998474121094,14496500,26.571699142456055
2009-09-25,33.599998474121094,34.029998779296875,32.599998474121094,33.06999969482422,15160200,25.959413528442383
2009-09-28,33.189998626708984,34.5099983215332,32.93000030517578,34.40999984741211,10510600,27.011289596557617
2009-09-29,34.56999969482422,34.88999938964844,33.95000076293945,33.9900016784668,9337400,26.68159294128418
2009-09-30,34.060001373291016,34.849998474121094,33.13999938964844,33.900001525878906,15041200,26.75263214111328
2009-10-01,33.849998474121094,33.88999938964844,32.41999816894531,32.459999084472656,15168400,25.616228103637695
2009-10-02,31.950000762939453,33.22999954223633,31.690000534057617,32.4900016784668,12215500,25.639902114868164
2009-10-05,32.7599983215332,33.5,32.63999938964844,33.220001220703125,9479100,26.215993881225586
2009-10-06,33.540000915527344,33.75,32.880001068115234,33.52000045776367,12523400,26.452743530273438
2009-10-07,33.2599983215332,34.04999923706055,33.220001220703125,33.9900016784668,8742000,26.823654174804688
2009-10-08,34.209999084472656,35.06999969482422,34.060001373291016,34.97999954223633,11992100,27.60491943359375
2009-10-09,34.959999084472656,35.099998474121094,34.34000015258789,34.939998626708984,7107600,27.5733585357666
2009-10-12,35.060001373291016,35.439998626708984,34.88999938964844,35.08000183105469,6446700,27.683841705322266
2009-10-13,34.90999984741211,35.68000030517578,34.7599983215332,34.84000015258789,10274200,27.494436264038086
2009-10-14,35.27000045776367,35.310001373291016,34.56999969482422,35.09000015258789,15330800,27.691726684570312
2009-10-15,34.560001373291016,35.59000015258789,34.20000076293945,35.540000915527344,21644300,28.04685401916504
2009-10-16,35.13999938964844,35.40999984741211,34.52000045776367,34.95000076293945,14585700,27.581239700317383
2009-10-19,35.130001068115234,35.90999984741211,34.97999954223633,35.7400016784668,8045700,28.204679489135742
2009-10-20,35.68000030517578,36.20000076293945,35.2599983215332,35.41999816894531,8300600,27.9521541595459
2009-10-21,35.61000061035156,36.36000061035156,35.06999969482422,35.099998474121094,13545500,27.69961929321289
2009-10-22,35.09000015258789,36.439998626708984,34.7599983215332,36.439998626708984,14040100,28.75708770751953
2009-10-23,36.189998626708984,37.16999816894531,34.2599983215332,34.58000183105469,21568000,27.28925895690918
2009-10-26,34.9900016784668,35.900001525878906,34.68000030517578,34.880001068115234,17918000,27.526010513305664
2009-10-27,34.939998626708984,36.15999984741211,34.790000915527344,35.95000076293945,18261400,28.370407104492188
2009-10-28,35.720001220703125,35.939998626708984,34.41999816894531,34.66999816894531,13699300,27.360275268554688
2009-10-29,35.119998931884766,36.470001220703125,35.029998779296875,36.439998626708984,13562400,28.75708770751953
2009-10-30,36.130001068115234,36.25,34.58000183105469,34.84000015258789,13368900,27.494436264038086
2009-11-02,34.95000076293945,35.880001068115234,34.630001068115234,35.68000030517578,12571600,28.157333374023438
2009-11-03,35.2400016784668,36.150001525878906,34.79999923706055,36.040000915527344,11244600,28.441431045532227
2009-11-04,36.349998474121094,36.720001220703125,35.79999923706055,35.959999084472656,12036500,28.378307342529297
2009-11-05,36.25,37.83000183105469,36.02000045776367,37.7400016784668,14870400,29.783002853393555
2009-11-06,37.279998779296875,37.97999954223633,36.90999984741211,37.209999084472656,12060100,29.36475944519043
2009-11-09,37.66999816894531,39.15999984741211,37.5,39.04999923706055,16653700,30.816808700561523
2009-11-10,38.939998626708984,39.86000061035156,38.77000045776367,39.68000030517578,13619100,31.313993453979492
2009-11-11,39.95000076293945,40.599998474121094,39.75,40.04999923706055,13390400,31.605974197387695
2009-11-12,40.04999923706055,40.29999923706055,39.36000061035156,39.5,9884200,31.171932220458984
2009-11-13,39.619998931884766,40.40999984741211,39.310001373291016,40.349998474121094,15482300,31.842716217041016
2009-11-16,40.65999984741211,41.97999954223633,40.29999923706055,41.439998626708984,20279300,32.70291519165039
2009-11-17,41.279998779296875,41.40999984741211,40.650001525878906,41.36000061035156,10112800,32.6397819519043
2009-11-18,41.29999923706055,41.619998931884766,40.95000076293945,41.56999969482422,8562000,32.80549621582031
2009-11-19,41.29999923706055,41.5,40.56999969482422,41.13999938964844,12309400,32.46616744995117
2009-11-20,40.84000015258789,41.09000015258789,40.4900016784668,40.93000030517578,10664000,32.30044937133789
2009-11-23,41.810001373291016,42.20000076293945,41.290000915527344,41.630001068115234,11750900,32.852848052978516
2009-11-24,41.56999969482422,41.650001525878906,41.0099983215332,41.439998626708984,7228500,32.70291519165039
2009-11-25,41.77000045776367,41.90999984741211,41.45000076293945,41.720001220703125,7082000,32.92388916015625
2009-11-27,40.709999084472656,41.400001525878906,40.45000076293945,40.84000015258789,6005400,32.22940444946289
2009-11-30,40.88999938964844,41.88999938964844,40.77000045776367,41.83000183105469,14374600,33.01069641113281
2009-12-01,42.209999084472656,42.25,40.970001220703125,41.29999923706055,11654200,32.5924186706543
2009-12-02,40.91999816894531,41.25,40.529998779296875,41.040000915527344,11507200,32.387237548828125
2009-12-03,41.029998779296875,41.029998779296875,38.810001373291016,38.869998931884766,19938400,30.674762725830078
2009-12-04,39.68000030517578,40.599998474121094,38.790000915527344,39.29999923706055,20180800,31.014101028442383
2009-12-07,39.880001068115234,40.13999938964844,39.11000061035156,39.40999984741211,9352800,31.10091209411621
2009-12-08,39.209999084472656,39.61000061035156,39.02000045776367,39.130001068115234,7920700,30.87994956970215
2009-12-09,39.0099983215332,39.97999954223633,39,39.880001068115234,8852200,31.471818923950195
2009-12-10,40.0099983215332,40.290000915527344,39.880001068115234,40.22999954223633,9670400,31.74802589416504
2009-12-11,40.34000015258789,40.779998779296875,40.20000076293945,40.72999954223633,8117500,32.142608642578125
2009-12-14,40.7400016784668,41.63999938964844,40.59000015258789,41.279998779296875,9744000,32.57664489746094
2009-12-15,40.7400016784668,41.470001220703125,40.5099983215332,40.959999084472656,10839400,32.32411575317383
2009-12-16,41.31999969482422,41.86000061035156,40.88999938964844,41.27000045776367,9685800,32.568756103515625
2009-12-17,40.93000030517578,41.08000183105469,40.27000045776367,40.45000076293945,8147500,31.921632766723633
2009-12-18,40.70000076293945,40.75,39.970001220703125,40.5099983215332,10893400,31.9689884185791
2009-12-21,40.65999984741211,41.16999816894531,40.52000045776367,41.02000045776367,5424200,32.3714599609375
2009-12-22,40.939998626708984,41.529998779296875,40.61000061035156,41.41999816894531,6678100,32.687137603759766
2009-12-23,41.599998474121094,41.84000015258789,41.06999969482422,41.209999084472656,5296400,32.521419525146484
2009-12-24,41.349998474121094,41.70000076293945,41.279998779296875,41.68000030517578,2070000,32.892303466796875
2009-12-28,41.689998626708984,41.790000915527344,40.869998931884766,41.04999923706055,5369900,32.39513397216797
2009-12-29,41.0099983215332,41.25,40.599998474121094,40.880001068115234,4438200,32.260990142822266
2009-12-30,40.599998474121094,40.83000183105469,40.34000015258789,40.79999923706055,3557100,32.19784164428711
2009-12-31,40.900001525878906,41.08000183105469,40.4900016784668,40.52000045776367,4030500,31.976890563964844
2010-01-04,40.810001373291016,41.099998474121094,40.38999938964844,40.91999816894531,6894300,32.29253387451172
2010-01-05,40.83000183105469,41.22999954223633,40.369998931884766,40.83000183105469,10641200,32.22151184082031
2010-01-06,41.22999954223633,41.66999816894531,41.16999816894531,41.4900016784668,8399400,32.742366790771484
2010-01-07,41.2599983215332,42.2400016784668,41.11000061035156,41.97999954223633,8981700,33.27341842651367
2010-01-08,41.7599983215332,42.47999954223633,41.400001525878906,41.95000076293945,7907700,33.2496452331543
2010-01-11,41.7400016784668,41.959999084472656,41.25,41.470001220703125,7396000,32.86919403076172
2010-01-12,41.27000045776367,42.349998474121094,41.25,42.02000045776367,12657300,33.305110931396484
2010-01-13,41.849998474121094,42.2400016784668,41.56999969482422,42.150001525878906,10137200,33.40815734863281
2010-01-14,42.040000915527344,42.7400016784668,42.02000045776367,42.68000030517578,8238400,33.828243255615234
2010-01-15,42.52000045776367,42.84000015258789,42.02000045776367,42.38999938964844,13629000,33.5983772277832
2010-01-19,42.2400016784668,43.04999923706055,42.11000061035156,42.959999084472656,9533800,34.05016326904297
2010-01-20,42.93000030517578,43.25,42.2599983215332,42.97999954223633,11643000,34.06600570678711
2010-01-21,42.9900016784668,43.099998474121094,41.529998779296875,42.15999984741211,16974300,33.41608428955078
2010-01-22,41.36000061035156,41.4900016784668,38.189998626708984,38.59000015258789,26170800,30.58648681640625
2010-01-25,39.099998474121094,39.290000915527344,37.5,37.790000915527344,17587600,29.952409744262695
2010-01-26,37.540000915527344,39.22999954223633,37.52000045776367,38.099998474121094,15709900,30.19811248779297
2010-01-27,37.959999084472656,38.84000015258789,37.83000183105469,38.66999816894531,12908300,30.649906158447266
2010-01-28,38.66999816894531,38.66999816894531,36.83000183105469,37.43000030517578,14148600,29.667076110839844
2010-01-29,37.599998474121094,38.77000045776367,37.36000061035156,37.65999984741211,14219900,29.8493709564209
2010-02-01,37.84000015258789,38.310001373291016,37.81999969482422,38.209999084472656,9357100,30.285295486450195
2010-02-02,38.68000030517578,39.16999816894531,38.45000076293945,39.02000045776367,11273000,30.927310943603516
2010-02-03,38.90999984741211,38.90999984741211,38.189998626708984,38.33000183105469,10657500,30.380409240722656
2010-02-04,38.029998779296875,38.58000183105469,37.470001220703125,37.529998779296875,12948000,29.746335983276367
2010-02-05,37.65999984741211,37.970001220703125,36.599998474121094,37.849998474121094,13024000,29.999956130981445
2010-02-08,37.7599983215332,37.869998931884766,36.779998779296875,36.790000915527344,9370300,29.159812927246094
2010-02-09,37.27000045776367,37.84000015258789,37.02000045776367,37.540000915527344,10677400,29.75425910949707
2010-02-10,37.58000183105469,38.040000915527344,37,37.75,8880300,29.920705795288086
2010-02-11,37.810001373291016,38.47999954223633,37.47999954223633,38.290000915527344,9907800,30.348712921142578
2010-02-12,37.790000915527344,38.540000915527344,37.470001220703125,38.41999816894531,10692600,30.45175552368164
2010-02-16,38.810001373291016,39.630001068115234,38.650001525878906,39.619998931884766,10961400,31.402877807617188
2010-02-17,39.529998779296875,39.58000183105469,38.81999969482422,39.04999923706055,9850000,30.95108985900879
2010-02-18,39.06999969482422,39.27000045776367,38.7400016784668,39.150001525878906,6853400,31.030349731445312
2010-02-19,38.88999938964844,39.18000030517578,38.59000015258789,39.060001373291016,9412300,30.959014892578125
2010-02-22,39.099998474121094,39.2400016784668,38.779998779296875,38.93000030517578,7413000,30.855985641479492
2010-02-23,38.7400016784668,38.7400016784668,37.81999969482422,37.93000030517578,9693800,30.063371658325195
2010-02-24,38.099998474121094,38.70000076293945,38.02000045776367,38.40999984741211,6412300,30.4438419342041
2010-02-25,37.66999816894531,38.130001068115234,37.04999923706055,38.040000915527344,8456500,30.15056800842285
2010-02-26,38.150001525878906,38.31999969482422,37.7599983215332,38.189998626708984,6475500,30.269451141357422
2010-03-01,38.20000076293945,38.279998779296875,37.86000061035156,38.130001068115234,9137700,30.22191619873047
2010-03-02,38.119998931884766,38.939998626708984,38.099998474121094,38.38999938964844,9938400,30.427980422973633
2010-03-03,38.459999084472656,38.95000076293945,38.18000030517578,38.279998779296875,8222000,30.340776443481445
2010-03-04,38.25,39,38.20000076293945,38.88999938964844,8899100,30.824275970458984
2010-03-05,39.099998474121094,40.25,39.099998474121094,40.20000076293945,10137000,31.86258316040039
2010-03-08,40.220001220703125,40.34000015258789,39.61000061035156,39.709999084472656,7811600,31.474227905273438
2010-03-09,39.540000915527344,39.939998626708984,39.349998474121094,39.70000076293945,6764600,31.466283798217773
2010-03-10,39.939998626708984,39.939998626708984,39.31999969482422,39.720001220703125,7749400,31.482131958007812
2010-03-11,39.56999969482422,40.150001525878906,39.43000030517578,40.11000061035156,7634600,31.791242599487305
2010-03-12,40.47999954223633,41,40.43000030517578,40.7599983215332,9464400,32.30644226074219
2010-03-15,40.619998931884766,40.970001220703125,40.06999969482422,40.70000076293945,7125300,32.25888442993164
2010-03-16,40.869998931884766,41.029998779296875,40.45000076293945,40.91999816894531,5796900,32.433250427246094
2010-03-17,41.18000030517578,41.310001373291016,40.70000076293945,41.0099983215332,8941900,32.504581451416016
2010-03-18,40.900001525878906,41.060001373291016,40.47999954223633,41,5519500,32.496665954589844
2010-03-19,40.33000183105469,41.279998779296875,40.279998779296875,40.33000183105469,10729300,31.965620040893555
2010-03-22,39.900001525878906,41.2400016784668,39.83000183105469,41.08000183105469,9194400,32.560089111328125
2010-03-23,41.099998474121094,41.369998931884766,40.81999969482422,41.2400016784668,8592000,32.6868896484375
2010-03-24,41.040000915527344,41.459999084472656,40.849998474121094,41.0099983215332,7499900,32.504581451416016
2010-03-25,41.369998931884766,42.279998779296875,41.20000076293945,41.41999816894531,8716200,32.82954788208008
2010-03-26,41.56999969482422,41.77000045776367,40.90999984741211,41.119998931884766,6821600,32.5917854309082
2010-03-29,41.27000045776367,41.68000030517578,41,41.47999954223633,5865400,32.877105712890625
2010-03-30,41.310001373291016,41.4900016784668,41.06999969482422,41.290000915527344,5561300,32.869163513183594
2010-03-31,41.0099983215332,41.599998474121094,40.83000183105469,41.2599983215332,6882700,32.845272064208984
2010-04-01,41.68000030517578,41.900001525878906,41.36000061035156,41.70000076293945,6016300,33.19554138183594
2010-04-05,41.83000183105469,42.68000030517578,41.7400016784668,42.66999816894531,7857100,33.967708587646484
2010-04-06,42.38999938964844,43.13999938964844,42.29999923706055,43.119998931884766,7816500,34.325931549072266
2010-04-07,42.880001068115234,43.369998931884766,42.029998779296875,42.369998931884766,9795100,33.72890090942383
2010-04-08,42.220001220703125,43.84000015258789,42.060001373291016,43.689998626708984,10438100,34.779685974121094
2010-04-09,43.689998626708984,44.09000015258789,43.540000915527344,43.880001068115234,6614200,34.930946350097656
2010-04-12,44.0099983215332,44.58000183105469,43.939998626708984,44.540000915527344,7790800,35.45634078979492
2010-04-13,44.38999938964844,45.060001373291016,44.33000183105469,44.9900016784668,10940400,35.8145637512207
2010-04-14,45.459999084472656,46.630001068115234,45.220001220703125,46.459999084472656,14091700,36.98475646972656
2010-04-15,46.220001220703125,46.68000030517578,46.02000045776367,46.66999816894531,9524200,37.151939392089844
2010-04-16,46.4900016784668,46.61000061035156,44.18000030517578,45.099998474121094,18333300,35.902122497558594
2010-04-19,44.810001373291016,45.790000915527344,44.630001068115234,45.7599983215332,10527600,36.42750549316406
2010-04-20,46.11000061035156,46.290000915527344,45.52000045776367,46.20000076293945,8074900,36.77778625488281
2010-04-21,46.15999984741211,46.380001068115234,45.5,45.9900016784668,7741700,36.61062240600586
2010-04-22,45.65999984741211,47.11000061035156,45.18000030517578,46.77000045776367,12864900,37.23154067993164
2010-04-23,47.91999816894531,49.189998626708984,47.65999984741211,48.04999923706055,17470200,38.25049591064453
2010-04-26,47.119998931884766,47.970001220703125,46.810001373291016,47.13999938964844,11163600,37.52607345581055
2010-04-27,46.709999084472656,47.4900016784668,45.61000061035156,45.790000915527344,11299500,36.451412200927734
2010-04-28,46.22999954223633,46.369998931884766,45.52000045776367,46.08000183105469,9533700,36.68227767944336
2010-04-29,46.630001068115234,47.810001373291016,46.40999984741211,47.599998474121094,12613700,37.892276763916016
2010-04-30,47.52000045776367,48.029998779296875,45.79999923706055,46.119998931884766,14019700,36.714111328125
2010-05-03,46.209999084472656,47.369998931884766,46.119998931884766,47.20000076293945,7564200,37.573856353759766
2010-05-04,46.70000076293945,46.79999923706055,45.45000076293945,45.86000061035156,10577700,36.50712203979492
2010-05-05,45.40999984741211,46.189998626708984,43.93000030517578,44.43000030517578,15037800,35.368778228759766
2010-05-06,44.349998474121094,45.13999938964844,40.15999984741211,42.5,22510800,33.832374572753906
2010-05-07,42.2400016784668,42.84000015258789,40.5,40.599998474121094,30788700,32.319881439208984
2010-05-10,42.9900016784668,43.29999923706055,42.56999969482422,43.09000015258789,16791900,34.30204772949219
2010-05-11,42.790000915527344,44.27000045776367,42.54999923706055,43.33000183105469,12343200,34.493106842041016
2010-05-12,43.560001373291016,44.209999084472656,43.18000030517578,44.099998474121094,9824700,35.106056213378906
2010-05-13,43.849998474121094,44.060001373291016,42.720001220703125,42.810001373291016,10075400,34.079158782958984
2010-05-14,42.029998779296875,42.11000061035156,40.060001373291016,40.63999938964844,27485400,32.351707458496094
2010-05-17,41.25,41.7400016784668,39.79999923706055,41.220001220703125,15067500,32.81343078613281
2010-05-18,41.560001373291016,41.7400016784668,39.2599983215332,39.84000015258789,18848000,31.714868545532227
2010-05-19,39.349998474121094,40.779998779296875,39.13999938964844,40.16999816894531,15596900,31.977567672729492
2010-05-20,39.66999816894531,40.56999969482422,38.560001373291016,38.619998931884766,19590900,30.743680953979492
2010-05-21,37.56999969482422,40.060001373291016,37.36000061035156,39.81999969482422,18743300,31.698951721191406
2010-05-24,39.90999984741211,40,38.93000030517578,39.040000915527344,10313800,31.07803726196289
2010-05-25,37.959999084472656,39,37.599998474121094,39,14758200,31.046180725097656
2010-05-26,39.459999084472656,39.65999984741211,37.959999084472656,38.16999816894531,13489100,30.38547134399414
2010-05-27,39.029998779296875,40.41999816894531,39.029998779296875,40.33000183105469,14744100,32.10493850708008
2010-05-28,40.16999816894531,40.709999084472656,39.54999923706055,39.869998931884766,12494000,31.738744735717773
2010-06-01,39.18000030517578,40.29999923706055,39.04999923706055,39.189998626708984,12525800,31.197420120239258
2010-06-02,39.459999084472656,41,39,40.970001220703125,16206600,32.61442184448242
2010-06-03,41.310001373291016,41.369998931884766,40.18000030517578,40.540000915527344,8858400,32.27210998535156
2010-06-04,39.470001220703125,39.83000183105469,38.20000076293945,38.40999984741211,13697400,30.57651138305664
2010-06-07,38.689998626708984,39.04999923706055,37.61000061035156,37.709999084472656,11251100,30.019271850585938
2010-06-08,37.939998626708984,38.52000045776367,37.130001068115234,38.43000030517578,11586000,30.592437744140625
2010-06-09,38.83000183105469,39.2400016784668,37.970001220703125,38.11000061035156,12270200,30.33770751953125
2010-06-10,38.70000076293945,40.119998931884766,38.66999816894531,40.029998779296875,11784300,31.866138458251953
2010-06-11,39.4900016784668,40.20000076293945,39.33000183105469,40.130001068115234,7805300,31.945735931396484
2010-06-14,40.470001220703125,40.68000030517578,39.869998931884766,39.88999938964844,8484900,31.75467300415039
2010-06-15,40.459999084472656,41.63999938964844,40.18000030517578,41.59000015258789,10114800,33.10797119140625
2010-06-16,41.439998626708984,42.5099983215332,41.189998626708984,42.34000015258789,11552200,33.70503234863281
2010-06-17,42.70000076293945,42.72999954223633,41.45000076293945,42.060001373291016,8013300,33.48211669921875
2010-06-18,42.13999938964844,42.2599983215332,41.66999816894531,42.029998779296875,9287500,33.458221435546875
2010-06-21,42.7599983215332,43.13999938964844,42.029998779296875,42.599998474121094,12073600,33.911991119384766
2010-06-22,42.63999938964844,42.91999816894531,41.84000015258789,41.939998626708984,9893800,33.38658142089844
2010-06-23,41.9900016784668,42.47999954223633,41.119998931884766,42.16999816894531,9454100,33.569671630859375
2010-06-24,41.81999969482422,42.34000015258789,40.939998626708984,41.060001373291016,9669400,32.686058044433594
2010-06-25,41.5099983215332,42.66999816894531,40.939998626708984,42.66999816894531,23429700,33.967708587646484
2010-06-28,42.52000045776367,42.7400016784668,41.810001373291016,42.11000061035156,8870400,33.52192306518555
2010-06-29,41.4900016784668,41.540000915527344,39.75,40.09000015258789,12254700,31.91389274597168
2010-06-30,39.81999969482422,40.599998474121094,39.58000183105469,39.70000076293945,8975500,31.74596405029297
2010-07-01,39.54999923706055,40.08000183105469,38.41999816894531,39.47999954223633,8747200,31.57004737854004
2010-07-02,39.810001373291016,39.88999938964844,38.90999984741211,39.41999816894531,6928100,31.52204704284668
2010-07-06,40.15999984741211,40.33000183105469,38.7400016784668,39.209999084472656,10308600,31.354135513305664
2010-07-07,39.06999969482422,41.220001220703125,39.02000045776367,41.150001525878906,12115800,32.905452728271484
2010-07-08,41.70000076293945,42.18000030517578,41.40999984741211,42.119998931884766,11511600,33.68110275268555
2010-07-09,42.11000061035156,42.61000061035156,41.93000030517578,42.58000183105469,8292400,34.048946380615234
2010-07-12,42.400001525878906,42.959999084472656,42.25,42.83000183105469,6981200,34.24886703491211
2010-07-13,43.27000045776367,44.43000030517578,43.2599983215332,44.16999816894531,8623100,35.32038497924805
2010-07-14,43.95000076293945,44.16999816894531,43.27000045776367,43.70000076293945,7158100,34.94455337524414
2010-07-15,43.970001220703125,44,42.34000015258789,43.43000030517578,9838400,34.72863006591797
2010-07-16,43.099998474121094,43.16999816894531,41.25,41.380001068115234,14179100,33.089359283447266
2010-07-19,41.5,41.84000015258789,40.459999084472656,41.58000183105469,7378200,33.2492790222168
2010-07-20,40.869998931884766,42.209999084472656,40.7599983215332,42.060001373291016,7589600,33.63314437866211
2010-07-21,42.310001373291016,42.650001525878906,41,41.150001525878906,9540600,32.905452728271484
2010-07-22,41.869998931884766,43.4900016784668,41.7599983215332,43.189998626708984,10875300,34.5367317199707
2010-07-23,43.13999938964844,44.869998931884766,42.56999969482422,44.790000915527344,15324900,35.8161735534668
2010-07-26,44.810001373291016,45.54999923706055,44.72999954223633,45.43000030517578,9498300,36.32793045043945
2010-07-27,45.59000015258789,45.68000030517578,44.29999923706055,44.54999923706055,10163600,35.624237060546875
2010-07-28,44.599998474121094,44.97999954223633,44.20000076293945,44.58000183105469,6399900,35.64823913574219
2010-07-29,44.7599983215332,45,44,44.560001373291016,7116900,35.63224792480469
2010-07-30,43.7400016784668,44.88999938964844,43.7400016784668,44.63999938964844,7333600,35.696205139160156
2010-08-02,45.0099983215332,45.20000076293945,44.779998779296875,44.9900016784668,9555200,35.976097106933594
2010-08-03,44.84000015258789,45,44.40999984741211,44.599998474121094,7290400,35.66423416137695
2010-08-04,44.75,45.040000915527344,43.59000015258789,44.11000061035156,15944000,35.27241134643555
2010-08-05,43.77000045776367,44,42.88999938964844,43.220001220703125,12460900,34.560726165771484
2010-08-06,42.560001373291016,43.5,42.4900016784668,43.5,8052700,34.78462600708008
2010-08-09,43.810001373291016,44.04999923706055,43.369998931884766,43.75,5085000,34.98453140258789
2010-08-10,43.189998626708984,44.220001220703125,43.09000015258789,44.09000015258789,8527900,35.256412506103516
2010-08-11,43.310001373291016,43.38999938964844,42.849998474121094,42.959999084472656,10159600,34.352806091308594
2010-08-12,42.5099983215332,42.959999084472656,42.04999923706055,42.150001525878906,8676100,33.70509338378906
2010-08-13,42.099998474121094,42.31999969482422,41.720001220703125,41.72999954223633,6453400,33.36924362182617
2010-08-16,41.529998779296875,41.959999084472656,41.279998779296875,41.540000915527344,7156200,33.21730422973633
2010-08-17,41.880001068115234,42.0099983215332,41.470001220703125,41.7400016784668,8561600,33.37721633911133
2010-08-18,41.72999954223633,41.88999938964844,41.119998931884766,41.689998626708984,8703300,33.337249755859375
2010-08-19,41.45000076293945,41.529998779296875,40.900001525878906,40.959999084472656,9474700,32.753536224365234
2010-08-20,41,41.06999969482422,40.060001373291016,40.7599983215332,7878500,32.59358215332031
2010-08-23,40.95000076293945,40.95000076293945,40.16999816894531,40.20000076293945,5156000,32.145790100097656
2010-08-24,39.720001220703125,39.97999954223633,39.2400016784668,39.56999969482422,7564200,31.642000198364258
2010-08-25,39.38999938964844,39.939998626708984,39.13999938964844,39.79999923706055,6409300,31.825923919677734
2010-08-26,40.02000045776367,40.380001068115234,39.459999084472656,39.72999954223633,6936400,31.769948959350586
2010-08-27,40,40.93000030517578,39.560001373291016,40.90999984741211,7486500,32.71354293823242
2010-08-30,40.689998626708984,40.91999816894531,39.869998931884766,39.88999938964844,5103100,31.897886276245117
2010-08-31,39.72999954223633,40.38999938964844,39.470001220703125,39.869998931884766,8312900,31.881885528564453
2010-09-01,40.54999923706055,41.349998474121094,40.34000015258789,41.06999969482422,7717300,32.841461181640625
2010-09-02,41.27000045776367,41.279998779296875,40.060001373291016,40.880001068115234,11712500,32.68954086303711
2010-09-03,41.29999923706055,41.83000183105469,41.220001220703125,41.79999923706055,10887700,33.42521667480469
2010-09-07,41.47999954223633,41.529998779296875,40.040000915527344,40.09000015258789,9780700,32.057823181152344
2010-09-08,40.33000183105469,40.65999984741211,39.7599983215332,40.06999969482422,9172200,32.04182434082031
2010-09-09,40.75,41.060001373291016,40.06999969482422,40.689998626708984,7918400,32.537620544433594
2010-09-10,40.720001220703125,40.720001220703125,39.9900016784668,40.189998626708984,7389300,32.137779235839844
2010-09-13,40.75,41.40999984741211,40.650001525878906,41.220001220703125,8239600,32.96142578125
2010-09-14,40.959999084472656,41.13999938964844,40.15999984741211,40.380001068115234,9461300,32.28971862792969
2010-09-15,40.099998474121094,40.939998626708984,39.79999923706055,40.849998474121094,7993000,32.665565490722656
2010-09-16,40.790000915527344,41.119998931884766,40.58000183105469,40.959999084472656,7239800,32.753536224365234
2010-09-17,41.040000915527344,41.47999954223633,40.650001525878906,41.369998931884766,29144100,33.08137130737305
2010-09-20,41.560001373291016,43.290000915527344,41.560001373291016,43.119998931884766,11751400,34.48074722290039
2010-09-21,43.15999984741211,43.380001068115234,42.65999984741211,42.779998779296875,9322100,34.208885192871094
2010-09-22,42.5099983215332,43.130001068115234,42.150001525878906,42.790000915527344,11372900,34.21687698364258
2010-09-23,42.36000061035156,43,42.209999084472656,42.36000061035156,8687600,33.87302780151367
2010-09-24,42.90999984741211,43.22999954223633,42.68000030517578,43.130001068115234,10150200,34.4887580871582
2010-09-27,43.25,43.79999923706055,42.7400016784668,43.439998626708984,9272600,34.736629486083984
2010-09-28,43.5,43.869998931884766,42.959999084472656,43.689998626708984,6560500,34.93654251098633
2010-09-29,43.5,43.93000030517578,42.779998779296875,43.0099983215332,7914500,34.392791748046875
2010-09-30,43.349998474121094,43.5,41.97999954223633,42.029998779296875,12293300,33.609127044677734
2010-10-01,42.369998931884766,42.560001373291016,41.54999923706055,41.779998779296875,10672000,33.40921401977539
2010-10-04,41.59000015258789,41.790000915527344,38.68000030517578,39.04999923706055,38499800,31.226198196411133
2010-10-05,39.29999923706055,39.33000183105469,37.33000183105469,38.279998779296875,68417100,30.610458374023438
2010-10-06,38.459999084472656,38.68000030517578,37.91999816894531,38.02000045776367,21059200,30.54619026184082
2010-10-07,38.18000030517578,38.18000030517578,37.77000045776367,37.81999969482422,18598200,30.385509490966797
2010-10-08,37.880001068115234,38.16999816894531,37.59000015258789,37.9900016784668,13339900,30.5221004486084
2010-10-11,38.16999816894531,38.45000076293945,37.900001525878906,37.939998626708984,10914000,30.481914520263672
2010-10-12,37.939998626708984,38.7599983215332,37.900001525878906,38.540000915527344,19989300,30.963973999023438
2010-10-13,38.91999816894531,39.86000061035156,38.7400016784668,39.2599983215332,19502400,31.54242515563965
2010-10-14,39.119998931884766,39.61000061035156,39.0099983215332,39.439998626708984,14643600,31.68705940246582
2010-10-15,39.75,39.79999923706055,39.029998779296875,39.09000015258789,14884400,31.40585708618164
2010-10-18,39.0099983215332,39.58000183105469,38.75,39.54999923706055,9998000,31.775423049926758
2010-10-19,39.38999938964844,40.369998931884766,39.150001525878906,39.310001373291016,18099000,31.58260154724121
2010-10-20,39.5,39.939998626708984,39.36000061035156,39.72999954223633,9239800,31.920042037963867
2010-10-21,39.7599983215332,40.349998474121094,39.619998931884766,40.27000045776367,12490900,32.35390090942383
2010-10-22,40.400001525878906,40.4900016784668,38.959999084472656,39.029998779296875,17323300,31.357646942138672
2010-10-25,39.09000015258789,39.68000030517578,38.880001068115234,39.29999923706055,13588100,31.574575424194336
2010-10-26,39.13999938964844,40.25,39.13999938964844,40.099998474121094,12277500,32.217315673828125
2010-10-27,39.689998626708984,40.790000915527344,39.619998931884766,40.68000030517578,15618200,32.68329620361328
2010-10-28,40.90999984741211,41.59000015258789,40.86000061035156,41.220001220703125,14756000,33.117156982421875
2010-10-29,41.09000015258789,41.47999954223633,40.90999984741211,41.459999084472656,9598200,33.309967041015625
2010-11-01,41.4900016784668,41.970001220703125,41.349998474121094,41.560001373291016,8457400,33.39030075073242
2010-11-02,41.95000076293945,42.59000015258789,41.84000015258789,42.38999938964844,9220100,34.05714797973633
2010-11-03,42.38999938964844,42.54999923706055,41.459999084472656,42.06999969482422,11769800,33.80006408691406
2010-11-04,42.630001068115234,43.91999816894531,42.25,43.72999954223633,13169100,35.13374328613281
2010-11-05,43.61000061035156,44.27000045776367,43.61000061035156,44.06999969482422,13061800,35.406917572021484
2010-11-08,43.68000030517578,44,43.36000061035156,43.900001525878906,7666200,35.270328521728516
2010-11-09,43.97999954223633,44.04999923706055,43.189998626708984,43.36000061035156,9341600,34.83647918701172
2010-11-10,43.529998779296875,43.65999984741211,43.040000915527344,43.560001373291016,9757300,34.997161865234375
2010-11-11,43.33000183105469,43.540000915527344,43.0099983215332,43.349998474121094,5849600,34.82844924926758
2010-11-12,42.93000030517578,43.31999969482422,42.38999938964844,42.70000076293945,7077300,34.30621337890625
2010-11-15,42.95000076293945,43.369998931884766,42.63999938964844,42.70000076293945,6154700,34.30621337890625
2010-11-16,42.29999923706055,42.650001525878906,41.4900016784668,41.93000030517578,11415900,33.68758010864258
2010-11-17,41.900001525878906,42.09000015258789,41.40999984741211,41.40999984741211,9637400,33.26980209350586
2010-11-18,41.88999938964844,42.52000045776367,41.88999938964844,42.25,8071400,33.94468688964844
2010-11-19,42.15999984741211,42.79999923706055,41.970001220703125,42.75,7480900,34.34638595581055
2010-11-22,42.470001220703125,42.75,41.86000061035156,42.220001220703125,7627200,33.92057418823242
2010-11-23,41.66999816894531,42.189998626708984,41.599998474121094,41.95000076293945,10406800,33.703651428222656
2010-11-24,42.5099983215332,43.060001373291016,42.34000015258789,43,6727300,34.54723358154297
2010-11-26,42.5,42.630001068115234,42.27000045776367,42.27000045776367,3000000,33.96073532104492
2010-11-29,42.08000183105469,43.439998626708984,41.869998931884766,43.33000183105469,10380700,34.81237030029297
2010-11-30,42.75,43.400001525878906,42.619998931884766,43.220001220703125,9393300,34.723995208740234
2010-12-01,43.84000015258789,44.47999954223633,43.689998626708984,44.29999923706055,15223000,35.59169387817383
2010-12-02,44.40999984741211,45.06999969482422,44.25,44.97999954223633,10935900,36.138023376464844
2010-12-03,44.65999984741211,45,44.41999816894531,44.880001068115234,9132700,36.05768585205078
2010-12-06,44.65999984741211,45.060001373291016,44.54999923706055,45,6598900,36.15410232543945
2010-12-07,45.459999084472656,45.63999938964844,44.7400016784668,44.779998779296875,9696300,35.97734451293945
2010-12-08,44.900001525878906,45.650001525878906,44.79999923706055,45.630001068115234,8570200,36.66024398803711
2010-12-09,45.790000915527344,45.900001525878906,45.290000915527344,45.810001373291016,7024100,36.80486297607422
2010-12-10,45.7599983215332,46.349998474121094,45.75,46.2599983215332,8216100,37.1663932800293
2010-12-13,46.470001220703125,46.779998779296875,46.13999938964844,46.369998931884766,8300100,37.25476837158203
2010-12-14,46.290000915527344,46.77000045776367,46.08000183105469,46.20000076293945,5773000,37.11820602416992
2010-12-15,46.09000015258789,46.779998779296875,45.79999923706055,46.119998931884766,7353200,37.053924560546875
2010-12-16,46.08000183105469,46.40999984741211,44.540000915527344,44.56999969482422,15388500,35.808616638183594
2010-12-17,44.4900016784668,44.84000015258789,43.86000061035156,44.0099983215332,17301100,35.35869216918945
2010-12-20,43.58000183105469,44.86000061035156,41.25,42.5,31617900,34.145530700683594
2010-12-21,42.970001220703125,43.400001525878906,42.79999923706055,43.22999954223633,10308500,34.73202896118164
2010-12-22,43.27000045776367,43.38999938964844,42.619998931884766,42.810001373291016,7719100,34.39459228515625
2010-12-23,43.029998779296875,43.349998474121094,42.56999969482422,42.77000045776367,4830600,34.36243438720703
2010-12-27,42.720001220703125,43.25,42.61000061035156,43.04999923706055,4485000,34.58740997314453
2010-12-28,43,43.11000061035156,42.54999923706055,42.790000915527344,4017400,34.37853240966797
2010-12-29,42.79999923706055,42.97999954223633,42.619998931884766,42.86000061035156,3253700,34.43476486206055
2010-12-30,42.7599983215332,42.83000183105469,42.439998626708984,42.5099983215332,4374400,34.153568267822266
2010-12-31,42.5099983215332,42.970001220703125,42.400001525878906,42.91999816894531,3464000,34.48296356201172
2011-01-03,43.29999923706055,43.619998931884766,43.11000061035156,43.400001525878906,7633300,34.86860275268555
2011-01-04,44.40999984741211,44.40999984741211,43.20000076293945,43.95000076293945,14066300,35.310489654541016
2011-01-05,44.09000015258789,45.15999984741211,43.90999984741211,45.040000915527344,10655300,36.33504867553711
2011-01-06,45.380001068115234,45.599998474121094,44.45000076293945,44.72999954223633,6347100,36.08495330810547
2011-01-07,44.93000030517578,44.959999084472656,44,44.36000061035156,6387800,35.78647232055664
2011-01-10,44.20000076293945,44.63999938964844,44.0099983215332,44.459999084472656,5468000,35.86713790893555
2011-01-11,44.97999954223633,45.439998626708984,44.79999923706055,45.040000915527344,5924200,36.33504867553711
2011-01-12,45.439998626708984,45.790000915527344,44.83000183105469,45,8155000,36.30279541015625
2011-01-13,44.810001373291016,45.36000061035156,44.75,45.060001373291016,6362700,36.35117721557617
2011-01-14,44.93000030517578,46.560001373291016,44.900001525878906,46.25,10660800,37.311180114746094
2011-01-18,46.029998779296875,46.709999084472656,45.79999923706055,46.369998931884766,8069500,37.407989501953125
2011-01-19,45.20000076293945,45.70000076293945,44.79999923706055,45.2400016784668,14420900,36.496376037597656
2011-01-20,44.7400016784668,45.650001525878906,44.709999084472656,45.27000045776367,7581200,36.52057647705078
2011-01-21,45.7599983215332,46.20000076293945,45.5099983215332,46,8736100,37.1094856262207
2011-01-24,46.04999923706055,46.279998779296875,45.45000076293945,45.790000915527344,9244200,36.940093994140625
2011-01-25,44.869998931884766,45.25,44.189998626708984,44.79999923706055,16089200,36.14142990112305
2011-01-26,44.90999984741211,44.939998626708984,44.45000076293945,44.459999084472656,8081800,35.86713790893555
2011-01-27,44.4900016784668,44.779998779296875,44.02000045776367,44.540000915527344,8068400,35.931678771972656
2011-01-28,44.54999923706055,44.599998474121094,43.41999816894531,43.86000061035156,9940200,35.38310241699219
2011-01-31,44.130001068115234,44.22999954223633,43.279998779296875,43.380001068115234,9931600,34.99588394165039
2011-02-01,43.540000915527344,43.880001068115234,43.22999954223633,43.599998474121094,11408800,35.17334747314453
2011-02-02,43.38999938964844,44.04999923706055,43.33000183105469,43.720001220703125,6849000,35.2701530456543
2011-02-03,43.650001525878906,43.7400016784668,43.150001525878906,43.529998779296875,5189000,35.11688995361328
2011-02-04,43.529998779296875,43.900001525878906,43.18000030517578,43.81999969482422,6105600,35.350833892822266
2011-02-07,43.959999084472656,45.099998474121094,43.880001068115234,44.81999969482422,9379400,36.157562255859375
2011-02-08,44.65999984741211,45.970001220703125,44.619998931884766,45.880001068115234,9824500,37.0126838684082
2011-02-09,45.599998474121094,46.04999923706055,45.20000076293945,45.720001220703125,8703600,36.883609771728516
2011-02-10,45.65999984741211,46.58000183105469,45.349998474121094,46.56999969482422,9216500,37.5693473815918
2011-02-11,46.27000045776367,46.790000915527344,46.2400016784668,46.75,6606800,37.71455764770508
2011-02-14,46.41999816894531,46.93000030517578,46.2599983215332,46.52000045776367,5271300,37.52899169921875
2011-02-15,46.5,46.849998474121094,45.900001525878906,46.189998626708984,5536200,37.26277542114258
2011-02-16,46.41999816894531,46.91999816894531,46.27000045776367,46.86000061035156,7012900,37.80329132080078
2011-02-17,46.54999923706055,46.68000030517578,45.68000030517578,45.779998779296875,10739300,36.93202209472656
2011-02-18,45.599998474121094,45.66999816894531,45.150001525878906,45.529998779296875,12469400,36.73033905029297
2011-02-22,44.939998626708984,45.119998931884766,44.06999969482422,44.290000915527344,9228600,35.72999954223633
2011-02-23,44.20000076293945,44.52000045776367,43.0099983215332,43.439998626708984,9903200,35.04426574707031
2011-02-24,43.279998779296875,43.95000076293945,43.029998779296875,43.560001373291016,10576300,35.14107131958008
2011-02-25,43.59000015258789,43.77000045776367,43.08000183105469,43.529998779296875,9931000,35.11688995361328
2011-02-28,43.72999954223633,43.95000076293945,43.29999923706055,43.56999969482422,9023700,35.14915084838867
2011-03-01,43.70000076293945,43.939998626708984,43.11000061035156,43.150001525878906,8848900,34.81032943725586
2011-03-02,43.060001373291016,43.41999816894531,42.75,43.02000045776367,7159400,34.705448150634766
2011-03-03,43.43000030517578,44.439998626708984,43.43000030517578,44.29999923706055,7576300,35.738067626953125
2011-03-04,44.36000061035156,44.68000030517578,43.209999084472656,43.720001220703125,6368800,35.2701530456543
2011-03-07,43.86000061035156,44.58000183105469,43.529998779296875,43.709999084472656,7628900,35.2620735168457
2011-03-08,43.959999084472656,45.540000915527344,43.90999984741211,45.2400016784668,10814000,36.496376037597656
2011-03-09,45.20000076293945,45.369998931884766,44.630001068115234,45.04999923706055,5807500,36.343116760253906
2011-03-10,44.599998474121094,44.68000030517578,43.77000045776367,44.02000045776367,6888200,35.512176513671875
2011-03-11,43.779998779296875,44.310001373291016,43.68000030517578,44.279998779296875,6420000,35.72193145751953
2011-03-14,43.86000061035156,44.209999084472656,43.220001220703125,43.90999984741211,6206600,35.42341995239258
2011-03-15,42.95000076293945,43.959999084472656,42.58000183105469,43.63999938964844,7581000,35.20561981201172
2011-03-16,43.369998931884766,43.709999084472656,42.189998626708984,42.36000061035156,10406000,34.17300796508789
2011-03-17,43.02000045776367,43.459999084472656,42.86000061035156,43.41999816894531,7698800,35.028141021728516
2011-03-18,44.06999969482422,44.470001220703125,43.689998626708984,44.16999816894531,9834900,35.633201599121094
2011-03-21,44.75,44.86000061035156,44.099998474121094,44.31999969482422,5322100,35.75419998168945
2011-03-22,44.36000061035156,45,44.13999938964844,44.75,6739600,36.1010856628418
2011-03-23,44.619998931884766,45.11000061035156,44.459999084472656,45.02000045776367,6120200,36.31890869140625
2011-03-24,45.25,45.61000061035156,44.720001220703125,45.59000015258789,6425000,36.77873992919922
2011-03-25,45.560001373291016,45.61000061035156,45.130001068115234,45.59000015258789,6156800,36.77873992919922
2011-03-28,45.540000915527344,46.099998474121094,45.5099983215332,45.720001220703125,5352700,36.883609771728516
2011-03-29,45.689998626708984,45.9900016784668,45.34000015258789,45.650001525878906,5005800,36.82714080810547
2011-03-30,46.060001373291016,46.290000915527344,45.720001220703125,45.90999984741211,5542200,37.03689193725586
2011-03-31,45.83000183105469,46.0099983215332,45.11000061035156,45.20000076293945,5997300,36.464111328125
2011-04-01,45.70000076293945,45.77000045776367,45.20000076293945,45.36000061035156,5877600,36.59318542480469
2011-04-04,45.61000061035156,45.630001068115234,45.150001525878906,45.41999816894531,4362700,36.64158630371094
2011-04-05,45.2400016784668,45.61000061035156,45.099998474121094,45.41999816894531,4883700,36.64158630371094
2011-04-06,45.59000015258789,46.40999984741211,45.52000045776367,46.279998779296875,8119100,37.48393630981445
2011-04-07,46.20000076293945,46.369998931884766,45.709999084472656,46.15999984741211,7490500,37.38673782348633
2011-04-08,46.2400016784668,46.4900016784668,45.939998626708984,46.279998779296875,5335100,37.48393630981445
2011-04-11,46.36000061035156,46.95000076293945,46.2400016784668,46.380001068115234,5779400,37.56493377685547
2011-04-12,46.220001220703125,46.43000030517578,45.81999969482422,46.02000045776367,5950300,37.273353576660156
2011-04-13,46.31999969482422,46.59000015258789,45.81999969482422,46.099998474121094,5534600,37.33814239501953
2011-04-14,45.91999816894531,46.11000061035156,45.599998474121094,45.880001068115234,4964600,37.15995788574219
2011-04-15,46.099998474121094,46.4900016784668,45.86000061035156,46.25,6837700,37.459625244140625
2011-04-18,45.849998474121094,46.189998626708984,45.27000045776367,46.060001373291016,7026000,37.305755615234375
2011-04-19,46.099998474121094,46.83000183105469,45.810001373291016,46.63999938964844,7585000,37.7755126953125
2011-04-20,46.88999938964844,47.47999954223633,46.7599983215332,47,8308100,38.067081451416016
2011-04-21,46.470001220703125,47.310001373291016,45.619998931884766,47.11000061035156,11841400,38.15618133544922
2011-04-25,47.189998626708984,47.5,47.02000045776367,47.04999923706055,5015100,38.10757827758789
2011-04-26,47.099998474121094,47.2400016784668,46.77000045776367,47.099998474121094,5500000,38.1480712890625
2011-04-27,47.150001525878906,47.720001220703125,46.93000030517578,47.619998931884766,4900700,38.569252014160156
2011-04-28,47.54999923706055,48.56999969482422,47.25,48.52000045776367,8521700,39.29818344116211
2011-04-29,48.33000183105469,49.150001525878906,48.310001373291016,49.08000183105469,8551400,39.75177001953125
2011-05-02,49.369998931884766,49.810001373291016,49.349998474121094,49.650001525878906,8949500,40.21342086791992
2011-05-03,49.65999984741211,50.09000015258789,49.599998474121094,49.900001525878906,8800500,40.4159049987793
2011-05-04,49.95000076293945,50,49.400001525878906,49.70000076293945,8252200,40.25392532348633
2011-05-05,49.529998779296875,49.959999084472656,49.2400016784668,49.52000045776367,9298000,40.10813522338867
2011-05-06,49.900001525878906,50.470001220703125,49.81999969482422,50.20000076293945,8663300,40.65888977050781
2011-05-09,50.060001373291016,50.41999816894531,49.93000030517578,50.189998626708984,6289300,40.65077590942383
2011-05-10,50.41999816894531,50.459999084472656,49.939998626708984,50.16999816894531,6517900,40.63459777832031
2011-05-11,50.13999938964844,50.20000076293945,49.7400016784668,49.83000183105469,6508900,40.35920333862305
2011-05-12,49.790000915527344,49.79999923706055,49.220001220703125,49.540000915527344,7900000,40.124332427978516
2011-05-13,49.77000045776367,49.9900016784668,49.29999923706055,49.4900016784668,8195300,40.083831787109375
2011-05-16,49.41999816894531,50.61000061035156,49.16999816894531,50.06999969482422,7249400,40.5536003112793
2011-05-17,49.939998626708984,50.79999923706055,49.75,50.7599983215332,7688800,41.112464904785156
2011-05-18,50.790000915527344,51.099998474121094,50.54999923706055,51.060001373291016,7235600,41.35542297363281
2011-05-19,51.189998626708984,51.93000030517578,51.099998474121094,51.81999969482422,6946400,41.97100067138672
2011-05-20,51.75,51.970001220703125,51.04999923706055,51.189998626708984,7397800,41.46072769165039
2011-05-23,50.7400016784668,51.2599983215332,50.439998626708984,51.119998931884766,6473500,41.404022216796875
2011-05-24,51.150001525878906,51.380001068115234,50.47999954223633,50.560001373291016,8052600,40.950469970703125
2011-05-25,50.439998626708984,50.689998626708984,49.790000915527344,50.40999984741211,5734400,40.8289794921875
2011-05-26,50.150001525878906,50.90999984741211,50.130001068115234,50.68000030517578,6090200,41.04766082763672
2011-05-27,50.83000183105469,51.22999954223633,50.70000076293945,51.130001068115234,3169500,41.412132263183594
2011-05-31,51.38999938964844,51.70000076293945,51.06999969482422,51.599998474121094,4978400,41.792789459228516
2011-06-01,51.310001373291016,51.33000183105469,49.869998931884766,49.90999984741211,8085100,40.42399978637695
2011-06-02,49.9900016784668,50.459999084472656,49.47999954223633,50.09000015258789,6676700,40.569801330566406
2011-06-03,49.45000076293945,49.84000015258789,49.040000915527344,49.279998779296875,5472300,39.913761138916016
2011-06-06,49.130001068115234,49.33000183105469,48.43000030517578,48.779998779296875,6652100,39.5087890625
2011-06-07,49.04999923706055,49.380001068115234,48.68000030517578,48.88999938964844,5502700,39.597877502441406
2011-06-08,48.83000183105469,49.29999923706055,47.93000030517578,48.099998474121094,7859800,38.958030700683594
2011-06-09,48.02000045776367,49.0099983215332,47.90999984741211,48.33000183105469,6992500,39.144309997558594
2011-06-10,48.20000076293945,48.290000915527344,47.33000183105469,47.7400016784668,6807700,38.666446685791016
2011-06-13,47.959999084472656,48.310001373291016,47.619998931884766,48.2400016784668,5723900,39.0714225769043
2011-06-14,48.540000915527344,49.13999938964844,48.040000915527344,48.150001525878906,6280200,38.99852752685547
2011-06-15,47.939998626708984,47.939998626708984,46.959999084472656,47.279998779296875,8333200,38.29386901855469
2011-06-16,47.25,48.529998779296875,46.91999816894531,48.40999984741211,9019300,39.209110260009766
2011-06-17,48.68000030517578,48.7599983215332,48.08000183105469,48.5,8339200,39.28199768066406
2011-06-20,48.349998474121094,49.349998474121094,48.150001525878906,48.880001068115234,4944700,39.58975601196289
2011-06-21,49.02000045776367,49.689998626708984,48.709999084472656,49.54999923706055,5373400,40.13242721557617
2011-06-22,49.54999923706055,50.150001525878906,49.11000061035156,49.849998474121094,7043900,40.37540817260742
2011-06-23,49.349998474121094,49.470001220703125,48.5,49.209999084472656,7319700,39.85706329345703
2011-06-24,49.29999923706055,49.36000061035156,48.29999923706055,48.34000015258789,10193300,39.15239334106445
2011-06-27,48.4900016784668,49.779998779296875,48.369998931884766,49.540000915527344,5625900,40.124332427978516
2011-06-28,49.66999816894531,49.9900016784668,49.40999984741211,49.81999969482422,5472200,40.351097106933594
2011-06-29,49.84000015258789,51.040000915527344,49.29999923706055,50.91999816894531,9854600,41.39159393310547
2011-06-30,50.970001220703125,51.81999969482422,50.16999816894531,51.70000076293945,7579000,42.0256233215332
2011-07-01,51.689998626708984,52.5,51.56999969482422,52.34000015258789,6348500,42.545875549316406
2011-07-05,52.27000045776367,52.630001068115234,52.22999954223633,52.33000183105469,5406900,42.53773498535156
2011-07-06,52.209999084472656,52.86000061035156,51.81999969482422,52.7599983215332,5926100,42.88727951049805
2011-07-07,52.779998779296875,53.79999923706055,52.7400016784668,53.59000015258789,5951700,43.561973571777344
2011-07-08,52.95000076293945,53.099998474121094,52.560001373291016,53.06999969482422,5228100,43.13927459716797
2011-07-11,52.5,52.86000061035156,52.11000061035156,52.27000045776367,5342400,42.48897933959961
2011-07-12,52.91999816894531,53.36000061035156,52.380001068115234,52.400001525878906,6905700,42.59465026855469
2011-07-13,52.56999969482422,53.099998474121094,51.880001068115234,51.95000076293945,6654800,42.22886276245117
2011-07-14,52.2400016784668,52.43000030517578,51.29999923706055,51.380001068115234,6636900,41.7655143737793
2011-07-15,51.599998474121094,52.08000183105469,51.02000045776367,51.810001373291016,6399900,42.11505889892578
2011-07-18,51.5,51.66999816894531,50.540000915527344,51.33000183105469,5099300,41.72488021850586
2011-07-19,51.7400016784668,52.619998931884766,51.189998626708984,51.810001373291016,8132900,42.11505889892578
2011-07-20,52.16999816894531,52.70000076293945,51.61000061035156,52.09000015258789,7104500,42.34267044067383
2011-07-21,52.22999954223633,53.279998779296875,51.91999816894531,52.58000183105469,10794600,42.740966796875
2011-07-22,52.9900016784668,53.029998779296875,52.040000915527344,52.2400016784668,6064800,42.464595794677734
2011-07-25,51.65999984741211,52.29999923706055,51.43000030517578,51.810001373291016,3730400,42.11505889892578
2011-07-26,51.709999084472656,51.88999938964844,51.150001525878906,51.56999969482422,3911500,41.919960021972656
2011-07-27,51.2400016784668,51.2599983215332,50.40999984741211,50.47999954223633,5804400,41.0339241027832
2011-07-28,50.599998474121094,51.279998779296875,50.439998626708984,50.54999923706055,4037600,41.0908317565918
2011-07-29,50.130001068115234,50.369998931884766,49.540000915527344,50.040000915527344,6893900,40.67625427246094
2011-08-01,50.4900016784668,50.61000061035156,49.279998779296875,50.02000045776367,4934600,40.66000747680664
2011-08-02,49.38999938964844,49.970001220703125,48.5,48.52000045776367,7069900,39.44068145751953
2011-08-03,48.4900016784668,48.939998626708984,47.529998779296875,48.86000061035156,6956200,39.717079162597656
2011-08-04,48.04999923706055,48.40999984741211,46.75,46.84000015258789,13242700,38.075069427490234
2011-08-05,47.41999816894531,48.279998779296875,46.459999084472656,47.209999084472656,18172400,38.375816345214844
2011-08-08,45.849998474121094,46.77000045776367,42.779998779296875,43.040000915527344,21466400,34.98613357543945
2011-08-09,43.58000183105469,46.130001068115234,42.029998779296875,46.099998474121094,21212600,37.47352981567383
2011-08-10,44.70000076293945,45.040000915527344,42.72999954223633,42.79999923706055,16766100,34.79106140136719
2011-08-11,43.220001220703125,45.779998779296875,43,45.06999969482422,13960700,36.63627624511719
2011-08-12,45.91999816894531,46.7400016784668,44.619998931884766,44.88999938964844,9956900,36.489952087402344
2011-08-15,45.15999984741211,45.97999954223633,45.02000045776367,45.81999969482422,7285400,37.24591827392578
2011-08-16,45.189998626708984,45.86000061035156,44.529998779296875,44.88999938964844,8114700,36.489952087402344
2011-08-17,45.27000045776367,45.900001525878906,45.11000061035156,45.86000061035156,7766100,37.278446197509766
2011-08-18,44.29999923706055,44.439998626708984,43.650001525878906,44.279998779296875,14953200,35.994102478027344
2011-08-19,43.86000061035156,45.150001525878906,43.779998779296875,44.470001220703125,12829400,36.1485481262207
2011-08-22,45.20000076293945,45.459999084472656,44.400001525878906,44.599998474121094,7936200,36.25421905517578
2011-08-23,44.70000076293945,46.43000030517578,44.15999984741211,46.41999816894531,9316100,37.73365783691406
2011-08-24,46.41999816894531,48.2400016784668,46.22999954223633,48.08000183105469,8589000,39.083038330078125
2011-08-25,48.7400016784668,49.279998779296875,47.20000076293945,48.09000015258789,10955300,39.091148376464844
2011-08-26,47.93000030517578,48.790000915527344,47.040000915527344,48.47999954223633,7169500,39.408172607421875
2011-08-29,49.209999084472656,49.349998474121094,48.31999969482422,48.54999923706055,9207700,39.465065002441406
2011-08-30,48.369998931884766,49.060001373291016,47.630001068115234,48.65999984741211,7456200,39.554500579833984
2011-08-31,49,49.97999954223633,48.81999969482422,49.709999084472656,7974800,40.408016204833984
2011-09-01,49.63999938964844,49.9900016784668,49.310001373291016,49.5,10278400,40.23731231689453
2011-09-02,48.66999816894531,49.22999954223633,48.11000061035156,48.5099983215332,8755600,39.432552337646484
2011-09-06,47.25,48.16999816894531,47.130001068115234,48.060001373291016,8360900,39.0667610168457
2011-09-07,48.72999954223633,49.97999954223633,48.689998626708984,49.97999954223633,7805700,40.62749099731445
2011-09-08,49.220001220703125,50.529998779296875,49.099998474121094,49.529998779296875,7798200,40.26169967651367
2011-09-09,49.08000183105469,49.2400016784668,47.13999938964844,47.279998779296875,11081200,38.4327278137207
2011-09-12,46.34000015258789,47.630001068115234,46.130001068115234,47.459999084472656,9713400,38.57904815673828
2011-09-13,47.560001373291016,48.09000015258789,46.9900016784668,47.900001525878906,6061300,38.93671798706055
2011-09-14,48.15999984741211,49.61000061035156,47.2400016784668,48.9900016784668,7407100,39.82276153564453
2011-09-15,49.619998931884766,49.75,48.61000061035156,49.36000061035156,7059000,40.12350845336914
2011-09-16,49.630001068115234,50.18000030517578,49.45000076293945,50.119998931884766,9312300,40.74129104614258
2011-09-19,49.2599983215332,49.439998626708984,48.220001220703125,48.68000030517578,8114600,39.57075500488281
2011-09-20,48.97999954223633,49.97999954223633,48.7599983215332,49.27000045776367,6045100,40.050350189208984
2011-09-21,49.38999938964844,50.349998474121094,48.18000030517578,48.22999954223633,8661200,39.204952239990234
2011-09-22,47.25,48.119998931884766,45.84000015258789,46.630001068115234,12460600,37.904354095458984
2011-09-23,46.189998626708984,46.619998931884766,45.58000183105469,46.45000076293945,9061500,37.7580451965332
2011-09-26,46.849998474121094,47.619998931884766,45.86000061035156,47.560001373291016,8518700,38.66033935546875
2011-09-27,48.650001525878906,48.65999984741211,46.75,47.08000183105469,9141400,38.270145416259766
2011-09-28,47.45000076293945,48.029998779296875,46.45000076293945,46.470001220703125,8672700,37.77428436279297
2011-09-29,47.59000015258789,47.79999923706055,45.43000030517578,46.720001220703125,8372300,37.97751998901367
2011-09-30,46.08000183105469,46.150001525878906,44.869998931884766,44.900001525878906,7858200,36.49809265136719
2011-10-03,44.52000045776367,45.47999954223633,43.470001220703125,43.47999954223633,9185500,35.34378433227539
2011-10-04,42.5099983215332,43.560001373291016,41.29999923706055,43.43000030517578,17890900,35.303157806396484
2011-10-05,43.45000076293945,43.619998931884766,42.59000015258789,43.40999984741211,12080700,35.433773040771484
2011-10-06,43.29999923706055,44.52000045776367,42.65999984741211,44.43000030517578,10198000,36.266353607177734
2011-10-07,44.66999816894531,44.88999938964844,43.27000045776367,43.43000030517578,11193200,35.4500846862793
2011-10-10,44.45000076293945,45.4900016784668,44.45000076293945,45.45000076293945,7589300,37.09891891479492
2011-10-11,45.27000045776367,46.11000061035156,44.77000045776367,45.7599983215332,6348600,37.35195541381836
2011-10-12,46.11000061035156,47.650001525878906,45.9900016784668,47.029998779296875,10596200,38.38861846923828
2011-10-13,46.400001525878906,46.709999084472656,45.90999984741211,46.33000183105469,7283900,37.81723403930664
2011-10-14,47.18000030517578,47.220001220703125,44.97999954223633,46.099998474121094,9612300,37.629493713378906
2011-10-17,45.869998931884766,46.150001525878906,45.02000045776367,45.119998931884766,7611400,36.82957077026367
2011-10-18,45.209999084472656,47.040000915527344,45,46.68000030517578,9095700,38.10292434692383
2011-10-19,46.709999084472656,46.9900016784668,46.0099983215332,46.130001068115234,9097500,37.65397262573242
2011-10-20,45.5,46.290000915527344,44.689998626708984,46.189998626708984,12221800,37.70295333862305
2011-10-21,46.86000061035156,48.470001220703125,46.86000061035156,48.459999084472656,14151400,39.555850982666016
2011-10-24,48.31999969482422,50.2400016784668,48.31999969482422,49.91999816894531,11165700,40.74760055541992
2011-10-25,49.5099983215332,50.29999923706055,49.2400016784668,49.41999816894531,12728700,40.33946228027344
2011-10-26,50,50.84000015258789,49.41999816894531,50.45000076293945,10908300,41.18023681640625
2011-10-27,51.56999969482422,52.349998474121094,51.060001373291016,52.060001373291016,12093600,42.4943962097168
2011-10-28,51.47999954223633,52.209999084472656,51.40999984741211,52.099998474121094,7379700,42.52705001831055
2011-10-31,51.31999969482422,52.040000915527344,50.59000015258789,50.619998931884766,8020300,41.3189811706543
2011-11-01,49.58000183105469,50.130001068115234,48.90999984741211,48.9900016784668,9820100,39.98848342895508
2011-11-02,49.869998931884766,50.86000061035156,49.7400016784668,50.31999969482422,7349200,41.0740852355957
2011-11-03,50.779998779296875,51.81999969482422,50.04999923706055,51.68000030517578,7777000,42.184200286865234
2011-11-04,51.27000045776367,51.41999816894531,50.5099983215332,51.18000030517578,5287800,41.776084899902344
2011-11-07,50.869998931884766,51.33000183105469,50.279998779296875,51.25,4458000,41.83322525024414
2011-11-08,51.560001373291016,51.599998474121094,50.70000076293945,51.34000015258789,6586400,41.90669250488281
2011-11-09,50.38999938964844,50.63999938964844,49.04999923706055,49.209999084472656,8037800,40.168067932128906
2011-11-10,49.849998474121094,49.939998626708984,48.72999954223633,49.09000015258789,6265800,40.07011413574219
2011-11-11,49.970001220703125,50.58000183105469,49.720001220703125,50.369998931884766,5314300,41.11491012573242
2011-11-14,49.790000915527344,50.11000061035156,49.040000915527344,49.45000076293945,4319800,40.36395263671875
2011-11-15,49.22999954223633,50.38999938964844,49.02000045776367,49.95000076293945,5465800,40.772098541259766
2011-11-16,49.290000915527344,49.52000045776367,48.0099983215332,48.119998931884766,7570000,39.278343200683594
2011-11-17,48.029998779296875,48.209999084472656,46.36000061035156,46.70000076293945,9222800,38.1192512512207
2011-11-18,46.95000076293945,47.099998474121094,46.380001068115234,46.880001068115234,5316200,38.26616668701172
2011-11-21,46.150001525878906,46.38999938964844,45.5,46.060001373291016,8207400,37.596839904785156
2011-11-22,46.0099983215332,46.310001373291016,45.529998779296875,46,5975000,37.54787063598633
2011-11-23,45.5,45.689998626708984,44.95000076293945,45.099998474121094,7220000,36.8132209777832
2011-11-25,44.86000061035156,45.400001525878906,44.70000076293945,45,2748000,36.73161315917969
2011-11-28,46.06999969482422,46.560001373291016,45.54999923706055,46.0099983215332,9046300,37.5560417175293
2011-11-29,46.150001525878906,46.2599983215332,45.4900016784668,45.54999923706055,6688600,37.18054962158203
2011-11-30,47.11000061035156,48.06999969482422,46.79999923706055,48.040000915527344,12252500,39.21302795410156
2011-12-01,47.70000076293945,48.09000015258789,47.380001068115234,47.790000915527344,6534000,39.008975982666016
2011-12-02,48.34000015258789,49.02000045776367,48.13999938964844,48.22999954223633,7006700,39.36811828613281
2011-12-05,49.15999984741211,49.310001373291016,48.36000061035156,48.779998779296875,6106600,39.81706237792969
2011-12-06,48.880001068115234,48.97999954223633,48.41999816894531,48.560001373291016,5531600,39.63749313354492
2011-12-07,48.16999816894531,49.38999938964844,47.66999816894531,49.15999984741211,6523000,40.12724304199219
2011-12-08,48.83000183105469,49.0099983215332,47.630001068115234,47.810001373291016,6940400,39.025299072265625
2011-12-09,48.540000915527344,49.040000915527344,48.13999938964844,48.79999923706055,7020100,39.83338928222656
2011-12-12,48.189998626708984,48.2599983215332,47.40999984741211,47.88999938964844,5167900,39.09060287475586
2011-12-13,48.56999969482422,48.63999938964844,46.939998626708984,47.38999938964844,7377000,38.6824836730957
2011-12-14,46.84000015258789,47.4900016784668,46.810001373291016,47.08000183105469,6965700,38.42942428588867
2011-12-15,47.619998931884766,47.720001220703125,46.34000015258789,46.41999816894531,7172700,37.890689849853516
2011-12-16,46.84000015258789,47.369998931884766,46.63999938964844,46.880001068115234,11976000,38.26616668701172
2011-12-19,46.869998931884766,47.08000183105469,45.88999938964844,46.040000915527344,5271000,37.580509185791016
2011-12-20,46.689998626708984,48.099998474121094,46.630001068115234,47.91999816894531,7589100,39.11506652832031
2011-12-21,48.119998931884766,48.4900016784668,47.22999954223633,47.4900016784668,6236400,38.76411437988281
2011-12-22,47.7400016784668,48,47.290000915527344,47.630001068115234,5872000,38.87836456298828
2011-12-23,47.72999954223633,47.959999084472656,47.36000061035156,47.95000076293945,3125600,39.13957214355469
2011-12-27,47.959999084472656,48.16999816894531,47.599998474121094,47.65999984741211,2660800,38.90287399291992
2011-12-28,47.72999954223633,47.79999923706055,46.84000015258789,46.970001220703125,3829800,38.33963394165039
2011-12-29,47.16999816894531,47.56999969482422,46.9900016784668,47.52000045776367,2898500,38.78857421875
2011-12-30,47.650001525878906,47.689998626708984,47.15999984741211,47.16999816894531,3333000,38.50287628173828
2012-01-03,48.29999923706055,48.959999084472656,48.13999938964844,48.38999938964844,6955400,39.49871826171875
2012-01-04,48.02000045776367,48.380001068115234,47.400001525878906,48.2400016784668,4847600,39.523319244384766
2012-01-05,47.84000015258789,49.25,47.70000076293945,48.79999923706055,6095100,39.982120513916016
2012-01-06,48.869998931884766,48.970001220703125,48.04999923706055,48.27000045776367,4894300,39.54789733886719
2012-01-09,48.31999969482422,48.70000076293945,48.119998931884766,48.38999938964844,5273000,39.64619445800781
2012-01-10,48.959999084472656,49.119998931884766,48.279998779296875,48.66999816894531,6838600,39.87560272216797
2012-01-11,48.45000076293945,49.08000183105469,48.20000076293945,48.95000076293945,4497700,40.10502624511719
2012-01-12,49.189998626708984,49.689998626708984,48.95000076293945,49.650001525878906,5693400,40.678531646728516
2012-01-13,49.130001068115234,49.79999923706055,48.81999969482422,49.7599983215332,5741700,40.76866149902344
2012-01-17,49.59000015258789,50.45000076293945,49.59000015258789,50.220001220703125,6533900,41.145538330078125
2012-01-18,50.130001068115234,50.970001220703125,49.95000076293945,50.560001373291016,7301300,41.42409133911133
2012-01-19,50.709999084472656,51,50.459999084472656,50.95000076293945,6423200,41.74361801147461
2012-01-20,49.130001068115234,50.08000183105469,48.84000015258789,50.040000915527344,12745800,40.99806213378906
2012-01-23,50.02000045776367,50.63999938964844,49.2400016784668,49.439998626708984,7326800,40.506473541259766
2012-01-24,49.099998474121094,49.599998474121094,48.900001525878906,49.22999954223633,5475800,40.334407806396484
2012-01-25,49.400001525878906,50.5,49.25,50.16999816894531,6667400,41.10456848144531
2012-01-26,50.369998931884766,50.68000030517578,49.720001220703125,49.97999954223633,6221000,40.94889450073242
2012-01-27,49.66999816894531,50.279998779296875,49.66999816894531,49.849998474121094,5398100,40.842384338378906
2012-01-30,49.43000030517578,49.459999084472656,48.900001525878906,49.119998931884766,5490100,40.24429702758789
2012-01-31,49.5,50.189998626708984,49.16999816894531,50.13999938964844,6896300,41.07997512817383
2012-02-01,50.369998931884766,50.939998626708984,50.27000045776367,50.619998931884766,6105800,41.47325897216797
2012-02-02,50.720001220703125,51.43000030517578,50.599998474121094,51.15999984741211,6457200,41.91569519042969
2012-02-03,51.849998474121094,52.45000076293945,51.779998779296875,52.25,8171900,42.8087272644043
2012-02-06,51.880001068115234,52.119998931884766,51.36000061035156,51.810001373291016,5664300,42.44822692871094
2012-02-07,51.529998779296875,52.61000061035156,51.529998779296875,52.130001068115234,5944800,42.71040725708008
2012-02-08,51.84000015258789,52.09000015258789,51.41999816894531,51.63999938964844,6073300,42.308937072753906
2012-02-09,51.849998474121094,52.599998474121094,51.83000183105469,52.310001373291016,7259300,42.857872009277344
2012-02-10,51.81999969482422,52.20000076293945,51.529998779296875,51.810001373291016,4077400,42.44822692871094
2012-02-13,52.2400016784668,52.29999923706055,51.849998474121094,52.06999969482422,3631800,42.661251068115234
2012-02-14,52.02000045776367,52.16999816894531,51.5,51.959999084472656,4794700,42.57112121582031
2012-02-15,52.41999816894531,52.41999816894531,51.380001068115234,51.52000045776367,5480500,42.21063995361328
2012-02-16,51.540000915527344,53.029998779296875,51.5,52.869998931884766,8042800,43.31669235229492
2012-02-17,53.310001373291016,53.310001373291016,52.68000030517578,52.86000061035156,5158000,43.30850601196289
2012-02-21,52.720001220703125,52.9900016784668,52.529998779296875,52.849998474121094,5082700,43.300315856933594
2012-02-22,52.77000045776367,53.09000015258789,52.709999084472656,52.790000915527344,4829500,43.25115203857422
2012-02-23,52.790000915527344,53.029998779296875,52.459999084472656,52.66999816894531,4345900,43.152828216552734
2012-02-24,52.93000030517578,53.41999816894531,52.790000915527344,53.33000183105469,4985300,43.693572998046875
2012-02-27,52.93000030517578,54.45000076293945,52.619998931884766,54.18000030517578,6781500,44.389984130859375
2012-02-28,53.56999969482422,53.970001220703125,53.06999969482422,53.7599983215332,7067600,44.04586410522461
2012-02-29,53.459999084472656,53.84000015258789,52.56999969482422,52.88999938964844,10159700,43.33308410644531
2012-03-01,53.029998779296875,53.880001068115234,52.93000030517578,53.56999969482422,5398900,43.890201568603516
2012-03-02,53.560001373291016,53.58000183105469,52.83000183105469,52.9900016784668,4751300,43.415016174316406
2012-03-05,52.650001525878906,53.0099983215332,52.310001373291016,52.970001220703125,6074700,43.39862060546875
2012-03-06,52.41999816894531,52.540000915527344,51.540000915527344,51.7400016784668,6109800,42.390865325927734
2012-03-07,51.84000015258789,52.40999984741211,51.7599983215332,52.27000045776367,5116100,42.82512664794922
2012-03-08,52.7400016784668,53.09000015258789,52.4900016784668,52.95000076293945,4341000,43.38223648071289
2012-03-09,53.029998779296875,53.470001220703125,52.810001373291016,53.20000076293945,4329800,43.587074279785156
2012-03-12,53.20000076293945,53.2400016784668,52.5099983215332,52.77000045776367,3983200,43.23475646972656
2012-03-13,53.16999816894531,54.25,52.75,54.25,6954000,44.44732666015625
2012-03-14,54.65999984741211,56.279998779296875,54.459999084472656,56.150001525878906,12001900,46.0040168762207
2012-03-15,56.060001373291016,56.7599983215332,55.65999984741211,56.720001220703125,7985300,46.47101593017578
2012-03-16,57.310001373291016,57.380001068115234,56.43000030517578,56.54999923706055,11287500,46.33173751831055
2012-03-19,56.599998474121094,57.5,56.40999984741211,57.27000045776367,5605000,46.92163848876953
2012-03-20,56.720001220703125,57.2400016784668,56.529998779296875,56.90999984741211,5450400,46.62668991088867
2012-03-21,57.08000183105469,57.5,56.90999984741211,57.04999923706055,6034100,46.74138259887695
2012-03-22,56.779998779296875,57.54999923706055,56.45000076293945,57.290000915527344,6047600,46.93803024291992
2012-03-23,57.279998779296875,57.529998779296875,56.869998931884766,57.25,4420500,46.905235290527344
2012-03-26,57.75,58.75,57.599998474121094,58.65999984741211,6341600,48.06047439575195
2012-03-27,59,59.18000030517578,58.209999084472656,58.220001220703125,5683000,47.69998550415039
2012-03-28,58.380001068115234,59.2599983215332,58.380001068115234,59.060001373291016,7925900,48.38820266723633
2012-03-29,58.279998779296875,58.439998626708984,57.2400016784668,57.88999938964844,7397600,47.42961120605469
2012-03-30,58.18000030517578,58.310001373291016,57.540000915527344,57.86000061035156,5779700,47.405029296875
2012-04-02,57.900001525878906,58.33000183105469,57.470001220703125,58.0099983215332,6674200,47.52791976928711
2012-04-03,57.88999938964844,58.5,57.75,58.38999938964844,5782800,48.00476837158203
2012-04-04,57.97999954223633,58.09000015258789,57.209999084472656,57.369998931884766,5107700,47.166175842285156
2012-04-05,57.22999954223633,58.20000076293945,57.209999084472656,58.099998474121094,4411800,47.766326904296875
2012-04-09,57.220001220703125,57.369998931884766,56.81999969482422,57.15999984741211,4259500,46.9935188293457
2012-04-10,57.099998474121094,57.59000015258789,56.13999938964844,56.18000030517578,6739600,46.187828063964844
2012-04-11,56.79999923706055,57.15999984741211,56.650001525878906,56.95000076293945,6449700,46.82088851928711
2012-04-12,57.040000915527344,58.06999969482422,56.72999954223633,58.040000915527344,4881200,47.717018127441406
2012-04-13,58.0099983215332,58.09000015258789,57.18000030517578,57.279998779296875,5574900,47.09218215942383
2012-04-16,57.72999954223633,58.060001373291016,57.060001373291016,57.83000183105469,6443700,47.54436492919922
2012-04-17,57.959999084472656,58.38999938964844,57.650001525878906,58.18000030517578,5197600,47.832122802734375
2012-04-18,58.15999984741211,58.70000076293945,57.95000076293945,58.040000915527344,5669900,47.717018127441406
2012-04-19,57.720001220703125,58.310001373291016,57.099998474121094,57.56999969482422,7207800,47.330596923828125
2012-04-20,57.52000045776367,57.810001373291016,57.18000030517578,57.45000076293945,7844600,47.23194885253906
2012-04-23,56.959999084472656,57.38999938964844,56.5,57.31999969482422,6168200,47.125064849853516
2012-04-24,57.2400016784668,57.7599983215332,57.09000015258789,57.630001068115234,5401100,47.37993621826172
2012-04-25,57.939998626708984,59,57.83000183105469,58.90999984741211,8184700,48.43227767944336
2012-04-26,58.849998474121094,59.720001220703125,58.75,59.59000015258789,6168400,48.991336822509766
2012-04-27,59.849998474121094,60.959999084472656,59.83000183105469,60.16999816894531,13975100,49.46816635131836
2012-04-30,60.04999923706055,60.310001373291016,59.75,60.209999084472656,7902500,49.50105285644531
2012-05-01,59.95000076293945,61.16999816894531,59.66999816894531,60.970001220703125,10332800,50.125885009765625
2012-05-02,60.5,61.41999816894531,60.33000183105469,61.04999923706055,8132000,50.19165802001953
2012-05-03,61.130001068115234,61.33000183105469,60.380001068115234,60.86000061035156,6919500,50.035438537597656
2012-05-04,60.68000030517578,60.709999084472656,60.040000915527344,60.099998474121094,6152100,49.41061019897461
2012-05-07,60.060001373291016,60.650001525878906,59.90999984741211,60.099998474121094,4409300,49.41061019897461
2012-05-08,59.86000061035156,60.20000076293945,59.15999984741211,59.88999938964844,6122200,49.23796463012695
2012-05-09,59.16999816894531,59.9900016784668,58.93000030517578,59.459999084472656,7830700,48.88446807861328
2012-05-10,59.869998931884766,59.95000076293945,59.27000045776367,59.41999816894531,4137300,48.851558685302734
2012-05-11,59.16999816894531,60.06999969482422,59,59.63999938964844,4185600,49.032432556152344
2012-05-14,59.02000045776367,59.439998626708984,58.380001068115234,58.41999816894531,5653900,48.02943420410156
2012-05-15,58.41999816894531,58.869998931884766,57.779998779296875,57.939998626708984,5089500,47.63481140136719
2012-05-16,58.34000015258789,58.790000915527344,57.349998474121094,57.38999938964844,5261800,47.1826286315918
2012-05-17,57.369998931884766,57.43000030517578,55.619998931884766,55.650001525878906,8427200,45.7520866394043
2012-05-18,55.7400016784668,55.84000015258789,55.04999923706055,55.400001525878906,8783700,45.54656982421875
2012-05-21,55.81999969482422,56.52000045776367,55.560001373291016,56.33000183105469,4568600,46.3111686706543
2012-05-22,56.47999954223633,57.2400016784668,56.040000915527344,56.349998474121094,5858600,46.32759475708008
2012-05-23,55.81999969482422,56.099998474121094,54.79999923706055,55.970001220703125,6549800,46.015193939208984
2012-05-24,55.9900016784668,56.36000061035156,55.689998626708984,56.34000015258789,4486100,46.31938171386719
2012-05-25,56.279998779296875,56.36000061035156,55.619998931884766,55.810001373291016,3264300,45.88363265991211
2012-05-29,56.25,56.779998779296875,55.939998626708984,56.560001373291016,4128600,46.500244140625
2012-05-30,55.84000015258789,55.9900016784668,55.279998779296875,55.459999084472656,5272000,45.59587860107422
2012-05-31,55.58000183105469,56.15999984741211,55.02000045776367,55.83000183105469,5433700,45.90007019042969
2012-06-01,54.619998931884766,55.31999969482422,53.18000030517578,53.43000030517578,8749200,43.92694854736328
2012-06-04,53.470001220703125,54.11000061035156,53.20000076293945,53.5099983215332,6101900,43.99271011352539
2012-06-05,53.459999084472656,54.099998474121094,53.2400016784668,53.97999954223633,6156300,44.379112243652344
2012-06-06,54.61000061035156,55.380001068115234,54.22999954223633,55.380001068115234,5329500,45.530113220214844
2012-06-07,56.060001373291016,56.369998931884766,55.11000061035156,55.2400016784668,5340500,45.41503143310547
2012-06-08,55.130001068115234,55.86000061035156,54.84000015258789,55.86000061035156,4001200,45.92475891113281
2012-06-11,56.459999084472656,56.61000061035156,55.04999923706055,55.099998474121094,5173500,45.29991149902344
2012-06-12,55.15999984741211,56.540000915527344,55,56.47999954223633,7007400,46.43449020385742
2012-06-13,56.150001525878906,56.5,54.869998931884766,55.099998474121094,6096300,45.29991149902344
2012-06-14,55.11000061035156,55.27000045776367,54.470001220703125,55.04999923706055,6999900,45.25879669189453
2012-06-15,55.47999954223633,56.33000183105469,55.11000061035156,56.279998779296875,8145300,46.270050048828125
2012-06-18,56.09000015258789,56.29999923706055,55.54999923706055,55.849998474121094,4635400,45.916526794433594
2012-06-19,56.189998626708984,57.15999984741211,56.06999969482422,56.939998626708984,4817000,46.812652587890625
2012-06-20,57.119998931884766,57.869998931884766,56.90999984741211,57.439998626708984,5206200,47.223716735839844
2012-06-21,57.59000015258789,57.869998931884766,56.220001220703125,56.31999969482422,4811300,46.30293655395508
2012-06-22,56.810001373291016,57.099998474121094,56.40999984741211,56.790000915527344,6264700,46.6893424987793
2012-06-25,56.290000915527344,56.52000045776367,55.779998779296875,56.04999923706055,4025700,46.08094024658203
2012-06-26,56.0099983215332,56.34000015258789,55.599998474121094,56.11000061035156,4095300,46.13029861450195
2012-06-27,56.34000015258789,56.959999084472656,56.279998779296875,56.880001068115234,3281700,46.763336181640625
2012-06-28,56.400001525878906,56.77000045776367,55.68000030517578,56.689998626708984,4012000,46.60710906982422
2012-06-29,57.650001525878906,58.209999084472656,57.630001068115234,58.209999084472656,5334800,47.856781005859375
2012-07-02,58.5099983215332,59.11000061035156,58.36000061035156,59.04999923706055,4257600,48.54738998413086
2012-07-03,58.720001220703125,59.459999084472656,58.54999923706055,59.40999984741211,2280200,49.00933837890625
2012-07-05,59.13999938964844,59.72999954223633,58.720001220703125,59.25,3788900,48.87733840942383
2012-07-06,58.540000915527344,59.06999969482422,58.380001068115234,58.630001068115234,3061200,48.36587905883789
2012-07-09,58.4900016784668,58.61000061035156,58.0099983215332,58.40999984741211,3642500,48.18439865112305
2012-07-10,59.040000915527344,59.689998626708984,58.130001068115234,58.38999938964844,5339900,48.16790771484375
2012-07-11,58.290000915527344,58.290000915527344,57.459999084472656,58.08000183105469,5591800,47.91217041015625
2012-07-12,57.470001220703125,57.5,56.560001373291016,56.93000030517578,6215400,46.96349334716797
2012-07-13,57.02000045776367,57.970001220703125,56.959999084472656,57.93000030517578,5009100,47.78842544555664
2012-07-16,58.060001373291016,58.95000076293945,57.70000076293945,58.63999938964844,6608800,48.374141693115234
2012-07-17,59.220001220703125,59.220001220703125,57.66999816894531,58.68000030517578,4346200,48.40714645385742
2012-07-18,58.290000915527344,58.970001220703125,58.119998931884766,58.290000915527344,5317600,48.08539962768555
2012-07-19,57.65999984741211,57.65999984741211,55.310001373291016,56.22999954223633,13371100,46.38605880737305
2012-07-20,55.91999816894531,56.5,55.619998931884766,55.810001373291016,5108400,46.03956604003906
2012-07-23,54.72999954223633,55.959999084472656,54.349998474121094,55.72999954223633,5926900,45.973575592041016
2012-07-24,55.709999084472656,55.91999816894531,55.04999923706055,55.630001068115234,6563200,45.89107894897461
2012-07-25,55.81999969482422,56.279998779296875,55.29999923706055,56.04999923706055,5222600,46.23756408691406
2012-07-26,56.869998931884766,57.869998931884766,56.61000061035156,57.7599983215332,7455000,47.648189544677734
2012-07-27,58.060001373291016,58.779998779296875,57.439998626708984,58.529998779296875,5309200,48.283390045166016
2012-07-30,58.529998779296875,59.06999969482422,58.20000076293945,58.290000915527344,5616700,48.08539962768555
2012-07-31,58.189998626708984,58.34000015258789,57.220001220703125,57.709999084472656,5307500,47.60694885253906
2012-08-01,57.52000045776367,57.86000061035156,56.75,56.79999923706055,4668200,46.856266021728516
2012-08-02,56.380001068115234,56.709999084472656,55.88999938964844,56.4900016784668,4880100,46.60053634643555
2012-08-03,57.20000076293945,57.790000915527344,57,57.61000061035156,4633800,47.52445602416992
2012-08-06,57.810001373291016,57.97999954223633,57.08000183105469,57.099998474121094,4254100,47.103736877441406
2012-08-07,57.380001068115234,58.13999938964844,57.369998931884766,57.63999938964844,4096000,47.54920959472656
2012-08-08,57.529998779296875,58.380001068115234,57.36000061035156,57.90999984741211,4531900,47.77192306518555
2012-08-09,57.54999923706055,57.66999816894531,56.290000915527344,56.470001220703125,6595900,46.58403396606445
2012-08-10,56.220001220703125,56.29999923706055,55.400001525878906,55.849998474121094,6776900,46.07257080078125
2012-08-13,55.77000045776367,56.2400016784668,55.369998931884766,56.130001068115234,3783700,46.30356216430664
2012-08-14,56.369998931884766,56.779998779296875,55.95000076293945,56.08000183105469,2871000,46.262298583984375
2012-08-15,56.06999969482422,56.900001525878906,55.95000076293945,56.65999984741211,3258500,46.74078369140625
2012-08-16,56.7400016784668,57.540000915527344,56.65999984741211,57.369998931884766,5131000,47.32647705078125
2012-08-17,57.5099983215332,57.66999816894531,57.08000183105469,57.59000015258789,3750000,47.50796127319336
2012-08-20,57.369998931884766,57.369998931884766,56.630001068115234,56.900001525878906,5034000,46.93876647949219
2012-08-21,57,57.150001525878906,56.459999084472656,56.599998474121094,5365100,46.69126892089844
2012-08-22,56.540000915527344,57.06999969482422,56.380001068115234,56.81999969482422,4378200,46.872745513916016
2012-08-23,56.599998474121094,56.79999923706055,56.36000061035156,56.41999816894531,3693100,46.542781829833984
2012-08-24,56.41999816894531,57.599998474121094,56.29999923706055,57.4900016784668,4224900,47.425479888916016
2012-08-27,57.599998474121094,57.86000061035156,57.20000076293945,57.41999816894531,3731900,47.36772918701172
2012-08-28,57.18000030517578,57.810001373291016,56.959999084472656,57.560001373291016,2576000,47.48322296142578
2012-08-29,57.59000015258789,57.7599983215332,57.18000030517578,57.41999816894531,3162900,47.36772918701172
2012-08-30,57.209999084472656,57.459999084472656,56.619998931884766,57.16999816894531,3382900,47.16148376464844
2012-08-31,57.54999923706055,58.439998626708984,57.04999923706055,58.29999923706055,4736000,48.09367370605469
2012-09-04,58.310001373291016,58.86000061035156,57.959999084472656,58.61000061035156,4470100,48.34939193725586
2012-09-05,58.40999984741211,58.59000015258789,57.0099983215332,57.189998626708984,6867300,47.177982330322266
2012-09-06,57.52000045776367,58,57.22999954223633,57.40999984741211,7405400,47.35946273803711
2012-09-07,57.36000061035156,57.849998474121094,57.06999969482422,57.72999954223633,3894400,47.62345886230469
2012-09-10,57.88999938964844,58.029998779296875,57.470001220703125,57.52000045776367,3546000,47.45021438598633
2012-09-11,57.290000915527344,57.47999954223633,56.79999923706055,57.22999954223633,4816100,47.21097946166992
2012-09-12,57.18000030517578,57.77000045776367,57.02000045776367,57.27000045776367,4390800,47.243988037109375
2012-09-13,57.38999938964844,59.290000915527344,57.25,59.04999923706055,7827700,48.71236801147461
2012-09-14,59.2400016784668,59.29999923706055,58.849998474121094,59.27000045776367,6604500,48.89384841918945
2012-09-17,59.25,59.369998931884766,59.02000045776367,59.18000030517578,4176900,48.81961441040039
2012-09-18,58.93000030517578,58.9900016784668,58.56999969482422,58.66999816894531,5015900,48.398887634277344
2012-09-19,58.630001068115234,59.040000915527344,58.52000045776367,58.66999816894531,3433800,48.398887634277344
2012-09-20,58.400001525878906,58.83000183105469,58.040000915527344,58.34000015258789,5912500,48.12666320800781
2012-09-21,58.45000076293945,58.58000183105469,57.86000061035156,57.86000061035156,6982700,47.73068618774414
2012-09-24,57.560001373291016,57.84000015258789,57.40999984741211,57.66999816894531,5400400,47.573944091796875
2012-09-25,57.79999923706055,58.27000045776367,57.099998474121094,57.130001068115234,4880400,47.128482818603516
2012-09-26,57.13999938964844,57.22999954223633,56.060001373291016,56.13999938964844,5198300,46.31179428100586
2012-09-27,56.65999984741211,56.81999969482422,56.04999923706055,56.56999969482422,6122500,46.666526794433594
2012-09-28,56.459999084472656,57.209999084472656,56.150001525878906,56.86000061035156,5443400,46.905757904052734
2012-10-01,57.18000030517578,58.38999938964844,57.18000030517578,57.72999954223633,4868500,47.62345886230469
2012-10-02,57.9900016784668,58.22999954223633,56.959999084472656,57.18000030517578,4481800,47.169734954833984
2012-10-03,57.15999984741211,57.560001373291016,56.849998474121094,57.400001525878906,4539900,47.51741409301758
2012-10-04,57.79999923706055,58.66999816894531,57.630001068115234,58.369998931884766,3811300,48.320430755615234
2012-10-05,58.65999984741211,58.72999954223633,58.18000030517578,58.560001373291016,4761600,48.47769546508789
2012-10-08,58.4900016784668,58.88999938964844,58.34000015258789,58.81999969482422,3231400,48.69295120239258
2012-10-09,58.880001068115234,59,58.11000061035156,58.2400016784668,4294700,48.21280288696289
2012-10-10,58.40999984741211,58.689998626708984,57.7599983215332,57.970001220703125,3936100,47.98928451538086
2012-10-11,58.29999923706055,58.599998474121094,58.150001525878906,58.470001220703125,3889700,48.40321350097656
2012-10-12,58.34000015258789,58.5,57.459999084472656,57.88999938964844,4401400,47.923057556152344
2012-10-15,57.779998779296875,57.97999954223633,57.31999969482422,57.59000015258789,5762200,47.674713134765625
2012-10-16,57.88999938964844,58.720001220703125,57.88999938964844,58.630001068115234,4523800,48.53565979003906
2012-10-17,58.90999984741211,59.400001525878906,58.65999984741211,59.369998931884766,5457500,49.14823913574219
2012-10-18,58.83000183105469,58.970001220703125,57.380001068115234,57.61000061035156,9677100,47.69126510620117
2012-10-19,57.650001525878906,57.70000076293945,56.5099983215332,56.86000061035156,8126600,47.07040786743164
2012-10-22,56.7599983215332,57.099998474121094,56.220001220703125,56.7400016784668,5003200,46.971046447753906
2012-10-23,56.189998626708984,56.27000045776367,55.36000061035156,55.380001068115234,8745800,45.84519958496094
2012-10-24,55.61000061035156,55.95000076293945,55.08000183105469,55.22999954223633,5726800,45.721046447753906
2012-10-25,55.54999923706055,55.66999816894531,54.95000076293945,55.439998626708984,3648400,45.89488220214844
2012-10-26,55.47999954223633,56.09000015258789,55.33000183105469,55.75,5576000,46.15149688720703
2012-10-31,55.959999084472656,56.060001373291016,55.369998931884766,55.970001220703125,5706700,46.333621978759766
2012-11-01,56.150001525878906,57.119998931884766,55.9900016784668,56.849998474121094,6967100,47.06211853027344
2012-11-02,57.38999938964844,57.43000030517578,56.619998931884766,56.709999084472656,6106600,46.94621276855469
2012-11-05,56.209999084472656,56.4900016784668,55.849998474121094,56.36000061035156,3748300,46.656490325927734
2012-11-06,56.540000915527344,57.47999954223633,56.470001220703125,57.189998626708984,5092900,47.34357452392578
2012-11-07,56.630001068115234,56.630001068115234,55.27000045776367,55.56999969482422,7765500,46.00251007080078
2012-11-08,55.599998474121094,56.290000915527344,55.5,55.560001373291016,4532000,45.99420928955078
2012-11-09,55.599998474121094,56.369998931884766,55.52000045776367,55.83000183105469,4701100,46.217735290527344
2012-11-12,56,56.099998474121094,55.33000183105469,55.52000045776367,3291800,45.961097717285156
2012-11-13,55.060001373291016,55.52000045776367,54.709999084472656,54.7400016784668,4567600,45.31541061401367
2012-11-14,54.7599983215332,55,53.470001220703125,53.650001525878906,5839400,44.413055419921875
2012-11-15,53.59000015258789,53.95000076293945,53.02000045776367,53.63999938964844,4753100,44.40477752685547
2012-11-16,53.59000015258789,54.56999969482422,53.58000183105469,54.29999923706055,6563200,44.95115280151367
2012-11-19,54.810001373291016,55.27000045776367,54.68000030517578,55.22999954223633,7380300,45.721046447753906
2012-11-20,55.09000015258789,55.880001068115234,54.91999816894531,55.86000061035156,4039400,46.242576599121094
2012-11-21,55.970001220703125,56.16999816894531,55.79999923706055,55.97999954223633,3461400,46.34189224243164
2012-11-23,56.189998626708984,56.54999923706055,56.09000015258789,56.5099983215332,1487600,46.78065490722656
2012-11-26,56.25,56.34000015258789,55.470001220703125,55.689998626708984,5183600,46.10184097290039
2012-11-27,55.459999084472656,55.720001220703125,54.349998474121094,54.439998626708984,9897200,45.06705093383789
2012-11-28,54.15999984741211,55.599998474121094,54.15999984741211,55.5099983215332,7216000,45.95281982421875
2012-11-29,55.75,56.2599983215332,55.52000045776367,55.91999816894531,4587700,46.292236328125
2012-11-30,55.86000061035156,56.09000015258789,55.709999084472656,55.900001525878906,5716100,46.275672912597656
2012-12-03,56.09000015258789,56.529998779296875,55.93000030517578,55.9900016784668,4954600,46.35018539428711
2012-12-04,55.900001525878906,56.189998626708984,55.470001220703125,55.84000015258789,3912300,46.22600555419922
2012-12-05,55.88999938964844,56.65999984741211,55.75,56.400001525878906,5667500,46.68960952758789
2012-12-06,56.29999923706055,56.33000183105469,55.880001068115234,56.119998931884766,3854400,46.457794189453125
2012-12-07,56.25,56.63999938964844,56.20000076293945,56.61000061035156,3689200,46.863441467285156
2012-12-10,56.66999816894531,56.95000076293945,56.41999816894531,56.75,3784000,46.979331970214844
2012-12-11,57,57.59000015258789,56.91999816894531,57.060001373291016,4342800,47.23596954345703
2012-12-12,57.349998474121094,58.349998474121094,57.18000030517578,57.66999816894531,5941700,47.740928649902344
2012-12-13,57.65999984741211,58,57.5,57.720001220703125,4725900,47.782325744628906
2012-12-14,57.5099983215332,57.650001525878906,56.5099983215332,56.650001525878906,5063200,46.896549224853516
2012-12-17,56.900001525878906,57.349998474121094,56.790000915527344,57.27000045776367,5799100,47.40980529785156
2012-12-18,57.75,58.220001220703125,57.61000061035156,57.81999969482422,7184000,47.865116119384766
2012-12-19,57.41999816894531,57.689998626708984,56.7400016784668,56.790000915527344,6768200,47.012451171875
2012-12-20,56.88999938964844,57.40999984741211,56.81999969482422,57.400001525878906,5641700,47.51741409301758
2012-12-21,57.189998626708984,57.810001373291016,56.36000061035156,57.650001525878906,11464700,47.72438049316406
2012-12-24,57.54999923706055,57.939998626708984,57.439998626708984,57.529998779296875,2192800,47.62503433227539
2012-12-26,57.619998931884766,57.709999084472656,57.060001373291016,57.130001068115234,3389200,47.29389953613281
2012-12-27,57.15999984741211,57.25,55.880001068115234,56.689998626708984,5292300,46.92966079711914
2012-12-28,56.439998626708984,57.040000915527344,56.369998931884766,56.66999816894531,4094000,46.91309356689453
2012-12-31,56.470001220703125,57.4900016784668,56.2400016784668,57.47999954223633,5604600,47.583656311035156
2013-01-02,58.33000183105469,58.95000076293945,58.310001373291016,58.75,6091400,48.804805755615234
2013-01-03,58.79999923706055,59.2599983215332,58.630001068115234,59,5017000,49.01249694824219
2013-01-04,59.08000183105469,59.65999984741211,58.459999084472656,59.61000061035156,4017200,49.519222259521484
2013-01-07,59.279998779296875,59.9900016784668,59.279998779296875,59.86000061035156,3859400,49.726905822753906
2013-01-08,59.68000030517578,60.31999969482422,59.529998779296875,60.20000076293945,4960900,50.00934600830078
2013-01-09,60.41999816894531,60.900001525878906,60.150001525878906,60.2599983215332,5885600,50.059200286865234
2013-01-10,60.439998626708984,60.790000915527344,60.09000015258789,60.790000915527344,6545300,50.499481201171875
2013-01-11,60.5,61.970001220703125,60.310001373291016,61.2400016784668,10492500,50.873294830322266
2013-01-14,60.779998779296875,61.38999938964844,60.709999084472656,61.209999084472656,5176600,50.8483772277832
2013-01-15,60.150001525878906,60.84000015258789,60.029998779296875,60.7599983215332,6399000,50.474552154541016
2013-01-16,60.81999969482422,60.849998474121094,60.47999954223633,60.619998931884766,4020900,50.358253479003906
2013-01-17,61.099998474121094,61.20000076293945,60.58000183105469,60.7400016784668,4684200,50.45794677734375
2013-01-18,59.869998931884766,60.279998779296875,58.900001525878906,59.779998779296875,9935600,49.66044616699219
2013-01-22,59.619998931884766,59.900001525878906,59.0099983215332,59.400001525878906,7228400,49.34477996826172
2013-01-23,59.220001220703125,59.290000915527344,58.79999923706055,58.93000030517578,6265300,48.954341888427734
2013-01-24,59.13999938964844,59.5099983215332,59.0099983215332,59.29999923706055,5430800,49.26171112060547
2013-01-25,59.56999969482422,59.70000076293945,59.189998626708984,59.5,4124000,49.42783737182617
2013-01-28,59.36000061035156,59.54999923706055,58.70000076293945,59.06999969482422,5216200,49.07064437866211
2013-01-29,59.08000183105469,59.56999969482422,58.95000076293945,59.45000076293945,5533100,49.386314392089844
2013-01-30,59.2400016784668,59.66999816894531,59.15999984741211,59.33000183105469,5894100,49.28662109375
2013-01-31,59.369998931884766,59.81999969482422,58.810001373291016,58.810001373291016,5940900,48.85464859008789
2013-02-01,59.33000183105469,60.119998931884766,59.29999923706055,59.90999984741211,6036400,49.76844787597656
2013-02-04,59.459999084472656,59.7400016784668,59.209999084472656,59.40999984741211,4618600,49.35307693481445
2013-02-05,59.779998779296875,60.900001525878906,59.68000030517578,60.65999984741211,6394000,50.391475677490234
2013-02-06,59.93000030517578,60.810001373291016,59.93000030517578,60.560001373291016,6304600,50.30841064453125
2013-02-07,60.560001373291016,62.34000015258789,60.54999923706055,62.13999938964844,11977900,51.62095642089844
2013-02-08,62.060001373291016,62.33000183105469,61.47999954223633,61.79999923706055,6734900,51.33852005004883
2013-02-11,61.70000076293945,62.04999923706055,61.36000061035156,61.97999954223633,3436100,51.48802947998047
2013-02-12,62.09000015258789,62.560001373291016,61.95000076293945,62.20000076293945,4255200,51.67079544067383
2013-02-13,62.45000076293945,62.7599983215332,61.88999938964844,62.099998474121094,3409000,51.587730407714844
2013-02-14,62.08000183105469,62.650001525878906,61.83000183105469,62.34000015258789,4432600,51.78710174560547
2013-02-15,62.56999969482422,62.68000030517578,61.43000030517578,61.689998626708984,5354400,51.24712371826172
2013-02-19,61.66999816894531,62.400001525878906,61.66999816894531,62.279998779296875,3598900,51.73723602294922
2013-02-20,62.060001373291016,62.470001220703125,61.869998931884766,61.90999984741211,5532700,51.42988204956055
2013-02-21,61.869998931884766,62,61.13999938964844,61.540000915527344,5287500,51.122501373291016
2013-02-22,61.86000061035156,62.58000183105469,61.790000915527344,62.56999969482422,5197100,51.97815704345703
2013-02-25,62.77000045776367,63,61.9900016784668,62.02000045776367,8624700,51.521263122558594
2013-02-26,62.060001373291016,62.18000030517578,61.54999923706055,61.91999816894531,5938100,51.438201904296875
2013-02-27,61.72999954223633,62.599998474121094,61.630001068115234,62.5,4755400,51.920005798339844
2013-02-28,62.43000030517578,62.650001525878906,61.880001068115234,62.150001525878906,5366500,51.62926483154297
2013-03-01,61.84000015258789,62.4900016784668,61.5099983215332,62.369998931884766,5265100,51.812015533447266
2013-03-04,62.220001220703125,63,62.040000915527344,62.88999938964844,4687900,52.24398422241211
2013-03-05,63.2599983215332,64.41999816894531,63.060001373291016,64.12000274658203,7315900,53.26578140258789
2013-03-06,64.41000366210938,64.94000244140625,64.3499984741211,64.6500015258789,5780900,53.7060661315918
2013-03-07,64.7300033569336,64.87999725341797,64.13999938964844,64.55999755859375,4446500,53.63129425048828
2013-03-08,64.66000366210938,64.76000213623047,63.66999816894531,64.69999694824219,5810000,53.747596740722656
2013-03-11,64.7300033569336,65.62000274658203,64.70999908447266,65.5,5307700,54.41215896606445
2013-03-12,65.62999725341797,65.79000091552734,65.05999755859375,65.29000091552734,5303700,54.23769760131836
2013-03-13,65.23999786376953,65.5999984741211,65.12000274658203,65.30000305175781,4203900,54.24602508544922
2013-03-14,65.41999816894531,65.75,65.29000091552734,65.37999725341797,3760100,54.31248092651367
2013-03-15,65.63999938964844,66.43000030517578,65.33999633789062,66.08999633789062,10265700,54.902286529541016
2013-03-18,65.05999755859375,66.12999725341797,64.76000213623047,65.77999877929688,4880300,54.64474868774414
2013-03-19,65.98999786376953,66.13999938964844,64.80000305175781,65.12999725341797,4587400,54.10479736328125
2013-03-20,65.44999694824219,66.13999938964844,65.44999694824219,66,4137800,54.827537536621094
2013-03-21,65.83000183105469,65.98999786376953,65.25,65.41000366210938,3600100,54.337406158447266
2013-03-22,65.58999633789062,66.3499984741211,65.54000091552734,66.22000122070312,3860600,55.010284423828125
2013-03-25,66.58999633789062,66.7699966430664,65.81999969482422,66.0999984741211,6599300,54.91061019897461
2013-03-26,66.4000015258789,67.23999786376953,66.37000274658203,67.16999816894531,4295600,55.799461364746094
2013-03-27,66.5999984741211,67.26000213623047,66.5999984741211,67.1500015258789,2905000,55.78286361694336
2013-03-28,67.30999755859375,67.4800033569336,67,67.45999908447266,4354300,56.040382385253906
2013-04-01,67.41999816894531,67.75,67.01000213623047,67.26000213623047,3012600,55.87423324584961
2013-04-02,67.37999725341797,67.76000213623047,67.0999984741211,67.63999938964844,3921600,56.189910888671875
2013-04-03,67.66000366210938,67.69000244140625,66.04000091552734,66.25,5102000,55.19843292236328
2013-04-04,66.41999816894531,66.95999908447266,66.30000305175781,66.7300033569336,3633900,55.59835433959961
2013-04-05,65.7699966430664,65.80000305175781,64.7699966430664,65.30000305175781,6898300,54.40690612792969
2013-04-08,65.55999755859375,65.77999877929688,65.12999725341797,65.5999984741211,4662200,54.656837463378906
2013-04-09,65.63999938964844,65.68000030517578,65.1500015258789,65.22000122070312,4882200,54.340240478515625
2013-04-10,65.44999694824219,65.58000183105469,65.36000061035156,65.4000015258789,7882100,54.49021530151367
2013-04-11,65.47000122070312,65.93000030517578,65.19999694824219,65.73999786376953,6357700,54.77349090576172
2013-04-12,65.45999908447266,65.8499984741211,65.18000030517578,65.68000030517578,3967600,54.72350311279297
2013-04-15,65.52999877929688,65.5999984741211,64.08999633789062,64.0999984741211,7008600,53.40707015991211
2013-04-16,64.5,65.05000305175781,64.2699966430664,64.58999633789062,6198900,53.815330505371094
2013-04-17,64.12000274658203,64.30999755859375,63.43000030517578,64.12999725341797,6925000,53.43206787109375
2013-04-18,64.04000091552734,65.88999938964844,63.63999938964844,65.04000091552734,10457800,54.19027328491211
2013-04-19,65.33000183105469,67.25,65.33000183105469,67.23999786376953,8461600,56.02327346801758
2013-04-22,67.12000274658203,67.25,66.25,66.66000366210938,5791500,55.54003143310547
2013-04-23,66.80999755859375,67.54000091552734,66.63999938964844,67.44999694824219,4779900,56.198246002197266
2013-04-24,67.41000366210938,67.62000274658203,67.04000091552734,67.41999816894531,4077700,56.17323303222656
2013-04-25,67.75,69.05000305175781,67.63999938964844,68.12999725341797,5834100,56.76481628417969
2013-04-26,68.12000274658203,68.4000015258789,67.56999969482422,67.75,4355300,56.44818878173828
2013-04-29,68.01000213623047,68.19999694824219,67.61000061035156,67.62999725341797,2931000,56.348201751708984
2013-04-30,67.87999725341797,68.4800033569336,67.5999984741211,68.41000366210938,4685400,56.99809265136719
2013-05-01,68.25,68.8499984741211,68.16000366210938,68.27999877929688,3767300,56.889774322509766
2013-05-02,68.43000030517578,69.47000122070312,68.37000274658203,69.37999725341797,3575900,57.80628204345703
2013-05-03,69.91999816894531,71.08999633789062,69.9000015258789,70.2300033569336,6986600,58.514495849609375
2013-05-06,70.22000122070312,70.58000183105469,69.94999694824219,70.05999755859375,4685300,58.372825622558594
2013-05-07,70.06999969482422,70.45999908447266,69.95999908447266,70.23999786376953,4374900,58.5228385925293
2013-05-08,69.91999816894531,70.41999816894531,69.56999969482422,70.30999755859375,3587500,58.58115768432617
2013-05-09,70.25,70.51000213623047,69.70999908447266,70.20999908447266,3754900,58.49784469604492
2013-05-10,70.16000366210938,70.25,69.6500015258789,70.08000183105469,3543100,58.389522552490234
2013-05-13,70.08999633789062,70.20999908447266,69.33999633789062,69.79000091552734,5139300,58.14789581298828
2013-05-14,69.94999694824219,71.61000061035156,69.8499984741211,71.51000213623047,6114300,59.580970764160156
2013-05-15,71.33000183105469,73.04000091552734,71.33000183105469,72.77999877929688,5215300,60.639122009277344
2013-05-16,72.61000061035156,72.94999694824219,72.12999725341797,72.2300033569336,3861500,60.18085479736328
2013-05-17,72.27999877929688,73.37999725341797,72.26000213623047,73.31999969482422,4866500,61.08901596069336
2013-05-20,73.30999755859375,74.54000091552734,73.22000122070312,74.4000015258789,5345300,61.988853454589844
2013-05-21,74.47000122070312,75.45999908447266,74.4000015258789,75.11000061035156,5130200,62.58042907714844
2013-05-22,75.43000030517578,77.01000213623047,74.27999877929688,74.44000244140625,12449000,62.0222053527832
2013-05-23,73.87999725341797,74.98999786376953,73.61000061035156,74.69000244140625,7985100,62.23050308227539
2013-05-24,74.08999633789062,75.3499984741211,73.9800033569336,75.2699966430664,5564000,62.7137565612793
2013-05-28,75.91000366210938,77.12000274658203,75.88999938964844,76.16000366210938,7341400,63.45524215698242
2013-05-29,75.80000305175781,76.6500015258789,75.38999938964844,75.83000183105469,5679200,63.18033981323242
2013-05-30,76.0199966430664,76.9000015258789,75.91999816894531,76.13999938964844,5417400,63.43857955932617
2013-05-31,76.12999725341797,77.38999938964844,75.70999908447266,75.70999908447266,7187700,63.080326080322266
2013-06-03,75.88999938964844,76.66999816894531,75.62999725341797,76.47000122070312,6777800,63.71356201171875
2013-06-04,76.5,77.23999786376953,75.95999908447266,76.05999755859375,5667700,63.37195587158203
2013-06-05,75.9800033569336,76.27999877929688,74.63999938964844,74.76000213623047,6267300,62.288814544677734
2013-06-06,74.75,76.25,74.63999938964844,76.23999786376953,5455600,63.521934509277344
2013-06-07,76.68000030517578,78.12000274658203,76.44999694824219,78.04000091552734,6826100,65.02165985107422
2013-06-10,77.9800033569336,78.61000061035156,77.69000244140625,78.27999877929688,4035100,65.22159576416016
2013-06-11,77.61000061035156,77.8499984741211,76.5,76.5199966430664,5442800,63.755218505859375
2013-06-12,76.94000244140625,77,74.68000030517578,74.72000122070312,7057200,62.255470275878906
2013-06-13,74.45999908447266,75.26000213623047,73.79000091552734,75.20999908447266,6738900,62.66374588012695
2013-06-14,74.79000091552734,74.9800033569336,72.72000122070312,72.97000122070312,8451000,60.79741668701172
2013-06-17,73.69000244140625,74.20999908447266,73.38999938964844,73.83999633789062,6020900,61.52229309082031
2013-06-18,74.08000183105469,75.47000122070312,74.02999877929688,74.9800033569336,5714700,62.472110748291016
2013-06-19,74.91999816894531,75.0999984741211,74.19000244140625,74.2300033569336,5989300,61.847232818603516
2013-06-20,73.76000213623047,74,72.80999755859375,72.91999816894531,5656500,60.7557373046875
2013-06-21,73.37999725341797,73.79000091552734,72.37000274658203,73.30999755859375,7547300,61.08070755004883
2013-06-24,72.56999969482422,72.83999633789062,71.68000030517578,72.01000213623047,6293100,59.99755096435547
2013-06-25,72.62999725341797,73.6500015258789,72.55999755859375,73.2300033569336,4754200,61.014034271240234
2013-06-26,73.63999938964844,74.25,73.33000183105469,73.9000015258789,4894200,61.572269439697266
2013-06-27,74.37999725341797,75.43000030517578,74.37999725341797,75.12000274658203,4215300,62.58877944946289
2013-06-28,75.01000213623047,75.33000183105469,74.33000183105469,74.76000213623047,7964400,62.288814544677734
2013-07-01,75.52999877929688,76.45999908447266,75.43000030517578,75.63999938964844,5007600,63.02204132080078
2013-07-02,75.43000030517578,76.29000091552734,74.30000305175781,74.62000274658203,5041200,62.3618049621582
2013-07-03,74.0199966430664,74.77999877929688,73.91000366210938,74.58000183105469,3007000,62.328365325927734
2013-07-05,75.30999755859375,76.37000274658203,75.12000274658203,76.30999755859375,4501500,63.774169921875
2013-07-08,76.91000366210938,77.80999755859375,76.8499984741211,77.04000091552734,5106200,64.3842544555664
2013-07-09,77.73999786376953,77.94999694824219,77.08000183105469,77.61000061035156,3915200,64.86060333251953
2013-07-10,77.38999938964844,77.56999969482422,75.94000244140625,76.33000183105469,4872200,63.79088592529297
2013-07-11,77.54000091552734,77.62000274658203,76.55999755859375,76.94000244140625,5715000,64.30068969726562
2013-07-12,77.33000183105469,78.44999694824219,77.29000091552734,78.33000183105469,4878200,65.46233367919922
2013-07-15,78.61000061035156,78.62999725341797,77.5,77.8499984741211,4243300,65.06117248535156
2013-07-16,78.08999633789062,78.33999633789062,77.75,78.2699966430664,4637600,65.41219329833984
2013-07-17,75.3499984741211,77.44999694824219,74.62000274658203,76.80000305175781,16305300,64.18370056152344
2013-07-18,75.44000244140625,75.75,73.86000061035156,74.01000213623047,10352300,61.852012634277344
2013-07-19,73.62000274658203,74.73999786376953,73.47000122070312,74.05999755859375,8072500,61.89378356933594
2013-07-22,74.43000030517578,75.19999694824219,74.20999908447266,74.72000122070312,5456700,62.445343017578125
2013-07-23,75.02999877929688,75.18000030517578,74.36000061035156,74.41000366210938,4113000,62.18629455566406
2013-07-24,74.8499984741211,76.06999969482422,74.75,75.36000061035156,6139000,62.98023223876953
2013-07-25,75.05999755859375,75.80999755859375,75.02999877929688,75.7699966430664,4080300,63.3228645324707
2013-07-26,75.5,75.55000305175781,74.41000366210938,75.33999633789062,3537600,62.96352005004883
2013-07-29,75.16000366210938,75.36000061035156,74.33000183105469,75.05999755859375,3249400,62.729515075683594
2013-07-30,75.4800033569336,75.54000091552734,74.83000183105469,75.19000244140625,3762200,62.83816909790039
2013-07-31,75.1500015258789,75.86000061035156,73.47000122070312,73.7699966430664,10320700,61.65141677856445
2013-08-01,74.52999877929688,76.0999984741211,74.51000213623047,75.62999725341797,5981400,63.20585250854492
2013-08-02,75.62000274658203,75.7300033569336,75,75.69000244140625,2485400,63.25600814819336
2013-08-05,75.47000122070312,76.04000091552734,75.20999908447266,75.93000030517578,2237100,63.45660400390625
2013-08-06,75.87000274658203,76.0999984741211,75.47000122070312,75.80999755859375,2566000,63.35630798339844
2013-08-07,75.45999908447266,75.70999908447266,74.8499984741211,75.13999938964844,3083900,62.79634475708008
2013-08-08,75.79000091552734,77.2699966430664,75.4800033569336,76.19000244140625,3293600,63.67388916015625
2013-08-09,76.18000030517578,76.36000061035156,75.01000213623047,75.5,3963600,63.097232818603516
2013-08-12,75.11000061035156,75.61000061035156,74.88999938964844,75.48999786376953,2292600,63.08889389038086
2013-08-13,75.48999786376953,76.44000244140625,74.88999938964844,76.2300033569336,2964900,63.70731735229492
2013-08-14,76.04000091552734,76.43000030517578,75.75,75.87999725341797,2945400,63.414798736572266
2013-08-15,75.2699966430664,75.43000030517578,74.62000274658203,74.87999725341797,3834400,62.57910919189453
2013-08-16,74.86000061035156,75.3499984741211,74.6500015258789,75.16999816894531,4248200,62.821441650390625
2013-08-19,75.12000274658203,75.20999908447266,74.30000305175781,74.33999633789062,3478900,62.12779998779297
2013-08-20,74.41000366210938,74.66999816894531,73.80000305175781,74.2699966430664,2900900,62.06926727294922
2013-08-21,74.01000213623047,74.33000183105469,73.25,73.44000244140625,2983100,61.37564468383789
2013-08-22,73.66000366210938,74,73.4000015258789,73.86000061035156,2354900,61.726646423339844
2013-08-23,73.87000274658203,74,73.12999725341797,73.6500015258789,2518500,61.55113220214844
2013-08-26,73.76000213623047,74.47000122070312,73.43000030517578,73.61000061035156,2372400,61.51772689819336
2013-08-27,72.80000305175781,72.93000030517578,71.7699966430664,71.91000366210938,3712600,60.09698486328125
2013-08-28,71.69999694824219,72.33999633789062,71.54000091552734,72.01000213623047,2963200,60.180538177490234
2013-08-29,71.80999755859375,72.62000274658203,71.58000183105469,72.22000122070312,2957100,60.3560676574707
2013-08-30,72.1500015258789,72.23999786376953,71.47000122070312,71.91000366210938,3779500,60.09698486328125
2013-09-03,72.58999633789062,73.41000366210938,72.13999938964844,72.43000030517578,3994100,60.53157043457031
2013-09-04,72.5199966430664,73.5,72.2300033569336,73.13999938964844,2913300,61.124900817871094
2013-09-05,73.16000366210938,74.2300033569336,72.88999938964844,73.80000305175781,3600700,61.67649841308594
2013-09-06,73.91999816894531,74.0199966430664,72.4000015258789,73.3499984741211,3369200,61.30042266845703
2013-09-09,73.58999633789062,73.80999755859375,73.1500015258789,73.66000366210938,3189500,61.559471130371094
2013-09-10,74.22000122070312,74.66000366210938,74,74.5999984741211,3269100,62.34507369995117
2013-09-11,74.69999694824219,75.22000122070312,74.4000015258789,75.18000030517578,3297900,62.82976531982422
2013-09-12,75.29000091552734,75.61000061035156,74.97000122070312,75.29000091552734,2502200,62.92171859741211
2013-09-13,75.58000183105469,75.75,75.06999969482422,75.30000305175781,2664400,62.930076599121094
2013-09-16,76.33999633789062,76.43000030517578,75.44000244140625,75.5999984741211,4536200,63.18081283569336
2013-09-17,75.5999984741211,77,75.5999984741211,76.91999816894531,4047200,64.28396606445312
2013-09-18,76.98999786376953,77.80999755859375,76.54000091552734,77.63999938964844,4136000,64.88569641113281
2013-09-19,77.80999755859375,77.9000015258789,77.1500015258789,77.56999969482422,3997600,64.82718658447266
2013-09-20,77.62000274658203,77.88999938964844,77.1500015258789,77.31999969482422,10105500,64.61824798583984
2013-09-23,77.29000091552734,77.66000366210938,76.12999725341797,76.44000244140625,4078900,63.882789611816406
2013-09-24,76.38999938964844,76.94000244140625,75.95999908447266,76.06999969482422,3020200,63.57360076904297
2013-09-25,76.12999725341797,76.55999755859375,75.62000274658203,75.98999786376953,3090300,63.50672149658203
2013-09-26,76,77,75.77999877929688,76.31999969482422,2927000,63.78251647949219
2013-09-27,76.05999755859375,76.08999633789062,75.43000030517578,75.88999938964844,2522500,63.42317199707031
2013-09-30,74.97000122070312,75.8499984741211,74.63999938964844,75.5199966430664,3330500,63.11394119262695
2013-10-01,75.63999938964844,76.01000213623047,75.44999694824219,75.93000030517578,2969600,63.45660400390625
2013-10-02,75.12999725341797,75.29000091552734,74.16999816894531,74.58000183105469,4363400,62.51774215698242
2013-10-03,74.11000061035156,74.29000091552734,73.30000305175781,74.0199966430664,4364500,62.04831314086914
2013-10-04,73.87999725341797,74.33000183105469,73.61000061035156,74.30999755859375,2883500,62.291412353515625
2013-10-07,73.5,73.52999877929688,72.9000015258789,72.94000244140625,3320300,61.14299011230469
2013-10-08,73.02999877929688,73.0999984741211,72.12999725341797,72.22000122070312,3945800,60.5394401550293
2013-10-09,72.37999725341797,72.70999908447266,72.08000183105469,72.22000122070312,4701500,60.5394401550293
2013-10-10,73.19000244140625,74.66999816894531,73.01000213623047,74.66000366210938,3769900,62.58479309082031
2013-10-11,74.66999816894531,75.44000244140625,74.41000366210938,75.4000015258789,3913900,63.20508575439453
2013-10-14,75.33000183105469,76.11000061035156,75.0999984741211,76.06999969482422,3017200,63.76675033569336
2013-10-15,75.62999725341797,76.36000061035156,75.2300033569336,75.25,4113700,63.07936477661133
2013-10-16,75.63999938964844,76.75,75.44999694824219,76.31999969482422,6468200,63.9763069152832
2013-10-17,77.94000244140625,80.4000015258789,77.80000305175781,80.2300033569336,10366600,67.25393676757812
2013-10-18,80.11000061035156,80.68000030517578,79.30999755859375,80.5199966430664,7598200,67.49700164794922
2013-10-21,80.47000122070312,80.98999786376953,80.30999755859375,80.4000015258789,3691500,67.39643859863281
2013-10-22,80.7699966430664,81.16999816894531,80.43000030517578,80.87000274658203,3300000,67.7904281616211
2013-10-23,80.55999755859375,80.81999969482422,80.01000213623047,80.62999725341797,2895100,67.58922576904297
2013-10-24,80.7699966430664,81,80.44999694824219,80.9000015258789,3181800,67.8155746459961
2013-10-25,80.76000213623047,82.66999816894531,80.76000213623047,82.61000061035156,6291100,69.24899291992188
2013-10-28,82.72000122070312,83.13999938964844,82.02999877929688,82.76000213623047,4566100,69.374755859375
2013-10-29,83.12000274658203,83.73999786376953,82.93000030517578,83.66000366210938,3485200,70.1291732788086
2013-10-30,83.69999694824219,83.83000183105469,82.80000305175781,83.0999984741211,3747800,69.65975952148438
2013-10-31,82.79000091552734,82.98999786376953,81.69000244140625,81.80000305175781,5637700,68.56999206542969
2013-11-01,82.12000274658203,82.63999938964844,81.79000091552734,82.16000366210938,3358900,68.87178802490234
2013-11-04,82.41000366210938,82.63999938964844,81.75,81.93000030517578,2643600,68.6789779663086
2013-11-05,81.62999725341797,82.12999725341797,81.08999633789062,81.9000015258789,2591400,68.65382385253906
2013-11-06,82.55000305175781,82.5999984741211,81.81999969482422,82.12000274658203,2636900,68.83824920654297
2013-11-07,82.33000183105469,82.5999984741211,80.87999725341797,80.91999816894531,3485800,67.83233642578125
2013-11-08,81.30999755859375,81.94999694824219,81.08000183105469,81.77999877929688,4369500,68.5532455444336
2013-11-11,81.58999633789062,81.68000030517578,81.19000244140625,81.4000015258789,2224200,68.23471069335938
2013-11-12,81.2300033569336,81.3499984741211,80.58000183105469,81.02999877929688,2237200,67.92454528808594
2013-11-13,80.56999969482422,81.47000122070312,80.22000122070312,81.44000244140625,2828200,68.26824951171875
2013-11-14,81.61000061035156,81.91000366210938,81.3499984741211,81.88999938964844,2284100,68.64546203613281
2013-11-15,83.02999877929688,83.26000213623047,82.37000274658203,82.80000305175781,4439700,69.40827178955078
2013-11-18,82.8499984741211,82.9800033569336,82.16000366210938,82.33999633789062,3104800,69.02264404296875
2013-11-19,82.37999725341797,82.87999725341797,82.2699966430664,82.45999908447266,2775000,69.1232681274414
2013-11-20,82.95999908447266,83.41999816894531,81.95999908447266,82.25,3510500,68.94721984863281
2013-11-21,82.62999725341797,84,82.56999969482422,83.94999694824219,4355200,70.3722915649414
2013-11-22,83.91999816894531,83.93000030517578,83.37000274658203,83.8499984741211,2690300,70.2884292602539
2013-11-25,84.31999969482422,84.76000213623047,84.08000183105469,84.58999633789062,3657700,70.90875244140625
2013-11-26,84.75,85.58999633789062,84.69999694824219,85.08999633789062,4896800,71.32788848876953
2013-11-27,85.26000213623047,85.66000366210938,84.9800033569336,85.58999633789062,2520000,71.74701690673828
2013-11-29,85.87999725341797,86.19000244140625,85.51000213623047,85.80000305175781,2144600,71.9230728149414
2013-12-02,86.0199966430664,86.52999877929688,85.16000366210938,85.29000091552734,3620800,71.49554443359375
2013-12-03,84.88999938964844,85.33000183105469,84.19999694824219,84.61000061035156,3546100,70.92550659179688
2013-12-04,84.20999908447266,85.23999786376953,83.76000213623047,84.5,3579700,70.83332824707031
2013-12-05,84.2699966430664,84.98999786376953,84.1500015258789,84.54000091552734,3677800,70.86686706542969
2013-12-06,85.58999633789062,86.08999633789062,85.3499984741211,85.93000030517578,2666600,72.03204345703125
2013-12-09,86.16999816894531,86.4000015258789,85.3499984741211,85.75,2436500,71.88115692138672
2013-12-10,85.37999725341797,85.73999786376953,85.08000183105469,85.29000091552734,2354200,71.49554443359375
2013-12-11,85.27999877929688,85.66999816894531,83.80999755859375,83.9000015258789,3782300,70.33036041259766
2013-12-12,83.77999877929688,84.27999877929688,83.20999908447266,83.30000305175781,3574300,69.82738494873047
2013-12-13,83.31999969482422,83.91999816894531,83.2300033569336,83.68000030517578,3594900,70.14596557617188
2013-12-16,83.95999908447266,84.97000122070312,83.95999908447266,84.5199966430664,3599000,70.8500747680664
2013-12-17,84.70999908447266,84.72000122070312,83.98999786376953,84.11000061035156,2893700,70.50640106201172
2013-12-18,84.30000305175781,86.12000274658203,83.55000305175781,85.98999786376953,5332300,72.08232116699219
2013-12-19,85.94000244140625,86.52999877929688,85.91000366210938,86.41000366210938,3956300,72.43440246582031
2013-12-20,86.70999908447266,87.77999877929688,86.44000244140625,87.56999969482422,6294500,73.40677642822266
2013-12-23,88,88.58000183105469,87.94000244140625,88.30999755859375,3242600,74.02709197998047
2013-12-24,88.33999633789062,88.73999786376953,88.19000244140625,88.69000244140625,1042700,74.34565734863281
2013-12-26,88.9000015258789,89.2300033569336,88.76000213623047,89,1745200,74.60550689697266
2013-12-27,88.81999969482422,89.51000213623047,88.81999969482422,89.19000244140625,1797400,74.76480102539062
2013-12-30,89.19000244140625,89.62000274658203,89.13999938964844,89.58999633789062,1769000,75.10005187988281
2013-12-31,89.87000274658203,90.79000091552734,89.5199966430664,90.7300033569336,3083500,76.05569458007812
2014-01-02,90.9000015258789,91.08000183105469,89.37999725341797,89.44999694824219,5112000,74.98274230957031
2014-01-03,89.1500015258789,90.08000183105469,88.62999725341797,89.73999786376953,3888500,75.22581481933594
2014-01-06,89.69999694824219,90.25,89.37999725341797,89.69999694824219,2844700,75.19229125976562
2014-01-07,90.16999816894531,90.69999694824219,89.01000213623047,89.36000061035156,4039500,74.90729522705078
2014-01-08,88.66000366210938,89.63999938964844,88.66000366210938,89.41000366210938,3880200,75.14259338378906
2014-01-09,89.88999938964844,89.93000030517578,88.06999969482422,88.87999725341797,3469200,74.69715881347656
2014-01-10,89.26000213623047,89.55999755859375,88.0999984741211,88.55000305175781,2901600,74.41983032226562
2014-01-13,88.5199966430664,89,86.87999725341797,86.98999786376953,5641000,73.1087646484375
2014-01-14,87.08000183105469,87.44999694824219,86.06999969482422,87.12000274658203,4777900,73.21803283691406
2014-01-15,87.45999908447266,88.52999877929688,87.08000183105469,88.25,4494900,74.16769409179688
2014-01-16,88,88.23999786376953,87.26000213623047,87.77999877929688,3326100,73.7726821899414
2014-01-17,91.83000183105469,93.62000274658203,90.55000305175781,90.97000122070312,14989900,76.45367431640625
2014-01-21,91.97000122070312,92.70999908447266,89.63999938964844,90.58999633789062,7954600,76.13428497314453
2014-01-22,90.63999938964844,91.41999816894531,90.62000274658203,91.12999725341797,3848700,76.58816528320312
2014-01-23,90.48999786376953,90.48999786376953,88.68000030517578,89.16999816894531,5260900,74.94088745117188
2014-01-24,88.55999755859375,89.37000274658203,86.66000366210938,86.94999694824219,6289300,73.07516479492188
2014-01-27,87.1500015258789,87.7699966430664,85.70999908447266,85.72000122070312,5651400,72.04145812988281
2014-01-28,85.8499984741211,87.18000030517578,85.5999984741211,86.63999938964844,4108700,72.81462860107422
2014-01-29,86.29000091552734,86.9000015258789,85.43000030517578,85.55000305175781,3357900,71.89856719970703
2014-01-30,86.44999694824219,86.9800033569336,86.06999969482422,86.62000274658203,4259000,72.79782104492188
2014-01-31,85.27999877929688,85.91000366210938,84.91000366210938,85.0199966430664,4778000,71.45310974121094
2014-02-03,84.98999786376953,85.41999816894531,82.7699966430664,82.86000061035156,5769800,69.6377944946289
2014-02-04,83.19000244140625,84.70999908447266,82.62999725341797,84,5380500,70.59591674804688
2014-02-05,83.51000213623047,84.12000274658203,82.94999694824219,83.72000122070312,3260100,70.36058807373047
2014-02-06,84.5,85.76000213623047,84.31999969482422,85.69000244140625,5432400,72.01622009277344
2014-02-07,85.95999908447266,87.16999816894531,85.77999877929688,87,4495200,73.11717987060547
2014-02-10,87.83000183105469,88.95999908447266,87.5,88.33999633789062,5387900,74.24334716796875
2014-02-11,88.36000061035156,88.83999633789062,88.16999816894531,88.58000183105469,3602400,74.44505310058594
2014-02-12,88.69000244140625,89.05000305175781,88.4000015258789,89.0199966430664,2488600,74.81483459472656
2014-02-13,88.37000274658203,88.9800033569336,88.01000213623047,88.9000015258789,2759700,74.7139892578125
2014-02-14,88.86000061035156,89.2699966430664,88.26000213623047,89,2671800,74.79802703857422
2014-02-18,88.80000305175781,89.13999938964844,88.29000091552734,89.0199966430664,3591600,74.81483459472656
2014-02-19,88.88999938964844,90.31999969482422,88.75,88.83999633789062,4332300,74.66357421875
2014-02-20,88.80000305175781,89.2300033569336,88.12000274658203,89.01000213623047,4411800,74.80644989013672
2014-02-21,89.05999755859375,89.41000366210938,88.55999755859375,88.75,3808700,74.58792114257812
2014-02-24,88.79000091552734,90.43000030517578,88.79000091552734,89.91999816894531,3261200,75.57121276855469
2014-02-25,90,90.37000274658203,89.1500015258789,89.91000366210938,2914800,75.56280517578125
2014-02-26,90.16000366210938,90.69000244140625,89.20999908447266,89.7300033569336,4840200,75.41152954101562
2014-02-27,89.6500015258789,90.43000030517578,89.51000213623047,90.29000091552734,3075600,75.88217163085938
2014-02-28,90.25,92.13999938964844,90.08999633789062,91.27999877929688,4689200,76.71420288085938
2014-03-03,90.5999984741211,90.62999725341797,89.16000366210938,89.97000122070312,3465300,75.61322784423828
2014-03-04,91.05000305175781,92.68000030517578,91.02999877929688,92.61000061035156,3752000,77.83197021484375
2014-03-05,92.58999633789062,92.58999633789062,91.91000366210938,92.13999938964844,3086400,77.4369888305664
2014-03-06,92.55999755859375,93.63999938964844,92.36000061035156,93.5199966430664,3957900,78.59676361083984
2014-03-07,94.11000061035156,94.3499984741211,93.36000061035156,93.86000061035156,3864600,78.88250732421875
2014-03-10,93.62000274658203,93.87999725341797,93.13999938964844,93.69999694824219,2218700,78.74803161621094
2014-03-11,93.83000183105469,93.87999725341797,93.02999877929688,93.19999694824219,1946200,78.32782745361328
2014-03-12,92.68000030517578,92.91999816894531,91.9000015258789,92.9000015258789,2486100,78.07568359375
2014-03-13,93.19999694824219,93.4800033569336,90.41000366210938,90.69000244140625,3990200,76.21835327148438
2014-03-14,90.55000305175781,91.22000122070312,89.63999938964844,90.16999816894531,3583900,75.78129577636719
2014-03-17,90.51000213623047,91.7300033569336,90.48999786376953,91.26000213623047,3033000,76.69739532470703
2014-03-18,91.2699966430664,91.97000122070312,91.12999725341797,91.58999633789062,2348300,76.97473907470703
2014-03-19,91.66999816894531,91.95999908447266,90.27999877929688,90.7300033569336,3425700,76.251953125
2014-03-20,90.4800033569336,91.9000015258789,90.2300033569336,91.69000244140625,3779700,77.05877685546875
2014-03-21,92.77999877929688,93.72000122070312,91.36000061035156,91.5199966430664,6684500,76.9158935546875
2014-03-24,91.63999938964844,91.75,90.29000091552734,91.01000213623047,2520600,76.48728942871094
2014-03-25,91.37000274658203,91.9000015258789,90.62999725341797,90.83999633789062,2420000,76.34441375732422
2014-03-26,91.36000061035156,91.69000244140625,89.62999725341797,89.66000366210938,3011200,75.35272216796875
2014-03-27,89.69999694824219,90.43000030517578,89.2699966430664,89.98999786376953,3602800,75.63004302978516
2014-03-28,90.2699966430664,91.55999755859375,90,90.45999908447266,3138900,76.0250473022461
2014-03-31,91.08000183105469,91.94000244140625,89.87999725341797,90.02999877929688,5172400,75.66365814208984
2014-04-01,90.4000015258789,91.2300033569336,90.20999908447266,91.16999816894531,2821600,76.62174987792969
2014-04-02,90.8499984741211,91.08999633789062,90.12999725341797,90.4000015258789,2886700,76.1667709350586
2014-04-03,90.66999816894531,91.19999694824219,90.4000015258789,90.9800033569336,2483600,76.65547180175781
2014-04-04,91.16999816894531,91.4000015258789,89.06999969482422,89.16999816894531,2933600,75.13040924072266
2014-04-07,89.02999877929688,89.43000030517578,86.55000305175781,86.5999984741211,5557600,72.96505737304688
2014-04-08,86.62999725341797,86.80000305175781,85.58000183105469,86.48999786376953,3880300,72.87240600585938
2014-04-09,86.9000015258789,88.72000122070312,86.63999938964844,88.72000122070312,3592900,74.75129699707031
2014-04-10,88.47000122070312,88.75,85.30000305175781,85.36000061035156,5213800,71.92030334472656
2014-04-11,84.9000015258789,85.44999694824219,83.98999786376953,84.54000091552734,4014300,71.22943115234375
2014-04-14,85.08999633789062,86.33999633789062,84.04000091552734,85.5,4011900,72.03828430175781
2014-04-15,85.87000274658203,86.7300033569336,84.31999969482422,86.04000091552734,3741700,72.49324798583984
2014-04-16,86.83999633789062,87.4800033569336,86.4800033569336,87.4000015258789,4055100,73.63912963867188
2014-04-17,87.16000366210938,87.91999816894531,85.0999984741211,86.22000122070312,9244400,72.6449203491211
2014-04-21,86.37999725341797,86.86000061035156,86.16000366210938,86.66999816894531,3762300,73.0240249633789
2014-04-22,86.70999908447266,87.44000244140625,86.43000030517578,87.06999969482422,3420400,73.36109161376953
2014-04-23,87.01000213623047,87.63999938964844,86.66999816894531,87.12999725341797,3788200,73.4115982055664
2014-04-24,87.26000213623047,87.9800033569336,86.91000366210938,87.41000366210938,3187000,73.64752960205078
2014-04-25,87.0199966430664,87.30000305175781,86.62000274658203,87.02999877929688,4226100,73.32737731933594
2014-04-28,87.44000244140625,87.58000183105469,85.8499984741211,87.05999755859375,4760400,73.3526611328125
2014-04-29,87.33999633789062,87.94999694824219,87.19000244140625,87.79000091552734,2852900,73.96772766113281
2014-04-30,87.61000061035156,87.66000366210938,86.95999908447266,87.43000030517578,4351600,73.66442108154297
2014-05-01,87.52999877929688,87.58000183105469,86.33000183105469,86.81999969482422,4679900,73.15042877197266
2014-05-02,86.7699966430664,87.30999755859375,86.41000366210938,86.93000030517578,3707400,73.24311828613281
2014-05-05,86,87.41999816894531,85.75,87.36000061035156,3340000,73.60540771484375
2014-05-06,87.25,87.25,86.08000183105469,86.19999694824219,3269400,72.62804412841797
2014-05-07,86.79000091552734,88.05000305175781,86.11000061035156,87.9800033569336,4601500,74.12779235839844
2014-05-08,87.87999725341797,89.27999877929688,87.66000366210938,88.62000274658203,4220200,74.66703033447266
2014-05-09,88.45999908447266,89.02999877929688,88.12999725341797,88.83999633789062,2344700,74.85240173339844
2014-05-12,89.41999816894531,89.97000122070312,89.31999969482422,89.66000366210938,2343800,75.54329681396484
2014-05-13,89.6500015258789,90,89.04000091552734,89.08999633789062,2298500,75.06300354003906
2014-05-14,89.16999816894531,89.43000030517578,88.30999755859375,88.45999908447266,2238500,74.5322265625
2014-05-15,88.19999694824219,88.58000183105469,87.11000061035156,87.5999984741211,3324400,73.8076171875
2014-05-16,87.5999984741211,87.76000213623047,86.9000015258789,87.5,3062400,73.72335052490234
2014-05-19,87.18000030517578,88.22000122070312,87.11000061035156,88.12000274658203,2000300,74.24576568603516
2014-05-20,87.81999969482422,88.05000305175781,86.86000061035156,87.08999633789062,2798400,73.37793731689453
2014-05-21,87.56999969482422,88.13999938964844,87.37999725341797,87.86000061035156,2525600,74.02667236328125
2014-05-22,87.79000091552734,88.38999938964844,87.55000305175781,88.1500015258789,2654800,74.27101135253906
2014-05-23,88.11000061035156,88.86000061035156,88,88.77999877929688,1858200,74.80183410644531
2014-05-27,89.5999984741211,91.47000122070312,89.3499984741211,91.38999938964844,5093800,77.00089263916016
2014-05-28,91.30999755859375,91.36000061035156,90.62999725341797,91.05999755859375,2466800,76.72286224365234
2014-05-29,91.12000274658203,91.30000305175781,90.52999877929688,91.27999877929688,2668500,76.90823364257812
2014-05-30,91,91.68000030517578,90.88999938964844,91.5,3594800,77.09358215332031
2014-06-02,91.79000091552734,92.11000061035156,91.43000030517578,91.88999938964844,2832100,77.42217254638672
2014-06-03,91.61000061035156,91.8499984741211,91.2699966430664,91.7300033569336,2589100,77.28736877441406
2014-06-04,91.58999633789062,91.9000015258789,91.33000183105469,91.80999755859375,2637000,77.35478973388672
2014-06-05,91.91999816894531,93.20999908447266,91.52999877929688,92.80000305175781,3219200,78.18890380859375
2014-06-06,92.94000244140625,94.94000244140625,92.81999969482422,94.91000366210938,4550800,79.96666717529297
2014-06-09,95.08000183105469,95.87999725341797,94.6500015258789,95.56999969482422,3825200,80.52276611328125
2014-06-10,95.08999633789062,95.38999938964844,94.68000030517578,95.27999877929688,2418300,80.27842712402344
2014-06-11,94.94000244140625,95.26000213623047,94.63999938964844,95.08000183105469,1884000,80.10992431640625
2014-06-12,95.3499984741211,95.4800033569336,94.36000061035156,94.76000213623047,2870500,79.8403091430664
2014-06-13,94.94999694824219,95.16999816894531,94.37999725341797,94.8499984741211,1793000,79.91613006591797
2014-06-16,94.36000061035156,94.75,93.83999633789062,94.37000274658203,2832500,79.51168823242188
2014-06-17,94.37000274658203,95.19999694824219,94.01000213623047,94.66000366210938,2572300,79.75605773925781
2014-06-18,94.75,95.58999633789062,94.08000183105469,95.55999755859375,2454800,80.51435852050781
2014-06-19,95.45999908447266,95.69999694824219,94.52999877929688,95.06999969482422,3206400,80.10150909423828
2014-06-20,95.58000183105469,96.04000091552734,95.02999877929688,95.54000091552734,5387400,80.49748229980469
2014-06-23,95.33000183105469,95.75,94.79000091552734,95.51000213623047,2102500,80.47222137451172
2014-06-24,95.08999633789062,95.55000305175781,94.25,94.43000030517578,2088700,79.562255859375
2014-06-25,94.26000213623047,95.20999908447266,94.19999694824219,94.63999938964844,2398400,79.73921203613281
2014-06-26,94.83000183105469,94.94000244140625,93.54000091552734,94.30000305175781,2594800,79.45274353027344
2014-06-27,94.25,95.05000305175781,94.12999725341797,94.93000030517578,3630700,79.9835433959961
2014-06-30,95,95.33999633789062,94.55000305175781,94.87000274658203,2634300,79.93299865722656
2014-07-01,95.41999816894531,96.23999786376953,95.27999877929688,95.3499984741211,3026300,80.33739471435547
2014-07-02,95.19000244140625,95.77999877929688,95.05999755859375,95.20999908447266,1595500,80.21945190429688
2014-07-03,95.58000183105469,95.94000244140625,95.22000122070312,95.83999633789062,1633800,80.750244140625
2014-07-07,95.5,95.66000366210938,95.12000274658203,95.4000015258789,1962800,80.37953186035156
2014-07-08,94.91999816894531,95.01000213623047,93.56999969482422,94.56999969482422,2828700,79.68022155761719
2014-07-09,95.44000244140625,95.55000305175781,94.41000366210938,94.73999786376953,2645500,80.04352569580078
2014-07-10,93.55000305175781,94.80999755859375,93.16000366210938,94.45999908447266,2230000,79.80693817138672
2014-07-11,94.2699966430664,94.58999633789062,93.75,94.47000122070312,2108500,79.81541442871094
2014-07-14,95.2300033569336,95.58000183105469,94.43000030517578,94.54000091552734,2388000,79.87454986572266
2014-07-15,94.79000091552734,95.16000366210938,94,94.44999694824219,3499200,79.79849243164062
2014-07-16,94.80999755859375,95.08999633789062,94.2699966430664,94.47000122070312,2738000,79.81541442871094
2014-07-17,93.95999908447266,94.69999694824219,92.91000366210938,92.98999786376953,3110800,78.56498718261719
2014-07-18,93.31999969482422,93.93000030517578,93.0999984741211,93.52999877929688,3363000,79.02123260498047
2014-07-21,93.29000091552734,93.4000015258789,92.37999725341797,92.87999725341797,2321800,78.47206115722656
2014-07-22,93.51000213623047,94.05999755859375,93.22000122070312,93.37000274658203,2411600,78.88604736328125
2014-07-23,93.19000244140625,93.58999633789062,92.81999969482422,93.27999877929688,1984800,78.81000518798828
2014-07-24,93.33000183105469,93.62000274658203,92.8499984741211,93.1500015258789,3023400,78.7001724243164
2014-07-25,92.73999786376953,93.06999969482422,91.58000183105469,91.93000030517578,3903500,77.66943359375
2014-07-28,91.9000015258789,92.02999877929688,90.9000015258789,91.86000061035156,4274000,77.61027526855469
2014-07-29,91.83000183105469,92.2300033569336,91.51000213623047,91.70999908447266,4773300,77.4835433959961
2014-07-30,92.11000061035156,92.31999969482422,90.04000091552734,90.91000366210938,5069300,76.8076400756836
2014-07-31,90.06999969482422,90.26000213623047,87.98999786376953,88,7561100,74.34904479980469
2014-08-01,87.41000366210938,87.73999786376953,85.75,86.47000122070312,12258300,73.05638885498047
2014-08-04,86.5999984741211,87.23999786376953,86.44999694824219,86.93000030517578,5743800,73.44503784179688
2014-08-05,86.6500015258789,87.0199966430664,85.88999938964844,86.36000061035156,5004400,72.96345520019531
2014-08-06,86.04000091552734,86.79000091552734,86,86.4000015258789,4805600,72.99728393554688
2014-08-07,86.79000091552734,87.13999938964844,85.88999938964844,86.0199966430664,4539100,72.67619323730469
2014-08-08,86.08999633789062,87.51000213623047,85.91000366210938,87.47000122070312,4206700,73.9012680053711
2014-08-11,87.91999816894531,88.16000366210938,86.94000244140625,86.94999694824219,3594400,73.46192932128906
2014-08-12,87,87.08999633789062,86.69999694824219,87.08000183105469,3106600,73.57176971435547
2014-08-13,87.44000244140625,88.06999969482422,87.16000366210938,87.4000015258789,2590600,73.84214782714844
2014-08-14,87.5,87.80000305175781,87.0999984741211,87.2699966430664,3498800,73.73226165771484
2014-08-15,87.77999877929688,87.87999725341797,86.2300033569336,86.5999984741211,3290800,73.16621398925781
2014-08-18,87.29000091552734,87.4800033569336,86.9800033569336,87.16000366210938,2662100,73.63935852050781
2014-08-19,87.58000183105469,88.27999877929688,87.44999694824219,88.12000274658203,3523700,74.45045471191406
2014-08-20,88.01000213623047,88.6500015258789,87.9000015258789,88.48999786376953,3142900,74.76301574707031
2014-08-21,88.63999938964844,89.33000183105469,88.58999633789062,89.13999938964844,3019300,75.31220245361328
2014-08-22,88.88999938964844,89.51000213623047,88.83000183105469,88.87999725341797,2796200,75.09253692626953
2014-08-25,89.55999755859375,90.22000122070312,89.31999969482422,89.58999633789062,3730000,75.6923828125
2014-08-26,89.61000061035156,89.93000030517578,89.08000183105469,89.1500015258789,2934600,75.32064819335938
2014-08-27,89.25,89.58999633789062,88.98999786376953,89.23999786376953,2632300,75.39672088623047
2014-08-28,88.83999633789062,89.33000183105469,88.61000061035156,89.0199966430664,3324900,75.2108383178711
2014-08-29,89.37000274658203,89.69999694824219,89.08999633789062,89.55000305175781,2672700,75.65859985351562
2014-09-02,89.9000015258789,90.12999725341797,89.27999877929688,89.72000122070312,3592100,75.80224609375
2014-09-03,90.12999725341797,90.48999786376953,90,90.13999938964844,2930800,76.15709686279297
2014-09-04,90.11000061035156,90.45999908447266,89.41999816894531,89.6500015258789,2594100,75.74309539794922
2014-09-05,89.63999938964844,89.73999786376953,89.0199966430664,89.61000061035156,2571200,75.70929718017578
2014-09-08,89.4000015258789,89.83000183105469,88.62000274658203,88.93000030517578,3617600,75.13478088378906
2014-09-09,88.8499984741211,88.9000015258789,87.75,87.9000015258789,4014300,74.26459503173828
2014-09-10,88.0999984741211,88.66000366210938,88.01000213623047,88.41000366210938,3471000,74.6954345703125
2014-09-11,88.01000213623047,88.5999984741211,87.87999725341797,88.41999816894531,2757000,74.70391082763672
2014-09-12,88.18000030517578,88.30000305175781,87.44000244140625,87.63999938964844,4724500,74.04489135742188
2014-09-15,88.3499984741211,88.3499984741211,87.11000061035156,87.37999725341797,3983800,73.8252182006836
2014-09-16,87.16000366210938,88.69999694824219,86.87999725341797,88.36000061035156,5946200,74.6532211303711
2014-09-17,88.61000061035156,89.55999755859375,88.33000183105469,89.06999969482422,4460700,75.2530746459961
2014-09-18,89.33000183105469,90.58999633789062,89.30999755859375,90.0999984741211,4309800,76.1233139038086
2014-09-19,90.68000030517578,90.68000030517578,89.41999816894531,89.69999694824219,7118600,75.78534698486328
2014-09-22,89.58000183105469,90.08999633789062,88.9000015258789,88.98999786376953,3134700,75.18547058105469
2014-09-23,88.55000305175781,89.26000213623047,88.2300033569336,88.30999755859375,3711000,74.61095428466797
2014-09-24,88.47000122070312,88.6500015258789,87.87000274658203,88.5199966430664,5089900,74.78837585449219
2014-09-25,88.51000213623047,88.81999969482422,86.76000213623047,86.76000213623047,5648000,73.3014144897461
2014-09-26,87.16000366210938,88.66999816894531,86.94999694824219,88.37000274658203,4480300,74.66165161132812
2014-09-29,87.62999725341797,88.02999877929688,87.13999938964844,87.94999694824219,3304100,74.30680847167969
2014-09-30,88.19999694824219,88.31999969482422,87.3499984741211,87.54000091552734,3867100,73.96041107177734
2014-10-01,86.9000015258789,87.30999755859375,85.51000213623047,85.80999755859375,4777800,72.71472930908203
2014-10-02,86.38999938964844,86.5,85.05999755859375,85.87000274658203,4216800,72.76557922363281
2014-10-03,86.66000366210938,87.30999755859375,86.22000122070312,87.16000366210938,4601400,73.85873413085938
2014-10-06,87.68000030517578,87.97000122070312,86.76000213623047,87.02999877929688,3147300,73.7485580444336
2014-10-07,86.44999694824219,86.44999694824219,85.33000183105469,85.3499984741211,3905000,72.3249282836914
2014-10-08,85.41000366210938,87.47000122070312,85,87.41000366210938,4238200,74.07056427001953
2014-10-09,87.33000183105469,87.9800033569336,85.81999969482422,85.88999938964844,5394400,72.78253936767578
2014-10-10,85.77999877929688,86.69999694824219,84.98999786376953,84.98999786376953,4226400,72.01985931396484
2014-10-13,84.76000213623047,85.25,82.61000061035156,82.77999877929688,5072300,70.14713287353516
2014-10-14,83.2699966430664,83.38999938964844,82.51000213623047,82.73999786376953,6165000,70.1132583618164
2014-10-15,81.30000305175781,81.79000091552734,78.41000366210938,80.93000030517578,9155600,68.5794906616211
2014-10-16,80.29000091552734,81.47000122070312,78.80999755859375,80.23999786376953,9159300,67.99479675292969
2014-10-17,80.91000366210938,84.5199966430664,80.9000015258789,82.58000183105469,9175000,69.9776840209961
2014-10-20,82.79000091552734,84.0999984741211,82.62999725341797,84.01000213623047,5231100,71.189453125
2014-10-21,84.69999694824219,85.66000366210938,84.44000244140625,85.63999938964844,4847100,72.57069396972656
2014-10-22,85.62000274658203,85.87000274658203,83.93000030517578,83.95999908447266,5182200,71.14706420898438
2014-10-23,85.12999725341797,85.8499984741211,84.87000274658203,85.61000061035156,5000300,72.54528045654297
2014-10-24,85.69000244140625,86.43000030517578,85.58999633789062,86.4000015258789,3608000,73.21472930908203
2014-10-27,86.01000213623047,86.75,85.76000213623047,86.62999725341797,3610100,73.40960693359375
2014-10-28,87.06999969482422,88.01000213623047,86.95999908447266,88.01000213623047,3598400,74.57901000976562
2014-10-29,88.23999786376953,88.98999786376953,87.6500015258789,88.33999633789062,4592500,74.8586654663086
2014-10-30,88.58999633789062,89.48999786376953,88.19999694824219,88.73999786376953,5072900,75.19759368896484
2014-10-31,89.94000244140625,90.5999984741211,89.37000274658203,89.94999694824219,6848600,76.22293090820312
2014-11-03,90.31999969482422,91.20999908447266,90.22000122070312,90.8499984741211,3707900,76.98560333251953
2014-11-04,90.62000274658203,91.43000030517578,90.5,91.37999725341797,3163100,77.43470764160156
2014-11-05,91.76000213623047,92.44999694824219,91.76000213623047,92.41999816894531,3617600,78.3160171508789
2014-11-06,92.12999725341797,92.19999694824219,91.11000061035156,91.58000183105469,6005800,77.60420989990234
2014-11-07,91.70999908447266,92.4800033569336,91.2300033569336,92.26000213623047,3669200,78.18042755126953
2014-11-10,92.20999908447266,92.43000030517578,91.8499984741211,92.4000015258789,2938700,78.299072265625
2014-11-11,92.27999877929688,92.58999633789062,91.48999786376953,91.73999786376953,2719800,77.73978424072266
2014-11-12,91.16000366210938,91.66999816894531,91.0999984741211,91.55000305175781,3825500,77.57878112792969
2014-11-13,91.69999694824219,91.69999694824219,90.94000244140625,91.06999969482422,3638000,77.1720199584961
2014-11-14,91.06999969482422,91.23999786376953,90.3499984741211,90.66999816894531,2361600,76.83306121826172
2014-11-17,90.23999786376953,90.26000213623047,89.6500015258789,90.12999725341797,2620600,76.37548065185547
2014-11-18,90.20999908447266,90.93000030517578,90.02999877929688,90.58000183105469,2175500,76.75682067871094
2014-11-19,90.30000305175781,90.76000213623047,90.0199966430664,90.5,2661200,76.68903350830078
2014-11-20,89.83000183105469,90.91000366210938,89.81999969482422,90.62000274658203,2825700,76.79069519042969
2014-11-21,91.66000366210938,91.68000030517578,90.30000305175781,90.38999938964844,4039200,76.5958251953125
2014-11-24,90.80000305175781,91.16999816894531,90.20999908447266,91.04000091552734,3459500,77.1466293334961
2014-11-25,91.19999694824219,91.58000183105469,90.76000213623047,91.4000015258789,3313700,77.45169067382812
2014-11-26,91.70999908447266,91.70999908447266,90.93000030517578,91.44999694824219,2218200,77.49402618408203
2014-11-28,91.61000061035156,92.55000305175781,91.58000183105469,92.41999816894531,3070000,78.3160171508789
2014-12-01,92.06999969482422,92.62999725341797,91.66000366210938,92.13999938964844,3343000,78.07874298095703
2014-12-02,92.5999984741211,93,92.31999969482422,93,3111900,78.8074951171875
2014-12-03,92.61000061035156,93.12000274658203,91.05000305175781,91.25,5911100,77.32455444335938
2014-12-04,91.8499984741211,91.8499984741211,91.19000244140625,91.83000183105469,3991000,77.8160400390625
2014-12-05,92.29000091552734,92.86000061035156,92.05000305175781,92.6500015258789,2872600,78.51090240478516
2014-12-08,92.68000030517578,93.88999938964844,92.4000015258789,93.55999755859375,4467600,79.28203582763672
2014-12-09,92.19000244140625,93.4000015258789,91.9800033569336,93.36000061035156,4069100,79.112548828125
2014-12-10,92.86000061035156,93.69000244140625,92.55999755859375,92.75,4658000,78.59564208984375
2014-12-11,93.11000061035156,94.62000274658203,92.94999694824219,93.12999725341797,4419100,78.91764068603516
2014-12-12,92.4000015258789,93.0199966430664,90.94000244140625,91,4480300,77.11273193359375
2014-12-15,91.44000244140625,91.58000183105469,89.1500015258789,90.04000091552734,4766700,76.2992172241211
2014-12-16,89.37000274658203,90.79000091552734,88.19000244140625,88.23999786376953,4948800,74.77391815185547
2014-12-17,88.55999755859375,90.56999969482422,88.33999633789062,90.44000244140625,5204400,76.63819122314453
2014-12-18,91.69999694824219,93.20999908447266,91.48999786376953,93.16999816894531,4554200,78.95157623291016
2014-12-19,92.95999908447266,93.91000366210938,92.3499984741211,92.9000015258789,7170300,78.7227554321289
2014-12-22,92.98999786376953,93.66000366210938,92.83000183105469,93.62000274658203,2910800,79.33290100097656
2014-12-23,93.69999694824219,94.27999877929688,93.6500015258789,93.81999969482422,2864800,79.50235748291016
2014-12-24,93.95999908447266,94.79000091552734,93.95999908447266,94.08000183105469,1321500,79.72269439697266
2014-12-26,94.19999694824219,94.80000305175781,94.19999694824219,94.29000091552734,1439900,79.900634765625
2014-12-29,94,94.88999938964844,94,94.2699966430664,1483000,79.88367462158203
2014-12-30,94.2300033569336,94.45999908447266,94.02999877929688,94.2699966430664,1425100,79.88367462158203
2014-12-31,94.6500015258789,94.75,93,93.04000091552734,2306200,78.84139251708984
2015-01-02,93.16999816894531,93.94000244140625,92.13999938964844,93.0199966430664,2437500,78.8244400024414
2015-01-05,92.45999908447266,92.77999877929688,90.31999969482422,90.55999755859375,3469600,76.73985290527344
2015-01-06,90.79000091552734,90.9000015258789,87.94000244140625,88.62999725341797,4800300,75.10437774658203
2015-01-07,91.01000213623047,91.01000213623047,89.52999877929688,90.30000305175781,5665200,76.74466705322266
2015-01-08,91.44000244140625,91.80999755859375,91,91.58000183105469,3774200,77.83252716064453
2015-01-09,91.58000183105469,91.80000305175781,90.23999786376953,90.41999816894531,3681700,76.84666442871094
2015-01-12,90.5,90.94000244140625,89.08000183105469,89.5,3230700,76.0647201538086
2015-01-13,90.2699966430664,91.13999938964844,88.43000030517578,89.2300033569336,3537600,75.83531188964844
2015-01-14,87.44000244140625,88.41999816894531,86.25,87.06999969482422,6628400,73.99955749511719
2015-01-15,87.5,88.02999877929688,84.55000305175781,85.87999725341797,5830900,72.98815155029297
2015-01-16,85.54000091552734,86.20999908447266,84.73999786376953,86.04000091552734,6768700,73.12415313720703
2015-01-20,86.45999908447266,87.72000122070312,86.41999816894531,87.26000213623047,6364100,74.16101837158203
2015-01-21,87.55999755859375,87.72000122070312,86.7699966430664,87.66999816894531,7185700,74.50949096679688
2015-01-22,84.5,86.12000274658203,83.5,84.37000274658203,16390100,71.70484924316406
2015-01-23,84.43000030517578,85.31999969482422,83.95999908447266,84.12999725341797,7366100,71.5008773803711
2015-01-26,83.77999877929688,84.30000305175781,83.12000274658203,83.30000305175781,6632800,70.79546356201172
2015-01-27,82.5,83.27999877929688,82.08000183105469,82.4000015258789,6329500,70.03057098388672
2015-01-28,82.80000305175781,83.38999938964844,81.70999908447266,81.7300033569336,7942200,69.46115112304688
2015-01-29,82.06999969482422,82.33000183105469,81.16000366210938,82,7545900,69.69062042236328
2015-01-30,82.12000274658203,82.19999694824219,80.55999755859375,80.69000244140625,7210500,68.57725524902344
2015-02-02,80.95999908447266,82.25,80.8499984741211,82.12999725341797,5459300,69.80110168457031
2015-02-03,82.58000183105469,83.7699966430664,82.54000091552734,83.7300033569336,5586200,71.16092681884766
2015-02-04,83.5,84.47000122070312,83.33000183105469,83.61000061035156,6155700,71.05895233154297
2015-02-05,84.25,84.93000030517578,84.08000183105469,84.7300033569336,3966600,72.01081085205078
2015-02-06,85.11000061035156,86.01000213623047,84.7699966430664,85.01000213623047,5139700,72.2487564086914
2015-02-09,84.52999877929688,85.25,84.30000305175781,84.9800033569336,3101300,72.22329711914062
2015-02-10,85.5999984741211,85.97000122070312,85.12000274658203,85.83999633789062,3589900,72.95415496826172
2015-02-11,85.87000274658203,86.18000030517578,85.31999969482422,86.01000213623047,4374800,73.09868621826172
2015-02-12,80.02999877929688,81.52999877929688,80,80.4800033569336,32653100,68.39878845214844
2015-02-13,79.44000244140625,79.75,77.72000122070312,78.08000183105469,34874400,66.35904693603516
2015-02-17,77.16000366210938,79.31999969482422,77.12000274658203,79.08000183105469,18578300,67.20896911621094
2015-02-18,78.72000122070312,80.2699966430664,78.72000122070312,79.77999877929688,13417000,67.80386352539062
2015-02-19,79.88999938964844,79.9800033569336,77.55999755859375,78.4000015258789,20858000,66.63103485107422
2015-02-20,78.22000122070312,79.87999725341797,78.19999694824219,79.83000183105469,11348700,67.84635162353516
2015-02-23,79.98999786376953,80.4800033569336,79.47000122070312,80.30000305175781,6868600,68.2458267211914
2015-02-24,80.30000305175781,81.69999694824219,80.26000213623047,80.86000061035156,10951000,68.72176361083984
2015-02-25,81.16000366210938,82.25,80.87000274658203,82.16999816894531,8184700,69.8351058959961
2015-02-26,83.01000213623047,83.47000122070312,82.41000366210938,83.25,8702800,70.75298309326172
2015-02-27,83.25,83.37999725341797,81.5199966430664,81.58999633789062,8121200,69.3421630859375
2015-03-02,81.58999633789062,82.20999908447266,81.55999755859375,82.02999877929688,5503100,69.71611785888672
2015-03-03,80.98999786376953,81.93000030517578,80.9000015258789,81.91000366210938,6856100,69.6141128540039
2015-03-04,81.55000305175781,81.55999755859375,80.55999755859375,80.62999725341797,6141000,68.52627563476562
2015-03-05,80.66000366210938,81.4000015258789,80.63999938964844,81.1500015258789,5571800,68.96823120117188
2015-03-06,80.62999725341797,81.1500015258789,80.05999755859375,80.30999755859375,6530200,68.25432586669922
2015-03-09,80.1500015258789,80.83000183105469,79.94999694824219,80.51000213623047,5846100,68.42428588867188
2015-03-10,79.7300033569336,79.7699966430664,78.87000274658203,79.11000061035156,7525000,67.23444366455078
2015-03-11,79.4000015258789,79.75,79.11000061035156,79.44999694824219,4546200,67.5234146118164
2015-03-12,80.0999984741211,82,80.02999877929688,81.55999755859375,9386600,69.31666564941406
2015-03-13,81.5,81.6500015258789,79.94999694824219,80.5999984741211,6919400,68.50078582763672
2015-03-16,80.87999725341797,81.6500015258789,80.75,81.5,5295100,69.26567077636719
2015-03-17,81.19999694824219,81.20999908447266,80.55000305175781,81.05999755859375,4258200,68.89173889160156
2015-03-18,80.58000183105469,82.31999969482422,80.2699966430664,81.86000061035156,6449400,69.57162475585938
2015-03-19,81.83999633789062,81.95999908447266,80.94000244140625,81.54000091552734,4677000,69.2996826171875
2015-03-20,81.79000091552734,83.05999755859375,81.5,82.69999694824219,9338100,70.28556060791016
2015-03-23,82.69999694824219,83.54000091552734,82.19999694824219,82.19999694824219,7291700,69.860595703125
2015-03-24,82.04000091552734,82.16000366210938,81.2699966430664,81.37000274658203,5217800,69.15518951416016
2015-03-25,81.41999816894531,81.47000122070312,80.02999877929688,80.11000061035156,8908000,68.0843276977539
2015-03-26,79.66999816894531,79.77999877929688,77.88999938964844,78.4800033569336,16181300,66.69901275634766
2015-03-27,78.4000015258789,78.63999938964844,77.70999908447266,77.97000122070312,9022600,66.26557159423828
2015-03-30,78.3499984741211,78.75,78,78.05000305175781,7285200,66.33358764648438
2015-03-31,77.88999938964844,78.52999877929688,77.62000274658203,78.12000274658203,5918300,66.6149673461914
2015-04-01,78.05000305175781,79.31999969482422,77.8499984741211,78.93000030517578,6163500,67.30567932128906
2015-04-02,78.93000030517578,79.7699966430664,78.56999969482422,79.69999694824219,5695200,67.96227264404297
2015-04-06,79.33999633789062,80.0999984741211,78.7300033569336,79.62999725341797,3831100,67.90258026123047
2015-04-07,78.58999633789062,79.37999725341797,78.26000213623047,78.33000183105469,5919200,66.79405212402344
2015-04-08,78.41999816894531,79.36000061035156,78.30000305175781,78.69000244140625,6405800,67.10101318359375
2015-04-09,78.62999725341797,79.33000183105469,78.41000366210938,79.16000366210938,4288100,67.50182342529297
2015-04-10,79.41999816894531,79.97000122070312,79.19999694824219,79.58999633789062,3442000,67.86846923828125
2015-04-13,79.7300033569336,79.98999786376953,79.26000213623047,79.2699966430664,4092000,67.59559631347656
2015-04-14,79.5999984741211,79.97000122070312,78.88999938964844,79.48999786376953,4213200,67.78318786621094
2015-04-15,79.43000030517578,80.30000305175781,79.41999816894531,79.75,6042700,68.00493621826172
2015-04-16,79.43000030517578,81.16999816894531,79.25,80.91000366210938,8084800,68.99407958984375
2015-04-17,78.4000015258789,78.5,76.52999877929688,77.31999969482422,22112500,65.93279266357422
2015-04-20,77.38999938964844,77.8499984741211,76.95999908447266,77.2300033569336,8432600,65.85608673095703
2015-04-21,77.37999725341797,77.80000305175781,77.23999786376953,77.27999877929688,5125000,65.89869689941406
2015-04-22,77.41000366210938,78.6500015258789,77.18000030517578,78.44000244140625,7318100,66.88785552978516
2015-04-23,78.05999755859375,78.37000274658203,77.73999786376953,78.1500015258789,4815400,66.64056396484375
2015-04-24,78.30000305175781,78.33000183105469,77.7699966430664,77.98999786376953,3400700,66.50409698486328
2015-04-27,77.83000183105469,77.95999908447266,77.04000091552734,77.48999786376953,6901700,66.07772827148438
2015-04-28,77.69000244140625,77.7300033569336,76.94000244140625,77.48999786376953,6493400,66.07772827148438
2015-04-29,77.12999725341797,77.47000122070312,77,77.16000366210938,4322600,65.79637908935547
2015-04-30,77.04000091552734,77.68000030517578,76.9800033569336,77.44999694824219,6754100,66.04360961914062
2015-05-01,77.8499984741211,77.88999938964844,77.30999755859375,77.68000030517578,3859200,66.2397689819336
2015-05-04,77.95999908447266,78.54000091552734,77.73999786376953,78.27999877929688,3896700,66.75138854980469
2015-05-05,77.9800033569336,78.5199966430664,77.77999877929688,77.83999633789062,5325800,66.3761978149414
2015-05-06,78.69999694824219,78.8499984741211,77.38999938964844,77.8499984741211,5896600,66.3847427368164
2015-05-07,77.83999633789062,78.73999786376953,77.5999984741211,78.43000030517578,7924600,66.87933349609375
2015-05-08,78.88999938964844,79.63999938964844,78.7699966430664,78.9800033569336,7198100,67.34832000732422
2015-05-11,79.05000305175781,80.25,79.01000213623047,79.69999694824219,5827400,67.96227264404297
2015-05-12,79.1500015258789,79.43000030517578,78.44000244140625,79.08000183105469,4575700,67.43360137939453
2015-05-13,79.5,80.01000213623047,79.2699966430664,79.86000061035156,5494500,68.09869384765625
2015-05-14,80.33999633789062,80.9000015258789,80.2699966430664,80.75,4450800,68.85765838623047
2015-05-15,80.9000015258789,81.16000366210938,79.98999786376953,80.22000122070312,4479300,68.40568542480469
2015-05-18,80.27999877929688,80.55000305175781,79.77999877929688,80.16999816894531,4579900,68.36305236816406
2015-05-19,80.37000274658203,81.5999984741211,80.37000274658203,81.36000061035156,6063500,69.3778076171875
2015-05-20,81.41000366210938,81.44999694824219,80.77999877929688,80.95999908447266,3986700,69.03672790527344
2015-05-21,80.54000091552734,81.16999816894531,80.41000366210938,80.76000213623047,4249700,68.86617279052734
2015-05-22,80.83999633789062,81.58000183105469,80.72000122070312,81.25,3395800,69.28400421142578
2015-05-26,81.12000274658203,81.45999908447266,79.94000244140625,80.19000244140625,5282700,68.38011932373047
2015-05-27,80.44999694824219,80.62999725341797,79.83999633789062,80.11000061035156,5105100,68.3118896484375
2015-05-28,79.97000122070312,80.25,79.87999725341797,80.08999633789062,4443000,68.29483795166016
2015-05-29,80.04000091552734,80.0999984741211,79.58000183105469,79.72000122070312,7385100,67.9793472290039
2015-06-01,79.94000244140625,80.16999816894531,78.94999694824219,79.47000122070312,4716900,67.76615142822266
2015-06-02,79.26000213623047,80.2699966430664,79.18000030517578,79.98999786376953,4197300,68.20956420898438
2015-06-03,80.31999969482422,81.2699966430664,80.12000274658203,80.5999984741211,4321400,68.729736328125
2015-06-04,80.05000305175781,80.33999633789062,79.19999694824219,79.36000061035156,5438100,67.67237091064453
2015-06-05,79.73999786376953,79.87999725341797,79.2300033569336,79.38999938964844,4817000,67.69790649414062
2015-06-08,79.43000030517578,79.83999633789062,78.80000305175781,78.80999755859375,5883600,67.203369140625
2015-06-09,78.87999725341797,79.38999938964844,78.86000061035156,79.16999816894531,4506300,67.51033020019531
2015-06-10,79.19999694824219,80.48999786376953,79.19999694824219,80.19000244140625,5865400,68.38011932373047
2015-06-11,80.33999633789062,80.7699966430664,80,80.30000305175781,4013400,68.47392272949219
2015-06-12,80.43000030517578,80.44999694824219,79.11000061035156,79.52999877929688,6253500,67.81731414794922
2015-06-15,79,79.37000274658203,78.81999969482422,79.25,4929300,67.57855987548828
2015-06-16,79.04000091552734,79.80000305175781,79,79.36000061035156,6992700,67.67237091064453
2015-06-17,79.63999938964844,80.86000061035156,79.45999908447266,80.31999969482422,6945600,68.49097442626953
2015-06-18,80.23999786376953,80.9000015258789,79.80999755859375,80.7699966430664,4632300,68.87469482421875
2015-06-19,80.5199966430664,80.62000274658203,79.79000091552734,80.19000244140625,13054800,68.38011932373047
2015-06-22,80.68000030517578,81.70999908447266,80.66000366210938,81.25,5548600,69.28400421142578
2015-06-23,81.44000244140625,81.91999816894531,81.29000091552734,81.36000061035156,5356300,69.3778076171875
2015-06-24,80.94000244140625,81.36000061035156,80.73999786376953,80.73999786376953,5637600,68.84911346435547
2015-06-25,80.98999786376953,81,79.87999725341797,79.87999725341797,6591100,68.11576080322266
2015-06-26,80.16999816894531,80.44999694824219,79.83000183105469,79.87999725341797,15746700,68.11576080322266
2015-06-29,79.22000122070312,79.3499984741211,77.73999786376953,77.80000305175781,8553300,66.34207153320312
2015-06-30,78.16999816894531,78.41000366210938,77.6500015258789,77.72000122070312,7793000,66.52183532714844
2015-07-01,78.63999938964844,78.91000366210938,78.16000366210938,78.4000015258789,5319900,67.10386657714844
2015-07-02,78.69000244140625,79.12999725341797,78.18000030517578,78.20999908447266,4577700,66.94123840332031
2015-07-06,77.55000305175781,77.8499984741211,77.33999633789062,77.58999633789062,5724800,66.41056060791016
2015-07-07,77.55999755859375,77.80000305175781,76.41000366210938,77.55000305175781,7183000,66.37635040283203
2015-07-08,76.88999938964844,77.19999694824219,75.75,75.93000030517578,5544800,64.98974609375
2015-07-09,76.62999725341797,77.44999694824219,76.29000091552734,76.33999633789062,3934000,65.34069061279297
2015-07-10,77.30999755859375,77.48999786376953,76.91000366210938,77.30999755859375,3036000,66.17090606689453
2015-07-13,77.97000122070312,78.61000061035156,77.7699966430664,78.52999877929688,3677500,67.21514129638672
2015-07-14,78.5999984741211,79.13999938964844,78.20999908447266,78.97000122070312,3904900,67.59172821044922
2015-07-15,79.01000213623047,79.36000061035156,78.31999969482422,78.54000091552734,3947000,67.22369384765625
2015-07-16,79,79.16000366210938,78.66999816894531,78.91999816894531,4095800,67.54893493652344
2015-07-17,78.73999786376953,79.25,78.6500015258789,79.22000122070312,3084400,67.80572509765625
2015-07-20,79.19999694824219,79.62999725341797,79.18000030517578,79.30000305175781,3553000,67.87419128417969
2015-07-21,79.19999694824219,79.41000366210938,78.44999694824219,78.94999694824219,3974600,67.57464599609375
2015-07-22,78.80000305175781,79.19000244140625,78.5999984741211,78.98999786376953,4392700,67.60884857177734
2015-07-23,77.69999694824219,77.94999694824219,76.12999725341797,77.01000213623047,12256800,65.91414642333984
2015-07-24,76.6500015258789,77.1500015258789,75.68000030517578,75.9000015258789,8639900,64.96407318115234
2015-07-27,75.44000244140625,75.5999984741211,74.30000305175781,74.91999816894531,9861400,64.12528228759766
2015-07-28,75.12000274658203,75.56999969482422,74.37000274658203,75.11000061035156,5516600,64.28789520263672
2015-07-29,75.11000061035156,76.01000213623047,74.91999816894531,75.69999694824219,4594200,64.7928695678711
2015-07-30,75.79000091552734,76.20999908447266,75.63999938964844,76.12000274658203,4767100,65.15238189697266
2015-07-31,76.38999938964844,76.66999816894531,75.98999786376953,76.05999755859375,6344800,65.10104370117188
2015-08-03,75.86000061035156,76.16000366210938,75.43000030517578,75.9800033569336,5159500,65.03253173828125
2015-08-04,75.7699966430664,76.16000366210938,75.62999725341797,75.72000122070312,4137600,64.81000518798828
2015-08-05,76.3499984741211,76.4800033569336,75.58999633789062,75.58999633789062,5562000,64.6987075805664
2015-08-06,75.6500015258789,75.79000091552734,74.70999908447266,75,4522100,64.19373321533203
2015-08-07,75,80.22000122070312,74.33999633789062,79.72000122070312,23689600,68.2336654663086
2015-08-10,79.69000244140625,81.38999938964844,79.5,81.26000213623047,12609000,69.55179595947266
2015-08-11,80.43000030517578,81.6500015258789,80.25,81.33999633789062,8509800,69.62026977539062
2015-08-12,80.72000122070312,81.08999633789062,79.80000305175781,81,6945600,69.32925415039062
2015-08-13,81,81,80.37999725341797,80.76000213623047,4866900,69.12383270263672
2015-08-14,80.51000213623047,81.33000183105469,80.41999816894531,80.91000366210938,5387100,69.252197265625
2015-08-17,80.38999938964844,81.16999816894531,80.25,81,4574700,69.32925415039062
2015-08-18,81.05000305175781,81.41999816894531,80.69999694824219,81.23999786376953,4458300,69.53465270996094
2015-08-19,80.91999816894531,81.66000366210938,80.41000366210938,80.94999694824219,5314600,69.2864761352539
2015-08-20,80.11000061035156,80.45999908447266,78.7300033569336,78.76000213623047,7240600,67.41200256347656
2015-08-21,78.12000274658203,78.61000061035156,77.02999877929688,77.02999877929688,8483300,65.93125915527344
2015-08-24,73.36000061035156,76.08000183105469,71.70999908447266,74.6500015258789,12873200,63.89419174194336
2015-08-25,76.2699966430664,76.55000305175781,73.27999877929688,73.5199966430664,7779000,62.926979064941406
2015-08-26,75.38999938964844,75.9000015258789,73.95999908447266,75.62999725341797,6505800,64.73300170898438
2015-08-27,75.87999725341797,77.18000030517578,75.5199966430664,76.87999725341797,7025000,65.80289459228516
2015-08-28,76.31999969482422,76.80999755859375,75.93000030517578,76.6500015258789,4919000,65.60601043701172
2015-08-31,76.26000213623047,77.26000213623047,75.97000122070312,76.72000122070312,4559700,65.6659164428711
2015-09-01,74.8499984741211,75.36000061035156,73.5999984741211,74,6101100,63.33782958984375
2015-09-02,74.9000015258789,75.20999908447266,73.97000122070312,74.94000244140625,5914400,64.14240264892578
2015-09-03,75.37999725341797,76.25,75.05000305175781,75.26000213623047,4783000,64.4162826538086
2015-09-04,74.27999877929688,74.5199966430664,73.56999969482422,74.08000183105469,5095200,63.40630340576172
2015-09-08,75.58000183105469,75.7300033569336,74.91999816894531,75.48999786376953,6046300,64.6131362915039
2015-09-09,76.08000183105469,76.51000213623047,74.9800033569336,75.12000274658203,4959800,64.29646301269531
2015-09-10,75.1500015258789,75.86000061035156,74.9800033569336,75.30999755859375,4764600,64.4591064453125
2015-09-11,75.08000183105469,75.52999877929688,74.79000091552734,75.5,3843600,64.62171173095703
2015-09-14,75.16000366210938,75.5,74.77999877929688,75.13999938964844,4452100,64.3135986328125
2015-09-15,75.45999908447266,76.75,75.2300033569336,76.5,5473700,65.47764587402344
2015-09-16,76.45999908447266,77.51000213623047,76.38999938964844,77.31999969482422,4193100,66.17948150634766
2015-09-17,77.45999908447266,78.4000015258789,76.7699966430664,77.05999755859375,4181800,65.95692443847656
2015-09-18,76.05000305175781,76.80000305175781,75.72000122070312,75.94999694824219,12402900,65.00686645507812
2015-09-21,76.41999816894531,77.31999969482422,76.31999969482422,76.73999786376953,3266300,65.68306732177734
2015-09-22,75.61000061035156,75.7699966430664,75,75.70999908447266,5047200,64.80144500732422
2015-09-23,75.51000213623047,75.95999908447266,75.12999725341797,75.62999725341797,3183300,64.73300170898438
2015-09-24,74.98999786376953,75.02999877929688,73.8499984741211,74.69000244140625,6108900,63.928443908691406
2015-09-25,75.38999938964844,75.66999816894531,74.72000122070312,75.0999984741211,4478000,64.2793197631836
2015-09-28,74.45999908447266,74.69999694824219,73.26000213623047,73.33999633789062,5894700,62.77289962768555
2015-09-29,73.30000305175781,73.51000213623047,72.66000366210938,73.0999984741211,5283000,62.56748962402344
2015-09-30,73.88999938964844,74.19000244140625,73.30000305175781,74.12999725341797,4912200,63.4490852355957
2015-10-01,74.16000366210938,74.5999984741211,73.20999908447266,73.88999938964844,4741100,63.24370193481445
2015-10-02,72.69999694824219,74.41000366210938,72.5,74.41000366210938,5072400,63.68876647949219
2015-10-05,75.05000305175781,77.54000091552734,75.04000091552734,77.30000305175781,6480600,66.1623764038086
2015-10-06,77.23999786376953,77.54000091552734,76.72000122070312,76.91000366210938,3887100,65.82855224609375
2015-10-07,76.80999755859375,77.8499984741211,76.68000030517578,77.18000030517578,3431800,66.3096694946289
2015-10-08,76.98999786376953,77.26000213623047,76.11000061035156,77.18000030517578,3298900,66.3096694946289
2015-10-09,77.44999694824219,77.81999969482422,76.83000183105469,77.33000183105469,2651800,66.43856048583984
2015-10-12,77.16000366210938,77.31999969482422,76.94000244140625,77.30999755859375,1895100,66.4213638305664
2015-10-13,76.8499984741211,77.22000122070312,76.55999755859375,76.5999984741211,3247400,65.81134796142578
2015-10-14,76.41000366210938,76.77999877929688,75.94000244140625,76.16999816894531,3098600,65.44194030761719
2015-10-15,77,77.19000244140625,76.06999969482422,76.73999786376953,3615800,65.931640625
2015-10-16,77.08000183105469,77.5,76.62000274658203,77.20999908447266,5613700,66.33547973632812
2015-10-19,76.94999694824219,77.30999755859375,76.7300033569336,77,4054900,66.155029296875
2015-10-20,77.05000305175781,77.1500015258789,76.68000030517578,76.94999694824219,3470800,66.11207580566406
2015-10-21,77.29000091552734,77.61000061035156,76.3499984741211,76.51000213623047,5833500,65.73403930664062
2015-10-22,73.05999755859375,73.27999877929688,71.38999938964844,72.5,23652600,62.288822174072266
2015-10-23,72.81999969482422,74.83000183105469,72.62000274658203,74.58999633789062,9341300,64.08444213867188
2015-10-26,73.30000305175781,74.33000183105469,73.12999725341797,74.19000244140625,5227700,63.74081039428711
2015-10-27,73.79000091552734,74.20999908447266,73.7300033569336,74.01000213623047,4099000,63.58616638183594
2015-10-28,74.3499984741211,74.44999694824219,73.80999755859375,74.44999694824219,7841100,63.96417999267578
2015-10-29,74.1500015258789,74.97000122070312,74.04000091552734,74.22000122070312,5250200,63.76658248901367
2015-10-30,74.08000183105469,74.27999877929688,73.05999755859375,73.26000213623047,6310100,62.941802978515625
2015-11-02,73.43000030517578,74.06999969482422,73.2699966430664,73.94000244140625,4940600,63.52601623535156
2015-11-03,74.1500015258789,74.2699966430664,73.87000274658203,74.02999877929688,5047900,63.60331344604492
2015-11-04,74.30999755859375,74.8499984741211,73.94000244140625,74.06999969482422,12872700,63.637718200683594
2015-11-05,74.1500015258789,74.33000183105469,73.56999969482422,73.93000030517578,4983700,63.51742172241211
2015-11-06,74.55999755859375,74.80000305175781,74.11000061035156,74.30000305175781,7440800,63.835330963134766
2015-11-09,74.08000183105469,74.26000213623047,73.2300033569336,73.41999816894531,5622600,63.079280853271484
2015-11-10,73.12000274658203,73.58000183105469,73.0999984741211,73.37000274658203,4961900,63.036285400390625
2015-11-11,73.45999908447266,73.5999984741211,72.76000213623047,72.91000366210938,4719500,62.64108657836914
2015-11-12,72.72000122070312,72.79000091552734,71.81999969482422,71.9800033569336,6112500,61.84207534790039
2015-11-13,71.69000244140625,72.20999908447266,71.0999984741211,71.19999694824219,4486700,61.17191696166992
2015-11-16,70.83000183105469,71.66000366210938,70.20999908447266,71.66000366210938,5244600,61.56716537475586
2015-11-17,71.91999816894531,72.02999877929688,70.95999908447266,71.11000061035156,5867700,61.094608306884766
2015-11-18,71.12999725341797,72.16999816894531,71.12999725341797,72.1500015258789,5817000,61.98810958862305
2015-11-19,72.0999984741211,72.87999725341797,72.06999969482422,72.73999786376953,4851300,62.49502944946289
2015-11-20,72.87999725341797,73.3499984741211,72.0999984741211,72.41999816894531,4429600,62.2200813293457
2015-11-23,72.45999908447266,72.73999786376953,72.16999816894531,72.23999786376953,3251400,62.0654411315918
2015-11-24,71.87000274658203,71.95999908447266,71,71.62999725341797,4873100,61.541351318359375
2015-11-25,71.69999694824219,71.80000305175781,71.25,71.69000244140625,4391300,61.59287643432617
2015-11-27,71.80000305175781,72,71.43000030517578,71.8499984741211,1547500,61.73036575317383
2015-11-30,71.8499984741211,72.06999969482422,71.41999816894531,71.63999938964844,5377200,61.549957275390625
2015-12-01,72,72.44000244140625,71.56999969482422,72.19999694824219,4193500,62.03108215332031
2015-12-02,72.13999938964844,72.44000244140625,71.05999755859375,71.19999694824219,4146000,61.17191696166992
2015-12-03,71.41000366210938,71.69999694824219,70.12000274658203,70.41999816894531,6807800,60.50178146362305
2015-12-04,70.5,71.30999755859375,70.36000061035156,71.0999984741211,4993400,61.08599853515625
2015-12-07,70.81999969482422,71.08999633789062,70.16999816894531,70.61000061035156,5926400,60.665035247802734
2015-12-08,70.04000091552734,70.1500015258789,69.30999755859375,69.91000366210938,7669100,60.0636100769043
2015-12-09,69.44000244140625,70.80000305175781,69.3499984741211,69.86000061035156,6910700,60.02064895629883
2015-12-10,69.73999786376953,70.6500015258789,69.61000061035156,70.11000061035156,4783000,60.23543930053711
2015-12-11,69.04000091552734,69.83000183105469,68.4800033569336,68.86000061035156,9094300,59.1615104675293
2015-12-14,68.98999786376953,69.41999816894531,67.80000305175781,68.83000183105469,6393000,59.135746002197266
2015-12-15,69.75,70.63999938964844,69.58999633789062,70.1500015258789,6247200,60.269798278808594
2015-12-16,70.70999908447266,70.95999908447266,69.80000305175781,70.70999908447266,5581800,60.75092315673828
2015-12-17,70.79000091552734,70.95999908447266,69.41000366210938,69.56999969482422,4800000,59.77147674560547
2015-12-18,69.12999725341797,69.12999725341797,67.56999969482422,67.87000274658203,17898900,58.31093978881836
2015-12-21,68.1500015258789,68.7699966430664,67.98999786376953,68.4000015258789,4733400,58.76625442504883
2015-12-22,68.73999786376953,69.12999725341797,68.20999908447266,68.8499984741211,3796800,59.15289306640625
2015-12-23,69.05000305175781,69.98999786376953,68.94000244140625,69.97000122070312,5278000,60.11517333984375
2015-12-24,69.73999786376953,70.51000213623047,69.73999786376953,70.16000366210938,1956400,60.278404235839844
2015-12-28,70,70.0999984741211,69.36000061035156,69.76000213623047,2860700,59.93474197387695
2015-12-29,70.27999877929688,70.61000061035156,70.12000274658203,70.55000305175781,3838800,60.61347579956055
2015-12-30,70.51000213623047,70.75,70.08000183105469,70.16000366210938,2792700,60.278404235839844
2015-12-31,70.01000213623047,70.31999969482422,69.52999877929688,69.55000305175781,3531300,59.75430679321289
2016-01-04,68.08999633789062,68.18000030517578,66.7699966430664,67.58999633789062,9248300,58.070377349853516
2016-01-05,67.37000274658203,67.70999908447266,65.66999816894531,66.55000305175781,10809200,57.17684555053711
2016-01-06,65.23999786376953,65.55000305175781,64.23999786376953,64.41999816894531,9752200,55.589080810546875
2016-01-07,63.310001373291016,64.25,63.08000183105469,63.84000015258789,11323900,55.08858871459961
2016-01-08,64.18000030517578,64.41000366210938,63.56999969482422,63.630001068115234,10003600,54.90736389160156
2016-01-11,63.7400016784668,64.20999908447266,63.099998474121094,64.05000305175781,8157100,55.269813537597656
2016-01-12,64.80000305175781,64.9000015258789,63.599998474121094,64.4000015258789,7560000,55.57183074951172
2016-01-13,63.650001525878906,64.37000274658203,62.22999954223633,62.849998474121094,11291200,54.23430252075195
2016-01-14,62.849998474121094,63.75,62.369998931884766,63.290000915527344,6664000,54.61399841308594
2016-01-15,62.029998779296875,63.04999923706055,61.5,62.90999984741211,8643800,54.28607940673828
2016-01-19,63.40999984741211,63.790000915527344,62.2400016784668,62.63999938964844,7652100,54.05308532714844
2016-01-20,61.540000915527344,63.540000915527344,61.290000915527344,63.029998779296875,9043800,54.38963317871094
2016-01-21,63,64.31999969482422,62.5099983215332,62.63999938964844,8992300,54.05308532714844
2016-01-22,58.38999938964844,58.88999938964844,54.13999938964844,55.060001373291016,43783400,47.51219177246094
2016-01-25,54.459999084472656,55.77000045776367,54.13999938964844,55.02000045776367,18498300,47.4776725769043
2016-01-26,55.20000076293945,55.7400016784668,54.959999084472656,55.09000015258789,12844800,47.5380744934082
2016-01-27,55.369998931884766,55.81999969482422,54.41999816894531,54.52000045776367,11044100,47.04621887207031
2016-01-28,54.68000030517578,54.7599983215332,52.150001525878906,52.880001068115234,18015000,45.63103103637695
2016-01-29,53.18000030517578,53.709999084472656,53.04999923706055,53.5,13981100,46.166038513183594
2016-02-01,53.40999984741211,54.9900016784668,53,54.70000076293945,9861900,47.201534271240234
2016-02-02,54.33000183105469,54.38999938964844,53.4900016784668,53.65999984741211,11698400,46.3040885925293
2016-02-03,54,54.290000915527344,52.83000183105469,54.11000061035156,9729800,46.69240951538086
2016-02-04,54.08000183105469,54.459999084472656,53.810001373291016,54.380001068115234,6904000,46.92540740966797
2016-02-05,54.720001220703125,54.849998474121094,53.810001373291016,53.97999954223633,9159600,46.580230712890625
2016-02-08,53.2400016784668,53.45000076293945,52.22999954223633,52.400001525878906,11830600,45.216835021972656
2016-02-09,52.2599983215332,53.02000045776367,51.90999984741211,52.630001068115234,8588900,45.41529083251953
2016-02-10,53,53.43000030517578,52.279998779296875,52.290000915527344,7081900,45.121910095214844
2016-02-11,51.220001220703125,51.59000015258789,50.27000045776367,51.11000061035156,9214500,44.103660583496094
2016-02-12,51.880001068115234,52.72999954223633,51.63999938964844,52.65999984741211,6107700,45.44118118286133
2016-02-16,53.0099983215332,53.47999954223633,52.72999954223633,53.18000030517578,7163800,45.88990020751953
2016-02-17,53.5,54,53.29999923706055,53.61000061035156,8638900,46.260955810546875
2016-02-18,53.5,54.349998474121094,53.45000076293945,54.150001525878906,8502900,46.726932525634766
2016-02-19,54.25,55.029998779296875,54.029998779296875,54.709999084472656,6557000,47.21015548706055
2016-02-22,54.709999084472656,55.630001068115234,54.709999084472656,55.630001068115234,6537800,48.0040397644043
2016-02-23,55.52000045776367,55.599998474121094,54.959999084472656,55.11000061035156,5884100,47.555320739746094
2016-02-24,54.45000076293945,54.869998931884766,53.560001373291016,54.63999938964844,5596400,47.14975357055664
2016-02-25,54.779998779296875,55.38999938964844,54.29999923706055,55.38999938964844,4385900,47.79694747924805
2016-02-26,55.709999084472656,55.900001525878906,55.150001525878906,55.380001068115234,5886800,47.78832244873047
2016-02-29,55.29999923706055,56.150001525878906,54.810001373291016,55.58000183105469,10380500,47.96090316772461
2016-03-01,56.029998779296875,56.84000015258789,55.619998931884766,56.79999923706055,9160800,49.01365280151367
2016-03-02,56.880001068115234,57.22999954223633,56.56999969482422,57.119998931884766,7266200,49.289791107177734
2016-03-03,57.15999984741211,58.18000030517578,57.15999984741211,58.09000015258789,6848000,50.126827239990234
2016-03-04,58.439998626708984,58.650001525878906,57.810001373291016,58.290000915527344,5410000,50.29939651489258
2016-03-07,58,59.47999954223633,57.630001068115234,59,9373500,50.912078857421875
2016-03-08,58.84000015258789,60,58.709999084472656,59.43000030517578,10556900,51.28312683105469
2016-03-09,59.72999954223633,59.790000915527344,58.52000045776367,59.04999923706055,6469000,50.95521926879883
2016-03-10,59.290000915527344,59.459999084472656,58.04999923706055,58.75,6484100,50.69634246826172
2016-03-11,59.529998779296875,59.90999984741211,59.02000045776367,59.459999084472656,7837300,51.30902099609375
2016-03-14,59.5099983215332,59.939998626708984,59.0099983215332,59.56999969482422,4253400,51.403926849365234
2016-03-15,59.36000061035156,59.400001525878906,58.630001068115234,59.22999954223633,3881900,51.11054992675781
2016-03-16,58.90999984741211,59.900001525878906,58.720001220703125,59.70000076293945,4882600,51.51610565185547
2016-03-17,59.54999923706055,60.5,59.31999969482422,60.08000183105469,4609800,51.84402084350586
2016-03-18,60.310001373291016,61.45000076293945,60.029998779296875,61.220001220703125,8341300,52.827754974365234
2016-03-21,60.9900016784668,61.380001068115234,60.849998474121094,61.209999084472656,3665600,52.81911087036133
2016-03-22,60.77000045776367,60.900001525878906,59.90999984741211,60.61000061035156,4783200,52.30136489868164
2016-03-23,60.70000076293945,60.90999984741211,60.279998779296875,60.630001068115234,3605100,52.31862258911133
2016-03-24,60.220001220703125,60.52000045776367,59.599998474121094,60.470001220703125,3549900,52.18055725097656
2016-03-28,60.77000045776367,60.790000915527344,59.86000061035156,60.279998779296875,3261900,52.016597747802734
2016-03-29,60.11000061035156,60.650001525878906,59.459999084472656,60.599998474121094,4210300,52.2927360534668
2016-03-30,60.97999954223633,61,60.189998626708984,60.290000915527344,5103200,52.02524185180664
2016-03-31,60.5099983215332,61.52000045776367,60.279998779296875,61.400001525878906,6310200,52.98307418823242
2016-04-01,60.97999954223633,61.65999984741211,60.560001373291016,61.099998474121094,4167500,52.72418975830078
2016-04-04,61.0099983215332,61.060001373291016,60.459999084472656,60.619998931884766,3367300,52.310001373291016
2016-04-05,60.13999938964844,60.439998626708984,59.68000030517578,60.189998626708984,4640000,51.93894958496094
2016-04-06,59.84000015258789,60.04999923706055,59.41999816894531,59.880001068115234,4112100,51.92159652709961
2016-04-07,59.45000076293945,59.52000045776367,58.70000076293945,58.86000061035156,4051300,51.03717041015625
2016-04-08,59,60.2599983215332,58.9900016784668,59.5,4602800,51.59210968017578
2016-04-11,59.66999816894531,60.08000183105469,59.279998779296875,59.79999923706055,4033400,51.852230072021484
2016-04-12,60,60.709999084472656,59.79999923706055,60.68000030517578,4360300,52.61528015136719
2016-04-13,60.88999938964844,62.43000030517578,60.84000015258789,62.15999984741211,4689700,53.89856719970703
2016-04-14,62.15999984741211,62.68000030517578,61.970001220703125,62.5099983215332,4017900,54.202056884765625
2016-04-15,62.65999984741211,62.84000015258789,61.90999984741211,62.13999938964844,4395700,53.88124084472656
2016-04-18,61.810001373291016,62.630001068115234,61.72999954223633,62.59000015258789,3140100,54.27142333984375
2016-04-19,62.75,63.61000061035156,62.7400016784668,63.56999969482422,4798400,55.121192932128906
2016-04-20,64.12000274658203,65.33000183105469,63.91999816894531,65.0199966430664,8498700,56.37845993041992
2016-04-21,67,67.33999633789062,65.4000015258789,65.61000061035156,9466700,56.89004898071289
2016-04-22,65.05000305175781,66.22000122070312,65.05000305175781,65.93000030517578,5946300,57.16752624511719
2016-04-25,65.63999938964844,65.8499984741211,65.13999938964844,65.69999694824219,4201700,56.96809387207031
2016-04-26,65.9800033569336,66.43000030517578,65.62999725341797,66.19999694824219,3979600,57.40163040161133
2016-04-27,66.38999938964844,66.66999816894531,65.83000183105469,66.2300033569336,4539700,57.42763137817383
2016-04-28,65.7300033569336,66.48999786376953,65.55999755859375,65.83999633789062,3797800,57.089481353759766
2016-04-29,65.56999969482422,65.79000091552734,64.8499984741211,65.43000030517578,5051200,56.733978271484375
2016-05-02,65.58000183105469,66.05000305175781,65.18000030517578,65.68000030517578,4330000,56.95074462890625
2016-05-03,65.02999877929688,65.05000305175781,64.33000183105469,64.8499984741211,4745400,56.23106002807617
2016-05-04,64.12999725341797,64.75,63.83000183105469,64.26000213623047,4998000,55.719482421875
2016-05-05,64.45999908447266,64.72000122070312,63.790000915527344,63.91999816894531,4037200,55.42466735839844
2016-05-06,63.7599983215332,64.70999908447266,63.45000076293945,64.51000213623047,3667700,55.936248779296875
2016-05-09,64.2300033569336,64.58000183105469,63.77000045776367,63.97999954223633,4261100,55.476688385009766
2016-05-10,64.33999633789062,65.12999725341797,63.9900016784668,64.83999633789062,4042300,56.22239685058594
2016-05-11,64.62000274658203,65.31999969482422,64.41000366210938,64.58999633789062,4959500,56.00562286376953
2016-05-12,65.06999969482422,65.36000061035156,64.06999969482422,64.33999633789062,3607800,55.78884506225586
2016-05-13,64.3499984741211,64.9800033569336,64.05000305175781,64.12000274658203,4524000,55.59809494018555
2016-05-16,64.0199966430664,64.30000305175781,63.66999816894531,64.06999969482422,4879500,55.55472183227539
2016-05-17,63.86000061035156,64.0999984741211,62.59000015258789,62.7599983215332,7977600,54.4188346862793
2016-05-18,62.529998779296875,63.61000061035156,62.529998779296875,63.52000045776367,5316800,55.077823638916016
2016-05-19,63.060001373291016,63.529998779296875,62.31999969482422,62.7400016784668,4587000,54.40149688720703
2016-05-20,63.15999984741211,64.13999938964844,62.95000076293945,63.91999816894531,5278200,55.42466735839844
2016-05-23,63.86000061035156,64.0999984741211,63.560001373291016,63.59000015258789,3074100,55.138519287109375
2016-05-24,63.790000915527344,65.0999984741211,63.790000915527344,64.87000274658203,3946100,56.2484016418457
2016-05-25,65.04000091552734,65.76000213623047,65.01000213623047,65.30999755859375,5755900,56.62991714477539
2016-05-26,65.29000091552734,65.37000274658203,64.94999694824219,65.2300033569336,3593500,56.56056594848633
2016-05-27,65.38999938964844,65.69999694824219,65.33000183105469,65.5199966430664,3957100,56.81201171875
2016-05-31,65.69999694824219,65.91999816894531,65.4000015258789,65.76000213623047,5256000,57.020111083984375
2016-06-01,65.76000213623047,65.95999908447266,65.18000030517578,65.91000366210938,3816000,57.15019226074219
2016-06-02,65.86000061035156,66.41000366210938,65.5999984741211,66.41000366210938,3052200,57.583744049072266
2016-06-03,65.52999877929688,65.81999969482422,64.7699966430664,65.48999786376953,4352000,56.7859992980957
2016-06-06,65.55000305175781,66.19999694824219,65.5,65.94000244140625,3915200,57.17618942260742
2016-06-07,66.1500015258789,66.5999984741211,65.87999725341797,65.88999938964844,3779500,57.132835388183594
2016-06-08,65.94000244140625,66.58000183105469,65.94000244140625,66.26000213623047,2601100,57.45366287231445
2016-06-09,65.72000122070312,65.77999877929688,64.9000015258789,65.70999908447266,3883800,56.97676467895508
2016-06-10,65.26000213623047,65.4800033569336,64.70999908447266,64.97000122070312,3939100,56.335121154785156
2016-06-13,64.80000305175781,64.88999938964844,63.630001068115234,63.66999816894531,5883400,55.2078857421875
2016-06-14,63.59000015258789,63.65999984741211,60.380001068115234,61.06999969482422,12323200,52.95344543457031
2016-06-15,61.470001220703125,62.15999984741211,60.86000061035156,61.41999816894531,5979900,53.25692367553711
2016-06-16,60.939998626708984,62.11000061035156,60.65999984741211,61.93000030517578,5543600,53.69914627075195
2016-06-17,61.93000030517578,62.43000030517578,61.619998931884766,61.86000061035156,6521500,53.63845443725586
2016-06-20,62.650001525878906,63.40999984741211,62.22999954223633,62.29999923706055,4289100,54.01996994018555
2016-06-21,62.29999923706055,62.47999954223633,61.75,62.290000915527344,3360600,54.01131057739258
2016-06-22,62.290000915527344,62.63999938964844,61.880001068115234,61.95000076293945,3462800,53.71648406982422
2016-06-23,62.84000015258789,63.27000045776367,62.470001220703125,63.25,3624600,54.84370803833008
2016-06-24,60.47999954223633,61.70000076293945,60,60.060001373291016,10798700,52.07768249511719
2016-06-27,59.34000015258789,59.34000015258789,57.33000183105469,57.66999816894531,7567600,50.005340576171875
2016-06-28,58.25,58.61000061035156,57.150001525878906,57.900001525878906,8294300,50.20476150512695
2016-06-29,57.95000076293945,59.70000076293945,57.86000061035156,59.630001068115234,6281100,51.96511459350586
2016-06-30,59.869998931884766,60.7599983215332,58.81999969482422,60.7599983215332,8535400,52.94983673095703
2016-07-01,60.7599983215332,61.52000045776367,60.56999969482422,60.689998626708984,4166500,52.888851165771484
2016-07-05,60.220001220703125,60.38999938964844,58.959999084472656,59.150001525878906,4911800,51.54679870605469
2016-07-06,58.75,59.72999954223633,58.25,59.47999954223633,5484400,51.834381103515625
2016-07-07,59.47999954223633,60.33000183105469,59.380001068115234,59.810001373291016,5077400,52.12196731567383
2016-07-08,60.68000030517578,61.599998474121094,60.54999923706055,61.4900016784668,5768400,53.58601760864258
2016-07-11,61.95000076293945,62.459999084472656,61.86000061035156,62.15999984741211,3414400,54.169891357421875
2016-07-12,62.630001068115234,63.33000183105469,62.630001068115234,63,4531900,54.90191650390625
2016-07-13,62.97999954223633,63.349998474121094,62.63999938964844,63.099998474121094,3887600,54.98906707763672
2016-07-14,63.65999984741211,64,63.40999984741211,63.61000061035156,4417200,55.43351364135742
2016-07-15,63.95000076293945,64.11000061035156,63.310001373291016,63.779998779296875,3675600,55.581661224365234
2016-07-18,63.959999084472656,64.12000274658203,63.540000915527344,63.9900016784668,3260000,55.764671325683594
2016-07-19,63.689998626708984,64.16999816894531,63.5,64.16000366210938,3840500,55.91281509399414
2016-07-20,64.29000091552734,64.80000305175781,63.5,64.4800033569336,8315800,56.191680908203125
2016-07-21,63.79999923706055,64.37999725341797,62.880001068115234,63.43000030517578,9498600,55.27664566040039
2016-07-22,63.400001525878906,64.33999633789062,63.369998931884766,64.27999877929688,4063400,56.017391204833984
2016-07-25,64.19999694824219,64.41999816894531,64.04000091552734,64.33000183105469,3060300,56.06096267700195
2016-07-26,64.43000030517578,64.55000305175781,63.97999954223633,64.37000274658203,2745900,56.09581756591797
2016-07-27,64.2699966430664,64.94000244140625,64.20999908447266,64.58999633789062,3168500,56.28755569458008
2016-07-28,64.36000061035156,64.97000122070312,64.05999755859375,64.79000091552734,3044000,56.46184539794922
2016-07-29,64.69999694824219,64.73999786376953,64.16999816894531,64.45999908447266,3732700,56.17424774169922
2016-08-01,64.48999786376953,64.73999786376953,63.959999084472656,64.12999725341797,2913900,55.88666915893555
2016-08-02,63.959999084472656,64.22000122070312,63.20000076293945,63.470001220703125,2531000,55.31150817871094
2016-08-03,63.5,64.0199966430664,63.470001220703125,63.83000183105469,3034500,55.625221252441406
2016-08-04,63.880001068115234,64.0199966430664,63.5099983215332,63.939998626708984,3680000,55.72108840942383
2016-08-05,64.54000091552734,65.70999908447266,64.3499984741211,65.5199966430664,4863800,57.09800338745117
2016-08-08,65.83000183105469,66.25,65.61000061035156,65.83000183105469,3253700,57.3681526184082
2016-08-09,65.83000183105469,66.01000213623047,65.16999816894531,65.38999938964844,3701600,56.98469924926758
2016-08-10,65.43000030517578,65.5,64.58000183105469,64.73999786376953,2883000,56.41825485229492
2016-08-11,65,65.66000366210938,64.88999938964844,65.4800033569336,2450100,57.06315612792969
2016-08-12,65.16000366210938,65.51000213623047,65.01000213623047,65.37999725341797,2103800,56.97598648071289
2016-08-15,65.2699966430664,65.81999969482422,65.2699966430664,65.62999725341797,3136700,57.19387435913086
2016-08-16,65.61000061035156,65.66999816894531,65.27999877929688,65.30000305175781,2805600,56.906288146972656
2016-08-17,65.4000015258789,65.8499984741211,65.08999633789062,65.68000030517578,3054500,57.2374267578125
2016-08-18,65.5199966430664,65.77999877929688,65.2699966430664,65.62999725341797,2807500,57.19387435913086
2016-08-19,65.47000122070312,65.68000030517578,65.06999969482422,65.52999877929688,2783200,57.10671615600586
2016-08-22,65.52999877929688,65.54000091552734,64.95999908447266,65.36000061035156,3230700,56.958560943603516
2016-08-23,65.7300033569336,66.27999877929688,65.68000030517578,65.68000030517578,3551700,57.2374267578125
2016-08-24,65.8499984741211,66.12000274658203,65.05000305175781,65.16000366210938,4128200,56.78428268432617
2016-08-25,65,65.1500015258789,64.76000213623047,65,4243800,56.644840240478516
2016-08-26,65.2699966430664,65.48999786376953,64.5199966430664,64.79000091552734,3623600,56.46184539794922
2016-08-29,65,65.7699966430664,64.80000305175781,65.5199966430664,4173800,57.09800338745117
2016-08-30,65.7699966430664,65.97000122070312,65.0999984741211,65.44999694824219,3775800,57.03699493408203
2016-08-31,65.47000122070312,65.72000122070312,64.86000061035156,65.58000183105469,4783600,57.15028381347656
2016-09-01,65.55000305175781,65.63999938964844,64.41999816894531,64.86000061035156,3657700,56.522830963134766
2016-09-02,65.05999755859375,65.66999816894531,64.86000061035156,65.19000244140625,3131700,56.8104248046875
2016-09-06,65.16000366210938,65.7699966430664,65.05000305175781,65.76000213623047,3956400,57.30714797973633
2016-09-07,65.48999786376953,66.19999694824219,65.30999755859375,66.19000244140625,3200700,57.68190002441406
2016-09-08,66.1500015258789,66.70999908447266,66.05000305175781,66.23999786376953,4078900,57.72544479370117
2016-09-09,65.73999786376953,66.0199966430664,65.12000274658203,65.12000274658203,5144900,56.749412536621094
2016-09-12,64.72000122070312,66.08999633789062,64.13999938964844,65.9000015258789,4923200,57.42914962768555
2016-09-13,65.22000122070312,65.31999969482422,64.04000091552734,64.36000061035156,5620300,56.08710479736328
2016-09-14,64.36000061035156,64.36000061035156,63.34000015258789,63.47999954223633,5403300,55.32021713256836
2016-09-15,63.400001525878906,64.16999816894531,63.2599983215332,63.83000183105469,4634300,55.625221252441406
2016-09-16,63.369998931884766,63.95000076293945,63.15999984741211,63.65999984741211,10475800,55.47707748413086
2016-09-19,63.959999084472656,64.58000183105469,63.66999816894531,64.05999755859375,3388600,55.82566452026367
2016-09-20,64.5199966430664,64.63999938964844,63.70000076293945,63.720001220703125,2927600,55.52936553955078
2016-09-21,63.9900016784668,64.5,63.720001220703125,64.27999877929688,3849300,56.017391204833984
2016-09-22,64.3499984741211,65.08000183105469,64.33000183105469,64.62999725341797,3213700,56.32239532470703
2016-09-23,64.51000213623047,64.83000183105469,63.790000915527344,63.849998474121094,5083900,55.64264678955078
2016-09-26,63.439998626708984,64.12999725341797,62.849998474121094,63.41999816894531,6946600,55.26792526245117
2016-09-27,63.93000030517578,64.41999816894531,63.58000183105469,64.27999877929688,3916300,56.017391204833984
2016-09-28,64.2699966430664,64.5,63.72999954223633,64.22000122070312,3580100,55.96509552001953
2016-09-29,64.20999908447266,64.80999755859375,62.959999084472656,63.369998931884766,4132500,55.224369049072266
2016-09-30,63.779998779296875,64.37000274658203,63.630001068115234,64.04000091552734,4307000,55.8082389831543
2016-10-03,63.83000183105469,64.05000305175781,63.540000915527344,63.810001373291016,2770000,55.60780715942383
2016-10-04,63.84000015258789,64.37999725341797,63.709999084472656,63.90999984741211,3709400,55.6949462890625
2016-10-05,63.77000045776367,64.52999877929688,63.689998626708984,64.36000061035156,3345000,56.36934280395508
2016-10-06,63.560001373291016,63.68000030517578,61.7599983215332,61.939998626708984,7975900,54.24980926513672
2016-10-07,62.11000061035156,62.27000045776367,61.47999954223633,61.7599983215332,4217400,54.092159271240234
2016-10-10,62.150001525878906,62.4900016784668,61.869998931884766,61.900001525878906,2522900,54.21477508544922
2016-10-11,61.529998779296875,61.70000076293945,60.54999923706055,60.86000061035156,3926500,53.303890228271484
2016-10-12,60.81999969482422,61.04999923706055,60.58000183105469,60.689998626708984,3293800,53.155006408691406
2016-10-13,60.22999954223633,60.560001373291016,59.5,60.40999984741211,4220500,52.909759521484375
2016-10-14,61.0099983215332,61.20000076293945,60.099998474121094,60.150001525878906,4963800,52.682044982910156
2016-10-17,60.27000045776367,60.41999816894531,59.779998779296875,59.900001525878906,3903900,52.46308135986328
2016-10-18,60.52000045776367,60.56999969482422,59.880001068115234,60.08000183105469,3416600,52.620731353759766
2016-10-19,60.41999816894531,61.68000030517578,60.27000045776367,61.25,7888500,53.64547348022461
2016-10-20,65.33999633789062,67.77999877929688,64.75,66.77999877929688,25870700,58.488895416259766
2016-10-21,66.44999694824219,67.58999633789062,66.4000015258789,67.36000061035156,8561200,58.99689865112305
2016-10-24,67.69000244140625,67.93000030517578,67.06999969482422,67.08999633789062,5174000,58.7603874206543
2016-10-25,66.93000030517578,67.37999725341797,66.61000061035156,66.73999786376953,3882300,58.45386505126953
2016-10-26,66.5,67.06999969482422,66.13999938964844,66.80000305175781,3621800,58.50640869140625
2016-10-27,67,67.22000122070312,66.43000030517578,66.93000030517578,4751300,58.620262145996094
2016-10-28,67.1500015258789,67.22000122070312,66.30000305175781,66.44999694824219,4994500,58.19985580444336
2016-10-31,66.80999755859375,66.83000183105469,66.30999755859375,66.41999816894531,3233400,58.1735954284668
2016-11-01,66.7699966430664,66.80999755859375,65.7300033569336,66.25,3761600,58.02470397949219
2016-11-02,65.76000213623047,66.02999877929688,65.13999938964844,65.44999694824219,3659000,57.32401657104492
2016-11-03,65.52999877929688,65.76000213623047,65.04000091552734,65.33000183105469,3796500,57.21891784667969
2016-11-04,65.5,66.08000183105469,65.02999877929688,65.51000213623047,3429900,57.37657165527344
2016-11-07,66.8499984741211,67.33000183105469,66.6500015258789,67,4012100,58.68156433105469
2016-11-08,66.79000091552734,67.26000213623047,66.30999755859375,67.06999969482422,3956000,58.74287796020508
2016-11-09,67.16000366210938,69,67.05999755859375,68.73999786376953,9319100,60.20555877685547
2016-11-10,69.23999786376953,70.4000015258789,69.05000305175781,70.11000061035156,9418700,61.40544509887695
2016-11-11,69.97000122070312,70.58999633789062,69.6500015258789,70.5,4656100,61.747039794921875
2016-11-14,70.80000305175781,72.68000030517578,70.62999725341797,72.41999816894531,8084100,63.42863464355469
2016-11-15,72.12999725341797,72.4800033569336,71.23999786376953,72.47000122070312,4431200,63.47243118286133
2016-11-16,71.94999694824219,72.4000015258789,71.27999877929688,71.68000030517578,4663700,62.78054428100586
2016-11-17,71.36000061035156,72,71.31999969482422,71.77999877929688,3797400,62.868099212646484
2016-11-18,71.52999877929688,71.5999984741211,70.7699966430664,71,5430600,62.18495178222656
2016-11-21,71.30999755859375,71.66999816894531,70.95999908447266,71.54000091552734,3368200,62.657901763916016
2016-11-22,71.81999969482422,71.87999725341797,70.87000274658203,71.72000122070312,4086200,62.8155517578125
2016-11-23,71.94000244140625,72.91999816894531,71.51000213623047,72.87999725341797,4661400,63.831565856933594
2016-11-25,72.97000122070312,73.18000030517578,72.45999908447266,72.86000061035156,1900400,63.81404113769531
2016-11-28,72.52999877929688,72.7699966430664,71.97000122070312,72.12999725341797,4467700,63.17466735839844
2016-11-29,72.19999694824219,72.26000213623047,71.38999938964844,71.48999786376953,3814800,62.614105224609375
2016-11-30,72,72.33000183105469,71.77999877929688,72.04000091552734,4812500,63.09584045410156
2016-12-01,72.44999694824219,72.7699966430664,71.77999877929688,72.52999877929688,4298200,63.524993896484375
2016-12-02,72.5199966430664,72.66000366210938,71.43000030517578,71.86000061035156,2959100,62.93818283081055
2016-12-05,72.33000183105469,72.63999938964844,71.98999786376953,72.02999877929688,3929100,63.08709716796875
2016-12-06,72.47000122070312,72.73999786376953,72.08000183105469,72.30999755859375,3843900,63.33229446411133
2016-12-07,72.47000122070312,74.72000122070312,72.2300033569336,74.29000091552734,5801500,65.06646728515625
2016-12-08,74.80000305175781,75.19999694824219,73.98999786376953,74.91000366210938,3415800,65.6094970703125
2016-12-09,74.83999633789062,74.91000366210938,74.29000091552734,74.7699966430664,2566900,65.48687744140625
2016-12-12,74.69999694824219,74.69999694824219,73.1500015258789,73.58000183105469,3654900,64.44462585449219
2016-12-13,73.66999816894531,74.2300033569336,73.11000061035156,73.83999633789062,2892900,64.67235565185547
2016-12-14,73.52999877929688,75.7300033569336,73.23999786376953,74.06999969482422,5415800,64.87381744384766
2016-12-15,74.54000091552734,75.73999786376953,74.33999633789062,74.94000244140625,4061600,65.63581085205078
2016-12-16,75.29000091552734,75.37999725341797,74.58000183105469,75,8200600,65.6883316040039
2016-12-19,74.68000030517578,75.12999725341797,74.13999938964844,74.55000305175781,3076600,65.2942123413086
2016-12-20,75,75.5,74.52999877929688,75.05999755859375,3244900,65.74087524414062
2016-12-21,75.11000061035156,75.56999969482422,74.69000244140625,75.31999969482422,3244500,65.96859741210938
2016-12-22,75,75.37000274658203,74.5,74.58000183105469,2865200,65.32048034667969
2016-12-23,74.73999786376953,75.23999786376953,74.73999786376953,74.97000122070312,1957500,65.66206359863281
2016-12-27,75.0999984741211,75.11000061035156,74.79000091552734,74.9800033569336,2049400,65.6707992553711
2016-12-28,75.02999877929688,75.37999725341797,74.1500015258789,74.37000274658203,2517300,65.1365737915039
2016-12-29,74.2699966430664,74.68000030517578,73.5,73.91999816894531,2573700,64.74242401123047
2016-12-30,73.95999908447266,74.33999633789062,73.83999633789062,74.08000183105469,3378800,64.882568359375
2017-01-03,74.88999938964844,75.75,74.73999786376953,75.3499984741211,5853900,65.99488067626953
2017-01-04,75.26000213623047,76.55000305175781,75.05999755859375,76.26000213623047,4635800,67.07676696777344
2017-01-05,76,76.18000030517578,74.81999969482422,75.31999969482422,3383000,66.24993133544922
2017-01-06,75.4000015258789,75.91999816894531,75.05999755859375,75.47000122070312,3089600,66.38191223144531
2017-01-09,76.13999938964844,76.5,75.52999877929688,75.86000061035156,4818700,66.72492218017578
2017-01-10,76.5199966430664,78,76.12000274658203,76.6500015258789,9561400,67.41980743408203
2017-01-11,76.66999816894531,77.44000244140625,76.0999984741211,76.91000366210938,4500200,67.64850616455078
2017-01-12,76.83000183105469,76.94999694824219,75.83999633789062,76.87999725341797,4056700,67.6220932006836
2017-01-13,76.93000030517578,77.62999725341797,76.41000366210938,76.62000274658203,3454300,67.3934097290039
2017-01-17,77.4000015258789,77.69999694824219,76.47000122070312,76.5999984741211,6450300,67.37580108642578
2017-01-18,77.11000061035156,77.61000061035156,76.51000213623047,77.48999786376953,5988400,68.15863037109375
2017-01-19,77.61000061035156,77.77999877929688,76.61000061035156,76.69000244140625,8111400,67.4549789428711
2017-01-20,75.98999786376953,76.91000366210938,75.38999938964844,76.19999694824219,8465900,67.02396392822266
2017-01-23,75.91999816894531,76.4800033569336,75.7300033569336,75.97000122070312,4444300,66.82166290283203
2017-01-24,76.33000183105469,77.66000366210938,76.08999633789062,77.43000030517578,4024300,68.10588073730469
2017-01-25,78,78.0199966430664,76.4000015258789,76.88999938964844,5278300,67.63089752197266
2017-01-26,76.94999694824219,77.45999908447266,76.62999725341797,76.93000030517578,3344900,67.66606140136719
2017-01-27,77,77.30000305175781,76.54000091552734,76.8499984741211,3530900,67.59571075439453
2017-01-30,76.83000183105469,77.31999969482422,76.54000091552734,77.27999877929688,5344500,67.97395324707031
2017-01-31,76.86000061035156,77.25,75.97000122070312,76.37999725341797,5568100,67.18230438232422
2017-02-01,76.8499984741211,77.44000244140625,76.58000183105469,76.76000213623047,3916800,67.51654815673828
2017-02-02,76.2300033569336,76.88999938964844,76.05999755859375,76.51000213623047,3655500,67.29666900634766
2017-02-03,77.13999938964844,78.41999816894531,76.91000366210938,78.04000091552734,5235800,68.64241027832031
2017-02-06,77.72000122070312,78.41000366210938,77.4800033569336,77.81999969482422,3229500,68.44889068603516
2017-02-07,78.05999755859375,78.37999725341797,77.5199966430664,77.72000122070312,2060200,68.36093139648438
2017-02-08,77.54000091552734,77.94000244140625,77.08000183105469,77.80000305175781,2223100,68.43128967285156
2017-02-09,77.80000305175781,78.37000274658203,77.66999816894531,78.18000030517578,3031800,68.76554107666016
2017-02-10,78.5,78.69000244140625,78.2300033569336,78.4800033569336,2191200,69.0294189453125
2017-02-13,78.81999969482422,79.18000030517578,78.4800033569336,78.91000366210938,3317100,69.40765380859375
2017-02-14,79,79.44999694824219,78.66999816894531,79.41000366210938,3511200,69.8474349975586
2017-02-15,79.79000091552734,80.0999984741211,78.66999816894531,79.5999984741211,5704100,70.01455688476562
2017-02-16,79.45999908447266,79.5999984741211,78.91999816894531,79.51000213623047,4295000,69.9354019165039
2017-02-17,79.22000122070312,79.77999877929688,78.9000015258789,79.70999908447266,2690300,70.1113052368164
2017-02-21,79.91999816894531,80.44999694824219,79.63999938964844,79.97000122070312,3505500,70.34001159667969
2017-02-22,79.83000183105469,79.97000122070312,79.38999938964844,79.86000061035156,2943000,70.24325561523438
2017-02-23,79.87000274658203,80.44999694824219,79.7699966430664,80.05000305175781,3339500,70.41036987304688
2017-02-24,79.76000213623047,79.88999938964844,79.26000213623047,79.76000213623047,3932300,70.1552963256836
2017-02-27,79.75,80.30999755859375,79.58999633789062,80.16999816894531,2619400,70.51592254638672
2017-02-28,80.12000274658203,80.48999786376953,79.7699966430664,80.05999755859375,4415300,70.4191665649414
2017-03-01,81.05000305175781,82,81.0199966430664,81.91999816894531,4746400,72.05516815185547
2017-03-02,81.66000366210938,81.66000366210938,80.05999755859375,80.0999984741211,4409800,70.45433044433594
2017-03-03,80.0999984741211,80.66000366210938,79.81999969482422,79.87999725341797,4579600,70.26081085205078
2017-03-06,79.5,79.68000030517578,79.08999633789062,79.5,3670300,69.92659759521484
2017-03-07,79.7699966430664,80.0199966430664,79.33000183105469,79.58000183105469,4433500,69.99697875976562
2017-03-08,80,80.37000274658203,78.97000122070312,79.04000091552734,4326800,69.52200317382812
2017-03-09,79.19000244140625,79.69999694824219,78.80999755859375,79.30000305175781,4573500,69.75067901611328
2017-03-10,79.37999725341797,79.45999908447266,78.87999725341797,79.37999725341797,3762800,69.82106018066406
2017-03-13,79.37999725341797,79.54000091552734,79.05999755859375,79.20999908447266,3664300,69.67151641845703
2017-03-14,78.95999908447266,79.80000305175781,78.83000183105469,79.69000244140625,3321400,70.09374237060547
2017-03-15,79.8499984741211,79.88999938964844,78.98999786376953,79.2300033569336,4337200,69.68909454345703
2017-03-16,79.47000122070312,80.0999984741211,79.38999938964844,79.7699966430664,3474800,70.16407775878906
2017-03-17,79.91999816894531,79.95999908447266,78.9800033569336,79.25,6672600,69.70671844482422
2017-03-20,79.1500015258789,79.5999984741211,78.83000183105469,78.8499984741211,3099500,69.35487365722656
2017-03-21,78.93000030517578,79.12999725341797,77.31999969482422,77.52999877929688,6804000,68.1938247680664
2017-03-22,77.43000030517578,78.18000030517578,77.05999755859375,77.66999816894531,4877300,68.31695556640625
2017-03-23,77.56999969482422,78.4000015258789,77.51000213623047,77.83999633789062,4082900,68.46649169921875
2017-03-24,78.11000061035156,78.83999633789062,77.87000274658203,78.19999694824219,4726800,68.78314208984375
2017-03-27,77.20999908447266,77.81999969482422,76.66999816894531,77.5999984741211,3835300,68.25537109375
2017-03-28,77.51000213623047,78.86000061035156,77.38999938964844,78.63999938964844,4235900,69.170166015625
2017-03-29,78.44999694824219,79.33999633789062,78.13999938964844,78.25,2913600,68.8271255493164
2017-03-30,78.19999694824219,79.30000305175781,78.08999633789062,79.20999908447266,2924100,69.67151641845703
2017-03-31,78.93000030517578,79.43000030517578,78.80000305175781,79.11000061035156,5228400,69.58355712890625
2017-04-03,79.16999816894531,79.18000030517578,77.97000122070312,78.58999633789062,3022700,69.12615966796875
2017-04-04,78.48999786376953,78.61000061035156,78.1500015258789,78.26000213623047,2563700,68.83592987060547
2017-04-05,78.58999633789062,79.02999877929688,77.66000366210938,77.76000213623047,2858400,68.67694854736328
2017-04-06,77.76000213623047,78.30000305175781,77.1500015258789,77.91999816894531,2914800,68.81826782226562
2017-04-07,77.4800033569336,78.23999786376953,77.37000274658203,77.7699966430664,2203000,68.68578338623047
2017-04-10,77.91999816894531,78.11000061035156,77.36000061035156,77.48999786376953,2217100,68.43848419189453
2017-04-11,77.52999877929688,77.56999969482422,76.69000244140625,77.26000213623047,4642300,68.23535919189453
2017-04-12,77.38999938964844,77.4800033569336,76.58000183105469,76.68000030517578,3055800,67.7231216430664
2017-04-13,76.33000183105469,76.80999755859375,75.69999694824219,75.80000305175781,3666600,66.94590759277344
2017-04-17,75.83000183105469,76.70999908447266,75.62999725341797,76.66999816894531,4160800,67.71427917480469
2017-04-18,76.44999694824219,76.48999786376953,75.52999877929688,75.79000091552734,3845900,66.93708801269531
2017-04-19,76.19000244140625,76.29000091552734,75.51000213623047,75.55000305175781,5283600,66.7250747680664
2017-04-20,77.5,80.27999877929688,77.45999908447266,80.0199966430664,11099300,70.67295837402344
2017-04-21,79.87999725341797,80.47000122070312,79.48999786376953,79.58999633789062,5837800,70.29318237304688
2017-04-24,80.63999938964844,80.91999816894531,80.23999786376953,80.44999694824219,3563200,71.052734375
2017-04-25,81.05999755859375,81.4000015258789,80.62999725341797,80.62999725341797,5061300,71.21170806884766
2017-04-26,80.62000274658203,80.91999816894531,80.1500015258789,80.5199966430664,3661600,71.11454772949219
2017-04-27,80.7699966430664,80.87000274658203,80.08000183105469,80.33000183105469,2922700,70.94674682617188
2017-04-28,79.94000244140625,80.16999816894531,79.05000305175781,79.25,5313200,69.99292755126953
2017-05-01,79.22000122070312,79.48999786376953,78.87999725341797,79.2300033569336,3458100,69.97523498535156
2017-05-02,79.1500015258789,79.66000366210938,79.1500015258789,79.54000091552734,3334900,70.24901580810547
2017-05-03,79.2300033569336,79.51000213623047,78.69000244140625,78.83000183105469,3800600,69.62194061279297
2017-05-04,79.2300033569336,79.41999816894531,77.98999786376953,78.33000183105469,3902200,69.18037414550781
2017-05-05,78.61000061035156,78.7300033569336,77.87999725341797,78.31999969482422,2936700,69.17154693603516
2017-05-08,78.5,78.73999786376953,77.94999694824219,78.16000366210938,2608600,69.03023529052734
2017-05-09,78.16000366210938,78.73999786376953,78.08999633789062,78.44000244140625,2570600,69.27749633789062
2017-05-10,78.27999877929688,78.66000366210938,78.13999938964844,78.6500015258789,2396900,69.4629898071289
2017-05-11,78.19999694824219,78.44999694824219,77.25,77.91999816894531,3780600,68.81826782226562
2017-05-12,77.69999694824219,77.80999755859375,77.22000122070312,77.48999786376953,2865800,68.43848419189453
2017-05-15,77.4800033569336,78.62000274658203,77.4800033569336,78.33000183105469,3327000,69.18037414550781
2017-05-16,78.5999984741211,78.63999938964844,77.83999633789062,78.12999725341797,2457500,69.00372314453125
2017-05-17,78.12999725341797,78.12999725341797,76.23999786376953,76.37000274658203,4441600,67.44931030273438
2017-05-18,76.2699966430664,76.8499984741211,75.97000122070312,76.37999725341797,3545700,67.45813751220703
2017-05-19,76.55000305175781,77.3499984741211,76.30000305175781,76.80000305175781,3283900,67.8291015625
2017-05-22,76.94999694824219,77.12000274658203,76.5,76.9800033569336,2800000,67.98804473876953
2017-05-23,77.0199966430664,77.41999816894531,76.81999969482422,77.19999694824219,2239600,68.18235778808594
2017-05-24,77.45999908447266,77.45999908447266,76.93000030517578,77.12000274658203,2091300,68.11168670654297
2017-05-25,77.48999786376953,77.91999816894531,77.26000213623047,77.44000244140625,3185200,68.39432525634766
2017-05-26,77.16999816894531,77.5999984741211,77.0199966430664,77.45999908447266,1858800,68.41197204589844
2017-05-30,77.23999786376953,77.41999816894531,76.98999786376953,77.08999633789062,2073000,68.08521270751953
2017-05-31,77.08999633789062,77.11000061035156,75.9800033569336,76.94000244140625,3117100,67.95274353027344
2017-06-01,77.2300033569336,78.37999725341797,76.94999694824219,78.27999877929688,3553400,69.13619995117188
2017-06-02,77.7699966430664,78.73999786376953,77.7699966430664,78.48999786376953,3534800,69.32170867919922
2017-06-05,78.75,79.19999694824219,78.61000061035156,78.97000122070312,2738600,69.74562072753906
2017-06-06,78.45999908447266,78.93000030517578,78.29000091552734,78.8499984741211,2878000,69.6396484375
2017-06-07,78.91000366210938,80.08999633789062,78.79000091552734,79.80999755859375,4284000,70.48746490478516
2017-06-08,79.80999755859375,80.19999694824219,79.66999816894531,79.94999694824219,4079800,70.61115264892578
2017-06-09,80.38999938964844,80.7300033569336,79.7300033569336,80.30999755859375,3849400,70.92908477783203
2017-06-12,80.3499984741211,80.7300033569336,80.06999969482422,80.16999816894531,3352300,70.80542755126953
2017-06-13,80.19999694824219,80.73999786376953,80.06999969482422,80.58999633789062,3174400,71.17637634277344
2017-06-14,80.11000061035156,80.91999816894531,79.62000274658203,80.83999633789062,4013100,71.39715576171875
2017-06-15,80.37999725341797,81.23999786376953,80.2300033569336,80.69999694824219,2773400,71.27351379394531
2017-06-16,80.86000061035156,81.4800033569336,80.7699966430664,81.44999694824219,5914700,71.93592834472656
2017-06-19,81.55999755859375,81.94000244140625,81.29000091552734,81.87999725341797,3076500,72.31571197509766
2017-06-20,81.9800033569336,82.80999755859375,81.80000305175781,82.51000213623047,3929100,72.87211608886719
2017-06-21,82.5999984741211,82.80000305175781,81.98999786376953,82.20999908447266,2683400,72.60714721679688
2017-06-22,82.11000061035156,82.62999725341797,82.05999755859375,82.25,2312100,72.64249420166016
2017-06-23,82.38999938964844,82.69999694824219,82.05999755859375,82.22000122070312,3785300,72.615966796875
2017-06-26,82.5,83.29000091552734,82.44000244140625,82.95999908447266,2491600,73.26953125
2017-06-27,83.05999755859375,83.5199966430664,83.01000213623047,83.08000183105469,2994500,73.37553405761719
2017-06-28,83.51000213623047,84.2699966430664,83.4000015258789,83.97000122070312,3668500,74.16153717041016
2017-06-29,84.91999816894531,85.38999938964844,83.16000366210938,83.62999725341797,5092600,73.86129760742188
2017-06-30,84.08999633789062,84.63999938964844,83.58999633789062,84.23999786376953,3320800,74.4000473022461
2017-07-03,84.69000244140625,85.73999786376953,84.69000244140625,85.0999984741211,2306900,75.15957641601562
2017-07-05,85.22000122070312,85.87999725341797,84.80999755859375,84.88999938964844,3501200,75.2571029663086
2017-07-06,84.66999816894531,84.83999633789062,83.72000122070312,83.73999786376953,3213400,74.2375717163086
2017-07-07,83.93000030517578,84.69000244140625,83.7699966430664,84.33000183105469,2454600,74.76063537597656
2017-07-10,84.12999725341797,84.56999969482422,83.97000122070312,84.30000305175781,2147000,74.73403930664062
2017-07-11,84.2300033569336,84.30999755859375,83.54000091552734,84.16000366210938,2733200,74.60990905761719
2017-07-12,84.27999877929688,84.9800033569336,84.05999755859375,84.81999969482422,4629100,75.19501495361328
2017-07-13,84.93000030517578,85.43000030517578,84.73999786376953,85.37000274658203,3309400,75.68260955810547
2017-07-14,84.8499984741211,85.55999755859375,84.58999633789062,85.27999877929688,3354700,75.60282897949219
2017-07-17,85.12999725341797,85.5199966430664,84.77999877929688,85.22000122070312,2190500,75.5496597290039
2017-07-18,84.95999908447266,85.55999755859375,84.76000213623047,85.5199966430664,2816000,75.81558990478516
2017-07-19,85.76000213623047,85.9800033569336,85.30000305175781,85.93000030517578,5539700,76.1790771484375
2017-07-20,84.94000244140625,85.44999694824219,84.52999877929688,85.3499984741211,5386400,75.6648941040039
2017-07-21,85.79000091552734,86.27999877929688,85.43000030517578,85.58999633789062,3570400,75.87765502929688
2017-07-24,85.44999694824219,85.66999816894531,83.86000061035156,85,5389100,75.35460662841797
2017-07-25,85.83999633789062,86.0999984741211,85.08000183105469,85.41000366210938,3255200,75.71807098388672
2017-07-26,85.41000366210938,85.72000122070312,85.16999816894531,85.30000305175781,3038100,75.62056732177734
2017-07-27,85.18000030517578,85.19999694824219,83.33000183105469,83.8499984741211,6119300,74.33511352539062
2017-07-28,83.87999725341797,85.0999984741211,83.62000274658203,84.80000305175781,3321200,75.17730712890625
2017-07-31,85.16999816894531,85.69999694824219,84.83999633789062,85.2300033569336,3079800,75.55852508544922
2017-08-01,85.72000122070312,85.83999633789062,85.13999938964844,85.23999786376953,3148800,75.56737518310547
2017-08-02,85.1500015258789,85.36000061035156,84.97000122070312,85.30000305175781,3252300,75.62056732177734
2017-08-03,85.23999786376953,85.87999725341797,85.13999938964844,85.54000091552734,2381800,75.83332824707031
2017-08-04,85.98999786376953,86.33000183105469,85.83999633789062,85.97000122070312,2840200,76.21451568603516
2017-08-07,86.0999984741211,86.19000244140625,85.68000030517578,85.8499984741211,2089100,76.10816955566406
2017-08-08,85.43000030517578,86.66999816894531,85.41000366210938,85.94000244140625,2922800,76.18794250488281
2017-08-09,85.73999786376953,85.97000122070312,85.23999786376953,85.69000244140625,2961000,75.96630859375
2017-08-10,85.44000244140625,85.58000183105469,84.55000305175781,84.55999755859375,3755200,74.96453094482422
2017-08-11,84.76000213623047,84.86000061035156,83.97000122070312,84.29000091552734,3078600,74.7251968383789
2017-08-14,84.73999786376953,85.66999816894531,84.72000122070312,85.47000122070312,2893600,75.77128601074219
2017-08-15,85.98999786376953,86.97000122070312,85.87999725341797,86.79000091552734,3774100,76.94148254394531
2017-08-16,87,87.77999877929688,86.98999786376953,87.38999938964844,3379600,77.47340393066406
2017-08-17,87.33999633789062,87.62999725341797,86.05000305175781,86.08999633789062,3870400,76.32088470458984
2017-08-18,85.98999786376953,86.12999725341797,85.20999908447266,85.37999725341797,4271200,75.69149780273438
2017-08-21,85.44999694824219,85.63999938964844,84.94999694824219,85.30000305175781,2505100,75.62056732177734
2017-08-22,85.47000122070312,85.7300033569336,84.91000366210938,85.30000305175781,2155300,75.62056732177734
2017-08-23,84.70999908447266,85.51000213623047,84.69999694824219,85.27999877929688,1960400,75.60282897949219
2017-08-24,85.48999786376953,85.52999877929688,85.04000091552734,85.36000061035156,2057900,75.67375183105469
2017-08-25,85.5,85.95999908447266,85.41999816894531,85.47000122070312,2302100,75.77128601074219
2017-08-28,85.66000366210938,85.69000244140625,85.20999908447266,85.41000366210938,2105500,75.71807098388672
2017-08-29,84.75,85.51000213623047,84.4000015258789,85.41999816894531,2779400,75.7269515991211
2017-08-30,85.37999725341797,85.73999786376953,85.22000122070312,85.69000244140625,2131700,75.96630859375
2017-08-31,86,86.27999877929688,85.69999694824219,86.0999984741211,3792300,76.32975769042969
2017-09-01,86.30999755859375,86.54000091552734,86.05000305175781,86.13999938964844,2262700,76.36524200439453
2017-09-05,85.72000122070312,85.91000366210938,84.68000030517578,85.30999755859375,3089800,75.62944030761719
2017-09-06,85.56999969482422,85.83999633789062,85,85.2300033569336,2823300,75.55852508544922
2017-09-07,85.2699966430664,85.5199966430664,84.08000183105469,84.41000366210938,2905400,74.83157348632812
2017-09-08,84.18000030517578,85.01000213623047,84.0199966430664,84.25,3462100,74.68970489501953
2017-09-11,84.97000122070312,86.12000274658203,84.97000122070312,85.69000244140625,3397500,75.96630859375
2017-09-12,85.97000122070312,86.5999984741211,85.80999755859375,86.55000305175781,3333300,76.72872161865234
2017-09-13,86.41999816894531,86.7699966430664,86.38999938964844,86.63999938964844,2396500,76.80850219726562
2017-09-14,86.54000091552734,86.80000305175781,86.16000366210938,86.19000244140625,2764900,76.40958404541016
2017-09-15,86.5199966430664,86.98999786376953,86.06999969482422,86.98999786376953,7791600,77.11880493164062
2017-09-18,87.08000183105469,87.87000274658203,86.94999694824219,87.87000274658203,3395100,77.89893341064453
2017-09-19,87.97000122070312,89.2300033569336,87.87999725341797,89,4043800,78.90071105957031
2017-09-20,89.25,89.37999725341797,88.2699966430664,88.43000030517578,4251000,78.39540100097656
2017-09-21,88.44999694824219,88.80000305175781,88.04000091552734,88.41999816894531,2877800,78.38651275634766
2017-09-22,88.30000305175781,88.70999908447266,88.0999984741211,88.4000015258789,2770100,78.36878204345703
2017-09-25,88.27999877929688,88.63999938964844,87.83999633789062,88.20999908447266,2863100,78.2003402709961
2017-09-26,88.47000122070312,88.7699966430664,88.19999694824219,88.69000244140625,2197800,78.62588500976562
2017-09-27,89.68000030517578,89.73999786376953,89.02999877929688,89.48999786376953,2888900,79.3351058959961
2017-09-28,89.2300033569336,90.30999755859375,89.2300033569336,90.13999938964844,2458800,79.91133880615234
2017-09-29,90.04000091552734,90.7699966430664,89.93000030517578,90.45999908447266,2996300,80.19503021240234
2017-10-02,90.44000244140625,91.16999816894531,90.0999984741211,90.54000091552734,4466400,80.26594543457031
2017-10-03,90.58999633789062,91.63999938964844,90.58999633789062,91.43000030517578,2912300,81.0549545288086
2017-10-04,91.5999984741211,91.61000061035156,90.91000366210938,91.01000213623047,3091700,80.68260955810547
2017-10-05,90.95999908447266,91.62000274658203,90.7699966430664,91.16000366210938,2991000,81.12759399414062
2017-10-06,91.25,91.58999633789062,91.08999633789062,91.55000305175781,1891800,81.47465515136719
2017-10-09,91.58999633789062,91.95999908447266,91.5,91.69000244140625,1653700,81.59928131103516
2017-10-10,91.87999725341797,92.33999633789062,91.77999877929688,91.88999938964844,2247200,81.7772216796875
2017-10-11,91.86000061035156,92.6500015258789,91.80999755859375,91.95999908447266,3051400,81.83955383300781
2017-10-12,91.62999725341797,92.2300033569336,91.41999816894531,91.61000061035156,3279000,81.52803802490234
2017-10-13,91.5,92.91999816894531,91.26000213623047,92.86000061035156,3224200,82.64051818847656
2017-10-16,93.04000091552734,93.3499984741211,90.80999755859375,91.95999908447266,4294000,81.83955383300781
2017-10-17,91.94000244140625,92.0999984741211,91.58000183105469,91.69000244140625,2939600,81.59928131103516
2017-10-18,91.80000305175781,92.2699966430664,91.68000030517578,92.08000183105469,4720200,81.94635009765625
2017-10-19,90.4000015258789,92.94999694824219,90.04000091552734,91.9000015258789,6512100,81.78618621826172
2017-10-20,92.83999633789062,93.29000091552734,91.97000122070312,92.08999633789062,4442200,81.95523834228516
2017-10-23,92.22000122070312,93.08999633789062,92.22000122070312,92.37999725341797,2963100,82.21331787109375
2017-10-24,92.5999984741211,93.93000030517578,92.33000183105469,93.86000061035156,4481500,83.53045654296875
2017-10-25,94,94.23999786376953,93.2699966430664,93.52999877929688,4266100,83.23675537109375
2017-10-26,93.98999786376953,95.7300033569336,93.9800033569336,95.69000244140625,4136800,85.15906524658203
2017-10-27,95.44999694824219,96.0199966430664,95.02999877929688,95.79000091552734,3212200,85.24806213378906
2017-10-30,95.7300033569336,96.12000274658203,94.83999633789062,95.06999969482422,3096500,84.60729217529297
2017-10-31,94.9800033569336,95.61000061035156,94.5199966430664,95.5199966430664,3146400,85.00775146484375
2017-11-01,96.29000091552734,96.56999969482422,95.44000244140625,95.79000091552734,2320000,85.24806213378906
2017-11-02,96,96.23999786376953,95.38999938964844,95.9800033569336,3013300,85.41712951660156
2017-11-03,96.27999877929688,96.43000030517578,95.77999877929688,96.43000030517578,2089500,85.81761169433594
2017-11-06,96.3499984741211,96.7300033569336,95.93000030517578,96.29000091552734,1848300,85.69300842285156
2017-11-07,96.41999816894531,96.9000015258789,95.18000030517578,95.37000274658203,3200900,84.87428283691406
2017-11-08,95.0999984741211,95.27999877929688,94.44999694824219,95.12999725341797,2163700,84.66067504882812
2017-11-09,94.33999633789062,94.66000366210938,93.27999877929688,93.75,3949800,83.43255615234375
2017-11-10,93.79000091552734,94.1500015258789,93.38999938964844,93.5199966430664,2714400,83.22787475585938
2017-11-13,93,93.9800033569336,92.77999877929688,93.9000015258789,2708500,83.56607055664062
2017-11-14,93.56999969482422,93.79000091552734,92.94000244140625,93.76000213623047,2843700,83.44146728515625
2017-11-15,93.2699966430664,93.79000091552734,92.80000305175781,93.26000213623047,3236600,82.99649047851562
2017-11-16,93.55000305175781,94.04000091552734,93.30000305175781,93.55999755859375,2586500,83.26348876953125
2017-11-17,93.30999755859375,93.76000213623047,92.91999816894531,93.69000244140625,3261200,83.37915802001953
2017-11-20,93.91999816894531,94.33999633789062,93.68000030517578,93.94999694824219,3456600,83.61053466796875
2017-11-21,94.41999816894531,94.6500015258789,94.12000274658203,94.41000366210938,2917000,84.01993560791016
2017-11-22,94.38999938964844,94.70999908447266,93.4800033569336,93.81999969482422,2159100,83.49485778808594
2017-11-24,93.97000122070312,94.12000274658203,93.47000122070312,93.4800033569336,837300,83.19226837158203
2017-11-27,93.56999969482422,94,93.36000061035156,93.47000122070312,2731300,83.1833724975586
2017-11-28,93.76000213623047,95.27999877929688,93.58000183105469,95.27999877929688,3536400,84.79418182373047
2017-11-29,95.95999908447266,97.31999969482422,95.5999984741211,96.5999984741211,4325500,85.96888732910156
2017-11-30,97.0199966430664,98.48999786376953,96.80999755859375,97.70999908447266,5328300,86.95675659179688
2017-12-01,98.08000183105469,98.22000122070312,95.8499984741211,97.86000061035156,3445200,87.09024810791016
2017-12-04,98.62000274658203,99.16999816894531,97.9800033569336,98.58999633789062,4562400,87.7398910522461
2017-12-05,99.19999694824219,99.75,98.58000183105469,98.70999908447266,3525600,87.8467025756836
2017-12-06,98.63999938964844,98.81999969482422,98.16999816894531,98.20999908447266,3081300,87.4017105102539
2017-12-07,97.76000213623047,99.12000274658203,97.4800033569336,98.58000183105469,3026100,87.73101043701172
2017-12-08,99,99,98.13999938964844,98.55000305175781,3850300,87.70431518554688
2017-12-11,98.5999984741211,99.04000091552734,98.23999786376953,99,2984100,88.10477447509766
2017-12-12,98.87999725341797,99.66000366210938,98.8499984741211,99.37000274658203,3455500,88.4340591430664
2017-12-13,99.12000274658203,99.30999755859375,97.76000213623047,97.77999877929688,3463900,87.01904296875
2017-12-14,98.30999755859375,98.6500015258789,97.1500015258789,97.1500015258789,3464600,86.45838928222656
2017-12-15,97.77999877929688,98.83999633789062,97.44000244140625,98.5199966430664,7891800,87.67760467529297
2017-12-18,99.19000244140625,100.52999877929688,98.98999786376953,99.68000030517578,3485400,88.70995330810547
2017-12-19,100.20999908447266,100.38999938964844,99.12000274658203,99.1500015258789,3282600,88.23828125
2017-12-20,99.70999908447266,99.94000244140625,98.45999908447266,98.51000213623047,3091000,87.66870880126953
2017-12-21,99.05000305175781,99.19000244140625,98.37000274658203,98.5,2339500,87.65982818603516
2017-12-22,98.47000122070312,99.04000091552734,98.20999908447266,98.73999786376953,1980300,87.8733901977539
2017-12-26,98.80000305175781,98.91999816894531,98.12999725341797,98.56999969482422,1575200,87.72209930419922
2017-12-27,98.9000015258789,99.25,98.56999969482422,99.12999725341797,2569900,88.220458984375
2017-12-28,99.63999938964844,99.91000366210938,99.36000061035156,99.69999694824219,1914900,88.72775268554688
2017-12-29,100,100.25,99.26000213623047,99.30999755859375,2056800,88.38067626953125
2018-01-02,99.7300033569336,99.7300033569336,98.22000122070312,98.94000244140625,2746700,88.05137634277344
2018-01-03,99.23999786376953,99.76000213623047,99.0199966430664,99.55000305175781,2976400,88.59426879882812
2018-01-04,100.02999877929688,101.6500015258789,99.91000366210938,100.8499984741211,3122000,90.06784057617188
2018-01-05,100.8499984741211,101.08000183105469,100.2699966430664,101.08000183105469,2550300,90.27325439453125
2018-01-08,101,101.19999694824219,100.12000274658203,100.1500015258789,1896500,89.44269561767578
2018-01-09,100.36000061035156,100.80000305175781,100.2699966430664,100.5199966430664,2978500,89.77314758300781
2018-01-10,100.38999938964844,101.58999633789062,100.33000183105469,101.22000122070312,2279200,90.39826202392578
2018-01-11,101.44000244140625,101.44000244140625,100.19999694824219,100.7300033569336,2745400,89.96066284179688
2018-01-12,100.86000061035156,101.02999877929688,99.93000030517578,100.97000122070312,3231500,90.17501831054688
2018-01-16,102.01000213623047,102.38999938964844,100.1500015258789,100.33999633789062,3814000,89.61237335205078
2018-01-17,100.98999786376953,101,99.23999786376953,100.76000213623047,4469700,89.98746490478516
2018-01-18,100.83999633789062,100.83999633789062,99.58000183105469,99.86000061035156,5290700,89.1836929321289
2018-01-19,97.01000213623047,98.94000244140625,96.3499984741211,98.02999877929688,12306000,87.54935455322266
2018-01-22,97.26000213623047,98.33999633789062,96.83999633789062,98.31999969482422,4983600,87.80834197998047
2018-01-23,98.16000366210938,98.4000015258789,97.44000244140625,97.9800033569336,4375200,87.50469207763672
2018-01-24,98.25,99.51000213623047,98.16000366210938,99.30000305175781,4949500,88.68356323242188
2018-01-25,99.43000030517578,100.11000061035156,99.19999694824219,99.69000244140625,3375200,89.03187561035156
2018-01-26,99.8499984741211,99.94999694824219,98.94999694824219,99.62999725341797,3668700,88.978271484375
2018-01-29,99.75,100.18000030517578,99.2300033569336,99.41000366210938,3472100,88.78182220458984
2018-01-30,99.44999694824219,100.0999984741211,98.69000244140625,98.70999908447266,3466500,88.15664672851562
2018-01-31,98.73999786376953,99.70999908447266,98.5,99.4000015258789,3202900,88.77289581298828
2018-02-01,98.94999694824219,100.04000091552734,98.4000015258789,100,2952100,89.30870819091797
2018-02-02,99.52999877929688,99.69000244140625,96.63999938964844,96.68000030517578,4663300,86.34368133544922
2018-02-05,95.83000183105469,96.72000122070312,88.61000061035156,92.01000213623047,6421900,82.1729507446289
2018-02-06,89.75,94.22000122070312,88.51000213623047,94.18000030517578,7244000,84.1109619140625
2018-02-07,93.52999877929688,94.8499984741211,93.41000366210938,93.61000061035156,3796800,83.60188293457031
2018-02-08,93.75,93.97000122070312,88.27999877929688,88.33999633789062,5814900,78.89531707763672
2018-02-09,89.47000122070312,92.5199966430664,87.54000091552734,91.72000122070312,8017600,81.91394805908203
2018-02-12,92.58000183105469,95.68000030517578,92.41999816894531,94.69999694824219,7419200,84.5753402709961
2018-02-13,94.02999877929688,94.80999755859375,92.81999969482422,94.55999755859375,3366700,84.45034790039062
2018-02-14,93.97000122070312,96.55999755859375,93.66999816894531,96.2300033569336,3446800,85.94175720214844
2018-02-15,97.05999755859375,97.20999908447266,95.44000244140625,96.55999755859375,3057400,86.23646545410156
2018-02-16,96.37000274658203,97.48999786376953,96.25,96.79000091552734,3280700,86.44192504882812
2018-02-20,96.58000183105469,97.70999908447266,96.5,97.19000244140625,3514700,86.79915618896484
2018-02-21,96.91999816894531,98.48999786376953,96.75,97.5,4431500,87.07599639892578
2018-02-22,97.58999633789062,98.06999969482422,97.05000305175781,97.3499984741211,4270100,86.9420394897461
2018-02-23,97.77999877929688,98.83999633789062,97.55000305175781,98.80000305175781,2440600,88.23703002929688
2018-02-26,99.43000030517578,101.68000030517578,98.97000122070312,101.63999938964844,4953100,90.77338409423828
2018-02-27,101.66000366210938,102.12000274658203,99.58000183105469,99.58000183105469,5167300,88.93363189697266
2018-02-28,100.04000091552734,100.36000061035156,97.43000030517578,97.51000213623047,4053700,87.08496856689453
2018-03-01,97.81999969482422,98.30000305175781,94.52999877929688,95.13999938964844,4369800,84.96833038330078
2018-03-02,94.62999725341797,95.75,93.19999694824219,95.5999984741211,3584700,85.37915802001953
2018-03-05,95.08999633789062,97.29000091552734,94.69999694824219,96.66000366210938,2661400,86.32581329345703
2018-03-06,96.98999786376953,96.98999786376953,95.13999938964844,96.06999969482422,3221100,85.79888153076172
2018-03-07,95.20999908447266,95.7300033569336,94.27999877929688,95.63999938964844,3594900,85.41486358642578
2018-03-08,96.05000305175781,96.68000030517578,95.08999633789062,96.58999633789062,3760500,86.2633056640625
2018-03-09,97.58000183105469,99.11000061035156,97.05999755859375,99.05000305175781,3044300,88.46028137207031
2018-03-12,99.08999633789062,99.69999694824219,97.4800033569336,97.66999816894531,4020900,87.22782897949219
2018-03-13,98.12000274658203,98.2300033569336,95.08000183105469,95.37000274658203,4858700,85.17375183105469
2018-03-14,95.95999908447266,96.16999816894531,94.08999633789062,94.52999877929688,3013800,84.42353820800781
2018-03-15,95.05999755859375,95.41000366210938,93.95999908447266,94.38999938964844,3213000,84.29850769042969
2018-03-16,94.55000305175781,96.38999938964844,94.2699966430664,95.61000061035156,5124900,85.38804626464844
2018-03-19,95.44000244140625,95.4800033569336,93.80000305175781,94.83999633789062,2610400,84.70040130615234
2018-03-20,95.3499984741211,95.6500015258789,94.72000122070312,94.94999694824219,2501600,84.79862976074219
2018-03-21,94.62000274658203,96.2699966430664,94.4000015258789,94.73999786376953,2124000,84.611083984375
2018-03-22,93.73999786376953,93.95999908447266,91.12000274658203,91.41000366210938,4113900,81.63709259033203
2018-03-23,91.81999969482422,92.36000061035156,90.41000366210938,90.44999694824219,5100400,80.77974700927734
2018-03-26,91.37000274658203,92.98999786376953,90.80000305175781,92.62000274658203,2769800,82.71774291992188
2018-03-27,92.80999755859375,93.73999786376953,90.87000274658203,91.41999816894531,4357300,81.64602661132812
2018-03-28,91.76000213623047,93.54000091552734,91.5999984741211,92.20999908447266,5509700,82.3515625
2018-03-29,92.38999938964844,94.37000274658203,92.29000091552734,93.27999877929688,4940600,83.30718231201172
2018-04-02,93.13999938964844,93.55000305175781,89.95999908447266,91,4998400,81.27095031738281
2018-04-03,91.55000305175781,92.93000030517578,91.18000030517578,92.73999786376953,2864500,82.82489776611328
2018-04-04,91.20999908447266,93.91999816894531,91.08000183105469,93.58000183105469,4619200,83.57511901855469
2018-04-05,94.19999694824219,95.05000305175781,93.80000305175781,94.19999694824219,2482300,84.44464111328125
2018-04-06,93.23999786376953,93.80999755859375,90.80999755859375,91.91000366210938,2968900,82.39180755615234
2018-04-09,92.69999694824219,94.23999786376953,91.95999908447266,92.13999938964844,3109700,82.59796905517578
2018-04-10,93.41000366210938,93.69000244140625,92.52999877929688,93,4584000,83.36893463134766
2018-04-11,91.94000244140625,92.80999755859375,91.36000061035156,91.5999984741211,4064900,82.1139144897461
2018-04-12,92.5199966430664,93.94000244140625,92.05999755859375,93.3499984741211,3137300,83.68267822265625
2018-04-13,94.12999725341797,94.30000305175781,92.54000091552734,93.02999877929688,2510300,83.39582824707031
2018-04-16,93.77999877929688,94.19999694824219,93.11000061035156,93.5999984741211,2811500,83.90676879882812
2018-04-17,93.95999908447266,94.5999984741211,93.58999633789062,93.86000061035156,2651700,84.13985443115234
2018-04-18,94.04000091552734,95.23999786376953,94,95.1500015258789,4981400,85.2962875366211
2018-04-19,99.36000061035156,102.95999908447266,99.05000305175781,102.37000274658203,11716900,91.76856231689453
2018-04-20,102.19999694824219,102.66999816894531,100.37000274658203,100.79000091552734,5614700,90.35218811035156
2018-04-23,100.77999877929688,101.16000366210938,99.91000366210938,100.61000061035156,3183300,90.19082641601562
2018-04-24,101.19000244140625,101.70999908447266,99.58000183105469,100.44000244140625,5048900,90.03844451904297
2018-04-25,100,100.30000305175781,97.9000015258789,98.77999877929688,5129200,88.55033874511719
2018-04-26,98.8499984741211,100.51000213623047,98.55999755859375,100.2300033569336,3021100,89.85021209716797
2018-04-27,99.98999786376953,100.29000091552734,98.93000030517578,99.61000061035156,2017000,89.29438018798828
2018-04-30,100,100.37000274658203,98.7300033569336,98.75,2567000,88.5234603881836
2018-05-01,98.81999969482422,98.81999969482422,97.29000091552734,98.58000183105469,2915200,88.3710708618164
2018-05-02,98.05999755859375,99.37000274658203,97.55000305175781,97.62999725341797,3542000,87.51943969726562
2018-05-03,97.16999816894531,97.31999969482422,95.51000213623047,97.13999938964844,3572300,87.08020782470703
2018-05-04,96.3499984741211,98.94999694824219,96.04000091552734,98.3499984741211,2363200,88.16487121582031
2018-05-07,98.52999877929688,98.98999786376953,98.29000091552734,98.58000183105469,2152100,88.3710708618164
2018-05-08,98.77999877929688,100.37000274658203,98.38999938964844,99.73999786376953,3199100,89.41093444824219
2018-05-09,100.22000122070312,100.97000122070312,99.48999786376953,100.5,2694300,90.09221649169922
2018-05-10,100.70999908447266,101.87000274658203,100.22000122070312,101.37999725341797,2847600,90.8810806274414
2018-05-11,101.48999786376953,102.68000030517578,101.2699966430664,101.41999816894531,2522100,90.91694641113281
2018-05-14,101.69000244140625,102.1500015258789,101.11000061035156,101.29000091552734,2234800,90.8003921508789
2018-05-15,100.81999969482422,101.2300033569336,99.97000122070312,100.73999786376953,3442300,90.30738067626953
2018-05-16,100.27999877929688,101.23999786376953,100.2300033569336,100.58999633789062,2135200,90.17291259765625
2018-05-17,100.6500015258789,101.63999938964844,100.30000305175781,101.22000122070312,2876100,90.73763275146484
2018-05-18,100.93000030517578,101.33000183105469,100.45999908447266,100.98999786376953,2927600,90.53144836425781
2018-05-21,101.56999969482422,102.37999725341797,101.3499984741211,102.04000091552734,2084000,91.47274780273438
2018-05-22,102.31999969482422,103.23999786376953,102.08000183105469,102.69999694824219,2910700,92.06436920166016
2018-05-23,101.81999969482422,102.25,100.91000366210938,101.93000030517578,2553900,91.3741455078125
2018-05-24,101.69000244140625,102.30999755859375,100.72000122070312,102.01000213623047,2230000,91.44585418701172
2018-05-25,101.3499984741211,101.63999938964844,100.47000122070312,101.0999984741211,1850800,90.63005828857422
2018-05-29,99.83999633789062,99.83999633789062,96.9800033569336,97.72000122070312,4377800,87.60012817382812
2018-05-30,98.8499984741211,99.41999816894531,97.95999908447266,98.98999786376953,3076800,88.73860168457031
2018-05-31,98.68000030517578,99.36000061035156,97.80000305175781,98.30000305175781,2780300,88.12004852294922
2018-06-01,99.33999633789062,99.61000061035156,98.22000122070312,98.25,2711200,88.07522583007812
2018-06-04,98.80999755859375,99.51000213623047,98.63999938964844,99.44999694824219,2417400,89.15094757080078
2018-06-05,99.12000274658203,99.41000366210938,98.43000030517578,99.30999755859375,1811500,89.02546691894531
2018-06-06,100,101,99.56999969482422,100.97000122070312,2872700,90.5135498046875
2018-06-07,101.44000244140625,102.38999938964844,100.88999938964844,101.4800033569336,4245700,90.97073364257812
2018-06-08,101.29000091552734,101.30000305175781,99.58999633789062,101,3580500,90.54045104980469
2018-06-11,101.18000030517578,101.66999816894531,100.79000091552734,101.19999694824219,3453000,90.71971130371094
2018-06-12,101.5,101.5,100.23999786376953,100.7300033569336,2426100,90.29839324951172
2018-06-13,100.87000274658203,100.87999725341797,99.95999908447266,100.0199966430664,3183800,89.66193389892578
2018-06-14,100.5199966430664,101.0999984741211,99.51000213623047,99.76000213623047,3285500,89.4288558959961
2018-06-15,99.22000122070312,99.2699966430664,97.30999755859375,98.5199966430664,6741200,88.31726837158203
2018-06-18,97.8499984741211,98.55000305175781,97.30999755859375,98.47000122070312,3621300,88.2724380493164
2018-06-19,97.13999938964844,97.93000030517578,96.62000274658203,97.13999938964844,3119600,87.08020782470703
2018-06-20,97.69999694824219,97.88999938964844,96.36000061035156,96.41999816894531,4495300,86.43474578857422
2018-06-21,96.16000366210938,96.95999908447266,95.76000213623047,96.62999725341797,3350700,86.62297821044922
2018-06-22,97.3499984741211,97.95999908447266,97.06999969482422,97.2300033569336,7235400,87.1608657836914
2018-06-25,97.05000305175781,100.0999984741211,95.6500015258789,98.54000091552734,7996700,88.335205078125
2018-06-26,99.5,99.83000183105469,98.06999969482422,98.20999908447266,5166100,88.03937530517578
2018-06-27,98.43000030517578,99.41000366210938,96.93000030517578,96.95999908447266,3693700,86.9188232421875
2018-06-28,97.01000213623047,97.44999694824219,96.56999969482422,96.97000122070312,3142300,86.92777252197266
2018-06-29,98.12999725341797,99.4800033569336,97.6500015258789,98,4698500,87.85112762451172
2018-07-02,97.4000015258789,99.04000091552734,97.16000366210938,99,3148700,88.74754333496094
2018-07-03,99.30999755859375,99.30999755859375,97.72000122070312,97.83999633789062,2041200,87.70769500732422
2018-07-05,98.3499984741211,98.62999725341797,97.62999725341797,98.52999877929688,2385500,88.64332580566406
2018-07-06,98.45999908447266,99.02999877929688,98.19999694824219,98.5199966430664,1996600,88.63432312011719
2018-07-09,99.26000213623047,100.01000213623047,99.08000183105469,99.91000366210938,4991700,89.88487243652344
2018-07-10,99.91000366210938,100.47000122070312,99.56999969482422,99.91000366210938,4675500,89.88487243652344
2018-07-11,99.66000366210938,100.80000305175781,99.66000366210938,100.30000305175781,3469600,90.23572540283203
2018-07-12,101.02999877929688,101.33000183105469,100.5999984741211,101.1500015258789,3688800,91.00043487548828
2018-07-13,101.08000183105469,101.1500015258789,99.62000274658203,100.5,3456500,90.4156723022461
2018-07-16,100.5999984741211,100.87999725341797,100.06999969482422,100.69000244140625,3264800,90.58661651611328
2018-07-17,100.77999877929688,101.45999908447266,100.6500015258789,101.1500015258789,3092200,91.00043487548828
2018-07-18,101.55000305175781,103.06999969482422,101.41999816894531,102.9800033569336,5923800,92.64680480957031
2018-07-19,100.19999694824219,101.37000274658203,99.27999877929688,100.16999816894531,7171100,90.11876678466797
2018-07-20,100.12999725341797,101.30000305175781,99.9800033569336,100.1500015258789,3325500,90.10077667236328
2018-07-23,100.1500015258789,101.4000015258789,100.01000213623047,101.22000122070312,2617900,91.06342315673828
2018-07-24,101.45999908447266,102.08999633789062,101.16999816894531,101.70999908447266,3155100,91.50424194335938
2018-07-25,101.2300033569336,102.77999877929688,101.08000183105469,102.62999725341797,2549400,92.33195495605469
2018-07-26,102.83999633789062,103.1500015258789,102.36000061035156,102.5,2744000,92.2149887084961
2018-07-27,102.87000274658203,104.23999786376953,102.66999816894531,103.8499984741211,3815800,93.42951202392578
2018-07-30,102.7300033569336,103.11000061035156,100.3499984741211,100.8499984741211,4423000,90.7305679321289
2018-07-31,101.05000305175781,101.19999694824219,99.44000244140625,99.5199966430664,4330400,89.53397369384766
2018-08-01,99.9000015258789,100.93000030517578,99.16999816894531,99.44999694824219,3315400,89.47103118896484
2018-08-02,98.9000015258789,99.93000030517578,98.66999816894531,99.7300033569336,2481800,89.7229232788086
2018-08-03,99.95999908447266,100.9000015258789,99.69999694824219,100.79000091552734,1830400,90.67656707763672
2018-08-06,100.7699966430664,101.31999969482422,100.4000015258789,100.91999816894531,2004600,90.79352569580078
2018-08-07,101.48999786376953,102.75,101.37000274658203,101.97000122070312,1852800,91.7381591796875
2018-08-08,102,102.94999694824219,101.80999755859375,102.77999877929688,2228900,92.46687316894531
2018-08-09,102.44000244140625,103.31999969482422,102.27999877929688,102.98999786376953,2435500,92.65581512451172
2018-08-10,102.08999633789062,102.19999694824219,101.16999816894531,101.58000183105469,2473800,91.38729858398438
2018-08-13,101.4800033569336,102.30000305175781,101.4000015258789,101.80999755859375,3389200,91.59420013427734
2018-08-14,101.93000030517578,102.5999984741211,101.83000183105469,102.18000030517578,2327100,91.92708587646484
2018-08-15,101.56999969482422,101.93000030517578,100.83999633789062,101.51000213623047,2219600,91.3243408203125
2018-08-16,101.9000015258789,103.13999938964844,101.87000274658203,102.6500015258789,2290400,92.34992218017578
2018-08-17,102.62999725341797,103.30999755859375,102.05999755859375,103.02999877929688,1950800,92.69181060791016
2018-08-20,103.0199966430664,103.97000122070312,102.93000030517578,103.83000183105469,2267900,93.41150665283203
2018-08-21,103.91999816894531,105.25,103.76000213623047,104.80999755859375,3218400,94.29320526123047
2018-08-22,104.9000015258789,106.26000213623047,104.51000213623047,105.83000183105469,2761300,95.21085357666016
2018-08-23,105.54000091552734,106.0199966430664,105.16000366210938,105.37000274658203,1866800,94.79700469970703
2018-08-24,105.91000366210938,106.33999633789062,105.44999694824219,105.76000213623047,1844000,95.14787292480469
2018-08-27,106.79000091552734,107.33000183105469,106.27999877929688,107.05000305175781,1972000,96.3084487915039
2018-08-28,107.05999755859375,107.43000030517578,106.68000030517578,107.27999877929688,2275000,96.515380859375
2018-08-29,107.04000091552734,107.30999755859375,105.88999938964844,106.70999908447266,1896200,96.0025405883789
2018-08-30,106.5999984741211,106.66999816894531,105.97000122070312,106.2300033569336,1868300,95.57072448730469
2018-08-31,105.5199966430664,106.4000015258789,105.30000305175781,105.9800033569336,2115500,95.34576416015625
2018-09-04,106.3499984741211,107.2699966430664,105.58000183105469,107.01000213623047,2941800,96.2724380493164
2018-09-05,107,107.25,104.87999725341797,105.68000030517578,5511800,95.07588958740234
2018-09-06,105.5,105.87000274658203,104.55000305175781,105.4000015258789,3623900,94.82398986816406
2018-09-07,105.63999938964844,106.3499984741211,105.3499984741211,106.08000183105469,2498400,95.43574523925781
2018-09-10,106.55999755859375,107.80000305175781,106.55999755859375,107.29000091552734,3337000,96.52433776855469
2018-09-11,106.70999908447266,108.47000122070312,106.47000122070312,108.30999755859375,2795800,97.44200897216797
2018-09-12,108.30999755859375,108.69000244140625,107.66000366210938,107.87999725341797,4103100,97.05514526367188
2018-09-13,108.19999694824219,109.19000244140625,107.93000030517578,108.66000366210938,3429600,97.75688171386719
2018-09-14,108.83999633789062,110.01000213623047,108.83999633789062,109.55999755859375,2999800,98.56658935546875
2018-09-17,110.20999908447266,110.23999786376953,108.94000244140625,109.19999694824219,2383100,98.24269104003906
2018-09-18,109.44000244140625,109.87000274658203,108.97000122070312,109.63999938964844,2173200,98.63855743408203
2018-09-19,110,110.45999908447266,109.7300033569336,110.0999984741211,2365700,99.0523910522461
2018-09-20,110.8499984741211,111.7699966430664,110.6500015258789,111.11000061035156,2844800,99.96101379394531
2018-09-21,111.29000091552734,111.51000213623047,110.76000213623047,110.9000015258789,5662900,99.77210998535156
2018-09-24,110.73999786376953,110.83999633789062,109.3499984741211,109.8499984741211,1871600,98.82746887207031
2018-09-25,110.23999786376953,110.23999786376953,109.37999725341797,109.87000274658203,1910600,98.84547424316406
2018-09-26,110.08000183105469,110.11000061035156,107.80000305175781,108.01000213623047,2944200,97.1720962524414
2018-09-27,108.01000213623047,108.3499984741211,107.33999633789062,107.8499984741211,2121700,97.02813720703125
2018-09-28,107.2699966430664,107.87000274658203,106.27999877929688,106.48999786376953,3931500,95.80461120605469
2018-10-01,107.80999755859375,108.98999786376953,107.61000061035156,107.9000015258789,3361300,97.07315826416016
2018-10-02,108.01000213623047,108.47000122070312,107.30999755859375,108.38999938964844,2223100,97.51398468017578
2018-10-03,109.25,109.4000015258789,108.25,108.44999694824219,2505100,97.56794738769531
2018-10-04,108.25,108.8499984741211,106.80999755859375,107.73999786376953,2478700,97.27899932861328
2018-10-05,108.05999755859375,108.47000122070312,106.72000122070312,107.2300033569336,2399800,96.81851959228516
2018-10-08,106.62999725341797,107.2300033569336,105.56999969482422,106.98999786376953,2723400,96.60186004638672
2018-10-09,106.30000305175781,106.93000030517578,105.94000244140625,106.66000366210938,2604400,96.30389404296875
2018-10-10,106.95999908447266,107.01000213623047,103.5199966430664,103.56999969482422,4555600,93.5138931274414
2018-10-11,103.22000122070312,104.33999633789062,101.55000305175781,101.58000183105469,6069300,91.7171401977539
2018-10-12,104.30999755859375,104.91999816894531,101.70999908447266,103,4855900,92.99925231933594
2018-10-15,102.8499984741211,103.55999755859375,102.20999908447266,102.62000274658203,2780900,92.6561508178711
2018-10-16,103.06999969482422,104.47000122070312,102.69000244140625,104.2699966430664,3121000,94.14592742919922
2018-10-17,104.33000183105469,105.29000091552734,103.91999816894531,104.33999633789062,3792400,94.20916748046875
2018-10-18,104.52999877929688,104.76000213623047,102.29000091552734,102.83999633789062,4538200,92.85477447509766
2018-10-19,104.05999755859375,107.55000305175781,104.05999755859375,106.7300033569336,5726300,96.36710357666016
2018-10-22,106.61000061035156,106.95999908447266,104.44999694824219,104.51000213623047,5003100,94.36261749267578
2018-10-23,102.41000366210938,104.5199966430664,101.83999633789062,104.37999725341797,4223800,94.2452621459961
2018-10-24,104.43000030517578,104.94999694824219,101.51000213623047,101.83999633789062,4056700,91.9518814086914
2018-10-25,102.4800033569336,104.16999816894531,101.80000305175781,103.5999984741211,3378900,93.54098510742188
2018-10-26,102.54000091552734,102.66000366210938,100.13999938964844,101.25,5395700,91.41915893554688
2018-10-29,102.47000122070312,103.25,100.04000091552734,101.19000244140625,4238700,91.36497497558594
2018-10-30,101.5999984741211,102.38999938964844,100.41000366210938,102.08000183105469,3778200,92.1685562133789
2018-10-31,103.05999755859375,103.70999908447266,102.55000305175781,102.7300033569336,4511300,92.7554702758789
2018-11-01,103.26000213623047,104.2699966430664,103.0199966430664,104.04000091552734,2786800,93.93827056884766
2018-11-02,104.93000030517578,105.05000305175781,102.88999938964844,103.70999908447266,4322200,93.64028930664062
2018-11-05,104.04000091552734,105.4000015258789,103.80000305175781,105.20999908447266,2697700,94.99466705322266
2018-11-06,104.9800033569336,105.66000366210938,104.37000274658203,104.9800033569336,2856000,94.78700256347656
2018-11-07,105.7300033569336,107.4800033569336,104.9000015258789,107.30999755859375,3606900,96.89076232910156
2018-11-08,107.02999877929688,108.62999725341797,107.02999877929688,108.5,2896700,97.9652328491211
2018-11-09,108.37999725341797,109.33000183105469,107.3499984741211,108.27999877929688,4444000,97.76657104492188
2018-11-12,108.16000366210938,108.44000244140625,106.30000305175781,106.48999786376953,3154600,96.15038299560547
2018-11-13,106.6500015258789,108.19999694824219,106.47000122070312,107.86000061035156,3021800,97.38736724853516
2018-11-14,108.61000061035156,109.33000183105469,106.88999938964844,107.7699966430664,4978100,97.30609893798828
2018-11-15,106.68000030517578,109.69999694824219,106.33999633789062,109.5999984741211,3742600,98.95841979980469
2018-11-16,108.58000183105469,110.37999725341797,108.58000183105469,109.45999908447266,3486200,98.83203887939453
2018-11-19,109.9000015258789,110.0199966430664,107.41999816894531,108.25,3161200,97.73951721191406
2018-11-20,107.55000305175781,107.9000015258789,105.45999908447266,106.08999633789062,3779000,95.78923797607422
2018-11-21,106.37000274658203,107.66999816894531,106.12999725341797,106.5,2791000,96.15941619873047
2018-11-23,105.87999725341797,106.44999694824219,105.30999755859375,105.73999786376953,938800,95.47321319580078
2018-11-26,107.1500015258789,109.7300033569336,106.83000183105469,109.68000030517578,4488500,99.03065490722656
2018-11-27,109.5,110.36000061035156,108.7300033569336,110.11000061035156,2837900,99.41889953613281
2018-11-28,110.33000183105469,113.18000030517578,110.33000183105469,112.88999938964844,3995900,101.9289779663086
2018-11-29,112,112.26000213623047,110.4800033569336,111.30999755859375,4249500,100.50238800048828
2018-11-30,110.37000274658203,112.44999694824219,110.37000274658203,112.2699966430664,3949500,101.36920928955078
2018-12-03,113.98999786376953,114.55000305175781,112,112.36000061035156,3399400,101.450439453125
2018-12-04,111.86000061035156,112.16000366210938,107.54000091552734,107.63999938964844,5238400,97.18875122070312
2018-12-06,105.63999938964844,108.38999938964844,104.77999877929688,108.25,7455200,97.73951721191406
2018-12-07,108.19999694824219,109.62000274658203,105.76000213623047,106.68000030517578,4419400,96.32193756103516
2018-12-10,105.94000244140625,106.72000122070312,103.5,105.79000091552734,4110000,95.51834869384766
2018-12-11,107.38999938964844,108.01000213623047,104.51000213623047,105.4000015258789,3132200,95.16622161865234
2018-12-12,107.2699966430664,108.7300033569336,106.5,107.4800033569336,4183800,97.04426574707031
2018-12-13,107.7699966430664,108.36000061035156,106.33000183105469,106.69999694824219,3542600,96.3399887084961
2018-12-14,105.7699966430664,106.44999694824219,104.93000030517578,105.69999694824219,5245400,95.43710327148438
2018-12-17,105.45999908447266,105.45999908447266,100.77999877929688,101.18000030517578,7345500,91.35595703125
2018-12-18,101.9800033569336,102.56999969482422,100.47000122070312,101.0199966430664,5220800,91.21151733398438
2018-12-19,99.76000213623047,102,98.19999694824219,98.7699966430664,6195600,89.17996978759766
2018-12-20,97.91000366210938,98.87000274658203,95.26000213623047,95.7699966430664,7110500,86.47122192382812
2018-12-21,95.19999694824219,96.62999725341797,91.1500015258789,91.33000183105469,11005300,82.46233367919922
2018-12-24,90.73999786376953,91.55000305175781,89.5,89.5,3190900,80.81002807617188
2018-12-26,89.8499984741211,93.88999938964844,89.05000305175781,93.83999633789062,5383700,84.72864532470703
2018-12-27,92.36000061035156,94.68000030517578,91.26000213623047,94.68000030517578,4226600,85.48705291748047
2018-12-28,95.4000015258789,95.6500015258789,93.94999694824219,94.41999816894531,3225100,85.2523193359375
2018-12-31,95.12999725341797,95.61000061035156,94.30000305175781,95.31999969482422,2821100,86.06493377685547
2019-01-02,93.91000366210938,96.2699966430664,93.7699966430664,95.68000030517578,4175400,86.3899917602539
2019-01-03,94.79000091552734,95.18000030517578,93.2300033569336,93.43000030517578,4776600,84.70370483398438
2019-01-04,95.37000274658203,98.3499984741211,94.9000015258789,97.63999938964844,4637200,88.52049255371094
2019-01-07,97.7699966430664,98.91999816894531,97.0199966430664,98.16999816894531,3289000,89.0009765625
2019-01-08,98.69000244140625,99.5199966430664,97.5199966430664,98.6500015258789,3227200,89.43614959716797
2019-01-09,98.73999786376953,99.58999633789062,98.1500015258789,98.83000183105469,2954500,89.5993423461914
2019-01-10,98.44999694824219,98.66999816894531,97.81999969482422,98.26000213623047,3523800,89.08260345458984
2019-01-11,97.87999725341797,98.68000030517578,97.36000061035156,98.55000305175781,2770600,89.34549713134766
2019-01-14,97.76000213623047,99.02999877929688,97.62000274658203,98.44000244140625,4120500,89.24578857421875
2019-01-15,98.61000061035156,98.87000274658203,97.73999786376953,97.98999786376953,5795100,88.83779907226562
2019-01-16,98.94000244140625,99.95999908447266,98.51000213623047,99.41000366210938,4701900,90.12519073486328
2019-01-17,99.41000366210938,100.23999786376953,98.56999969482422,99.48999786376953,5693300,90.19768524169922
2019-01-18,98.19000244140625,100.80999755859375,96.37000274658203,100.4800033569336,9872500,91.09525299072266
2019-01-22,99.8499984741211,100.68000030517578,98.95999908447266,99.83000183105469,4699800,90.50592803955078
2019-01-23,99.93000030517578,100.19000244140625,98.45999908447266,99.70999908447266,3585100,90.39717102050781
2019-01-24,99.69000244140625,100.54000091552734,99.37999725341797,99.72000122070312,3415900,90.40621948242188
2019-01-25,100.43000030517578,101.58999633789062,100.08999633789062,100.7699966430664,3488300,91.358154296875
2019-01-28,100.05000305175781,100.41000366210938,99.4800033569336,100.37999725341797,3185400,91.00457763671875
2019-01-29,100.94000244140625,101.41999816894531,100.54000091552734,100.95999908447266,2827400,91.5304183959961
2019-01-30,101.08999633789062,102.8499984741211,100.54000091552734,102.66999816894531,3501500,93.08067321777344
2019-01-31,102,102.9000015258789,101.69999694824219,102.69999694824219,4302100,93.10791015625
2019-02-01,102.41000366210938,103.52999877929688,102.41000366210938,103.05999755859375,4727800,93.43427276611328
2019-02-04,103.04000091552734,103.45999908447266,102.5199966430664,103.41999816894531,2578300,93.7606430053711
2019-02-05,103.62999725341797,104.18000030517578,103.41000366210938,103.9000015258789,2231200,94.19581604003906
2019-02-06,103.8499984741211,105.08000183105469,103.43000030517578,104.95999908447266,3595700,95.15679931640625
2019-02-07,104.05999755859375,104.77999877929688,103.61000061035156,104.38999938964844,3857300,94.64004516601562
2019-02-08,103.7300033569336,104.5199966430664,103.43000030517578,104.5199966430664,2581900,94.7579116821289
2019-02-11,104.94999694824219,105.55999755859375,104.80999755859375,105.41000366210938,2653800,95.56478881835938
2019-02-12,106.2699966430664,107.43000030517578,106.26000213623047,107,3238600,97.00627136230469
2019-02-13,107.55000305175781,108.47000122070312,107.0999984741211,107.55999755859375,3182100,97.51396942138672
2019-02-14,107,107.36000061035156,106.23999786376953,106.62000274658203,2385900,96.66175079345703
2019-02-15,107.33000183105469,108.08999633789062,107.12000274658203,107.37999725341797,3882300,97.35081481933594
2019-02-19,107.05000305175781,107.2300033569336,106.45999908447266,106.5,3692800,96.55297088623047
2019-02-20,106.56999969482422,107.18000030517578,106.5,106.77999877929688,3840800,96.80682373046875
2019-02-21,106.73999786376953,106.94999694824219,106.31999969482422,106.61000061035156,2566500,96.65269470214844
2019-02-22,106.9800033569336,107.55000305175781,106.86000061035156,107.44000244140625,2256400,97.40518188476562
2019-02-25,108.19999694824219,108.8499984741211,106.76000213623047,106.93000030517578,3333500,96.94281768798828
2019-02-26,106.66999816894531,107.62000274658203,106.41999816894531,106.94000244140625,2548100,96.9518814086914
2019-02-27,106.86000061035156,107.62999725341797,106.5999984741211,107.41999816894531,2393500,97.38705444335938
2019-02-28,107.22000122070312,108.44999694824219,107.08000183105469,107.73999786376953,3295800,97.67713928222656
2019-03-01,108.4000015258789,109.6500015258789,108.19999694824219,108.9000015258789,2682000,98.72881317138672
2019-03-04,109.55999755859375,110.08999633789062,107.76000213623047,109,4053200,98.81947326660156
2019-03-05,109.02999877929688,109.31999969482422,108.31999969482422,108.8499984741211,2685700,98.68348693847656
2019-03-06,108.93000030517578,109.44999694824219,108.8499984741211,108.9800033569336,2616000,98.80133819580078
2019-03-07,108.55999755859375,108.62999725341797,107.4000015258789,107.86000061035156,3048200,97.78594970703125
2019-03-08,106.79000091552734,108.06999969482422,106.68000030517578,107.9800033569336,2077100,97.89474487304688
2019-03-11,109.01000213623047,109.79000091552734,108.70999908447266,109.55999755859375,3289200,99.32716369628906
2019-03-12,109.73999786376953,111.27999877929688,109.73999786376953,110.43000030517578,3917500,100.11589813232422
2019-03-13,110.18000030517578,112.26000213623047,110.08999633789062,112.13999938964844,4234100,101.66618347167969
2019-03-14,112.38999938964844,112.77999877929688,111.87999725341797,112.3499984741211,3538200,101.8565673828125
2019-03-15,112.70999908447266,113.7699966430664,112.52999877929688,113.5199966430664,4780400,102.91732025146484
2019-03-18,113.75,114.25,113.16000366210938,113.55000305175781,2918000,102.94451904296875
2019-03-19,114.22000122070312,114.22000122070312,112.36000061035156,112.66999816894531,3331300,102.14669799804688
2019-03-20,112.26000213623047,112.45999908447266,110.5999984741211,110.7699966430664,3309300,100.42415618896484
2019-03-21,109.95999908447266,112.18000030517578,109.80999755859375,111.81999969482422,3111000,101.3760986328125
2019-03-22,111.29000091552734,111.31999969482422,108.98999786376953,109.45999908447266,3737400,99.23653411865234
2019-03-25,109.27999877929688,110.06999969482422,108.19000244140625,109.04000091552734,3596200,98.8557357788086
2019-03-26,109.98999786376953,110.4000015258789,109.05000305175781,109.5,2844500,99.27278900146484
2019-03-27,109.68000030517578,110,108.33000183105469,108.9800033569336,3346600,98.80133819580078
2019-03-28,109.41999816894531,109.87999725341797,108.48999786376953,109.16000366210938,2693300,98.96454620361328
2019-03-29,110.19999694824219,110.38999938964844,109.13999938964844,109.30000305175781,4891000,99.09146118164062
2019-04-01,110.29000091552734,112.04000091552734,110.08000183105469,111.69999694824219,5125100,101.26730346679688
2019-04-02,111.20999908447266,111.45999908447266,110.37000274658203,111,3568900,100.6326904296875
2019-04-03,111.81999969482422,112,110.3499984741211,110.55999755859375,3719700,100.2337646484375
2019-04-04,110.33000183105469,110.48999786376953,109.5,110.12000274658203,3619600,100.18830108642578
2019-04-05,110.4800033569336,111.20999908447266,110.44000244140625,110.95999908447266,4553700,100.95255279541016
2019-04-08,110.62000274658203,110.8499984741211,109.91999816894531,110.69999694824219,4776600,100.71595764160156
2019-04-09,110.01000213623047,110.30999755859375,109.48999786376953,109.8499984741211,2869300,99.9426498413086
2019-04-10,110.4800033569336,110.4800033569336,109.5199966430664,110.16000366210938,2650100,100.22465515136719
2019-04-11,110.51000213623047,110.83000183105469,109.41999816894531,109.8499984741211,2320600,99.9426498413086
2019-04-12,110.81999969482422,111.55000305175781,110.44999694824219,110.91000366210938,2316900,100.90703582763672
2019-04-15,110.91999816894531,110.97000122070312,110.25,110.52999877929688,2285000,100.56130981445312
2019-04-16,111.08999633789062,112.02999877929688,110.94000244140625,111.87999725341797,2523400,101.78956604003906
2019-04-17,112.30999755859375,112.5,111.25,111.76000213623047,3799900,101.68036651611328
2019-04-18,112.25,114.13999938964844,111.31999969482422,113.66999816894531,6186800,103.41808319091797
2019-04-22,112.5999984741211,113.4000015258789,112.2300033569336,112.33000183105469,3174400,102.19896697998047
2019-04-23,112.19000244140625,114.04000091552734,111.9000015258789,113.97000122070312,3342800,103.69105529785156
2019-04-24,113.76000213623047,114.36000061035156,113.41999816894531,114.0199966430664,2318400,103.73654174804688
2019-04-25,115.2300033569336,116.5,114.75,115.87999725341797,4595200,105.42877960205078
2019-04-26,116.58999633789062,117.7300033569336,116.0999984741211,117.5999984741211,2990600,106.99366760253906
2019-04-29,117.23999786376953,117.69999694824219,116.55000305175781,116.76000213623047,3096200,106.22942352294922
2019-04-30,117.05000305175781,117.3499984741211,116.0999984741211,117.2300033569336,2387900,106.65704345703125
2019-05-01,117.47000122070312,117.98999786376953,116.93000030517578,117.0199966430664,2450500,106.46597290039062
2019-05-02,117,117.6500015258789,116.68000030517578,117.25,2538700,106.67523956298828
2019-05-03,117.91000366210938,119.66000366210938,117.62999725341797,119.3499984741211,2856200,108.58582305908203
2019-05-06,117.26000213623047,119.61000061035156,117.05000305175781,119.33999633789062,2924500,108.57672882080078
2019-05-07,118.37000274658203,119.41000366210938,117.6500015258789,118.22000122070312,6282300,107.55775451660156
2019-05-08,117.83000183105469,118.11000061035156,116.81999969482422,117.48999786376953,4037500,106.89358520507812
2019-05-09,116.1500015258789,117.29000091552734,115.37999725341797,117.26000213623047,3219600,106.68434143066406
2019-05-10,116.86000061035156,118.93000030517578,116.20999908447266,118.45999908447266,2435100,107.7761001586914
2019-05-13,116.41999816894531,116.88999938964844,115.62000274658203,115.9000015258789,3710600,105.44699096679688
2019-05-14,115.9800033569336,117.7300033569336,115.7699966430664,117.01000213623047,2460700,106.45687103271484
2019-05-15,116.18000030517578,118.2300033569336,115.9000015258789,117.66000366210938,2711400,107.04825592041016
2019-05-16,117.7699966430664,120.3499984741211,117.7699966430664,119.83999633789062,4143500,109.03163146972656
2019-05-17,118.5999984741211,119.58999633789062,118.51000213623047,119.06999969482422,5273600,108.33106231689453
2019-05-20,118.83000183105469,120.31999969482422,118.62000274658203,119.83999633789062,2765600,109.03163146972656
2019-05-21,120.47000122070312,120.68000030517578,119.33999633789062,120.55000305175781,3369100,109.67761993408203
2019-05-22,120.36000061035156,120.87999725341797,119.44000244140625,120.01000213623047,2941100,109.18629455566406
2019-05-23,119.2699966430664,119.4000015258789,117.8499984741211,118.43000030517578,3290200,107.7488021850586
2019-05-24,119.20999908447266,119.62999725341797,118.33000183105469,119.51000213623047,2240100,108.7314224243164
2019-05-28,119.36000061035156,120.12000274658203,118.16999816894531,118.16999816894531,2550300,107.51223754882812
2019-05-29,117.70999908447266,117.80999755859375,116.04000091552734,117.01000213623047,2553900,106.45687103271484
2019-05-30,117.20999908447266,117.30999755859375,116.11000061035156,116.73999786376953,1882400,106.21123504638672
2019-05-31,115.7699966430664,115.9800033569336,114.55999755859375,114.70999908447266,2969100,104.36431884765625
2019-06-03,114.55999755859375,115.93000030517578,113.88999938964844,114.62000274658203,2968500,104.2824478149414
2019-06-04,115.70999908447266,117,115.2300033569336,116.8499984741211,3043200,106.31128692626953
2019-06-05,117.18000030517578,118.23999786376953,117.01000213623047,118.12000274658203,2568100,107.46674346923828
2019-06-06,118.41999816894531,119.63999938964844,118.1500015258789,119.43000030517578,2209300,108.65863037109375
2019-06-07,119.87000274658203,121.36000061035156,119.55999755859375,121.11000061035156,2481800,110.18709564208984
2019-06-10,121.5999984741211,123.44999694824219,121.41000366210938,122.66000366210938,3453700,111.59729766845703
2019-06-11,123.55000305175781,124.73999786376953,123.08000183105469,123.2300033569336,3303800,112.11589050292969
2019-06-12,122.91999816894531,123.19000244140625,121.58999633789062,122.02999877929688,2685700,111.02412414550781
2019-06-13,122.08999633789062,122.69999694824219,121.41999816894531,121.86000061035156,2343900,110.86945343017578
2019-06-14,122.01000213623047,122.61000061035156,120.94000244140625,122,2483800,110.996826171875
2019-06-17,122.23999786376953,122.23999786376953,121.30000305175781,121.44999694824219,2094200,110.49642944335938
2019-06-18,122.80999755859375,125.05000305175781,122.20999908447266,123.43000030517578,2729200,112.2978515625
2019-06-19,124.23999786376953,124.91999816894531,123.68000030517578,124.68000030517578,2951700,113.43511199951172
2019-06-20,125.69000244140625,126.4000015258789,124.47000122070312,124.91999816894531,3303200,113.65348052978516
2019-06-21,125.19999694824219,126.30999755859375,124.55999755859375,124.7300033569336,5703800,113.48060607910156
2019-06-24,124.9800033569336,125.41999816894531,124.01000213623047,124.13999938964844,2680900,112.9438247680664
2019-06-25,124.2699966430664,124.56999969482422,123.04000091552734,123.16000366210938,2387800,112.05220031738281
2019-06-26,123.18000030517578,124,123.02999877929688,123.58999633789062,1902500,112.44342803955078
2019-06-27,123.69000244140625,124.41000366210938,123.55999755859375,123.94000244140625,1504300,112.76187133789062
2019-06-28,124.29000091552734,124.55000305175781,123.19999694824219,123.44000244140625,4338900,112.30695343017578
2019-07-01,125.30000305175781,126.4000015258789,124.55000305175781,124.91999816894531,4008800,113.65348052978516
2019-07-02,124.77999877929688,125.33000183105469,124.5999984741211,125.0999984741211,4076100,113.8172378540039
2019-07-03,125.20999908447266,126.05000305175781,124.94000244140625,125.86000061035156,3714300,114.8667984008789
2019-07-05,126.12999725341797,126.19000244140625,124.30999755859375,125.4000015258789,3731500,114.44696044921875
2019-07-08,124.98999786376953,125.2300033569336,124.63999938964844,124.8499984741211,3332000,113.94501495361328
2019-07-09,124.2699966430664,126.04000091552734,124.18000030517578,125.9000015258789,2237100,114.9033203125
2019-07-10,126.69999694824219,128.4199981689453,126.69999694824219,126.88999938964844,2733800,115.80682373046875
2019-07-11,126.9800033569336,127.69000244140625,126.44000244140625,127.27999877929688,2928100,116.16277313232422
2019-07-12,127.55000305175781,128,126.87000274658203,127.95999908447266,1639400,116.78339385986328
2019-07-15,128.25,128.67999267578125,127.76000213623047,128.57000732421875,2355700,117.34010314941406
2019-07-16,129.22000122070312,129.33999633789062,127.80000305175781,128.05999755859375,2734000,116.87462615966797
2019-07-17,128.02000427246094,128.63999938964844,127.01000213623047,127.08000183105469,2248900,115.9802474975586
2019-07-18,126.69000244140625,129.08999633789062,126.66000366210938,128.39999389648438,3524500,117.18492889404297
2019-07-19,126.80000305175781,128,123.80000305175781,124.81999969482422,7819000,113.91761779785156
2019-07-22,124.75,126.01000213623047,124.69999694824219,126,4839700,114.99458312988281
2019-07-23,126.37999725341797,128.97999572753906,126.36000061035156,128.1999969482422,4055100,117.00240325927734
2019-07-24,127.70999908447266,128.22000122070312,126.79000091552734,127.94999694824219,3628300,116.77422332763672
2019-07-25,127.80999755859375,128.19000244140625,126.5,127.1500015258789,2663500,116.04410552978516
2019-07-26,127.08999633789062,127.55999755859375,126.30000305175781,126.77999877929688,4236200,115.7064208984375
2019-07-29,126.91000366210938,127.45999908447266,126.54000091552734,127.19000244140625,1829500,116.08061981201172
2019-07-30,126.56999969482422,126.91000366210938,126.30000305175781,126.47000122070312,1575400,115.42350769042969
2019-07-31,126.52999877929688,126.58999633789062,123.62000274658203,124.37000274658203,3221000,113.50691986083984
2019-08-01,123.7699966430664,126.12999725341797,123.5199966430664,124.08999633789062,4489800,113.25139617919922
2019-08-02,123.91999816894531,124.91000366210938,123.08000183105469,124.30999755859375,3268800,113.45217895507812
2019-08-05,122.45999908447266,123.08000183105469,120.16000366210938,120.72000122070312,5876200,110.17575073242188
2019-08-06,121.05999755859375,122.8499984741211,120.87000274658203,122.55000305175781,3497000,111.84589385986328
2019-08-07,120.91999816894531,123.8499984741211,120.22000122070312,123.54000091552734,3170800,112.74944305419922
2019-08-08,123.8499984741211,125.69999694824219,123.69999694824219,125.29000091552734,2976100,114.34656524658203
2019-08-09,125.58000183105469,126.73999786376953,124.72000122070312,126.16999816894531,2138300,115.14971923828125
2019-08-12,124.98999786376953,125.70999908447266,123.80000305175781,123.94999694824219,2918000,113.12361145019531
2019-08-13,123.86000061035156,126.5,122.51000213623047,126.31999969482422,3175700,115.28660583496094
2019-08-14,124.3499984741211,125.33000183105469,122.12999725341797,122.6500015258789,5626300,111.93718719482422
2019-08-15,122.6500015258789,123,121.13999938964844,122.37999725341797,3031700,111.69073486328125
2019-08-16,123.5,124.75,122.69000244140625,124.62999725341797,2343400,113.74422454833984
2019-08-19,126.0999984741211,126.1500015258789,124.33999633789062,124.4000015258789,3286700,113.53431701660156
2019-08-20,123.62999725341797,123.77999877929688,121.33999633789062,121.41999816894531,3641600,110.81459045410156
2019-08-21,122.5,123.05999755859375,121.98999786376953,122.5,2948300,111.8002700805664
2019-08-22,123.30999755859375,123.70999908447266,121.7699966430664,122.2699966430664,2322100,111.5903549194336
2019-08-23,122,122.05000305175781,117.05999755859375,117.76000213623047,4800400,107.47428894042969
2019-08-26,118.33000183105469,118.94000244140625,117.37999725341797,118.52999877929688,3170600,108.1770248413086
2019-08-27,119.08999633789062,119.33999633789062,116.8499984741211,117.75,3145800,107.46516418457031
2019-08-28,117.02999877929688,119.30999755859375,116.97000122070312,119.08999633789062,2327400,108.68810272216797
2019-08-29,120.45999908447266,121.19999694824219,119.95999908447266,120.73999786376953,1901300,110.19398498535156
2019-08-30,121.47000122070312,121.66000366210938,119.81999969482422,120.37000274658203,2366200,109.85630798339844
2019-09-03,119.86000061035156,120.27999877929688,117.5199966430664,117.5999984741211,3198700,107.32826232910156
2019-09-04,118.41999816894531,118.7300033569336,117.80000305175781,118.4000015258789,3746900,108.05839538574219
2019-09-05,119.5,121.62999725341797,119.5,120.66999816894531,5261100,110.1301040649414
2019-09-06,121.13999938964844,121.19000244140625,120,120.19000244140625,4552400,109.69203186035156
2019-09-09,121.20999908447266,121.41000366210938,119.5199966430664,119.91999816894531,5336000,109.44562530517578
2019-09-10,119.5999984741211,119.61000061035156,116.30000305175781,117.30999755859375,6196100,107.06359100341797
2019-09-11,117.12000274658203,118.0999984741211,116.75,118,3674400,107.6933364868164
2019-09-12,119,120.43000030517578,118.77999877929688,119.0199966430664,3733500,108.6242446899414
2019-09-13,119.23999786376953,119.97000122070312,118.29000091552734,119.19999694824219,3941100,108.78850555419922
2019-09-16,118.13999938964844,118.44000244140625,116.68000030517578,117.63999938964844,4280600,107.36477661132812
2019-09-17,117.9000015258789,119.12999725341797,117.5,119.05000305175781,3054700,108.65162658691406
2019-09-18,118.58999633789062,118.80000305175781,117.47000122070312,118.73999786376953,2844500,108.36868286132812
2019-09-19,118.61000061035156,119.5199966430664,117.5999984741211,117.79000091552734,1975800,107.50167083740234
2019-09-20,117.83000183105469,118.23999786376953,116.37000274658203,116.80000305175781,5301500,106.59812927246094
2019-09-23,116.36000061035156,118.41999816894531,116.0999984741211,118.23999786376953,5089400,107.91234588623047
2019-09-24,118.88999938964844,120.19999694824219,117.5199966430664,118.16999816894531,5128400,107.84845733642578
2019-09-25,117.86000061035156,119.44000244140625,117.05999755859375,119.12000274658203,2742900,108.71549224853516
2019-09-26,119.30999755859375,120.02999877929688,118.83999633789062,118.91000366210938,3411200,108.52384948730469
2019-09-27,119.12999725341797,119.62000274658203,117.9800033569336,118.58999633789062,2909200,108.23178100585938
2019-09-30,119.05000305175781,119.23999786376953,118.13999938964844,118.27999877929688,2345800,107.94886016845703
2019-10-01,118.69999694824219,119.5,116.61000061035156,116.69999694824219,2841300,106.50688171386719
2019-10-02,115.76000213623047,115.80999755859375,112.75,112.86000061035156,4908800,103.00228118896484
2019-10-03,112.19999694824219,112.95999908447266,111.05999755859375,112.55000305175781,3529300,103.11223602294922
2019-10-04,112.66000366210938,114.52999877929688,112.5999984741211,114.41000366210938,2728200,104.8162612915039
2019-10-07,113.91000366210938,114.6500015258789,113.5999984741211,113.6500015258789,2556000,104.11996459960938
2019-10-08,112.83000183105469,113.6500015258789,112.05000305175781,112.54000091552734,3757300,103.10305786132812
2019-10-09,113.25,114.7699966430664,113.2300033569336,113.91999816894531,2365600,104.36734008789062
2019-10-10,114.80999755859375,115.79000091552734,113.93000030517578,115.0199966430664,2384300,105.3750991821289
2019-10-11,116.73999786376953,117.56999969482422,116.19000244140625,116.4000015258789,2860400,106.63939666748047
2019-10-14,116.13999938964844,117,115.94000244140625,116.38999938964844,1864400,106.63021850585938
2019-10-15,117.02999877929688,118.19000244140625,116.7300033569336,117.58999633789062,2379700,107.72956848144531
2019-10-16,117.62999725341797,117.98999786376953,117.06999969482422,117.41000366210938,2136700,107.5646743774414
2019-10-17,118.01000213623047,119.33000183105469,117.95999908447266,119.0999984741211,3005500,109.11296081542969
2019-10-18,119.7300033569336,119.9800033569336,116.66999816894531,116.76000213623047,6188500,106.96918487548828
2019-10-21,117.55000305175781,119.37999725341797,117.48999786376953,119.05000305175781,4259500,109.06716918945312
2019-10-22,118.66999816894531,119.3499984741211,118.29000091552734,118.61000061035156,3912100,108.6640625
2019-10-23,118.41999816894531,119.2300033569336,115.51000213623047,116.48999786376953,3921100,106.7218246459961
2019-10-24,116.44000244140625,116.9000015258789,116.13999938964844,116.41000366210938,2551300,106.6485366821289
2019-10-25,116.36000061035156,118.51000213623047,116.2699966430664,118.26000213623047,2325000,108.34341430664062
2019-10-28,118.63999938964844,119.30000305175781,118.06999969482422,118.58000183105469,2552700,108.6365737915039
2019-10-29,118.08999633789062,118.83000183105469,117.08000183105469,117.41999816894531,2756300,107.57383728027344
2019-10-30,117.44000244140625,118.16999816894531,116.86000061035156,118.06999969482422,2264400,108.16934967041016
2019-10-31,117.79000091552734,118.20999908447266,116.88999938964844,117.27999877929688,2507400,107.4455795288086
2019-11-01,118.41000366210938,119.44999694824219,118.16999816894531,119.13999938964844,2036600,109.14961242675781
2019-11-04,119.62000274658203,120.5,119.01000213623047,119.62000274658203,1956400,109.58938598632812
2019-11-05,119.83999633789062,119.95999908447266,117.76000213623047,118.7699966430664,2630000,108.8106460571289
2019-11-06,118.88999938964844,119.72000122070312,118.88999938964844,119.69000244140625,2420700,109.65349578857422
2019-11-07,120.2699966430664,122.43000030517578,120.0999984741211,121.27999877929688,2845000,111.11017608642578
2019-11-08,121.01000213623047,121.80999755859375,120.88999938964844,121.47000122070312,1984600,111.28424072265625
2019-11-11,120.76000213623047,121.80999755859375,120.51000213623047,120.9000015258789,1704100,110.76202392578125
2019-11-12,120.87000274658203,121.2300033569336,120.41000366210938,120.88999938964844,2012400,110.75286865234375
2019-11-13,120.2699966430664,120.97000122070312,120.12999725341797,120.26000213623047,1807900,110.17569732666016
2019-11-14,120,120.9800033569336,119.80000305175781,120.93000030517578,1990600,110.78952026367188
2019-11-15,120.9800033569336,121.33000183105469,120.38999938964844,120.76000213623047,2341500,110.63378143310547
2019-11-18,120.55999755859375,120.8499984741211,119.4000015258789,119.66000366210938,2617900,109.62602996826172
2019-11-19,120.01000213623047,120.44999694824219,119.86000061035156,120,1891000,109.93751525878906
2019-11-20,119.83000183105469,120.2300033569336,118.93000030517578,119.30000305175781,2544100,109.29621124267578
2019-11-21,119.29000091552734,119.47000122070312,118.48999786376953,118.80000305175781,2783800,108.83814239501953
2019-11-22,119.20999908447266,119.29000091552734,118.41000366210938,119.05999755859375,1629700,109.07633972167969
2019-11-25,119.13999938964844,120.5999984741211,119.13999938964844,120.5999984741211,2285400,110.4872055053711
2019-11-26,120.91000366210938,121.04000091552734,119.5999984741211,119.79000091552734,4596200,109.7451171875
2019-11-27,120,120.36000061035156,119.3499984741211,120.33000183105469,2629700,110.2398452758789
2019-11-29,120.06999969482422,120.88999938964844,119.77999877929688,120.12000274658203,1961500,110.04744720458984
2019-12-02,120.30999755859375,120.36000061035156,117.06999969482422,117.26000213623047,5538200,107.42727661132812
2019-12-03,116.04000091552734,116.75,114.6500015258789,116.56999969482422,3792300,106.79509735107422
2019-12-04,117.30999755859375,118.54000091552734,117,117.94000244140625,2444100,108.05024719238281
2019-12-05,117.91000366210938,118.43000030517578,117.58999633789062,118.27999877929688,3128300,108.3617172241211
2019-12-06,120.20999908447266,121.44000244140625,119.91000366210938,120.61000061035156,3287600,110.49634552001953
2019-12-09,120.44000244140625,121.52999877929688,120.11000061035156,120.45999908447266,2885200,110.3589096069336
2019-12-10,120.44999694824219,121.47000122070312,120.02999877929688,120.9000015258789,2518200,110.76202392578125
2019-12-11,120.87999725341797,121.37999725341797,120.0999984741211,120.63999938964844,2015300,110.52383422851562
2019-12-12,120.5999984741211,123.06999969482422,120.05000305175781,122.63999938964844,2933800,112.35614013671875
2019-12-13,122.47000122070312,124.98999786376953,122.08000183105469,124.72000122070312,3919000,114.26170349121094
2019-12-16,125.6500015258789,126.33000183105469,123.33999633789062,123.68000030517578,3416100,113.30890655517578
2019-12-17,123.98999786376953,125.4000015258789,123.25,124.94999694824219,4325200,114.47242736816406
2019-12-18,125.02999877929688,125.06999969482422,124.08000183105469,124.26000213623047,3154200,113.84028625488281
2019-12-19,124.18000030517578,124.9000015258789,123.87999725341797,124.83000183105469,2543600,114.36248779296875
2019-12-20,125.86000061035156,126.27999877929688,124.83000183105469,125.7699966430664,5828700,115.22367095947266
2019-12-23,125.73999786376953,125.73999786376953,123.69999694824219,124.48999786376953,3031400,114.05098724365234
2019-12-24,124.94999694824219,125.33000183105469,124.37999725341797,124.73999786376953,953500,114.28002166748047
2019-12-26,124.9800033569336,125.44000244140625,124.52999877929688,125.41000366210938,1486600,114.89386749267578
2019-12-27,125.83999633789062,125.97000122070312,125.11000061035156,125.19000244140625,1788600,114.69229888916016
2019-12-30,125.19999694824219,125.45999908447266,124.18000030517578,124.30000305175781,2306500,113.87691497802734
2019-12-31,124.29000091552734,124.56999969482422,123.77999877929688,124.48999786376953,2340400,114.05098724365234
2020-01-02,124.66000366210938,126.2699966430664,124.2300033569336,125.8499984741211,2708000,115.69656372070312
2020-01-03,124.31999969482422,125.0999984741211,123.94000244140625,124.5999984741211,2090600,114.54743194580078
2020-01-06,123.37000274658203,124.16000366210938,123.12000274658203,124.05999755859375,2855200,114.05097961425781
2020-01-07,123.47000122070312,124.4000015258789,123.36000061035156,123.41000366210938,2042300,113.45343780517578
2020-01-08,124.05000305175781,126.36000061035156,123.80000305175781,125.54000091552734,3458200,115.41157531738281
2020-01-09,126.48999786376953,127.87999725341797,126.38999938964844,127.80999755859375,2787100,117.49844360351562
2020-01-10,127.58000183105469,128.1699981689453,126.91999816894531,127.27999877929688,2789200,117.01119232177734
2020-01-13,127.83999633789062,128.9499969482422,127.62999725341797,128.5399932861328,3285700,118.16954040527344
2020-01-14,128.6199951171875,130.08999633789062,128.33999633789062,128.8000030517578,3836000,118.40857696533203
2020-01-15,128.69000244140625,129.83999633789062,128.4499969482422,129.82000732421875,3187200,119.34627532958984
2020-01-16,130.5,130.92999267578125,129.7100067138672,130.5500030517578,2424500,120.01737976074219
2020-01-17,131.4499969482422,131.86000061035156,130.7899932861328,131.52000427246094,3659400,120.90914154052734
2020-01-21,131.11000061035156,131.82000732421875,130.38999938964844,130.52999877929688,3102700,119.99901580810547
2020-01-22,130.92999267578125,132.27000427246094,130.92999267578125,131.49000549316406,2483800,120.881591796875
2020-01-23,131.25999450683594,131.57000732421875,130.13999938964844,131.3699951171875,3841000,120.77122497558594
2020-01-24,136.36000061035156,138.1300048828125,133.85000610351562,135.11000061035156,8612500,124.20948791503906
2020-01-27,131.14999389648438,131.97999572753906,128.8699951171875,130.63999938964844,6432400,120.10013580322266
2020-01-28,132,133.8699951171875,131.13999938964844,132.4499969482422,3712700,121.76410675048828
2020-01-29,132.47999572753906,133.1300048828125,131.44000244140625,131.67999267578125,2518400,121.05621337890625
2020-01-30,130.75,133.3300018310547,130.44000244140625,133.22000122070312,2428500,122.47199249267578
2020-01-31,132.1699981689453,132.25,129.3800048828125,129.8699951171875,3522600,119.39224243164062
2020-02-03,130.5500030517578,132.22000122070312,130.4499969482422,131,2721900,120.43108367919922
2020-02-04,132.8800048828125,133.33999633789062,131.72000122070312,131.85000610351562,2547500,121.21253204345703
2020-02-05,133.42999267578125,133.8000030517578,131.2899932861328,133.60000610351562,4084500,122.82131958007812
2020-02-06,134.16000366210938,134.35000610351562,133.11000061035156,133.25,1708600,122.4995346069336
2020-02-07,132.57000732421875,132.75,131.33999633789062,131.82000732421875,2885600,121.18492126464844
2020-02-10,131.61000061035156,132.5,131.35000610351562,132.24000549316406,1816500,121.57105255126953
2020-02-11,133.02999877929688,133.64999389648438,132.32000732421875,132.6300048828125,1733300,121.9295654296875
2020-02-12,133.38999938964844,133.72000122070312,132.52999877929688,133.24000549316406,1715400,122.49037170410156
2020-02-13,133.14999389648438,134.6699981689453,133.05999755859375,134.4600067138672,3178300,123.6119613647461
2020-02-14,134.7100067138672,136.3699951171875,134.52999877929688,135.8699951171875,2360300,124.90821075439453
2020-02-18,135.8699951171875,136.75,134.94000244140625,135.60000610351562,2428200,124.65995788574219
2020-02-19,136.3000030517578,137.4199981689453,136.1199951171875,136.92999267578125,1785000,125.88263702392578
2020-02-20,136.41000366210938,138.0399932861328,134.89999389648438,136.5800018310547,2541700,125.5608901977539
2020-02-21,136.1999969482422,136.27000427246094,133.88999938964844,134.89999389648438,3106100,124.01644134521484
2020-02-24,129.42999267578125,130.9600067138672,127.2300033569336,128.19000244140625,6329300,117.8477783203125
2020-02-25,127.70999908447266,127.98999786376953,119.91000366210938,120.9000015258789,7628100,111.14594268798828
2020-02-26,121.2699966430664,122.43000030517578,118.47000122070312,118.5,5268000,108.93956756591797
2020-02-27,115.9000015258789,117.4800033569336,112.77999877929688,112.80999755859375,8279800,103.7086181640625
2020-02-28,109.05000305175781,111.02999877929688,107,109.93000030517578,11362100,101.06098937988281
2020-03-02,111.11000061035156,113.98999786376953,108.58999633789062,113.87000274658203,9851600,104.68312072753906
2020-03-03,115.0199966430664,116.4000015258789,107,108.01000213623047,9285000,99.29589080810547
2020-03-04,110.25,115.79000091552734,109.25,115.69999694824219,7470900,106.3654556274414
2020-03-05,111.62000274658203,112.58999633789062,109.69999694824219,110.94000244140625,12060600,101.98949432373047
2020-03-06,105.7300033569336,108.7699966430664,103.79000091552734,108.23999786376953,9897700,99.50733947753906
2020-03-09,100.87000274658203,101.44000244140625,96.94000244140625,98.29000091552734,12266300,90.36009216308594
2020-03-10,101.93000030517578,103.37000274658203,97.44999694824219,103.30000305175781,9793200,94.96587371826172
2020-03-11,100.30000305175781,100.95999908447266,93.87000274658203,95.37999725341797,8822900,87.68486785888672
2020-03-12,87.66000366210938,89.61000061035156,81.80999755859375,83.52999877929688,12206600,76.79090881347656
2020-03-13,90.37999725341797,100.08000183105469,84.30000305175781,99.5999984741211,12680400,91.56437683105469
2020-03-16,82.44000244140625,93.18000030517578,80.37000274658203,85.87000274658203,15072400,78.94209289550781
2020-03-17,87.61000061035156,88.94000244140625,83.22000122070312,86.58000183105469,10512200,79.59483337402344
2020-03-18,80.0199966430664,81.5199966430664,67,73.75,14359300,67.79994201660156
2020-03-19,72.54000091552734,77.88999938964844,69.79000091552734,77.06999969482422,12330400,70.85211181640625
2020-03-20,78.9800033569336,82.44000244140625,72.55999755859375,74.12000274658203,12208600,68.14008331298828
2020-03-23,72.81999969482422,75.41999816894531,68.12000274658203,68.95999908447266,8907600,63.39638900756836
2020-03-24,73.51000213623047,84.7699966430664,71.69999694824219,84.05000305175781,10593900,77.26895141601562
2020-03-25,87.61000061035156,96.45999908447266,85.31999969482422,90.16999816894531,11046500,82.89519500732422
2020-03-26,92.23999786376953,99.69000244140625,90.83999633789062,93.29000091552734,9459400,85.76347351074219
2020-03-27,87.94000244140625,91.97000122070312,85.81999969482422,88.7300033569336,6999800,81.5713882446289
2020-03-30,88.51000213623047,91.38999938964844,85.2699966430664,90.2699966430664,5565000,82.98715209960938
2020-03-31,89.94000244140625,90.9000015258789,85.06999969482422,85.61000061035156,6075900,78.70310974121094
2020-04-01,80.6500015258789,81.30999755859375,77,77.83999633789062,8313400,71.55998229980469
2020-04-02,77.05999755859375,79.12000274658203,75.83000183105469,76.66000366210938,8338100,70.86665344238281
2020-04-03,76,76.66000366210938,72.61000061035156,73.5999984741211,10023100,68.03790283203125
2020-04-06,80.22000122070312,84.25,78.73999786376953,83.87000274658203,11253000,77.53178405761719
2020-04-07,91.43000030517578,93.30000305175781,87.41999816894531,87.58000183105469,8693200,80.96139526367188
2020-04-08,89.20999908447266,93,88.12000274658203,92.08000183105469,6122800,85.121337890625
2020-04-09,94.58999633789062,97.8499984741211,93.45999908447266,94.81999969482422,6902500,87.65425872802734
2020-04-13,93.29000091552734,93.41999816894531,87.94000244140625,90.33000183105469,5037700,83.5035629272461
2020-04-14,91.45999908447266,92.5,85.91000366210938,88.38999938964844,8703200,81.71017456054688
2020-04-15,83.43000030517578,85.4000015258789,80.68000030517578,83.79000091552734,10415600,77.45780181884766
2020-04-16,83.79000091552734,83.94000244140625,80.33000183105469,81.3499984741211,7526600,75.20221710205078
2020-04-17,85.31999969482422,87.38999938964844,84.27999877929688,87.38999938964844,8269000,80.78575897216797
2020-04-20,84.58999633789062,85.2699966430664,82.69000244140625,84.01000213623047,6140400,77.66119384765625
2020-04-21,80.7300033569336,82.45999908447266,79.47000122070312,81.5199966430664,7360300,75.3593521118164
2020-04-22,83.5999984741211,83.66000366210938,81.97000122070312,82.54000091552734,5130300,76.30228424072266
2020-04-23,83.23999786376953,84.77999877929688,81.70999908447266,82.45999908447266,5807200,76.22830963134766
2020-04-24,84.12999725341797,84.77999877929688,81.30999755859375,83.16999816894531,9125400,76.88465881347656
2020-04-27,83.47000122070312,85.1500015258789,82.33999633789062,85.05999755859375,7785000,78.63184356689453
2020-04-28,87.55999755859375,88.95999908447266,86.20999908447266,88.19000244140625,7165900,81.52529907226562
2020-04-29,91.75,96.38999938964844,90.88999938964844,96.12000274658203,9396500,88.85602569580078
2020-04-30,93.75,94.30999755859375,91.16999816894531,91.25,6553700,84.35404968261719
2020-05-01,88.0999984741211,89.06999969482422,87.16000366210938,88.31999969482422,4620200,81.64549255371094
2020-05-04,86.08999633789062,87.37000274658203,85.0199966430664,86.37999725341797,4875400,79.8520736694336
2020-05-05,88,88.7300033569336,86.36000061035156,86.73999786376953,4410300,80.18488311767578
2020-05-06,87.48999786376953,87.76000213623047,83.86000061035156,84,4723400,77.6519546508789
2020-05-07,85.30000305175781,87.37000274658203,84.93000030517578,86.7300033569336,4627600,80.17564392089844
2020-05-08,88.5,89.66000366210938,87.55000305175781,89.5,3913100,82.73629760742188
2020-05-11,87.5,87.6500015258789,85.30000305175781,85.33000183105469,5917600,78.8814468383789
2020-05-12,86.0999984741211,87.26000213623047,83.0999984741211,83.13999938964844,5504900,76.85693359375
2020-05-13,82,82.12999725341797,77.4000015258789,78.02999877929688,10681600,72.13312530517578
2020-05-14,76.91999816894531,83.9000015258789,76,83.80999755859375,10625100,77.47631072998047
2020-05-15,82.47000122070312,83.38999938964844,81.22000122070312,82.22000122070312,6618600,76.00645446777344
2020-05-18,86.72000122070312,89,85.91999816894531,88.41000366210938,7781700,81.72869110107422
2020-05-19,88.41999816894531,89.83999633789062,86.61000061035156,87.26000213623047,4920600,80.66558074951172
2020-05-20,89.18000030517578,91.33999633789062,88.7699966430664,90.7300033569336,5218500,83.87338256835938
2020-05-21,90.11000061035156,91.43000030517578,89.12000274658203,89.83000183105469,6241900,83.04136657714844
2020-05-22,89.70999908447266,89.94999694824219,88.20999908447266,89.33000183105469,3734500,82.57915496826172
2020-05-26,93.94000244140625,95.56999969482422,92.88999938964844,94.31999969482422,6559400,87.19204711914062
2020-05-27,100,101.69000244140625,96.80000305175781,101.2300033569336,11007700,93.57984924316406
2020-05-28,101.54000091552734,102.45999908447266,98.01000213623047,98.05999755859375,9268200,90.64940643310547
2020-05-29,95.5,97.11000061035156,94.66000366210938,95.06999969482422,7710900,87.88536834716797
2020-06-01,95.55999755859375,98.06999969482422,94.55999755859375,96.75,4269500,89.43839263916016
2020-06-02,98.5999984741211,100.48999786376953,98.16999816894531,99.06999969482422,5433800,91.58306121826172
2020-06-03,102.77999877929688,105.87000274658203,101.62999725341797,105.4000015258789,7301000,97.4347152709961
2020-06-04,103.47000122070312,107.43000030517578,103.2300033569336,106.54000091552734,5841600,98.48855590820312
2020-06-05,114.11000061035156,115.93000030517578,108.06999969482422,109.7300033569336,10097600,101.4374771118164
2020-06-08,111.91000366210938,113.70999908447266,110.63999938964844,113.66999816894531,6795200,105.07971954345703
2020-06-09,110.08000183105469,111.80000305175781,108.66999816894531,110.45999908447266,5517400,102.11231994628906
2020-06-10,110,110.33000183105469,105.95999908447266,106.16000366210938,5747400,98.13727569580078
2020-06-11,100.87000274658203,102.98999786376953,98.12999725341797,98.5999984741211,8601200,91.14861297607422
2020-06-12,103.20999908447266,103.5,98.08000183105469,101.68000030517578,7251100,93.995849609375
2020-06-15,100,104.73999786376953,97.62000274658203,103.94999694824219,6472400,96.09429931640625
2020-06-16,109.0199966430664,109.05999755859375,102.86000061035156,105.62000274658203,6706000,97.63809204101562
2020-06-17,105.66999816894531,106.12000274658203,103.83000183105469,103.95999908447266,4408200,96.10353088378906
2020-06-18,102.13999938964844,103.48999786376953,101.2699966430664,102.16000366210938,3645700,94.43955993652344
2020-06-19,104.2300033569336,104.2300033569336,99.31999969482422,100.94000244140625,7589500,93.31175994873047
2020-06-22,98,100.5,97.94999694824219,99.44000244140625,4799900,91.92510223388672
2020-06-23,100.94000244140625,101.6500015258789,99.25,99.41999816894531,4364800,91.90663146972656
2020-06-24,97.6500015258789,98.2699966430664,95,95.4800033569336,5958300,88.26436614990234
2020-06-25,94.61000061035156,98.12000274658203,93.76000213623047,97.8499984741211,5195400,90.45526885986328
2020-06-26,95.93000030517578,96.30000305175781,92.44999694824219,93.41999816894531,10489400,86.36005401611328
2020-06-29,94.44000244140625,95.41000366210938,93.33999633789062,94.5199966430664,4962400,87.37691497802734
2020-06-30,94.16000366210938,95.5999984741211,93.56999969482422,95.19999694824219,4367100,88.00554656982422
2020-07-01,95.25,96.95999908447266,93.63999938964844,94.05000305175781,3301000,87.33694458007812
2020-07-02,96.7699966430664,97.29000091552734,93.8499984741211,94.33000183105469,4239700,87.5969467163086
2020-07-06,96.51000213623047,97.9000015258789,95.83999633789062,96.58000183105469,4059600,89.68635559082031
2020-07-07,95.44000244140625,95.5199966430664,92.62999725341797,93.01000213623047,5564200,86.37116241455078
2020-07-08,91.97000122070312,93.0999984741211,90.70999908447266,92.9000015258789,6382100,86.26900482177734
2020-07-09,92.51000213623047,93.20999908447266,89.58000183105469,90.56999969482422,4484500,84.10531616210938
2020-07-10,90.31999969482422,93.30999755859375,89.81999969482422,93.2300033569336,4400900,86.5754623413086
2020-07-13,94.23999786376953,95.76000213623047,92.77999877929688,93.55999755859375,4819700,86.88190460205078
2020-07-14,93.19000244140625,95.22000122070312,92.29000091552734,94.83999633789062,4044400,88.0705337524414
2020-07-15,96.66000366210938,97.77999877929688,96.38999938964844,97.36000061035156,5405600,90.4106674194336
2020-07-16,96.5,97.79000091552734,95.66999816894531,96.31999969482422,2666000,89.44490051269531
2020-07-17,96.3499984741211,96.52999877929688,95.01000213623047,95.18000030517578,2861600,88.38627624511719
2020-07-20,94.80000305175781,95.36000061035156,93.58000183105469,94,3560100,87.29048919677734
2020-07-21,95.25,97.45999908447266,94.7300033569336,96.33000183105469,4227100,89.45417785644531
2020-07-22,95.80999755859375,97.41000366210938,95.37999725341797,96.54000091552734,4360300,89.64918518066406
2020-07-23,95.51000213623047,97.77999877929688,95.51000213623047,96.66999816894531,4239800,89.7699203491211
2020-07-24,95.30000305175781,97.1500015258789,93.30000305175781,95.33000183105469,4790300,88.52556610107422
2020-07-27,94.63999938964844,95.9800033569336,93.63999938964844,95.79000091552734,3501800,88.95271301269531
2020-07-28,95.76000213623047,96.29000091552734,94.18000030517578,94.41999816894531,3567400,87.68051147460938
2020-07-29,94.70999908447266,96.75,94.44000244140625,96.69000244140625,2791700,89.78852081298828
2020-07-30,94.68000030517578,94.77999877929688,92.5,94.6500015258789,3856300,87.89411163330078
2020-07-31,94.30999755859375,94.44999694824219,92.2300033569336,93.31999969482422,4088200,86.65901947021484
2020-08-03,93.30999755859375,94.4000015258789,92.44000244140625,93.54000091552734,2869000,86.86332702636719
2020-08-04,93.48999786376953,93.80000305175781,92.48999786376953,93.19000244140625,2415100,86.538330078125
2020-08-05,93.81999969482422,95.58000183105469,93.80999755859375,95.38999938964844,2844900,88.58129119873047
2020-08-06,95.18000030517578,96.2699966430664,94.4800033569336,95.91999816894531,2698800,89.0734634399414
2020-08-07,95.29000091552734,99.30000305175781,94.94999694824219,99.16000366210938,4690700,92.08220672607422
2020-08-10,99.48999786376953,102.6500015258789,99.26000213623047,101.62000274658203,5254800,94.36660766601562
2020-08-11,103.98999786376953,105.69999694824219,102.95999908447266,103.26000213623047,4744000,95.88955688476562
2020-08-12,104.76000213623047,104.80000305175781,100.68000030517578,101.68000030517578,3407800,94.42233276367188
2020-08-13,100.52999877929688,101.83000183105469,99.5,100.41999816894531,3265400,93.25225067138672
2020-08-14,99.66000366210938,101.29000091552734,99.2699966430664,100.41000366210938,1956500,93.24297332763672
2020-08-17,99.91999816894531,100,97.44000244140625,97.55000305175781,7488500,90.58711242675781
2020-08-18,98.19000244140625,98.83000183105469,96.47000122070312,96.66999816894531,3337300,89.7699203491211
2020-08-19,96.81999969482422,97.91000366210938,95.88999938964844,96.88999938964844,3079600,89.97422790527344
2020-08-20,95.73999786376953,97.58000183105469,95.68000030517578,96.72000122070312,3102500,89.81632995605469
2020-08-21,96.48999786376953,97.6500015258789,95.95999908447266,96.1500015258789,2845100,89.28705596923828
2020-08-24,96.68000030517578,99.37000274658203,96.38999938964844,99.33000183105469,4141100,92.24005889892578
2020-08-25,100.62000274658203,100.79000091552734,98.02999877929688,99.05000305175781,2946600,91.98002624511719
2020-08-26,98.55999755859375,99.13999938964844,97.80999755859375,98.4000015258789,2936500,91.37642669677734
2020-08-27,98.76000213623047,102.13999938964844,98.52999877929688,101.52999877929688,3992100,94.28303527832031
2020-08-28,102.1500015258789,102.9000015258789,100.73999786376953,102.54000091552734,4382900,95.220947265625
2020-08-31,102.9000015258789,102.9000015258789,101.36000061035156,101.58999633789062,4665800,94.33873748779297
2020-09-01,100.54000091552734,102.77999877929688,100.16000366210938,102.47000122070312,3142500,95.15591430664062
2020-09-02,102.58000183105469,104.87000274658203,102.29000091552734,104.4000015258789,3536900,96.94818115234375
2020-09-03,104.97000122070312,109.02999877929688,103.8499984741211,104.45999908447266,6747900,97.00389099121094
2020-09-04,106.3499984741211,108.27999877929688,104.4800033569336,105.66999816894531,5235100,98.12750244140625
2020-09-08,104.41999816894531,105.08000183105469,103.30000305175781,103.66999816894531,4517000,96.27027130126953
2020-09-09,104.56999969482422,104.70999908447266,102.69000244140625,103.77999877929688,2474700,96.37242126464844
2020-09-10,104.19000244140625,105.11000061035156,102.30999755859375,102.7699966430664,3288900,95.43451690673828
2020-09-11,102.91000366210938,103.8499984741211,102.01000213623047,103.36000061035156,2604400,95.98240661621094
2020-09-14,104.6500015258789,107.69000244140625,104.22000122070312,107.2699966430664,3620100,99.61331939697266
2020-09-15,107.83999633789062,108.12000274658203,106.23999786376953,106.68000030517578,3371500,99.0654067993164
2020-09-16,106.7300033569336,107.48999786376953,104.69000244140625,105.9800033569336,5798900,98.41541290283203
2020-09-17,104.2699966430664,105.3499984741211,103.31999969482422,104.66000366210938,3215300,97.18962860107422
2020-09-18,104.45999908447266,106.12000274658203,103.30999755859375,103.44000244140625,6630300,96.05667877197266
2020-09-21,100.5999984741211,100.62999725341797,96.22000122070312,98.16999816894531,8339900,91.1628646850586
2020-09-22,98.01000213623047,99.77999877929688,96.41000366210938,98.4800033569336,4884400,91.45072174072266
2020-09-23,95.76000213623047,97.0999984741211,95.08999633789062,95.55999755859375,9427200,88.73914337158203
2020-09-24,95.33999633789062,96.9000015258789,93.70999908447266,95.44999694824219,4249000,88.63700866699219
2020-09-25,94.68000030517578,96.8499984741211,94.45999908447266,96.26000213623047,2775600,89.38919067382812
2020-09-28,99,99.7300033569336,98.62999725341797,98.81999969482422,3930900,91.76646423339844
2020-09-29,98.73999786376953,99.3499984741211,97.2300033569336,97.75,3200400,90.77284240722656
2020-09-30,98.2300033569336,101.5199966430664,98.2300033569336,100.25,5060900,93.09439086914062
2020-10-01,100.33000183105469,101.4800033569336,99.37000274658203,101.33000183105469,4179300,94.0972900390625
2020-10-02,99.77999877929688,103.13999938964844,98.62999725341797,101.61000061035156,3783300,94.35730743408203
2020-10-05,103.33000183105469,104.08000183105469,102.2699966430664,103.88999938964844,2863200,96.47456359863281
2020-10-06,105.01000213623047,105.29000091552734,101.31999969482422,101.76000213623047,3309200,94.4966049194336
2020-10-07,102.80999755859375,104.1500015258789,102.38999938964844,103.37999725341797,3048400,96.00096130371094
2020-10-08,104.33000183105469,106.13999938964844,104.05999755859375,106.05999755859375,2922600,98.90104675292969
2020-10-09,105.98999786376953,107.20999908447266,105.23999786376953,106.33999633789062,3511300,99.16214752197266
2020-10-12,106.45999908447266,107.01000213623047,106,106.61000061035156,2626700,99.4139404296875
2020-10-13,105.88999938964844,106.58999633789062,104.76000213623047,105.01000213623047,2602600,97.92192840576172
2020-10-14,105.37999725341797,106.2699966430664,104.76000213623047,104.80999755859375,2826300,97.73543548583984
2020-10-15,103.44000244140625,104.88999938964844,103.0199966430664,104.43000030517578,2699300,97.38106536865234
2020-10-16,104.6500015258789,105.68000030517578,104.19999694824219,104.91000366210938,2394300,97.82869720458984
2020-10-19,105.12999725341797,105.22000122070312,102.25,102.47000122070312,3196500,95.55338287353516
2020-10-20,102.94000244140625,104.61000061035156,102.83000183105469,103.13999938964844,2954700,96.17815399169922
2020-10-21,103.16999816894531,103.38999938964844,101.36000061035156,101.43000030517578,2588400,94.58358764648438
2020-10-22,101.69999694824219,104.86000061035156,101.56999969482422,104.79000091552734,3748800,97.71678161621094
2020-10-23,100.62999725341797,103.63999938964844,100,100.9800033569336,8921200,94.1639404296875
2020-10-26,99.7699966430664,100.0999984741211,95.77999877929688,96.87999725341797,5731500,90.34070587158203
2020-10-27,97.62000274658203,97.69999694824219,94.9000015258789,94.93000030517578,3780300,88.5223159790039
2020-10-28,91.95999908447266,93.56999969482422,91,91.5999984741211,7037800,85.4170913696289
2020-10-29,91.41000366210938,92.2300033569336,90.12999725341797,91.06999969482422,5419500,84.92286682128906
2020-10-30,90.80000305175781,91.31999969482422,89.11000061035156,91.23999786376953,4736300,85.0813980102539
2020-11-02,92.95999908447266,94.12999725341797,92.2699966430664,93.4000015258789,3572900,87.0955810546875
2020-11-03,94.75,96.8499984741211,94.4000015258789,96.29000091552734,4004300,89.79052734375
2020-11-04,94,97.81999969482422,92.86000061035156,96.4000015258789,4545500,89.89311218261719
2020-11-05,97.20999908447266,98.31999969482422,96.83999633789062,98.11000061035156,4197300,91.48766326904297
2020-11-06,98.5199966430664,98.63999938964844,96.2699966430664,96.69000244140625,3126300,90.16351318359375
2020-11-09,110.54000091552734,119.80999755859375,110.19000244140625,117.37000274658203,17261700,109.44763946533203
2020-11-10,118.58999633789062,119.88999938964844,115.12000274658203,115.94999694824219,7056800,108.12349700927734
2020-11-11,115.93000030517578,116,110.30000305175781,111.12000274658203,5642700,103.61949157714844
2020-11-12,109.81999969482422,112.12000274658203,109.55000305175781,111.0999984741211,4941200,103.6008529663086
2020-11-13,112.33999633789062,115.63999938964844,112.20999908447266,114.98999786376953,4811500,107.228271484375
2020-11-16,119.0999984741211,120.38999938964844,116.75,118.66999816894531,5339100,110.65988159179688
2020-11-17,116.97000122070312,117.79000091552734,114.13999938964844,116.4800033569336,4023200,108.61772918701172
2020-11-18,116.94000244140625,118.76000213623047,114.19000244140625,114.23999786376953,3264300,106.52891540527344
2020-11-19,113.77999877929688,114.80000305175781,112.52999877929688,114.13999938964844,3249800,106.4356460571289
2020-11-20,113.73999786376953,114.54000091552734,111.9000015258789,112.58000183105469,3702300,104.98096466064453
2020-11-23,114.23999786376953,116.77999877929688,113.72000122070312,116.08999633789062,3022900,108.25404357910156
2020-11-24,119,120.83999633789062,117.88999938964844,120.38999938964844,6163400,112.2637939453125
2020-11-25,119.5,120.9800033569336,118.25,120.58000183105469,4646600,112.44097137451172
2020-11-27,120.52999877929688,121.69000244140625,119.79000091552734,120.58999633789062,2447700,112.45027923583984
2020-11-30,120.02999877929688,121.4800033569336,118,118.58999633789062,3517700,110.58528900146484
2020-12-01,120.31999969482422,122.56999969482422,119.8499984741211,119.93000030517578,3583400,111.83484649658203
2020-12-02,119.27999877929688,122.8499984741211,118.9000015258789,122.33000183105469,3271900,114.0728530883789
2020-12-03,122.8499984741211,123.94999694824219,122.12000274658203,123.12000274658203,4285100,114.80953216552734
2020-12-04,124.3499984741211,125.31999969482422,123.8499984741211,125.04000091552734,5048600,116.59993743896484
2020-12-07,124.51000213623047,124.87000274658203,122.62999725341797,123.94000244140625,4253700,115.57416534423828
2020-12-08,122.47000122070312,124.55000305175781,122.0199966430664,123.5199966430664,3623000,115.1825180053711
2020-12-09,123.27999877929688,123.95999908447266,121.01000213623047,121.69000244140625,3622800,113.4760513305664
2020-12-10,120.72000122070312,122.12999725341797,119.69999694824219,121.83999633789062,2818800,113.61592102050781
2020-12-11,120.11000061035156,120.5,118.83999633789062,120.2300033569336,2942800,112.1146011352539
2020-12-14,121.7300033569336,121.79000091552734,116.6500015258789,117.36000061035156,5336300,109.43830871582031
2020-12-15,118.79000091552734,119.30999755859375,115.55999755859375,119.0999984741211,4528900,111.06085205078125
2020-12-16,118.93000030517578,119.58999633789062,118.27999877929688,119,2943700,110.96762084960938
2020-12-17,119.41000366210938,119.66999816894531,118.45999908447266,118.9800033569336,3746700,110.94896697998047
2020-12-18,118.58999633789062,119.36000061035156,116.6500015258789,117.51000213623047,8394100,109.57818603515625
2020-12-21,115.7699966430664,118,113.72000122070312,116.41000366210938,4528300,108.55244445800781
2020-12-22,116.19000244140625,116.26000213623047,114.37999725341797,114.55000305175781,3632300,106.8179931640625
2020-12-23,115.77999877929688,118.19000244140625,115.77999877929688,116.94999694824219,2725200,109.05598449707031
2020-12-24,116.93000030517578,117.44000244140625,115.81999969482422,117.3499984741211,707000,109.42898559570312
2020-12-28,118.05000305175781,119.3499984741211,117.5999984741211,118.36000061035156,1878700,110.37081909179688
2020-12-29,119.23999786376953,119.3499984741211,118,118.13999938964844,1860400,110.16566467285156
2020-12-30,118.25,119.94999694824219,118.1500015258789,119.43000030517578,1954200,111.36859893798828
2020-12-31,119.70999908447266,121.05999755859375,119.16000366210938,120.91000366210938,1747800,112.74870300292969
2021-01-04,121.30000305175781,121.80000305175781,116.8499984741211,118.04000091552734,3472100,110.07240295410156
2021-01-05,118.26000213623047,119.27999877929688,117.0999984741211,118.66999816894531,2112700,110.65988159179688
2021-01-06,121,124.7300033569336,120.80999755859375,123.05999755859375,5861500,114.75355529785156
2021-01-07,124.0999984741211,125.69000244140625,117.3499984741211,121.66000366210938,8696600,113.84587097167969
2021-01-08,122.06999969482422,122.19999694824219,119.5199966430664,121.77999877929688,2934500,113.9581527709961
2021-01-11,120.41999816894531,121.41000366210938,119.38999938964844,121.05999755859375,3311000,113.2844009399414
2021-01-12,122,122.31999969482422,120.72000122070312,121.62000274658203,2671300,113.80844116210938
2021-01-13,121.5999984741211,123.88999938964844,121.16000366210938,122.4000015258789,3678300,114.53834533691406
2021-01-14,122.6500015258789,124.5,122.08999633789062,123.77999877929688,3404700,115.8297119140625
2021-01-15,122.4800033569336,122.86000061035156,121.70999908447266,122.1500015258789,3948200,114.30438995361328
2021-01-19,125.48999786376953,128.05999755859375,124.23999786376953,126.75,5818500,118.60894012451172
2021-01-20,127.19000244140625,129.5399932861328,127.06999969482422,128.94000244140625,4090200,120.65828704833984
2021-01-21,128.2899932861328,128.88999938964844,126.0999984741211,127.43000030517578,3654900,119.24527740478516
2021-01-22,125.73999786376953,127.05999755859375,124.87999725341797,126.13999938964844,2954800,118.03811645507812
2021-01-25,124.23999786376953,125,120.31999969482422,121.1500015258789,6156700,113.36864471435547
2021-01-26,118.75,120.29000091552734,115.72000122070312,116.1500015258789,8932500,108.68978118896484
2021-01-27,114.86000061035156,116.80000305175781,112.0999984741211,114.08999633789062,5816900,106.76207733154297
2021-01-28,117.43000030517578,120.37999725341797,116.5999984741211,118.97000122070312,5788500,111.32865142822266
2021-01-29,117.73999786376953,118.38999938964844,115.80999755859375,116.26000213623047,5059300,108.792724609375
2021-02-01,117.69999694824219,119.29000091552734,117,117.02999877929688,3359800,109.51324462890625
2021-02-02,118.29000091552734,122.41999816894531,118.27999877929688,120.69999694824219,4036700,112.9475326538086
2021-02-03,120.08000183105469,120.9800033569336,119.55999755859375,120.44000244140625,2782500,112.7042236328125
2021-02-04,120.98999786376953,125.41000366210938,120.80000305175781,124.9000015258789,3915900,116.87776184082031
2021-02-05,126.62000274658203,127.33999633789062,125.62999725341797,126.27999877929688,3184200,118.16912078857422
2021-02-08,126.87000274658203,128.39999389648438,126.75,127.98999786376953,3360900,119.769287109375
2021-02-09,127.6500015258789,127.66000366210938,126.19999694824219,126.68000030517578,2175000,118.5434341430664
2021-02-10,127.62999725341797,128.6999969482422,126.83999633789062,128.22999572753906,2929100,119.9938735961914
2021-02-11,127.44999694824219,129.1199951171875,126.9800033569336,128.30999755859375,3733000,120.06873321533203
2021-02-12,128.19000244140625,130.4600067138672,128,129.6199951171875,2873300,121.29458618164062
2021-02-16,128.91000366210938,130.91000366210938,128.25,130.67999267578125,2730600,122.28651428222656
2021-02-17,130.0800018310547,131.16000366210938,128.44000244140625,128.55999755859375,3088800,120.30266571044922
2021-02-18,127.48999786376953,128.8300018310547,126.08000183105469,128.49000549316406,2269700,120.23717498779297
2021-02-19,129.49000549316406,133.36000061035156,129.49000549316406,131.7100067138672,3419500,123.2503890991211
2021-02-22,131.50999450683594,136.47000122070312,131.3699951171875,135.9499969482422,3923100,127.21800994873047
2021-02-23,136.47000122070312,138.30999755859375,134.27999877929688,136.94000244140625,4814400,128.14447021484375
2021-02-24,137.1999969482422,140.9499969482422,136.80999755859375,139.88999938964844,4099500,130.90499877929688
2021-02-25,140.6199951171875,140.63999938964844,136.3699951171875,137.0800018310547,3607500,128.2754364013672
2021-02-26,137.10000610351562,138.25,133.7899932861328,135.25999450683594,3654800,126.57233428955078
2021-03-01,138.17999267578125,139.77000427246094,138.1199951171875,138.7100067138672,2972100,129.80075073242188
2021-03-02,138.24000549316406,140.19000244140625,138.0800018310547,139.25,2929100,130.30606079101562
2021-03-03,140,144.25,140,142.58999633789062,4393700,133.43157958984375
2021-03-04,142.14999389648438,144.11000061035156,139.9499969482422,142.67999267578125,4461700,133.5157928466797
2021-03-05,144.66000366210938,147.9600067138672,142.0800018310547,147.3300018310547,5048300,137.86712646484375
2021-03-08,147.27999877929688,151.4600067138672,146.72000122070312,150.27000427246094,4283400,140.61830139160156
2021-03-09,148.5800018310547,149.0800018310547,144.11000061035156,145.10000610351562,5806100,135.78033447265625
2021-03-10,145.6999969482422,148.2899932861328,145.44000244140625,146.75,3049800,137.3243865966797
2021-03-11,146,147.82000732421875,145.1300048828125,147.75,3147700,138.26014709472656
2021-03-12,149.10000610351562,150.63999938964844,148.02000427246094,148.5399932861328,2420100,138.9993896484375
2021-03-15,148.0399932861328,148.9199981689453,146.02999877929688,146.99000549316406,2586300,137.54893493652344
2021-03-16,147.25,147.25999450683594,142.82000732421875,143.3000030517578,4031000,134.095947265625
2021-03-17,144.75999450683594,144.82000732421875,141.89999389648438,144.67999267578125,3278500,135.3872833251953
2021-03-18,145.49000549316406,145.5,142.07000732421875,142.5800018310547,3173600,133.4221954345703
2021-03-19,141.89999389648438,141.94000244140625,139.74000549316406,140.7100067138672,5098300,131.67230224609375
2021-03-22,139.49000549316406,140.99000549316406,138.80999755859375,139.9499969482422,2274100,130.9611053466797
2021-03-23,138.94000244140625,139.5,135.1300048828125,136.0800018310547,4905400,127.33967590332031
2021-03-24,137.97000122070312,140.0399932861328,137.61000061035156,138.4199981689453,2638900,129.52940368652344
2021-03-25,137.9499969482422,142.52999877929688,136.75999450683594,142.27999877929688,2766400,133.14146423339844
2021-03-26,143.74000549316406,143.97999572753906,141.0500030517578,143.72999572753906,2687500,134.4983367919922
2021-03-29,141.97999572753906,143.07000732421875,140.30999755859375,142.3699951171875,2220600,133.22564697265625
2021-03-30,142.89999389648438,144.47999572753906,142.61000061035156,143.49000549316406,2034500,134.2737274169922
2021-03-31,142.97999572753906,143.25999450683594,141.35000610351562,141.44000244140625,2957300,132.7532196044922
2021-04-01,142.33999633789062,144.6300048828125,142.2100067138672,144.57000732421875,2629200,135.69100952148438
2021-04-05,146.91000366210938,147.47999572753906,145.61000061035156,146.05999755859375,2960100,137.08946228027344
2021-04-06,145.97999572753906,146.52999877929688,144.3800048828125,146.14999389648438,2851200,137.17396545410156
2021-04-07,147.4199981689453,148.36000061035156,145.72000122070312,147.1300048828125,2399500,138.0937957763672
2021-04-08,146.8000030517578,147.16000366210938,144.67999267578125,147.0399932861328,2295600,138.00930786132812
2021-04-09,148.2100067138672,148.44000244140625,146.69000244140625,147.77999877929688,1783400,138.70388793945312
2021-04-12,147.25999450683594,147.77000427246094,146.41000366210938,147.57000732421875,1869000,138.50680541992188
2021-04-13,146.5500030517578,146.60000610351562,143.83999633789062,145.99000549316406,2132100,137.0238037109375
2021-04-14,145.80999755859375,148.75,145.6999969482422,147.4199981689453,2141800,138.36595153808594
2021-04-15,147.50999450683594,148.58999633789062,145.5,148.52999877929688,2901200,139.40780639648438
2021-04-16,149.7100067138672,150.4499969482422,148.69000244140625,149.99000549316406,3480000,140.77810668945312
2021-04-19,149.19000244140625,149.50999450683594,147.8000030517578,148.5399932861328,2259100,139.4171905517578
2021-04-20,147.2100067138672,147.5,144.50999450683594,145.10000610351562,2526700,136.18846130371094
2021-04-21,144,147.3800048828125,143.02000427246094,147.17999267578125,2161700,138.14071655273438
2021-04-22,147.57000732421875,148.9199981689453,145.8699951171875,147.16000366210938,3247300,138.12191772460938
2021-04-23,141.5399932861328,144.97999572753906,140.67999267578125,144.3300018310547,6395300,135.4656982421875
2021-04-26,146.8000030517578,151.1199951171875,145.55999755859375,150.33999633789062,4821100,141.10659790039062
2021-04-27,150.6999969482422,150.8800048828125,148.85000610351562,150.36000061035156,2692100,141.12542724609375
2021-04-28,150.67999267578125,153.4600067138672,149.44000244140625,152.5399932861328,2584500,143.1715087890625
2021-04-29,153.85000610351562,155.0800018310547,152.08999633789062,154.6300048828125,2636000,145.1331787109375
2021-04-30,153.60000610351562,154.0399932861328,152.47999572753906,153.35000610351562,2712700,143.9317626953125
2021-05-03,154.58999633789062,156.0500030517578,154.00999450683594,154.8000030517578,2726200,145.29270935058594
2021-05-04,154.47999572753906,155.74000549316406,152.83999633789062,154.52999877929688,3025100,145.03927612304688
2021-05-05,154.8699951171875,156.72999572753906,154.32000732421875,156.38999938964844,3001600,146.7850341796875
2021-05-06,156.86000061035156,157.50999450683594,154.02000427246094,156.8800048828125,2798800,147.24496459960938
2021-05-07,155.61000061035156,159.25999450683594,155.33999633789062,158.97999572753906,2617800,149.21597290039062
2021-05-10,159.75,160.69000244140625,158.5,158.67999267578125,2987600,148.9344024658203
2021-05-11,156.4600067138672,157.7899932861328,153.64999389648438,154.42999267578125,3900100,144.9454345703125
2021-05-12,154.72000122070312,155.89999389648438,152.07000732421875,152.3000030517578,3487400,142.94627380371094
2021-05-13,152.41000366210938,154.80999755859375,151.80999755859375,154.0800018310547,2269700,144.61695861816406
2021-05-14,155.38999938964844,157.94000244140625,154.52999877929688,157.14999389648438,1892700,147.49838256835938
2021-05-17,157.0500030517578,157.3800048828125,155.8800048828125,156.86000061035156,1541400,147.2261962890625
2021-05-18,157.36000061035156,158.3000030517578,154.86000061035156,154.99000549316406,2417800,145.4710693359375
2021-05-19,152.07000732421875,154.77999877929688,151.72000122070312,154.72999572753906,3526800,145.22702026367188
2021-05-20,155.47000122070312,156.25,153.92999267578125,155.52999877929688,3031100,145.97787475585938
2021-05-21,156.6999969482422,158.80999755859375,156.35000610351562,156.8699951171875,3424100,147.2355499267578
2021-05-24,157.6999969482422,158.91000366210938,156.9499969482422,158.63999938964844,1956900,148.89686584472656
2021-05-25,159.07000732421875,160.0800018310547,157.74000549316406,158.00999450683594,2484200,148.30557250976562
2021-05-26,158.16000366210938,159.3800048828125,157.3699951171875,158.5800018310547,3731600,148.84054565429688
2021-05-27,159.97999572753906,160.2899932861328,158.85000610351562,159.74000549316406,2828400,149.92933654785156
2021-05-28,160.25999450683594,160.63999938964844,158.86000061035156,160.1300048828125,2436400,150.29537963867188
2021-06-01,162.50999450683594,164.11000061035156,161.5500030517578,163.75999450683594,3827800,153.70242309570312
2021-06-02,164.61000061035156,165.69000244140625,163.32000732421875,164.1199951171875,3384600,154.04031372070312
2021-06-03,163.67999267578125,165.4199981689453,162.82000732421875,164.52000427246094,2454800,154.41574096679688
2021-06-04,165,165.72999572753906,163.32000732421875,165,3239300,154.86624145507812
2021-06-07,165.6300048828125,166.64999389648438,165.3699951171875,165.9199981689453,2516400,155.72975158691406
2021-06-08,164.86000061035156,167.13999938964844,163.6300048828125,166.50999450683594,2486300,156.2835235595703
2021-06-09,165.27000427246094,166.13999938964844,163.8000030517578,164.08999633789062,2700100,154.01214599609375
2021-06-10,165.17999267578125,165.2100067138672,162.1199951171875,162.22999572753906,3024500,152.26641845703125
2021-06-11,163,164.5399932861328,162.50999450683594,164.50999450683594,1630100,154.4063262939453
2021-06-14,164.3000030517578,164.8800048828125,163.11000061035156,163.80999755859375,2125700,153.7493438720703
2021-06-15,163.92999267578125,166.89999389648438,163.8000030517578,166.27000427246094,3726100,156.05824279785156
2021-06-16,165.77999877929688,166.64999389648438,164.27000427246094,164.67999267578125,3281300,154.56591796875
2021-06-17,165.97000122070312,166,160.52999877929688,162.1300048828125,4194400,152.1725311279297
2021-06-18,158.6999969482422,159.6699981689453,157.25,158.1699981689453,6900200,148.45574951171875
2021-06-21,160.0800018310547,165.2100067138672,159.1300048828125,164.89999389648438,3681400,154.7724151611328
2021-06-22,163.4199981689453,165.24000549316406,162.4600067138672,164.5,2697600,154.39695739746094
2021-06-23,165.02999877929688,166.86000061035156,164.7899932861328,166.02000427246094,2327600,155.82362365722656
2021-06-24,167.05999755859375,168.5800018310547,166.41000366210938,168.2100067138672,2417100,157.87913513183594
2021-06-25,168.4499969482422,170.41000366210938,168.4499969482422,169.4499969482422,9186000,159.04295349121094
2021-06-28,168.6199951171875,168.85000610351562,163.1999969482422,164.77999877929688,3433400,154.65977478027344
2021-06-29,165.57000732421875,166.32000732421875,163.22999572753906,164.25,2785900,154.16229248046875
2021-06-30,163.6999969482422,166.16000366210938,163.6999969482422,165.22999572753906,2331800,155.08213806152344
2021-07-01,165.64999389648438,167.3699951171875,164.69000244140625,166.94000244140625,2685900,157.095947265625
2021-07-02,167.6999969482422,168.97999572753906,167.00999450683594,168.5,2028700,158.56398010253906
2021-07-06,172.5399932861328,172.5399932861328,167.8000030517578,169.55999755859375,4688100,159.56141662597656
2021-07-07,169.60000610351562,174.75999450683594,169.3800048828125,170.97999572753906,3998900,160.8977508544922
2021-07-08,166.9499969482422,170.0399932861328,165.58999633789062,167.5,4628400,157.62290954589844
2021-07-09,170,172.30999755859375,169.2100067138672,171.94000244140625,3175200,161.80113220214844
2021-07-12,170.07000732421875,174.10000610351562,169.8800048828125,173.60000610351562,3154100,163.36322021484375
2021-07-13,174,174.74000549316406,172.4199981689453,172.6199951171875,2675000,162.4410400390625
2021-07-14,172.86000061035156,174.5500030517578,171.00999450683594,172.52000427246094,3123100,162.3468780517578
2021-07-15,171.13999938964844,173.25999450683594,171.10000610351562,172.85000610351562,3448200,162.65745544433594
2021-07-16,173.74000549316406,173.7899932861328,169.5399932861328,170.00999450683594,4359800,159.98487854003906
2021-07-19,165.64999389648438,166.3800048828125,161.47999572753906,162.80999755859375,6739800,153.20947265625
2021-07-20,162.94000244140625,169.5800018310547,162.57000732421875,168.8699951171875,4243700,158.91213989257812
2021-07-21,170.74000549316406,173.6199951171875,169.74000549316406,172.50999450683594,3384500,162.3375244140625
2021-07-22,172.25,173.2100067138672,169.0500030517578,170.89999389648438,3335900,160.82244873046875
2021-07-23,176.52999877929688,179.6699981689453,172.9499969482422,173.17999267578125,6326600,162.96798706054688
2021-07-26,173.25,175.42999267578125,172.3000030517578,172.61000061035156,3115900,162.43157958984375
2021-07-27,170.4600067138672,175.1199951171875,169.9600067138672,172.94000244140625,7922600,162.7421417236328
2021-07-28,173,173.4499969482422,169.7100067138672,170.02000427246094,7961700,159.99436950683594
2021-07-29,171.38999938964844,173.82000732421875,171,171.9499969482422,3186900,161.810546875
2021-07-30,172.32000732421875,173.24000549316406,169.82000732421875,170.52999877929688,3441900,160.4742431640625
2021-08-02,171.13999938964844,173.36000061035156,168.75999450683594,169.27000427246094,2895700,159.28855895996094
2021-08-03,169.75,170.2899932861328,165.3000030517578,169.0399932861328,3642000,159.07211303710938
2021-08-04,168.3000030517578,170.44000244140625,167.32000732421875,168.05999755859375,3544400,158.14990234375
2021-08-05,168.66000366210938,170.52999877929688,168.32000732421875,169.6300048828125,2535400,159.6273193359375
2021-08-06,170.52999877929688,172.85000610351562,169.74000549316406,171.36000061035156,2828700,161.25531005859375
2021-08-09,170.35000610351562,171.1199951171875,168.7899932861328,170.77999877929688,2560200,160.70953369140625
2021-08-10,170.72999572753906,171.6999969482422,168.67999267578125,169.49000549316406,3389500,159.49559020996094
2021-08-11,169.4499969482422,170.72999572753906,168.6699981689453,170.6699981689453,3843400,160.6060028076172
2021-08-12,170.02000427246094,170.11000061035156,167.97000122070312,168.52000427246094,3372800,158.58279418945312
2021-08-13,168.08999633789062,168.3000030517578,165.61000061035156,166.0800018310547,4157700,156.28665161132812
2021-08-16,164.77000427246094,165.89999389648438,162.6300048828125,165.75,3845400,155.97616577148438
2021-08-17,164.75999450683594,166.35000610351562,163.35000610351562,164.64999389648438,7631600,154.9409637451172
2021-08-18,163.8300018310547,165.13999938964844,162.05999755859375,162.1300048828125,3563700,152.56959533691406
2021-08-19,160.16000366210938,161.08999633789062,157.3300018310547,159.02999877929688,4256400,149.6523895263672
2021-08-20,158.85000610351562,159.99000549316406,158.05999755859375,159.75,3075000,150.3299560546875
2021-08-23,161.22999572753906,161.85000610351562,160.11000061035156,160.4499969482422,2006300,150.98866271972656
2021-08-24,160.60000610351562,161.89999389648438,160.19000244140625,161.1999969482422,2377600,151.6944122314453
2021-08-25,161.8800048828125,167.22999572753906,160.5,166.17999267578125,3579900,156.38075256347656
2021-08-26,165.97000122070312,166.5,164.3800048828125,165.50999450683594,3164700,155.75030517578125
2021-08-27,165.35000610351562,168.88999938964844,165.16000366210938,168.64999389648438,3002300,158.70513916015625
2021-08-30,168.16000366210938,168.3000030517578,164.2100067138672,164.25999450683594,2582100,154.57398986816406
2021-08-31,164.10000610351562,166.42999267578125,163.72000122070312,165.9600067138672,3536300,156.1737518310547
2021-09-01,166.33999633789062,167.27999877929688,164.1300048828125,164.44000244140625,2569000,154.74337768554688
2021-09-02,165.0500030517578,165.0800018310547,161.13999938964844,162.0500030517578,4350600,152.49435424804688
2021-09-03,160.75,161.27999877929688,158.1699981689453,159.3000030517578,4206500,149.90646362304688
2021-09-07,158.8699951171875,160.66000366210938,158.57000732421875,159.72000122070312,3779000,150.3017120361328
2021-09-08,159.19000244140625,159.25999450683594,156.8000030517578,158.92999267578125,3056700,149.55828857421875
2021-09-09,158.77999877929688,162.14999389648438,158.5399932861328,159.38999938964844,3295800,149.9911346435547
2021-09-10,161.1699981689453,161.4600067138672,158.38999938964844,158.72000122070312,2943700,149.36065673828125
2021-09-13,160.63999938964844,161.8000030517578,159.75,161.4499969482422,3192500,151.92967224121094
2021-09-14,162.67999267578125,165.8300018310547,158.77999877929688,159.47999572753906,4281500,150.07582092285156
2021-09-15,160.02000427246094,162.30999755859375,159.2100067138672,161.33999633789062,2933100,151.82618713378906
2021-09-16,163.10000610351562,164.5,162.1999969482422,162.6300048828125,2765000,153.0401153564453
2021-09-17,161.57000732421875,164.25,161.57000732421875,163.9199981689453,6390600,154.25404357910156
2021-09-20,159.36000061035156,162.13999938964844,157.9499969482422,160.57000732421875,5976900,151.10157775878906
2021-09-21,161.91000366210938,165.35000610351562,161.69000244140625,163.27000427246094,3480600,153.6423797607422
2021-09-22,165.6199951171875,168.6199951171875,164.89999389648438,167.49000549316406,3562800,157.613525390625
2021-09-23,169.49000549316406,174.10000610351562,169.30999755859375,173.36000061035156,4399200,163.13742065429688
2021-09-24,173.3699951171875,176,173.3000030517578,175.72000122070312,2680400,165.3582305908203
2021-09-27,177.6699981689453,178.8000030517578,176.3300018310547,176.77000427246094,3703300,166.3463134765625
2021-09-28,175.49000549316406,177.24000549316406,172.69000244140625,173.13999938964844,3862200,162.93035888671875
2021-09-29,172.88999938964844,172.97999572753906,170.39999389648438,171.5399932861328,2726100,161.42471313476562
2021-09-30,172.17999267578125,172.36000061035156,167.41000366210938,167.52999877929688,3088200,157.6511688232422
2021-10-01,168.5,175.1199951171875,168.47999572753906,173.94000244140625,3956000,163.6831817626953
2021-10-04,173.8800048828125,177.22999572753906,171.8800048828125,172.66000366210938,3613900,162.47865295410156
2021-10-05,173.42999267578125,176.05999755859375,172.63999938964844,174.75999450683594,2629400,164.45486450195312
2021-10-06,172.5500030517578,174.89999389648438,169.89999389648438,173.39999389648438,2922200,163.17503356933594
2021-10-07,175.5,176.8699951171875,173.6999969482422,174.2899932861328,3578800,164.42027282714844
2021-10-08,173.85000610351562,176.97999572753906,173.52999877929688,175.14999389648438,2375300,165.23155212402344
2021-10-11,175.7899932861328,176.7899932861328,173.3300018310547,173.4600067138672,2499200,163.63726806640625
2021-10-12,173.61000061035156,176.55999755859375,173.10000610351562,174.91000366210938,3069500,165.005126953125
2021-10-13,172.77999877929688,174.08999633789062,167.0800018310547,168.72000122070312,5608100,159.1656951904297
2021-10-14,171,172.3800048828125,169.80999755859375,171.50999450683594,3061900,161.79766845703125
2021-10-15,173.77000427246094,177.77000427246094,173.14999389648438,175.80999755859375,3043900,165.8542022705078
2021-10-18,175.5800018310547,177.61000061035156,174.3300018310547,176.82000732421875,2623300,166.80702209472656
2021-10-19,177.72999572753906,178,176.25999450683594,177.30999755859375,1400100,167.2692413330078
2021-10-20,176.9499969482422,179.77000427246094,176.2100067138672,179.60000610351562,2398500,169.42959594726562
2021-10-21,179.5800018310547,179.7899932861328,176.00999450683594,177.47000122070312,3313800,167.4202117919922
2021-10-22,185,189.02999877929688,182.1999969482422,187.0800018310547,6026100,176.4860076904297
2021-10-25,186.72999572753906,187.2100067138672,181.8300018310547,182.30999755859375,3889600,171.98609924316406
2021-10-26,183.4199981689453,183.5,177.52000427246094,180.9499969482422,3832200,170.70314025878906
2021-10-27,180.10000610351562,183.72999572753906,177.91000366210938,178.02999877929688,3309900,167.94847106933594
2021-10-28,178.39999389648438,179.22999572753906,173.02000427246094,174.61000061035156,4865700,164.72213745117188
2021-10-29,175.6300048828125,176.6699981689453,173.0399932861328,173.77999877929688,3455400,163.93914794921875
2021-11-01,174.5800018310547,176.07000732421875,173.33999633789062,174.2100067138672,2250400,164.3447723388672
2021-11-02,175,175.1999969482422,172.57000732421875,173.1699981689453,3252900,163.36373901367188
2021-11-03,172.6999969482422,173.8300018310547,171.75,172.61000061035156,3831200,162.8353729248047
2021-11-04,172.1300048828125,174.02000427246094,171.66000366210938,172.52999877929688,3315400,162.7599639892578
2021-11-05,176.17999267578125,177.7899932861328,175.35000610351562,176.69000244140625,3936000,166.6843719482422
2021-11-08,178.07000732421875,182.08999633789062,177.7899932861328,180.0500030517578,3392000,169.85411071777344
2021-11-09,179.75999450683594,181.19000244140625,178.42999267578125,179.86000061035156,3203300,169.6748809814453
2021-11-10,179.36000061035156,183.47999572753906,179.36000061035156,181.38999938964844,3296700,171.11819458007812
2021-11-11,181.99000549316406,182.72999572753906,180.74000549316406,181.3000030517578,2119700,171.03329467773438
2021-11-12,180.7100067138672,182.3800048828125,179.64999389648438,181.88999938964844,2390200,171.5898895263672
2021-11-15,182.52999877929688,183.92999267578125,182.0399932861328,183.1300048828125,1748300,172.75967407226562
2021-11-16,183.39999389648438,183.39999389648438,179.74000549316406,180.9199981689453,3299200,170.67483520507812
2021-11-17,181.17999267578125,181.74000549316406,178.1999969482422,179.61000061035156,3543500,169.4390411376953
2021-11-18,180,180.3699951171875,175.83999633789062,176.2100067138672,4011500,166.23155212402344
2021-11-19,173.72999572753906,175.27000427246094,171.83999633789062,173.5399932861328,4456500,163.71273803710938
2021-11-22,174.99000549316406,175.25,170.88999938964844,170.89999389648438,4651700,161.2222442626953
2021-11-23,171.3000030517578,171.9499969482422,167.8300018310547,170.85000610351562,5890300,161.17507934570312
2021-11-24,168.47999572753906,171.97999572753906,167.89999389648438,171.61000061035156,3590600,161.8920135498047
2021-11-26,165.08999633789062,165.24000549316406,154.5,156.82000732421875,6804200,147.93954467773438
2021-11-29,160.75,161.41000366210938,154.33999633789062,157.86000061035156,6258500,148.92068481445312
2021-11-30,155.08999633789062,155.8699951171875,151.6999969482422,152.3000030517578,7444900,143.67555236816406
2021-12-01,156.10000610351562,157.07000732421875,149.88999938964844,150.05999755859375,6145500,141.56234741210938
2021-12-02,151.67999267578125,157.91000366210938,151.4600067138672,156.77000427246094,6289300,147.89236450195312
2021-12-03,158.0800018310547,158.3300018310547,153.6300048828125,155.94000244140625,4069300,147.10939025878906
2021-12-06,159.07000732421875,162.74000549316406,158.0500030517578,160.67999267578125,4141900,151.5809783935547
2021-12-07,164.5,169.16000366210938,164.16000366210938,166.9499969482422,5124500,157.4958953857422
2021-12-08,167.97999572753906,170.5399932861328,167.27999877929688,168.92999267578125,4042400,159.36380004882812
2021-12-09,167.85000610351562,168.8300018310547,166.5500030517578,168.02000427246094,2245300,158.5053253173828
2021-12-10,169.3800048828125,170.5800018310547,165.9600067138672,167.02999877929688,2768500,157.57142639160156
2021-12-13,166.39999389648438,166.39999389648438,161.99000549316406,163.3000030517578,3477600,154.05262756347656
2021-12-14,162.13999938964844,165.25999450683594,161.05999755859375,162.85000610351562,2964200,153.6281280517578
2021-12-15,162.7100067138672,163.0500030517578,158.52999877929688,162.24000549316406,5013000,153.05264282226562
2021-12-16,164,165.17999267578125,161.89999389648438,163,4900100,153.7695770263672
2021-12-17,161,161.32000732421875,156.9499969482422,160.00999450683594,9576800,150.94891357421875
2021-12-20,157,158.2100067138672,153.77999877929688,155.88999938964844,3839600,147.0622100830078
2021-12-21,157.75,161.0500030517578,157.52000427246094,160.91000366210938,3722400,151.79795837402344
2021-12-22,160.52999877929688,163.1699981689453,160.4499969482422,162.47000122070312,2877700,153.2696533203125
2021-12-23,163.86000061035156,166.39999389648438,163.58999633789062,164.19000244140625,3140500,154.89222717285156
2021-12-27,165,165,162.52999877929688,164.38999938964844,1687300,155.08091735839844
2021-12-28,163.60000610351562,166.1300048828125,163.60000610351562,164.41000366210938,2035300,155.0997772216797
2021-12-29,164.6199951171875,164.92999267578125,163.25999450683594,163.8300018310547,2082200,154.55259704589844
2021-12-30,164.6199951171875,165.8000030517578,164,164.16000366210938,1632900,154.8639373779297
2021-12-31,164.10000610351562,165.1699981689453,163.25,163.60000610351562,1743600,154.33563232421875
2022-01-03,164.50999450683594,168.39999389648438,164.39999389648438,168.2100067138672,3236400,158.68458557128906
2022-01-04,169.72000122070312,174.0500030517578,169.60000610351562,173.61000061035156,4799500,163.77879333496094
2022-01-05,174.7100067138672,176.30999755859375,171.5,171.75999450683594,4491900,162.0335693359375
2022-01-06,172.5399932861328,173.69000244140625,169.75,172.89999389648438,2649400,163.51834106445312
2022-01-07,172.49000549316406,175.36000061035156,171.86000061035156,174.3800048828125,3043000,164.9180450439453
2022-01-10,176.2100067138672,176.2100067138672,170.5,173.74000549316406,4269400,164.3127899169922
2022-01-11,174.5399932861328,175.72000122070312,172.49000549316406,175.3800048828125,2762700,165.86378479003906
2022-01-12,176.22999572753906,176.82000732421875,174.1699981689453,174.47000122070312,3224300,165.00315856933594
2022-01-13,174.9199981689453,176.3800048828125,172.85000610351562,173.2899932861328,3808800,163.88719177246094
2022-01-14,168.7100067138672,168.7100067138672,164.7100067138672,168.39999389648438,6508500,159.2625274658203
2022-01-18,167.91000366210938,168.94000244140625,164.83999633789062,166.1699981689453,4336300,157.15353393554688
2022-01-19,166.72999572753906,166.72999572753906,161.1699981689453,161.38999938964844,3592000,152.63290405273438
2022-01-20,161.1199951171875,164.57000732421875,159.4600067138672,160.9199981689453,4205600,152.18841552734375
2022-01-21,159.9499969482422,161.8800048828125,157.67999267578125,158.74000549316406,3779100,150.12669372558594
2022-01-24,155.82000732421875,159.4499969482422,152.85000610351562,158.92999267578125,5405000,150.30638122558594
2022-01-25,166.13999938964844,174.47000122070312,159.66000366210938,173.11000061035156,13320800,163.71693420410156
2022-01-26,176.9499969482422,179.22000122070312,173.02999877929688,175.32000732421875,8257300,165.8070526123047
2022-01-27,176.6999969482422,178.1999969482422,170.6300048828125,171.89999389648438,3649900,162.5726318359375
2022-01-28,171.75999450683594,177.2100067138672,169.77000427246094,177.05999755859375,4271500,167.45260620117188
2022-01-31,175.91000366210938,180.1300048828125,175.22000122070312,179.82000732421875,5524300,170.06288146972656
2022-02-01,179.9199981689453,184.0399932861328,179,183.5399932861328,3471200,173.5810089111328
2022-02-02,182.50999450683594,184.5800018310547,181.63999938964844,184.16000366210938,2841400,174.1673583984375
2022-02-03,184.8000030517578,185.8000030517578,182.32000732421875,184.0399932861328,3380900,174.05389404296875
2022-02-04,184.91000366210938,188.67999267578125,184.17999267578125,185.85000610351562,4075800,175.7656707763672
2022-02-07,185.6300048828125,188.91000366210938,184.75,187.8699951171875,3260800,177.67605590820312
2022-02-08,188.0800018310547,194.52999877929688,187.61000061035156,194,5133900,183.4734344482422
2022-02-09,194.3000030517578,198.72000122070312,194.3000030517578,196.39999389648438,4614200,185.74319458007812
2022-02-10,196.36000061035156,198.22999572753906,194.61000061035156,195.50999450683594,4511100,184.90151977539062
2022-02-11,195.42999267578125,197.1999969482422,190.4499969482422,191.80999755859375,4834900,181.40228271484375
2022-02-14,192.25999450683594,194.14999389648438,190.9199981689453,192.35000610351562,3841300,181.91302490234375
2022-02-15,194.64999389648438,198.36000061035156,194.17999267578125,197.97999572753906,4134300,187.23751831054688
2022-02-16,197.5,199.5500030517578,197.24000549316406,198.3800048828125,4122600,187.61582946777344
2022-02-17,195.6300048828125,197.3800048828125,194.27000427246094,195.7100067138672,3051700,185.0906524658203
2022-02-18,194.9199981689453,197.75,194.1999969482422,194.8800048828125,2806300,184.3057098388672
2022-02-22,195.17999267578125,196.14999389648438,191.75,192.44000244140625,3420600,181.99813842773438
2022-02-23,194.35000610351562,194.4499969482422,188.5500030517578,188.9499969482422,3562100,178.6974639892578
2022-02-24,180.47000122070312,188.5,179.0500030517578,188.35000610351562,5886600,178.1300048828125
2022-02-25,189.66000366210938,194.25,189.4600067138672,193.7100067138672,5426200,183.1991729736328
2022-02-28,189.6300048828125,195.1300048828125,189.22999572753906,194.5399932861328,5787800,183.98414611816406
2022-03-01,194.6699981689453,194.77000427246094,176.77000427246094,178.05999755859375,8562500,168.3983917236328
2022-03-02,179.7899932861328,182.24000549316406,178.10000610351562,180.30999755859375,4058800,170.52627563476562
2022-03-03,182.11000061035156,183.4499969482422,178.72999572753906,179.88999938964844,3339900,170.1290283203125
2022-03-04,176.6199951171875,176.8300018310547,170.82000732421875,172.9499969482422,5348600,163.5656280517578
2022-03-07,170.1300048828125,170.75999450683594,159.0800018310547,159.1300048828125,7760400,150.4955291748047
2022-03-08,160.52000427246094,166.2899932861328,155.72000122070312,160.0500030517578,7058900,151.3656005859375
2022-03-09,168.02000427246094,170.72999572753906,166.7100067138672,168.64999389648438,4788200,159.4989471435547
2022-03-10,165.58999633789062,170.9600067138672,164.8300018310547,169.60000610351562,3840900,160.3974151611328
2022-03-11,171.75,172.30999755859375,167.6300048828125,167.89999389648438,3000000,158.78964233398438
2022-03-14,171.3300018310547,174.7100067138672,169.7100067138672,172.7899932861328,4614600,163.41433715820312
2022-03-15,173.58999633789062,178.3000030517578,173.3699951171875,176.0399932861328,3827300,166.4879608154297
2022-03-16,179.17999267578125,182.75999450683594,176.3000030517578,180.61000061035156,5239300,170.81002807617188
2022-03-17,180.17999267578125,187.7100067138672,180.05999755859375,186.97000122070312,6398900,176.82493591308594
2022-03-18,188.69000244140625,191,184.83999633789062,190.72000122070312,8744100,180.37142944335938
2022-03-21,190.77000427246094,191.5,187.55999755859375,189.08999633789062,3166200,178.8298797607422
2022-03-22,190.5,194.35000610351562,190.05999755859375,191.3300018310547,3007000,180.9483184814453
2022-03-23,188.8300018310547,189.6199951171875,185.17999267578125,186.02000427246094,3664600,175.9264678955078
2022-03-24,186.61000061035156,189.3699951171875,185.6999969482422,188.88999938964844,2424400,178.64073181152344
2022-03-25,190.41000366210938,191.25999450683594,189,190.27999877929688,1871900,179.95529174804688
2022-03-28,189.9499969482422,189.9499969482422,186.2899932861328,189.6999969482422,3043700,179.40676879882812
2022-03-29,192.3300018310547,194,190.36000061035156,190.94000244140625,2764100,180.5795135498047
2022-03-30,191.38999938964844,192.10000610351562,188.39999389648438,189.75999450683594,2278000,179.46351623535156
2022-03-31,189.52999877929688,191.11000061035156,186.94000244140625,187,3801600,176.85330200195312
2022-04-01,188.1999969482422,189.4199981689453,186.27999877929688,187.1699981689453,2647000,177.01402282714844
2022-04-04,187.6199951171875,188.5,185.58999633789062,187.66000366210938,2971400,177.47744750976562
2022-04-05,187.49000549316406,190.83999633789062,184.8000030517578,185.39999389648438,2974700,175.340087890625
2022-04-06,184.49000549316406,184.8699951171875,181.72999572753906,183.7100067138672,3143300,173.74180603027344
2022-04-07,181.52000427246094,183.27000427246094,179.11000061035156,182.38999938964844,4062400,172.9830780029297
2022-04-08,183,186.72000122070312,181.92999267578125,183.6999969482422,3075600,174.22547912597656
2022-04-11,181.05999755859375,182.44000244140625,177.25,177.57000732421875,4816800,168.41163635253906
2022-04-12,176.57000732421875,179.25,174.7100067138672,175.5399932861328,4348900,166.48634338378906
2022-04-13,174.22999572753906,180.02000427246094,174,179.58999633789062,2980600,170.3274688720703
2022-04-14,179.27000427246094,182.47000122070312,178.67999267578125,181.16000366210938,2667100,171.81649780273438
2022-04-18,181.3300018310547,185.88999938964844,181,184.47999572753906,2182700,174.9652862548828
2022-04-19,185.00999450683594,188.08999633789062,184.7100067138672,187.1699981689453,2713800,177.51651000976562
2022-04-20,188.3300018310547,190.14999389648438,187.63999938964844,188.4600067138672,2256200,178.74002075195312
2022-04-21,190.94000244140625,192.4199981689453,184.5800018310547,185.74000549316406,3973200,176.16026306152344
2022-04-22,185.42999267578125,185.5500030517578,180.32000732421875,180.5399932861328,4373700,171.2284698486328
2022-04-25,179.97999572753906,184.25999450683594,177.99000549316406,184.10000610351562,4408900,174.60487365722656
2022-04-26,183.25,183.91000366210938,178.5399932861328,178.64999389648438,3728100,169.43592834472656
2022-04-27,177.66000366210938,179.41000366210938,175.5,177.6300048828125,4085800,168.46856689453125
2022-04-28,180.35000610351562,183.88999938964844,177.61000061035156,181.97999572753906,2703200,172.59422302246094
2022-04-29,180.08999633789062,182.30999755859375,174.3300018310547,174.7100067138672,3210100,165.6991729736328
2022-05-02,174.64999389648438,174.8800048828125,167.50999450683594,171.6199951171875,3881800,162.76852416992188
2022-05-03,173,174,170.3300018310547,172.11000061035156,3152300,163.2332763671875
2022-05-04,172.22000122070312,178.1699981689453,171.1999969482422,177.82000732421875,2930400,168.64877319335938
2022-05-05,176.63999938964844,176.75999450683594,169.3300018310547,171.00999450683594,2987100,162.1900177001953
2022-05-06,169.1699981689453,169.99000549316406,165.00999450683594,167.14999389648438,3129800,158.52906799316406
2022-05-09,165.02999877929688,166.02000427246094,160.3800048828125,161.02000427246094,4485200,152.7152557373047
2022-05-10,163.4199981689453,164.72999572753906,158.38999938964844,161.8300018310547,3014800,153.4834747314453
2022-05-11,161.72999572753906,164.94000244140625,159.0399932861328,159.38999938964844,2644300,151.16928100585938
2022-05-12,155.60000610351562,157.16000366210938,149.8800048828125,153.27000427246094,5314800,145.36497497558594
2022-05-13,155.9600067138672,160.08999633789062,155.8800048828125,158.75,3625100,150.5623016357422
2022-05-16,157.41000366210938,158.74000549316406,154.32000732421875,156.42999267578125,2811300,148.3619842529297
2022-05-17,161.07000732421875,162.75999450683594,158.39999389648438,161.85000610351562,2928100,153.50244140625
2022-05-18,160.7899932861328,160.85000610351562,155.39999389648438,156.10000610351562,2697700,148.0490264892578
2022-05-19,153.57000732421875,156.4600067138672,153.25,154,2768300,146.0572967529297
2022-05-20,154.35000610351562,154.8000030517578,149.7100067138672,153.24000549316406,2982500,145.33648681640625
2022-05-23,156.61000061035156,159.55999755859375,156.02000427246094,159.0399932861328,2726600,150.8373565673828
2022-05-24,157.2899932861328,157.97000122070312,152.9199981689453,155.6300048828125,2817800,147.60324096679688
2022-05-25,157.13999938964844,161.75999450683594,156.07000732421875,160.50999450683594,4381000,152.23150634765625
2022-05-26,162.6999969482422,166.77000427246094,162.6999969482422,165.3699951171875,2463900,156.8408660888672
2022-05-27,167.0800018310547,169.67999267578125,166.0399932861328,169.60000610351562,2157500,160.85272216796875
2022-05-31,167.94000244140625,170.77999877929688,167.0399932861328,168.82000732421875,4123500,160.1129913330078
2022-06-01,168.6999969482422,169.3699951171875,163.83999633789062,165.75999450683594,2276400,157.2107696533203
2022-06-02,166.13999938964844,169.19000244140625,165.92999267578125,169.13999938964844,1707000,160.4164276123047
2022-06-03,166.89999389648438,168.0399932861328,165.97999572753906,166.8300018310547,1390700,158.22557067871094
2022-06-06,169.10000610351562,170.25999450683594,166.27000427246094,167.02000427246094,1486000,158.40582275390625
2022-06-07,164.63999938964844,169.47999572753906,164.4499969482422,168.69000244140625,2083100,159.98965454101562
2022-06-08,166.75,168.63999938964844,165.19000244140625,165.9600067138672,2313900,157.4004669189453
2022-06-09,166.22000122070312,166.57000732421875,160.92999267578125,160.97999572753906,2273800,152.67733764648438
2022-06-10,157.25999450683594,157.8800048828125,154.36000061035156,154.4199981689453,2733300,146.45562744140625
2022-06-13,149.86000061035156,151.02999877929688,145.3800048828125,146.2899932861328,4156500,138.74493408203125
2022-06-14,145.9499969482422,147.39999389648438,143.25,144.60000610351562,3574800,137.14210510253906
2022-06-15,146.69000244140625,147.88999938964844,143.44000244140625,146.22000122070312,3327800,138.6785888671875
2022-06-16,142.58999633789062,142.60000610351562,136.49000549316406,137.5,4815100,130.40830993652344
2022-06-17,138,145.55999755859375,137.58999633789062,144.17999267578125,10033600,136.74378967285156
2022-06-21,148.6999969482422,148.6999969482422,144.16000366210938,144.75999450683594,3518800,137.29388427734375
2022-06-22,142.22999572753906,146.35000610351562,141.33999633789062,144.38999938964844,3419000,136.94296264648438
2022-06-23,144.52000427246094,144.6300048828125,139.47000122070312,141.64999389648438,3915000,134.34423828125
2022-06-24,141.6300048828125,146.27000427246094,141,146.14999389648438,8957200,138.6121826171875
2022-06-27,147.99000549316406,148.77000427246094,143.9499969482422,144.2899932861328,3151500,136.8480987548828
2022-06-28,146.0800018310547,149.50999450683594,141.85000610351562,142.19000244140625,2649300,134.85643005371094
2022-06-29,141.64999389648438,141.67999267578125,138.4499969482422,139.47000122070312,4164900,132.2767333984375
2022-06-30,136.6999969482422,139.8699951171875,134.3000030517578,138.6199951171875,4123500,131.96255493164062
2022-07-01,138.07000732421875,140.88999938964844,137.47000122070312,140.39999389648438,2625300,133.6570587158203
2022-07-05,137.22000122070312,139.64999389648438,135.64999389648438,139.64999389648438,4057000,132.94308471679688
2022-07-06,139.2899932861328,140.5,137.85000610351562,138.14999389648438,4401300,131.51513671875
2022-07-07,140.17999267578125,142.1699981689453,139.14999389648438,141.02999877929688,4258000,134.25677490234375
2022-07-08,141.74000549316406,143.11000061035156,139.72000122070312,141.75999450683594,3631800,134.9517364501953
2022-07-11,140.47000122070312,142.30999755859375,139.83999633789062,140.5800018310547,2373600,133.8284149169922
2022-07-12,137.52999877929688,141.88999938964844,137.05999755859375,139.17999267578125,4047400,132.49566650390625
2022-07-13,136.83999633789062,140.02000427246094,136.36000061035156,139.39999389648438,2753800,132.70506286621094
2022-07-14,135.6999969482422,137.24000549316406,134.1199951171875,136.47999572753906,4600200,129.9253387451172
2022-07-15,139.7100067138672,143.11000061035156,138.8699951171875,142.47999572753906,3296600,135.63714599609375
2022-07-18,144.33999633789062,146.0500030517578,141.52000427246094,142.3300018310547,3330300,135.49436950683594
2022-07-19,144.39999389648438,147.92999267578125,144.39999389648438,147.77999877929688,3372300,140.6826629638672
2022-07-20,146.8699951171875,149.10000610351562,146.3699951171875,148.92999267578125,2802300,141.77737426757812
2022-07-21,148.2100067138672,150.3300018310547,146.4499969482422,150.17999267578125,4683000,142.96734619140625
2022-07-22,159.00999450683594,160.8800048828125,152.6199951171875,153.00999450683594,9298400,145.6614227294922
2022-07-25,154.25,154.77999877929688,151.2100067138672,153.7899932861328,4213800,146.40396118164062
2022-07-26,152.72999572753906,153.5,148.83999633789062,149.8300018310547,2812700,142.63418579101562
2022-07-27,151.60000610351562,152.72000122070312,147.27000427246094,151.6300048828125,5029100,144.34771728515625
2022-07-28,151.75999450683594,152.64999389648438,147.5399932861328,152.13999938964844,3587900,144.83322143554688
2022-07-29,152.3699951171875,154.3800048828125,151.2899932861328,154.02000427246094,3197900,146.62290954589844
2022-08-01,152.83999633789062,154.77000427246094,151.8000030517578,153.3300018310547,2295600,145.96607971191406
2022-08-02,152.02000427246094,153.3000030517578,150.83999633789062,151.60000610351562,2562900,144.3191375732422
2022-08-03,154.07000732421875,156.0399932861328,153.30999755859375,155.42999267578125,2609300,147.9652099609375
2022-08-04,156.02000427246094,157.7100067138672,155.25999450683594,156.8699951171875,3693300,149.33609008789062
2022-08-05,156.47999572753906,158.0399932861328,156,157.50999450683594,2513600,149.9453125
2022-08-08,159,160.7899932861328,156.94000244140625,157.27999877929688,3080700,149.72637939453125
2022-08-09,157.63999938964844,158.94000244140625,157.27000427246094,158.8000030517578,2997900,151.17337036132812
2022-08-10,161.77000427246094,164.2100067138672,161.63999938964844,162.44000244140625,3225400,154.6385498046875
2022-08-11,164.36000061035156,164.9199981689453,162.17999267578125,162.99000549316406,1968200,155.16213989257812
2022-08-12,164.47000122070312,166,163.27999877929688,165.83999633789062,1942600,157.87527465820312
2022-08-15,164.27999877929688,166.05999755859375,163.75999450683594,165.39999389648438,1852800,157.45639038085938
2022-08-16,165,165.97999572753906,163.9600067138672,165.35000610351562,1876000,157.4088134765625
2022-08-17,163.3000030517578,164.47999572753906,162.1999969482422,163.89999389648438,1804100,156.0284423828125
2022-08-18,163.92999267578125,164.99000549316406,163.33999633789062,164.64999389648438,1397700,156.74241638183594
2022-08-19,163.5,163.92999267578125,162.00999450683594,162.24000549316406,1895400,154.44815063476562
2022-08-22,158.97999572753906,159.19000244140625,156.97999572753906,157.6999969482422,1969300,150.12620544433594
2022-08-23,158,159.60000610351562,157.1999969482422,157.3300018310547,2885200,149.77398681640625
2022-08-24,157.02999877929688,159.55999755859375,156.2899932861328,159.1300048828125,2029200,151.48751831054688
2022-08-25,160,162.3300018310547,158.77999877929688,162.22999572753906,1936300,154.43865966796875
2022-08-26,163.2100067138672,163.58999633789062,157.19000244140625,157.30999755859375,2373700,149.75491333007812
2022-08-29,155.8800048828125,156.50999450683594,154.41000366210938,154.5399932861328,2693600,147.11795043945312
2022-08-30,155.63999938964844,156.1199951171875,152.89999389648438,154.66000366210938,2104500,147.23219299316406
2022-08-31,155.55999755859375,156.3699951171875,151.83999633789062,152,3271600,144.69996643066406
2022-09-01,150.82000732421875,151.3699951171875,147.64999389648438,151.11000061035156,2425200,143.85267639160156
2022-09-02,153.47999572753906,153.97999572753906,148.92999267578125,149.7899932861328,2028500,142.5960693359375
2022-09-06,150,151.30999755859375,146.5500030517578,148.60000610351562,2797600,141.46324157714844
2022-09-07,148.39999389648438,152.6999969482422,148.3800048828125,152.25,1766400,144.93795776367188
2022-09-08,150.9199981689453,153.69000244140625,149.50999450683594,153.52000427246094,3399200,146.14695739746094
2022-09-09,154.4499969482422,158.58999633789062,154.3000030517578,158.44000244140625,3543500,150.83067321777344
2022-09-12,159.5,163.4499969482422,159.33999633789062,162.4499969482422,4146300,154.6480712890625
2022-09-13,158.13999938964844,159.80999755859375,154.83999633789062,155.35000610351562,3519800,147.8890380859375
2022-09-14,156.17999267578125,157.55999755859375,153.5,156.3000030517578,2840200,148.7934112548828
2022-09-15,156.42999267578125,158.7899932861328,155.89999389648438,156.1300048828125,2371600,148.63160705566406
2022-09-16,154.0800018310547,154.0800018310547,150.50999450683594,153.0800018310547,6527200,145.7281036376953
2022-09-19,151.25,155.47999572753906,150.6999969482422,155.36000061035156,2472500,147.89859008789062
2022-09-20,153.5800018310547,154.58999633789062,152.1300048828125,153.47999572753906,1725900,146.10888671875
2022-09-21,154.6699981689453,154.80999755859375,148.66000366210938,148.7100067138672,2599900,141.5679473876953
2022-09-22,148.82000732421875,148.88999938964844,142.47000122070312,143.02999877929688,3249400,136.16075134277344
2022-09-23,140.77999877929688,141.9600067138672,138.08999633789062,140.25999450683594,3035600,133.5237579345703
2022-09-26,140.0399932861328,141.2899932861328,136.6999969482422,137.4499969482422,3808700,130.84872436523438
2022-09-27,139.44000244140625,140.3800048828125,136.10000610351562,137.49000549316406,2828700,130.88681030273438
2022-09-28,138.5,141.17999267578125,136.52000427246094,140.55999755859375,5269500,133.8094024658203
2022-09-29,138.38999938964844,138.9499969482422,135.83999633789062,137.7899932861328,2280700,131.1724090576172
2022-09-30,137.39999389648438,138.6699981689453,134.6199951171875,134.91000366210938,3717200,128.4307403564453
2022-10-03,137.9499969482422,140.77000427246094,134.9199981689453,140.02000427246094,2677100,133.29530334472656
2022-10-04,143.02999877929688,145.5500030517578,143.02999877929688,145.4600067138672,2408800,138.4740753173828
2022-10-05,142.9199981689453,145.2899932861328,142.0800018310547,144.3699951171875,2073800,137.43637084960938
2022-10-06,143.0500030517578,145.05999755859375,142.1300048828125,142.3800048828125,2526000,135.54197692871094
2022-10-07,140.4199981689453,141.2899932861328,138.0800018310547,139,2579600,132.3242950439453
2022-10-10,140.00999450683594,140.3800048828125,136.64999389648438,137.50999450683594,2893400,130.90585327148438
2022-10-11,136.3699951171875,139.2100067138672,135.38999938964844,137.35000610351562,2588700,130.7535400390625
2022-10-12,137.30999755859375,138.4499969482422,136.11000061035156,136.74000549316406,2397400,130.1728515625
2022-10-13,131.35000610351562,142.5500030517578,130.64999389648438,141.5500030517578,5232300,135.26622009277344
2022-10-14,142.9600067138672,143.8800048828125,136.13999938964844,136.80999755859375,3871900,130.7366485595703
2022-10-17,140.5800018310547,142.22000122070312,140.08999633789062,141.5399932861328,3139300,135.2566680908203
2022-10-18,146.1300048828125,147.0500030517578,143.5500030517578,145.99000549316406,3963300,139.5091094970703
2022-10-19,145.42999267578125,147.07000732421875,142.60000610351562,143.97000122070312,2803900,137.57882690429688
2022-10-20,144,147.32000732421875,142.14999389648438,142.4199981689453,4319300,136.0976104736328
2022-10-21,140.99000549316406,141.32000732421875,132.2100067138672,140.0399932861328,11755400,133.82327270507812
2022-10-24,141.3000030517578,143.7899932861328,140.3699951171875,141.6300048828125,4299600,135.34263610839844
2022-10-25,142.47999572753906,147.44000244140625,141.60000610351562,147.02000427246094,3889100,140.493408203125
2022-10-26,147.55999755859375,149.5,146.47000122070312,146.8800048828125,3559100,140.359619140625
2022-10-27,148.44000244140625,149.7100067138672,146.41000366210938,146.97000122070312,2101300,140.4456329345703
2022-10-28,146.55999755859375,150.91000366210938,146.0500030517578,150.44000244140625,3383100,143.7615966796875
2022-10-31,150,150.3000030517578,148.32000732421875,148.4499969482422,3042900,141.8599090576172
2022-11-01,149.9600067138672,150.6300048828125,146.6300048828125,147.0800018310547,2675500,140.5507354736328
2022-11-02,146.5800018310547,149.02999877929688,143.3699951171875,143.5,2851600,137.129638671875
2022-11-03,141.08999633789062,142.1999969482422,138.77000427246094,139.30999755859375,3960500,133.1256561279297
2022-11-04,142.39999389648438,146.36000061035156,141,144.72000122070312,3322100,138.2955322265625
2022-11-07,146.1999969482422,147.5399932861328,143.75999450683594,146.97999572753906,2918000,140.45516967773438
2022-11-08,147.44000244140625,151.33999633789062,147.13999938964844,150.1999969482422,3846000,143.53221130371094
2022-11-09,149.47000122070312,149.47000122070312,145.66000366210938,145.86000061035156,2425500,139.38491821289062
2022-11-10,152.7899932861328,155.7899932861328,151.30999755859375,154.75,4701600,147.88023376464844
2022-11-11,156.49000549316406,158.8800048828125,154.6999969482422,154.88999938964844,3714600,148.0140380859375
2022-11-14,153.3699951171875,156.5,153.05999755859375,154.1300048828125,3666500,147.2877655029297
2022-11-15,156.9600067138672,157.35000610351562,152.32000732421875,153.88999938964844,2916900,147.05841064453125
2022-11-16,154.2100067138672,155.91000366210938,151.85000610351562,152.57000732421875,2635300,145.79701232910156
2022-11-17,150,151.05999755859375,149.22000122070312,150.63999938964844,2769600,143.95269775390625
2022-11-18,152.25,153.75999450683594,150.94000244140625,152.5,2631300,145.73013305664062
2022-11-21,152.25,153.4600067138672,151.88999938964844,152.80999755859375,2003500,146.02639770507812
2022-11-22,154.10000610351562,155.14999389648438,153.2899932861328,154.5800018310547,2124600,147.7177734375
2022-11-23,153.8300018310547,154.99000549316406,152.8800048828125,153.92999267578125,1404400,147.0966339111328
2022-11-25,153.52000427246094,154.47000122070312,153.1699981689453,154.14999389648438,665800,147.30685424804688
2022-11-28,152.69000244140625,153.77999877929688,150.3699951171875,150.8699951171875,1782900,144.17247009277344
2022-11-29,150.9600067138672,154.47000122070312,150.52999877929688,154.4199981689453,2655700,147.56488037109375
2022-11-30,153.83999633789062,157.58999633789062,151.47999572753906,157.58999633789062,3914700,150.59414672851562
2022-12-01,157.72000122070312,158.8699951171875,154.75,157.5,2670300,150.5081787109375
2022-12-02,155.22000122070312,157.27999877929688,155,156.75,2285400,149.7914581298828
2022-12-05,155.9600067138672,159.4499969482422,155.5500030517578,156.0800018310547,3013100,149.15118408203125
2022-12-06,155.75,158.33999633789062,153.32000732421875,154.6999969482422,3285100,147.83242797851562
2022-12-07,154.55999755859375,156.99000549316406,154.30999755859375,154.77000427246094,2879800,147.89938354492188
2022-12-08,155.88999938964844,156.4199981689453,153.4499969482422,154.1199951171875,1632400,147.27822875976562
2022-12-09,153.99000549316406,155.13999938964844,152.6199951171875,153.89999389648438,1761200,147.0679473876953
2022-12-12,154.25999450683594,157.75999450683594,154,157.30999755859375,2773900,150.32659912109375
2022-12-13,160.6199951171875,161.5500030517578,156.16000366210938,157.52000427246094,3110500,150.52728271484375
2022-12-14,157.57000732421875,158.6199951171875,153.83999633789062,154.11000061035156,3556200,147.26861572265625
2022-12-15,151.64999389648438,152.27999877929688,146.47000122070312,150.22000122070312,4282200,143.55133056640625
2022-12-16,148.58999633789062,148.58999633789062,144.14999389648438,146.3000030517578,4510600,139.80538940429688
2022-12-19,146.0399932861328,146.74000549316406,143.66000366210938,145.00999450683594,2546000,138.57260131835938
2022-12-20,144.99000549316406,146.5,144.25,145.6999969482422,1607800,139.2320098876953
2022-12-21,147.05999755859375,147.77999877929688,146.3699951171875,147.10000610351562,2107100,140.56985473632812
2022-12-22,146.0500030517578,146.6999969482422,142.72000122070312,145.30999755859375,2901100,138.8592987060547
2022-12-23,145.22999572753906,147.13999938964844,144.52000427246094,147.02000427246094,1671800,140.493408203125
2022-12-27,147.2899932861328,147.86000061035156,145.6699981689453,146.38999938964844,1858500,139.89137268066406
2022-12-28,146.2100067138672,146.82000732421875,143.94000244140625,144.00999450683594,1490200,137.61700439453125
2022-12-29,145.0800018310547,147.6199951171875,144.39999389648438,147.32000732421875,1758500,140.7801055908203
2022-12-30,146.00999450683594,147.92999267578125,145.72999572753906,147.75,2247200,141.19100952148438
2023-01-03,149.5399932861328,150.4499969482422,145.72999572753906,147.1199951171875,2762200,140.58892822265625
2023-01-04,148.55999755859375,151.9600067138672,148.55999755859375,150.5399932861328,2620400,143.8571014404297
2023-01-05,147.16000366210938,148.72000122070312,146.02000427246094,146.42999267578125,2505700,140.4145965576172
2023-01-06,147.74000549316406,150.42999267578125,145.47999572753906,150.1699981689453,3077400,144.00094604492188
2023-01-09,151.35000610351562,152.4499969482422,150.10000610351562,150.39999389648438,3219400,144.22152709960938
2023-01-10,150.50999450683594,152.17999267578125,149.27999877929688,152,2198400,145.7558135986328
2023-01-11,152.3000030517578,154.11000061035156,152.27000427246094,153.9199981689453,3113600,147.59690856933594
2023-01-12,154.75999450683594,155.75,152.39999389648438,154.9199981689453,3322400,148.55584716796875
2023-01-13,153.24000549316406,156.25,152.3000030517578,155.75999450683594,2391300,149.36129760742188
2023-01-17,155.5399932861328,156.10000610351562,153.3699951171875,153.75,3073400,147.4338836669922
2023-01-18,154.49000549316406,154.75999450683594,150.32000732421875,150.4199981689453,2762400,144.24070739746094
2023-01-19,146.61000061035156,148,144.1999969482422,146.85000610351562,3852300,140.81735229492188
2023-01-20,147.9600067138672,151.77999877929688,147.72000122070312,151.60000610351562,3954800,145.37220764160156
2023-01-23,152,155.05999755859375,151.5500030517578,154,3608700,147.6736297607422
2023-01-24,152.9199981689453,156.6699981689453,152.66000366210938,155.3300018310547,2348500,148.94898986816406
2023-01-25,153.49000549316406,157.05999755859375,153.3699951171875,156.77000427246094,2916500,150.32981872558594
2023-01-26,157.64999389648438,158.22999572753906,154.2899932861328,155.8800048828125,3640300,149.4763946533203
2023-01-27,166.8000030517578,175.5399932861328,165.5,172.30999755859375,13997300,165.23146057128906
2023-01-30,174.7899932861328,177.86000061035156,172.50999450683594,172.66000366210938,10240700,165.5670928955078
2023-01-31,172.91000366210938,175.30999755859375,171.89999389648438,174.92999267578125,5170900,167.74380493164062
2023-02-01,173.3800048828125,175.1199951171875,171.92999267578125,173.61000061035156,3725200,166.47805786132812
2023-02-02,174.16000366210938,175.22000122070312,171.0800018310547,173.1300048828125,6895500,166.0177764892578
2023-02-03,171.55999755859375,180.39999389648438,171.2100067138672,178.86000061035156,5305100,171.51235961914062
2023-02-06,176.74000549316406,177.75,175.69000244140625,176.47999572753906,3397800,169.23013305664062
2023-02-07,175.0500030517578,179.02999877929688,174.75,178.6999969482422,3526300,171.35891723632812
2023-02-08,179.75,180.10000610351562,177.8800048828125,179,2926500,171.6466522216797
2023-02-09,179.14999389648438,182.0800018310547,178.47999572753906,179.3699951171875,3557900,172.0014190673828
2023-02-10,178.57000732421875,179.72999572753906,176.49000549316406,179.25,2586200,171.8863525390625
2023-02-13,179.24000549316406,181.3800048828125,178.27999877929688,181.3300018310547,3102400,173.8809051513672
2023-02-14,180.30999755859375,182.14999389648438,178.7899932861328,181.02000427246094,2325900,173.5836639404297
2023-02-15,178.9199981689453,180.74000549316406,178.5,180.6699981689453,1501200,173.24803161621094
2023-02-16,179.47999572753906,179.8800048828125,177.67999267578125,177.94000244140625,1899100,170.6302032470703
2023-02-17,176.0500030517578,177.61000061035156,174.66000366210938,177.3000030517578,2355300,170.01644897460938
2023-02-21,175.1199951171875,176.5,173.32000732421875,173.47999572753906,2713300,166.35340881347656
2023-02-22,173.55999755859375,176.02000427246094,172.92999267578125,174.6999969482422,2468800,167.5232696533203
2023-02-23,175.24000549316406,176.60000610351562,172.86000061035156,175.13999938964844,2575300,167.94517517089844
2023-02-24,173.69000244140625,174.94000244140625,172.19000244140625,174.25,1667400,167.09176635742188
2023-02-27,175.52999877929688,175.69000244140625,173.0800018310547,173.3000030517578,1909000,166.1807861328125
2023-02-28,174.00999450683594,175.33999633789062,173.5800018310547,173.99000549316406,2301400,166.84243774414062
2023-03-01,173.50999450683594,177.1999969482422,173.00999450683594,175.91000366210938,2566500,168.68356323242188
2023-03-02,174.0399932861328,175.8300018310547,172.66000366210938,175.33999633789062,1795000,168.13697814941406
2023-03-03,176.00999450683594,179.38999938964844,175.22999572753906,179.08999633789062,2875600,171.73292541503906
2023-03-06,178.55999755859375,180.52000427246094,178.4600067138672,179.05999755859375,2730700,171.7041778564453
2023-03-07,178.6699981689453,178.89999389648438,175.0800018310547,175.32000732421875,2906400,168.11781311035156
2023-03-08,175.8300018310547,176.22000122070312,173.57000732421875,174.8300018310547,2101400,167.64793395996094
2023-03-09,179.60000610351562,180.27000427246094,171.9600067138672,172.1199951171875,4349400,165.04925537109375
2023-03-10,170.8300018310547,170.8300018310547,164.83999633789062,165.6999969482422,5104300,158.8929901123047
2023-03-13,161.49000549316406,161.99000549316406,157.4199981689453,157.6300048828125,6123200,151.15451049804688
2023-03-14,161.5,164.32000732421875,160.8800048828125,163.91000366210938,5284000,157.17654418945312
2023-03-15,157.91000366210938,159.9600067138672,155.92999267578125,159.80999755859375,6100800,153.24496459960938
2023-03-16,158.05999755859375,161.9199981689453,156.10000610351562,160.72999572753906,4737300,154.12718200683594
2023-03-17,158.22000122070312,158.64999389648438,154.89999389648438,156.52000427246094,7447200,150.09010314941406
2023-03-20,158.3699951171875,160.69000244140625,157.57000732421875,158.74000549316406,3054300,152.21893310546875
2023-03-21,162.94000244140625,164.57000732421875,161.6999969482422,164.55999755859375,3986800,157.79981994628906
2023-03-22,164.6300048828125,166.77000427246094,162.5,162.75,4367300,156.06414794921875
2023-03-23,162.6699981689453,166.24000549316406,160.82000732421875,162.75999450683594,3727500,156.07376098632812
2023-03-24,160.52000427246094,160.7100067138672,157.82000732421875,159.77999877929688,2588700,153.21620178222656
2023-03-27,163.9499969482422,164.47000122070312,161.8300018310547,163.1199951171875,3984300,156.4189453125
2023-03-28,162.2100067138672,162.58999633789062,158.19000244140625,159.2100067138672,4883700,152.66961669921875
2023-03-29,161.6999969482422,164.19000244140625,161.0800018310547,163.58999633789062,3884800,156.86965942382812
2023-03-30,163.9600067138672,164.9600067138672,161.80999755859375,162.41000366210938,2644800,155.73817443847656
2023-03-31,163.6699981689453,165.0800018310547,161.75,164.9499969482422,3594300,158.173828125
2023-04-03,164.11000061035156,165.24000549316406,162.67999267578125,163.77999877929688,2704400,157.05184936523438
2023-04-04,165.00999450683594,165.19000244140625,160.8300018310547,162.55999755859375,2063500,155.8819580078125
2023-04-05,160.55999755859375,161.60000610351562,160.19000244140625,161.0800018310547,2346800,155.0349884033203
2023-04-06,160.6300048828125,160.7899932861328,158.22999572753906,158.8300018310547,3754500,152.8694610595703
2023-04-10,158.0399932861328,161.1699981689453,157.8000030517578,161.13999938964844,2372600,155.09275817871094
2023-04-11,161.6699981689453,162.5800018310547,160.32000732421875,161.8300018310547,2742300,155.7568817138672
2023-04-12,163.22000122070312,163.22000122070312,158.8699951171875,159.2899932861328,2817600,153.31216430664062
2023-04-13,159.8000030517578,162.4199981689453,158.97999572753906,162.3000030517578,2729000,156.20924377441406
2023-04-14,164.24000549316406,164.77000427246094,161.4600067138672,163.22000122070312,2618100,157.09471130371094
2023-04-17,161.94000244140625,163.74000549316406,160.88999938964844,163.7100067138672,2622300,157.56631469726562
2023-04-18,164.60000610351562,165.0500030517578,163.27999877929688,164.39999389648438,2444500,158.23040771484375
2023-04-19,164.3699951171875,166.5500030517578,163.74000549316406,164.9499969482422,3768600,158.759765625
2023-04-20,159,163.75,154.00999450683594,163.27999877929688,10832400,157.15245056152344
2023-04-21,163.02000427246094,164.77000427246094,161.22999572753906,163.77999877929688,3882500,157.63368225097656
2023-04-24,164.22999572753906,164.3000030517578,160.39999389648438,160.58999633789062,2473500,154.5634002685547
2023-04-25,158.91000366210938,159.25,155.97000122070312,156.1199951171875,3421300,150.2611541748047
2023-04-26,155.77000427246094,157.25999450683594,155.0800018310547,155.72000122070312,2789100,149.87615966796875
2023-04-27,156.5399932861328,158.6999969482422,155.91000366210938,158.4499969482422,2143500,152.5037078857422
2023-04-28,157.3000030517578,161.3800048828125,156.8800048828125,161.33999633789062,2380100,155.28526306152344
2023-05-01,161.85000610351562,161.85000610351562,158.67999267578125,159.32000732421875,1803600,153.34103393554688
2023-05-02,158.35000610351562,158.35000610351562,151.91000366210938,153.25,4925600,147.4988250732422
2023-05-03,153.25999450683594,154.97999572753906,151.83999633789062,152.2100067138672,2655300,146.49790954589844
2023-05-04,151.02999877929688,151.25,147.39999389648438,148.80999755859375,3997900,143.2255096435547
2023-05-05,151.2899932861328,153.32000732421875,151.1199951171875,152.64999389648438,2223200,146.92138671875
2023-05-08,153.41000366210938,154.5800018310547,152.9499969482422,153.0399932861328,2271600,147.29672241210938
2023-05-09,152,153.72999572753906,151.8800048828125,153.3800048828125,2322700,147.62396240234375
2023-05-10,153.61000061035156,154.6699981689453,147.9499969482422,148.67999267578125,4602600,143.10032653808594
2023-05-11,147.97000122070312,148.5,146.27999877929688,147.99000549316406,2900300,142.43626403808594
2023-05-12,149.32000732421875,149.32000732421875,147.08999633789062,147.92999267578125,2320000,142.37850952148438
2023-05-15,148.17999267578125,150.2100067138672,147.92999267578125,150,2271900,144.37083435058594
2023-05-16,150.19000244140625,152.41000366210938,148.3699951171875,148.41000366210938,1960200,142.84048461914062
2023-05-17,149.82000732421875,152.88999938964844,149.3000030517578,152.08999633789062,2446500,146.3824005126953
2023-05-18,152.25,154.1199951171875,151.05999755859375,153.47999572753906,2629800,147.72023010253906
2023-05-19,154.57000732421875,154.9199981689453,152.13999938964844,152.9499969482422,2258600,147.21011352539062
2023-05-22,153.6699981689453,155.89999389648438,153.27999877929688,155.50999450683594,2483800,149.6740264892578
2023-05-23,154.47000122070312,155.75999450683594,152.5,152.55999755859375,2928400,146.8347625732422
2023-05-24,151.5,151.6999969482422,150.1199951171875,150.72000122070312,2308400,145.06381225585938
2023-05-25,149.60000610351562,151.5,149.3699951171875,151.0800018310547,3234300,145.41030883789062
2023-05-26,152.80999755859375,158.25,152.52999877929688,157.24000549316406,4015400,151.33912658691406
2023-05-30,157.14999389648438,158.9499969482422,156.66000366210938,158.00999450683594,3268200,152.0802459716797
2023-05-31,157.6699981689453,159.60000610351562,156.25999450683594,158.55999755859375,5588500,152.6095733642578
2023-06-01,159.05999755859375,163.99000549316406,158.22999572753906,162.72000122070312,4087200,156.6134796142578
2023-06-02,164.99000549316406,169.85000610351562,164.49000549316406,168.55999755859375,4820500,162.2342987060547
2023-06-05,168.24000549316406,168.24000549316406,165.8300018310547,167.42999267578125,2870900,161.1466827392578
2023-06-06,167.85000610351562,172.64999389648438,167.5,171.82000732421875,3631500,165.37197875976562
2023-06-07,173.64999389648438,173.64999389648438,170.6999969482422,171.5500030517578,2789000,165.11209106445312
2023-06-08,170.64999389648438,171.52999877929688,169.55999755859375,171.13999938964844,2354400,164.71749877929688
2023-06-09,171.94000244140625,172.22000122070312,170.94000244140625,171.72000122070312,2200900,165.2757110595703
2023-06-12,172.00999450683594,173.92999267578125,171.92999267578125,173.63999938964844,2609600,167.1236572265625
2023-06-13,174.41000366210938,176.1199951171875,174.2100067138672,175.13999938964844,2480400,168.56735229492188
2023-06-14,176.02000427246094,177.0399932861328,173.38999938964844,174.47000122070312,2326100,167.92251586914062
2023-06-15,171.41000366210938,174.52999877929688,169.57000732421875,173.80999755859375,2797600,167.28726196289062
2023-06-16,174.1999969482422,174.5800018310547,171.5500030517578,172.2100067138672,4616900,165.74734497070312
2023-06-20,171,171.22000122070312,168.3300018310547,169.41000366210938,2865700,163.05239868164062
2023-06-21,169.10000610351562,169.10000610351562,166.9499969482422,167.9199981689453,2813600,161.61831665039062
2023-06-22,167.27999877929688,168.5,165.22999572753906,168.25999450683594,2755900,161.94554138183594
2023-06-23,166,168.60000610351562,165.74000549316406,168.07000732421875,4214400,161.7626953125
2023-06-26,168.52999877929688,170.5,167.05999755859375,167.11000061035156,2507100,160.8387451171875
2023-06-27,166.35000610351562,168.3800048828125,166.17999267578125,168.19000244140625,2433900,161.87818908691406
2023-06-28,167.25999450683594,169.8699951171875,167.1999969482422,169.77999877929688,2289000,163.4084930419922
2023-06-29,170.5800018310547,172.30999755859375,170.32000732421875,172.0800018310547,2899200,165.62222290039062
2023-06-30,174.24000549316406,175.08999633789062,173.3300018310547,174.1999969482422,3371300,167.66262817382812
2023-07-03,174.3000030517578,176.3300018310547,173.6999969482422,175.44000244140625,1700200,168.85609436035156
2023-07-05,174.3800048828125,176.57000732421875,174.0399932861328,175.57000732421875,2487800,168.98123168945312
2023-07-06,171.74000549316406,172.30999755859375,168.22999572753906,170.94000244140625,3157300,165.0891571044922
2023-07-07,169.1300048828125,171.57000732421875,168.6699981689453,169.8000030517578,2145300,163.98818969726562
2023-07-10,169.86000061035156,171.8300018310547,169.4499969482422,171.7100067138672,1865600,165.83279418945312
2023-07-11,172.5,175.5800018310547,172.32000732421875,174.63999938964844,2281900,168.6625518798828
2023-07-12,177,177.91000366210938,174.30999755859375,174.3300018310547,2305800,168.36314392089844
2023-07-13,175.4199981689453,176.10000610351562,173.89999389648438,174.24000549316406,2080400,168.27622985839844
2023-07-14,175.36000061035156,175.66000366210938,172.52000427246094,173.38999938964844,1829500,167.45530700683594
2023-07-17,172.94000244140625,176.25999450683594,172.83999633789062,175.38999938964844,2144100,169.38687133789062
2023-07-18,175.19000244140625,178.44000244140625,174.42999267578125,178.0399932861328,2685700,171.94613647460938
2023-07-19,178.25,178.7899932861328,176.30999755859375,177.1199951171875,2749100,171.05763244628906
2023-07-20,175.55999755859375,177.22000122070312,174.0500030517578,177.11000061035156,3940700,171.04798889160156
2023-07-21,172.1699981689453,173.33999633789062,167.4199981689453,170.22000122070312,9102100,164.393798828125
2023-07-24,167.58999633789062,169,166.92999267578125,167.7899932861328,4979900,162.0469512939453
2023-07-25,167.35000610351562,168.9499969482422,166.4199981689453,166.5,3286700,160.80113220214844
2023-07-26,166.1699981689453,168.42999267578125,166.05999755859375,167.75,2352000,162.00833129882812
2023-07-27,168.52999877929688,168.5399932861328,163.1699981689453,163.60000610351562,3944200,158.0004119873047
2023-07-28,165.2899932861328,166.5800018310547,164.63999938964844,165.42999267578125,2925900,159.76776123046875
2023-07-31,166.50999450683594,168.99000549316406,166.50999450683594,168.8800048828125,3345900,163.09967041015625
2023-08-01,167.9499969482422,169.80999755859375,167.25999450683594,169.64999389648438,2340100,163.8433074951172
2023-08-02,167.27999877929688,167.75,166.0500030517578,166.75,2236200,161.0426025390625
2023-08-03,165.83999633789062,166.66000366210938,165.02999877929688,166.41000366210938,1708700,160.71421813964844
2023-08-04,166.52999877929688,168.10000610351562,165.05999755859375,165.41000366210938,2256000,159.74844360351562
2023-08-07,166.85000610351562,167.3300018310547,166.13999938964844,166.9600067138672,2027200,161.24537658691406
2023-08-08,164.89999389648438,165.99000549316406,163.58999633789062,165.8699951171875,2102900,160.1926727294922
2023-08-09,165.94000244140625,166.2899932861328,163.5,163.82000732421875,2445200,158.212890625
2023-08-10,164.7100067138672,166.5,162.72000122070312,163.5399932861328,2556000,157.9424591064453
2023-08-11,162.6699981689453,165.77999877929688,162.60000610351562,165.27000427246094,2102500,159.61326599121094
2023-08-14,164.3300018310547,166.47999572753906,163.77000427246094,166.0800018310547,1827300,160.39553833007812
2023-08-15,164.38999938964844,164.80999755859375,161.6999969482422,161.91000366210938,2447600,156.3682403564453
2023-08-16,161.27000427246094,162.9600067138672,160.63999938964844,160.75999450683594,1994900,155.257568359375
2023-08-17,161.91000366210938,162.61000061035156,160.3800048828125,160.5800018310547,2473000,155.0837860107422
2023-08-18,159.22999572753906,160.8000030517578,158.94000244140625,160.22999572753906,2139500,154.74574279785156
2023-08-21,160.8800048828125,161.64999389648438,160.0800018310547,160.8800048828125,2070500,155.37350463867188
2023-08-22,160.75999450683594,161.25999450683594,158.61000061035156,159.0800018310547,2255500,153.63511657714844
2023-08-23,159.3300018310547,160.0800018310547,158.6999969482422,159.44000244140625,2042500,153.9827880859375
2023-08-24,159.00999450683594,161.4199981689453,157.74000549316406,157.7899932861328,2468600,152.38925170898438
2023-08-25,158.44000244140625,159.63999938964844,157.3300018310547,158.32000732421875,2969200,152.901123046875
2023-08-28,158.97999572753906,160.91000366210938,158.75999450683594,159.19000244140625,2509900,153.74131774902344
2023-08-29,158.88999938964844,160.7899932861328,158.3000030517578,160.24000549316406,2175800,154.75540161132812
2023-08-30,160.27000427246094,161.86000061035156,160.1199951171875,160.1699981689453,3039900,154.68780517578125
2023-08-31,160.66000366210938,160.94000244140625,157.74000549316406,157.99000549316406,3653900,152.58241271972656
2023-09-01,159.07000732421875,160.16000366210938,158.7100067138672,159.6199951171875,2195500,154.1566162109375
2023-09-05,160.11000061035156,161.86000061035156,159.35000610351562,160,4151000,154.52359008789062
2023-09-06,159.07000732421875,159.83999633789062,156.86000061035156,158,2949200,152.59205627441406
2023-09-07,157.25999450683594,157.6300048828125,156.07000732421875,156.77999877929688,2617400,151.413818359375
2023-09-08,157.02000427246094,157.7899932861328,156.7100067138672,157.42999267578125,1931300,152.04156494140625
2023-09-11,158.3699951171875,159.16000366210938,157.39999389648438,157.8300018310547,2611100,152.42788696289062
2023-09-12,157.64999389648438,159.72000122070312,157.4499969482422,158.5,2659000,153.07496643066406
2023-09-13,159.33999633789062,160.6999969482422,158.6199951171875,159.13999938964844,2976700,153.6930389404297
2023-09-14,160.57000732421875,161.9600067138672,160,161.77999877929688,3209900,156.24269104003906
2023-09-15,162.02999877929688,164.3300018310547,161.82000732421875,163.75,7273600,158.14527893066406
2023-09-18,163.7899932861328,163.9499969482422,159.35000610351562,159.6300048828125,2413400,154.16627502441406
2023-09-19,159.0500030517578,159.8699951171875,158.4499969482422,159.35000610351562,2230700,153.8958282470703
2023-09-20,160,160.1999969482422,156.8800048828125,157.22999572753906,1969700,151.84841918945312
2023-09-21,155.8300018310547,156.8699951171875,154.44000244140625,154.7100067138672,2712100,149.4146728515625
2023-09-22,155,155.0399932861328,152.9199981689453,153.0800018310547,2380600,147.84046936035156
2023-09-25,152.2100067138672,153.30999755859375,151.75,153.22999572753906,2434400,147.9853515625
2023-09-26,151.75,152.9600067138672,150.16000366210938,151.1199951171875,2332100,145.9475555419922
2023-09-27,151.5,151.5,148.97000122070312,149.89999389648438,3705400,144.76931762695312
2023-09-28,149.77000427246094,150.8800048828125,149.02000427246094,150.22999572753906,3489800,145.08802795410156
2023-09-29,151.4499969482422,151.69000244140625,148.6699981689453,149.19000244140625,3579400,144.08358764648438
2023-10-02,148.4199981689453,149.89999389648438,148.07000732421875,149.47999572753906,2657600,144.36367797851562
2023-10-03,148.5,149.17999267578125,144.30999755859375,145.0500030517578,4184100,140.0853271484375
2023-10-04,145.89999389648438,146.9199981689453,144.39999389648438,146.6300048828125,3476700,141.61122131347656
2023-10-05,145.5800018310547,147.5399932861328,144.77000427246094,147.08999633789062,2706200,142.63914489746094
2023-10-06,146.7100067138672,150.35000610351562,146.13999938964844,149.32000732421875,3204600,144.8016815185547
2023-10-09,147.60000610351562,149.4499969482422,147.4199981689453,148.82000732421875,2279400,144.31683349609375
2023-10-10,149.5,151.72999572753906,149,150.92999267578125,2909100,146.36293029785156
2023-10-11,151.42999267578125,152.80999755859375,149.75999450683594,151.50999450683594,1727000,146.92538452148438
2023-10-12,152.5,152.72000122070312,150.11000061035156,151.27999877929688,2377200,146.702392578125
2023-10-13,152.9199981689453,154.13999938964844,150.42999267578125,151.10000610351562,2951500,146.52780151367188
2023-10-16,152.3699951171875,153.41000366210938,151.2100067138672,152.7899932861328,2586300,148.16665649414062
2023-10-17,151.55999755859375,154.72999572753906,151.5,154.38999938964844,3919400,149.71827697753906
2023-10-18,153.1199951171875,153.58999633789062,151.1300048828125,151.52999877929688,2632200,146.9447784423828
2023-10-19,150.41000366210938,156.0500030517578,149.00999450683594,149.6199951171875,4642200,145.09259033203125
2023-10-20,144.6999969482422,147.94000244140625,141.44000244140625,141.57000732421875,8268100,137.2861785888672
2023-10-23,141.5,145.85000610351562,140.91000366210938,144.58999633789062,5313500,140.21482849121094
2023-10-24,145.85000610351562,146.50999450683594,143.5399932861328,144.4199981689453,3521100,140.04994201660156
2023-10-25,144.08999633789062,144.83999633789062,143.22999572753906,143.52000427246094,2841400,139.1771697998047
2023-10-26,143.3699951171875,144.91000366210938,142.99000549316406,143.33999633789062,3378000,139.00265502929688
2023-10-27,143.85000610351562,143.9600067138672,141.02999877929688,141.30999755859375,3442500,137.0340576171875
2023-10-30,142.72000122070312,143.86000061035156,141.72999572753906,143.27000427246094,3303300,138.93475341796875
2023-10-31,143.3300018310547,146.67999267578125,143.07000732421875,146.02999877929688,3737200,141.61122131347656
2023-11-01,146.49000549316406,146.82000732421875,145.13999938964844,146.4499969482422,2332600,142.01853942871094
2023-11-02,148.3300018310547,150.91000366210938,148.3300018310547,150.85000610351562,3108400,146.28541564941406
2023-11-03,152.5800018310547,153.8800048828125,152.39999389648438,152.75999450683594,2667700,148.1375732421875
2023-11-06,152.60000610351562,153.07000732421875,151.50999450683594,152.99000549316406,2490000,148.36062622070312
2023-11-07,152.97000122070312,153.7899932861328,152.35000610351562,152.97999572753906,1583300,148.35092163085938
2023-11-08,152.97000122070312,153.8000030517578,152.42999267578125,153.00999450683594,1804500,148.3800048828125
2023-11-09,153.67999267578125,154.16000366210938,152.0500030517578,152.3699951171875,2052900,147.7593994140625
2023-11-10,153.0399932861328,154.47999572753906,152.10000610351562,154.3800048828125,2088100,149.70860290527344
2023-11-13,154.0800018310547,155.25999450683594,153.5,154.33999633789062,1753600,149.66978454589844
2023-11-14,156.60000610351562,157.9199981689453,156.02999877929688,156.91000366210938,2968600,152.16201782226562
2023-11-15,157.52999877929688,159.44000244140625,157,159.42999267578125,3272600,154.60577392578125
2023-11-16,159.64999389648438,160.10000610351562,157.97000122070312,159.0500030517578,3749100,154.23724365234375
2023-11-17,159.91000366210938,162.5800018310547,159.91000366210938,162.55999755859375,2975800,157.6410369873047
2023-11-20,162.91000366210938,164.64999389648438,162.75999450683594,163.85000610351562,3242900,158.89199829101562
2023-11-21,163.64999389648438,164.1199951171875,161.72999572753906,162.2899932861328,2759700,157.37921142578125
2023-11-22,163.27999877929688,164.67999267578125,162.85000610351562,163.7899932861328,2527500,158.83384704589844
2023-11-24,164.55999755859375,165.22000122070312,163.97000122070312,164.4199981689453,950700,159.4447784423828
2023-11-27,163.75999450683594,164.52000427246094,163.32000732421875,164.0399932861328,2146400,159.0762481689453
2023-11-28,163.9199981689453,165.97999572753906,163.61000061035156,165.66000366210938,2117800,160.64724731445312
2023-11-29,166.39999389648438,168.72000122070312,166.39999389648438,167.42999267578125,2720200,162.3636932373047
2023-11-30,168,171.1699981689453,167.52999877929688,170.77000427246094,4253100,165.6026611328125
2023-12-01,170.6699981689453,174.33999633789062,170.30999755859375,173.75999450683594,3412000,168.5021514892578
2023-12-04,172.86000061035156,175.30999755859375,172.66000366210938,173.25,3631000,168.007568359375
2023-12-05,172.10000610351562,172.7100067138672,165.92999267578125,170.67999267578125,6452500,165.5153350830078
2023-12-06,171.72999572753906,172.3800048828125,167.17999267578125,167.50999450683594,3890700,162.44126892089844
2023-12-07,168.4600067138672,169.22000122070312,167.74000549316406,168.6199951171875,2797100,163.51766967773438
2023-12-08,168.33999633789062,169.1300048828125,167.57000732421875,168.42999267578125,2681300,163.33340454101562
2023-12-11,168.39999389648438,169.50999450683594,167.86000061035156,168.38999938964844,2811400,163.29464721679688
2023-12-12,168.38999938964844,171.0800018310547,167.77000427246094,171.0399932861328,2946200,165.86444091796875
2023-12-13,171.2100067138672,174.66000366210938,170.14999389648438,174.55999755859375,3207700,169.27793884277344
2023-12-14,175.74000549316406,179.89999389648438,175.60000610351562,178.86000061035156,4548100,173.44781494140625
2023-12-15,177.5399932861328,181.17999267578125,177.5,180.50999450683594,7139200,175.04788208007812
2023-12-18,181.3800048828125,182.83999633789062,181.02999877929688,182.75999450683594,2814400,177.2298126220703
2023-12-19,183.2100067138672,185.77000427246094,183.19000244140625,185.75,3978300,180.1293182373047
2023-12-20,185.35000610351562,185.64999389648438,180.5399932861328,180.64999389648438,4020700,175.1836395263672
2023-12-21,181.8300018310547,185.2100067138672,181.8300018310547,184.7899932861328,3496800,179.19839477539062
2023-12-22,185.63999938964844,186.3699951171875,184.6300048828125,185.57000732421875,2782600,179.9547882080078
2023-12-26,185.9600067138672,186.17999267578125,185.1300048828125,185.9600067138672,1230000,180.33299255371094
2023-12-27,186.13999938964844,187.1300048828125,185.6199951171875,187.05999755859375,1825400,181.3997039794922
2023-12-28,187.1199951171875,188.07000732421875,187,187.8000030517578,1486100,182.11732482910156
2023-12-29,187.75,188.3000030517578,186.52999877929688,187.33999633789062,1915000,181.6712188720703
2024-01-02,186.49000549316406,188.74000549316406,186.07000732421875,188.30999755859375,2236600,182.61187744140625
2024-01-03,186.67999267578125,187.49000549316406,185.58999633789062,186.32000732421875,2720500,180.68211364746094
2024-01-04,186.00999450683594,188.57000732421875,185.75999450683594,187.13999938964844,2777500,182.06358337402344
2024-01-05,186.82000732421875,189.50999450683594,186.52000427246094,189.05999755859375,2243300,183.9314727783203
2024-01-08,188.22000122070312,189.3300018310547,186.3800048828125,189.2100067138672,3442100,184.07742309570312
2024-01-09,187.8300018310547,187.99000549316406,186.33999633789062,186.77000427246094,2055500,181.70361328125
2024-01-10,185.02999877929688,186.10000610351562,183.6699981689453,184.97000122070312,2757800,179.95242309570312
2024-01-11,185.00999450683594,185.36000061035156,182.0399932861328,185.02999877929688,3493300,180.01080322265625
2024-01-12,185.8300018310547,186.41000366210938,181.9499969482422,182.0399932861328,3366300,177.10189819335938
2024-01-16,181.00999450683594,181.14999389648438,178.82000732421875,180.97000122070312,4142900,176.06094360351562
2024-01-17,179.4499969482422,181.60000610351562,179,181,2377600,176.09011840820312
2024-01-18,180.10000610351562,180.19000244140625,177.80999755859375,179.7899932861328,3215200,174.91294860839844
2024-01-19,181,183.3800048828125,179.41000366210938,183.1699981689453,3388900,178.20126342773438
2024-01-22,184.25999450683594,186.77000427246094,184.05999755859375,185.00999450683594,3145100,179.99134826660156
2024-01-23,185.67999267578125,186.02000427246094,184.80999755859375,185.47000122070312,2327600,180.43885803222656
2024-01-24,187.08999633789062,188.4199981689453,185.72999572753906,185.82000732421875,3052500,180.7793731689453
2024-01-25,186.44000244140625,188.3300018310547,186.42999267578125,188.07000732421875,3472500,182.96832275390625
2024-01-26,192.5399932861328,204.77000427246094,192.25999450683594,201.42999267578125,13555400,195.96592712402344
2024-01-29,201.91000366210938,202.89999389648438,199.07000732421875,200.86000061035156,4935500,195.411376953125
2024-01-30,200.5,204.44000244140625,200.41000366210938,204.14999389648438,4284600,198.6121368408203
2024-01-31,202.39999389648438,205.32000732421875,200.66000366210938,200.74000549316406,3495000,195.29464721679688
2024-02-01,200.36000061035156,203.47000122070312,199.8800048828125,203.22000122070312,3028300,197.70738220214844
2024-02-02,203.38999938964844,206.97000122070312,203,206.41000366210938,3393000,200.8108367919922
2024-02-05,205.49000549316406,206.72000122070312,203.4199981689453,205.94000244140625,3099300,200.35360717773438
2024-02-06,205.44000244140625,207.0800018310547,204,205.64999389648438,3255300,200.0714569091797
2024-02-07,207.0800018310547,209.14999389648438,205.60000610351562,209.0800018310547,3272100,203.40841674804688
2024-02-08,208.25,211.33999633789062,207.9499969482422,211.2100067138672,4136600,205.4806671142578
2024-02-09,211.5500030517578,214.25,210.41000366210938,212.47000122070312,4785100,206.70645141601562
2024-02-12,212.25,214.00999450683594,211.61000061035156,212.25999450683594,4041400,206.5021514892578
2024-02-13,210.22000122070312,210.97000122070312,207.61000061035156,209.6699981689453,3381700,203.98243713378906
2024-02-14,211.14999389648438,211.2899932861328,208.82000732421875,210.89999389648438,2770800,205.17901611328125
2024-02-15,211.47000122070312,213.1199951171875,210.64999389648438,212.52999877929688,2644500,206.7648162841797
2024-02-16,212.52999877929688,214.2899932861328,211.8699951171875,212.55999755859375,2831300,206.7940216064453
2024-02-20,211,213.75,210.27999877929688,212.49000549316406,3341700,206.7259521484375
2024-02-21,211.60000610351562,212.69000244140625,209.10000610351562,210.88999938964844,2599400,205.1693115234375
2024-02-22,212.47999572753906,215.5500030517578,212.47999572753906,213.99000549316406,3027800,208.18521118164062
2024-02-23,215,216.32000732421875,214.25999450683594,214.55999755859375,2617000,208.73976135253906
2024-02-26,213.4199981689453,217.5399932861328,213.25,216.9600067138672,2684500,211.07467651367188
2024-02-27,217.42999267578125,218.0800018310547,216.3000030517578,217.97999572753906,2428100,212.06698608398438
2024-02-28,217.17999267578125,219.1999969482422,216.75999450683594,218.02999877929688,2599200,212.11563110351562
2024-02-29,218.99000549316406,219.74000549316406,217.64999389648438,219.4199981689453,5186500,213.4679412841797
2024-03-01,219.30999755859375,220.3800048828125,218.42999267578125,219.66000366210938,2342800,213.70140075683594
2024-03-04,219.07000732421875,219.5800018310547,217.24000549316406,218.91000366210938,2625300,212.97177124023438
2024-03-05,217.44000244140625,218.89999389648438,216.1199951171875,217.1999969482422,2672300,211.30813598632812
2024-03-06,217.6199951171875,219.2899932861328,217.27000427246094,218.4499969482422,2727900,212.52423095703125
2024-03-07,221.00999450683594,224.69000244140625,220.80999755859375,223.4199981689453,2974100,217.3594207763672
2024-03-08,223.0399932861328,224.89999389648438,222.83999633789062,223.3699951171875,2242800,217.31077575683594
2024-03-11,221.9199981689453,222.36000061035156,218.2899932861328,220.19000244140625,2808200,214.21702575683594
2024-03-12,221.24000549316406,223.44000244140625,219.63999938964844,222.64999389648438,2067700,216.6103057861328
2024-03-13,223.13999938964844,223.49000549316406,221.8699951171875,222.80999755859375,2693100,216.7659454345703
2024-03-14,224.27999877929688,224.2899932861328,219.10000610351562,220.47000122070312,2417900,214.4894256591797
2024-03-15,220.97999572753906,221.60000610351562,217.22000122070312,218.4600067138672,5267900,212.53395080566406
2024-03-18,219.89999389648438,221.72999572753906,218.99000549316406,220.97000122070312,1893000,214.97586059570312
2024-03-19,221.0500030517578,221.9499969482422,219.3699951171875,221.69000244140625,1817600,215.67633056640625
2024-03-20,221.49000549316406,228.05999755859375,221.22999572753906,227.91000366210938,2249700,221.72763061523438
2024-03-21,229.11000061035156,231.69000244140625,228.99000549316406,229.1199951171875,3523700,222.90480041503906
2024-03-22,229.0500030517578,230.5399932861328,225.91000366210938,225.9600067138672,2284700,219.83053588867188
2024-03-25,225.33999633789062,226.99000549316406,225.22999572753906,226.02999877929688,2119500,219.89862060546875
2024-03-26,226.6199951171875,226.8699951171875,224.32000732421875,224.4600067138672,2106400,218.3712158203125
2024-03-27,227.1999969482422,228,225.13999938964844,227.75,2153100,221.5719757080078
2024-03-28,228.4600067138672,228.4600067138672,226.33999633789062,227.69000244140625,2295800,221.51361083984375
2024-04-01,227.44000244140625,228.57000732421875,226.8300018310547,227.61000061035156,1616700,221.4357452392578
2024-04-02,226.3699951171875,226.97000122070312,224.58999633789062,225.52999877929688,1984500,219.41220092773438
2024-04-03,225.80999755859375,227.25999450683594,225.25,226.6300048828125,2070100,220.48236083984375
2024-04-04,229.13999938964844,229.67999267578125,219.2100067138672,219.58999633789062,3035300,214.29519653320312
2024-04-05,220,223.1199951171875,219.52000427246094,222.4600067138672,1827900,217.09600830078125
2024-04-08,223.4600067138672,224.85000610351562,223.1300048828125,224.11000061035156,1401200,218.7062225341797
2024-04-09,222.99000549316406,223.92999267578125,217.97000122070312,219.83999633789062,3503000,214.5391845703125
2024-04-10,217.50999450683594,219.5,215.52000427246094,217.64999389648438,3115000,212.40199279785156
2024-04-11,217.5,219.1699981689453,214.50999450683594,218.1999969482422,3139000,212.938720703125
2024-04-12,217,218.27999877929688,216.1199951171875,218.1999969482422,2441200,212.938720703125
2024-04-15,221.88999938964844,222.72999572753906,216.82000732421875,218.39999389648438,3459000,213.13388061523438
2024-04-16,217.6999969482422,219.3800048828125,216.50999450683594,218.33999633789062,4176700,213.07534790039062
2024-04-17,219.55999755859375,220.27999877929688,216.52000427246094,217.6699981689453,2256800,212.4215087890625
2024-04-18,218.25999450683594,221.4499969482422,217.17999267578125,217.5,3901500,212.25559997558594
2024-04-19,218.83999633789062,231.60000610351562,218.83999633789062,231.0399932861328,7573700,225.46910095214844
2024-04-22,232.02999877929688,235.3699951171875,227.69000244140625,233,5151300,227.3818817138672
2024-04-23,234.77000427246094,239.4199981689453,233.6699981689453,238.9600067138672,4684500,233.1981658935547
2024-04-24,238.27000427246094,240.5500030517578,237.97000122070312,239.1199951171875,4429200,233.3542938232422
2024-04-25,238.1300048828125,238.4499969482422,235.41000366210938,237.10000610351562,3329000,231.38302612304688
2024-04-26,236,236.9199981689453,234.4199981689453,235.63999938964844,2993300,229.95822143554688
2024-04-29,236.58999633789062,239.1199951171875,235.63999938964844,238.9199981689453,3696300,233.1591339111328
2024-04-30,237.8800048828125,239.61000061035156,233.77000427246094,234.02999877929688,3564300,228.38702392578125
2024-05-01,233.22000122070312,235.13999938964844,231.22999572753906,231.4600067138672,4176000,225.8789825439453
2024-05-02,233.5800018310547,233.9499969482422,230.91000366210938,232.5,2734900,226.89393615722656
2024-05-03,233.25999450683594,233.35000610351562,229.1300048828125,230.77000427246094,3203100,225.2056427001953
2024-05-06,232.3000030517578,234.57000732421875,231.32000732421875,234.3300018310547,2259600,228.6798095703125
2024-05-07,235.5,236,233.41000366210938,234.66000366210938,2084300,229.00184631347656
2024-05-08,234.39999389648438,236.85000610351562,233.52000427246094,236.24000549316406,2501900,230.54376220703125
2024-05-09,235.9600067138672,239.3800048828125,235.55999755859375,239.13999938964844,3166300,233.37380981445312
2024-05-10,240.5,243.5399932861328,240.30999755859375,242.3000030517578,2590800,236.45762634277344
2024-05-13,242.9499969482422,243.5399932861328,238.10000610351562,238.64999389648438,2768800,232.89561462402344
2024-05-14,238.14999389648438,242.08999633789062,238.10000610351562,241.52999877929688,2387300,235.70619201660156
2024-05-15,241.6300048828125,242.8699951171875,240.25,241.6999969482422,2013400,235.87210083007812
2024-05-16,241.72000122070312,243.35000610351562,240.85000610351562,241.32000732421875,2605900,235.50123596191406
2024-05-17,242.8000030517578,243.19000244140625,241.89999389648438,242.82000732421875,1848700,236.965087890625
2024-05-20,243.11000061035156,244.41000366210938,242.10000610351562,242.3000030517578,1983200,236.45762634277344
2024-05-21,242.33999633789062,243.5800018310547,241.33999633789062,243.0800018310547,1825800,237.21881103515625
2024-05-22,242.91000366210938,243.47000122070312,239.52999877929688,240.08999633789062,2292700,234.3009033203125
2024-05-23,240.8300018310547,240.8300018310547,235.1199951171875,235.4600067138672,3272600,229.7825469970703
2024-05-24,236.86000061035156,240.07000732421875,236.69000244140625,238.17999267578125,1624200,232.4369354248047
2024-05-28,237.75,238.47000122070312,235.8800048828125,237.25,2315400,231.52938842773438
2024-05-29,235.4499969482422,237.66000366210938,234.6699981689453,235.94000244140625,2711300,230.2509765625
2024-05-30,236.3699951171875,237.32000732421875,234.97999572753906,237.22000122070312,2386300,231.5001220703125
2024-05-31,238,240.19000244140625,235.91000366210938,240,5102500,234.21310424804688
2024-06-03,240.17999267578125,241.36000061035156,233.52999877929688,236.8800048828125,2677200,231.1683349609375
2024-06-04,236.38999938964844,240,235.72999572753906,237.25,2512100,231.52938842773438
2024-06-05,236.25,237.6999969482422,233.6999969482422,234.69000244140625,2925100,229.03111267089844
2024-06-06,234.7899932861328,236.39999389648438,232.6999969482422,233.35000610351562,2709600,227.7234344482422
2024-06-07,232.41000366210938,234.1199951171875,231.7100067138672,232.6699981689453,2212500,227.05982971191406
2024-06-10,231.9499969482422,233.9199981689453,230.60000610351562,232.44000244140625,2933500,226.83535766601562
2024-06-11,231.63999938964844,231.63999938964844,224.2100067138672,224.52999877929688,3168100,219.11610412597656
2024-06-12,227.42999267578125,228.39999389648438,222.8300018310547,224.0399932861328,3091100,218.6378936767578
2024-06-13,223.41000366210938,223.75,220.74000549316406,222.19000244140625,3011300,216.83250427246094
2024-06-14,221.3800048828125,225.63999938964844,221.33999633789062,224.82000732421875,2373800,219.3990936279297
2024-06-17,224.1999969482422,228.47000122070312,224.02000427246094,228.27000427246094,2426700,222.7659149169922
2024-06-18,227.5800018310547,229.30999755859375,226.77000427246094,229.30999755859375,2176500,223.7808380126953
2024-06-20,228.55999755859375,231.67999267578125,226.44000244140625,230.2100067138672,2968100,224.6591339111328
2024-06-21,231.11000061035156,231.11000061035156,227.5,230.3800048828125,5064300,224.8250732421875
2024-06-24,231.67999267578125,233.89999389648438,230.2100067138672,231.47000122070312,2152600,225.88876342773438
2024-06-25,230.86000061035156,231.3000030517578,228.5399932861328,230.58999633789062,3206800,225.02996826171875
2024-06-26,230.0399932861328,232.49000549316406,229.13999938964844,230.67999267578125,3151900,225.11781311035156
2024-06-27,229.7899932861328,230.3300018310547,227.3699951171875,228.39999389648438,2264200,222.8927764892578
2024-06-28,229.25,233.60000610351562,228.74000549316406,231.5500030517578,3901100,225.96681213378906
2024-07-01,232.3300018310547,234.8000030517578,231.5500030517578,233.80999755859375,2792700,228.1723175048828
2024-07-02,233.5500030517578,236.19000244140625,232.97000122070312,235.97000122070312,1871700,230.28025817871094
2024-07-03,236.5,237.5800018310547,235.19000244140625,235.7100067138672,1365900,230.02651977539062
2024-07-05,235.7100067138672,236.6999969482422,233.55999755859375,235.6300048828125,2488300,230.63336181640625
2024-07-08,236.22999572753906,239.5,233.75999450683594,234.50999450683594,2638600,229.53713989257812
2024-07-09,234.97000122070312,239.1999969482422,234.1199951171875,237.75,1943400,232.70840454101562
2024-07-10,236.57000732421875,239.4499969482422,235.6199951171875,238.92999267578125,2203000,233.8634033203125
2024-07-11,238.8699951171875,239.9499969482422,236.9600067138672,238.75,1868700,233.68722534179688
2024-07-12,238.97000122070312,240.25999450683594,237.22999572753906,238.6300048828125,2612200,233.5697784423828
2024-07-15,240.4499969482422,244.66000366210938,240.4499969482422,244,3054400,238.8258819580078
2024-07-16,244.13999938964844,249.75999450683594,243.8000030517578,249.6300048828125,3074600,244.3365020751953
2024-07-17,248.80999755859375,250.83999633789062,247.3800048828125,249.9600067138672,2471900,244.65948486328125
2024-07-18,250.8000030517578,253.72999572753906,247.75999450683594,249.1999969482422,4053300,243.91561889648438
2024-07-19,241.8000030517578,243.3800048828125,237.64999389648438,242.3800048828125,5750400,237.24024963378906
2024-07-22,243.00999450683594,245.61000061035156,239.89999389648438,244.75,2590000,239.5599822998047
2024-07-23,246.9600067138672,248.99000549316406,245.0399932861328,246.89999389648438,2564000,241.6643524169922
2024-07-24,245,245.6199951171875,240.6699981689453,240.99000549316406,2838100,235.8797149658203
2024-07-25,240,244.9600067138672,239.38999938964844,240.17999267578125,3828800,235.08688354492188
2024-07-26,241.92999267578125,246.38999938964844,241.8800048828125,245.88999938964844,2174400,240.67579650878906
2024-07-29,246.6300048828125,247.9600067138672,244.30999755859375,247.88999938964844,2059300,242.63339233398438
2024-07-30,249.4600067138672,253.67999267578125,249.22999572753906,252.47999572753906,2498800,247.12603759765625
2024-07-31,253.11000061035156,256.239990234375,252.42999267578125,253.0399932861328,2180700,247.6741943359375
2024-08-01,253.85000610351562,255,246.41000366210938,248.67999267578125,3929700,243.40663146972656
2024-08-02,244.50999450683594,244.64999389648438,230.0500030517578,232.27999877929688,6902600,227.3544158935547
2024-08-05,226.63999938964844,230.77999877929688,222.02999877929688,225.9199981689453,4890700,221.12930297851562
2024-08-06,226.9600067138672,233.17999267578125,226.5,231.1199951171875,3148200,226.21900939941406
2024-08-07,234.02000427246094,236.1699981689453,228.50999450683594,228.8000030517578,2665300,223.9481964111328
2024-08-08,231.0500030517578,234.5,231.00999450683594,233.5399932861328,2239200,228.58767700195312
2024-08-09,233.52000427246094,238.33999633789062,233.08999633789062,237.85000610351562,1956400,232.80630493164062
2024-08-12,238.1999969482422,238.99000549316406,235.39999389648438,237.0500030517578,1747000,232.0232696533203
2024-08-13,238.7100067138672,239.27000427246094,236.47000122070312,238.99000549316406,1913200,233.92213439941406
2024-08-14,239.80999755859375,244.08999633789062,239.50999450683594,243.75999450683594,2132500,238.59095764160156
2024-08-15,247.77000427246094,250.36000061035156,245.35000610351562,249.5,2656800,244.20925903320312
2024-08-16,249.38999938964844,251.75,249.1300048828125,251.7100067138672,2149700,246.37240600585938
2024-08-19,252,254.11000061035156,251.83999633789062,254.0500030517578,1653400,248.6627960205078
2024-08-20,254.22000122070312,254.6199951171875,252.25999450683594,253.0800018310547,1659700,247.71334838867188
2024-08-21,249.63999938964844,249.82000732421875,243.35000610351562,246.3000030517578,3502500,241.0771026611328
2024-08-22,246.77000427246094,248.9199981689453,245.75999450683594,247.75999450683594,1981300,242.5061798095703
2024-08-23,248,252.1699981689453,248,251.3000030517578,1868200,245.97108459472656
2024-08-26,252.4199981689453,256.1600036621094,251.9499969482422,253.8800048828125,1931000,248.4963836669922
2024-08-27,253.6999969482422,256.67999267578125,253.6999969482422,255.02999877929688,2518100,249.62197875976562
2024-08-28,254.2100067138672,258.6300048828125,253.75,257.0899963378906,2557100,251.63829040527344
2024-08-29,258,261.57000732421875,256.8299865722656,259.8399963378906,2423500,254.32998657226562
2024-08-30,260.489990234375,261.75,256.1000061035156,258.6499938964844,3442100,253.16522216796875
2024-09-03,255.77000427246094,257.4800109863281,252.7899932861328,254.30999755859375,2970300,248.917236328125
2024-09-04,254.99000549316406,256.5799865722656,250.66000366210938,251.74000549316406,3062600,246.40176391601562
2024-09-05,252.7100067138672,253.1699981689453,248.3699951171875,251.83999633789062,2711200,246.4996337890625
2024-09-06,251.2899932861328,253.57000732421875,243.32000732421875,244.05999755859375,3653000,238.88461303710938
2024-09-09,248.25,253.14999389648438,247.52999877929688,250.9199981689453,3080800,245.59913635253906
2024-09-10,251.72000122070312,252.5,240.58999633789062,245.4199981689453,3630900,240.2157745361328
2024-09-11,244.39999389648438,254.6300048828125,243.5,254.17999267578125,3149900,248.79002380371094
2024-09-12,254.16000366210938,257,252.58999633789062,255.14999389648438,2279600,249.73941040039062
2024-09-13,256.2300109863281,260.2099914550781,255.75,259,2199200,253.50778198242188
2024-09-16,261.30999755859375,262.8500061035156,259.1499938964844,261.0899963378906,2170200,255.55348205566406
2024-09-17,261.5199890136719,267.2200012207031,261.3500061035156,265.3999938964844,2765700,259.7720947265625
2024-09-18,264.3999938964844,266.3500061035156,261,262.17999267578125,2577400,256.6203308105469
2024-09-19,267.8299865722656,270.1000061035156,266.3500061035156,268.75,2973300,263.051025390625
2024-09-20,268.3999938964844,271.489990234375,266.95001220703125,268.989990234375,5847200,263.2859191894531
2024-09-23,271.3599853515625,272.4100036621094,267.04998779296875,267.29998779296875,2534900,261.6318054199219
2024-09-24,267.7699890136719,268.5,263.0299987792969,266.2099914550781,2340300,260.56488037109375
2024-09-25,267.0899963378906,268.7200012207031,265.54998779296875,266.1700134277344,2116300,260.5257873535156
2024-09-26,268.2900085449219,268.989990234375,266.3399963378906,268.1499938964844,1430600,262.4637756347656
2024-09-27,268,272.67999267578125,267.4200134277344,271.05999755859375,2231900,265.31207275390625
2024-09-30,270.1000061035156,271.4800109863281,267.2900085449219,271.20001220703125,2113100,265.4490661621094
2024-10-01,271.2799987792969,271.8299865722656,266.5199890136719,268.6000061035156,2429500,262.9042053222656
2024-10-02,268.6000061035156,271.3900146484375,266.25,270.9200134277344,2009500,265.17510986328125
2024-10-03,269.6400146484375,271.1000061035156,267.6400146484375,268.5899963378906,1614500,262.8943786621094
2024-10-04,272.25,276.7900085449219,270,275.9700012207031,2239600,270.82379150390625
2024-10-07,274.3500061035156,276.30999755859375,271.54998779296875,273.7900085449219,3287500,268.6844177246094
2024-10-08,271.25,272.5,266.1600036621094,269.1099853515625,3332800,264.0917053222656
2024-10-09,268.80999755859375,271.5899963378906,268.4200134277344,271.4200134277344,2087000,266.358642578125
2024-10-10,270.92999267578125,272.8999938964844,269.8800048828125,270.4700012207031,2052800,265.4263916015625
2024-10-11,271.3800048828125,277.1099853515625,271,276.1600036621094,1723200,271.0102233886719
2024-10-14,276.1600036621094,277.70001220703125,275.1099853515625,276.5199890136719,1399000,271.3634948730469
2024-10-15,280.57000732421875,281.4200134277344,276.8999938964844,277.30999755859375,2264600,272.1387939453125
2024-10-16,278.8800048828125,281.8699951171875,277.69000244140625,281.67999267578125,2243600,276.42724609375
2024-10-17,284,286.3599853515625,282.4800109863281,285.7799987792969,3571900,280.45086669921875
2024-10-18,276.79998779296875,279.20001220703125,269.04998779296875,276.7900085449219,7884400,271.6284484863281
2024-10-21,275,276.3599853515625,269.5299987792969,270.739990234375,4092700,265.69122314453125
2024-10-22,270.6199951171875,272.8299865722656,268.5799865722656,272.3999938964844,2595400,267.3203430175781
2024-10-23,272,273.3500061035156,268.9599914550781,271.2300109863281,2051100,266.1721496582031
2024-10-24,270.2300109863281,271.2300109863281,268.7099914550781,269.9800109863281,3490600,264.9455261230469
2024-10-25,271.6499938964844,273.1700134277344,266.3500061035156,267.3500061035156,2993300,262.3645324707031
2024-10-28,269.239990234375,271.9700012207031,267.67999267578125,271.4700012207031,2336900,266.40765380859375
2024-10-29,270.29998779296875,271.79998779296875,269.5799865722656,270.42999267578125,1749000,265.3870849609375
2024-10-30,271,275.07000732421875,270.2699890136719,274.0799865722656,2152900,268.968994140625
2024-10-31,273.70001220703125,274.0799865722656,268.6400146484375,270.0799865722656,2315400,265.0436096191406
2024-11-01,272.29998779296875,274.75,270.95001220703125,272.69000244140625,2508300,267.60491943359375
2024-11-04,272.3299865722656,272.82000732421875,269.7099914550781,270.19000244140625,1944000,265.15155029296875
2024-11-05,271.7200012207031,276.17999267578125,271.19000244140625,275.94000244140625,1859600,270.79437255859375
2024-11-06,288,296.8299865722656,286.80999755859375,295.1600036621094,5380500,289.65594482421875
2024-11-07,292.32000732421875,293.0400085449219,284.6499938964844,286.82000732421875,3876900,281.4714660644531
2024-11-08,286.67999267578125,290.1000061035156,285.95001220703125,287.6000061035156,1814400,282.23687744140625
2024-11-11,290.489990234375,294.17999267578125,290.42999267578125,292.9700012207031,2299500,287.50677490234375
2024-11-12,292,293.54998779296875,287.5799865722656,288.510009765625,2251400,283.1299743652344
2024-11-13,287.9200134277344,290.6099853515625,287.44000244140625,287.6400146484375,2118100,282.2761535644531
2024-11-14,288.3399963378906,290.55999755859375,287.3599853515625,288.29998779296875,2979400,282.9237976074219
2024-11-15,288,290.54998779296875,285.489990234375,286.8699951171875,2614400,281.5204772949219
2024-11-18,286.94000244140625,287.5199890136719,283.6099853515625,285.5400085449219,2074400,280.2153625488281
2024-11-19,281.8900146484375,286.6199951171875,281.30999755859375,285.54998779296875,2512900,280.2251281738281
2024-11-20,286.1499938964844,288.3299865722656,285.0899963378906,287.7099914550781,2387400,282.34478759765625
2024-11-21,289.82000732421875,294.07000732421875,287.5299987792969,293,2410300,287.5362243652344
2024-11-22,293.3999938964844,301.9200134277344,292.510009765625,301.29998779296875,3788900,295.6814270019531
2024-11-25,303.04998779296875,305.79998779296875,302.5,305.2099914550781,3478400,299.5185241699219
2024-11-26,305.6099853515625,306.9700012207031,302,305.57000732421875,2130500,299.871826171875
2024-11-27,307,307.82000732421875,302.7900085449219,304.25,1697000,298.5764465332031
2024-11-29,307.25,307.7900085449219,304.6700134277344,304.67999267578125,1326600,298.9983825683594
2024-12-02,306.2099914550781,306.8500061035156,299.9100036621094,302.260009765625,2166900,296.6235656738281
2024-12-03,303.8399963378906,304.989990234375,301.1400146484375,302.1099853515625,2128700,296.4762878417969
2024-12-04,302,303.5299987792969,300.7099914550781,302.6000061035156,1561200,296.95721435546875
2024-12-05,302.2799987792969,303.42999267578125,300.32000732421875,300.5299987792969,2793600,294.9257507324219
2024-12-06,301.6400146484375,304.739990234375,300.6199951171875,303.989990234375,1797600,298.32122802734375
2024-12-09,304.07000732421875,305.07000732421875,296.1600036621094,296.7200012207031,2377900,291.18682861328125
2024-12-10,297.42999267578125,304.9800109863281,296.510009765625,302.1099853515625,2967800,296.4762878417969
2024-12-11,303.3699951171875,304.1300048828125,299.5400085449219,302.3399963378906,2071200,296.7020263671875
2024-12-12,303.6300048828125,304.45001220703125,300.260009765625,300.29998779296875,1668100,294.70001220703125
2024-12-13,302.4599914550781,304.32000732421875,301.25,302.1400146484375,1662000,296.5057678222656
2024-12-16,303.70001220703125,304.20001220703125,300.8299865722656,303.57000732421875,1813700,297.9090881347656
2024-12-17,302.3299865722656,303.0299987792969,299.70001220703125,301.3399963378906,3611500,295.720703125
2024-12-18,302.6000061035156,303.5899963378906,286.42999267578125,287.7799987792969,3541200,282.4135437011719
2024-12-19,293.0199890136719,296.8599853515625,291.20001220703125,293.0799865722656,3540200,287.61468505859375
2024-12-20,292.3500061035156,302.7200012207031,292,298.6499938964844,6232400,293.080810546875
2024-12-23,296.4800109863281,299.760009765625,295.19000244140625,298.79998779296875,1902400,293.2280578613281
2024-12-24,299.2900085449219,303.6199951171875,298,303.4599914550781,862900,297.8011169433594
2024-12-26,301.4800109863281,304.8900146484375,301.010009765625,303.989990234375,1228900,298.32122802734375
2024-12-27,300.8500061035156,305.0899963378906,298.7099914550781,301.04998779296875,1676000,295.4360656738281
2024-12-30,297.3500061035156,299.70001220703125,294.1300048828125,297.3299865722656,2392800,291.7854309082031
2024-12-31,298.04998779296875,298.8699951171875,295.6700134277344,296.7900085449219,1231300,291.2555236816406
2025-01-02,300,300.3399963378906,294.6199951171875,298.42999267578125,1930100,292.8649597167969
2025-01-03,300.67999267578125,303.42999267578125,297.5299987792969,303.0799865722656,1979600,298.1274719238281
2025-01-06,304.32000732421875,305.1499938964844,300.1700134277344,301.8800048828125,2714000,296.9471740722656
2025-01-07,304,304.3800048828125,296.8500061035156,302.0199890136719,2058800,297.0848388671875
2025-01-08,301.8999938964844,304.20001220703125,298.8500061035156,302.8500061035156,2061300,297.9012756347656
2025-01-10,300.42999267578125,301.32000732421875,293.1600036621094,293.29998779296875,2685500,288.5073547363281
2025-01-13,292.5199890136719,297.7099914550781,291.1600036621094,297.0199890136719,2202800,292.1665344238281
2025-01-14,299.6000061035156,300.5400085449219,296.7300109863281,300.3599853515625,2370900,295.45196533203125
2025-01-15,305,313.9599914550781,304.2099914550781,312.32000732421875,3099500,307.216552734375
2025-01-16,312.70001220703125,314,310.1300048828125,311.4800109863281,2361000,306.3902587890625
2025-01-17,313.0199890136719,315.3999938964844,310.7699890136719,312.55999755859375,2183500,307.4526062011719
2025-01-21,316.94000244140625,319.70001220703125,315,317.95001220703125,2779100,312.7545471191406
2025-01-22,318.30999755859375,322.82000732421875,317.67999267578125,322.25,2927400,316.9842529296875
2025-01-23,323.54998779296875,326.2699890136719,321.989990234375,325.8699951171875,3935800,320.54510498046875
2025-01-24,324.3999938964844,324.4700012207031,313.7300109863281,321.3399963378906,6260100,316.0891418457031
2025-01-27,318.1300048828125,318.8299865722656,311.8399963378906,316.4200134277344,3099100,311.24957275390625
2025-01-28,316.6400146484375,317.8699951171875,310.7200012207031,317.0400085449219,2431300,311.8594055175781
2025-01-29,316.6300048828125,319.4800109863281,314.1400146484375,315.25,2155400,310.0986633300781
2025-01-30,317,321.8900146484375,316,318.95001220703125,2517400,313.7381591796875
2025-01-31,320.9100036621094,321.6400146484375,315.510009765625,317.45001220703125,2033400,312.2626953125
2025-02-03,312.19000244140625,317,309.19000244140625,316.5299987792969,1997200,311.3577880859375
2025-02-04,315.25,317.3599853515625,313.1099853515625,315.8299865722656,1884100,310.669189453125
2025-02-05,317.94000244140625,320.7099914550781,315.1000061035156,320.5299987792969,2065700,315.2923889160156
2025-02-06,323.1000061035156,323.25,317.2099914550781,320.1499938964844,1730400,314.9185791015625
2025-02-07,320.8299865722656,321.3999938964844,316.2900085449219,316.7699890136719,1607100,311.5937805175781
2025-02-10,318.45001220703125,318.45001220703125,306.010009765625,310.260009765625,3227000,305.1902160644531
2025-02-11,308.5299987792969,310.510009765625,306.3399963378906,309.57000732421875,1856100,304.5115051269531
2025-02-12,306.8500061035156,307.9599914550781,303.9100036621094,306.3999938964844,2238400,301.39324951171875
2025-02-13,307.54998779296875,309.6300048828125,305.8800048828125,307.5,1975200,302.475341796875
2025-02-14,307.42999267578125,311.8500061035156,307.4200134277344,311.0400085449219,1725500,305.9574279785156
2025-02-18,313.3900146484375,313.69000244140625,309.0299987792969,312.8500061035156,2024500,307.7379150390625
2025-02-19,310.3800048828125,312,306.8699951171875,309.9200134277344,2148200,304.85577392578125
2025-02-20,309.7200012207031,309.9599914550781,298.69000244140625,303.8599853515625,2830300,298.8947448730469
2025-02-21,304.94000244140625,304.94000244140625,293.8500061035156,295.3999938964844,3280200,290.5730285644531
2025-02-24,297.1099853515625,298.9800109863281,292.4200134277344,295.5299987792969,2450600,290.700927734375
2025-02-25,296.989990234375,298.4100036621094,289.5299987792969,293.3399963378906,2511700,288.5466613769531
2025-02-26,295.1400146484375,299.3399963378906,293.6700134277344,296.1000061035156,1899400,291.2616271972656
2025-02-27,296,301,293.0400085449219,294.20001220703125,2031800,289.39263916015625
2025-02-28,296.2900085449219,301.07000732421875,294.9700012207031,300.9599914550781,3336300,296.0421447753906
2025-03-03,301.42999267578125,303.4599914550781,293.1099853515625,295.489990234375,2342500,290.66156005859375
2025-03-04,291.57000732421875,291.7699890136719,277.5799865722656,283.4700012207031,5901200,278.8379821777344
2025-03-05,283,286.1199951171875,280.6300048828125,284.17999267578125,2569200,279.536376953125
2025-03-06,279.79998779296875,282.1600036621094,274.5299987792969,275.6400146484375,2944200,271.1358947753906
2025-03-07,273.6600036621094,274.1700134277344,264.7099914550781,273.2099914550781,3817000,268.7456359863281
2025-03-10,267.7099914550781,268.5899963378906,257.45001220703125,261.32000732421875,4284100,257.0499267578125
2025-03-11,257.4599914550781,260.239990234375,253.5399932861328,255.38999938964844,4925600,251.216796875
2025-03-12,260.17999267578125,262.82000732421875,255,260.75,5514900,256.4892272949219
2025-03-13,259.6499938964844,261.510009765625,253.52000427246094,256.42999267578125,4194000,252.23980712890625
2025-03-14,260.1499938964844,266.6600036621094,259,265.6300048828125,4336800,261.28948974609375
2025-03-17,265.19000244140625,266.44000244140625,261.2699890136719,264.3800048828125,2975800,260.0599060058594
2025-03-18,264.6000061035156,265.5,260.4599914550781,262.7200012207031,3251700,258.427001953125
2025-03-19,263.0299987792969,272.010009765625,261.260009765625,270.6499938964844,2894200,266.2274169921875
2025-03-20,269.0299987792969,274.54998779296875,268.2200012207031,270.8299865722656,2129500,266.404541015625
2025-03-21,267.8500061035156,270.55999755859375,265.1600036621094,270.510009765625,4229700,266.0897216796875
2025-03-24,275.2300109863281,278.25,274.2300109863281,277.8599853515625,2651400,273.319580078125
2025-03-25,278.8999938964844,279.7900085449219,276.2099914550781,279.2799987792969,2767600,274.7164611816406
2025-03-26,280,282.1300048828125,274.6000061035156,276,2578600,271.49005126953125
2025-03-27,274.8599853515625,275.5,270.5400085449219,272.0199890136719,2312000,267.5750427246094
2025-03-28,270.6300048828125,272.6400146484375,263.010009765625,265.4800109863281,3261500,261.1419677734375
2025-03-31,262.489990234375,270.3399963378906,259,269.04998779296875,3946000,264.653564453125
2025-04-01,265.739990234375,270.8699951171875,265.1199951171875,270.4800109863281,2881400,266.0602111816406
2025-04-02,266.8900146484375,277.32000732421875,266.57000732421875,275.25,2473700,270.75225830078125
2025-04-03,260.20001220703125,261,247.17999267578125,247.82000732421875,7736200,243.7705078125
2025-04-04,237.9199981689453,238.97000122070312,228.6199951171875,233.67999267578125,9097500,230.6246337890625
2025-04-07,225.2899932861328,241.94000244140625,220.42999267578125,234.27999877929688,6283600,231.21682739257812
2025-04-08,245.8300018310547,247,227.36000061035156,231.38999938964844,4782100,228.3645782470703
2025-04-09,226.9600067138672,264.7699890136719,226.25999450683594,262.3599853515625,8640600,258.9296569824219
2025-04-10,255.02000427246094,255.5,238.52000427246094,246.88999938964844,4799900,243.6619415283203
2025-04-11,246.88999938964844,252.77000427246094,243.13999938964844,251.1300048828125,4413500,247.8465118408203
2025-04-14,256.5199890136719,257.6199951171875,252.16000366210938,255.3800048828125,3067000,252.0409393310547
2025-04-15,256,260.6300048828125,255.3000030517578,257.8599853515625,3509100,254.4884796142578
2025-04-16,255.16000366210938,258.94000244140625,249.6300048828125,252.9199981689453,4244900,249.61309814453125
2025-04-17,252.9499969482422,255.6199951171875,247.10000610351562,251.30999755859375,3907500,248.02413940429688
2025-04-21,248.85000610351562,250.25999450683594,239.27000427246094,242.50999450683594,4302900,239.33920288085938
2025-04-22,247.1199951171875,253.24000549316406,246.3699951171875,252.4199981689453,2324100,249.11962890625
2025-04-23,261.8699951171875,270.1700134277344,259.260009765625,260.1400146484375,3872900,256.73870849609375
2025-04-24,258.07000732421875,268,258,267.32000732421875,2696300,263.8248291015625
2025-04-25,267,268.8599853515625,264,264.80999755859375,1940100,261.34765625
2025-04-28,264.94000244140625,268,262.5299987792969,264.95001220703125,1561500,261.48577880859375
2025-04-29,265.42999267578125,267.4800109863281,261.8299865722656,267.0199890136719,1730800,263.52874755859375
2025-04-30,260.9599914550781,267.4200134277344,257.2099914550781,266.4100036621094,3522700,262.92669677734375
2025-05-01,268,272.6600036621094,266.5199890136719,268.5400085449219,2473800,265.02886962890625
2025-05-02,274.5,278.1000061035156,273.1000061035156,276.8500061035156,3099300,273.230224609375
2025-05-05,275.4599914550781,281.5899963378906,274.0799865722656,278.0299987792969,2416300,274.3948059082031
2025-05-06,274.4800109863281,278.1199951171875,273.6099853515625,275.3699951171875,3064000,271.76953125
2025-05-07,277.3399963378906,278.80999755859375,273.8900146484375,276.239990234375,2329200,272.628173828125
2025-05-08,279.7300109863281,285.5,278.7300109863281,283.6600036621094,3418000,279.951171875
2025-05-09,285,287,282.9700012207031,284.510009765625,2704600,280.7900390625
2025-05-12,297.3399963378906,299.1700134277344,294.7300109863281,298.9200134277344,4089000,295.01165771484375
2025-05-13,300,303.0199890136719,298.82000732421875,302.29998779296875,3531700,298.3474426269531
2025-05-14,303.1499938964844,303.6199951171875,299.45001220703125,300.1000061035156,1954400,296.17620849609375
2025-05-15,298.04998779296875,300.92999267578125,297,299.54998779296875,1955000,295.6333923339844
2025-05-16,300.3599853515625,301.6499938964844,297.8299865722656,299.7200012207031,2962200,295.8011779785156
2025-05-19,297.010009765625,300.8900146484375,295.69000244140625,299.29998779296875,2751300,295.38665771484375
2025-05-20,296.489990234375,298.20001220703125,294.19000244140625,296.1700134277344,2706600,292.297607421875
2025-05-21,293.0400085449219,294.1199951171875,285.1099853515625,286,3447500,282.2605895996094
2025-05-22,285.6300048828125,289.04998779296875,285.07000732421875,287.17999267578125,2051800,283.42510986328125
2025-05-23,281.82000732421875,287.1000061035156,281.4599914550781,285.2200012207031,1724200,281.4908142089844
2025-05-27,290.5299987792969,293.8599853515625,288.1499938964844,293.760009765625,2604300,289.91912841796875
2025-05-28,293.4599914550781,295.3800048828125,292.3800048828125,293.3599853515625,1676900,289.5243225097656
2025-05-29,296.260009765625,296.6099853515625,292.79998779296875,295.3800048828125,2362200,291.5179138183594
2025-05-30,294.9700012207031,295.75,291.6300048828125,294.04998779296875,5251700,290.205322265625
2025-06-02,292.3500061035156,295.75,290.3299865722656,295.3299865722656,1751200,291.46856689453125
2025-06-03,295.20001220703125,298.25,292.6499938964844,297.3900146484375,2202400,293.5016784667969
2025-06-04,297.80999755859375,298.6499938964844,295.79998779296875,295.92999267578125,1842100,292.0607604980469
2025-06-05,296.5,298.5,294.1400146484375,295.9599914550781,1696900,292.09033203125
2025-06-06,300.2900085449219,303.5,299.2300109863281,302.4700012207031,2099000,298.5152282714844
2025-06-09,303.7900085449219,303.7900085449219,299.5799865722656,301.55999755859375,2097800,297.61712646484375
2025-06-10,301.70001220703125,301.7799987792969,298,299.5199890136719,2045300,295.6037902832031
2025-06-11,300.17999267578125,303.3900146484375,298.6499938964844,299.1000061035156,2013500,295.1893005371094
2025-06-12,296.6700134277344,298.5799865722656,294,297.989990234375,1604500,294.09381103515625
2025-06-13,292.54998779296875,293.3299865722656,286.1499938964844,287.7900085449219,3405600,284.0271911621094
2025-06-16,290.92999267578125,296.45001220703125,290.0199890136719,294.2200012207031,2307800,290.37310791015625
2025-06-17,292.0899963378906,294.5899963378906,290.95001220703125,292.80999755859375,2625800,288.9815368652344
2025-06-18,292.0799865722656,299.239990234375,292.0799865722656,296.4200134277344,3691500,292.5443420410156
2025-06-20,297.5799865722656,299.75,296.6400146484375,298.5899963378906,5687000,294.6859436035156
2025-06-23,296.82000732421875,299.8699951171875,291.8800048828125,299.6300048828125,3101700,295.7123718261719
2025-06-24,303.1000061035156,309.2200012207031,302.1499938964844,308.3800048828125,2805900,304.3479309082031
2025-06-25,308.8900146484375,310.7699890136719,307.17999267578125,308.5899963378906,2467200,304.5552062988281
2025-06-26,309.5799865722656,312.2699890136719,308.1700134277344,311.4200134277344,3255200,307.34820556640625
2025-06-27,314.0799865722656,320.1199951171875,313.1000061035156,317.19000244140625,4605500,313.0427551269531
2025-06-30,318.5799865722656,320.1300048828125,317.5899963378906,318.9800109863281,3416600,314.80938720703125
2025-07-01,316.92999267578125,324.3800048828125,316.29998779296875,322.5299987792969,3836200,318.3129577636719
2025-07-02,322.989990234375,326.6199951171875,321.3399963378906,325.6099853515625,3040200,321.3526611328125
2025-07-03,325.3299865722656,329.1400146484375,324.17999267578125,328.1300048828125,1541800,324.6573486328125
2025-07-07,327.5199890136719,328.4100036621094,320.260009765625,322.7300109863281,2160300,319.31451416015625
2025-07-08,324.4700012207031,324.4700012207031,316.95001220703125,316.9800109863281,2643900,313.6253662109375
2025-07-09,318.6600036621094,320.92999267578125,317.30999755859375,317.3500061035156,2424200,313.991455078125
2025-07-10,317.8500061035156,326.1000061035156,317.5,325.239990234375,2844400,321.7978820800781
2025-07-11,322.9800109863281,324.3500061035156,319.20001220703125,319.4700012207031,2091200,316.0889892578125
2025-07-14,319.2900085449219,321.7699890136719,317.67999267578125,320.9200134277344,1890900,317.5236511230469
2025-07-15,318.6099853515625,319.45001220703125,310.42999267578125,310.6499938964844,3006500,307.3623046875
2025-07-16,312.44000244140625,312.489990234375,306.6099853515625,311.8999938964844,2921900,308.59912109375
2025-07-17,310.9200134277344,316.9800109863281,310.5799865722656,315.3500061035156,3223300,312.0126037597656
2025-07-18,311.8599853515625,311.8599853515625,302.510009765625,307.95001220703125,5481100,304.6908874511719
2025-07-21,307.9599914550781,309.1700134277344,302.9700012207031,302.9700012207031,2667200,299.7636413574219
2025-07-22,302.9800109863281,306.1600036621094,301.7300109863281,304.1400146484375,2296100,300.9212646484375
2025-07-23,308,309.5899963378906,305.239990234375,308.6600036621094,2139100,305.39337158203125
2025-07-24,308.29998779296875,310.5,307,308.25,2288100,304.98773193359375
2025-07-25,309.4200134277344,312.6499938964844,307.510009765625,311.6099853515625,2149300,308.3121643066406
2025-07-28,311.6000061035156,313.5,309.2900085449219,310.739990234375,1653800,307.45135498046875
2025-07-29,312.9100036621094,313.6199951171875,307.8500061035156,308.5400085449219,1796400,305.274658203125
2025-07-30,308.54998779296875,308.75,301.3699951171875,303.4100036621094,3132400,300.198974609375
2025-07-31,301.8999938964844,303.9100036621094,298.07000732421875,299.30999755859375,2718200,296.1423645019531
2025-08-01,294.0299987792969,294.9100036621094,288.3399963378906,294.2699890136719,3012900,291.1556701660156
2025-08-04,295.5400085449219,299.1000061035156,295.5299987792969,298.5899963378906,1876000,295.4299621582031
2025-08-05,299.8500061035156,300.3500061035156,295.2300109863281,296.6400146484375,2181000,293.5006103515625
2025-08-06,297.2099914550781,298.04998779296875,294.44000244140625,295.5400085449219,3430500,292.4122314453125
2025-08-07,297.70001220703125,298.2900085449219,290.6300048828125,294.7300109863281,2842500,291.6108093261719
2025-08-08,297,298.1300048828125,294.5400085449219,297.42999267578125,1778100,294.2822265625
2025-08-11,297.1199951171875,297.44000244140625,294.8900146484375,296.2300109863281,2316700,293.094970703125
2025-08-12,298.8999938964844,305.07000732421875,298.4800109863281,303.2099914550781,2170500,300.00103759765625
2025-08-13,304.69000244140625,307.6000061035156,302.42999267578125,306.8699951171875,2586800,303.6223449707031
2025-08-14,305.5400085449219,307.95001220703125,302.510009765625,307.7300109863281,2108300,304.4732360839844
2025-08-15,309.4599914550781,309.80999755859375,304.239990234375,305.4700012207031,2728000,302.2371520996094
2025-08-18,304.2699890136719,307.239990234375,302.7900085449219,307.04998779296875,2115100,303.8004455566406
2025-08-19,306.6600036621094,308.57000732421875,304.57000732421875,306.1000061035156,2215800,302.8604736328125
2025-08-20,305.7300109863281,309.0199890136719,303.8699951171875,308.3999938964844,2481700,305.1361083984375
2025-08-21,306.7900085449219,308.5199890136719,304.0199890136719,308.1700134277344,1848500,304.9085998535156
2025-08-22,310.2200012207031,321.7099914550781,310.1499938964844,319.1600036621094,2785200,315.7822570800781
2025-08-25,319.05999755859375,319.95001220703125,315.4100036621094,315.79998779296875,1599600,312.45782470703125
2025-08-26,315.0199890136719,320.7900085449219,314.1199951171875,320.6000061035156,1848600,317.2070007324219
2025-08-27,319.9200134277344,323.5199890136719,319.510009765625,322.4599914550781,1970100,319.0473327636719
2025-08-28,323.989990234375,327.5400085449219,322,326.989990234375,2194800,323.52935791015625
2025-08-29,327.2799987792969,332.05999755859375,326.80999755859375,331.2799987792969,2981300,327.77398681640625
2025-09-02,326.6600036621094,331.3800048828125,322.7099914550781,331.17999267578125,3225100,327.6750183105469
2025-09-03,330.75,332.07000732421875,321.4100036621094,323.7099914550781,3439000,320.2840881347656
2025-09-04,325,331.0400085449219,322.82000732421875,330.6499938964844,2485100,327.150634765625
2025-09-05,330.69000244140625,332.4599914550781,325.2300109863281,326.2200012207031,2971800,322.7675476074219
2025-09-08,326.510009765625,327.45001220703125,324,325.4100036621094,2264400,321.96612548828125
2025-09-09,322.7900085449219,326.5899963378906,320.79998779296875,324.3399963378906,2056000,320.9074401855469
2025-09-10,322.989990234375,324.6499938964844,321.239990234375,323.3500061035156,1846600,319.92791748046875
2025-09-11,323.5,330.69000244140625,322.4200134277344,329.32000732421875,2825900,325.8347473144531
2025-09-12,329.6000061035156,329.6000061035156,324.04998779296875,325.30999755859375,2000300,321.8671569824219
2025-09-15,326.04998779296875,330.2699890136719,326,327.260009765625,1646300,323.7965393066406
2025-09-16,327.79998779296875,327.989990234375,323.70001220703125,327.0400085449219,1987600,323.5788879394531
2025-09-17,328.8999938964844,337.5,328.3999938964844,336,3586500,332.44403076171875
2025-09-18,338.5,342.4700012207031,335,341.6700134277344,3204000,338.05401611328125
2025-09-19,342.5299987792969,344.3599853515625,339.7200012207031,341.1199951171875,8632000,337.5098571777344
2025-09-22,339.510009765625,345.510009765625,338.3800048828125,340.9800109863281,3328000,337.3713684082031
2025-09-23,341.94000244140625,349.19000244140625,340.010009765625,341.4700012207031,2697600,337.85614013671875
2025-09-24,342.9700012207031,345,338.510009765625,340.4800109863281,2279100,336.8766174316406
2025-09-25,336.9100036621094,340.7699890136719,334,340.17999267578125,2223900,336.5798034667969
2025-09-26,341.45001220703125,343.3299865722656,339.0199890136719,341.67999267578125,1728600,338.06390380859375
2025-09-29,343.760009765625,344.8500061035156,338.5,342.30999755859375,1658100,338.687255859375
2025-09-30,341.6000061035156,342.9599914550781,328.1499938964844,332.1600036621094,3327300,328.6446838378906
2025-10-01,331,335.7699890136719,328.3999938964844,328.55999755859375,2598800,325.0827941894531
2025-10-02,328.45001220703125,331.9800109863281,326.2799987792969,330.4800109863281,1907600,326.98248291015625
2025-10-03,332,332.0400085449219,328.7200012207031,330.239990234375,2404000,326.7449951171875
2025-10-06,332,334,326.25,331.989990234375,2116200,328.4764404296875
2025-10-07,332.6499938964844,334.94000244140625,325.739990234375,327.9700012207031,1708900,324.4989929199219
2025-10-08,328.6700134277344,329.1499938964844,323.5799865722656,323.82000732421875,2184300,320.3929748535156
2025-10-09,326.4800109863281,328.30999755859375,324.04998779296875,324.44000244140625,2094800,321.00634765625
2025-10-10,325.20001220703125,328.1000061035156,315.95001220703125,316.260009765625,2684700,313.7058410644531
2025-10-13,319.1700134277344,324.3599853515625,319.05999755859375,323.1199951171875,1693100,320.51043701171875
2025-10-14,321.6099853515625,336.3299865722656,320.5,332.8500061035156,2810400,330.161865234375
2025-10-15,333.8599853515625,336.9200134277344,330.2799987792969,330.6600036621094,2186000,327.9895324707031
2025-10-16,331.0199890136719,332.5,320,323.1199951171875,3268000,320.51043701171875
2025-10-17,332.3800048828125,348.70001220703125,331,346.6199951171875,7025200,343.82061767578125
2025-10-20,347.3900146484375,350.2200012207031,342.6499938964844,349.4800109863281,3465400,346.65753173828125
2025-10-21,352.0899963378906,356.6700134277344,350.7900085449219,355.2200012207031,2658400,352.3511657714844
2025-10-22,355.2799987792969,357.7300109863281,349.17999267578125,352,2710000,349.15716552734375
2025-10-23,352.7200012207031,356.17999267578125,350.54998779296875,354.92999267578125,1892600,352.0635070800781
2025-10-24,358.3999938964844,362.32000732421875,356.8699951171875,357.55999755859375,2397500,354.6722717285156
2025-10-27,362,362.8399963378906,358.9100036621094,361.6700134277344,2179900,358.74908447265625
2025-10-28,361.2200012207031,362.5299987792969,359.44000244140625,361.0299987792969,1416800,358.1142272949219
2025-10-29,359,362,355.8800048828125,358.2200012207031,1840500,355.3269348144531
2025-10-30,358.5899963378906,365.75,357.9599914550781,358.8800048828125,2045100,355.9815979003906
2025-10-31,357,361.989990234375,356,360.7300109863281,2155600,357.8166809082031
2025-11-03,361,363.5400085449219,358.8500061035156,361.6199951171875,1822900,358.6994934082031
2025-11-04,359.32000732421875,362.5400085449219,356.8500061035156,360.489990234375,1887800,357.57861328125
2025-11-05,359.69000244140625,367.82000732421875,356.4100036621094,365.79998779296875,2195800,362.8457336425781
2025-11-06,366.0400085449219,369.260009765625,362.4100036621094,365.7300109863281,2354600,362.77630615234375
2025-11-07,364.1400146484375,370,361,368.5400085449219,2752200,365.5636291503906
2025-11-10,369.4800109863281,371.79998779296875,362.760009765625,367.8800048828125,2876800,364.908935546875
2025-11-11,367.8900146484375,373.0799865722656,366.260009765625,370.1600036621094,2132900,367.1705017089844
2025-11-12,371.1099853515625,377.2300109863281,370.510009765625,372.7699890136719,2961500,369.7593994140625
2025-11-13,371.0899963378906,373.8900146484375,363.3399963378906,364.7300109863281,2273500,361.78436279296875
2025-11-14,361.79998779296875,362.20001220703125,355.3999938964844,357.17999267578125,2943500,354.29534912109375
2025-11-17,356.2200012207031,358.2300109863281,339.3999938964844,341.25,3599000,338.4940185546875
2025-11-18,336.8500061035156,343.7300109863281,334.1000061035156,340.6600036621094,4216800,337.90875244140625
2025-11-19,341.7099914550781,345.32000732421875,340.739990234375,344.6400146484375,2005000,341.8565979003906
2025-11-20,349.9700012207031,353.1300048828125,340.32000732421875,343.79998779296875,3095700,341.0234069824219
2025-11-21,345.6000061035156,356.30999755859375,344.29998779296875,352.8900146484375,3044100,350.0400085449219
2025-11-24,353.6199951171875,356.3900146484375,350.17999267578125,355.92999267578125,3330900,353.055419921875
2025-11-25,357.04998779296875,363.7900085449219,355.30999755859375,362.6400146484375,2059400,359.7112731933594
2025-11-26,362.7099914550781,366.7300109863281,362.7099914550781,363.9700012207031,1679900,361.030517578125
2025-11-28,365.69000244140625,367.5299987792969,364.010009765625,365.2699890136719,872300,362.32000732421875
2025-12-01,363.8599853515625,366.5299987792969,360.1400146484375,360.30999755859375,2229100,357.4000549316406
2025-12-02,362.0799865722656,363.6600036621094,357.3500061035156,360.70001220703125,2135400,357.78692626953125
2025-12-03,361.0199890136719,370.20001220703125,360.79998779296875,368.1300048828125,2651800,365.15692138671875
2025-12-04,368.989990234375,373.05999755859375,368.1300048828125,371.1499938964844,2027200,368.1524963378906
2025-12-05,369.45001220703125,374.8800048828125,369.05999755859375,370.3500061035156,1978700,367.3589782714844
2025-12-08,369.9100036621094,370,360.70001220703125,362.2799987792969,2581400,359.3541564941406
2025-12-09,363.0299987792969,368.07000732421875,362.5,363.9100036621094,2197600,360.9709777832031
2025-12-10,363,377.9800109863281,363,375.57000732421875,2804400,372.5368347167969
2025-12-11,376.5,385.9200134277344,375.6000061035156,384.8900146484375,2975800,381.78155517578125
2025-12-12,386.489990234375,387.489990234375,378.6000061035156,382.55999755859375,2477800,379.4703674316406
2025-12-15,384.3999938964844,385.75,379.8699951171875,382.57000732421875,2734700,379.4803161621094
2025-12-16,384,384.7799987792969,378.82000732421875,380.75,2584400,377.67498779296875
2025-12-17,381.54998779296875,384.3399963378906,374.54998779296875,375.6099853515625,2973900,372.57647705078125
2025-12-18,380,380.5400085449219,373.8500061035156,375.5199890136719,2884400,372.4872131347656
2025-12-19,375.5400085449219,377.54998779296875,372.7699890136719,376.510009765625,7934300,373.4692687988281
2025-12-22,378.3299865722656,382.4200134277344,377.0799865722656,380.8500061035156,2747400,377.7742004394531
2025-12-23,380.75,384.54998779296875,380.1000061035156,382.19000244140625,1768200,379.1033630371094
2025-12-24,382.19000244140625,384.7300109863281,380.739990234375,383.1099853515625,817100,380.0158996582031
2025-12-26,382.3299865722656,382.6700134277344,380.2699890136719,381.04998779296875,1114900,377.9725341796875
2025-12-29,381,381.3900146484375,374.9700012207031,375.32000732421875,1736800,372.2888488769531
2025-12-30,375.0299987792969,375.42999267578125,372.95001220703125,373.3900146484375,1319500,370.3744201660156
2025-12-31,373.2699890136719,374.3699951171875,369.8699951171875,369.95001220703125,1469300,366.96221923828125
2026-01-02,369.5,372.8699951171875,367.25,372.7300109863281,2076100,370.54107666015625
2026-01-05,372.29998779296875,383.70001220703125,372.25,379.79998779296875,2362000,377.5695495605469
2026-01-06,380.3699951171875,386.260009765625,376.2099914550781,383.55999755859375,2544100,381.3074645996094
2026-01-07,383.8999938964844,384.989990234375,376.5199890136719,378.2200012207031,2178600,375.9988098144531
2026-01-08,378.1700134277344,385.1300048828125,376.510009765625,382.9800109863281,2707700,380.7308654785156
2026-01-09,383,384.8900146484375,373.8299865722656,375.6099853515625,2767700,373.4041442871094
2026-01-12,360.5,362.0400085449219,355.510009765625,359.5899963378906,7015900,357.4782409667969
2026-01-13,359.6000061035156,360.2900085449219,355.95001220703125,358,3775000,355.8975830078125
2026-01-14,356.44000244140625,358.3900146484375,350.7200012207031,358.260009765625,3583400,356.15606689453125
2026-01-15,358.3699951171875,361.1000061035156,355.7300109863281,357.3699951171875,2868300,355.2712707519531
2026-01-16,361.1499938964844,369.3999938964844,359.8999938964844,364.7900085449219,3555100,362.647705078125
2026-01-20,356,361.1600036621094,351.3500061035156,352.19000244140625,3049600,350.1217041015625
2026-01-21,352.29998779296875,362.6300048828125,352.2699890136719,359.6099853515625,2780300,357.49810791015625
2026-01-22,362.7300109863281,370.1000061035156,362.7300109863281,368.0199890136719,2628500,365.85870361328125
2026-01-23,362.7300109863281,363.75,358.25,361.69000244140625,2801800,359.56591796875
2026-01-26,362.19000244140625,364.8699951171875,360.6600036621094,363.25,2131200,361.1167297363281
2026-01-27,363.260009765625,363.4200134277344,355.7699890136719,359.45001220703125,1916000,357.3390808105469
2026-01-28,359.239990234375,361.57000732421875,356.54998779296875,356.989990234375,2386500,354.89349365234375
2026-01-29,360.2699890136719,362.2900085449219,355.6499938964844,358.5,4217500,356.3946228027344
2026-01-30,355,356.010009765625,344.5,352.1700134277344,5381200,350.101806640625
2026-02-02,350.3500061035156,355.29998779296875,347.010009765625,352.8299865722656,2603200,350.7579040527344
2026-02-03,353.92999267578125,358.3699951171875,346.8999938964844,349.6300048828125,2854600,347.5767517089844
2026-02-04,349.6300048828125,357.3299865722656,347.5400085449219,353.6700134277344,3241900,351.593017578125
2026-02-05,350.54998779296875,357.32000732421875,348.3500061035156,354.6199951171875,4074900,352.53741455078125
2026-02-06,358.20001220703125,361.3900146484375,354.69000244140625,359.1499938964844,3301700,357.0408020019531
2026-02-09,359,361.739990234375,355.67999267578125,359.6600036621094,2219700,357.5478210449219
2026-02-10,359.6199951171875,369.5,359.3299865722656,363.20001220703125,3506900,361.0670471191406
2026-02-11,367.55999755859375,369.5,353.95001220703125,354.010009765625,3437100,351.9310302734375
2026-02-12,356.5,359.05999755859375,340.3800048828125,342.8800048828125,4141900,340.8663635253906
2026-02-13,342.6000061035156,344.8699951171875,336.2099914550781,337.5,3814400,335.5179748535156
2026-02-17,338.7300109863281,346.6300048828125,338,344.5299987792969,3186000,342.5066833496094
2026-02-18,346.0899963378906,348.04998779296875,345,346.239990234375,1900600,344.2066345214844
2026-02-19,343.75,344.6199951171875,338.2900085449219,342.6499938964844,2786500,340.6377258300781
2026-02-20,341.54998779296875,346.2799987792969,338.5,346.17999267578125,2738900,344.14697265625
2026-02-23,343.3500061035156,345.8299865722656,317.1499938964844,321.239990234375,7092600,319.35345458984375
2026-02-24,320.489990234375,323.5899963378906,316.07000732421875,320.4800109863281,7925900,318.5979309082031
2026-02-25,323.4599914550781,329.1300048828125,322.32000732421875,327.0899963378906,3843800,325.1690979003906
2026-02-26,329.8399963378906,336.6199951171875,329.75,335.32000732421875,3215500,333.35076904296875
2026-02-27,320.8999938964844,321.510009765625,307.6499938964844,308.8999938964844,9817300,307.0859069824219
2026-03-02,303.20001220703125,310.4200134277344,301.2799987792969,307.42999267578125,6280000,305.6245422363281
2026-03-03,300.1099853515625,309.4100036621094,299.75,307.82000732421875,5673100,306.0122985839844
2026-03-04,309.1099853515625,312.4599914550781,307,311.2099914550781,4055200,309.38232421875
2026-03-05,306.8599853515625,309.5,304.79998779296875,307.2099914550781,4601800,305.40582275390625
2026-03-06,300.67999267578125,303,294.510009765625,301,5500100,299.2323303222656
2026-03-09,294.5299987792969,306.29998779296875,292.42999267578125,305.3800048828125,4695000,303.58660888671875
2026-03-10,305.95001220703125,308.25,301.0199890136719,303.1499938964844,3488800,301.3696594238281
2026-03-11,302.4700012207031,306.8500061035156,300.8500061035156,305.989990234375,3512200,304.1929931640625
2026-03-12,300.5400085449219,304.8399963378906,298.7300109863281,301.8900146484375,3602400,300.1170959472656
2026-03-13,304.32000732421875,305.7099914550781,299.8399963378906,299.9599914550781,2645800,298.19842529296875
2026-03-16,301.010009765625,304.0299987792969,295.8299865722656,298.20001220703125,3604200,296.4487609863281
2026-03-17,303.8599853515625,306.2900085449219,299.8399963378906,300.2699890136719,3616000,298.506591796875
2026-03-18,299.1499938964844,301.07000732421875,293.3599853515625,294.3900146484375,3303100,292.6611633300781
2026-03-19,292.2799987792969,297.6199951171875,291.2799987792969,294.92999267578125,3027200,293.1979675292969
2026-03-20,294.9700012207031,296.5,290.9700012207031,295.5,7116500,293.7646179199219
2026-03-23,304.9800109863281,304.9800109863281,297.9599914550781,301.9100036621094,4319800,300.136962890625
2026-03-24,298.80999755859375,303.8399963378906,297.95001220703125,302,3639100,300.2264404296875
2026-03-25,305,306.3800048828125,296.9100036621094,300.239990234375,2823800,298.4767761230469
2026-03-26,298.57000732421875,302.70001220703125,295.8500061035156,299.3900146484375,2887500,297.6318054199219
2026-03-27,297.2900085449219,297.95001220703125,291.5,292.2699890136719,2751000,290.5535888671875
2026-03-30,294.67999267578125,301.4599914550781,293.70001220703125,297.489990234375,3851100,295.742919921875
2026-03-31,302.9800109863281,304.4700012207031,297.5799865722656,302.4800109863281,3516600,300.70361328125
2026-04-01,306.7699890136719,307.25,299.6300048828125,301.45001220703125,3403300,299.6796875
2026-04-02,295.3999938964844,302.75,292.5799865722656,300.17999267578125,2105500,299.36053466796875
2026-04-06,298.760009765625,305.7900085449219,298.4100036621094,305.7300109863281,2185200,304.8953857421875
2026-04-07,302.5299987792969,307.1199951171875,301.7099914550781,307.0299987792969,2265500,306.19183349609375
2026-04-08,317.25,322.5,314.94000244140625,316.3399963378906,3654200,315.4764099121094
2026-04-09,314.30999755859375,318.1499938964844,312.17999267578125,317.7699890136719,1996200,316.9024963378906
2026-04-10,317.3699951171875,318,313.1300048828125,313.5,1991300,312.6441650390625
2026-04-13,311.17999267578125,324.2200012207031,310,323.82000732421875,2581800,322.9360046386719
2026-04-14,325,328.9100036621094,323.75,326.9599914550781,2288700,326.0674133300781
2026-04-15,328.8800048828125,332.3999938964844,327.239990234375,329.05999755859375,2542300,328.1617126464844
2026-04-16,328.7699890136719,331.1700134277344,325.2300109863281,325.760009765625,2018700,324.8707275390625
2026-04-17,330,339.9800109863281,329.5299987792969,331.69000244140625,4775500,330.7845153808594
2026-04-20,331.67999267578125,334.739990234375,329.5299987792969,329.8699951171875,2280600,328.969482421875
2026-04-21,331.79998779296875,338.0899963378906,328.45001220703125,329.7900085449219,2916800,328.88970947265625
2026-04-22,331.1099853515625,334.5,328,332.8999938964844,4339800,331.9912109375
2026-04-23,332.20001220703125,332.20001220703125,314.75,318.54998779296875,4580600,317.6803894042969
2026-04-24,316.510009765625,318.82000732421875,312.5,314.0799865722656,2968100,313.22259521484375
2026-04-27,313.0199890136719,318.9599914550781,313.0199890136719,318.8399963378906,2553000,317.9696044921875
2026-04-28,321.70001220703125,323.70001220703125,314.9599914550781,315.8999938964844,6101400,315.0376281738281
2026-04-29,316.8800048828125,317.54998779296875,314.010009765625,315.6499938964844,3136000,314.7882995605469
2026-04-30,313.3699951171875,323.8500061035156,312.2300109863281,323.04998779296875,4587900,322.1680908203125
2026-05-01,324.4700012207031,325,319.4599914550781,319.67999267578125,2385600,318.80731201171875
2026-05-04,320.7699890136719,322.8999938964844,317.4599914550781,319.2099914550781,2692000,318.3385925292969
2026-05-05,320.2799987792969,320.6000061035156,314.5,315.95001220703125,2658400,315.0874938964844
2026-05-06,320,324.7799987792969,320,321.8999938964844,2933600,321.021240234375
2026-05-07,322.3299865722656,324.5400085449219,316.79998779296875,318.69000244140625,3350500,317.82000732421875
2026-05-08,319.0899963378906,320.04998779296875,313.6099853515625,316.0299987792969,6802200,315.1672668457031
2026-05-11,315.2900085449219,316.3999938964844,311.80999755859375,312.32000732421875,3081600,311.4674072265625
2026-05-12,312.3299865722656,314.95001220703125,311.0799865722656,314.30999755859375,2275500,313.45196533203125
2026-05-13,311.1199951171875,312.1000061035156,307.760009765625,309.6099853515625,2967000,308.7647705078125
2026-05-14,313.0199890136719,314.67999267578125,311.0299987792969,312.7699890136719,3240500,311.9161682128906
2026-05-15,312.2900085449219,315.489990234375,312,313.4800109863281,2649600,312.6242370605469
2026-05-18,314.2900085449219,315.6600036621094,310.3999938964844,312.239990234375,2274200,311.3876037597656
2026-05-19,310.739990234375,312.989990234375,307.6300048828125,309.30999755859375,2918400,308.4656066894531
2026-05-20,310,310.8699951171875,303.0400085449219,309.82000732421875,4577100,308.9742431640625
2026-05-21,308.54998779296875,310.75,305.6099853515625,309.70001220703125,1992700,308.85455322265625
2026-05-22,313.2799987792969,314.42999267578125,310.6499938964844,311.7799987792969,2209200,310.9288635253906
2026-05-26,314.0400085449219,314.57000732421875,309.6000061035156,310.7200012207031,2410400,309.87176513671875
2026-05-27,313.82000732421875,317.489990234375,311.67999267578125,312.5400085449219,3015600,311.6867980957031
2026-05-28,311,315.5,306.2300109863281,315.1199951171875,3599800,314.259765625
2026-05-29,315.57000732421875,319.239990234375,312.5899963378906,316.4700012207031,4530400,315.6060791015625
2026-06-01,313.1600036621094,314.79998779296875,310.6000061035156,313.5400085449219,2621800,312.68408203125
2026-06-02,313.3299865722656,313.70001220703125,310.3399963378906,310.9700012207031,2116700,310.12109375
2026-06-03,308.67999267578125,310.3599853515625,300.0299987792969,300.57000732421875,3939200,299.7494812011719
2026-06-04,305.7699890136719,314.9599914550781,305.44000244140625,312.5299987792969,2992200,311.67681884765625
2026-06-05,313.9200134277344,314.5,308.30999755859375,310.6600036621094,2445700,309.8119201660156
2026-06-08,310,313.9599914550781,309.75,312.29998779296875,2500500,311.44744873046875
2026-06-09,315,322.5400085449219,314.6400146484375,318.3800048828125,2634300,317.5108642578125
2026-06-10,318.8800048828125,320.30999755859375,313.2799987792969,313.3399963378906,2525400,312.484619140625
2026-06-11,314.9700012207031,319.5299987792969,309.6400146484375,318.489990234375,2589900,317.62054443359375
2026-06-12,321.79998779296875,325.6199951171875,319.0799865722656,325.44000244140625,2223000,324.55157470703125
2026-06-15,329.70001220703125,340,329.70001220703125,335.3800048828125,3353000,334.4644470214844
2026-06-16,336.8299865722656,342.19000244140625,335.45001220703125,340.739990234375,3657300,339.809814453125
2026-06-17,341.3900146484375,346.95001220703125,339.3299865722656,340.5400085449219,3982100,339.6103820800781
2026-06-18,346.3500061035156,348.20001220703125,337.9700012207031,338,4490800,337.0773010253906
2026-06-22,337.9800109863281,340.25,335.8800048828125,338.07000732421875,3006200,337.1471252441406
2026-06-23,335.17999267578125,338.5299987792969,333.94000244140625,337.7799987792969,3549800,336.85791015625
2026-06-24,336.8399963378906,344.5199890136719,336.2099914550781,342.55999755859375,2639300,341.6248474121094
2026-06-25,345,352.5199890136719,340.9200134277344,342.4599914550781,3523100,341.5251159667969
2026-06-26,341.989990234375,344.010009765625,338.32000732421875,340.3599853515625,5899700,339.43084716796875
2026-06-29,341.7799987792969,344.04998779296875,339.2900085449219,340.8800048828125,2604900,339.9494323730469
2026-06-30,342,344.1400146484375,336.57000732421875,338.25,3527300,337.32659912109375
2026-07-01,341.5299987792969,350.5,337.7300109863281,348,2918000,347.04998779296875
2026-07-02,349.4700012207031,352.0899963378906,346.0199890136719,351.9599914550781,2440600,351.9599914550781
2026-07-06,352.2099914550781,358.1700134277344,350.5899963378906,356.0299987792969,3525200,356.0299987792969
2026-07-07,358.5400085449219,359.5899963378906,349.239990234375,349.5799865722656,2909000,349.5799865722656
2026-07-08,345.45001220703125,346.80999755859375,333.55999755859375,336.3900146484375,3568800,336.3900146484375
2026-07-09,337.010009765625,348.510009765625,335.2900085449219,346.7200012207031,3474000,346.7200012207031
2026-07-10,351.2200012207031,352.989990234375,345.92999267578125,350.5799865722656,2792700,350.5799865722656
2026-07-13,356.6000061035156,357.5899963378906,352.70001220703125,354.42999267578125,2624600,354.42999267578125
2026-07-14,353.0899963378906,361,352.4700012207031,355.05999755859375,3530900,355.05999755859375
2026-07-15,356.1400146484375,362.7200012207031,356.1400146484375,358.44000244140625,2525600,358.44000244140625
2026-07-16,359.3500061035156,363.1400146484375,358.1600036621094,361.57000732421875,2441600,361.57000732421875
2026-07-17,356.5799865722656,358.79998779296875,351.82000732421875,355.3500061035156,2647200,355.3500061035156
2026-07-20,355.79998779296875,357.3999938964844,350.9599914550781,351.92999267578125,2311200,351.92999267578125
2026-07-21,353.57000732421875,354.8699951171875,348.239990234375,350.7900085449219,2456600,350.7900085449219
2026-07-22,348.82000732421875,349.70001220703125,345.0400085449219,348.739990234375,2465900,348.739990234375
2026-07-23,343.3900146484375,344.9100036621094,338.20001220703125,340.8399963378906,4310600,340.8399963378906
2026-07-24,326.1199951171875,329.04998779296875,318.20001220703125,326.1700134277344,6365100,326.1700134277344
2026-07-27,331.5,336.6099853515625,329.7900085449219,335.3900146484375,3774200,335.3900146484375
2026-07-28,335.5,336.82000732421875,331.42999267578125,336.6300048828125,3535700,336.6300048828125
2026-07-29,333.6199951171875,336.3900146484375,330,331.5,3437900,331.5
2026-07-30,331.9700012207031,337.79998779296875,329.07000732421875,337.5199890136719,2859500,337.5199890136719
2026-07-31,338.2799987792969,340.29998779296875,336,336.25,2353700,336.25
2026-08-03,340.8999938964844,345.1600036621094,340,344.7200012207031,2864600,344.7200012207031
2026-08-04,345,348.5,344.1199951171875,346.7099914550781,2764800,346.7099914550781
2026-08-05,350,352.489990234375,346.6199951171875,348.989990234375,1983600,348.989990234375
2026-08-06,349.79998779296875,350,342.07000732421875,342.6000061035156,2773700,342.6000061035156
2026-08-07,341.70001220703125,343.32000732421875,338,340.9100036621094,1793600,340.9100036621094
2026-08-10,339.5,342,336.57000732421875,338.8599853515625,2203900,338.8599853515625
2026-08-11,338.489990234375,343.5899963378906,338.1199951171875,340.80999755859375,2091600,340.80999755859375
2026-08-12,339.32000732421875,344.57000732421875,338.57000732421875,344.0799865722656,2113100,344.0799865722656
2026-08-13,345.3900146484375,347.1099853515625,340,343.6499938964844,1704200,343.6499938964844
2026-08-14,345.989990234375,345.989990234375,341.69000244140625,342.4800109863281,1529500,342.4800109863281
2026-08-17,340.6600036621094,343,336.07000732421875,336.2099914550781,2533200,336.2099914550781
2026-08-18,336.6700134277344,339.4100036621094,335.2200012207031,338.5199890136719,2875400,338.5199890136719
2026-08-19,340.0799865722656,345.20001220703125,338.4100036621094,339.8999938964844,2539400,339.8999938964844
2026-08-20,337.29998779296875,338,331.1499938964844,331.1499938964844,3883600,331.1499938964844
2026-08-21,334.25,337.1600036621094,333.4200134277344,336,2616300,336
2026-08-24,337.2200012207031,344,337.1199951171875,337.3299865722656,2403400,337.3299865722656
2026-08-25,338.1600036621094,338.739990234375,333.92999267578125,335.95001220703125,2016800,335.95001220703125
2026-08-26,336.260009765625,337.5,334.20001220703125,336.1499938964844,1650100,336.1499938964844
