time,open,high,low,close,EMA,EMA,Histogram,MACD,Signal line
2018-10-23,203.1,205.25,201.88,204,211.21962639636484,208.95458861476243,-1.2093728099611212,-2.075062133932448,-0.865689323971327
2018-10-24,202.77,203.69,199.57,199.81,210.13299531099676,207.29193613935107,-1.4689407610588523,-2.7018652752948924,-1.23292451423604
2018-10-25,200.73,203.43,200.14,201.98,209.3565195670923,206.32612956855996,-1.4049039541997608,-2.989054456985741,-1.5841505027859804
2018-10-26,199.01,200.69,197.29,198.49,208.32161294165493,204.9013787379127,-1.4994007864641792,-3.4584014858662044,-1.9590006994020253
2018-10-29,201.23,203.612,197.93,200.04,207.53288789959257,204.01749169465583,-1.3632512889973674,-3.6630648106487342,-2.299813521651367
2018-10-30,199.65,203.76,198.7,203.35,207.1345176234409,203.89612956835478,-0.9742481082864565,-3.5176236570094375,-2.543375548722981
2018-10-31,205.21,208.07,204.5,205.28,206.9578968973989,204.14774237410845,-0.5330011945975999,-3.2096270419699806,-2.6766258473723807
2018-11-01,205.6,206.28,204.32,205.86,206.85333528812282,204.45906194245237,-0.16707884216529933,-2.885474400079005,-2.7183955579137056
2018-11-02,207.5,208.705,203.39,206.57,206.82635097496828,204.84286886200647,0.14112638295227686,-2.5419875792233597,-2.6831139621756366
2018-11-05,213.51,217.51,212.96,216.24,207.72288897735226,206.91507452345985,0.9684836158824943,-1.4725094423225187,-2.440993058205013
2018-11-06,216.75,218.74,216.4644,218.51,208.7502328842711,209.0232427919217,1.6034057540553506,-0.4367358656358249,-2.0401416196911755
2018-11-07,219.99,221.55,217.561,221.24,209.93973451434053,211.24447137520866,2.1101312745864496,0.5975224735418863,-1.512608801044563
2018-11-08,221.24,223.52,220.55,222.42,211.12833122726047,213.27638567062527,2.4062154547226093,1.4951605173586984,-0.9110549373639107
2018-11-09,221.67,221.99,218.3,219.63,211.93801396752139,214.43158827596613,2.295912124416699,1.9588352181569633,-0.33707690625973585
2018-11-12,219.96,220.185,215,215.42,212.2696316849003,214.61129949851775,1.8408213276744365,1.96394975333331,0.12312842565887333
2018-11-13,215.61,219.15,215.18,217.92,212.80776200062408,215.21288140787817,1.617501958231085,2.1450058734477295,0.5275039152166445
2018-11-14,219.5,220.72,213.8,216.03,213.11464181008844,215.36144842462758,1.2673130413146256,2.1116452168599267,0.844332175545301
2018-11-15,214.83,217.57,212.14,217.38,213.52086639960382,215.72845780196803,1.0598429995950736,2.169135925039143,1.1092929254440693
2018-11-16,217,220.5,215.46,218.41,213.9864981710701,216.21601092888292,0.929865057337881,2.2716242471164207,1.3417591897785397
2018-11-19,218.28,218.73,215.26,217.94,214.36302215477772,216.52946348726783,0.7574254739792221,2.288541032252567,1.5311155582733451
2018-11-20,215.31,215.99,210.42,210.71,214.01511528289413,215.4713792168555,0.13427759122539307,1.6989625473050864,1.5646849560796934
2018-11-21,211.3,213.74,210.53,210.86,213.71462811309468,214.6329466319727,-0.26803076701918793,1.2296464973057084,1.4976772643248963
2018-11-23,209.25,209.99,207.03,207.07,213.08180638803805,213.25786542615947,-0.7616622198581842,0.5455994895021661,1.3072617093603502
2018-11-26,209.2999,211,208.64,210.63,212.8483010177487,212.7800717123123,-0.8158604313942104,0.28743617011758715,1.1032966015117975
2018-11-27,209.82,212.84,209.51,212.53,212.81798663510597,212.7346041282555,-0.6958670516936738,0.23346278689470523,0.929329838588379
2018-11-28,213,217.64,212.44,217.5,213.26389266985777,213.60103974129996,-0.2754777588110462,0.5849826400745712,0.8604603988856174
2018-11-29,215.85,219.3799,215.8,217.7,213.68637908225227,214.34630524288178,0.007373984550409496,0.8696778795736293,0.8623038950232198
2018-11-30,217.23,219.0836,216.93,218.24,214.1200572648949,215.05424974417602,0.21087349953536216,1.1258957694424225,0.9150222699070604
2018-12-03,221.98,223.586,218.9523,220.81,214.75719466823824,216.10074979068946,0.48303802842861665,1.5188198054428312,1.0357817770142146
2018-12-04,220.13,220.2799,209.71,210.12,214.315557080787,215.01334073783684,-0.0633500201554793,0.9565942518198653,1.0199442719753447
2018-12-06,207.05,208.12,202.92,207.96,213.71026593023583,213.73091514913924,-0.5496393420584897,0.3328950944022324,0.8825344364607222
2018-12-07,208.14,210.8481,203.5678,204.88,212.86928822259432,212.12165784929573,-1.030227368045569,-0.40524977359623904,0.6249775944493299
2018-12-10,204.1,204.74,198.49,203.26,211.95411791568057,210.51044733124195,-1.386526828009559,-1.1081809405626188,0.2783458874469401
2018-12-11,206.12,206.89,200.51,202.28,211.03277335228242,209.01400236192524,-1.602243336261774,-1.7244582828802777,-0.12221494661850352
2018-12-12,205,205.59,202.28,202.48,210.2182235092079,207.82600193248427,-1.6395802781395294,-2.1716902942929153,-0.5321100161533858
2018-12-13,202,203.555,201.51,202.42,209.47553555595,206.84309249021442,-1.5760107568963546,-2.502123462273829,-0.9261127053774745
2018-12-14,200.96,201.75,199.58,200,208.57310359824046,205.59889385562997,-1.5995450780997793,-2.9255440530021986,-1.3259989749024192
2018-12-17,199.77,202.2,197.1,197.92,207.55852230316995,204.2027313364245,-1.651096999775097,-3.3898702246212906,-1.7387732248461936
2018-12-18,199.645,200.34,194.44,196.52,206.5072344647728,202.80587109343824,-1.6703481782742116,-3.826708447688958,-2.1563602694147463
2018-12-19,196.51,201.31,193.33,195.17,205.42749784908017,201.41753089463128,-1.661346753566057,-4.233043711372318,-2.5716969578062607
2018-12-20,194.01,195.37,191.11,193.58,204.29916472059634,199.99252527742559,-1.6466387080777674,-4.62999534290347,-2.983356634825703
2018-12-21,192.22,197.8,191.57,192.1,203.13733950911097,198.55752068153004,-1.6183519175720855,-5.0062965317908095,-3.387944614218724
2018-12-24,190.7,191.64,187.11,187.76,201.67283098443374,196.59433510307002,-1.7618670401929428,-5.5902784144599025,-3.8284113742669597
2018-12-26,188.65,197.93,186.1003,197.57,201.28208517639243,196.77172872069366,-1.0985053793364754,-5.201543098437554,-4.103037719101079
2018-12-27,195.6,200.12,191.9,200.12,201.1714103976884,197.38050531693116,-0.4249960201645786,-4.634282744306802,-4.209286724142223
2018-12-28,200.72,204.74,200.2,202.08,201.25794274076569,198.23495889567096,0.18288347643398772,-3.980682378599738,-4.163565855033726
2018-12-31,204.23,205.01,201,204.18,201.5362339083118,199.31587546009442,0.7262790434465516,-3.2557170507255364,-3.981996094172088
2019-01-02,201.73,204.4,201.15,202.8,201.65659258371068,199.94935264916816,0.977030832177876,-2.760707553949743,-3.737738386127619
2019-01-03,199.97,200.22,191.04,191.66,200.7045361471668,198.44219762204668,0.40612709726173213,-3.2300795145504537,-3.636206611812186
2019-01-04,194.85,196.69,193.88,195.2,200.1802946093414,197.85270714531092,0.28607097443159635,-3.27861789377269,-3.5646888682042865
2019-01-07,196.39,198.28,195.37,196.91,199.8688379798803,197.68130584616347,0.33745260242615194,-3.1428731151715965,-3.4803257175977484
2019-01-08,198.99,199.08,194.66,196.31,199.52990102941553,197.43197751049738,0.3454066553334867,-3.0485673984308903,-3.393974053764377
2019-01-09,197.3,197.68,194.95,196.37,199.2289580742331,197.23889069040695,0.3670565873947984,-2.9351533195208788,-3.302209906915677
2019-01-10,195.51,197.9,194.96,196.58,198.97667635287758,197.11909238306023,0.4048919593251519,-2.7960949577592373,-3.200986917084389
2019-01-11,195.66,196.65,194.5,196.29,198.72080241450828,196.96834831341292,0.4180569960994118,-2.678415671960124,-3.096472668059536
2019-01-14,194.78,196.44,194.46,195.78,198.44072599407892,196.7522849837015,0.4000762892615306,-2.5963773064826228,-2.9964535957441534
2019-01-15,195.79,197.25,195.201,196.94,198.29779970892855,196.78641498666485,0.469180255870171,-2.4099782759064396,-2.8791585317766106
2019-01-16,197.64,199.57,197.24,198.41,198.30848545093536,197.0816122618167,0.6079587836410267,-2.119210052225327,-2.7271688358663537
2019-01-17,197.7,199.41,196.46,198.78,198.35339159846532,197.3904100323955,0.7115478855366653,-1.837733978945522,-2.5492818644821873
2019-01-18,200.7,204.73,200.24,204.48,198.9368781128972,198.67942639014177,1.126177011717588,-1.141560599835202,-2.26773761155279
2019-01-22,203.52,204.96,199.14,200.72,199.10669924500223,199.05043977375234,1.107742570410381,-0.8830593985398139,-1.9908019689501948
2019-01-23,200.72,201.31,198.5,201.15,199.30129931690678,199.43217799670646,1.0837098807166745,-0.6361646180543516,-1.7198744987710262
2019-01-24,199.75,201.6,199.75,201.02,199.464985096249,199.72087290639618,1.0192202649282585,-0.44584916761070303,-1.4650694325389615
2019-01-25,203.05,204.74,202,202.75,199.777843658511,200.27162328705143,1.049131529418259,-0.1536550207661378,-1.2027865501843968
2019-01-28,201.49,201.75,199.81,200.95,199.88947759579565,200.39496450758753,0.9089759026578446,-0.0665666718620912,-0.9755425745199358
2019-01-29,200.92,202.1499,200.5,202.05,200.0952416342913,200.69588005166253,0.8525723178779921,0.09017282282755446,-0.7623994950504377
2019-01-30,203.31,207.59,203.05,205.96,200.6537900500731,201.65299276954207,1.0290041101390495,0.5238556426233743,-0.5051484675156752
2019-01-31,204.68,208.01,203.64,205.54,201.11914337863757,202.35972135689806,1.0634479670248715,0.8241614912654143,-0.23928647575945733
2019-02-01,206.52,209.3,206.2,209.19,201.8877963901959,203.60159020109842,1.264405011594818,1.3412197887340653,0.07681477713924723
2019-02-04,209.16,209.4,207.05,208.52,202.51943482922485,204.49584652817143,1.2806206534899962,1.6775905940017424,0.3969699405117463
2019-02-05,209.1,209.16,206.53,207.82,203.02425055977486,205.1002380685039,1.1753605890543262,1.866170676829654,0.6908100877753278
2019-02-06,207.24,207.24,205.1,206.01,203.3086076493201,205.2656493287759,0.9259633204066671,1.8482642382836616,0.9223009178769945
2019-02-07,204.53,204.99,200.57,201.73,203.15826406367057,204.6228039962712,0.4395573741526173,1.471747635567766,1.0321902614151488
2019-02-08,200.82,201.2,198.21,200.92,202.94509605760672,203.94956690604005,0.050542637124627365,1.0953685578209331,1.0448259206963058
2019-02-11,201.69,203.33,201.32,203.05,202.95508690926323,203.78600928676005,-0.06952764668017819,0.9579163623460829,1.027444009026261
2019-02-12,204.94,206.67,204.87,206.15,203.25936434647625,204.21582578007641,0.04732712663314409,1.0866029173176912,1.0392757906845471
2019-02-13,206.96,208.08,205.4141,205.8,203.50132964681185,204.50385745642615,0.0862774071707193,1.1471225496479462,1.060845142477227
2019-02-14,204.64,204.64,201.6,202.78,203.43263158521071,204.19042882798502,-0.09623298322698592,0.9405539134434946,1.0367868966704805
2019-02-15,204.86,205.79,204.07,205.29,203.60952381519064,204.39035085926048,-0.054852120165642226,0.9682217464634277,1.02307386662907
2019-02-19,205.1,206.32,204.68,205.69,203.8076644042201,204.6266507030313,-0.009840061728784377,1.0107737894680895,1.0206138511968739
2019-02-20,205.78,206.92,204.935,206.16,204.03169636572295,204.90544148429834,0.03957801709767361,1.0700863725689658,1.0305083554712922
2019-02-21,206.27,206.86,204.35,205.33,204.1553443308922,204.98263394169865,0.0061139575242055155,1.038150802376549,1.0320368448523436
2019-02-22,204.25,204.59,199.92,201.91,203.94150201366438,204.42397322502617,-0.24284646363858065,0.7284787653041178,0.9713252289426985
2019-02-25,201.7,205,201.22,202.31,203.78612086950585,204.0396144568396,-0.369487940725431,0.5094653030359098,0.8789532437613408
2019-02-26,202.4,202.65,201.3,201.9,203.6064903105053,203.65059364650511,-0.46367368781886553,0.2993611339877589,0.7630348218066244
2019-02-27,201.72,202.3,201.25,202.29,203.48111028093336,203.40321298350418,-0.4804685024469767,0.16244919374790356,0.6429176961948803
2019-02-28,202.68,202.94,201.11,201.3,203.27338549227304,203.02081062286706,-0.5348490591449335,-0.02564362773628659,0.5092054314086469
2019-03-01,203.15,203.84,201.84,203.13,203.2597297311042,203.04066323689122,-0.42875207101328794,-0.026734657357962988,0.40201741365532495
2019-03-04,203.09,204.87,200.58,201.81,203.1216602329038,202.81690628472919,-0.4276810745121303,-0.13258392948483788,0.2950971450272924
2019-03-05,201.76,202,200.58,201.47,202.96435925834152,202.57201423296024,-0.42897839605857996,-0.24112585004593257,0.1878525460126474
2019-03-06,201.61,202.3,200.57,200.67,202.74584885278517,202.2261934633311,-0.4600705225542565,-0.38723560718017325,0.07283491537408325
2019-03-07,200.58,200.58,197.99,199.3,202.41767277156754,201.69415828818,-0.5435350295150859,-0.6065838715197742,-0.06304884200468826
2019-03-08,197.91,198.94,197.03,198.7,202.06360869808492,201.14976587214727,-0.6050717551386939,-0.8193885359280557,-0.21431678078936173
2019-03-11,199.62,202.3,199.47,202.09,202.06612215541017,201.32071753175686,-0.393627155834189,-0.706350725582098,-0.312723569747909
2019-03-12,202.66,203.73,202.23,202.5,202.1074438548949,201.53513252598287,-0.21144690814889516,-0.577032204934028,-0.3655852967851328
2019-03-13,203,205.36,202.66,204.06,202.29340158300016,201.99419933944054,0.016713064929199162,-0.34469396562363386,-0.361407030552833
2019-03-14,203.26,204.36,202.68,203.38,202.39688714652397,202.2461630959059,0.11874205689575212,-0.2129794594331429,-0.331721516328895
2019-03-15,204.08,206.16,203.86,204.31,202.57908837066455,202.62140616937756,0.2388418666906637,-0.03316918296556537,-0.2720110496562291
2019-03-18,204.67,206.95,204.67,206.68,202.96965138298222,203.35933232039983,0.4553253514959697,0.2971456397137331,-0.1581797117822366
2019-03-19,207.75,207.75,204.56,205.15,203.17730363222202,203.6849082621453,0.4709451670724415,0.43050174705831523,-0.04044342001412625
2019-03-20,205.43,205.45,202.98,203.27,203.1861318577247,203.6094703963007,0.3364391479748504,0.3801055149544368,0.04366636697958637
2019-03-21,202.92,204.7,201.91,204.43,203.30459549032233,203.7586575969733,0.3081270770388243,0.42882521327811673,0.12069813623929244
2019-03-22,203.28,204.01,200.06,200.55,203.0422530626726,203.17526530661453,0.025516171456483716,0.1525933505598971,0.12707717910341337
2019-03-25,200.83,201.98,198.2,199.44,202.69918134241806,202.49612615995736,-0.22495261417329043,-0.15411358861319968,0.07083902556009075
2019-03-26,200.83,201.32,198.7,200.62,202.50116407171157,202.15501231269238,-0.29549019143697736,-0.29852371373613096,-0.0030335222991535876
2019-03-27,200.72,201.2,198.23,199.21,202.1877198744057,201.61955552856648,-0.41416694415551797,-0.5207422024935511,-0.1065752583380331
2019-03-28,199.4,200.75,198.4,200.66,202.0422227435099,201.44509088700894,-0.3733326791952151,-0.573241107332052,-0.1999084281368369
2019-03-29,201.34,201.7,200.03,200.89,201.93248724412803,201.34416527118913,-0.31166724740462537,-0.5894924873926186,-0.27782523998799324
2019-04-01,202.16,205.3,202,205,202.22463131611585,202.00886249460928,0.008145040669810477,-0.26764393915073015,-0.2757889798205406
2019-04-02,204.91,205.43,203.59,203.88,202.38228547648578,202.34906931377122,0.13920874256005575,-0.10177805162047093,-0.24098679418052668
2019-04-03,205.46,205.7,202.9,203.67,202.5049249549157,202.58923852944918,0.2028547006629975,0.012581581648220208,-0.19027311901477728
2019-04-04,203.26,204.9399,202.79,204.1,202.65683686397136,202.86392243318568,0.2612890547122683,0.13633819937555813,-0.1249508553367102
2019-04-05,204.12,205.53,203.1,205.33,202.91142382930744,203.31230017260646,0.3638522513539017,0.32986445885566695,-0.03398779249823476
2019-04-08,205.14,205.64,203.97,205.25,203.13414536937339,203.66460923213256,0.4042675868873608,0.4713466911109663,0.06707910422360545
2019-04-09,204.84,204.97,203.59,204.92,203.3042267627664,203.89286209901755,0.386735384850661,0.5504983352869317,0.1637629504362707
2019-04-10,205.12,205.23,203.6,204.52,203.42001469012197,204.00688717192344,0.32845317125885,0.5743294145098332,0.24587624325098323
2019-04-11,204.76,207.09,204.27,206.67,203.72953710058655,204.491089504301,0.4096713213449729,0.7579653949321994,0.34829407358722647
2019-04-12,208.08,211.6738,207.58,210.56,204.38005737672117,205.59452777624625,0.6841770184125833,1.2035153466029556,0.5193383281903723
2019-04-15,210.52,210.55,207.76,209.74,204.89052810274774,206.34824999874692,0.7633009886857278,1.4734645640475321,0.7101635753618043
2019-04-16,210.15,211.84,210,211.8,205.5485730453432,207.33947727170204,0.8978708229510174,1.832502104050576,0.9346312810995586
2019-04-17,212.39,212.49,209.68,210.37,206.00775656483432,207.89048140411984,0.8353686015736548,1.978842033066627,1.1434734314929722
2019-04-18,210.96,211.43,209.73,209.99,206.3870178443739,208.27221205791622,0.7177264763521343,2.04063152693314,1.3229050505810058
2019-04-22,209.5,210.37,208.88,209.49,206.68253995443354,208.493628047386,0.5623967587581951,2.0259009990287495,1.4635042402705545
2019-04-23,209.5,211.88,208.89,211.61,207.1518218635351,209.06024112967947,0.5575082920895835,2.1603896053825338,1.6028813132929502
2019-04-24,211.55,212.02,210.2343,210.57,207.47736263843652,209.334742742465,0.44423525663635566,2.158175384088395,1.7139401274520392
2019-04-25,209.62,212.67,209.34,211.95,207.90332810144255,209.81024406201684,0.4223930773495639,2.241931474138994,1.81953839678943
2019-04-26,211.85,214.22,211.81,214.22,208.50491590130517,210.61201786892286,0.5148379920616857,2.463085886866537,1.9482478948048514
2019-04-29,214.92,217.22,214.6,216.58,209.2739715297523,211.69710552911872,0.6786398978148211,2.7965477670733776,2.1179078692585565
2019-04-30,217.32,217.32,214.7,216.71,209.98216471739494,212.60854088746078,0.734720068653214,3.036307955075074,2.30158788642186
2019-05-01,217.22,218.79,216.49,216.71,210.6229109347859,213.3542607261043,0.7103716557890238,3.1895524561581396,2.479180800369116
2019-05-02,217.19,217.7,215.17,215.93,211.12834798861581,213.82257695772168,0.5854916903821437,3.2110454133467954,2.6255537229646517
2019-05-03,217.14,219.16,216.87,218.6,211.83993389446192,214.69119932904502,0.6229833957780686,3.4042829676872373,2.7812995719091687
2019-05-06,214.685,215.51,211.541,213.16,211.96565447594173,214.41279945103685,0.241299982885395,3.082924550515912,2.841624567630517
2019-05-07,211.34,211.6,207.41,209.43,211.7241635734711,213.5068359144847,-0.274527564516017,2.498465111985496,2.772992676501513
2019-05-08,208.26,211.72,207.6,209.29,211.49233847123574,212.74013847548747,-0.6176624072682073,2.0009146674162537,2.618577074684461
2019-05-09,207.34,208.92,204.39,208.56,211.21306814064187,211.9801132981261,-0.8708137569854282,1.5300598784526755,2.4008736354381037
2019-05-10,207.89,209.29,204.305,209.02,211.0042045081998,211.44191088028498,-0.9763668038305928,1.1804151306498625,2.1567819344804553
2019-05-13,204.96,205.91,204.3,205.01,210.43332788837125,210.27247253841497,-1.266914448576454,0.5731388737598877,1.8400533223363418
2019-05-14,205.67,206.815,203.45,203.69,209.79110618471685,209.07565934961224,-1.4836250657324483,-0.014478009829218763,1.4691470559032296
2019-05-15,202.79,204.13,201.39,202.98,209.14242940522,207.96735764968273,-1.600385479247377,-0.5313347931559917,1.0690506860913853
2019-05-16,203.9,206.66,203.9,204.63,208.71267422377048,207.3605653497404,-1.4941209788217846,-0.7986005374358456,0.695520441385939
2019-05-17,203,205.46,202.45,203.27,208.1943242976971,206.61682619524214,-1.4423251079057888,-1.107385943496297,0.33493916440949184
2019-05-20,202.64,203.18,201.75,202.73,207.6739124598212,205.91013052337993,-1.3717665088719522,-1.3797689716804484,-0.008002462808496258
2019-05-21,203.16,203.9874,202.5,203.36,207.26306365412395,205.44647042821995,-1.21535339368199,-1.527194204910984,-0.3118408112289938
2019-05-22,202.72,203.49,201.7,202.6,206.8189623537312,204.92893035036178,-1.0992642814840532,-1.6859211630840605,-0.5866568816000072
2019-05-23,200.8,202.18,199.32,201.3,206.2933468914711,204.2691248321142,-1.0464911490510869,-1.8947708179138658,-0.848279668862779
2019-05-24,202.12,202.12,200.79,201.69,205.8549329018072,203.80019304445707,-0.9259326840421134,-2.0056955239154206,-1.0797628398733072
2019-05-28,202.05,202.41,199.52,199.7,205.2687488159208,203.05470340001034,-0.9189832117459817,-2.2284918545557844,-1.3095086428098026
2019-05-29,198.95,199.49,197.34,198.52,204.62601083345214,202.23021187273574,-0.9298191016084618,-2.4717825198203798,-1.541963418211918
2019-05-30,199.06,200.2113,198.76,199.74,204.16067646836146,201.77744607769287,-0.7959528376821847,-2.536904465314649,-1.7409516276324641
2019-05-31,198.32,198.83,197.075,197.42,203.51870728089847,200.98518315447598,-0.8025079502589207,-2.744086565456115,-1.9415786151971943
2019-06-03,197.62,198.92,196.89,198.56,203.04644944462243,200.54424076275308,-0.6740946366221294,-2.784196910974856,-2.1101022743527267
2019-06-04,200.63,201.65,199.57,201.59,202.90773997370601,200.7343788058889,-0.34566558365384026,-2.542184253920027,-2.1965186702661867
2019-06-05,202.38,203.35,200.91,203.3,202.9450980714483,201.20085538663636,0.007461191665538713,-2.1871921806842636,-2.1946533723498023
2019-06-06,202.9,205.39,202.54,204.77,203.11889825511992,201.8497907708843,0.34222328692233983,-1.7668742636968773,-2.109097550619217
2019-06-07,204.95,206.54,204.8,205.81,203.3751936593942,202.56982881254172,0.619704382760272,-1.3344670721688772,-1.9541714549291491
2019-06-10,207.12,208.08,206.46,207.16,203.73565140611856,203.40440539207958,0.8651078844620628,-0.8727865993515707,-1.7378944838136334
2019-06-11,208.5,208.99,206,206.63,204.0113036531549,203.9908771389742,0.9555923506970772,-0.543404045442287,-1.4989963961393642
2019-06-12,206.2,206.6,203.92,204.57,204.0645128290449,204.09617220461527,0.8444142076387289,-0.4434786365909531,-1.287892844229682
2019-06-13,204.46,205.7599,204.3,204.99,204.15265446437397,204.2586863492307,0.769009205382742,-0.3266313375012544,-1.0956405428839964
2019-06-14,204.87,205.845,203.85,205.16,204.24859213443358,204.42256155846147,0.7022718260718289,-0.21780076029421025,-0.9200725863660392
2019-06-17,205.85,205.85,203.16,203.48,204.17539288353515,204.2511867296503,0.5248023309956065,-0.264069672621531,-0.7888720036171375
2019-06-18,204.47,206.4624,203.98,206.01,204.35011737081751,204.57097096062296,0.5547075691850247,-0.09548754213585653,-0.6501951113208813
2019-06-19,206.36,208.31,206.14,206.75,204.57867762121586,204.96715805869152,0.597525681677608,0.09671199077612869,-0.5008136909014793
2019-06-20,208.51,208.75,206.0414,208.04,204.90832737157626,205.52585659347488,0.6799305706131905,0.34909952236500885,-0.33083104824818166
2019-06-21,208.43,208.72,206.03,206.21,205.0322961933309,205.65024630375217,0.5821670732369365,0.396877793297989,-0.18528927993894753
2019-06-24,206.39,207.59,205.96,206.85,205.2054108415851,205.8683833394336,0.5329051989505316,0.48084221874921695,-0.05206298020131464
2019-06-25,207.41,208.48,206.8001,208.07,205.47822885667222,206.26867727771838,0.5524252375059302,0.6384685666810981,0.08604332917516791
2019-06-26,208.28,210,208.21,208.51,205.76696896556058,206.6761904999514,0.5629963071888833,0.789788713161272,0.22679240597238873
2019-06-27,208.97,212.54,208.81,212.02,206.36249573074528,207.64779222723297,0.7620412290659949,1.1793439423048824,0.41730271323888746
2019-06-28,213,213.33,211.32,213.17,207.0108294706743,208.6518300040997,0.9164371137263475,1.5628491053968219,0.6464119916704744
2019-07-01,214.25,215.21,213.21,214.62,207.73551237822915,209.73695182153614,1.0518107130407783,1.9611753829714473,0.909364669930669
2019-07-02,214.38,215.59,213.4,214.54,208.3835588183978,210.61023330852956,1.0681266896374937,2.244523031977536,1.1763963423400425
2019-07-03,215,215.25,212.66,215.16,209.02893416902657,211.43746361606964,1.051202232276977,2.490399132686264,1.4391969004092868
2019-07-05,215.13,215.77,213.9,215.25,209.62141662911927,212.13065204951153,0.9781112585603968,2.661835973609783,1.6837247150493861
2019-07-08,214,215.8,213.91,215.13,210.1460436168222,212.67598804050942,0.8580167273258841,2.7562456242067412,1.8982288968808572
2019-07-09,213.02,214.92,212.97,214.75,210.58451565331532,213.05308112405316,0.6962086443503681,2.768489702318817,2.072281057968449
2019-07-10,215.21,216.58,213.77,214.03,210.91265701966626,213.2307027378617,0.4934527563271027,2.689097003377327,2.1956442470502244
2019-07-11,214.31,214.5499,212.98,213.17,211.12764206541232,213.2196658764323,0.2656012244977668,2.527645777672433,2.262044553174666
2019-07-12,213.2,214.19,212.51,214.1,211.41072377346828,213.37972662617187,0.14759284243688908,2.4465356062207775,2.2989427637838884
2019-07-15,214.44,214.44,212.82,213.54,211.61351198551893,213.40886723959517,0.009193499991485332,2.310434638773245,2.3012411387817595
2019-07-16,214.29,215.04,212.78,212.88,211.73412989166,213.31270955966878,-0.1411340993872705,2.1248235145476713,2.2659576139349418
2019-07-17,212.52,212.96,207.41,207.45,211.3261175210257,212.24676236700174,-0.5951462612083089,1.5220247874245558,2.1171710486328648
2019-07-18,207.52,209.0942,207.12,207.98,211.0074396618804,211.47098739118323,-0.8339922206100787,1.0746807728702663,1.908672993480345
2019-07-19,208.11,208.25,205.65,205.97,210.52768350360608,210.47080786551356,-1.0856515020582553,0.5516086159075257,1.637260117965781
2019-07-22,205.34,206.16,204.36,204.84,209.98599936040551,209.44702461723838,-1.2735155666115592,0.045365659701332106,1.3188812263128913
2019-07-23,205.51,206.63,204.92,206.46,209.65018989750976,208.90392923228595,-1.2331447053587865,-0.2225496553855919,1.0105950499731946
2019-07-24,205.74,208.01,205.63,207.97,209.49017181203263,208.73412391732487,-1.056046278309501,-0.3094627979136817,0.7465834803958193
2019-07-25,208.37,208.37,206.53,207.9,209.33872687755334,208.5824650232658,-0.9009584198067323,-0.379614544362596,0.5213438754441363
2019-07-26,207.82,210.03,206.75,209.9,209.3921814606435,208.82201683721746,-0.6336402904801657,-0.27070648765607075,0.3629338028240949
2019-07-29,210,210,208.42,208.61,209.31768798820127,208.78346832135975,-0.5185075792902749,-0.2852006712887487,0.23330690800152615
2019-07-30,207.89,208.36,206.86,207.81,209.17409865599163,208.6064740811125,-0.47234474790820036,-0.35712402688372435,0.11522072102447603
2019-07-31,207.8,209.5,205.3,205.43,208.81751783161147,208.02893333909205,-0.5715861725284566,-0.5992619946360946,-0.02767582210763811
2019-08-01,205.63,206.98,201.49,201.71,208.140611371458,206.88003636834804,-0.8409746774036315,-1.0788941688621776,-0.23791949145854602
2019-08-02,201.79,204.43,199.42,202.67,207.61960076465246,206.11457521046657,-0.9023028672487915,-1.3657980755195354,-0.46349520827074386
2019-08-05,199.9,201.1,197.16,197.73,206.67773402516175,204.59010699038174,-1.2044756431521924,-1.9690897622109844,-0.7646141190587921
2019-08-06,199.61,200.93,197.9,200.55,206.0941403084797,203.8555420830396,-1.143794428576006,-2.1943571547787997,-1.0505627262027937
2019-08-07,198.56,199.2957,195.4,198.21,205.3432698029102,202.8290798861233,-1.1855565783867898,-2.532508449186281,-1.3469518707994912
2019-08-08,199.93,200.87,198.12,200.52,204.88391077406163,202.40924717955545,-0.9898847434281,-2.5843078000846162,-1.5944230566565163
2019-08-09,200.19,200.55,197.67,199.05,204.328300224151,201.79847496509083,-0.8946259492648838,-2.712705493237621,-1.8180795439727373
2019-08-12,197.61,199.47,196.91,197.2,203.64941448851758,200.96238860780159,-0.8895094058942554,-2.9299663013405564,-2.040456895446301
2019-08-13,197.46,201,196.5,198.78,203.1856607277064,200.5655906791104,-0.7202385378731009,-2.940755067787677,-2.220516529914576
2019-08-14,195.78,197.25,195.61,195.81,202.48321684887722,199.70093782836304,-0.7456811790205506,-3.1526180036902645,-2.406936824669714
2019-08-15,197.08,199.0411,196.38,198.31,202.08576762517464,199.44804004138794,-0.5410505508710228,-3.0832500132584926,-2.5421994623874697
2019-08-16,200.5,200.88,198.55,199.72,201.86045642277705,199.49748730659013,-0.27126962036230884,-2.881286487840356,-2.610016867478047
2019-08-19,202.72,203.1,200.38,200.94,201.77279390632208,199.75976234175556,0.013696817536613892,-2.5928958455572797,-2.6065926630938936
2019-08-20,200.27,200.285,198.02,198.15,201.42776591524378,199.4670782796182,0.03730277598956633,-2.5599641931069357,-2.597266969096502
2019-08-21,199.01,199.77,198.7101,199.24,201.21940725664913,199.42579131968762,0.14338310101107377,-2.41803809283266,-2.5614211938437337
2019-08-22,199.8,201.8697,199.8,201.01,201.19946370839685,199.7138292615626,0.33866506758209214,-2.1380898593661186,-2.4767549269482108
2019-08-23,200.19,200.92,195.96,197.16,200.81475287902572,199.24949666855122,0.22019273472837453,-2.2015140085377425,-2.421706743266117
2019-08-26,198.7,200.2,197.44,200.2,200.75620498578516,199.42231545608735,0.35047764080140054,-1.9836096922643662,-2.3340873330657668
2019-08-27,200.76,201.3,198.04,198.35,200.52704260618657,199.22734900952602,0.3169818294370881,-1.9378600462694067,-2.2548418757064947
2019-08-28,198.02,200.57,197.53,200.45,200.51970521512118,199.4496491896122,0.4339446494954289,-1.7124110638372088,-2.1463557133326376
2019-08-29,201.71,203.8,201.66,203.2,200.77497138510964,200.13153115513725,0.6795730744093351,-1.2968893703209687,-1.9764624447303039
2019-08-30,204.02,204.3509,202.73,203.41,201.02592649128968,200.72761639965776,0.829324609267077,-0.9398066831464575,-1.7691312924135345
2019-09-03,201.19,201.83,200.19,200.9,201.01393349211924,200.75895887244727,0.7356578998480028,-0.849558917603531,-1.5852168174515338
2019-09-04,202.73,202.94,201.3,202.19,201.1259398262031,201.01914816836594,0.7351619237410167,-0.6662644127752628,-1.4014263365162796
2019-09-05,204.13,206.22,203.77,204.24,201.42251698561233,201.60475759229942,0.8399153999133311,-0.35153208662461566,-1.1914474865379467
2019-09-06,204.44,205.15,203.8617,204.73,201.73751536793498,202.1729834846086,0.9036759507863229,-0.061852548055043144,-0.965528498841366
2019-09-09,205.51,207.8,205.2,206.62,202.20251390432213,202.9815319419525,1.0256855658686168,0.3165784584944049,-0.7091071073742119
2019-09-10,207.31,208.31,206.13,208.31,202.78417924676765,203.95034431614297,1.1627073426484598,0.7442770709363629,-0.41843027171209696
2019-09-11,208.27,210.93,207.525,210.91,203.55806693755167,205.21573625866245,1.3573795724385147,1.2782941938360466,-0.07908537860246823
2019-09-12,211,212.68,210.72,211.37,204.30206056254676,206.334693302542,1.4383174061492672,1.7188113790841157,0.28049397293484857
2019-09-13,212.24,214.58,212.22,213.61,205.18853098516135,207.65747633844347,1.5540430540974857,2.2230477905567056,0.66900473645922
2019-09-16,212.06,212.1,209.94,210.33,205.67819470086027,208.14338973145377,1.3296910176204122,2.3311185084847352,1.001427490864323
2019-09-17,210.35,211.16,208.68,210.15,206.10408091982598,208.50822796209854,1.0987499044581739,2.3748648714370404,1.2761149669788665
2019-09-18,209.89,211.32,209.12,210.9,206.56083511793778,208.94309560535336,0.9326313545093172,2.441904160115513,1.5092728056061957
2019-09-19,210.78,211.44,208.9,209.22,206.81408891622942,208.99344185892548,0.6586479616612952,2.3325827576828146,1.6739347960215194
2019-09-20,210.37,210.37,207.27,208.12,206.93846140039804,208.83463424821176,0.3669326902413279,2.132600658823179,1.7656679685818513
2019-09-23,207.02,208.53,206.4,207.96,207.03575079083632,208.675609839446,0.13854790758521207,1.9388528530633664,1.8003049454781543
2019-09-24,208.17,208.89,205.74,206.4,206.97520309647095,208.26186259591037,-0.12783075198582972,1.6405165054958672,1.768347257481697
2019-09-25,206.5,209.44,206.23,208.11,207.08327899204514,208.23425121483575,-0.1950841152138454,1.5244921134643903,1.7195762286782357
2019-09-26,208.19,208.19,206.35,206.9,207.0658238499456,207.99166008486563,-0.31990701014832457,1.31969246599283,1.6395994761411545
2019-09-27,207.73,208.64,206.54,207.45,207.1024120547127,207.8931764330719,-0.3612217287309569,1.1880723152274584,1.5492940439584153
2019-09-30,207.77,208.7,207.534,208.02,207.1898013828353,207.91623526342246,-0.3459297037172775,1.1168819143118185,1.462811618029096
2019-10-01,208.94,209.66,206.44,206.71,207.14410601304147,207.696919760982,-0.4151480659004414,0.9438765356535441,1.3590246015539855
2019-10-02,206.09,206.09,202.38,203.1,206.75895305941847,206.8611161680762,-0.6795417809793451,0.509597375329804,1.1891391563091491
2019-10-03,202.65,205.09,201.33,204.98,206.58952895852147,206.5190950466078,-0.7004998831090656,0.3135143024228171,1.0140141855318827
2019-10-04,205.09,208.28,205.05,208.08,206.73147858151944,206.80289594722456,-0.4883244700407815,0.40360859798090587,0.8919330680216874
2019-10-07,207.36,209.6,206.19,207.24,206.7799091928033,206.88236941136554,-0.3914766771459097,0.40258722158930027,0.79406389873521
2019-10-08,205.62,206.14,203.93,204.09,206.52372736491728,206.37466588202636,-0.5185174725293619,0.14591705807350763,0.6644345306028695
2019-10-09,204.94,207.23,204.73,206.69,206.53956285397277,206.43199935802156,-0.41109423602722006,0.15056673556884448,0.5616609715960645
2019-10-10,206.37,208.19,206.08,206.86,206.57008067740392,206.5098176565631,-0.31648474638545476,0.1660550386142461,0.48253978499970085
2019-10-11,208.97,210.08,207.73,208.08,206.71388251765117,206.7953053553698,-0.16713637105018436,0.2736193211869704,0.4407556922371548
2019-10-14,208.01,208.07,206.93,207.91,206.82779846835106,206.99797710893893,-0.07963342636093729,0.34121390928598316,0.42084733564692045
2019-10-15,207.73,210.15,207.57,209.38,207.07086528088905,207.43107218004093,0.06936142093993974,0.5075491118218451,0.4381876908819054
2019-10-16,208.37,209.97,208.37,209.29,207.2822114446139,207.7690590563971,0.14937400113958443,0.624905192306386,0.47553119116680154
2019-10-17,209.26,209.98,208.51,208.62,207.40961987846018,207.92377559159763,0.1446007424821063,0.6562821192694344,0.5116813767873281
2019-10-18,208.45,209.62,208.2,208.76,207.53822750908301,208.07581639312534,0.13829831806035153,0.6845542743627675,0.546255956302416
2019-10-21,210,211.54,209.76,211.49,207.91458679393224,208.69657704892074,0.2963403651108829,0.9166814126910197,0.6203410475801368
2019-10-22,211.03,211.97,210.47,210.62,208.17224519451014,209.04629031275334,0.3186865083610799,1.0186991830314867,0.7000126746704067
2019-10-23,210.5,211.01,209.54,210.96,208.43774565217583,209.39423752861637,0.3313026884244643,1.114141035200987,0.7828383467765228
2019-10-24,211.16,211.32,209.72,210.26,208.61129368530194,209.55164888704977,0.270033478843987,1.1203801953315065,0.8503467164875195
2019-10-25,209.87,212.33,209.75,211.8,208.91498000098747,209.96043999849527,0.30800227767250776,1.2353495635781542,0.9273472859056464
2019-10-28,212.31,213.34,212.14,212.86,209.29069619136962,210.4876327260416,0.3748466723112476,1.3959056262947058,1.0210589539834583
2019-10-29,212.38,213.17,211.61,213.01,209.64491560171538,210.9462449576704,0.3973572119045323,1.5177554688641237,1.1203982569595914
2019-10-30,212.99,213.43,211.67,213.25,209.9882569729806,211.3651095108212,0.3957380426430275,1.6150708102633757,1.2193327676203483
2019-10-31,213.01,213.71,211.54,212.58,210.23508964222054,211.58599869067191,0.3201036777468822,1.619462364803951,1.2993586870570688
2019-11-01,213.55,216.63,213.4,215.83,210.76793824772335,212.35763529236795,0.4514785616606076,1.8637068891328283,1.4122283274722207
2019-11-04,217.77,218.62,216.9827,217.98,211.4548012717497,213.37988342102832,0.6344875026251771,2.205337705753692,1.570850203128515
2019-11-05,218.69,221.68,218.43,220.88,212.35243924586877,214.74354098084135,0.8866831616390982,2.6792041551773877,1.7925209935382895
2019-11-06,221.09,222.03,220.11,222,213.27125455578602,216.06289716614293,1.0534068300994477,3.109279531162599,2.0558727010631515
2019-11-07,222.81,223.37,221.67,222.74,214.17303983618734,217.27691586320785,1.1311667410511292,3.469831127377063,2.3386643863259335
2019-11-08,222.75,223,219.89,221.31,214.85275032797904,218.01020388807916,1.0080271009878379,3.598698262560731,2.5906711615728932
2019-11-11,220.2,221.0913,219.87,220.85,215.4239169634096,218.52653045388294,0.8250283340672402,3.6219565791569437,2.7969282450897035
2019-11-12,220.98,222.19,220.54,220.89,215.94449630022774,218.95625218954058,0.6441325492990009,3.602093931713455,2.957961382414454
2019-11-13,219.72,220.27,218.61,219.77,216.30882998592034,219.10420633689685,0.39854113055300733,3.456137795605713,3.0575966650527056
2019-11-14,219.77,219.87,217.91,219.36,216.5994176063089,219.15071427564288,0.16967623524114472,3.2696919591041365,3.1000157238629917
2019-11-15,220.18,220.43,218.74,219.74,216.89852069142233,219.2578571346169,0.013321904718614608,3.11666810476126,3.1033462000426453
2019-11-18,219.95,220.05,218.388,219.35,217.13199491128688,219.27461038286836,-0.1385578206429794,2.930148924238921,3.0687067448819003
2019-11-19,219.93,220,218.7827,219.03,217.31275730068813,219.23013576780139,-0.27488812623653835,2.7250965870862274,2.9999847133227657
2019-11-20,218.01,218.37,216.01,217.48,217.32868517681308,218.91192926456478,-0.4721948977193322,2.4097410911736006,2.881935988892933
2019-11-21,217.3,217.705,216.3,216.63,217.26214373140232,218.49703303464392,-0.651628797356465,2.067399992197352,2.7190287895538168
2019-11-22,216.96,217.99,216.8,217.96,217.32860623317353,218.39939066470868,-0.669846404693748,1.8817207836866316,2.5515671883803797
2019-11-25,218.74,219.39,218.26,219.06,217.49350087763318,218.51950145294347,-0.59921311344206,1.8025507965778047,2.4017639100198647
2019-11-26,219.11,219.2,217.72,218.9,217.62745317500145,218.58868300695374,-0.5556370426425006,1.707217606716739,2.2628546493592396
2019-11-27,219.25,220.59,218.48,220.5,217.90102906309656,218.93619518750762,-0.4177187455411504,1.7407062174328019,2.1584249629739523
2019-11-29,220.5,220.58,219.825,220.3,218.1295024856588,219.18415969886988,-0.3418182030946122,1.7311522091056872,2.0729704122002994
2019-12-02,220.6,221.38,220.1101,220.33,218.33907367750083,219.39249429907537,-0.29331088413125106,1.7063318070362357,1.9996426911674867
2019-12-03,218.82,218.9,216.3952,218.08,218.31439999392933,219.15385897197075,-0.4093516994354611,1.4879530668731604,1.8973047663086215
2019-12-04,217.95,218.8828,217.54,218.4,218.32255237545988,219.0167937043397,-0.45750065484714897,1.3254289477496854,1.7829296025968344
2019-12-05,218.99,219.75,218.05,219.6,218.4442140539875,219.1228312126416,-0.40336997926222895,1.2787171285190482,1.6820871077812771
2019-12-06,221.64,223,221.33,222.61,218.84095557265536,219.75686190125222,-0.17154069862917165,1.4676612344948126,1.6392019331239842
2019-12-09,222.71,223.3,221.19,221.38,219.08276932764056,220.05197791920637,-0.1106821675520897,1.500849223683872,1.6115313912359617
2019-12-10,222.07,222.07,220.21,221.26,219.29012462977002,220.27161829753248,-0.08908522091972304,1.5001748650863078,1.5892600860060309
2019-12-11,221.21,222.65,221.01,222.57,219.60249371264908,220.6895058797993,-0.0017665199259302433,1.587051936098618,1.5888184560245482
2019-12-12,222.88,226.52,222.53,225.92,220.20416097811108,221.6405048107449,0.25235997331050686,1.9042684226626818,1.651908449352175
2019-12-13,225.92,226.5,223.96,225.37,220.6961456468624,222.3185948451549,0.348252560105893,2.087224149484541,1.7389715893786482
2019-12-16,226.77,227.81,226.29,226.85,221.28222701382788,223.14248669149038,0.4686964715105222,2.3248421787668008,1.8561457072562786
2019-12-17,227.27,228.23,226.55,227.05,221.83153872679665,223.85294365667394,0.5154599449293495,2.5004706384179656,1.985010693488616
2019-12-18,227.06,227.2,224.89,225.01,222.1342493242446,224.0633175372787,0.36946412426346065,2.446840848817942,2.0773767245544814
2019-12-19,224.66,225.66,224.16,225.21,222.42717796003083,224.27180525777348,0.252413338076805,2.3928933971504875,2.1404800590736826
2019-12-20,226.24,227.8,225.56,226.31,222.79697053526598,224.64238611999647,0.21650133075285005,2.411106722514745,2.194605391761895
2019-12-23,226.61,226.67,224.93,225.48,223.05249715095493,224.79467955272438,0.10966656337176506,2.331688595976601,2.222022032604836
2019-12-24,225.24,225.65,224.88,225.47,223.28273551753065,224.91746508859268,0.01605977108055523,2.2420967464555304,2.226036975374975
2019-12-26,225.92,226.51,225.64,226.45,223.5843797539563,225.19610779975764,-0.0012060762503613986,2.224529380062023,2.2257354563123846
2019-12-27,226.86,226.97,225.57,226.14,223.82777215834142,225.36772456343806,-0.05203983143554103,2.160685667017958,2.212725498453499
2019-12-30,226.14,226.6,224.67,225.76,224.011793857547,225.4390473700857,-0.12559713866451538,2.055729075122855,2.1813262137873703
2019-12-31,226.16,226.72,225.14,226.5,224.24876587111393,225.63194784825194,-0.13777908773308667,2.009102354121012,2.1468814418540987
2020-01-02,227.51,228.39,226.71,228.39,224.64316912148402,226.13341187584248,-0.037149213644005474,2.100444924799092,2.1375941384430974
2020-01-03,225.69,227.43,225.48,226.18,224.78953396705697,226.1418824438711,-0.1326540096906501,1.9717766263297847,2.104430636020435
2020-01-06,224.99,227.13,224.7,226.99,224.9991021606706,226.29608563589454,-0.15305400794482837,1.9131131260893994,2.066167134034228
2020-01-07,227.26,227.26,225.44,225.92,225.08680671679718,226.22770642936825,-0.24493873928001664,1.7599937099342071,2.0049324492142238
2020-01-08,226.03,227.84,225.87,225.99,225.17282512472127,226.18448707857402,-0.3035015652870361,1.6255554926054288,1.9290570578924648
2020-01-09,226.92,228.85,226.92,228.65,225.50398463665258,226.63276215519693,-0.17212941573011475,1.7138952882298213,1.886024703959936
2020-01-10,228.5,228.5308,226.59,226.62,225.61027181411424,226.63044176334293,-0.227508973851823,1.6016384866451574,1.8291474604969804
2020-01-13,227.05,228.47,226.1251,228.45,225.88072211753195,226.9612705336442,-0.15018307510963247,1.6414186166099398,1.7916016917195723
2020-01-14,227.85,228.3899,226.88,227.17,226.0035104872908,226.9992213457089,-0.19186415518998534,1.5517714977320907,1.743635652922076
2020-01-15,226.8,228.64,226.78,228.35,226.2269856789774,227.24481746467092,-0.14852276274420673,1.5579821994918177,1.7065049622360244
2020-01-16,229.34,230.03,228.52,229.73,226.56060609050337,227.69666883473076,-0.041060912905424685,1.6551788211042435,1.6962397340096682
2020-01-17,230.13,231.61,229.55,230.2,226.90721503426496,228.1518199556888,0.04297658171895846,1.7499604611583663,1.7069838794394079
2020-01-21,229.85,231.13,227.95,228.63,227.07128979290638,228.2387617819272,-0.022359226544496513,1.6790348462587872,1.7013940728032837
2020-01-22,229,230.38,228.41,229.54,227.30640505072483,228.47535054884952,-0.01957554871689937,1.6769246369071595,1.696500185624059
2020-01-23,229.43,229.77,227.3492,229.38,227.50389028398914,228.6398322672405,-0.04248210534234298,1.64339755394613,1.685879659288473
2020-01-24,229.4,229.41,226.04,226.86,227.44256739979969,228.3162264004695,-0.23080286496917668,1.3973760780770021,1.6281789430461788
2020-01-27,223.7,223.9,221.11,222.45,226.96708479029496,227.2496397822023,-0.6330192952261986,0.8369048240134305,1.469924119239629
2020-01-28,223.44,225.35,223.16,224.03,226.68736242931448,226.6642507308928,-0.7645059527930189,0.5142916782483553,1.2787976310413742
2020-01-29,224.75,226.4,224.31,224.5,226.4790421979512,226.2707505980032,-0.7885068290113761,0.2931640947771541,1.0816709237885302
2020-01-30,223.11,228.08,222.48,227.88,226.6124667505273,226.56334139836625,-0.5563729659639487,0.38620471633359443,0.9425776822975431
2020-01-31,226.49,226.97,223.43,224.43,226.4046127742866,226.17546114411783,-0.6104742085257074,0.17948492164040886,0.7899591301661163
2020-02-03,225.48,226.32,223,223.47,226.12512584340215,225.6835591179146,-0.680848616341216,-0.061101640260403656,0.6197469760808123
2020-02-04,226.15,226.94,224.79,225.08,226.02559004879242,225.57382109647557,-0.5921703983987474,-0.1204660219176219,0.47170437648112545
2020-02-05,226.91,228.68,226.75,228.65,226.27553385366934,226.13312635166184,-0.28201743750661107,0.1191825795978616,0.4012000171044727
2020-02-06,229.56,230.08,228.53,229.61,226.5931020580818,226.76528519681423,-0.015228456903594867,0.3821644459749791,0.397392902878574
2020-02-07,228.07,228.62,226.67,227.38,226.66804471921685,226.8770515246662,0.006851662898320121,0.40595748150147415,0.39910581860315403
2020-02-10,227.17,227.7503,225.13,227.11,226.71013569833906,226.91940579290872,-0.0005374620601801272,0.39843399102792887,0.398971453088109
2020-02-11,228.59,228.59,227.02,227.33,226.76917039373535,226.99405928510714,0.005261891675286123,0.4055488176822166,0.4002869260069305
2020-02-12,227.6,228.84,226.91,227.44,226.83305892766532,227.07513941508765,0.011991580711637528,0.4152764018964774,0.4032848211848399
2020-02-13,226.53,227.4,226.1,226.47,226.7984818869353,226.9651140668899,-0.04999880368974308,0.340786316572661,0.3907851202624041
2020-02-14,226.49,227.14,225.52,226.8,226.79862646913193,226.93509332745538,-0.06873504005799047,0.304866320189916,0.37360136024790647
2020-02-18,226.39,227.38,225.27,226.77,226.7959001387384,226.90507635882713,-0.08219592785497093,0.2708564504291928,0.35305237828416375
2020-02-19,227.68,229.71,226.93,229.24,227.02867155409666,227.32960792994947,0.06808681330369182,0.4381608949137785,0.3700740816100867
2020-02-20,229.76,229.79,227.15,228.17,227.13736950132554,227.48240648814047,0.0870531056938928,0.4788904637274527,0.3918373580335599
2020-02-21,227.53,230.07,226.98,229.33,227.34619145358025,227.81833258120585,0.16483352630746922,0.5978792659178964,0.4330457396104272
2020-02-24,221.31,223.94,220.27,221.69,226.80750655323928,226.70409029371388,-0.286571005646436,0.07483198255238221,0.3614029881988182
2020-02-25,222.2,223.24,216.76,218.05,225.97345831007362,225.13061933122046,-0.790071233817957,-0.6261860540736279,0.16388517974432898
2020-02-26,219.65,220.63,215.94,216.06,225.02931942339995,223.4814158164531,-1.1927298437058784,-1.3270271248880192,-0.13429728118214068
2020-02-27,212.9,214.38,207.28,207.67,223.37605090688567,220.60661294073435,-1.916789427043115,-2.5302840649860343,-0.6134946379429194
2020-02-28,201.92,206.44,199.68,206.34,221.75356986813466,218.0126833151463,-2.3494190567729913,-3.5502684589091587,-1.2008494021361673
2020-03-02,207.25,218.8,204.4339,217.63,221.36084892831232,217.94310453057423,-1.765973158793273,-3.4083158506277584,-1.6423426918344854
2020-03-03,217.39,218.15,206.2,208.81,220.16552998275876,216.28254007046982,-1.8556042120946703,-3.9618479569528233,-2.106243744858153
2020-03-04,212.14,218.34,209.26,217.86,219.9459556986865,216.56935096674803,-1.2177573010981364,-3.6284403712308233,-2.410683070132687
2020-03-05,212.55,212.75,207.01,208.96,218.8996742035735,215.18583260915747,-1.3001298350472474,-4.035845363941746,-2.7357155288944988
2020-03-06,203.48,207.41,202.35,205.98,217.6692290413284,213.51204486203792,-1.4488400310913248,-4.546765567758655,-3.09792553666733
2020-03-09,195,198.479,192.26,193.13,215.33215960882094,209.80621852348557,-2.257911896733142,-5.920315407583757,-3.6624035108506154
2020-03-10,201.35,202.86,195.0517,202.73,214.13195393179038,208.5196333373973,-2.000619988774708,-6.163178496819,-4.162558508044293
2020-03-11,197.32,198.13,192.87,194.64,212.27557736685796,205.99606363968869,-2.212814248689079,-6.928576318905641,-4.715762070216562
2020-03-12,183.6,187.6699,175,175.97,208.8179033319191,200.53677934156346,-3.3782972013403603,-8.938633571892012,-5.560336370551652
2020-03-13,187.45,196.5,178.41,196.4,207.63524587173632,199.78463764309737,-2.5772160181290937,-8.781856393213019,-6.204640375083925
2020-03-16,174,188.38,173.62,177.77,204.79093674109475,195.7819762534433,-3.072368484680897,-10.045100980935047,-6.9727324962541495
2020-03-17,181.88,187.81,177,187.6,203.1537046705143,194.2943442073627,-2.530765118684454,-10.136188894609717,-7.605423775925263
2020-03-18,177.29,181.39,167,172.44,200.22858993998912,190.3208270787513,-2.956770318724418,-11.301386674330786,-8.344616355606368
2020-03-19,170.21,176.18,166,174.68,197.7953908980854,187.47704033716016,-2.8497554976598245,-11.906810727681147,-9.057055230021323
2020-03-20,176.3,177.18,167.2945,170.06,195.15392509826773,184.31030573040377,-2.845557951998236,-12.614002670019119,-9.768444718020882
2020-03-23,165.3,166.69,159.5,162.13,192.00878937462318,180.27752287033036,-3.1107751900039755,-13.656913705525852,-10.546138515521877
2020-03-24,170.91,179.14,169.53,178.2,190.69366657704,179.8997914393612,-1.9922392515866463,-13.036437580005185,-11.044198328418538
2020-03-25,180.01,189.07,175.17,180.47,189.71998404589334,180.0034657231137,-0.9411721765668464,-12.220663549127096,-11.27949137256025
2020-03-26,181.29,184.96,179.59,183.9,189.16569985104636,180.7119265007294,0.08868166088437235,-11.168639296454785,-11.257320957339157
2020-03-27,178.5,184.24,176.72,179.66,188.26039510332765,180.5206671369604,0.5615692071592413,-10.555359448390107,-11.116928655549348
2020-03-30,180.04,184.11,178,183.18,187.77654795062978,181.0041822029676,1.15451666717777,-9.673782821577134,-10.828299488754904
2020-03-31,182.05,186.17,180.57,182.83,187.3054481458079,181.3361490751553,1.5420263335367927,-8.900766571833913,-10.442792905370705
2020-04-01,176.18,178.67,174.19,175.95,186.2239768938262,180.3568492433089,1.3602137391182598,-8.742525731472881,-10.10273947059114
2020-04-02,175,180.31,174.225,179.73,185.605502903938,180.24287665361635,1.5082879919218009,-8.21737948068889,-9.725667472610692
2020-04-03,178.59,180.22,175.44,178.34,184.9135502464201,179.89689908023155,1.5219916172145727,-7.823177951092475,-9.345169568307048
2020-04-06,184.61,186.41,180.49,185.24,184.94464069914198,180.8683719747349,1.9763354759788108,-6.874750223333535,-8.851085699312346
2020-04-07,191.99,192,184.9,185.25,184.97372253731893,181.66503161569221,2.238838468593972,-6.052537613569882,-8.291376082163854
2020-04-08,187.55,191.42,185.14,191.01,185.54860610519333,183.36411677647544,2.7291872834547375,-4.879891977845432,-7.609079261300169
2020-04-09,194,197.23,191.45,193.84,186.3382626666035,185.26882281711627,3.143434425591388,-3.6797862293109347,-6.823220654902323
2020-04-13,193.85,193.85,186.08,188.77,186.56985669835555,185.9054004867315,2.976942926830322,-3.10204199636442,-6.078984923194742
2020-04-14,193.32,194.16,190.82,192.94,187.17653701279787,187.18441858005306,3.0380736167821993,-2.281392902216993,-5.319466518999192
2020-04-15,188.56,189.59,187.47,188.57,187.30924777348378,187.43634247458886,2.6867416797492183,-1.9610394193126695,-4.647781099061888
2020-04-16,188.9,188.99,185.8,187.96,187.37122417600912,187.5315529337545,2.3291343477331337,-1.7363631643954704,-4.065497512128604
2020-04-17,192.89,192.9,189.02,191.2,187.73586949257967,188.1985433094355,2.2267295243627268,-1.2820856066751958,-3.5088151310379225
2020-04-20,188.72,189.35,187.3,188.75,187.83245335042923,188.2988081622654,1.9214512452446586,-1.107001074482099,-3.0284523197267577
2020-04-21,184.17,185.78,183.28,183.48,187.4179339837217,187.4226612236717,1.3206738181923732,-1.377610046986291,-2.6982838651786643
2020-04-22,186.46,187.37,185.34,186.58,187.33813074717676,187.269450092095,1.0973207588257745,-1.326632916646446,-2.4239536754722204
2020-04-23,186.99,187.35,184.5,185.63,187.17545162839804,186.97136825716865,0.8612759632088802,-1.34735872146112,-2.2086346846700002
2020-04-24,187.08,187.28,184.42,186.52,187.1130276637887,186.88930130131982,0.7451115707079774,-1.2772452212850283,-2.0223567919930057
2020-04-27,187.78,189.37,186.35,187.46,187.14607264818977,186.99306470107985,0.7116680450189627,-1.1327717357193023,-1.844439780738265
2020-04-28,190.54,191,187,187.12,187.14358953883837,187.01614384633805,0.648516875840706,-1.0337936859373826,-1.6823105617780887
2020-04-29,190.64,192.68,188.93,189.61,187.37848577323473,187.4877540560948,0.7491819073592356,-0.7458331775790441,-1.4950150849382797
2020-04-30,188.3,189.87,186.71,187.36,187.37672522340284,187.46452604589572,0.6430434689275264,-0.6912107487788717,-1.334254217706398
2020-05-01,185.21,185.89,181.64,182.67,186.92846567831685,186.59279403755104,0.25566784845292134,-1.0146694071402464,-1.2703372555931678
2020-05-04,179.78,180.36,176.3401,177.95,186.07337370895334,185.0213769398145,-0.29017216778082244,-1.6330524653191958,-1.3428802975383733
2020-05-05,180.045,180.23,175.93,176.03,185.11686192714825,183.38658113257551,-0.7273699419464594,-2.2520927249714475,-1.524722783024988
2020-05-06,176.94,177.04,172.34,172.38,183.90382745789603,181.38538456301632,-1.1823009689520032,-3.002598994214992,-1.8202980252629888
2020-05-07,173.4,175.38,173.05,173.48,182.91108198571544,179.94804191519518,-1.3186700129168432,-3.468635541409043,-2.1499655284921997
2020-05-08,176.71,177.26,174.28,176.83,182.3319313204092,179.3811252033415,-1.1016266275704565,-3.52699881295527,-2.4253721853848136
2020-05-11,175.23,175.96,173.61,174.64,181.5993664327512,178.5191024390976,-1.0254879788048377,-3.7072321588908608,-2.681744180086023
2020-05-12,175.2,175.7149,172.73,172.81,180.76228391534633,177.48108381380712,-1.016345349418172,-3.952175866858738,-2.935830517440566
2020-05-13,172,172.61,169.44,170.57,179.79159020912286,176.22452312038763,-1.0735225843179692,-4.2777337478380275,-3.2042111635200583
2020-05-14,168.8,171.4,167.0401,170.93,178.94762923682543,175.26188255304442,-1.000897799142034,-4.455333412447601,-3.454435613305567
2020-05-15,169.82,170.66,168.52,169.25,178.0240454999849,174.16881299794542,-0.9786295193542709,-4.677722512498406,-3.6990929931441348
2020-05-18,174,176.87,172.3091,175.46,177.77985069046252,174.40357427104627,-0.48333919944690207,-4.3032669924527625,-3.8199277930058604
2020-05-19,174.12,174.87,172.34,172.49,177.27605538660896,174.0556516763106,-0.302276291791463,-4.197773157745189,-3.895496865953726
2020-05-20,174.61,176.87,174.29,176.02,177.15643106407478,174.4128059169814,0.08784710827753361,-3.7856879806068093,-3.873535088884343
2020-05-21,175.74,176.65,174.47,174.94,176.94534239130576,174.50865938662113,0.2941550100077315,-3.5058413263746786,-3.79999633638241
2020-05-22,174.86,175.12,173.21,174.93,176.7534050207052,174.58526677087184,0.44205037887645915,-3.247433362786836,-3.6894837416632953
2020-05-26,179.99,181.69,178.68,180.34,177.09498549492375,175.6315819034406,0.8904651998254964,-2.576402241881425,-3.4668674417069214
2020-05-27,184.665,185.98,183.8,185.77,177.92117735255005,177.47493064826958,1.5029799483880746,-1.5881425062218284,-3.091122454609903
2020-05-28,187.24,187.28,183.92,185.1,178.60487474754527,178.86130689403873,1.7935269725709198,-0.8492137388962533,-2.642740711467173
2020-05-29,183.08,185.87,182.53,185.58,179.2691723906362,180.08288745875896,1.9363424121766828,-0.22231269624631977,-2.1586551084230026
2020-06-01,185.53,185.71,183.185,183.84,179.7044893058137,180.7659988298937,1.83298740555608,0.1325791485220975,-1.7004082570339825
2020-06-02,183.99,186.44,183.99,185.94,180.29834746716477,181.70672631536758,1.8216376525752804,0.576638808685118,-1.2449988438901625
2020-06-03,188.75,191.62,187.81,190.82,181.30040961314907,183.36368516711892,2.041811207667277,1.3072651656939343,-0.7345460419733431
2020-06-04,190.41,192.11,189.69,192.05,182.32418012618248,184.94301513673366,2.15796905163729,1.9629152725732695,-0.19505377906402055
2020-06-05,197.88,201.49,196.22,200.66,184.07044868559368,187.80064874823663,2.668898587866018,3.141069455768502,0.47217086790248397
2020-06-08,202.34,203.33,199.56,201.56,185.73612023934666,190.30234897582997,2.902362454465157,4.10012393598393,1.1977614815187732
2020-06-09,197.15,198.79,195.83,196.07,186.7202992641708,191.35101279840634,2.5352677101597196,4.3668461192184225,1.831578409058703
2020-06-10,195.85,196.34,191.37,191.51,187.17646123901167,191.37991956233247,1.8645702157918471,4.162291178798512,2.2977209630066646
2020-06-11,185,186.9296,177.93,178.02,186.30441731148676,188.95084327827203,0.46459799980002847,2.8784684627567003,2.413870462956672
2020-06-12,184.02,184.02,178.22,181.21,185.81923471039278,187.5434172276771,-0.2556609067412343,2.094294329530129,2.3499552362713634
2020-06-15,177,181.7699,176.05,181.55,185.4126409284506,186.4537050044631,-0.6934291560606143,1.4831687911955953,2.1765979472562096
2020-06-16,186.55,186.7,179.75,182.3,185.11619893526483,185.69848591274254,-0.9034434917015552,1.0472935826292655,1.9507370743308208
2020-06-17,183.03,183.15,180.11,180.86,184.7108466557158,184.8187612013348,-1.0973983413641037,0.5789891476256912,1.676387488989795
2020-06-18,179.9,181.36,179.04,180.73,184.3317184027905,184.07535007381938,-1.1850176502228738,0.1951154262112027,1.3801330764340765
2020-06-19,183.5,183.88,179.01,179.72,183.89250712633427,183.28346824221586,-1.2548534024434266,-0.18843367662020682,1.0664197258232198
2020-06-22,179.55,181.8,178.87,180.17,183.53798263811194,182.71738310726752,-1.2138480064496973,-0.4508902822389018,0.7629577242107954
2020-06-23,181.87,182.39,180.4,181.01,183.29722238686318,182.40694981503705,-1.0778636026895376,-0.5843717791511267,0.493491823538411
2020-06-24,179.61,179.65,177.26,177.53,182.74796311192384,181.5202316668485,-1.1627123625715665,-0.9598986296760472,0.20281373289551935
2020-06-25,176.58,179.7195,176.06,178.85,182.37672852983584,181.03473500014877,-1.0725523159846704,-1.1378766620853185,-0.06532434610064819
2020-06-26,176.71,178.7,174.63,175.37,181.70942105080385,180.0047831819399,-1.1813067012531782,-1.5419577226671208,-0.36065102141394273
2020-06-29,175.9,177.22,175.33,177.19,181.27899999834634,179.4930044215872,-1.0681096590522774,-1.6957880952292896,-0.6276784361770121
2020-06-30,176.75,179.12,176.51,178.51,181.01528571278953,179.31427634493497,-0.8512061319681565,-1.6916861011372077,-0.8404799691690512
2020-07-01,178.41,180.45,177.34,177.99,180.72716326395243,179.07349882767406,-0.6961562610620162,-1.7106752954965714,-1.0145190344345552
2020-07-02,180.45,180.94,178.24,178.83,180.5464810483379,179.0292263135515,-0.49962433025548414,-1.6390494472539103,-1.1394251169984262
2020-07-06,183.1,183.52,181.59,182.72,180.7534828532581,179.70027607472394,-0.09161215695483937,-1.2539403131919755,-1.1623281562371361
2020-07-07,182.02,182.49,180.6,181.15,180.79124639104305,179.96386224295597,0.07932742114793312,-1.0631688798022196,-1.1424963009501528
2020-07-08,180.42,182.3119,179.77,181.2,180.83017530618181,180.1886145624185,0.19591736643718294,-0.8975995929036742,-1.0935169593408571
2020-07-09,181.79,181.88,177.77,178.8,180.63682527702164,179.93613918743333,0.11553036555708074,-0.9491040023945061,-1.0646343679515868
2020-07-10,178.26,182.96,178.09,182.9,180.8523657268291,180.47502297153636,0.3304475480572844,-0.6515749328799814,-0.9820224809372657
2020-07-13,183.81,185.82,183.31,184.13,181.164521371893,181.13956424943885,0.5352795059056845,-0.3129230985551601,-0.8482026044608446
2020-07-14,182.42,190.08,182.42,189.71,181.97837647933176,182.69782529499543,0.9994394379634002,0.40109669299340567,-0.5983427449699945
2020-07-15,192.64,193.05,188.75,190.56,182.79567395749064,184.12731160499627,1.297673615108906,1.0237492739161382,-0.27392434119276793
2020-07-16,188.32,191.93,188.32,191.01,183.57799072344392,185.37870949499694,1.4477900890286381,1.5358132700930298,0.08802318106439161
2020-07-17,191.77,192.12,190.4686,190.76,184.26199160692545,186.35712595045203,1.4492277313215438,1.8995578452163215,0.4503301138947776
2020-07-20,190.02,191.23,189.48,190.48,184.85418288245637,187.1067394140062,1.3521833856909335,2.1405593460084447,0.788375960317511
2020-07-21,190.4,193.45,190.4,192.27,185.5604511793653,188.04551406600507,1.327520327547164,2.447776369751466,1.120256042204302
2020-07-22,191.78,192.24,190.63,192.1,186.18326535275907,188.78269332673142,1.2214090279643997,2.6470173271598014,1.4256082991954018
2020-07-23,191.71,193.39,191.48,193.25,186.85628770011533,189.59493090368935,1.151265556226009,2.864690244477913,1.713424688251904
2020-07-24,193.25,196.28,193.05,194.52,187.58616506200912,190.49039801210947,1.112377211441345,3.1038962025535852,1.9915189911122402
2020-07-27,193.83,193.99,191.77,192.14,188.01986362753206,190.79032564627138,0.8596477604023138,3.0660786916151324,2.2064309312128185
2020-07-28,190.9,194.46,190.61,194.12,188.60082899633852,191.39572098331294,0.7624210453029514,3.159457237841508,2.3970361925385566
2020-07-29,194.03,196.67,193.73,196.41,189.3445595681158,192.30740807725604,0.7858029815663321,3.379289919496472,2.5934869379301397
2020-07-30,193.43,194.57,192.25,194.3,189.81650627591432,192.66969751775494,0.6009656394459495,3.3446939872375765,2.743728347791627
2020-07-31,195.06,196,193.33,195.78,190.38445805916058,193.23520705998132,0.5230456572658144,3.397535419373895,2.8744897621080807
2020-08-03,197.28,200.68,196,199.26,191.22974776781194,194.33062395816654,0.642667299966504,3.6778238870662108,3.035156587099707
2020-08-04,198.97,200.31,198.11,200.24,192.08786702802033,195.40505596577262,0.7188245136304543,3.9336872291377745,3.21486271550732
2020-08-05,201.44,204.69,201,203.62,193.1861654063041,196.89868215381395,0.9152708249285886,4.358951246668056,3.4436804217394674
2020-08-06,203,205.39,202.7,205.02,194.3131972723704,198.37528539857504,1.048368910277115,4.754141559585861,3.705772649308746
2020-08-07,204.2,209.75,204,209.48,195.7576546750018,200.39432441701595,1.3276769397637134,5.365368824013387,4.037691884249674
2020-08-10,211.34,212.92,209.4,212.58,197.3597828011921,202.6099017957403,1.5941666741392115,6.030400226923689,4.436233552784477
2020-08-11,214.74,215.6,212.24,212.66,198.8169463439357,204.43719237833298,1.6422895441948597,6.489095483028052,4.846805938833192
2020-08-12,213.1,214.39,212.31,213.24,200.1905705016561,206.0377028549997,1.5791873356330202,6.820790108374467,5.241602772741447
2020-08-13,212.93,213.33,211.66,211.98,201.3133733110222,207.11812051772702,1.3286555358266785,6.902422192524796,5.573766656698117
2020-08-14,211.04,211.97,210.25,210.96,202.23209966235342,207.81664405995846,0.9860677548636048,6.806351350277623,5.820283595414018
2020-08-17,210.05,210.82,206.34,206.78,202.66523302784358,207.6281633217842,0.39982882037161893,6.320069620878542,5.920240800506923
2020-08-18,206.95,209.76,206.8,208.33,203.20473464423944,207.7557699905507,0.05636959973143796,5.990702800171221,5.934333200439783
2020-08-19,209.19,210.21,206.66,207.21,203.58618848764522,207.65653908317785,-0.2874369399189973,5.575037025541036,5.862473965460033
2020-08-20,205.17,206.79,204.51,206.12,203.82750386977423,207.37716834078188,-0.6108686086314092,5.0988882046707715,5.709756813302181
2020-08-21,205.52,208.4,205.52,207.43,204.17059873931956,207.38677409700335,-0.7500201941598466,4.772231570602372,5.522251764762219
2020-08-24,209.23,213.3,208.91,212.61,204.97435124033674,208.33645153391183,-0.517690230886207,4.87513897615446,5.392829207040667
2020-08-25,213.56,214,212.85,213.35,205.77203207459038,209.24800580047332,-0.3468724567951007,4.959238636046791,5.306111092841892
2020-08-26,212.98,215.83,212.3,214.66,206.61850521034367,210.2320047458418,-0.1863972203051416,5.073114567460465,5.259511787765606
2020-08-27,214.99,217.98,214.76,216.87,207.5948380474538,211.43891297387057,0.01704387132037688,5.280816626916078,5.263772755595701
2020-08-28,217.51,218.81,215.7297,218.55,208.63818680483917,212.7318378877123,0.20288820211072345,5.5173830082341055,5.314494806123382
2020-08-31,218.62,219.45,217.65,218.04,209.53359758533068,213.6969582717646,0.22773785018891513,5.599167118859526,5.371429268670611
2020-09-01,216.92,218.59,216.62,218.55,210.39230257720396,214.57932949508012,0.21495144698088708,5.64011857739672,5.425167130415833
2020-09-02,218.13,222.09,218.13,221.68,211.46732137937502,215.87036049597464,0.34595814171721884,5.857614807562356,5.511656665845138
2020-09-03,222,223.2399,216.43,218.15,212.1037669622917,216.28484040579744,0.1344098274827159,5.679668950198533,5.545259122715817
2020-09-04,219.95,221.48,215.06,218.32,212.69578915635915,216.65486942292517,-0.044936608841940284,5.489088361663391,5.534024970505332
2020-09-08,217.28,219.19,215.3393,217.8,213.18190447480114,216.86307498239333,-0.23862966381161943,5.235737890740808,5.474367554552427
2020-09-09,218.95,221.62,218.52,219.63,213.79600881053437,217.36615225832182,-0.28064579615852203,5.123560309354275,5.404206105512797
2020-09-10,220.54,220.68,217.15,217.8,214.1773413047692,217.44503366589967,-0.45832421782417754,4.831300833232575,5.289625051056753
2020-09-11,218,219.265,216.92,217.93,214.53473737098165,217.53320936300884,-0.58559170307164,4.557635422217203,5.143227125288843
2020-09-14,219,221.32,218.3,219.94,215.04952428803102,217.9708076606436,-0.5532791281965368,4.451628215043172,5.004907343239709
2020-09-15,220.08,221.57,218.45,218.94,215.420045784409,218.1470244496175,-0.6134688748262658,4.238071249706877,4.851540124533143
2020-09-16,220.28,222.26,219.19,219.59,215.81718428113197,218.40938364059613,-0.6217846735734032,4.074309282566389,4.6960939561397925
2020-09-17,218.46,218.68,216.5,218.05,216.02983339721465,218.34404116048773,-0.7354944695570698,3.7767258691934558,4.5122203387505255
2020-09-18,219.08,221.01,217.83,218.21,216.23746831176564,218.31967004039905,-0.7991359566241742,3.513300392970308,4.312436349594482
2020-09-21,214,215.45,208.73,213.02,215.93104275826414,217.3560936694174,-1.1676625146628714,2.8528582062658927,4.020520720928764
2020-09-22,212.54,214.75,211.7,214.16,215.76237201938184,216.7749857295233,-1.301339206416963,2.3938467129075605,3.6951859193245236
2020-09-23,213.94,214.88,209.38,209.61,215.17643182705976,215.47226105142818,-1.6409654905470639,1.6439790561406937,3.2849445466877576
2020-09-24,209.14,210.23,206.58,208.72,214.56153355781598,214.2445772238958,-1.8545604763931038,0.9667439511963778,2.8213044275894816
2020-09-25,207,211.11,206.82,210.45,214.16995893326208,213.55465409227838,-1.806535286332644,0.5631353196736768,2.369670606006321
2020-09-28,213.22,215.47,212.0206,213.54,214.10996284437996,213.55198971186414,-1.5061397161257992,0.4869959608490717,1.993135676974871
2020-09-29,213.59,213.59,210.24,210.44,213.76044257348664,212.9861734006161,-1.4549090549978683,0.1744993582275356,1.6294084132254039
2020-09-30,211.11,213.7,210.7522,212.94,213.68230518553554,212.97777823686772,-1.2018407782520613,0.1271074404103274,1.3289482186623887
2020-10-01,214.3,214.385,210.62,212.02,213.52399040596072,212.8036367392554,-1.0510480235392596,0.015138189238314226,1.0661862127775739
2020-10-02,209.84,213.68,209.53,211.18,213.30075322444065,212.5084300593908,-0.9647634258496456,-0.13976806953448317,0.8249953563151624
2020-10-05,213.09,213.9,212.05,212.36,213.21115767925582,212.48144277586522,-0.7923239005301687,-0.16540951934754844,0.6269143811826202
2020-10-06,212.65,213.48,209.65,210.26,212.93009504313622,212.07754408934426,-0.7824397714126273,-0.3511353330831639,0.4313044383294634
2020-10-07,212.33,214.67,211.36,213.29,212.96437170569467,212.2979906185544,-0.5457924038992481,-0.25093606654459677,0.29485633735465133
2020-10-08,214.39,215.69,213.44,215.15,213.1725267813428,212.81653777881723,-0.25284237311532765,-0.021196629039508252,0.2316457440758194
2020-10-09,215.88,216.2924,214.16,215.68,213.41133375454825,213.33716727357773,-0.024261062412346768,0.20131941606038595,0.22558047847273272
2020-10-12,216.74,217.43,215.12,216.41,213.69692101601984,213.89586413292724,0.1648114001857406,0.43159472870490845,0.26678332851916786
2020-10-13,215.76,216.38,212,212.31,213.56483330020842,213.60752519966775,0.010594036530198803,0.2800258741819164,0.2694318376517176
2020-10-14,212.02,212.35,210.54,210.91,213.3119920335219,213.11706607245543,-0.1784228642016116,0.04640325739970308,0.22482612160131468
2020-10-15,209.27,211.99,208.22,211.65,213.15370707794838,212.85032678655443,-0.2423663999532356,-0.07813187834022983,0.16423452161300578
2020-10-16,211.84,213.8253,211.81,211.91,213.03525878481045,212.67935827990817,-0.25464442438449886,-0.15407100886761782,0.10057341551688105
2020-10-19,212.16,212.32,208.2,208.99,212.64999604339994,212.0085658653794,-0.43625565770602526,-0.44474615661565053,-0.008490498909625263
2020-10-20,209.63,211.45,209.41,210.06,212.40332975355233,211.65428116258315,-0.45885451135968475,-0.5820586381092312,-0.12320412674954645
2020-10-21,208.97,211.38,208.6103,210.18,212.19158406273783,211.38623004211348,-0.44018377514654133,-0.6734338456827231,-0.2332500705361818
2020-10-22,209.63,211.78,209.23,211.61,212.13619510438184,211.42691548900194,-0.31202040290922173,-0.623275574172709,-0.31125517126348723
2020-10-23,212.43,213.87,211.73,212.71,212.19084318967882,211.66020358191068,-0.1422963748357537,-0.48912563980817936,-0.34682926497242567
2020-10-26,209.64,210.26,207,208.49,211.83838193351892,211.0838029306542,-0.2946057961433114,-0.7150865101515649,-0.4204807140082535
2020-10-27,208,208.48,206.58,206.88,211.3661550827076,210.31947512508071,-0.4735396643877461,-1.012405294492936,-0.53886563010519
2020-10-28,202.68,203.88,199.79,200.7,210.35033078911638,208.57047964779332,-0.9503486420877627,-1.7268014327148933,-0.7764527906271306
2020-10-29,200.03,202.955,197.81,201.51,209.50839452348626,207.28675607546725,-1.1406133462176302,-2.2022194733991682,-1.061606127181538
2020-10-30,200.51,202.271,198.7,201.9,208.78378552124948,206.30734587992777,-1.1655073910358138,-2.518490365976305,-1.3529829749404914
2020-11-02,204.84,206.18,203.06,204.31,208.3577107097019,205.94419208357726,-0.9538772153809281,-2.5453294941666513,-1.5914522787857233
2020-11-03,206.93,209.8007,206.36,206.63,208.19316683258745,206.06888443201777,-0.6086617546994493,-2.352279472160035,-1.7436177174605856
2020-11-04,206.59,210.15,204.78,206.17,208.00048427710294,206.0872690807418,-0.37384023238530095,-2.2109180079422117,-1.8370777755569108
2020-11-05,208.69,210.86,206.97,207.45,207.94805720309313,206.33503833878873,-0.10862643162522212,-1.9728608150884384,-1.8642343834632162
2020-11-06,208.45,210.26,207.5875,208.85,208.03395651708425,206.7923040953726,0.16963941605627308,-1.6521851133928749,-1.821824529449148
2020-11-09,221.97,225.23,218.01,221.5,209.31643684879052,209.46643062348667,1.159060953744963,-0.3729983372679442,-1.5320592910129072
2020-11-10,221.82,228.61,220.94,228.48,211.14153810128667,212.92344323739817,2.177866100394096,1.1902733344797127,-0.9875927659143832
2020-11-11,228.5,228.98,225.4701,227.37,212.68710590116413,215.5500899215076,2.6404321769368018,2.3129474552566194,-0.3274847216801826
2020-11-12,225.01,225.88,223.18,224.72,213.83309581533896,217.2173462994153,2.6258126210767645,2.954781054665773,0.3289684335890085
2020-11-13,226.5,228.145,225.29,227.42,215.12708669006858,219.07237424497617,2.6483084800382835,3.639354033636863,0.9910455535985795
2020-11-16,230.58,233.46,229.86,233.1,216.83879271958585,221.6228516549805,2.8770288993184083,4.58733167774659,1.7103027784281817
2020-11-17,231.93,234.97,230.01,233.16,218.39319341295862,223.7205149904386,2.857804373971377,5.282558245892403,2.424753871921026
2020-11-18,233.57,234.476,230,230.07,219.50527023077208,224.87496681035884,2.4766413869412767,5.520555605597622,3.043914218656345
2020-11-19,229.67,229.97,227.6154,229.53,220.46000639927,225.72133648120268,2.0456938537046843,5.6010315357872,3.555337682082516
2020-11-20,228.78,229.72,226.771,227.01,221.08381531362522,225.95563893916582,1.4751117887392016,5.399227418006518,3.9241156292673165
2020-11-23,229.77,230.5,228.0442,229.54,221.8891662361371,226.6073409502266,1.165837483272358,5.381412483357764,4.215575000085406
2020-11-24,232.45,234.99,231.24,233.92,223.03495992793356,227.93691532291265,1.151963987844467,5.65552998489099,4.503565997046523
2020-11-25,233.92,234,232.0104,233.13,223.9963923157494,228.88111253692853,0.9914063879555091,5.7428239819909095,4.7514175940354
2020-11-27,233.1,234.17,230.45,231.55,224.71578352377327,229.36636480294152,0.6946511577137375,5.619731541177572,4.925080383463834
2020-11-30,231.19,231.29,228.165,228.91,225.11523271198533,229.28338938422488,0.2588563167387985,5.248650779387333,4.989794462648534
2020-12-01,230.23,231.98,229.34,229.68,225.549972453701,229.3555004052749,-0.02421252520695294,4.9595288061398435,4.983741331346796
2020-12-02,229.8,230.59,228.31,230.42,226.01378460096757,229.549045786134,-0.19857607798350418,4.735521233867416,4.934097311850921
2020-12-03,230,231.5,228.87,231.02,226.49056701992305,229.8164920068369,-0.3041467138064835,4.553913919592816,4.858060633399299
2020-12-04,230.24,231.89,230.24,231.35,226.95337016088277,230.09531164195747,-0.3776026521936462,4.386057318157242,4.763659970350888
2020-12-07,231.26,231.26,228.1,229.24,227.17114443127488,229.93980043432884,-0.5819335056122572,4.036243088335567,4.618176593947824
2020-12-08,227.46,228.735,226.61,228.19,227.26817829496298,229.62165490081452,-0.7886097915081578,3.632414354562627,4.421024146070785
2020-12-09,228.57,228.9,226.635,227.51,227.29120893353794,229.23771764612096,-0.9605118997724791,3.2203842713551865,4.1808961711276655
2020-12-10,226.45,227.87,225.728,227.35,227.2968080827248,228.89449625591715,-1.0662324485187766,2.8481056104791946,3.9143380589979713
2020-12-11,225.2,226.73,224.595,226.39,227.21044540817957,228.43913330029585,-1.1735536036761243,2.447396054402816,3.62094965807894
2020-12-14,227.68,228.06,222.36,222.85,226.79516489311484,227.4229272456966,-1.4382268422311753,1.823166105289971,3.2613929475211463
2020-12-15,224.83,225.86,222.73,224.38,226.56514918900868,226.86966774647902,-1.4608171442742912,1.4353715171782824,2.8961886614525736
2020-12-16,225.48,225.48,221.82,221.91,226.12180164719834,225.96790997439192,-1.582431488181638,0.918149301225526,2.500580789407164
2020-12-17,222.51,225.02,221.6673,224.68,225.98448720460803,225.73374452450247,-1.4217257183901415,0.7234236414194868,2.1451493598096283
2020-12-18,224.79,225.2,221.68,223.43,225.74120270893107,225.31488188368385,-1.3457982408370917,0.46290155876326367,1.8086997996003553
2020-12-21,222.02,224.2,221.26,223.49,225.52680245093762,224.98308517755953,-1.2403199122492146,0.25829990928883717,1.4986198215380517
2020-12-22,223.58,223.75,221.76,221.88,225.1794879318007,224.4188878725487,-1.225597589611603,-0.033377165476451864,1.192220424135151
2020-12-23,222.63,224.91,222.61,224.24,225.09001289067683,224.3863628048126,-1.0123816315720036,-0.0732566153298535,0.9391250162421501
2020-12-24,224.6,227.125,224.21,226.53,225.22715452013617,224.7761150221194,-0.6880906551114367,0.07901169735285407,0.7671023524642908
2020-12-28,228.09,230.15,227.36,228.41,225.53028266107557,225.43682138173406,-0.33577682221261873,0.34738132469851735,0.6831581469111361
2020-12-29,230.5,231.1,229.1,229.57,225.91501764573505,226.18830840323696,-0.02955109373300202,0.6462192797448836,0.6757703734778856
2020-12-30,229.54,230.585,229.08,229.65,226.27073025090314,226.8177068753757,0.1628789210677748,0.879369024812604,0.7164901037448292
2020-12-31,229.28,232.28,228.89,231.87,226.8039940365314,227.7363056253074,0.4100950543342625,1.2291089216626574,0.8190138673283949
2021-01-04,231.73,231.87,226.85,228.45,226.9607565092427,227.8660682388879,0.3178242735463179,1.2162942092612923,0.8984699357149744
2021-01-05,228.21,230.1,226.847,227.47,227.00925588931483,227.79405583181736,0.17259737268908282,1.1142166515763279,0.9416192788872451
2021-01-06,229.49,232.68,227.55,230.27,227.31980294747532,228.24422749875967,0.24262902072749748,1.2449055547966168,1.0022765340691193
2021-01-07,232.78,233.9643,231.33,232.88,227.84934552390624,229.0870952262579,0.43123102550826387,1.5413153159544493,1.1100842904461854
2021-01-08,233.54,234.6,231.72,234.03,228.43797928353422,229.9858051851201,0.5901071521549592,1.8477182306398845,1.2576110784849253
2021-01-11,231.22,233.92,231.02,233.43,228.91340982795953,230.61202242418918,0.6089972399369137,2.0188576284060673,1.4098603884691536
2021-01-12,233.31,233.98,231.7,233.03,229.3054660348205,231.05165471070023,0.5505320457890337,2.0980254457054457,1.547493399916412
2021-01-13,232,234.95,231.71,234.51,229.80113593626618,231.6804447633002,0.5653693357184297,2.254205069564449,1.6888357338460194
2021-01-14,234.79,235.7,233.8372,235.02,230.29817060900274,232.28763662451834,0.5621816823250811,2.391562836752371,1.8293811544272898
2021-01-15,234.1,234.59,231.91,233.49,230.6021543605263,232.5062481473332,0.4163940857567514,2.349873761623229,1.9334796758664776
2021-01-19,234.64,236.24,231.7,234.55,230.9781396595238,232.8778393932726,0.353208737079457,2.374990597215799,2.021781860136342
2021-01-20,234,235.2,233.24,234.76,231.33831683480724,233.22005041267758,0.2900591090917044,2.3843557465009724,2.094296637409268
2021-01-21,235.22,236.2,234.08,234.16,231.6070485648256,233.39095033764528,0.17788886691420513,2.3166577210520245,2.1387688541378194
2021-01-22,232.5,233.83,232.21,232.92,231.73209155865172,233.30532300352795,-0.0003751466570496298,2.1382999208165074,2.138675067473557
2021-01-25,231.67,233.52,230.45,233.01,231.8537971244944,233.2516279119774,-0.12584221361745485,1.9813723004517385,2.1072145140691934
2021-01-26,233,233.5,231.33,231.57,231.8267688269235,232.94587738252696,-0.30899419209537893,1.7209717739499695,2.0299659660453484
2021-01-27,230,230,226.1,227.36,231.40136227197843,231.9302633129766,-0.694771494721973,1.1615015976428822,1.8562730923648552
2021-01-28,229.76,233.51,228.16,230.95,231.35837538893287,231.75203361970813,-0.687966038797569,0.9963155438678939,1.684281582665463
2021-01-29,229.45,229.97,227.21,227.87,231.02614916141545,231.04620932521576,-0.8595498725505308,0.6098442419772994,1.4693941145278302
2021-02-01,229.9699,230.5,228.04,229.32,230.86365876509018,230.73235308426743,-0.8428968438816127,0.41577305967581424,1.258669903557427
2021-02-02,231.21,233.43,230.665,232.24,230.99473888270063,231.0064707053097,-0.6134004776616575,0.4919193064803551,1.1053197841420126
2021-02-03,232.4,233.16,231.28,232.68,231.15523994149106,231.31074875888976,-0.41939835216846943,0.5810718439314257,1.0004701960998952
2021-02-04,232.84,235.905,232.41,235.77,231.5947408994443,232.1215217118189,-0.08774053831981354,0.8907945232001282,0.9785350615199417
2021-02-05,236.98,236.98,234.83,235.16,231.9342893852115,232.67397230967,0.07688576582527862,1.07464226880154,0.9977565029762614
2021-02-08,236,237.56,235.35,237.42,232.45673801519138,233.53688643518456,0.311171429674878,1.3867207900698588,1.0755493603949808
2021-02-09,237.07,240.78,235.66,239.91,233.16657248993505,234.69563435606008,0.5908054290698539,1.8140561467322982,1.2232507176624443
2021-02-10,241.43,241.52,239.04,239.92,233.80975606232218,235.6455190185946,0.724589638971515,2.128987766376838,1.404398127405323
2021-02-11,239.36,240.44,238.88,239.76,234.37644596114865,236.39360646975922,0.7474443478421386,2.3387035622079964,1.5912592143658577
2021-02-12,238.07,242.76,238.03,242.46,235.14630825056307,237.49658711162118,0.8803874545808226,2.691743532591886,1.8113560780110634
2021-02-16,244.14,247.26,242.82,245.28,236.11142175050944,238.91175309132643,1.0810142775682459,3.1626239249713706,2.0816096474031247
2021-02-17,244.14,246.19,244,245.25,236.9817625361752,240.06416162017618,1.129202560982164,3.4931128486308296,2.3639102876486655
2021-02-18,244.73,245.49,241.67,243.5,237.60254705653946,240.68885950741688,0.9669791487557284,3.572634223593326,2.6056550748375975
2021-02-19,244.2,244.95,241.36,241.85,238.0070663844881,240.8999759606138,0.685555606686207,3.462599583195356,2.777043976509149
2021-02-22,240.89,245.9801,240.8,244.97,238.67020291929876,241.6399803314113,0.6470201561359197,3.5858191716790486,2.938799015543129
2021-02-23,245.56,246.57,243.29,245.53,239.32351692698458,242.34725663479105,0.597894438632474,3.6861670638337216,3.0882726252012476
2021-02-24,245.15,249.55,245.15,248.45,240.1927057910813,243.4568463375563,0.6939531625007542,3.9557140783271905,3.2617609158264362
2021-02-25,248.07,250.56,242.927,243.69,240.52578143002594,243.49923791254605,0.38427380674680167,3.742103174259938,3.3578293675131365
2021-02-26,245.15,245.15,240.25,240.51,240.52427843669014,242.95574011026494,-0.06352434221631942,3.278423939742737,3.3419482819590565
2021-03-01,246.86,250.55,246.09,249.21,241.35149001414823,244.09287827203497,0.1838802749421511,3.5717986256367453,3.3879183506945942
2021-03-02,249.12,251.34,248.37,249.22,242.10087191756267,245.02508222257407,0.2990605598245195,3.7617440504752437,3.4626834906507242
2021-03-03,249.73,254.81,249.29,251.55,243.0007888777948,246.21143090937878,0.47270261453466667,4.053561758819058,3.580859144284391
2021-03-04,251.08,252.55,243.23,245.48,243.23690422276673,246.0784434713099,0.13673900959760044,3.7517829062813917,3.6150438966837912
2021-03-05,248.89,253.45,247.325,253.15,244.18100858250324,247.3641810219808,0.3755192622125909,4.08444297444953,3.708923712236939
2021-03-08,255.6,260.23,253.73,257.61,245.45996014607437,249.2270571998025,0.756309989481621,4.654311199088966,3.8980012096073446
2021-03-09,258.55,262.94,255.61,259.02,246.7513925131149,251.00759225438384,1.0097807938177308,5.160227201879508,4.150446408061777
2021-03-10,260.3,267.5,259.64,263.99,248.393164654723,253.36803002631405,1.395051967156478,5.894261367007374,4.499209399850896
2021-03-11,264.22,264.8,260.4199,260.91,249.58524421141604,254.73929729425694,1.3258247074964302,6.156490284221434,4.8306655767250035
2021-03-12,262.4,264.65,259.67,260.02,250.57903047699546,255.6994250589375,1.1120945035401348,6.220783706150172,5.108689202610037
2021-03-15,260.31,260.44,253.52,254.61,250.96293233632923,255.5013477754943,0.5280062152669647,5.768696971693743,5.240690756426778
2021-03-16,254.53,254.53,249.82,251.5,251.01408163763122,254.7738299981317,-0.11201927818481572,5.100666658695758,5.212685936880574
2021-03-17,252.02,254.28,250.6601,252,251.1079786245235,254.26949727119867,-0.5229168532241362,4.559039870350404,5.08195672357454
2021-03-18,253.76,255.64,251.38,252.46,251.23674256504506,253.94049776734437,-0.770022431357396,4.1194286843777945,4.8894511157351905
2021-03-19,252.31,252.5,248.52,250.99,251.21324327313602,253.4040436278272,-1.0229257305673336,3.6107939525260235,4.633719683093357
2021-03-22,250.6,251.67,248.86,250.36,251.13198200902784,252.85058115004045,-1.2102670279167658,3.1208858981974004,4.331152926114166
2021-03-23,250.2,251.17,247.71,248.31,250.86322181769185,252.0250209409422,-1.434557231525794,2.5379563867069237,3.9725136182327176
2021-03-24,249.55,251.89,248.5,249.63,250.7457721207688,251.5895625880436,-1.4519134574866315,2.1576217963744284,3.60953525386106
2021-03-25,249.38,251.53,246.79,250.75,250.74617477593367,251.43691484476295,-1.3481119614922865,1.9243953019957019,3.2725072634879884
2021-03-26,252.75,257.39,252.42,256.77,251.31987241632095,252.40656669116967,-0.8580334259736166,2.1999654810209677,3.0579989069945843
2021-03-29,253.93,260.05,253.3,258.82,252.03417028143323,253.57264547459337,-0.40293514577522327,2.5543299747755555,2.9572651205507787
2021-03-30,259.94,261,257.24,258.19,252.6204397784396,254.41216447921275,-0.16373178412237,2.7526003903978165,2.9163321745201864
2021-03-31,256.86,257.68,255.17,255.47,252.89182646620725,254.60449821026498,-0.20539234984029875,2.659591737219813,2.8649840870601118
2021-04-01,255.74,258.47,254.8,258.2,253.39736680275894,255.2582258083986,-0.07263466978180588,2.7741907498328544,2.8468254196146603
2021-04-05,260.02,263.35,260,262.66,254.2795223453533,256.6040029341443,0.2730557182355482,3.1881450674090956,2.9150893491735475
2021-04-06,262.86,263.34,261.94,263.06,255.11575831246253,257.7778205824817,0.4743644767282329,3.5080449450838387,3.033680468355606
2021-04-07,262.99,264.34,262.4003,263.62,255.925686092228,258.84003502203046,0.5837543428189571,3.7633733968793024,3.1796190540603453
2021-04-08,262.72,263.93,261.911,263.51,256.648001702492,259.6891195634795,0.5857085013918955,3.9117546808002146,3.326046179408319
2021-04-09,264.22,266.24,263.35,266.01,257.53962058796895,260.83837055193777,0.6854507540594712,4.182859621982658,3.4974088679231867
2021-04-12,266.53,268.34,266.53,267.93,258.5291805319719,262.12775772431274,0.8026795099991411,4.500758255422113,3.698078745422972
2021-04-13,267.42,268.2,266.05,267.1,259.3454490527365,263.0318017744377,0.7473950978549313,4.632322617741636,3.8849275198867046
2021-04-14,267.31,268.44,267.15,267.53,260.124930095333,263.84965599726723,0.6655876661287241,4.71691210254761,4.051324436418886
2021-04-15,268.06,269.28,266.3943,269.14,260.9835081814918,264.81153672503683,0.6452324346954885,4.857864979788246,4.212632545092758
2021-04-16,270.47,272.97,270.11,272.11,262.04317406896877,266.1385300477574,0.7497827143023432,5.149860937970686,4.400078223668343
2021-04-19,272.3,272.92,268.8475,270.28,262.82763368144794,266.8915245845288,0.619106957192936,5.173961920159513,4.554854962966577
2021-04-20,268.53,269.31,266.801,267.89,263.3097638070243,267.0730655691599,0.3106973547487275,4.943226656402487,4.63252930165376
2021-04-21,267.8,272.46,267.75,272.21,264.15740534921247,268.00705364749444,0.3345633444057299,5.050733482160922,4.716170137755192
2021-04-22,272.04,272.08,268.78,269.51,264.6671762683351,268.2803166206773,0.11667960579223369,4.862019644995485,4.745340039203251
2021-04-23,269.86,272.6906,269.56,271.98,265.3636356713508,268.9529863260087,0.08836503209709434,4.855796329324619,4.767431297227525
2021-04-26,272.28,273.98,270.63,270.86,265.88709894074594,269.2997160849162,-0.048953779739491665,4.70623907255316,4.755192852292652
2021-04-27,271.07,274.16,270.05,273.65,266.62642285115106,270.0906767967496,0.0022427838383238807,4.757996332090556,4.755753548252232
2021-04-28,273.54,273.96,272.13,272.95,267.2286682938986,270.61055374279516,-0.053815434366551784,4.688484255294043,4.7422996896605945
2021-04-29,274.47,277.79,274.35,277.6,268.21641417067013,271.88136215319605,0.16738695019287508,4.951533377401688,4.784146427208813
2021-04-30,276.29,277.41,274.21,274.95,268.85770805917775,272.4392963071604,0.08452466002893111,4.889802252244976,4.805277592216045
2021-05-03,278.55,281.12,277.67,279.18,269.8407834821132,273.6648787967676,0.25429717890160486,5.123149065843052,4.868851886941447
2021-05-04,278.54,280.8,276.78,280.26,270.83308981715004,274.86399174280984,0.3719113100183753,5.333741024464416,4.961829714446041
2021-05-05,282.52,283.5,282.23,282.76,271.9689860250405,276.2996296077535,0.5404414685799903,5.637381550171028,5.096940081591038
2021-05-06,284.69,290,284.05,289.71,273.6586064036081,278.7378787699801,1.0148070059036218,6.365448838970565,5.350641833066943
2021-05-07,289.97,291.07,287.77,290.93,275.3035010318359,280.9546280845292,1.2880090441849585,6.960653138298142,5.672644094113183
2021-05-10,292.345,295.083,292.07,292.33,276.9250723621372,283.0228775237057,1.4293555424975795,7.459338522235157,6.029982979737578
2021-05-11,289.84,290.51,284.29,285.63,277.75411308955273,283.49689979212286,0.9604670584852366,7.230566802844123,6.270099744358887
2021-05-12,285.46,286.12,282.55,282.91,278.2451499381668,283.3901907390096,0.3854802221867093,6.751950022092274,6.366469799905564
2021-05-13,282.91,288.37,282.85,286.9,279.06942137262706,284.0283378773715,0.20147269103683385,6.618310663701607,6.416837972664773
2021-05-14,288.67,291.375,288.67,290.68,280.1751907657102,285.23773099057667,0.25830848624883096,6.739723580475811,6.48141509422698
2021-05-17,289.99,290.47,288.07,289.22,281.03660116897595,285.9617799013809,0.12812749051704042,6.641574457373281,6.5134469668562405
2021-05-18,290.2,290.31,287.24,287.59,281.66073439097823,286.25781991931166,-0.12358873506832779,6.358961048020831,6.4825497830891585
2021-05-19,284.11,286.56,282.57,286.22,282.09495016326605,286.2509435703459,-0.42141123139140557,5.955785743849901,6.377196975241307
2021-05-20,288.41,289.135,285.9,286.73,282.5363834810502,286.3380447393739,-0.6115822081841111,5.612719215011168,6.224301423195279
2021-05-21,287.12,289.35,286.75,287.74,283.0319660066645,286.59294569585137,-0.6910074697739512,5.3605420859778405,6.051549555751792
2021-05-24,289.11,290.41,287.91,289.73,283.6698740060298,287.16331920569655,-0.6327396027777699,5.260625052279579,5.893364655057349
2021-05-25,290.19,291.6,287.11,287.2,284.006076481646,287.16998844102443,-0.7782365471250801,4.920568971150999,5.698805518276079
2021-05-26,289.64,289.64,285.75,287.33,284.32264062625114,287.19908145174725,-0.8722933931301817,4.608438776863352,5.480732169993534
2021-05-27,288.57,289.99,286.57,289.3,284.79667485232244,287.58106664233867,-0.8097653322513025,4.4685255046794055,5.278290836930708
2021-05-28,289.68,290.46,288.23,289.44,285.2388962949584,287.9190545255498,-0.7673114153606662,4.319151567729875,5.0864629830905415
2021-06-01,291.52,292.07,288.81,289.84,285.6770966478195,288.2683173390862,-0.7213236369769671,4.184808436869332,4.906132073846299
2021-06-02,290.85,290.9,289.22,290.02,286.0907064908843,288.586805095616,-0.6879275015682014,4.046222696886048,4.734150198454249
2021-06-03,288.36,293.272,288.28,291.97,286.6506392060382,289.20193144186766,-0.5496490537512759,4.047088881265154,4.59673793501643
2021-06-04,292.91,293.08,291.45,292.52,287.20962594832025,289.8052166342554,-0.4409731571225466,4.045521488613247,4.486494645735793
2021-06-07,292.56,292.58,288.84,289.46,287.42394728657547,289.74244997348165,-0.5859252355185314,3.7540881013376293,4.340013336856161
2021-06-08,289.18,289.9,285.7,289.19,287.5921427830921,289.6420045237577,-0.7028610634145149,3.4614370075880174,4.164298071002532
2021-06-09,288.88,289.09,287.05,288.58,287.6862244227976,289.4489127921654,-0.8162029220968732,3.1440444183814407,3.960247340478314
2021-06-10,289.88,290.81,284.68,284.91,287.42182209681687,288.62365592086263,-1.114772342703926,2.5667819120984063,3.6815542548023323
2021-06-11,285.45,287.36,285.02,286.82,287.36450570664385,288.2957184807058,-1.1551439525134781,2.2376243141604846,3.3927682666739627
2021-06-14,286.66,286.85,281.5156,283.53,286.9993146869635,287.42922421148654,-1.3607848752633869,1.6917871725947293,3.052572047858116
2021-06-15,284.46,284.965,282.65,283.94,286.7079513834432,286.79481980939806,-1.4200065044749826,1.2775639172643878,2.6975704217393703
2021-06-16,283.73,284.8,281.08,283.11,286.3652893469248,286.1248525713257,-1.4602482825199212,0.872260068589469,2.3325083511093903
2021-06-17,284.29,284.5,277.56,278.69,285.6343094091224,284.773061194721,-1.7122615289446634,0.19218143992856085,1.9044429688732243
2021-06-18,276.5,276.98,272.455,274.04,284.5300894653965,282.82159552295354,-2.094573550543678,-0.7137739693063736,1.3807995812373046
2021-06-21,275.62,278.845,275.4279,277.1,283.8224618972635,281.7813054278711,-2.0417047473577608,-1.1713313529598963,0.8703733943978644
2021-06-22,277.57,277.71,275.93,276.92,283.1650845737146,280.8974317137127,-1.9209602767303338,-1.5308269515150528,0.390133325215281
2021-06-23,276.89,277,274.55,274.66,282.3550765190751,279.7633532203104,-1.8923647610916703,-1.9753226261493069,-0.08295786505763658
2021-06-24,275,276.5765,274.05,275.49,281.7012597077346,278.9863799075267,-1.721515786126497,-2.234852597715758,-0.5133368115892609
2021-06-25,276.37,279.31,275.35,278.38,281.3849492593789,278.87612901524915,-1.335073214177346,-2.1821783293109434,-0.8471051151335974
2021-06-28,278.82,279.06,275.6,276.61,280.9301921870571,278.46410555793113,-1.1281061220459978,-2.2572377676910946,-1.1291316456450968
2021-06-29,276.69,277.975,275.245,276.21,280.4806500740041,278.05426818376185,-0.9544789591382985,-2.32223034456797,-1.3677513854296715
2021-06-30,275.89,278.44,275.66,277.92,280.23677863838464,278.0298557867142,-0.6740197194767226,-2.2102760347755748,-1.5362563152988522
2021-07-01,278.2,280.3,277.55,280.17,280.2304187680623,278.41897291640254,-0.305304574824667,-1.917887033829686,-1.612582459005019
2021-07-02,281.41,281.41,278.57,279.12,280.1246645996754,278.54643238614756,-0.1105034355965866,-1.7507117535007524,-1.6402083179041658
2021-07-06,278.28,278.28,275.095,277.32,279.8575536854206,278.3234446795753,-0.08253141148703858,-1.743372582262964,-1.6608411707759254
2021-07-07,275.99,279.69,275.8,279.24,279.7987390487139,278.4900911014707,0.07699883074072966,-1.5645926323500134,-1.641591463090743
2021-07-08,276.99,277.74,273.16,274.1,279.25600199645544,277.6918927193851,-0.1401038259932914,-1.8167212455823574,-1.676617419589066
2021-07-09,276.03,280.88,275.74,280.49,279.37352561584066,278.20063949767876,0.1542451815835435,-1.4838109426096366,-1.6380561241931801
2021-07-12,279.05,282.2241,278.2735,280.11,279.44366603337966,278.54779595264625,0.32133478250431957,-1.2363876460627807,-1.5577224285671003
2021-07-13,280.11,280.41,278.36,279.21,279.42141212543874,278.6681966885287,0.36598396762087493,-1.1002424690410066,-1.4662264366618816
2021-07-14,279.07,280.7599,277.77,278.31,279.3155633515874,278.60307001788715,0.33071513662011753,-1.0528325158867347,-1.3835476525068522
2021-07-15,277.13,280.64,277.09,279.72,279.35408112762667,278.80614819645314,0.39386912851198597,-0.8912112418668698,-1.2850803703788558
2021-07-16,280.93,280.93,277.22,277.9,279.21559721070986,278.6413939789162,0.3083732408675064,-0.8996138192944727,-1.207987060161979
2021-07-19,274.21,275.5,270.73,272.66,278.59125461921366,277.5538678009314,-0.08477093098778465,-1.3139507238967099,-1.2291797929089252
2021-07-20,272.66,277.805,272,276.89,278.42923036976475,277.43316456439845,-0.04558733366782031,-1.2861639599937007,-1.2405766263258804
2021-07-21,277.64,280.9199,277.63,279.88,278.56739890597765,277.8780437345078,0.18348686449211682,-1.0112180457107343,-1.194704910202851
2021-07-22,278.59,279.27,277.42,277.7,278.48478948636074,277.8456721464155,0.18921683885445728,-0.9581838616347795,-1.1474007004892368
2021-07-23,279.05,279.92,277.74,278.49,278.485285725755,277.96282266524906,0.2437658040007542,-0.842693445488294,-1.0864592494890482
2021-07-26,277.78,280.25,277.78,278.8,278.5152585137783,278.11503672611286,0.29486594969007074,-0.7178768123764598,-1.0127427620665306
2021-07-27,278.07,281.09,276.91,280.78,278.7309481791327,278.59957550318325,0.4470291275132755,-0.45395635267493617,-0.9009854801882117
2021-07-28,280.8,280.98,277.6,278.1,278.6708578763582,278.50874359351354,0.3561508275459576,-0.4557969457557647,-0.8119477733017223
2021-07-29,279.29,281.24,279.08,279.76,278.7745856976574,278.73624475832924,0.3938597496397145,-0.31962308625207925,-0.7134828358917937
2021-07-30,280.01,281.08,277.6,278.29,278.7284346788329,278.6551093477239,0.30954091357734637,-0.3265566939201108,-0.6360976074974571
2021-08-02,279.31,281.98,277.73,278.14,278.67239328084884,278.5614531026832,0.23669138537348644,-0.3402333757805991,-0.5769247611540855
2021-08-03,279.05,282.51,276.77,281.8,278.97026058743467,279.1502798112862,0.4174553213848384,-0.05510560942303755,-0.4725609308078759
2021-08-04,280.17,280.92,278.64,278.78,278.9521405314885,279.08295620923417,0.3204498598110399,-0.07199860604407604,-0.39244846585511595
2021-08-05,280.16,282,278.33,280.21,279.07193667134675,279.2878732621007,0.3376873416457256,0.029660711202041057,-0.30802663044368456
2021-08-06,281.82,285.83,281.5,285.63,279.69651413121846,280.440987214446,0.6794892907476365,0.5413349829908611,-0.13815430775677542
2021-08-09,287.86,288.73,286.061,287.23,280.4139889758643,281.6753531754558,0.9614719677775019,1.063685651965102,0.10221368418760007
2021-08-10,287.01,289.06,286,288.94,281.225990025782,282.9961980526457,1.1960076399999051,1.5972232341874815,0.40121559418757635
2021-08-11,289.45,291.82,288.83,291.28,282.1835147852313,284.50234386125555,1.4259888861865986,2.1837017019208247,0.7577128157342261
2021-08-12,291.81,291.81,288.93,290.24,282.95079909139974,285.5455540683,1.422105688593692,2.5353449264763412,1.1132392378826492
2021-08-13,290.61,291.05,287.12,287.89,283.4211991779331,285.97181696497273,1.1850019458535623,2.594491670199602,1.4094897243460398
2021-08-16,287,289.49,285.21,289.45,283.9953706847966,286.6042138804322,1.0609756600289004,2.7357092993821652,1.6747336393532648
2021-08-17,288.53,290.77,287.6,289.1,284.48152585767315,287.0579931748991,0.890015880336954,2.787253489774457,1.8972376094375032
2021-08-18,289,290.07,285.95,286.36,284.6604281569424,286.93108532491743,0.5440483473437046,2.5772980436171338,2.033249696273429
2021-08-19,284.96,287.155,283.98,285.13,284.7051492848526,286.60361526584154,0.20165021093996582,2.2853124599483863,2.0836622490084205
2021-08-20,284.96,285.92,283.95,285.27,284.7589445910571,286.3611397629613,-0.03359102292599303,2.041673470350929,2.075264493276922
2021-08-23,287.38,287.38,285.39,285.62,284.8409498680993,286.2263870787865,-0.17585838192073044,1.8554415158760094,2.03129989779674
2021-08-24,286.01,286.58,284.18,286.02,284.9532403568517,286.18886215537077,-0.24880192728953499,1.720297488684821,1.969099415974356
2021-08-25,286.2,288.56,285.22,287.3,285.1767412752468,286.3908872180306,-0.21774421404205713,1.6969191484217845,1.9146633624638416
2021-08-26,288.16,288.17,284.985,285.27,285.18562305855664,286.18708954202503,-0.3338688075094527,1.4973273530770257,1.8311961605864784
2021-08-27,285.62,286.71,285.121,286.6,285.3203256244084,286.2621641707478,-0.3209686713799149,1.4299853213615847,1.7509539927414997
2021-08-30,286.3,287.04,285.02,285.66,285.3526755649409,286.15267977606635,-0.3720091251545221,1.2859425862983471,1.6579517114528692
2021-08-31,285.28,286.33,284.76,285.77,285.39242074923226,286.0831016349634,-0.39259424596424597,1.1672089039975617,1.5598031499618077
2021-09-01,286.59,287.14,284.85,285.26,285.37980924930537,285.93344679224276,-0.4316835979080784,1.0201986525767097,1.4518822504847881
2021-09-02,285.35,286.44,284.21,285.05,285.3483988446096,285.7728201027441,-0.46019272163365654,0.8766413484427176,1.3368340700763741
2021-09-03,284.3,284.82,281.71,281.89,285.0190275260754,285.0668528113361,-0.6677891038724479,0.5020976902358143,1.1698867941082622
2021-09-07,281.91,281.91,278.73,278.9,284.43626299978246,283.9456068456386,-0.9643803355602788,-0.03558862534208629,0.9287917102181925
2021-09-08,278.18,279.95,277.59,279.34,283.9509046188508,283.1082237827952,-1.0801114075537388,-0.4213475492239809,0.6587638583297578
2021-09-09,278.91,280.11,278.37,278.61,283.44224703610314,282.2903649131961,-1.148620895548693,-0.7770122611061083,0.3716086344425846
2021-09-10,279.97,279.97,277.49,277.6,282.88584255647424,281.43757129261496,-1.199192435466117,-1.1273819098900617,0.07181052557605527
2021-09-13,278.36,280.84,277.82,279.92,282.60338136061955,281.16164923941227,-1.0206237507114229,-1.2039691628132232,-0.18334541210180044
2021-09-14,280.54,280.78,276.36,277.2,282.0887736119891,280.44134937770093,-1.0271100955038495,-1.4672330314816122,-0.4401229359777628
2021-09-15,277.6,279.06,276.67,278.18,281.7165094584663,280.03019494539166,-0.9107789749965197,-1.5785966547234125,-0.6678176797268928
2021-09-16,278.96,279.21,276.21,277.51,281.31588951004096,279.5719776825932,-0.8267898119576004,-1.7013049446738933,-0.8745151327162929
2021-09-17,277.64,281,275.42,276.76,280.8819952709894,279.06070901303076,-0.7706958038855567,-1.8378848875732388,-1.067189083687682
2021-09-20,273.05,274.91,271.36,274.2,280.24561476899044,278.17694373793427,-0.8487798789991512,-2.128163932436621,-1.2793840534374699
2021-09-21,276.03,276.22,272.59,273.18,279.57269907670565,277.26840851285533,-0.9066571376327814,-2.4127054754784467,-1.5060483378456653
2021-09-22,276.28,276.61,273.67,274.07,279.04863249797177,276.68687969233616,-0.8248769407263614,-2.537144513753617,-1.7122675730272556
2021-09-23,275.15,279.7,275.01,278.12,278.9601913076887,276.9474470210023,-0.4563053302919733,-2.2826492358922224,-1.826343905600249
2021-09-24,278.3,279.13,277.41,277.87,278.8563635640993,277.1151839262746,-0.20067549305304455,-2.0771882719165546,-1.87651277886351
2021-09-27,279.77,280.625,278.12,279.72,278.9386146532327,277.58878684877016,0.10523856437457324,-1.7449645733952934,-1.8502031377698667
2021-09-28,279.14,281.38,275.82,276.79,278.73398468625817,277.4435528762665,0.12134498343565348,-1.6985219084752998,-1.8198668919109533
2021-09-29,277.03,278.78,275.95,277.29,278.59646233518595,277.41563417149075,0.1735792813056194,-1.6028927902789292,-1.7764720715845486
2021-09-30,278.37,278.37,272.84,272.94,278.05775163659683,276.60188250394697,-0.06419166631710693,-1.8567116544809323,-1.7925199881638254
2021-10-01,273.02,277.51,272.22,275.71,277.83415624263523,276.4397220486839,-0.01673986533317562,-1.8134448198302948,-1.7967049544971192
2021-10-04,274.68,276.96,273.05,273.64,277.4347127909557,275.93068167619595,-0.10184281236168746,-1.9240084699492286,-1.8221656575875411
2021-10-05,273.86,279.67,273.2,278.05,277.49331157276947,276.316012280524,0.14820331158551392,-1.6369115181056486,-1.7851148296911625
2021-10-06,276.28,280.3931,274.6101,280.22,277.7529961848867,277.0258282295196,0.45191719702770183,-1.2202183334065353,-1.6721355304342371
2021-10-07,282.14,284.99,282.14,282.95,278.24794892918317,278.10295036960696,0.8080556929518177,-0.6620659142444651,-1.4701216071962828
2021-10-08,282.59,284.72,281.71,284.14,278.80909665021335,279.20059575695115,1.0782626259889123,-0.12229332471014231,-1.2005559506990546
2021-10-11,284.43,285.61,280.8,280.93,279.01108744543114,279.51503289205095,0.9971893268214214,0.04593070782772202,-0.9512586189936993
2021-10-12,281.46,281.52,278.215,278.62,278.9738410220568,279.3522996389508,0.7553534810961262,-0.007066767623541637,-0.7624202487196678
2021-10-13,278.47,279.41,275.55,277.9,278.87157044852756,279.08824515914154,0.5251807024185071,-0.10594437069653395,-0.6311250731150411
2021-10-14,280.81,282.38,279.3,281.64,279.13523040581066,279.55220058475214,0.5978139331888748,0.11614234337105245,-0.4816715898178223
2021-10-15,283.94,284.97,282.27,284.21,279.61854179573345,280.3990732057063,0.7804033448305636,0.49383259122038226,-0.28657075361018136
2021-10-18,282.83,283.51,281.57,282.59,279.9015378151874,280.79742353194155,0.7531648132859485,0.6548852629972544,-0.0982795502886942
2021-10-19,283.6,285.15,283.0501,284.83,280.3709151661219,281.5306192534067,0.8404576482051309,0.9522925099677195,0.11183486176258856
2021-10-20,284.34,287.7,284.32,287.49,281.04892324553884,282.6141430255146,1.0198483359476085,1.386645281697099,0.3667969457494907
2021-10-21,286.99,287.28,285.25,286.82,281.59854960310656,283.3788442936028,1.0327229561627245,1.6577006409528963,0.6249776847901718
2021-10-22,287.66,289.8,286.24,289.24,282.3263067837631,284.4445089674932,1.135396419019158,2.0442232085641194,0.9088267895449613
2021-10-25,289.7,290.47,287.6,290.26,283.0818966138809,285.5018709734035,1.1970392167169273,2.4051258104411204,1.2080865937241931
2021-10-26,290.65,292.22,290.3,290.85,283.8217159839875,286.47425806914833,1.1995634811215126,2.707540945126084,1.5079774640045713
2021-10-27,290.85,290.945,287.64,287.78,284.1986954140839,286.71166569293956,0.9285943706700868,2.66872042734218,1.740126056672093
2021-10-28,288.21,289.86,287.2,289.72,284.7245339460759,287.25863556695055,0.8180196011516072,2.762650558111602,1.9446309569599949
2021-10-29,288.81,290,286.74,287.01,284.94219737978295,287.21342910023225,0.5151568404178781,2.5885770074823427,2.0734201670644645
2021-11-01,288.05,288.42,285.62,286.24,285.06579762932745,287.03644199109914,0.23028037956400293,2.361270641519468,2.130990261955465
2021-11-02,286.61,288.5,285.22,287.93,285.3385788074867,287.1989070836266,0.12807767526176894,2.2910873560326763,2.1630096807709074
2021-11-03,287.21,288.88,286.13,288.72,285.66061892105944,287.4754694320581,0.08800116486351417,2.2730111368503003,2.185009971986786
2021-11-04,289.13,289.13,285.25,287.69,285.85389330952995,287.51447498986573,-0.027383694485376253,2.150780353880066,2.178164048365442
2021-11-05,288.83,290.7,286.82,287.88,286.0468558514795,287.58093408261743,-0.10600174016340969,2.0456618731611798,2.1516636133245894
2021-11-08,290,295.65,288.61,288.8,286.3090600561005,287.80258243123245,-0.11062527746483042,2.0133820164935514,2.124007293958382
2021-11-09,288.79,288.99,285.3,286.35,286.31295909837667,287.53847653464476,-0.28344150664322276,1.7697054106543533,2.053146917297576
2021-11-10,286.49,287.24,284.52,285.32,286.2183915651979,287.13511716470936,-0.4613512412083831,1.476457865787097,1.9378091069954801
2021-11-11,286.5,287.07,284.245,284.65,286.06902093994097,286.68327768021675,-0.6091012922297121,1.17643249170834,1.785533783938052
2021-11-12,284.88,286.1,283.8,285.99,286.06149513613707,286.55722719290463,-0.6005407667489768,1.034857825501831,1.6353985922508079
2021-11-15,286.6,286.99,284.24,284.67,285.92897178983833,286.21409497601286,-0.6628427889178163,0.8068451061035375,1.4696878950213539
2021-11-16,284.47,285.16,283.12,283.36,285.68430780985375,285.6951686167378,-0.7641451787329874,0.5145064216051196,1.278651600338107
2021-11-17,283.12,283.12,280.9,281.59,285.2943737327248,284.9487743227855,-0.9121962886809447,0.1384062394869261,1.0506025281678708
2021-11-18,281.1,281.75,279.25,280.63,284.8501476629415,284.1635426277336,-1.0280161193560609,-0.23441762102720531,0.7935984983288555
2021-11-19,280.96,280.97,278.01,279.99,284.38727645694706,283.4047166954184,-1.0947978325954586,-0.5748987924154676,0.5198990401799909
2021-11-22,280.73,286.44,280.01,284.97,284.4427739372378,283.6893136598878,-0.7661920597221846,-0.4378410344727399,0.3283510252494447
2021-11-23,285.15,288.73,285.05,288.56,284.8348907051199,284.57489299445365,-0.293951374109018,-0.039088192386827814,0.2548631817221902
2021-11-24,287.44,288.315,286.09,287.28,285.0677582570132,285.0667306318257,-0.06656079309198382,0.17166219035721042,0.23822298344919424
2021-11-26,280.28,284.71,279.76,283.09,284.87940032777385,284.70732506240284,-0.19011540030105872,0.0005787330728708184,0.19069413337392954
2021-11-29,284,284.98,281.42,282.12,284.6166002965573,284.23690232378414,-0.3212325269314463,-0.2108465252903784,0.11038600164106795
2021-11-30,279.94,280.2,275.89,276.69,283.86168598259945,282.8647382649143,-0.7341109445052042,-0.8072526789904373,-0.0731417344852331
2021-12-01,279.54,281.72,274.79,275,283.0177158890186,281.4347858531117,-1.0615968617046065,-1.4001378116159913,-0.3385409499113847
2021-12-02,276.68,280.37,275.29,279.09,282.64364770911203,281.0084611525459,-0.9471073702196282,-1.52242516268592,-0.5753177924662918
2021-12-03,278.71,279.97,275.27,277.43,282.14710983205373,280.35783185208305,-0.9263909010611897,-1.733306418792779,-0.8069155177315892
2021-12-06,278.73,283.1678,278.73,281.38,282.07405175281053,280.5436806062498,-0.6054070108870576,-1.5636742813404112,-0.9582672704533536
2021-12-07,282.42,285.41,282.12,284.97,282.349856347781,281.348465950568,-0.13464233822582627,-1.1265701932356365,-0.9919278550098102
2021-12-08,284.97,285.97,282.28,283.72,282.4803462194209,281.7796539595557,0.09675314936635371,-0.8709864183018681,-0.9677395676682218
2021-12-09,283.77,284.95,281.78,284.52,282.6745989604284,282.2778986941819,0.29659222611412883,-0.5969992850255608,-0.8935915111396896
2021-12-10,285.49,288.5,284.23,288.23,283.2036847737209,283.3600989316034,0.6512098693040685,-0.07957917450960394,-0.7307890438136725
2021-12-13,288.5,291.58,285.84,290.01,283.85190527146176,284.56917185313006,0.9595977463604414,0.46870813913687925,-0.4908896072235621
2021-12-14,289.67,296.41,289.67,295.03,284.9164857217987,286.4711406071064,1.427425612920215,1.2933924089267066,-0.13403320399350832
2021-12-15,295.8199,296.5,292.8133,294.58,285.83682041496075,287.9454786785416,1.6183270534279,1.8888756127913666,0.2705485593634667
2021-12-16,296.88,301.58,295.1,300.17,287.20188513734547,290.1681189188067,2.0074192008315173,2.779822560402863,0.772403359571346
2021-12-17,297.85,298,292.3501,293.66,287.8169436956935,290.8030063881146,1.7235675438026161,2.926862789324616,1.203295245522
2021-12-20,290.775,291.58,287.59,289.61,287.98771096277034,290.58609613573014,1.1858708140647534,2.685633763102942,1.4997629490381885
2021-12-21,292.14,295.41,291.5,293.24,288.487928966316,291.0686241110519,1.0046726802811552,2.7556037993896325,1.7509311191084773
2021-12-22,292.86,294.57,291.74,294.41,289.0519357314288,291.6761469999516,0.8971383602506264,2.8723540694217604,1.975215709171134
2021-12-23,295.22,296.78,294.21,294.49,289.56984661414987,292.187756636324,0.7698062049666681,2.937473465379469,2.167667260412801
2021-12-27,295.25,296.69,294.46,296.67,290.24605169851657,293.0027099751742,0.769002662040223,3.12892058796308,2.359917925922857
2021-12-28,296.96,299.79,296.8,298.29,291.01214201294357,293.96403543423344,0.810056320762977,3.372488326876578,2.562432006113601
2021-12-29,299.23,300.65,298.86,299.46,291.81669991647277,294.9633017189183,0.8446289310119672,3.61821816987856,2.7735892388665926
2021-12-30,300.88,301.6463,299.74,299.98,292.59415706728487,295.875428679115,0.8299204306124799,3.8109897771321926,2.9810693465197127
2021-12-31,299.94,300.69,298.84,299,293.20423734659107,296.44353255563954,0.6874764764244259,3.840414942050245,3.152938465625819
2022-01-03,300.1,301.3,299.2,300.79,293.92669093263004,297.2337993637051,0.6476455927275797,3.9624954565352937,3.314849863807714
2022-01-04,301.65,309.21,301.65,308.53,295.31748227237955,299.2876540248496,1.052457578813967,4.630421837325173,3.577964258511206
2022-01-05,309.87,314.48,309.5,309.92,296.70819824643866,301.2208078385133,1.3071012593313718,5.211840832675421,3.904739573344049
2022-01-06,312.98,314.11,310.22,313.22,298.2807507943969,303.40247914060177,1.57318610237248,5.871222201309649,4.298036098937169
2022-01-07,315.56,320.2,314.14,319.78,300.32829833778766,306.3802102059469,2.036953411970141,6.844227863899846,4.807274451929705
2022-01-10,321.4,322.1,315.12,318.93,302.0998889722841,308.66199016850203,2.1227812954033958,7.4607510711839495,5.337969775780554
2022-01-11,318.61,320,315.04,319.8,303.78561383206653,310.68708286513805,2.072152962746392,7.928160979213544,5.856008016467152
2022-01-12,320.62,321.05,317.26,320.39,305.3669839432983,312.45124961693114,1.916058736672964,8.251081437308358,6.335022700635394
2022-01-13,321,323.47,320.1,321.26,306.880604520127,314.05284059567094,1.715545109513526,8.479454087527301,6.7639089780137756
2022-01-14,318.87,324.405,316.5,324.13,308.52340408963875,315.88505139645804,1.6214267712805377,8.790692442114448,7.16926567083391
2022-01-18,322.22,323.29,318.07,320.29,309.64403227157794,316.6859511425566,1.1670166939315987,8.62803653824841,7.4610198443168105
2022-01-19,321.35,321.35,314.58,314.75,310.13031491238,316.3339600257281,0.39945376604859906,7.960337051877559,7.56088328582896
2022-01-20,315.58,317.18,310.68,311.01,310.2140944445343,315.36596729377754,-0.4101890258151988,7.048147003559961,7.45833602937516
2022-01-21,309.99,311.02,304.14,305.22,309.7384664021977,313.52124596763616,-1.333655155242683,5.791267085321806,7.124922240564489
2022-01-24,299.7,304.73,296.085,303.73,309.16623150675025,311.74101942806595,-2.00259830278509,4.621674362083127,6.624272664868217
2022-01-25,301.87,309.13,294.81,307.19,308.97801898229784,310.9135613502358,-2.1564825085276897,3.928669529208605,6.085152037736295
2022-01-26,310.4,313.33,306.57,309.26,309.0048743173171,310.6129138320111,-2.0632623764115596,3.506074067221846,5.569336443633405
2022-01-27,311.7,315.92,305.3111,307.67,308.87774342995357,310.07783858982725,-2.048918843158255,3.008187889685587,5.057106732843842
2022-01-28,307.68,313.29,304.0681,312.9,309.2608154842437,310.5909588462223,-1.6448591779595798,3.0010327603943665,4.645891938353946
2022-01-31,312,313.3,307.84,313.02,309.6188330571729,311.0326026923637,-1.3400737619611887,2.9707997359024603,4.310873497863649
2022-02-01,312.64,314.6,310.31,313.96,310.0322775279183,311.5648567482976,-1.0581040937373327,2.9882433806919835,4.046347474429316
2022-02-02,313.57,320.1604,313,319.6,310.9434891919261,313.0257918849708,-0.5028615569400854,3.4177705282542092,3.9206320851942946
2022-02-03,319.33,319.65,314.61,315.23,311.3517283165046,313.42655699679426,-0.4431123031780624,3.366741706221717,3.8098540093997793
2022-02-04,315.87,317.8387,312.7,314.99,311.6982303815994,313.7108193610135,-0.43248390039730733,3.269249133903145,3.701733034300452
2022-02-07,314.91,318.22,312.06,316.51,312.1564941547804,314.21976129537467,-0.3398958472083953,3.276863225289958,3.616759072498353
2022-02-08,318.27,322.65,316,321.44,313.0406375686108,315.5325319689429,0.01760223329931776,3.6387618641225004,3.6211596308231826
2022-02-09,323.8,325.63,321.54,322.38,313.93010065731454,316.7775261564078,0.2677275489698703,3.95581906703552,3.68809151806565
2022-02-10,320.99,322.46,318.485,319.85,314.4939005947132,317.3361577643337,0.21538421474954017,3.9573217865025754,3.741937571753035
2022-02-11,320.01,323.12,317.74,319.14,314.93638625235957,317.66412907990934,0.09186055859719833,3.856763269999533,3.7649027114023346
2022-02-14,319.61,320.43,312.17,314.28,314.8738732759444,317.04883288356217,-0.3348549038193189,3.3463340816281857,3.6811889854475046
2022-02-15,316.64,317.9399,314.6901,316.2,315.0001710591878,316.8944996320054,-0.495789024203372,3.0614527051932896,3.5572417293966616
2022-02-16,315,316.9,314.28,315.65,315.0620595297413,316.6682269716408,-0.6381997420757757,2.759492051801942,3.397691793877718
2022-02-17,314.98,315.44,312.3,313.55,314.91805386024214,316.1012766131607,-0.8589977375690685,2.3239446219163824,3.182942359485451
2022-02-18,313.83,315.6767,313.08,314.8,314.9068106354572,315.8646808653133,-0.9016057608955856,2.055935158365969,2.9575409192615547
2022-02-22,313.44,315.43,310.55,314.16,314.8356858130327,315.5547388898018,-0.9488546215023868,1.7714726423835714,2.720327263885958
2022-02-23,316.081,316.8,309.38,309.99,314.3741919260772,314.5429681825651,-1.219649127320868,1.1957658547348728,2.415414982055741
2022-02-24,301.78,308.81,299.51,308.28,313.7937926950222,313.404246694826,-1.4565909372352204,0.5946763105117157,2.051267247746936
2022-02-25,311.16,321.43,310.78,319.24,314.3124791050201,314.4652927503122,-0.8480039860353039,0.9912622652028062,1.8392662512381102
2022-02-28,317.35,322,315.19,321.45,314.9922429997801,315.7352395229827,-0.29783090739403706,1.466977616995564,1.764808524389601
2022-03-01,320.26,321.2,313.59,316.84,315.1682198569439,315.9361050642585,-0.24766914466163747,1.4552220935625542,1.7028912382241916
2022-03-02,319.48,325.75,318.12,323.64,315.9750560610445,317.33681323439333,0.2151896818357315,1.971878340518856,1.7566886586831245
2022-03-03,326.63,329.47,323.8852,327.74,317.0955269123736,319.22830173723094,0.7396570549863497,2.6812599774160617,1.941602922429712
2022-03-04,322.66,325.61,320.12,325.34,317.8807148254809,320.33951960318893,0.8587453824211799,3.0150346504561867,2.1562892680350068
2022-03-07,325.68,326.44,320.35,322.72,318.34159912781604,320.7723342207909,0.7015100301174044,3.0331768056817623,2.331666775564358
2022-03-08,325.3,327.29,318.03,318.52,318.3585896870716,320.36281890791986,0.27689209352826083,2.677781892474684,2.400889798946423
2022-03-09,326.59,327.47,322.575,325.4,319.0292001930648,321.2786700155708,0.4134117290634096,2.917654460275685,2.5042427312122753
2022-03-10,322.49,325.7,321.58,325.3,319.62641922229676,322.0098209218307,0.44809539647963925,3.064361976811824,2.616266580332185
2022-03-11,326.53,331.4899,326.23,326.6,320.2905697725542,322.84439893604326,0.5054555061072352,3.248085962966229,2.742630456858994
2022-03-14,328.65,333.48,327.6498,329.98,321.21337265135855,324.14178094767175,0.7056105640666344,3.6246436619422866,2.9190330978756522
2022-03-15,332.7,334.58,329.38,332.55,322.29305144646725,325.67054804809504,0.9314737334655794,4.083375264707627,3.1519015312420473
2022-03-16,335.11,337.34,331.7117,336.11,323.60895130870847,327.5686302211687,1.2226665986280856,4.680234779527154,3.457568180899069
2022-03-17,337,345.13,336.2,344.97,325.6433368983553,330.73251563550167,1.8749889540187081,5.801304373422454,3.9263154194037457
2022-03-18,344.12,346.87,339.27,342.41,327.2401619556548,332.855694610865,1.986393261967172,6.4093069968627105,4.4229137348955385
2022-03-21,344.99,351.21,344.3,349.66,329.3753846265448,335.911022863435,2.374444509194512,7.390969371388678,5.016524862194166
2022-03-22,351.01,354.95,348.9,349.93,331.33296704306434,338.45992779735593,2.4646912780316095,8.097388959733678,5.632697681702068
2022-03-23,349.13,350.79,346.2473,348.16,332.93554161039157,340.2235772887458,2.2277435203305007,8.417377082115195,6.189633561784694
2022-03-24,351.5,352.5694,349.13,352.37,334.7864424094019,342.4320177817011,2.174689916723601,8.907995957689195,6.733306040965594
2022-03-25,353.9,359.01,353.6,358.76,337.06963837041127,345.4007418213918,2.3738447127568687,9.70061193191168,7.326767219154812
2022-03-28,360.59,361.38,355.53,359.57,339.2125299541816,347.97697058113874,2.359125787717817,10.275674453802083,7.916548666084266
2022-03-29,361.39,362.1,352.55,355.12,340.7275271014024,349.27570320274987,1.8700687115523706,10.254134555524729,8.384065843972358
2022-03-30,354.66,357.85,351.84,357.61,342.3353816631736,350.79102989315896,1.5479751738040086,10.319034811227368,8.77105963742336
2022-03-31,359,360,352.32,352.91,343.3424881714428,351.1762971853119,0.8850386714040415,9.877357976678411,8.99231930527437
2022-04-01,353.65,354.5824,349.02,351.88,344.1555845360673,351.30424315161883,0.275414272946211,9.336587146457134,9.061172873510923
2022-04-04,352,352.235,344.31,345.43,344.27695743739423,350.2361989422336,-0.6153570759944476,8.291976528517864,8.907333604512312
2022-04-05,345.77,349.44,344.28,344.8,344.32677101478527,349.2477991345548,-1.2628288540659085,7.328797536929926,8.591626390995835
2022-04-06,341.17,346.97,340.55,344.71,344.36326901337713,348.42274474645393,-1.6865238532456317,6.483471574438795,8.169995427684427
2022-04-07,346.22,347.67,342.4,346.51,344.5677195835317,348.0749729743714,-1.8232897970872957,5.890883181325307,7.714172978412603
2022-04-08,348.93,353.85,347.73,353.1,345.38031771843345,348.9886142517584,-1.4632024150636065,5.885169959583095,7.348372374646702
2022-04-11,352.98,354.33,349.34,352.02,346.01266841191597,349.53977529689325,-1.296719916819928,5.727472478621792,7.02419239544172
2022-04-12,352.26,354,348.39,349.74,346.3676523726859,349.5761797883672,-1.333938206228268,5.3567696376563845,6.690707843884653
2022-04-13,349.46,350.72,345.245,346.22,346.3535902419539,348.96596528139133,-1.5729747468996838,4.724489410260048,6.297464157159732
2022-04-14,346.16,347.56,344.14,344.33,346.1608673617678,348.12306250295654,-1.8183684474913395,4.024503597795558,5.842872045286898
2022-04-18,344.45,347.1899,343.585,346.65,346.20745142255186,347.8552329569644,-1.7820659553011655,3.615289601160441,5.397355556461607
2022-04-19,347,349.13,345.85,348.5,346.42578938230884,347.9724633284254,-1.5970373966723415,3.40105881062118,4.998096207293521
2022-04-20,350,350.59,347.7,348.82,346.65380944113656,348.12656090507534,-1.422490778057619,3.2199827347214978,4.642473512779117
2022-04-21,350.86,350.86,342.96,343.6,346.3629704467426,347.3035498314253,-1.6139717718735351,2.6250087979371983,4.2389805698107335
2022-04-22,342.94,343.21,335.11,335.56,345.3341161184814,345.16835895298436,-2.201121275749391,1.487578975123995,3.688700250873386
2022-04-25,332.3,337.85,328.53,336.95,344.5356288691022,343.67411187062356,-2.398671418717212,0.6903609774768711,3.089032396194083
2022-04-26,333.53,337.39,330.36,330.65,343.2131880244258,341.3060915305102,-2.8269631025244717,-0.44467148196150674,2.382291620562965
2022-04-27,330.6,333.135,328.43,329.58,341.9147891649567,339.17407488859925,-3.0372177536268268,-1.4142305714705685,1.6229871821562583
2022-04-28,331.53,332.06,327.83,331.27,340.9009997206751,337.7369703633994,-2.9167299347057165,-2.0229252362258876,0.893804698479829
2022-04-29,330.19,330.64,320.5,322.83,339.17995212822984,335.0266121155086,-3.235080430642815,-3.15004583982369,0.08503459081912512
2022-05-02,324.11,324.37,311.74,318.19,337.1809090683984,331.96540991268887,-3.561917296377707,-4.367362029653009,-0.8054447332753017
2022-05-03,319.42,323.58,317.67,318.99,335.44844153807475,329.6062444740182,-3.521653504531144,-5.207511613939232,-1.685858109408088
2022-05-04,319.1,327.28,318,326.8,334.6247804392105,329.0960182060149,-2.798020442879465,-5.183383663007419,-2.385363220127954
2022-05-05,325.85,325.85,315.16,318.68,333.10622992119045,327.2021967140122,-2.6942369328602034,-5.753159386203208,-3.058922453343005
2022-05-06,317.99,320.372,314.19,318.88,331.7513508810771,325.68907003873727,-2.4472999424910737,-6.118047381456847,-3.6707474389657735
2022-05-09,315.35,316.92,311.56,312.96,329.9616984162126,323.3746936680578,-2.5085681800189175,-6.80645766398942,-4.297889483970502
2022-05-10,315.96,318.11,310.24,312.53,328.30153666228756,321.40293118295637,-2.4037251925405076,-7.3025459746461365,-4.898820782105629
2022-05-11,313.17,317.55,311.01,311.54,326.7051998373078,319.6096709678734,-2.230522265786261,-7.686973614338456,-5.456451348552195
2022-05-12,307.95,309.07,302.55,308.06,324.929466519469,317.5097307918964,-2.1773744085447664,-8.178169359233152,-6.000794950688386
2022-05-13,311.25,312.47,307.9001,310.36,323.54189827951956,316.20977973882435,-1.8284320679391737,-8.286335035612353,-6.45790296767318
2022-05-16,310.28,311.95,307.13,309.29,322.184574633851,314.95163796812903,-1.5232817702757178,-8.362005180517826,-6.838723410242109
2022-05-17,315.21,315.44,312.1,314.6,321.46223419253187,314.8877037921056,-0.850947397136669,-7.902407656662945,-7.051460259526276
2022-05-18,312.94,314.17,305.57,306.64,320.0505928408622,313.38812128445,-0.8286349554603856,-8.087253953851757,-7.258618998391372
2022-05-19,303.93,306.3144,301.21,304.15,318.53625066554196,311.70846286909546,-0.8639420747079143,-8.338546591776264,-7.47460451706835
2022-05-20,307.05,307.46,298.11,304.05,317.1566077450141,310.31601507471447,-0.7790198456629414,-8.448379324147027,-7.669359478484085
2022-05-23,307.38,312.44,306.62,310.2,316.4940736740604,310.29492142476636,-0.2225560112434639,-7.947554492538416,-7.724998481294952
2022-05-24,309.39,310.31,303.75,309.17,315.7965428479594,310.090390256627,0.1425866363899262,-7.546765185807544,-7.68935182219747
2022-05-25,308.59,310.99,305.92,308.64,315.1149673386299,309.82668293724026,0.40025533781668265,-7.189032649926617,-7.589287987743299
2022-05-26,311.27,314.39,310.98,312.5,314.865922830189,310.31274058501475,0.8563013140526738,-6.518911345177457,-7.375212659230131
2022-05-27,314.73,319.24,314.15,319.11,315.2701206558853,311.91224229683024,1.5863265308699983,-5.392304495642634,-6.978631026512632
2022-05-31,318.98,318.98,314.8,315.98,315.33772821246765,312.65183460649746,1.8246078950199731,-4.697871157737666,-6.522479052757639
2022-06-01,316,316.7901,309.61,312.21,315.0398493350898,312.5715010416797,1.697180680813318,-4.401003201740991,-6.098183882554309
2022-06-02,312.65,315.09,308.61,314.95,315.03129225555745,313.00395539773797,1.758799133154457,-3.899684966111238,-5.658484099265695
2022-06-03,312.5,313.8,310.3977,310.94,314.6416453740758,312.6286907799674,1.5008997160110447,-3.782359454251889,-5.283259170262934
2022-06-06,313.38,315.78,311.48,312.15,314.40434581464,312.54165609270063,1.3859595530443327,-3.5508097289575176,-4.93676928200185
2022-06-07,310.58,313.79,309.3932,313.65,314.33250335610285,312.74317316675507,1.3819970746218377,-3.2092729387245527,-4.59127001334639
2022-06-08,312.16,312.8,307.93,308.74,313.79988398885496,312.0153235000723,1.0355799025897356,-3.296795135109221,-4.332375037698957
2022-06-09,308.1,308.38,300.57,300.8,312.5617997994402,309.97617377278647,0.2969507061963137,-3.961186654953565,-4.2581373611498785
2022-06-10,296.08,298,291.61,291.71,310.57591410425545,306.6550512686435,-0.7228563497720071,-5.161707798364887,-4.43885144859288
2022-06-13,285.43,287.4347,280.1,281.56,307.81249371337395,302.09231467434466,-1.931439457583183,-6.853150770571858,-4.921711312988675
2022-06-14,282.09,283.96,276.1014,277.64,304.9389228835288,297.64643927900926,-2.7930016270913836,-8.412963346852905,-5.6199617197615215
2022-06-15,281.16,282.5,273.87,278.93,302.461882608907,294.2434503191894,-3.0530374386300636,-9.436258518049101,-6.383221079419037
2022-06-16,273.39,273.4,266.88,268.56,299.2331318842492,289.57373207933676,-3.6595721457912704,-10.957686261658125,-7.298114115866855
2022-06-17,268.39,270.5,265.68,268.08,296.26616694289214,285.66578079218465,-3.8119924959967513,-12.063104735862794,-8.251112239866043
2022-06-21,273.85,273.98,270.34,271.77,293.9331986626167,283.1392751936056,-3.3969846781941477,-12.497343087608726,-9.100358409414579
2022-06-22,267.38,273.395,267.38,269.79,291.63384640903416,280.7121342493137,-3.0021830117967987,-12.853087174160578,-9.85090416236378
2022-06-23,269.85,270.71,263.68,267.52,289.33728960817376,278.3135643858021,-2.652406865517488,-13.16641274426064,-10.514005878743152
2022-06-24,268.97,279.67,268.5701,278.28,288.2842144073953,278.3074617702017,-1.5115981552071354,-12.403503572752072,-10.891905417544937
2022-06-27,280.53,282.03,277.61,278.4,287.3428606543101,278.3242869028923,-0.6103633413602871,-11.654859594245295,-11.044496252885008
2022-06-28,280.51,282.45,273.68,273.86,286.0587786872329,277.5125983750937,-0.2025321945324574,-11.29766149605058,-11.095129301518122
2022-06-29,274.95,275.94,272.97,273.49,284.8617521455917,276.7812168523494,0.14124517995861297,-10.918572826569857,-11.05981800652847
2022-06-30,270.51,274.92,268.68,273.02,283.7339662269639,276.0973592428313,0.4201498201229672,-10.534630731374762,-10.954780551497729
2022-07-01,272.5,278.4,271.63,277.5,283.14025515772926,276.3523848350438,0.9587126745694228,-9.756389708285951,-10.715102382855374
2022-07-05,274.2,275.86,271.39,275.69,282.43070704746935,276.2319512286722,1.2281937070231805,-9.179860249076398,-10.408053956099579
2022-07-06,274.84,277.51,272.87,275.65,281.78492542390086,276.12614191436813,1.4250507884765167,-8.626740470503933,-10.05179125898045
2022-07-07,277.5,279.59,277.1,279.28,281.54636109781507,276.6995706572103,1.797031858107566,-7.805501436345992,-9.602533294453558
2022-07-08,279.79,282.61,279.25,280.83,281.4781362313565,277.45055781044476,2.122440848625814,-6.94948223367129,-9.071923082297104
2022-07-11,279.38,281.4563,277.8701,278.51,281.1954565902749,277.6431836630912,2.149789054217422,-6.384686764525327,-8.534475818742749
2022-07-12,277.57,282.18,276.655,277.28,280.8225559626297,277.57715026980185,2.053546345535187,-5.9675428868237645,-8.021089232358952
2022-07-13,275.37,280.09,274.4529,277.47,280.5032649185697,277.5576684025651,1.970825083072559,-5.557557878518253,-7.528382961590812
2022-07-14,273,275.345,271.2,274.41,279.922953973944,276.9853650566442,1.6890158699864095,-5.4171131241078,-7.10612899409421
2022-07-15,277.53,280,276.06,278.48,279.78552978594934,277.25711686452706,1.74836542524113,-4.920672212542797,-6.669037637783927
2022-07-18,281.5,281.5,275.21,276.26,279.44976504443036,277.07582288915853,1.613037501516076,-4.6527407608888325,-6.2657782624049085
2022-07-19,279,284.08,278.17,283.55,279.84026361162745,278.2529460002206,1.9660131630325743,-3.8082618086141906,-5.774274971646765
2022-07-20,284.64,286.44,283.9,286.04,280.43071469623436,279.6687740001805,2.2957387563177605,-2.9046015262495644,-5.200340282567325
2022-07-21,287,287.24,282.09,286.85,281.0420752013549,280.97445145469317,2.4811607685989774,-2.0988893218186035,-4.580050090417581
2022-07-22,288.1,289.4,283.615,285.93,281.5075918488449,281.87546028111257,2.450356337969306,-1.5171046679559481,-3.967461005925254
2022-07-25,287.21,289.065,285.1534,287.99,282.12496405371684,282.98719477545575,2.4702319615071664,-0.879671054041296,-3.3499030155484624
2022-07-26,287.79,288.7147,284.6546,285.31,282.42830081050573,283.40952299810016,2.2127050633201515,-0.5840216863982732,-2.7967267497184247
2022-07-27,287.67,291.56,285.7,290.3,283.1779864476004,284.6623369984456,2.2792459032998247,0.05233062940635591,-2.2269152738934688
2022-07-28,291.18,294.03,286.77,293.9,284.19913059544797,286.3419120896373,2.451516527377522,0.8374803853284334,-1.6140361420490883
2022-07-29,297.42,302.4,295.4314,300.6,285.76111815778626,288.93429170970325,2.8732730768017523,1.9775552039531021,-0.8957178728486501
2022-08-01,299.7,299.7,294.83,295.86,286.7229164284733,290.1935113988481,2.692670551027641,2.470120315935901,-0.22255023509173988
2022-08-02,294.87,295.53,291.92,292.17,287.2416862924282,290.5528729626939,2.2048599155378454,2.533524659330567,0.3286647437927215
2022-08-03,295.05,295.88,291.1,294.96,287.9767637883874,291.35416878765864,1.9585821678632385,2.7768924536217696,0.8183102857585312
2022-08-04,294.73,295.98,292.62,292.91,288.446595808541,291.63704718990255,1.5632613436708516,2.7723869653470956,1.209125621676244
2022-08-05,291.87,294.1,290.425,292.07,288.7916819220133,291.71576588264753,1.168902961804104,2.670254323931374,1.50135136212727
2022-08-08,294.87,299.33,292.27,292.34,289.12961697705964,291.82926299489344,0.8639941787081029,2.5813440855123986,1.7173499068042957
2022-08-09,293.35,297.5708,291.93,292.77,289.4763201221016,292.000306086731,0.6393761021522255,2.5165700344945776,1.877193932342352
2022-08-10,296.48,296.93,294.1,295.11,290.0128610628538,292.5657049800526,0.5972920061254845,2.6238089399992077,2.0265169338737232
2022-08-11,298,299.06,296.12,296.47,290.62782667591534,293.27557680186123,0.6079201308349176,2.7864170974173703,2.1784969665824527
2022-08-12,297.9,301.69,297,301.55,291.6680336591615,294.78001738334103,0.8870462468908764,3.2873047751960485,2.400258528305172
2022-08-15,298.64,303.76,297.4,302.82,292.7301256916223,296.24183240455176,1.0746623930417294,3.7435865196073337,2.6689241265656043
2022-08-16,304.99,308.15,303.76,306.65,294.0558280067059,298.1342265128151,1.3560105608941928,4.363937327683345,3.0079267667891525
2022-08-17,305.22,306.89,302.74,304.26,295.02765391082914,299.24800351048503,1.2813229168866895,4.609580412897515,3.328257496010825
2022-08-18,304.44,304.57,301.55,304.27,295.907877347893,300.1610937813059,1.1376361723293678,4.750302711422535,3.612666539093167
2022-08-19,302.95,303.22,296.81,297.28,296.0385556957127,299.6372585483412,0.5089178751824663,4.24881388307125,3.7398960078887837
2022-08-22,294,294.47,287.86,288.69,295.33869324850195,297.64684790318825,-0.4941185393500369,3.1222478337012376,3.6163663730512745
2022-08-23,288.85,291.64,288.15,289.65,294.79691293912083,296.192875557154,-1.0686045862641977,2.2806106402210276,3.3492152264852253
2022-08-24,290,294,289.4603,293.52,294.6753021830141,295.70689818312604,-1.1562230895650805,1.9039363645288745,3.060159454093955
2022-08-25,293.71,298.48,292.8323,298.13,295.004321022727,296.1474621498304,-0.8842290044690508,1.9548731985076415,2.8391022029766924
2022-08-26,299.41,299.63,289.65,289.96,294.52390949675305,295.0224690316794,-1.2146695020364993,1.3207653254310685,2.5354348274675678
2022-08-29,288.4,289.83,285.75,287.45,293.8502038303956,293.645656480465,-1.5414056333050774,0.6086777858362211,2.1500834191412985
2022-08-30,288.72,289.32,284.7711,285.42,293.04732727511987,292.15008257492593,-1.8145462377709367,-0.11809937807237247,1.6964468596985642
2022-08-31,287.25,288.01,280.44,280.8,291.8809151536799,290.0864311976667,-2.200927753892139,-1.0547128326666098,1.1462149212255293
2022-09-01,279.95,282.68,277.31,282.43,290.9808279961866,288.6943527980909,-2.234154963644193,-1.6464787833297123,0.5876761803144809
2022-09-02,284.84,285.42,276.365,277.67,289.71313009178783,286.68992501661984,-2.4469928513689916,-2.4710648838967586,-0.024072032527767018
2022-09-06,278.01,279.49,275.355,276.59,288.46330817828425,284.85357501359806,-2.520823724104516,-3.1751016876584117,-0.654277963553896
2022-09-07,275.74,281.74,275.42,281.04,287.7563264470191,284.16019773839844,-2.145000208420571,-3.33552822407961,-1.190528015659039
2022-09-08,278.58,283.4,277.29,283.34,287.3357239282554,284.01107087687143,-1.6393624108834401,-3.2397310292633392,-1.600368618379899
2022-09-09,284.535,287.02,284.13,285.77,287.1866073636596,284.3308761719857,-1.066833170435476,-2.9339100814242443,-1.8670769109887682
2022-09-12,286.7,289.2406,286.0333,288.51,287.3126447575968,285.0907168679883,-0.4601755939405421,-2.4422964034144456,-1.9821208094739036
2022-09-13,283.99,285.1438,277.5,278.29,286.45334525687326,283.85422289199045,-0.6899571200154537,-2.8445672094932206,-2.154610089477767
2022-09-14,279,280.205,275.64,278.42,285.68826475621864,282.86618236617403,-0.7698715714167665,-3.116949553748725,-2.3470779823319585
2022-09-15,278.69,281.27,276.36,276.7,284.8322395413407,281.7450582995969,-0.8679709812480114,-3.4320417088919726,-2.564070727643961
2022-09-16,275.35,276.375,273.26,274.81,283.8777405374035,280.4841386087611,-0.9811965589672278,-3.7905664263529957,-2.809369867385768
2022-09-19,272.79,279.13,272.72,278.95,283.40843191479365,280.2052043162591,-0.7109105955416117,-3.6980081118127828,-2.987097516271171
2022-09-20,277.17,278.04,274.61,277.13,282.81048601814666,279.64607625875743,-0.5931488321123473,-3.7285335564116053,-3.135384724299258
2022-09-21,278.9,278.92,270.72,270.74,281.66091592118033,278.0267896662561,-0.8674543660636793,-4.219702681878857,-3.352248315815178
2022-09-22,271.03,271.5,268.27,268.51,280.4084477382108,276.29646427239135,-1.1056619515996404,-4.734325755314728,-3.628663803715088
2022-09-23,266.01,268.14,264.24,267.77,279.2047860488574,274.7461980410475,-1.2111484608206844,-5.142599379740943,-3.931450918920259
2022-09-26,265.82,267.84,263.3679,264.32,277.78718737753763,272.85052566994796,-1.3981036101340383,-5.679080431587806,-4.280976821453768
2022-09-27,266.99,267.93,261.55,265.47,276.61412191301025,271.50861191177563,-1.3295734123956056,-5.9429435869482745,-4.613370174552669
2022-09-28,265.65,273.6,264.91,271.78,276.1537293498664,271.5579552005437,-0.7721729028540505,-5.5785863031202325,-4.806413400266182
2022-09-29,269.89,272.17,265.59,269.58,275.5276598879744,271.19832698226304,-0.4789061894850519,-5.405046137122497,-4.926139947637445
2022-09-30,269.21,272.94,266.6,267.02,274.71740656531017,270.43863116730614,-0.38844978304593347,-5.411702176444862,-5.023252393398929
2022-10-03,269.52,274.57,267.16,272.8,274.534796416233,270.86797095506864,0.10327184967072345,-4.894162581310525,-4.997434430981248
2022-10-04,277.42,281.3,276.6,280.49,275.10195866230606,272.6174307814198,0.9423782523569262,-3.81946161553509,-4.761839867892016
2022-10-05,276.87,280.88,275.84,279.36,275.5074864087531,273.84335245752527,1.390211689179826,-3.024075256417234,-4.41428694559706
2022-10-06,278.2,279.85,275.9,276.31,275.58391627458616,274.2918338288843,1.4436281542682687,-2.609751752761724,-4.053379907029993
2022-10-07,274.44,274.495,267.48,269.04,274.960686153197,273.33695495090535,0.9744306613435705,-2.83534158035053,-3.8097722416941004
2022-10-10,269.89,270.215,265.86,266.93,274.19585890051155,272.17205405074077,0.5293431928571142,-3.1480932506227077,-3.677436443479822
2022-10-11,266.1,270.97,265.61,267.31,273.5400628147485,271.2880442233334,0.2803991438643849,-3.326937513649341,-3.607336657513726
2022-10-12,267.31,267.52,263.96,264,272.6314854038201,269.9629452736364,-0.0686822171654411,-3.693189428970527,-3.624507211805086
2022-10-13,260.58,276.78,259.85,275.78,272.9313439367896,271.0205915875207,0.5009368040512334,-2.998336206741044,-3.4992730107922774
2022-10-14,277.59,279.22,271.97,272.67,272.9064540380477,271.3204840261533,0.6651323057825023,-2.6678576285641498,-3.332989934346652
2022-10-17,276.48,278.59,275.3,277.02,273.2982203201384,272.35675965776176,1.0411726013505436,-2.0315241826584725,-3.072696784009016
2022-10-18,282.74,283.36,279.25,281.67,274.0955326706014,274.05007608362325,1.547052712088286,-1.1388808938986585,-2.6859336059869445
2022-10-19,280.33,282.38,276.9677,278.34,274.49976765435366,274.8300622502372,1.5950038288946629,-0.6921788198686158,-2.2871826487632787
2022-10-20,278.07,279.4399,273,273.53,274.4074088301295,274.5936872956486,1.255334768272986,-0.7180141884220461,-1.9733489566950322
2022-10-21,273.76,282.92,271.46,282.51,275.179084179641,276.0330168782579,1.5677033255049637,-0.013719799813827649,-1.5814231253187914
2022-10-24,284.1,289.34,283.99,287.48,276.35059997205616,278.1142865367565,2.012899608703764,0.9347013855609134,-1.0781982231428504
2022-10-25,288.765,289.87,286.88,289.24,277.5781618794794,280.1371435300735,2.3085693061898738,1.8075134095944918,-0.501055896595382
2022-10-26,289.75,291.8,287.68,288.52,278.62024170048136,281.6612992518783,2.331489639757257,2.413306153101189,0.08181651334393225
2022-10-27,290.31,294,288.85,289.88,279.69259963376885,283.1556084788095,2.309681238533908,2.9689180615113173,0.6592368229774093
2022-10-28,292.77,299.98,291.48,299.63,281.591399668648,286.1509523917532,2.791146933999138,4.148170490476332,1.357023556477194
2022-10-31,297.98,298.89,294.85,295.09,282.8769806525863,287.7762337750708,2.6444998514807656,4.662648370828151,2.0181485193473856
2022-11-01,298.45,298.87,293.04,294.13,283.94869678091146,288.9314639977852,2.3342912170557204,4.936012540667036,2.601721323611316
2022-11-02,293.04,298.26,289.42,289.46,284.473582801777,289.0275614527334,1.6957431651956307,4.721400280105854,3.0256571149102234
2022-11-03,286.02,287.47,283.46,283.85,284.41419396351256,288.0861866431455,0.8210185258322502,4.051930272200536,3.230911746368286
2022-11-04,286.77,289.2,282.38,287.47,284.7052231098447,287.9741527080281,0.431283257673754,3.770015818460479,3.338732560786725
2022-11-07,290.92,292.1,288.65,290.19,285.227582813669,288.3770340338412,0.3075416191250717,3.7231595846930645,3.415617965567993
2022-11-08,291.11,294.743,289.01,292.61,285.93067016474816,289.1466642095064,0.3371601269244451,3.837068124223549,3.499907997299104
2022-11-09,291.98,292.4,288.06,288.65,286.1896539585817,289.05636162595977,0.05342400096745914,3.566687998508428,3.5132639975409687
2022-11-10,297.11,303.5,294.54,303.2,287.8096869149072,291.6279322394216,0.7693003709946242,4.474889461284249,3.705589090289625
2022-11-11,305.56,311.33,302.6,309.72,289.8963833992018,294.9173991049813,1.5599778339312103,5.655561382703638,4.095583548772428
2022-11-14,310,311.84,308.84,308.91,291.70720402784923,297.4615083586211,1.8847515728076782,6.451523014782026,4.566771441974348
2022-11-15,313.665,313.89,307.1838,309.98,293.4474703109112,299.7375977479627,2.0161621853399696,7.08697417364931,5.07081198830934
2022-11-16,310.93,311.55,306.74,308.76,294.9058064717768,301.3780345210604,1.868750083300851,7.406749592435403,5.537999509134552
2022-11-17,305.7,307.62,304.15,307.44,296.09953918875044,302.4802100626858,1.5436638656068897,7.467579341143164,5.923915475536274
2022-11-18,310.55,311.2,308.615,310.76,297.4957735517266,303.98562641492475,1.4168521489642796,7.694980661741624,6.278128512777345
2022-11-21,310.81,312.9,308.58,311.2,298.80093797537165,305.2973307031202,1.2339385636560207,7.820551717347371,6.58661315369135
2022-11-22,313,316.555,312.05,315.76,300.41608673962196,307.1996342116438,1.285566425676242,8.193571185786652,6.90800476011041
2022-11-23,315.385,316.4292,314.07,316.18,301.9174118120389,308.8324279913449,1.214358711088396,8.425953148970905,7.211594437882509
2022-11-25,317.52,319.12,316.18,317.43,303.39480116327326,310.39562290200945,1.120093754693575,8.611711631249477,7.491617876555902
2022-11-28,316.25,317.64,312.33,313.27,304.3352962905806,310.9182369198259,0.6685120091146395,8.327257887949202,7.658745878834562
2022-11-29,311.89,315.29,311.35,315.13,305.3633633105253,311.6840120253121,0.39930234584581115,8.157873811141826,7.758571465296015
2022-11-30,315.13,318.6,308.7,318.6,306.62399537618955,312.94146438434626,0.36034873396080247,8.209007382747018,7.848658648786215
2022-12-01,319,319.56,313.3,315.84,307.5017101022667,313.46847085991965,0.0693518137451612,7.935348415967667,7.865996602222506
2022-12-02,313.49,316.38,312.75,316.15,308.3253567591937,313.9560216126615,-0.16860426872628675,7.655241266314647,7.823845535040934
2022-12-05,315.22,315.66,308.73,310.57,308.5391323059372,313.34038131945033,-0.7363430872769436,6.903416675944754,7.639759763221698
2022-12-06,309.95,310.29,306.35,307.78,308.46683399108605,312.3294028977321,-1.3012919719423568,6.013144798293752,7.314436770236108
2022-12-07,307.07,309.3842,304.915,305.82,308.21475456336356,311.1458750981445,-1.7789420574335466,5.090759198444175,6.869701255877722
2022-12-08,306,307.4899,305.09,305.99,308.00287317637657,310.2084432621182,-2.0368495473768293,4.323639321656685,6.360488869033515
2022-12-09,305.32,308.34,304.71,306.39,307.84926620719784,309.51418085082395,-2.1241862439486203,3.705256064097739,5.829442308046359
2022-12-12,307.55,311.91,305.46,311.45,308.1921932350838,309.86614796885596,-1.7978023742702298,3.582189340208572,5.379991714478802
2022-12-13,318.4,318.91,310.82,312.33,308.5862700698377,310.31412106542757,-1.4918763300266935,3.5151463019454354,5.007022631972129
2022-12-14,312.74,316.3596,308.4,309.29,308.6532919679484,310.12791723534986,-1.4615749574233705,3.180053935192916,4.6416288926162865
2022-12-15,306.43,306.96,299.445,301.91,308.01107368528665,308.63375046528625,-1.879255673283902,2.2925593010114085,4.171814974295311
2022-12-16,299.05,302.47,297.76,300,307.2481142866879,307.06397765341603,-2.202461545131912,1.4187380428804204,3.6211995880123324
2022-12-19,300.51,301.48,297.15,300.03,306.56067483081284,305.7850726255222,-2.320683305980243,0.7203454555370286,3.0410287615172718
2022-12-20,300.09,304.19,297,302,306.1263248469259,305.0968776027,-2.175132042713759,0.3221137081250731,2.497245750838832
2022-12-21,304.38,308.54,304.16,307.82,306.2876272424568,305.5919907658454,-1.6212274241898763,0.4707114706014863,2.0919388947913626
2022-12-22,306.1,306.5,297.6391,302.69,305.9449960765085,305.06435608114623,-1.5355197426599099,0.1725392164664754,1.7080589591263853
2022-12-23,302.88,306.57,300.925,306.49,305.99690121207914,305.32356406639235,-1.1743702710578379,0.2400961203040879,1.4144663913619258
2022-12-27,306.45,308.575,304.65,305.55,305.9543391918811,305.3647342361392,-0.9593303728026845,0.21530342535857017,1.1746337981612547
2022-12-28,304.77,307.4607,303.26,303.43,305.7139259355115,305.012964375023,-0.920260206644288,0.02430853985589465,0.9445687465001826
2022-12-29,305.94,309.38,305.235,309.06,306.03259965593895,305.74878903410973,-0.4968482283870357,0.3235084610163881,0.8203566894034238
2022-12-30,306.95,309.04,305.6212,308.9,306.30568540299237,306.3217364824534,-0.2231060596895178,0.5414741147915265,0.7645801744810443
2023-01-03,310.07,312.385,307.38,309.91,306.64895345985025,306.97414803109825,0.017651125647827115,0.7866440815408282,0.7689929558930011
2023-01-04,312,316.89,311.25,314.55,307.40143408272166,308.35157566180766,0.4567309621248541,1.3399066585490687,0.8831756964242146
2023-01-05,313.574,314.23,310,312.9,307.9251070272244,309.1785619051154,0.5946442159518734,1.6264809663640563,1.0318367504121828
2023-01-06,315,320.16,313.38,318.69,308.9503349293935,310.90791428600346,1.0100105540348179,2.294349942955705,1.2843393889208872
2023-01-09,319.02,320.5,314.75,315.53,309.57696969802265,311.7482935067301,1.004034810842413,2.5393829024739034,1.5353480916314903
2023-01-10,315,316.8,313.34,316.35,310.2220202029729,312.5849674145973,0.9859891757568111,2.767834561327504,1.781845385570693
2023-01-11,318.52,320.57,316.6,320.37,311.18849446935644,314.00042788467056,1.163293603715247,3.235962390214752,2.072668786499505
2023-01-12,321.15,321.32,317.72,318.93,311.92578071037013,314.8967137238214,1.1026492496574414,3.4509803485713064,2.348331098913865
2023-01-13,317.49,318.42,315.79,317.64,312.46999207128727,315.39549304676297,0.9031017750051622,3.4772083176703177,2.5741065426651555
2023-01-17,318.4,318.52,314.25,314.86,312.6976118740218,315.29813067462425,0.5298064530105027,3.236364608928284,2.706558155917781
2023-01-18,315,315.54,307.75,308.3,312.27879169554353,314.02574327923804,-0.17526020132900566,2.487482904256524,2.6627431055855295
2023-01-19,306.12,307.235,303.86,305.23,311.6074782007299,312.4265172284675,-0.8281908400415738,1.6275045555335623,2.455695395575136
2023-01-20,305.21,310.01,304.3626,309.87,311.44200408637465,311.9616959142007,-0.9202941287191853,1.3053277346761547,2.22562186339534
2023-01-23,309.63,312.73,306.8501,310.42,311.3446703638628,311.6813875661642,-0.9149702013787024,1.081909111671962,1.9968793130506644
2023-01-24,309.3,312.83,307.5,311.3,311.34041604349494,311.6120443723161,-0.8257146403573146,0.9647360126040212,1.7904506529613358
2023-01-25,308.33,312.55,307.71,311.9,311.3937097536383,311.6643999409859,-0.7045182565459038,0.909802832278956,1.6143210888248598
2023-01-26,312.99,313.68,309.58,310.95,311.35145168186324,311.53450904262485,-0.6669669378145109,0.7806124165567212,1.447579354371232
2023-01-27,309.79,311.73,308.34,309.17,311.1436943788286,311.10459830760215,-0.7352597359834505,0.528504684391919,1.2637644203753695
2023-01-30,307.6,309.5115,306.81,307.33,310.78048539036877,310.41830770621993,-0.8684668089187222,0.17818090922696683,1.046647718145689
2023-01-31,307.74,311.86,305.79,311.52,310.85091535319077,310.6186153959981,-0.6485780324506523,0.23592517758237364,0.8845032100330259
2023-02-01,309.63,312.67,306.38,310.57,310.82416151002974,310.60977623308935,-0.5454471026843818,0.2026943316775487,0.7481414343619305
2023-02-02,312.35,312.6,308.3,311.86,310.9228127947888,310.83708964525493,-0.3767092717783872,0.27725484463894645,0.6539641164173337
2023-02-03,311,311.55,305.921,308.51,310.693021100047,310.4139824370268,-0.4709511856601174,0.0652751343421869,0.5362263200023043
2023-02-06,308.25,308.8,305.6,308.43,310.4774952809949,310.05325835756736,-0.5153262382579709,-0.10793147782015922,0.4073947604378116
2023-02-07,307.3,314.15,306.63,312.97,310.7148766828049,310.58357501982783,-0.23010735512685954,0.11976056652923717,0.3498679216560967
2023-02-08,311.12,313.41,308.01,308.48,310.5020312844425,310.2011068344046,-0.32900606659728576,-0.061389661590510514,0.26761640500677525
2023-02-09,310.17,311.42,306.99,307.21,310.188504495448,309.6572692281492,-0.4572350620221628,-0.3039274225209283,0.15330763950123452
2023-02-10,307.08,309.98,305.28,309.89,310.16007549588153,309.6995839139402,-0.34400383210386176,-0.2766971506285927,0.06730668147526908
2023-02-13,310.3,313.74,309.62,313.74,310.50102068674994,310.43420502049656,-0.009915057995530413,0.05491285898085607,0.06482791697638648
2023-02-14,313.78,314.1,309.04,310.79,310.5285425261071,310.4988950167699,0.011151944957848839,0.07876784817369753,0.06761590321584869
2023-02-15,309.98,310.37,308.28,309.63,310.4429670474303,310.3409141046299,-0.050873200420411935,0.004024402690333773,0.05489760311074571
2023-02-16,307.58,310.2,306.87,308.18,310.22744637624646,309.94802063106084,-0.18011860619093337,-0.170250654627921,0.009867951563012366
2023-02-17,307.15,308.41,305.48,308.24,310.03816576898487,309.6374714254134,-0.24794591206154107,-0.30006443851391396,-0.052118526452372894
2023-02-21,306.17,307.3,300.5,302.72,309.3411976005101,308.37974934806556,-0.6292593685429455,-0.8386927371310549,-0.2094333685881093
2023-02-22,303.2,305.275,301.77,303.16,308.7525121147472,307.43070401205364,-0.8052833037715224,-1.2160374983025122,-0.4107541945309899
2023-02-23,305.01,305.56,300.25,303.07,308.2113204847713,306.6378487371348,-0.8753962369293542,-1.5049994906926827,-0.6296032537633285
2023-02-24,300.4,305.62,300.01,304.02,307.8121471052693,306.16187623947394,-0.8070851945452372,-1.638459746944875,-0.8313745523996378
2023-02-27,304.37,305.78,302.01,304.66,307.5119426190532,305.8888078322969,-0.6735376290984502,-1.6732965887727005,-0.9997589596742503
2023-02-28,304.89,306.15,303.41,305.18,307.28985284581,305.75993368097016,-0.5122248500538624,-1.6400400222415783,-1.1278151721877159
2023-03-01,304.02,305.62,302.08,304.62,307.03558114620904,305.55267301170284,-0.4097212683392917,-1.6399667576118304,-1.2302454892725387
2023-03-02,303.66,308.1,301.445,307.75,307.10362103704625,305.952187009575,-0.11303054218455655,-1.3715336670032343,-1.2585031248186778
2023-03-03,309.56,312.66,308.5,312.45,307.612799985899,307.13360755328864,0.3902712576150893,-0.7706640527998161,-1.1609353104149054
2023-03-06,312.82,317.29,312.43,316.97,308.5039618920039,308.9220425435998,0.9843122770142989,0.0694550358529682,-0.9148572411613307
2023-03-07,316.39,316.5,310.23,311.12,308.7531083784797,309.3216711720362,0.9400536489302015,0.2602098200014211,-0.6798438289287804
2023-03-08,310.72,312.675,309.2522,311.37,309.0023361519578,309.6940945953023,0.8851864550092718,0.4266392398328094,-0.45854721517646246
2023-03-09,311,313.18,303.9388,304.82,308.60401842319993,308.80789557797465,0.3905686135670832,0.02966355178239155,-0.36090506178469167
2023-03-10,302.95,306.72,301.92,303.63,308.1303023828952,307.8664600183429,-0.012575236601617357,-0.3766241075367134,-0.364048870935096
2023-03-13,301.75,306.59,300.76,302.88,307.6302735845242,306.9598309240987,-0.30914306080859216,-0.7504776969458362,-0.44133463613724405
2023-03-14,306.92,307.55,301.68,305.33,307.41119990980764,306.663498028808,-0.31844339747812966,-0.8393888829849061,-0.5209454855067764
2023-03-15,300.02,300.55,294.9,297.88,306.5034665850641,305.06649838720654,-0.7782715741165325,-1.493784953152442,-0.7155133790359096
2023-03-16,296.37,304.43,295.36,302.01,306.0755173864865,304.51077140771446,-0.7555945344692434,-1.6600065471224639,-0.9044120126532205
2023-03-17,301.3,301.3,292.42,293.51,304.8788014449164,302.51063115176635,-1.2359762820557456,-2.4493823652229025,-1.213406083167157
2023-03-20,295.57,301.51,295.06,301.06,304.5151060692101,302.2468800332634,-0.9793925823778982,-2.4376468111395297,-1.4582542287616316
2023-03-21,304.56,305.63,302.25,303.85,304.4517626340472,302.53835639085185,-0.5758836052356859,-2.178108735306239,-1.602225130070553
2023-03-22,303.72,307.05,299.65,299.73,304.00207095461417,302.0277461379697,-0.5411048196976576,-2.278606154692625,-1.7375013349949673
2023-03-23,301.39,302.0799,296.3,298.37,303.4656832446509,301.36270138561156,-0.5618920966982555,-2.4398664558677865,-1.877974359169531
2023-03-24,294.68,299.5,293.3947,298.92,303.0327610308746,300.9185738609549,-0.4932449981556464,-2.494530606864089,-2.0012856087084425
2023-03-27,300.88,303.21,298.97,302.14,302.9477361707913,301.1406513407813,-0.20062339247668914,-2.252064849304304,-2.051441456827615
2023-03-28,301.93,302.72,300.5901,302.32,302.8879517735731,301.35507836973017,0.0234929503517467,-2.0220752688879315,-2.0455682192396782
2023-03-29,304.8,305.38,303.36,305.3,303.1176706522804,302.072336847961,0.37155888607072285,-1.5811196116512747,-1.9526784977219975
2023-03-30,307.09,307.47,302.5772,305.08,303.30455916158706,302.6191846937863,0.5740044517322134,-1.235172933056731,-1.8091773847889443
2023-03-31,305.9,308.81,304.9877,308.77,303.825077336674,303.7375147494615,0.9227842527720487,-0.6556970688238835,-1.5784813215959321
2023-04-03,309.25,311.5,308.24,310.31,304.4426890188955,304.93251206774124,1.2056887148998285,-0.07137042797114646,-1.277059142870975
2023-04-04,310.76,311,307.07,309.07,304.8833853028102,305.6847826008792,1.2523123575526653,0.28833130406985674,-0.9639810534828086
2023-04-05,307.85,311.07,307.85,310.39,305.4078247977807,306.5402766734466,1.3089146178825877,0.6721622188704259,-0.6367523990121617
2023-04-06,309.82,313.22,309.05,312.51,306.08422243608726,307.6256809146381,1.4168749483110405,1.134341286376639,-0.2825336619344016
2023-04-10,311.41,313.7,310.335,312.62,306.70667744217417,308.53373893015845,1.4198632143039562,1.4922953559455436,0.07243214164158746
2023-04-11,312.56,315.94,311.77,313.7,307.3727081619671,309.4730591246751,1.4155673525432895,1.8418913323206993,0.4263239797774099
2023-04-12,315.97,316.92,313.72,314.55,308.0562597655893,310.3961392838251,1.3890267097814086,2.1626073670041706,0.773580657222762
2023-04-13,315.27,318.81,313.26,318.05,309.00804454981886,311.7877503231296,1.51588570986485,2.6684377945538245,1.1525520846889745
2023-04-14,318.89,321.88,318.12,319.74,310.0301355450742,313.2336139007424,1.6132774941549566,3.1691489523826704,1.5558714582277138
2023-04-17,320.2,323.98,319,323.79,311.3405988264957,315.15295682788013,1.8340270610639093,3.8484052845576002,2.014378223493691
2023-04-18,324.95,325.7242,322.495,324.63,312.60625608111513,316.87605558644736,1.9114880196998363,4.403738248118486,2.49225022841865
2023-04-19,323.85,324.55,322.76,323.09,313.6047078829137,318.0058636616387,1.73883511544481,4.665794122724662,2.9269590072798524
2023-04-20,322.2,324.3693,321.324,323.82,314.5775928464457,319.0629793595226,1.559369377884726,4.87617072963576,3.316801351751034
2023-04-21,322.36,324.85,321.61,324.33,315.50639352773663,320.02061947597304,1.3674473746314715,5.026110570040373,3.6586631954089017
2023-04-24,324.43,326.395,324.3,326.05,316.51054652509504,321.11687048034156,1.251881577952739,5.2235151678498255,3.9716335898970865
2023-04-25,325.99,327.1,324.11,324.34,317.2562087608003,321.7028940293704,0.96848464407429,5.182239394989949,4.213754750915659
2023-04-26,323.31,323.74,319,320.53,317.56799840262886,321.48964056948483,0.45852607396845624,4.78691234337623,4.3283862694077735
2023-04-27,322.86,326.91,322.11,326.23,318.39295093571184,322.3515241023058,0.43915683964818264,4.877332318968001,4.438175479319819
2023-04-28,325.44,328.81,325.19,328.55,319.36028894183454,323.4785197200684,0.5115902329991329,5.077663270568735,4.566073037569602
2023-05-01,329.16,331.84,328.57,330.17,320.3897852330884,324.6951524982378,0.5919282743946441,5.305983380562907,4.714055106168263
2023-05-02,330.15,330.25,322.7601,325.86,320.91075806803235,324.9069429531037,0.2932214724527835,5.080581946734242,4.787360474281458
2023-05-03,327.13,328.07,323.06,323.22,321.1306858710769,324.60022605253937,-0.12149740229947525,4.635488721407114,4.756986123706589
2023-05-04,323.44,325.99,317.41,320,321.0230015024029,323.76382131571404,-0.623927475915008,3.9770767788128296,4.601004254727838
2023-05-05,323.36,325.16,322.62,323.88,321.29509659741217,323.78494471285694,-0.7004675450138942,3.72541982346047,4.425887368474364
2023-05-08,328.26,330.69,325.79,326.14,321.7565159690872,324.2131365832466,-0.6078437614031262,3.666082666720456,4.273926428123582
2023-05-09,324.87,326.88,323.48,324.87,322.0530382577456,324.3325662953836,-0.6379377983427457,3.4765041801951497,4.114441978537895
2023-05-10,326.08,326.16,320.1501,322.99,322.14227270938886,324.08846333258657,-0.7808461942644827,3.138384235707292,3.919230429971775
2023-05-11,320.995,322.96,319.805,322.64,322.18967530849466,323.8251063630254,-0.8875522184930551,2.809790156855456,3.6973423753485113
2023-05-12,323.82,324.2422,320.54,322.49,322.2182776600666,323.58235975156623,-0.9511871475845504,2.5083584408678234,3.459545588452374
2023-05-15,322.89,323.83,320.13,323.53,322.3432035972031,323.572839796736,-0.9063791326775021,2.326571672605496,3.2329508052829983
2023-05-16,322.46,324.69,322.355,323.75,322.4771842069933,323.605050742784,-0.8462147544897123,2.175182362170858,3.0213971166605704
2023-05-17,325.02,328.26,324.82,327.39,322.94507142537486,324.29322333500505,-0.5593941165677654,2.3221544709508635,2.881548587518629
2023-05-18,326.87,329.98,325.85,329.76,323.59411224200585,325.2871827286405,-0.22531879859733905,2.599900089271955,2.825218887869294
2023-05-19,331,333.94,329.12,330.39,324.2413396475291,326.21496768706953,0.010332869227446029,2.8381349744036015,2.8278021051761555
2023-05-22,330.75,331.49,328.35,329.13,324.70692634776447,326.7449735621478,0.05130231478614622,2.8919299986588385,2.8406276838726923
2023-05-23,328.19,329.27,322.97,323.11,324.5548381241679,326.0840692781209,-0.3357879791099969,2.4208927099851962,2.756680689095193
2023-05-24,322.71,323,319.56,320.2,324.1400916361519,325.0142385002807,-0.7716476487585413,1.7921211281470164,2.5637687769055577
2023-05-25,320.56,320.56,317.71,319.02,323.6524638612803,323.92437695477514,-1.103063234717521,1.1849397335086564,2.2880029682261775
2023-05-26,320.44,322.63,319.665,320.6,323.36175301734886,323.3199447811797,-1.1729910834084396,0.821764113965628,1.9947551973740676
2023-05-30,321.86,322.47,319,322.19,323.2501574918871,323.11450027551064,-1.0720460902713673,0.6546975845348584,1.7267436748062257
2023-05-31,321.12,322.41,319.39,321.08,323.0434758259931,322.7445911345087,-1.0391572959927855,0.4277970548152439,1.4669543508080294
2023-06-01,321.42,323.22,319.53,323.12,323.0507638425652,322.81284729187075,-0.8472548029301992,0.4078858471452804,1.2551406500754796
2023-06-02,325.16,330.67,324.42,329.48,323.66307204803513,324.02505687516697,-0.28812207709702653,0.8949880537041963,1.1831101308012228
2023-06-05,330.89,330.89,327.57,328.58,324.1313509006032,324.85322835240936,0.00921323197228685,1.1946266707665814,1.1854134387942945
2023-06-06,329.04,334.16,328.68,333.41,325.0150317672124,326.40900501560765,0.4925263987039139,1.801071437174187,1.308545038470273
2023-06-07,334.01,335.82,331.43,335.42,326.005981122716,328.0473677400426,0.8859824295350092,2.4160230753890346,1.5300406458540254
2023-06-08,335.49,336.32,334.1,335.95,326.95303053960015,329.48420996912574,1.1060226574912835,2.91256896771813,1.8065463102268464
2023-06-09,335.76,337.59,334.915,335.29,327.7470276310668,330.53980815655746,1.1273704781745009,3.2157594079449723,2.0883889297704714
2023-06-12,335.16,335.345,332.22,333.6,328.3044535709652,331.096206673547,0.9547609601592306,3.2818401299695097,2.327079169810279
2023-06-13,333.22,336.62,332.2,336.39,329.07450561182566,332.0587145510839,0.9533582565304841,3.518776990473384,2.5654187339429
2023-06-14,337.22,340.38,334.09,335.9,329.7245526964137,332.75713008725046,0.8478433657410438,3.6252229411192047,2.777379575378161
2023-06-15,335.97,341.68,335.54,339.82,330.68602386818384,334.0412882532049,0.9621077288620326,3.980014236455702,3.0179065075936693
2023-06-16,341.02,341.3,337.66,338.31,331.4121168331187,334.81741766171314,0.859412791116366,4.092172496489127,3.232759705372761
2023-06-20,338.15,339.28,336.6212,338.67,332.1033438013931,335.5178871777653,0.7434956608662531,4.162129281455577,3.418633620589324
2023-06-21,337.3,341.35,336.37,338.61,332.7230253441176,336.0800895090807,0.5968696882142535,4.164720730857141,3.5678510426428875
2023-06-22,338.84,338.85,335.66,336.96,333.1265467399159,336.2400732347024,0.33585191162440964,3.9876659321733996,3.65181402054899
2023-06-23,335.1,337.47,334.19,335.25,333.32878038373343,336.0600599193019,0.012224017352599592,3.6670940422397393,3.6548700248871397
2023-06-26,335.17,335.825,331.84,334.12,333.4041346329017,335.70732175215613,-0.29669519272924383,3.284001033975585,3.580696226704829
2023-06-27,334.39,336.73,334.37,335.34,333.58850276310153,335.6405359790368,-0.42955349072711746,3.043754363295932,3.4733078540230493
2023-06-28,336.05,336.4,332.61,334.15,333.6419786904252,335.36952943739374,-0.5979170988838529,2.725911480418233,3.323828579302086
2023-06-29,334.26,337.01,334.14,336.91,333.9532188151466,335.64961499423123,-0.5262663029545012,2.66599570060896,3.192262003563461
2023-06-30,338.78,342.5,338.4,341,334.62434083275167,336.6224122680074,-0.22185822128097143,2.9149392269622467,3.136797448243218
2023-07-03,340.75,342.08,338.41,342,335.32678456296577,337.600155492006,0.015789121754321123,3.1565338504361193,3.140744728681798
2023-07-05,340.05,341.89,338.7,341.56,335.9204241283976,338.3201272207322,0.10720083826626947,3.274745776514635,3.1675449382483656
2023-07-06,339.75,341.8,338.91,341.46,336.44800278283594,338.8910131805991,0.12361661720113082,3.322065709749779,3.1984490925486484
2023-07-07,340.52,344.07,340.385,340.9,336.87200251780394,339.25628351139926,0.06252798048606767,3.276609068156233,3.2140810876701655
2023-07-10,340.48,343.48,339.865,341.13,337.2775260875369,339.5969592365994,0.006336885332826281,3.2220021943361985,3.215665309003372
2023-07-11,341.23,343.84,340.925,343.37,337.85776169824766,340.2829666481268,0.08442016563863985,3.321190516051672,3.2367703504130323
2023-07-12,345.29,346.44,344.31,345.35,338.57130820317644,341.20424543937645,0.22578576534862638,3.5190025570988155,3.293216791750189
2023-07-13,345.6,346.205,343.45,343.54,339.04451694573106,341.6289280867625,0.1570213212466065,3.4894934433084472,3.3324721220618407
2023-07-14,344.99,345,340.51,341.09,339.23932485566144,341.53094116189664,-0.08104500583025054,3.2311658647740273,3.312210870604278
2023-07-17,341.09,345.72,341.09,344.25,339.71653201226513,342.0253154960972,-0.054544831002819816,3.244029831850753,3.298574662853573
2023-07-18,344.05,347.25,343.54,345.34,340.2521003920494,342.62798540589773,0.004413073360008735,3.304091004553584,3.299677931193575
2023-07-19,344.21,345.38,341.99,342.43,340.4595194023304,342.59198805937086,-0.17465653054264596,3.0813572680152674,3.2560137985579134
2023-07-20,343.09,346.79,342.85,346.61,341.0452794592513,343.3225356849398,-0.04066472670212784,3.2051828901802537,3.2458476168823815
2023-07-21,346.755,347.62,345.1,345.76,341.4943004631321,343.76571101495074,-0.03838633512887846,3.1978646979712835,3.236251033100162
2023-07-24,346.77,351.19,346.28,349.63,342.2691289904529,344.83194537586877,0.1825240677388349,3.4644061177737058,3.281882050034871
2023-07-25,349.32,349.66,345.54,347.58,342.7749262294574,345.33159167116537,0.15067171225274123,3.4702216903507974,3.319549978098056
2023-07-26,347.56,351.09,347.52,349.8,343.44398087427095,346.1440295491353,0.23422032295843298,3.612325381796097,3.378105058837664
2023-07-27,350.69,351.27,348.6,349.31,344.00264936243565,346.71966054020163,0.21224056291439197,3.643405762480654,3.431165199566262
2023-07-28,349.93,351,348.32,349.81,344.555730375537,347.28154044198317,0.187965627854763,3.6661222343847157,3.4781566065299527
2023-07-31,350.73,352.33,350.21,351.96,345.2608989112001,348.1321694525317,0.26839538738029,3.813650840755315,3.545255453375025
2023-08-01,352.03,353.42,351.25,352.26,345.92747996727627,348.8826840975259,0.291561354665244,3.9097071467065803,3.6181457920413362
2023-08-02,351.45,352.889,349.69,351.19,346.4286723513452,349.30219607979393,0.1895263613385363,3.8550537437145067,3.6655273823759704
2023-08-03,350.29,354.47,349.415,353.81,347.1316559369314,350.12179679255865,0.2494218849735601,3.9773047385929203,3.7278828536193602
2023-08-04,353.99,355.11,349.39,349.99,347.4038791810332,350.0978337393662,-0.0038817407113675984,3.7230306777301507,3.7269124184415183
2023-08-07,355.73,364.63,355.15,362.58,348.8492240209348,352.36731851402686,0.6070427796288387,4.4857158929775665,3.8786731133487278
2023-08-08,359.42,364.25,358.85,363.73,350.26644078084576,354.43326060238564,0.9961654387939669,5.123879911841186,4.127714473047219
2023-08-09,364.2,364.43,356.06,358.02,351.0048749921938,355.08539503831554,0.7858088992747874,5.1099755971407035,4.324166697865916
2023-08-10,359.36,362.35,355.92,356.98,351.57393451674676,355.4298686677127,0.5069751218558309,4.957885600185705,4.450910478329874
2023-08-11,356.26,359.2512,353.2,358.35,352.2192740865804,355.9608016372195,0.35248313665648556,4.891514399150481,4.539031262493995
2023-08-14,358.25,358.95,356.81,358.48,352.8155336973823,356.4188377031796,0.20408761956724497,4.794140786953051,4.590053167385806
2023-08-15,357,357.92,353.67,354.5,352.97595905953636,356.06995812078327,-0.1954633664592631,4.3457239593117265,4.54118732577099
2023-08-16,354.6,358.7203,353.38,354.11,353.08396295862815,355.71360209882266,-0.5019376981556984,3.913765203076366,4.4157029012320645
2023-08-17,354.01,356.3,351.88,353.19,353.0940617244731,355.2547653535822,-0.7666868394978321,3.457344351859774,4.224031191357606
2023-08-18,351.47,354.3,351.25,352.56,353.0431987030947,354.76480801656726,-0.9711502955116962,3.010093321967986,3.981243617479682
2023-08-21,354.09,354.18,349.61,352.09,352.9524178742285,354.2784792862823,-1.1146852654876662,2.587887035620099,3.7025723011077654
2023-08-22,353.01,353.4999,349.6601,350.57,352.7255209338258,353.60421032514006,-1.2769750543004315,2.106353483232226,3.3833285375326576
2023-08-23,351.63,354.32,351.54,354.26,352.871661797271,353.7234448114782,-1.1071119883739091,1.9994385520652713,3.1065505404391804
2023-08-24,354.35,357.2276,354.13,354.3,353.0076940070547,353.82827302757306,-0.9683775913353716,1.8960785512699658,2.8644561426053374
2023-08-25,354.99,357.35,352.92,355.93,353.28600886352564,354.21040520437793,-0.7527495133504227,1.923519250917309,2.6762687642677316
2023-08-28,357.89,358.41,354.53,355.55,353.5016270669994,354.45396789449103,-0.6267873818499194,1.8927845369553324,2.519571918805252
2023-08-29,355.04,358.59,354.01,358.29,353.957662584428,355.15142827731086,-0.363089585223233,2.0657099372762104,2.4287995224994434
2023-08-30,358.63,362.68,358.6,361.06,354.63407567162534,356.2257140450725,-0.024143131793105344,2.398620607758062,2.422763739551167
2023-08-31,362.18,362.47,359.25,360.2,355.1641637028991,356.94831149142294,0.11259649616430734,2.5635093597565515,2.450912863592244
2023-09-01,361.9999,363.39,360.6,362.46,355.8590052550039,357.9504366748006,0.31428316698401737,2.843766822322266,2.5294836553382485
2023-09-05,363.88,366.47,360,360.47,356.29814761167023,358.40853909756413,0.2741632513451391,2.8721877195196726,2.5980244681745335
2023-09-06,360.02,362.8,359.257,361.67,356.809752601035,359.0015319889161,0.2875402782298204,2.957449815961809,2.6699095377319884
2023-09-07,360.96,363.3,360.87,361.8,357.2850142580793,359.51034435456774,0.2648066436841483,3.0009178423371736,2.7361111986530253
2023-09-08,362.52,364.83,361.77,363.15,357.8435843287384,360.1720999264645,0.29788528277380966,3.1084678021202876,2.810582519346478
2023-09-11,364.87,366.61,364.51,365.52,358.5746715355252,361.14444539438006,0.42862701307232465,3.3463662856868837,2.917739272614559
2023-09-12,365.65,370.43,365.47,367.78,359.45136948452284,362.3509098681291,0.6057315086642876,3.6749036584449186,3.069172149780631
2023-09-13,369.33,370.84,365.97,367.82,360.2483819145683,363.34528989210565,0.6595553787255506,3.8936163731875695,3.234060994462019
2023-09-14,370.1,370.22,368.26,369.5,361.12948839889515,364.464328093541,0.7364455133769816,4.154617886183246,3.4181723728062643
2023-09-15,368.52,370.2,367.52,367.86,361.7704895037623,365.0817229856244,0.6102092757251425,4.180933967462693,3.57072469173755
2023-09-18,369.33,371.33,367.785,370.43,362.59520478911827,366.05413698823816,0.6305564495989096,4.358920253736187,3.7283638041372775
2023-09-19,371.64,373.34,368.46,370.48,363.3461376663451,366.858839354013,0.5794549550301524,4.452682497924968,3.8732275428948157
2023-09-20,371.33,371.3427,366.73,366.82,363.6769816981218,366.85177765328336,0.24816541624114263,4.183434313196244,3.9352688969551015
2023-09-21,366.56,367.2,362.94,363.28,363.6391739173483,366.20236353450457,-0.23428131499153482,3.642417253215683,3.876698568207218
2023-09-22,362.78,363.42,359.76,360.16,363.307824020458,365.1037519827765,-0.7588423978793122,2.928145570858078,3.68698796873739
2023-09-25,359.01,361.89,357.27,361.71,363.1556503042239,364.4867061677262,-0.9825435363815638,2.4588085482604356,3.4413520846419994
2023-09-26,359.8,360.79,357.95,359.42,362.799874084774,363.56548686450327,-1.2487651206320556,1.8803956838519298,3.1291608044839854
2023-09-27,360.01,360.52,354.27,357.78,362.321790838605,362.5135801618663,-1.4833542513723255,1.2749679902685784,2.758322241640904
2023-09-28,357.8,359.47,356.67,357.06,361.820667901595,361.52202013243607,-1.623726108098452,0.7286646065178388,2.352390714616291
2023-09-29,357.3,357.5,348.55,350.3,360.7234614347764,359.4816528356295,-2.079443767293628,-0.24691399450074414,1.8325297727928838
2023-10-02,349.64,350,345.41,348.08,359.519322250512,357.40862504733326,-2.414452926774165,-1.1855363856748227,1.2289165410993423
2023-10-03,347.39,348.2441,342.13,343.04,357.9498629885585,354.79614776599993,-2.830705388781545,-2.309465194877589,0.521240193903956
2023-10-04,342.92,344.01,339.51,343.69,356.59178079917194,352.77684817218176,-2.9064846796890773,-3.1118656557073905,-0.2053809760183133
2023-10-05,343.7,345.94,342.37,345.06,355.4935159611556,351.37378486814873,-2.7123163229087863,-3.5957763796542963,-0.88346005674551
2023-10-06,344.1,348.76,341.86,346.34,354.6217525362836,350.45855125575804,-2.3586903086217115,-3.831822942522649,-1.4731326339009378
2023-10-09,344.24,345.9,342.83,345.45,353.7482522947328,349.54790557289294,-2.0567653819826837,-4.044089361379292,-1.9873239793966087
2023-10-10,347,349.51,345.5,348.56,353.25413302856776,349.3682863778215,-1.5431146594096714,-3.916217303658698,-2.3731026442490264
2023-10-11,349.38,349.6,344.92,348.43,352.7946917877518,349.19768885458126,-1.12693688972079,-3.781773756400014,-2.654836866679224
2023-10-12,348.21,348.66,343.02,345.66,352.11519733177545,348.55447269920285,-0.9595801202741159,-3.8543120170218685,-2.8947318967477527
2023-10-13,346,348.44,343.88,345.09,351.4461309192254,347.92456857207503,-0.814366714117674,-3.9126902893948454,-3.0983235752771714
2023-10-16,348,349.94,345.83,346.23,350.9493565459659,347.6164651953341,-0.5796603541887118,-3.822899018013061,-3.243238663824349
2023-10-17,346.18,348.4091,344.15,345.39,350.41989401777863,347.211653341637,-0.42620305098166167,-3.7759924775514264,-3.3497894265697647
2023-10-18,344.72,344.83,339.96,340.89,349.5122850637045,346.0622618249757,-0.5643168144897621,-4.0551854446819675,-3.4908686301922054
2023-10-19,340.31,342.69,338.45,338.66,348.4787341052565,344.7163960386165,-0.731789233203612,-4.40560517169672,-3.6738159384931084
2023-10-20,338.15,340,334.35,335.86,347.27694990475584,343.1061422134135,-0.943592079992571,-4.853306038483822,-3.9097139584912513
2023-10-23,334.07,338.88,333.49,336.84,346.28295467573145,341.9668436291565,-0.9286959186094812,-5.070583856753103,-4.141887938143622
2023-10-24,338.18,339.85,337.77,338.63,345.5541018494713,341.36014478749166,-0.718681098641528,-5.040239311445532,-4.321558212804004
2023-10-25,338.59,339.62,336.55,336.9,344.72990167333114,340.5492093715841,-0.6203791644850316,-5.097032168410294,-4.4766530039252626
2023-10-26,337.07,338.315,335.46,336.16,343.9137205615853,339.75117130402333,-0.5326563959565203,-5.142473498870913,-4.609817102914393
2023-10-27,336.12,336.19,330.58,331.71,342.75146146048195,338.28914015783727,-0.6917125170642162,-5.474457749244664,-4.782745232180448
2023-10-30,332.96,338.36,332.175,337.41,342.242750845198,338.12929649277595,-0.3477810401033352,-5.217471532309617,-4.869690492206281
2023-10-31,337.95,341.49,337.5,341.33,342.15582219327433,338.7112425849985,0.18058108423954877,-4.643964136906845,-4.824545221146394
2023-11-01,341.21,345.33,340.58,343.75,342.3076486510577,339.62738029681697,0.70070507316575,-3.9486638796892066,-4.649368952854957
2023-11-02,346.39,349.385,344.5,349.02,342.9469202080998,341.3351293337593,1.368683092728861,-2.9385150869438803,-4.307198179672741
2023-11-03,350.17,354.35,349.79,351.81,343.79102304542363,343.2396512730758,1.9329293308275188,-1.8910365161383424,-3.8239658469658613
2023-11-06,354.03,354.03,344.06,346.63,344.06140180300235,343.85607831433475,1.8895474601858147,-1.4620315217335929,-3.3515789819194075
2023-11-07,346.81,346.95,344.295,346.17,344.2622206789069,344.27679134809205,1.7645029243839683,-1.145950326439447,-2.9104532508234153
2023-11-08,346.85,348,344.6871,346.3,344.4562948999634,344.64464746662077,1.6284596158869986,-0.8748787309646673,-2.503338346851666
2023-11-09,347.64,350.11,346.8816,348.18,344.81093348091923,345.2874388363261,1.6006234275914855,-0.5025590623623089,-2.1031824899537943
2023-11-10,349.6,351.2,348.6,350.56,345.3584636255936,346.2460863206304,1.6703292722500116,-0.015270899641279811,-1.6856001718912914
2023-11-13,350.09,350.6475,348.81,350.01,345.8014670898228,346.93043426233396,1.6067257046304888,0.32280695889681965,-1.2839187457336692
2023-11-14,352.52,355.95,351.25,354.25,346.6060892717444,348.26126439645503,1.764925140940611,0.9222376804420946,-0.8426874604985164
2023-11-15,355.02,357.31,354.4822,356.79,347.5759855315783,349.81194359709957,1.9413406773180832,1.5839883861490875,-0.3573522911689956
2023-11-16,357.79,360,357.23,359.86,348.74589167142796,351.63886294308145,2.1493243721105175,2.3293031739691514,0.1799788018586339
2023-11-17,360.47,360.56,358.07,358.93,349.7158067503396,352.96452422615755,2.1060221277844824,2.812506461589237,0.7064843338047545
2023-11-20,359.35,362.61,358.18,361.33,350.8219203931644,354.4855198214016,2.1152014703168547,3.3504861717008225,1.235284701383968
2023-11-21,360.58,363.03,360.25,361,351.7912613081011,355.66997076296497,1.9777508642167672,3.707473281654927,1.72972241743816
2023-11-22,361.76,362.46,360.05,361.8,352.7444745168534,356.78452153333495,1.8232071007426338,4.008731293366452,2.1855241926238183
2023-11-24,362.51,363.1919,361.24,362.68,353.69071503905786,357.85642670909226,1.6670010721546857,4.269275532817176,2.60227446066249
2023-11-27,362.64,362.64,359.58,361.34,354.4192183686714,358.4898036710755,1.372467099815284,4.317858335431595,2.9453912356163108
2023-11-28,361.55,362.12,359.21,360.05,354.9554832859408,358.77347573087997,1.0067345627633375,4.203809439070483,3.1970748763071453
2023-11-29,360.95,361.52,358.3001,358.69,355.3111515444226,358.7582983252654,0.6087866604543448,3.958058201875076,3.3492715414207312
2023-11-30,359.45,360.43,358.42,360,355.7577085401919,358.9840622661262,0.3805134923834679,3.824913406900066,3.444399914516598
2023-12-01,359.94,360.24,355.3,357.07,355.88268867922125,358.63605094501236,-0.0008985445450235829,3.4432767338353187,3.4441752783803423
2023-12-04,355.91,357.83,353.79,356.66,355.95671832881925,358.27676895501014,-0.29747824766596986,3.07232746879788,3.36980571646385
2023-12-05,355.23,356.6,352.29,355.03,355.86845944036025,357.68644732682645,-0.6025190260769069,2.6166569338677164,3.2191759599446232
2023-12-06,356.15,357.45,351.89,352.38,355.536225207945,356.7216387219489,-0.9605930552576085,2.018434640872613,2.9790276961302213
2023-12-07,352,353.02,350.85,352.7,355.26610852147405,355.99043168159454,-1.1414086188776231,1.5522669225331924,2.6936755414108156
2023-12-08,353,353.67,351.02,353.08,355.05790770990507,355.461262284941,-1.1952127987681735,1.1996595429505987,2.3948723417187723
2023-12-11,355,357.49,354.21,357.06,355.2485831661046,355.75194186949716,-0.9341204784607204,1.2272217436428718,2.1613422221035923
2023-12-12,357.9,360.405,356.76,360.02,355.70300381695176,356.5279524386795,-0.5523089908237071,1.4709559835739583,2.0232649743976654
2023-12-13,360.19,362.15,359.0433,362.03,356.30557488200395,357.52832472255596,-0.1742162136350227,1.805494707353887,1.9797109209889097
2023-12-14,364.05,364.05,356.38,358.12,356.47837727419403,357.6359020457276,-0.19567799607025527,1.7351134259010905,1.9307914219713458
2023-12-15,357.63,358,354.2,356.5,356.48043658141364,357.42937440104987,-0.31985933384341636,1.5309672546670754,1.8508265885104918
2023-12-18,357.42,361.14,357,359.65,356.78229976413616,357.83312450994987,-0.19677422743485962,1.6048588042169172,1.8016330316517768
2023-12-19,360.15,362.55,359.09,361.8,357.26017597707556,358.5543745990499,0.0114711956232314,1.815972026180816,1.8045008305575847
2023-12-20,361.52,361.66,355.12,355.35,357.0782544554493,357.97176103558627,-0.2866811678652641,1.4461493707260047,1.7328305385912688
2023-12-21,356.02,357.2,353.63,356.14,356.9888968882637,357.6387135745706,-0.42391092342723735,1.2029418843072222,1.6268528077344595
2023-12-22,356.5,358.26,355.4063,356.47,356.9394781370005,357.4262201973759,-0.48147364199508713,1.0250107552406007,1.5064843972356878
2023-12-26,356.9,357.77,356.08,356.83,356.9290516477623,357.31781652512575,-0.4830731666200845,0.9026429389605823,1.3857161055806668
2023-12-27,355.93,357.08,355.5,356.95,356.9310467289278,357.2509407932847,-0.46372741359885805,0.8060568385820943,1.2697842521809524
2023-12-28,357.48,358.68,356.725,357.57,356.9918994214109,357.30895155814204,-0.3993019421802708,0.7706568244556138,1.1699587666358846
2023-12-29,357.56,357.86,355.31,356.66,356.96028995270507,357.1909603657526,-0.4067296020236866,0.6615467641062764,1.068276366129963
2024-01-02,356.32,362.57,355.94,362.46,357.48407186197124,358.14896757197937,-0.02966049906053625,1.0312007423042928,1.060861241364829
2024-01-03,362.08,367.85,361.071,366.75,358.3665412084502,359.7127916498013,0.4723400703475735,1.651286329299296,1.1789462589517226
2024-01-04,367.41,369.37,363.41,363.68,358.8725849028835,360.43410225892836,0.5555549989707766,1.8733900076651935,1.3178350086944168
2024-01-05,364.83,366.3008,364.19,365.59,359.5123387216565,361.37153821185046,0.6884666807035611,2.178418359573868,1.489951678870307
2024-01-08,366.01,368.3,364.2,368.18,360.3378302719749,362.60944035515035,0.8873867310849888,2.599185092726543,1.7117983616415544
2024-01-09,368,368,364.77,366.9,360.9627988175011,363.3895421087594,0.8682549375656106,2.7971170335985676,1.928862096032957
2024-01-10,366.26,368.83,365.75,367.92,361.6253894063105,364.21326172534856,0.8582570910335114,3.0016834598248465,2.143426368791335
2024-01-11,367.81,367.89,362.13,363.34,361.7886856533285,364.0544868661943,0.4951732702579563,2.7623929566137804,2.267219686355824
2024-01-12,366.51,366.85,362.5672,363.62,361.9630965434877,363.97548925415896,0.2388407011989715,2.5657705628545386,2.326929861655567
2024-01-16,362.94,363.6,359.89,361.1,361.8808968726794,363.45267302613007,-0.11637869951991542,2.181456487255673,2.2978351867755884
2024-01-17,359.01,362.53,357.98,359.29,361.6341447895671,362.6958233850155,-0.4693814707013435,1.7111083483989091,2.1804898191002526
2024-01-18,359.25,362.64,358.3,362.38,361.70517861913214,362.6384009513763,-0.48871354483274576,1.5695978880593202,2.058311432892066
2024-01-19,362.25,368.31,361.02,366.99,362.20849494111957,363.42960077839876,-0.1997771450300072,1.808590001604557,2.0083671466345643
2024-01-22,368.05,369.27,366.53,368.06,362.7657811372034,364.27149154596265,0.04177024116919892,2.0605799480960627,2.018809706926864
2024-01-23,368.02,372.42,367.705,372.14,363.6585638860412,365.7021294466967,0.43294876385906145,2.5599956617506905,2.127046897891629
2024-01-24,372.53,377.79,372.03,376.59,364.8901292302277,367.68174227457,0.9200327173163503,3.277087794537067,2.357055077220717
2024-01-25,379.24,380.99,377.89,380.85,366.410116922587,370.0759709519209,1.4274722942818165,4.1413954450729875,2.713923150791171
2024-01-26,381.05,385.73,380,385.4,368.21867721567395,372.86215805157167,1.9363231849800768,5.134327132016267,3.1980039470361903
2024-01-29,385.49,385.7,379.17,383.18,369.64356509989545,374.7381293149223,1.982924998995652,5.676660195780755,3.693735196785103
2024-01-30,383.24,387.64,380.08,387.15,371.3108446141911,376.9948330758455,2.127866954756879,6.353568890231202,4.225701935474323
2024-01-31,386.53,387.92,383.55,383.74,372.4945736985539,378.22122706205545,1.8510243111854354,6.539482324456117,4.688458013270681
2024-02-01,384,386.55,381.475,386.44,373.8227095367869,379.715549414409,1.7100348680116513,6.826001598285245,5.115966730273594
2024-02-02,386.68,392.07,386.44,390.75,375.43483243804525,381.72181315724373,1.7604354018962258,7.316510982643877,5.556075580747651
2024-02-05,389.95,393.37,389.285,390.76,376.89437220585046,383.3651198559267,1.6497250434954207,7.618231885116927,5.968506841621506
2024-02-06,390.29,393.93,390,393.74,378.4987177100552,385.25146170030365,1.6296155234336638,8.005526245913586,6.375910722479922
2024-02-07,394.6,399.15,394.36,397.66,380.323601737669,387.5075595729757,1.7236214084573191,8.530437483051571,6.806816074594252
2024-02-08,397.22,398.65,394.85,397.49,381.9584968102719,389.32254874152557,1.619281947918557,8.830918509492449,7.211636561573892
2024-02-09,397.31,398.36,395.82,398.36,383.5205447331032,390.96572169761185,1.458772813567366,9.035102578533099,7.576329764965733
2024-02-12,398.65,399.48,396.19,397.71,384.8719214251886,392.19195411622786,1.1711440825850001,9.040259868196983,7.869115785611983
2024-02-13,397.18,399.705,392.1,394.8,385.81745271802777,392.6661442769137,0.672020030021951,8.709140823139421,8.03712079311747
2024-02-14,395.15,398.86,393.5477,398.68,387.04245722107277,393.75957259020214,0.49828998257395085,8.659983271334909,8.161693288760958
2024-02-15,399.14,404.2699,398.3,403.45,388.60508034287534,395.52146848289266,0.5932798268988222,8.903293072384486,8.310013245485663
2024-02-16,404.44,406.74,402.59,405.99,390.26078697688723,397.42483784963946,0.7080529737677352,9.195079462695332,8.487026488927597
2024-02-20,406.47,411.11,406.06,407.15,391.86928345527895,399.193049149705,0.7395271413724913,9.411435415643211,8.67190827427072
2024-02-21,408.26,409.48,406.7,409.25,393.52458979287144,401.0215856679405,0.775444266711883,9.641213607660575,8.865769340948692
2024-02-22,411.3,416.26,411,415.16,395.5851050506932,403.5922064555877,1.0536412216296043,10.182820867985697,9.129179646356093
2024-02-23,417.68,420.56,416.52,417.22,397.6455712363415,406.0699871000263,1.221011468739551,10.65544398228053,9.43443251354098
2024-02-26,422,430,408.8468,409.14,398.7402787376423,406.62817126365786,0.6602498143123192,10.25974478143138,9.59949496711906
2024-02-27,409.21,409.9625,401.71,408.91,399.70882361977164,407.0430492157201,0.17196906088745223,9.814456293228375,9.642487232340923
2024-02-28,408.5,414.665,407.7126,412.14,400.8927451797934,407.9697675401346,-0.024868419503647488,9.611401707961363,9.63627012746501
2024-02-29,413.1,413.79,408.38,409.4,401.702959924575,408.2298098055647,-0.4096511294041534,9.124206215709819,9.533857345113972
2024-03-01,409.48,410.39,405.45,407.11,402.2179161222345,408.02620802273475,-0.8624116960749237,8.455842725020318,9.318254421095242
2024-03-04,405,405.95,401.43,403.39,402.3295431582122,407.1832611095102,-1.4233386579190395,7.5390810986964425,8.962419756615482
2024-03-05,402.55,403.3279,398.78,400.74,402.1781580955253,406.01175908959925,-1.9511285255007405,6.523509099739556,8.474637625240296
2024-03-06,402.18,407.44,401.695,403.96,402.3478573245229,405.6387119823994,-2.051424384188844,5.910357145004241,7.961781529193085
2024-03-07,406.11,406.4,399.5699,402.39,402.35187091266357,405.0480370765086,-2.179528603948741,5.237370774257158,7.416899378205899
2024-03-08,401.08,403.36,400.01,403.15,402.4278832066956,404.7029394262343,-2.1646843875521213,4.711043893765748,6.875728281317869
2024-03-11,403.3,405.01,402.7406,404.76,402.6499895679627,404.7133140760099,-2.0018422512615244,4.373425467240963,6.375267718502488
2024-03-12,406.78,407.2,404.1,404.98,402.8718953233948,404.7618024258263,-1.8389182891306195,4.076619857089213,5.915538146219832
2024-03-13,405.3,409,404.15,408.13,403.3726671973572,405.374201984767,-1.4933067617206701,4.048904694068995,5.542211455789665
2024-03-14,409.08,409.08,403.34,406.73,403.69241317856125,405.6207107148094,-1.3382745571984023,3.8693682592916616,5.207642816490064
2024-03-15,404.27,408.46,402.5,408.13,404.1150404948888,406.07694513029855,-1.1290811673562864,3.796291357294706,4.925372524650992
2024-03-18,408.7,410.5999,406,408.41,404.5240842572803,406.5011369247897,-0.9658092381091219,3.7181109770145895,4.683920215123711
2024-03-19,409.08,412.19,408.09,411.76,405.2132190899203,407.4572938475552,-0.6417574725046666,3.8817233744928785,4.523480846997545
2024-03-20,412.02,416.31,411.55,416.11,406.25100774802314,409.0305131479997,-0.16863899040587427,4.312682108990202,4.481321099396077
2024-03-21,416.7,417.825,413.51,413.78,406.9680546291638,409.8940562119998,-0.052807662864171157,4.415311520815862,4.468119183680034
2024-03-22,413,414.35,411.4,411.6,407.4091922835292,410.204227809818,-0.15729606267010698,4.2714991053424,4.428795168012507
2024-03-25,410.67,411.065,408.9244,409.92,407.648316827955,410.1525500262147,-0.36213180324514926,3.9761304139560707,4.33826221720122
2024-03-26,410,412.66,408.6001,411.57,408.02181046338785,410.4102682032666,-0.4057872928230388,3.8310281011724214,4.23681539399546
2024-03-27,413.65,417.21,413.4,416.93,408.8702094668747,411.5956739844908,-0.10844122666911993,4.10126386065906,4.20970508732818
2024-03-28,417.8,421.44,415.85,420.52,409.97971332717236,413.2182787145834,0.274340530724392,4.55263075073367,4.278290220009278
2024-04-01,421.49,421.66,417.81,420.2,410.95307396267975,414.4876825846591,0.4404533288931054,4.82885688112566,4.388403552232554
2024-04-02,419.75,421.01,418.085,418.92,411.71182882337695,415.29355847835745,0.3997854741305611,4.888135394895755,4.488349920765194
2024-04-03,419,421.9099,418.52,420.24,412.52403560210297,416.19291148229246,0.39665812222683083,4.984172573548733,4.587514451321902
2024-04-04,423.84,424.52,414.55,415.32,412.7903179257122,416.0342003036938,0.01809808487060316,4.610137057410157,4.592038972539553
2024-04-05,416.56,419.27,415.41,418.62,413.34552574231105,416.5043457030222,-0.051391196303517184,4.527799977160157,4.579191173463674
2024-04-08,418.32,418.57,415.625,415.97,413.5954756716148,416.4071919388363,-0.30311614103687035,4.200295997167586,4.503412138204457
2024-04-09,416.58,417.32,412.12,414.69,413.69971608384196,416.09497522268424,-0.567745969209275,3.7937296766928625,4.3614756459021375
2024-04-10,412.74,413.56,407.53,409.11,413.2626002663332,414.82497972765077,-1.099713941948214,2.98683321846687,4.086547160415084
2024-04-11,408.4,411.1499,404.0531,407.61,412.72425738382526,413.51316523171425,-1.5084751054354948,2.200953278620716,3.709428384056211
2024-04-12,405,407.21,401.44,403.26,411.82289953774665,411.64895337140257,-1.99702691414251,1.2131447413780734,3.2101716555205835
2024-04-15,406.99,409.0554,399.86,400.26,410.7216710103422,409.5782345766021,-2.4192737859174036,0.18607942312382875,2.6053532090412324
2024-04-16,400.97,401.25,396.5,396.92,409.4072261522144,407.2767373808563,-2.794011120386158,-0.8871606914414656,1.9068504289446926
2024-04-17,398.94,399.28,395.661,397.74,408.29606175676537,405.5427851297915,-2.8474764489920057,-1.6524951322953143,1.1949813166966912
2024-04-18,399.7,402.99,399.1,399.89,407.49548444659723,404.515006015284,-2.6054044998332024,-2.0617743080948117,0.5436301917383906
2024-04-19,401.04,405.57,400.17,405.08,407.26543830882605,404.61773219432325,-1.9908413801798954,-1.944921533486479,0.04591984669341659
2024-04-22,406.84,411.35,406.25,408.78,407.409682279414,405.3745081589918,-1.2655752143405445,-1.5360491712322641,-0.27047395689171955
2024-04-23,410.25,410.72,405.64,408.74,407.5363792051841,405.9864157664478,-0.7447357354499907,-1.201393626204208,-0.45665789075421725
2024-04-24,407.1,407.62,403.88,405.95,407.38529547135704,405.9797947180027,-0.5531313817787219,-1.1480721179776197,-0.5949407361988978
2024-04-25,404.85,406.14,400.35,404.91,407.1495530455135,405.78528658745677,-0.4649878330943088,-1.1761755275667838,-0.711187694472475
2024-04-26,403.92,404.75,401.41,402.1,406.6686432316551,405.11523448064645,-0.5582096067073479,-1.4089497028566598,-0.8507400961493119
2024-04-29,402.66,404.87,400.08,400.96,406.1249629238784,404.35973730234707,-0.6523730401084298,-1.6662063962848492,-1.0138333561764195
2024-04-30,400.58,400.6,396.37,396.73,405.2302045501757,402.972512338284,-0.9379001759217207,-2.1862085760785703,-1.2483084001568496
2024-05-01,396.61,402.32,396.35,398.58,404.59685173587326,402.1738737313233,-0.9382535085754811,-2.421125285876201,-1.4828717773007198
2024-05-02,401,401.56,397.88,400.6,404.2161991895996,401.88771487108266,-0.7468594314776476,-2.4164460666477794,-1.6695866351701318
2024-05-03,404.5,404.5,399.21,400.87,403.89751355249484,401.7026758036131,-0.5552936544598897,-2.363703703244994,-1.8084100487851043
2024-05-06,403.96,405.15,399.26,404.92,403.994893214162,402.2876438393198,-0.1311660580436651,-1.9723676213396857,-1.8412015632960206
2024-05-07,406.93,407.26,403.6105,406.14,404.19918909852754,402.98807223217074,0.23618827723303992,-1.5459662167547208,-1.7821544939877607
2024-05-08,406.47,407.229,403.75,406.37,404.4059329939059,403.6029681899579,0.4849831029895877,-1.175925615250776,-1.6609087182403637
2024-05-09,406.25,408.87,405.46,408.82,404.8263203278196,404.55151942814734,0.786994728259651,-0.6771653079158,-1.464160036175451
2024-05-10,409.85,412.38,409.2,412.05,405.5142898204082,405.91487953212055,1.154513721636267,-0.02101788413011718,-1.1755316057663843
2024-05-13,414.06,414.2996,410.19,411.22,406.0576907898931,406.87944688991684,1.2820944259188907,0.4270864266322292,-0.8550079992866615
2024-05-14,410.45,411.5592,408.17,410.24,406.45600595276045,407.4904565462956,1.240103665528561,0.69512158262404,-0.5449820829045211
2024-05-15,410.51,413.4,410.1,412.76,407.05638633821184,408.44855535606,1.3145653975333826,1.098224664012207,-0.21634073352117544
2024-05-16,413.8,416.34,412.91,413.12,407.63387335362023,409.29790892768546,1.3172715743815817,1.4302487344558017,0.11297716007422004
2024-05-17,413.98,417.33,413.7,416.94,408.52017112946595,410.68738003174263,1.492667685566064,1.9788117670318002,0.4861440814657361
2024-05-20,417.04,417.28,412.615,413,408.94682149808824,411.1078563896076,1.2684807852397644,2.0717450630154417,0.8032642777756773
2024-05-21,413.59,415.7,412.56,414.37,409.4633146887465,411.70097340967897,1.1415759128492406,2.230234168837228,1.0886582559879874
2024-05-22,414.95,417.26,412.96,413.99,409.8944275755325,412.1171600624646,0.9680152999104787,2.298677380876086,1.3306620809656071
2024-05-23,413.25,413.25,404.87,405.88,409.51210113976754,410.9831309601983,0.2787932628051428,1.6791536594720355,1.4003603966668927
2024-05-24,406.9,407.9599,405.5,407.41,409.31190103121827,410.3334707856168,-0.08293835391314874,1.2966874542754567,1.3796258081886055
2024-05-28,408.24,408.24,401.87,403.9,408.79648188538795,409.16374882459553,-0.5418947429507956,0.7022573795001108,1.2441521224509065
2024-05-29,403,405.87,401.58,404.09,408.348245515351,408.24124903830545,-0.8003700395600108,0.24368957300089278,1.0440596125609036
2024-05-30,403.77,409.04,402.7701,408.61,408.373174513889,408.30829466770444,-0.6414832796919793,0.2422055129459295,0.8836887926379088
2024-05-31,408.09,415.4,406.88,414.4,408.94715789351864,409.41587745539454,-0.14682067176929392,0.7001629529262914,0.8469836246955853
2024-06-03,414.89,416.72,408.78,414.79,409.50361904651686,410.3929906453228,0.18808795075071638,1.0820935631339808,0.8940056123832644
2024-06-04,414.85,415.89,406.4401,409.53,409.50613151827713,410.23608325526413,0.04431091571071,0.9493942570216518,0.9050833413109418
2024-06-05,410.1,410.275,405.77,409.85,409.5388808974888,410.16588629976155,-0.035958415486072814,0.8601353219533507,0.8960937374394236
2024-06-06,410.42,411.24,407.38,411.08,409.68565414534703,410.332088790714,-0.014058466705882955,0.8785206540570698,0.8925791207629528
2024-06-07,411.28,415.88,409.8451,413.72,410.0698775600759,410.9480726469478,0.16074612398524002,1.0935117757445028,0.9327656517592627
2024-06-10,413.34,413.94,409.27,410.81,410.1403654114972,410.92296852932094,0.06767042935585343,1.0173536884540795,0.949683259098226
2024-06-11,408.88,408.91,406.11,408.5,409.98414013421177,410.48242879671716,-0.1502918930023187,0.7618183928453277,0.9121102858476464
2024-06-12,411.09,411.891,407.16,408.77,409.8685077404773,410.17107810640493,-0.2701126707865684,0.5744694473644358,0.8445821181510043
2024-06-13,407.63,408,403.5711,405.92,409.4924593842414,409.3981548143313,-0.5206344962798722,0.193788997801164,0.7144234940810362
2024-06-14,404.9,406.34,403.33,405.54,409.1160346809803,408.6966721208165,-0.6811281773568827,-0.13698672761506714,0.5441414497418156
2024-06-17,405.18,407.815,403.5501,407.32,408.9449837589822,408.44636809884986,-0.6373820349430506,-0.2525860939369977,0.38479594100605286
2024-06-18,406.745,408.5,405.28,407.95,408.85022340098385,408.3561193536044,-0.5398531638240277,-0.29002051377398175,0.24983265005004593
2024-06-20,407.25,411,404.05,409.15,408.8787735532711,408.5004612893127,-0.37612044194260685,-0.2203179023782127,0.1558025395643942
2024-06-21,409.82,410.4673,407.68,409.62,408.9493665481977,408.7040137821649,-0.22520520883987533,-0.12570397148544998,0.09950123735442536
2024-06-24,410.7,417,410,413.98,409.4284744959884,409.66328400358947,0.1585290451934886,0.2976625438462861,0.1391334986527975
2024-06-25,414,414.25,409.62,410.97,409.5752864487514,409.9008687302096,0.19737626530775212,0.38585383028748765,0.18847756497973553
2024-06-26,410.02,410.68,407.25,410.26,409.640497263156,409.96616532471694,0.16434930501013637,0.393914196242406,0.2295648912322696
2024-06-27,410.26,410.26,406.34,407.95,409.4794975238078,409.59958981113203,-0.014478518720953182,0.21146674283107814,0.22594526155203132
2024-06-28,408.25,410.05,405.79,406.8,409.22430728344517,409.0905734818353,-0.20125555949969423,-0.025624187822586464,0.17563137167710777
2024-07-01,408.09,409.67,403.82,405.19,408.84008754216467,408.38137830331976,-0.4121212776361815,-0.3395202253681191,0.07260105226806239
2024-07-02,404.02,407.39,403.92,407.1,408.6743649191014,408.1484004299889,-0.4014538982879514,-0.42921632059187687,-0.027762422303925463
2024-07-03,407.16,407.16,404.22,405.77,408.3977587363298,407.71596398817275,-0.45834730302729887,-0.6006965510880491,-0.1423492480607502
2024-07-05,406.24,411.4,405.03,411.17,408.6617817138222,408.3439705357777,-0.12406650836394689,-0.2974323835156838,-0.1733658751517369
2024-07-08,411.27,413.7855,408,409.08,408.7016120267915,408.4777940747272,-0.03984038477331739,-0.22316635611838365,-0.18332597134506626
2024-07-09,409.42,413.71,408.64,410.52,408.87479183376377,408.8491042429586,0.10860820034939397,-0.04756572090832378,-0.15617392125771776
2024-07-10,410.81,413.96,409.4,413.79,409.34290689721485,409.7474489260571,0.4060670447613459,0.3514098846939646,-0.05465716006738128
2024-07-11,413.99,419.2,412,418.78,410.24167766890866,411.38973093950125,0.8901702215682596,1.0580556168929434,0.16788539532468366
2024-07-12,420.23,427.45,419.7,424.44,411.5938988432983,413.76250713231923,1.5066099183079966,2.0511477932096795,0.5445378749016829
2024-07-15,425.59,434.71,425.3,434.42,413.76781323917464,417.51841492644303,2.4459392333683203,3.6019619166120833,1.156022683243763
2024-07-16,437.4,439.0516,434.0201,438.9,416.1613548354437,421.40597584890793,3.18183636964444,5.133318145299313,1.951481775654873
2024-07-17,437.85,446.15,437.84,445.61,418.9659877082586,425.80670751274283,3.8867105551065464,6.809869969538056,2.9231594144315096
2024-07-18,445.62,449.25,439.57,441.82,421.142560307472,428.7182152376987,3.8562454168202636,7.743466185456839,3.8872207686365754
2024-07-19,442.67,442.8,433.35,434.47,422.411840278189,429.76399428538986,3.130500822654703,7.800346796954955,4.669845974300252
2024-07-22,435.05,438.11,432.12,435.98,423.7040459659805,430.89417714259173,2.565302723022154,7.876474378077944,5.31117165505579
2024-07-23,437.34,437.92,433.47,434.01,424.6855653977919,431.4606903893932,1.9024283602901368,7.689207105418461,5.786778745128324
2024-07-24,433.99,435.41,430.73,432.8,425.4583686932403,431.70420122768536,1.257246783039971,7.358337223928288,6.101090440888317
2024-07-25,431.6,439.625,431.6,433.29,426.2042383415031,431.9925282771971,0.76260069411172,7.054341308527967,6.291740614416247
2024-07-26,435.66,439,434.1,437.66,427.29526326136,433.0229776813431,0.6341119126245376,7.084380505196918,6.450268592572381
2024-07-29,438.01,439.44,435.49,438.31,428.3442858078971,433.98425446655347,0.5030120533205409,7.079033659223057,6.5760216059025165
2024-07-30,439.51,443.8905,439.14,441.26,429.57435382619263,435.30711729081645,0.5227822528451567,7.229499421958963,6.706717169113806
2024-07-31,439.85,440.85,437.74,438.5,430.42441536655525,435.8876414197589,0.27048810897590236,7.044827305333683,6.774339196357781
2024-08-01,439.67,440.61,430.95,431.81,430.5563758078357,435.1462520707118,-0.39052493457036963,6.286183028144819,6.676707962715189
2024-08-02,429.77,436.25,423.4901,428.36,430.3471971594704,433.9123880578551,-1.0654043541281375,5.344952520055017,6.4103568741831545
2024-08-05,413.43,417.82,406.11,413.72,428.7636545728542,430.2410447746087,-2.425288041262414,3.3787468226051374,5.804034863867551
2024-08-06,416.41,427.46,415.1,422.14,428.13283032782044,428.7681275428617,-2.6660687329282,2.4714489477073016,5.137517680635502
2024-08-07,426.07,433.17,425.6,427.02,428.02684648707566,428.4502861714323,-2.412633245915746,2.121726123240819,4.534359369156565
2024-08-08,429.24,432.2599,427.6,431.54,428.3614325359256,429.012052322081,-1.8801936194590354,2.184117344832771,4.064310964291806
2024-08-09,431.92,434.75,430.21,431.67,428.67653419917076,429.4953155362481,-1.4766651712174848,2.21847950026995,3.695144671487435
2024-08-12,434.16,434.16,429.01,430.39,428.83972141829736,429.6579854387484,-1.2617066674716808,2.118011337147834,3.379718004619515
2024-08-13,431.83,432.81,425.9,432.41,429.1797479498881,430.15835172261234,-0.9627346563868704,2.176299684135927,3.139034340522797
2024-08-14,433,438.98,431.71,438.47,430.06453385942257,431.66956050031916,-0.36675958451645485,2.6805848598772286,3.0473444443936835
2024-08-15,441.8,442.59,438.72,440.84,431.09076872995377,433.3369131366248,0.14947799367309056,3.234191936485047,3.0847139428119563
2024-08-16,441.55,445.204,440.4545,444.51,432.3687907556725,435.3683834754203,0.6712979010836557,3.9238363191665258,3.25253841808287
2024-08-19,446.01,450.45,445.73,448.77,433.93081068370367,437.8050410253439,1.2053844404355751,4.759268968627339,3.5538845281917637
2024-08-20,449.3,450.5,446.38,448.36,435.3050191900176,439.72412447528137,1.4183859631227693,5.3268669820952255,3.908481018972456
2024-08-21,449.84,451.28,443.84,446.6,436.3807316481112,440.97428366159386,1.329585091353553,5.570462383164397,4.240877291810844
2024-08-22,446.3,449.6,444.65,449.03,437.5854238721006,442.43895935948586,1.3206410320831106,5.891678581914732,4.571037549831622
2024-08-23,450,453.72,448.81,453.38,439.0896692176148,444.428239475943,1.481738444649256,6.423210605643192,4.941472160993936
2024-08-26,455.305,459.2699,453.34,454.49,440.5563673873658,446.25765048031695,1.5308231525347455,6.855001101662367,5.3241779491276215
2024-08-27,455.94,462.1,454.62,460.63,442.4681419219024,448.87080493844115,1.8246411590617146,7.604979397954764,5.78033823889305
2024-08-28,461.17,466.6,460.78,464.59,444.5749855483879,451.7288404041791,2.1131695970809474,8.421800235244234,6.308630638163287
2024-08-29,467.11,469.85,463,468.37,446.84117740092233,454.7545057852374,2.366953978094654,9.267323110781604,6.90036913268695
2024-08-30,470.52,476.95,470,475.92,449.610589077025,458.6027774606488,2.8208554863609923,10.42643849063819,7.605583004277198
2024-09-03,475,482.89,473.72,476.83,452.20291392683214,461.916817922349,2.9462136779731356,11.288350101743617,8.342136423770482
2024-09-04,478.68,484.82,474.22,478.57,454.71406498141954,464.94466920919467,2.905329444138058,11.973798228943053,9.068468784804995
2024-09-05,479.43,479.43,462.88,464.92,455.6860587927129,464.940183898432,1.773615218134566,11.285487807473203,9.511872589338637
2024-09-06,463.82,468.17,458.55,459.42,456.041672241026,463.9365140987171,0.5335877479912021,10.17885727432764,9.645269526336438
2024-09-09,463.97,466,459.26,459.61,456.3815129799759,463.14987517167765,-0.34741772345854827,9.210997372013253,9.558415095471801
2024-09-10,461.82,464.32,456.21,458.92,456.6232736485496,462.38080695864534,-1.0125791078255695,8.292691210689838,9.305270318515408
2024-09-11,457.62,457.62,445.25,453.1,456.2877237772592,460.69338751161894,-1.8326614838825286,7.014443463662246,8.847104947544775
2024-09-12,454.84,455,449.27,450.87,455.7717500841869,458.90731705496097,-2.473572843601138,5.755138893043352,8.22871173664449
2024-09-13,451.58,452.4285,447.21,447.61,454.9944405523596,456.85325940860446,-3.0286800697353256,4.442861649475333,7.471541719210658
2024-09-16,448.8,452.99,448.34,451.78,454.68830335689677,455.93084860704,-3.019839072492763,3.696742878594705,6.716581951087468
2024-09-17,453.5,461.1,453.29,456.68,454.87798875147803,456.06705795121457,-2.6045199953310814,3.4609319569236163,6.065451952254698
2024-09-18,458.08,459.84,454.8801,456.6,455.04198982276586,456.1639565055392,-2.268075782674572,3.230357223911483,5.498433006586055
2024-09-19,462,462.19,457.25,459.71,455.4865622205977,456.80869168635024,-1.7899580175333316,3.2609854846693906,5.050943502202722
2024-09-20,457.76,457.95,454.05,455.31,455.46974677101696,456.53620228883204,-1.7232967165457653,2.896822606520516,4.620119323066281
2024-09-23,457.31,459.6545,453.42,454.98,455.4231042213963,456.2532564181353,-1.6543572180617652,2.5521728004890747,4.20653001855084
2024-09-24,454.33,455.5999,451.77,454.56,455.3409038193585,455.945391614838,-1.5895766869521624,2.219559159860637,3.8091358468127994
2024-09-25,454.9,455.81,451.21,452.36,455.05700821751486,455.293502230322,-1.6407712932933851,1.758171730196068,3.398943023489453
2024-09-26,452.74,457,451.34,454.18,454.9734836253706,455.09104727935437,-1.501686504899193,1.5218348923654617,3.0235213972646546
2024-09-27,456.04,458.27,455.04,457.47,455.211247089621,455.5235841376536,-1.153394719527042,1.581777997855852,2.735172717382894
2024-09-30,458.4,460.63,454.5507,460.26,455.69208070013326,456.3847506580802,-0.7215140844115346,1.8332801118684756,2.5547941962800103
2024-10-01,459.11,459.79,454.82,457.41,455.85569206202535,456.57115962933835,-0.6181686215896294,1.7820834192929738,2.400252040882603
2024-10-02,458.7,458.7,454.19,456.67,455.9332451989753,456.5891306058223,-0.5900959779222807,1.662632068479752,2.2527280464020327
2024-10-03,455.47,455.97,450.92,452.96,455.6500789895491,455.92928867749094,-0.79886800683368,1.254143037859933,2.053011044693613
2024-10-04,455.01,462.18,453.81,461.97,456.2519762286397,457.02759982703805,-0.3315640477960138,1.6385559849485958,1.9701200327446096
2024-10-07,462.34,462.34,452.4101,453.5,455.9898832544835,456.38621804030385,-0.5797826649955875,1.2453917015001252,1.8251743664957127
2024-10-08,455.96,457.56,452.85,453.8,455.7813229445327,455.9159965784304,-0.7024625872770089,0.9470961323994516,1.6495587196764605
2024-10-09,452.75,457.875,452.355,455.9,455.79262552124385,455.9130881096249,-0.6235533542256668,0.870117026894377,1.4936703811200438
2024-10-10,457.5,457.505,452.7249,454.93,455.71047070969684,455.7343448169658,-0.6169275201246165,0.7225109809642731,1.3394385010888896
2024-10-11,455.9,463.45,455.9,460.21,456.1389973087733,456.5481003047902,-0.25568835582537064,1.0198280563071762,1.2755164121325469
2024-10-14,461.92,462,458.1,459.98,456.5048070888901,457.1720820675556,-0.04217374222365633,1.2227992343529763,1.2649729765766327
2024-10-15,460.99,466.66,460.51,462.68,457.092920699472,458.1735216916364,0.25463907351491777,1.5832718184702799,1.328632744955362
2024-10-16,463.25,466,462.2,465.69,457.91169015666514,459.54015411133884,0.6073052721643379,2.0877643351607844,1.4804590629964465
2024-10-17,466.1,467.8393,464.27,465.85,458.66771966555416,460.68739881836814,0.793227430835201,2.4719933515404477,1.6787659207052468
2024-10-18,467,467,463.25,464.8,459.2517463640728,461.43514448775574,0.7858640098493188,2.6610959330168953,1.8752319231675765
2024-10-21,464.53,465.7899,461.68,464.16,459.71919909130395,461.93057276270923,0.6821130339169477,2.7278732155637613,2.0457601816468136
2024-10-22,464.11,465.1453,457.6,461.45,459.8840372730845,461.8431958967621,0.38972976579598173,2.532922388891791,2.143192623095809
2024-10-23,460.15,463.26,458.745,460.61,459.9531765804098,461.6189784609872,0.11289340376986656,2.2843093778081425,2.171415974038276
2024-10-24,460.9,461.05,453.96,457.77,459.74525500132313,460.9191641953532,-0.2675788737002738,1.8369423819129338,2.1045212556132076
2024-10-25,458.6,459.45,453.03,454.01,459.19904023929234,459.6629525234708,-0.7511655340573047,1.1655643380415768,1.9167298720988815
2024-10-28,455.59,459.24,455,458.49,459.13151259745496,459.4496884282943,-0.7464622720704122,0.9836520320108662,1.7301143040812783
2024-10-29,458.6,458.92,454.39,454.62,458.7018447310307,458.5715632595135,-0.9671310536369293,0.5212004870351166,1.4883315406720459
2024-10-30,454.67,457.6699,453.82,454.96,458.34547856617064,457.9149153941474,-1.046614191779005,0.18006380094828955,1.2266779927272946
2024-10-31,455.19,456.84,450.57,450.92,457.63829013129725,456.6431125952115,-1.310574188472053,-0.4115397428627716,0.8990344456092814
2024-11-01,451.49,455.12,450.7,452.14,457.1146434521261,455.8243648506276,-1.3376555116359612,-0.7730349439356701,0.5646205677002911
2024-11-04,450.37,450.7,437.9,442.29,455.7027726471617,453.36357124142256,-1.9182589745949055,-1.8332031505433406,0.08505582405156481
2024-11-05,442.29,445.23,441.1,445.06,454.6891752521939,451.8538310157094,-2.005612180735636,-2.42195940186798,-0.4163472211323442
2024-11-06,461,469.26,459.4801,468.9,456.04258713293734,454.95313446739857,-0.4300171098461848,-0.9538686084400751,-0.5238514985938904
2024-11-07,468.27,468.46,460.1,460.13,456.43186454884807,455.8943827460534,0.025172506143455675,-0.4923858659145708,-0.5175583720580265
2024-11-08,461.98,466.35,459.5001,463.41,457.0964488775292,457.26085861040735,0.523197372796625,0.13643834393775478,-0.3867590288588702
2024-11-11,466.01,470.51,464,467.36,458.07392993681214,459.0970661357878,1.0635286203652368,0.9426517465976758,-0.12087687376756096
2024-11-12,467.69,468.42,465.15,466.29,458.8564127999729,460.40487229291733,1.27926296180805,1.4782018284925016,0.1989388666844516
2024-11-13,466.41,468.4,464,468.1,459.7367544380707,461.8039864214778,1.4611162730523963,2.025334207999947,0.5642179349475507
2024-11-14,468.81,469.4493,466,467.7,460.49515877730204,462.87598889030005,1.4678333433024129,2.399009614075567,0.9311762707731539
2024-11-15,466.74,472.2551,465.19,470.28,461.427048417559,464.2221727284273,1.551257439803166,2.8702480705271114,1.3189906307239454
2024-11-18,470.98,472.6713,468.36,472.2,462.45304380636287,465.6726867778042,1.632731497693419,3.359905002840719,1.7271735051473
2024-11-19,470.77,470.77,465.01,468.86,463.0632301105188,466.2521982727489,1.3693100673852587,3.4388110893788735,2.0695010219936147
2024-11-20,470,470.6149,466.11,468.83,463.6124462904694,466.72088949588544,1.1116393460801772,3.4590502045938365,2.3474108585136593
2024-11-21,469.445,474.66,467,472.06,464.4169752151866,467.6916368602699,1.0765925158744003,3.6931515033566598,2.6165589874822595
2024-11-22,472.27,477.4399,471.61,476.57,465.5744061470736,469.3058847038572,1.2621520779903372,4.194249084970181,2.932097006979844
2024-11-25,479.13,482.5,476.79,477.43,466.7035103235428,470.78299657588315,1.3404449412614334,4.607653183556636,3.2672082422952022
2024-11-26,478.2,479.4,472.85,478.56,467.8326998165387,472.1969971984498,1.3615764985978518,4.969178865542517,3.6076023669446653
2024-11-27,481,491.67,480.87,483.08,469.284823643535,474.17572498054983,1.559011277702072,5.556366464072255,3.997355186370183
2024-11-29,485.37,486.01,482.05,483.02,470.59293567748404,475.7837749840862,1.5607614409409303,5.948306987546346,4.387545546605415
2024-12-02,484.8,485.09,474.75,477.33,471.234560851057,476.06490680516146,1.0769177932204297,5.733692788130952,4.656774994910522
2024-12-03,478.16,478.3,468.805,470.19,471.135078865242,474.99674193149576,0.21908710980877544,4.930633882171492,4.711546772362716
2024-12-04,471.09,471.34,466.5,468.32,470.8669761161713,473.782788853042,-0.4923627558396957,4.096093327563096,4.588456083402792
2024-12-05,468.78,472.74,468.72,470.57,470.83869267653597,473.19864542521617,-0.8107176139653482,3.575059065946107,4.385776679911455
2024-12-06,470.58,472.08,467.82,470.5,470.80643623115157,472.7079826206314,-1.0122086397954915,3.1205158801670905,4.132724519962582
2024-12-09,470.6,471.7,463.42,463.87,470.14582325675616,471.1010766896075,-1.5462260334544475,2.1999419781445226,3.74616801159897
2024-12-10,464.42,464.99,459.5,462.49,469.4166972323032,469.5354263824062,-1.9221035412223064,1.3435385850710873,3.2656421262933937
2024-12-11,463.33,465.48,458.77,461.39,468.65224987684576,468.0544397674232,-2.1569081034860407,0.5695069969358428,2.7264151004218835
2024-12-12,462.16,463.57,458.08,458.63,467.6977498885747,466.34090526425535,-2.3920033254667445,-0.26358905641154706,2.1284142690551975
2024-12-13,460.51,460.51,457.01,457.9,466.7646308515676,464.80619521620895,-2.4799549303333026,-0.9715293938614309,1.5084255364718717
2024-12-16,459.17,460.4244,454.58,455.2,465.6632374371326,463.0596142678073,-2.591137676969228,-1.730496559739663,0.8606411172295647
2024-12-17,454.695,456.62,452.06,455.66,464.7105481574057,461.7142298554787,-2.503483325341883,-2.268713039447789,0.23477028589409388
2024-12-18,457.06,458.73,446.09,446.59,462.9847816662242,458.9643698817553,-2.8982731098733727,-3.388071101447622,-0.4897979915742493
2024-12-19,451.73,453.8,448.89,449.34,461.68527865039334,457.2144844487089,-2.8138234625862655,-4.007077319807081,-1.1932538572208156
2024-12-20,449.11,458.65,447.19,453.2,460.8771568741654,456.48457818530727,-2.356171934216282,-4.138468774991168,-1.782296840774886
2024-12-23,453.19,454.55,449.82,454.35,460.25552288614966,456.09647306070593,-1.8561712227591363,-4.102510869223806,-2.24633964646467
2024-12-24,455.41,458.99,454.07,458.66,460.10356832556397,456.5625688678503,-1.1499433199442528,-3.683768796394986,-2.5338254764507333
2024-12-26,457.265,459.48,455.795,459.08,460.0060856278912,457.02028361915023,-0.5971076013377425,-3.2802099781229117,-2.683102376785169
2024-12-27,457.3,461.13,454.48,456.51,459.67312509190157,456.92750477930474,-0.3588495797885365,-3.1316643515208398,-2.7728147717323033
2024-12-30,454.245,454.69,449.1765,452.16,458.95758936886335,456.06068572852206,-0.4430301943798183,-3.3266025147070764,-2.883572320327258
2024-12-31,452.205,454.33,451.11,453.28,458.41686657182873,455.5551065051544,-0.37480383599929823,-3.352077115326381,-2.9772732793270826
2025-01-02,455.96,456.8899,450.03,451.1,457.7200221364165,454.7450871405809,-0.4243723148598493,-3.507738672901894,-3.0833663580420447
2025-01-03,452.53,454.526911,450.12,453.56,457.32382955199586,454.52961675138437,-0.24809266360675597,-3.3934821875504895,-3.1453895239437335
2025-01-06,453.85,456.2399,450.57,451.41,456.760607689901,453.9624137056781,-0.23313062724590816,-3.4368028080011186,-3.2036721807552104
2025-01-07,452.8,456.515,451.1,452.92,456.3948355289581,453.77288394100935,-0.08595967989796982,-3.3111217806276727,-3.225162100729703
2025-01-08,453.63,454,449.63,451.84,455.9610416690573,453.4214504971895,-0.02872952249338301,-3.2610740038464314,-3.2323444813530484
2025-01-10,452.66,453,440.1,442.66,454.6942757958137,451.46482313406415,-0.5477302057320608,-3.9170072385181243,-3.3692770327860635
2025-01-13,442.04,445,441.15,443.91,453.66720191049814,450.09121892787067,-0.7338277214646345,-4.286561684616856,-3.552733963152222
2025-01-14,445.5,450.3,443.92,450.03,453.3208017285459,450.0800882137124,-0.38904787731688595,-4.039043809798329,-3.6499959324814433
2025-01-15,455.55,459.09,453.27,458.51,453.81501108773205,451.61279944758286,0.421898087466853,-3.1226233231478773,-3.5445214106147303
2025-01-16,458.93,462.96,458.3001,462.81,454.6716766984242,453.64865409347686,1.214797392187628,-2.0260246703801954,-3.2408220625678235
2025-01-17,464.71,470.18,462.4547,467.95,455.9362789176219,456.2488988037538,2.005658376867229,-0.7337490914837872,-2.739407468351016
2025-01-21,471,473.17,467.72,468.57,457.13949044927693,458.4890990212531,2.4607564007813703,0.3365380326256968,-2.1242183681556734
2025-01-22,468.59,468.89,455.28,460.51,457.4604913588696,458.8565355628434,2.1220018317353317,0.5282839215134914,-1.5937179102218404
2025-01-23,461.68,464.76,458,459.83,457.68615884850107,459.03352909687186,1.769571798740048,0.6182468382032198,-1.1513249605368283
2025-01-24,459.2,463.81,457.08,463.19,458.21033419626286,459.7892510792588,1.6808353643182177,0.949719244860944,-0.7311161194572737
2025-01-27,464.3,474.93,464.3,474.7,459.78077855852354,462.5002963375754,2.2783116757313033,2.1167734752068554,-0.1615382005244479
2025-01-28,473.93,473.93,469.3,469.97,460.75118060056894,463.85842427619804,2.232980552993707,2.6296874907176857,0.3967069377239788
2025-01-29,469.88,473.92,468,469.26,461.56154435289574,464.84052895325294,2.038584110321163,2.9449370756254325,0.9063529653042696
2025-01-30,472.2,474.0643,469.15,472.35,462.5890163192866,466.2058873253888,1.9988077726948252,3.4048626811728013,1.406054908477976
2025-01-31,471.84,472.55,467.0101,468.67,463.1681576222117,466.65390781168173,1.6214281914911286,3.432840147841887,1.8114119563507582
2025-02-03,461.3,466.74,454.6,464.61,463.30547594390583,466.2822882095578,1.0242820238313426,3.0917644861399367,2.067482462308594
2025-02-04,464.94,467.91,462.7,467.49,463.70400204448623,466.5018721714564,0.761253847184522,3.0190497712892466,2.2577959241047245
2025-02-05,469.81,474.24,468.89,473.73,464.6588589926304,467.8160772311916,0.9341250249405464,3.4254522052804077,2.4913271803398613
2025-02-06,475.46,478,473.28,477.22,465.85515813618946,469.52588137097496,1.1935196450839536,3.983226736694803,2.7897070916108495
2025-02-07,477.41,478.25,472.34,472.74,466.51085736131427,470.11026657625223,0.9822005347387979,4.017457760034347,3.035257225295549
2025-02-10,473.96,474.2,469.3701,470.17,466.8593471364272,470.1211271987518,0.6065779785106686,3.7934796984338846,3.186901719923216
2025-02-11,470.05,473.05,466.715,472.61,467.40702836152934,470.5736495262515,0.46600794238949916,3.76941164791009,3.3034037055205907
2025-02-12,470.44,472.15,468.09,471.73,467.81873994614557,470.78389506693304,0.2671964154826383,3.6373992248738887,3.3702028093912504
2025-02-13,471.55,481.19,471.2,480.49,469.02552661794124,472.54864141839977,0.6568955637606289,4.191322264092037,3.534426700331408
2025-02-14,481.47,484.55,479.45,479.59,470.03166694004204,473.82888843323616,0.7770572982531809,4.505748323147884,3.728691024894703
2025-02-18,480.4,484.06,477.63,482.82,471.2496034219428,475.4636359908296,0.9837750077142671,4.958409784537537,3.9746347768232697
2025-02-19,482.82,484.72,480.68,483.77,472.44202214366254,476.9738839924969,1.0861613457588728,5.33233645902186,4.2461751132629875
2025-02-20,484.125,484.2,478.14,481.8,473.3332581299804,477.85135963022475,0.9289643806461001,5.407380589070613,4.4784162084245125
2025-02-21,480.95,483.64,477.74,478.74,473.8481859271251,478.0129306065475,0.545627603450515,5.160450712737656,4.6148231092871415
2025-02-24,483.5,503.9599,483.24,498.42,476.1883586959703,481.7233068599025,1.4906159999284814,6.478093109197744,4.987477109269262
2025-02-25,503.15,507,491.9,499.82,478.438991201116,485.0136147035566,2.048650718095997,7.548290506889259,5.499639788793262
2025-02-26,499.115,499.9,493.05,494.1,479.9305158486288,486.6656847574554,1.8758462094343127,7.844447550586153,5.968601341151841
2025-02-27,496.45,504.95,495.61,502.41,482.0714191011403,489.52828752882715,2.1451109204005645,8.649989991652546,6.504879071251982
2025-02-28,507.46,515.37,504.3333,513.83,485.09604585341265,493.946780705404,2.870924545611941,10.093534753266908,7.222610207654967
2025-03-03,516.22,518.77,506.48,510.08,487.4754700578495,496.88009330442145,2.87018845798442,10.810345780135492,7.940157322151072
2025-03-04,507.27,508.73,493.6091,495.86,488.27399671900673,496.69462179452665,1.7393909926401374,10.114396062951243,8.375005070311106
2025-03-05,496,500.93,492.32,498.5,489.24790179338703,497.02287237734,1.0315726084084744,9.664470830821699,8.632898222413225
2025-03-06,496.835,499.1,491.6314,497.84,490.0661968606835,497.17144103600543,0.41302487382897013,9.149179314699438,8.736154440870468
2025-03-07,496.29,498.27,490.11,495.62,490.5951304929993,496.88936084764083,-0.21764137544943551,8.464102721558675,8.68174409700811
2025-03-10,490,500.449,490,497.1,491.21464187461845,496.9276588753425,-0.5862213032084611,7.948967467997534,8.535188771205995
2025-03-11,496,499.15,491.3101,496.25,491.69419979132147,496.80444817073476,-0.9185680729971075,7.386978679959611,8.305546752956719
2025-03-12,497.6,498.3233,488.75,495.94,492.09856171595754,496.6472757760557,-1.1742272935663927,6.837762635998729,8.011989929565122
2025-03-13,496.46,507.398,494.75,504.25,493.255841552533,498.02958927131834,-0.8156336015385506,6.992447927641933,7.808081529180484
2025-03-14,506.95,515.84,502.92,514.6,495.2886185475299,501.0423912219877,0.04121087031629678,7.859595117075855,7.818384246759559
2025-03-17,514.62,524.71,513.21,523.01,497.9287501144318,505.036501908899,1.0415318794462838,9.120299096067413,8.078767216621129
2025-03-18,525.45,528.38,521.42,523.14,500.329821532105,508.32804701637195,1.5485586040434232,10.014465471675408,8.465906867631984
2025-03-19,525.69,526.71,520.655,525.27,502.7050766242854,511.40840210430434,1.8439246984039546,10.770812740636927,8.926888042232973
2025-03-20,524,530.6091,522.67,528.73,505.1836407553059,514.5577835398853,2.071817247046557,11.51665960104117,9.444842353994613
2025-03-21,528.31,528.96,520.73,521.91,506.77662735003867,515.8945501689971,1.5847045058013371,11.425722986246285,9.841018480444948
2025-03-24,523.1,527.3,521.48,525.85,508.59313903098734,517.7046319564521,1.3580417561770641,11.538570675666278,10.180528919489214
2025-03-25,527.185,533.29,525.8804,528.87,510.5242686470838,519.7346988734608,1.2446985488455233,11.73640210554612,10.491703556700596
2025-03-26,531,537.63,530.98,533.21,512.6848144902186,522.1847536237407,1.2897258699477359,12.103860894135266,10.81413502418753
2025-03-27,533.25,537.38,529.3537,534.52,514.7643559673406,524.4275256921514,1.2353492960389687,12.358321644236241,11.122972348197273
2025-03-28,535.35,536,524.6791,526.31,515.8639411133082,524.7697937481239,0.5111590258928977,11.761921130563394,11.250762104670496
2025-03-31,521.4,536.52,519,532.58,517.4559467215646,526.189831248465,0.32802049528460486,11.660787723776252,11.332767228491647
2025-04-01,531.88,536.41,527.5001,532.99,518.9353803671298,527.426225566926,0.11888400246908759,11.481372231578007,11.36248822910892
2025-04-02,532.13,539,530.82,537.72,520.7243917607365,529.297820918394,0.1798371181443592,11.58728462678937,11.40744750864501
2025-04-03,527.62,538.8,525.14,530.16,521.6230211168568,529.4545807514132,-0.37784706861624784,10.9351386728747,11.312985741490948
2025-04-04,519,521,492.98,493.54,518.9484476771561,522.924656978429,-3.1477265255893254,7.378327584504291,10.526054110093616
2025-04-07,467.415,505.8451,462.1,490.38,516.2276431364745,517.0074466187147,-5.01645212563365,4.255488953051554,9.271941078685204
2025-04-08,509.025,516,484.19,492.64,513.9812009330008,512.5770017789483,-5.865065015519271,1.9406098092861157,7.805674824805386
2025-04-09,490,523.93,485.5596,521.41,514.6887056060483,514.1830014555031,-4.324631394233466,2.399885582013553,6.72451697624702
2025-04-10,518.3,521.41,498.6088,515.81,514.7954955483294,514.4788193726844,-3.55109817482386,2.2856442577171947,5.836742432541055
2025-04-11,515,526.58,510.77,524.11,515.6825912103933,516.2299431231054,-2.4036339614256317,2.8321999807590146,5.235833942184646
2025-04-14,531,536.52,526.98,529.52,517.0004396665463,518.6463171007226,-1.2609036958334556,3.6597043223928267,4.920608018226282
2025-04-15,532.62,535.92,527.36,528.17,518.0642073173514,520.3778958096822,-0.6095779386389895,4.158635594927546,4.768213533566535
2025-04-16,529.3,530.13,512.89,516.45,517.9104732871274,519.6637329351945,-0.9607984020397771,3.5672155310168137,4.528013933056591
2025-04-17,518.895,523.88,514.5701,518.21,517.9389996407343,519.3994178560682,-1.0595318947360903,3.203599064636478,4.263130959372568
2025-04-21,517.53,518.67,498.08,506.92,516.8895711035216,517.1304327913285,-1.8252412981550101,1.9815793366788057,3.806820634833816
2025-04-22,514.23,522.22,511.65,520.79,517.2610405222338,517.7958086474506,-1.359046012962895,2.108013118630197,3.467059131593092
2025-04-23,527.5,532.27,523.885,526.81,518.170465234402,519.4347525297324,-0.643026582308496,2.663275903707472,3.306302486015968
2025-04-24,526.81,533.13,523.16,531.64,519.4532780692208,521.6538884334174,0.11756542881166565,3.45325927203055,3.3356938432188845
2025-04-25,531.75,532.4399,526.79,530.96,520.5491563483426,523.3459087182506,0.5143198967832343,3.9785937141979275,3.464273817414693
2025-04-28,533.63,536.82,526.58,530.94,521.5387605056434,524.7266525876596,0.703176935635633,4.343244986959235,3.6400680513236017
2025-04-29,531,535.34,528.29,534.57,522.7798309336773,526.5163521171761,0.9831594859707544,4.869017408787045,3.88585792281629
2025-04-30,531.51,535.72,524.0032,533.25,523.7769898923747,527.7406517322349,0.987442338332035,5.120160845731334,4.132718507399299
2025-05-01,531,533.265,528.3,530.23,524.3915622835771,528.1932605081922,0.7079568376782088,5.01766455449706,4.309707716818851
2025-05-02,536.75,542.07,535.2581,539.8,525.859032542284,530.30357677943,1.0671127332596129,5.643598633393367,4.576485900133754
2025-05-05,520.08,521.18,502.8001,512.15,524.5534103953999,527.0029264558973,-0.5699964751292841,3.8639903062221492,4.433986781351433
2025-05-06,509.57,515.75,507.99,512.33,523.3892760720285,524.3351216457341,-1.5951612853957027,2.4400351746068054,4.035196460002508
2025-05-07,515.015,520.25,513,518.22,522.8969640651686,523.2232813465098,-1.8149958132570179,1.766451693431236,3.581447506688254
2025-05-08,520.98,521.2591,513.0401,513.25,521.9782055827716,521.4099574653262,-2.207463919202818,0.8221176076847314,3.0295815268875494
2025-05-09,514.25,515.91,510.2533,513.74,521.1936145748886,520.0154197443578,-2.334085879546895,0.11197417745393068,2.4460600570008255
2025-05-12,520.3,520.3,510.25,514.3,520.5370798534706,518.976252518111,-2.277655803405711,-0.4010096972563133,1.8766461061493978
2025-05-13,515.64,515.75,511.8,511.88,519.7125960579019,517.6860247875453,-2.294435814818692,-0.9913986623739675,1.3030371524447246
2025-05-14,511.85,511.85,502.8,503.4,518.1590154809588,515.0885657352643,-2.737728414265969,-2.119123365387736,0.6186050488782324
2025-05-15,502.375,509.78,501.62,507.33,517.1276806732485,513.6779174197617,-2.6268956655832385,-2.665014533100816,-0.038118867517577426
2025-05-16,509.63,514.33,506.8,514.31,516.8593301329391,513.7928415252595,-1.973926818480701,-2.505527390618454,-0.5316005721377527
2025-05-19,513.615,513.79,510.1,512.39,516.4336796440878,513.5377794297577,-1.5788655032286745,-2.505182451173596,-0.9263169479449214
2025-05-20,511.11,512.075,506.5514,508.74,515.7009482494127,512.6654558970745,-1.4729714039458182,-2.767531202877194,-1.294559798931376
2025-05-21,507.41,509.9999,505.4,507.03,514.8751436542306,511.64082755215185,-1.426709389611345,-3.077946535945557,-1.6512371463342121
2025-05-22,505.1,507.4,502.64,503.57,513.7984633062086,510.1734043608515,-1.5286778944811417,-3.5620845144356394,-2.033406619954498
2025-05-23,501.005,505.5,500.25,503.46,512.8138477532364,508.9527853861512,-1.5009357196350437,-3.9095762694983023,-2.4086405498632586
2025-05-27,506.425,509.75,505.01,509.16,512.4658622529281,508.99046077048735,-1.0191461314100754,-3.6825732141258527,-2.6634270827157773
2025-05-28,508.39,509.1,502.83,503.11,511.57482775264924,507.9212860849442,-1.0255593368456122,-3.9453762537727926,-2.9198169169271804
2025-05-29,504,506.55,501.2,506.18,511.0610346333493,507.60468861495434,-0.7532778532663955,-3.8614142335101747,-3.108136380243779
2025-05-30,505.185,505.72,500.185,503.96,510.38474562064937,506.9420179576899,-0.6564679521144958,-3.9287213203868987,-3.272253368272403
2025-06-02,501.7,503.23,499.47,502.81,509.66334127582564,506.19074196538264,-0.6049340508301606,-4.028420931810103,-3.423486880979943
2025-06-03,501,502.7899,493.51,497.83,508.53635639241367,504.6706070625858,-0.8275226467362424,-4.457890189400246,-3.630367542664003
2025-06-04,496.94,496.99,490.88,491,506.8662272121838,502.18504214211566,-1.32643403779855,-5.28841008991219,-3.9619760521136405
2025-06-05,490.75,491,485.6,488.74,505.1399198586425,499.74048902536737,-1.6777155089422653,-6.0591204382914725,-4.381404929349207
2025-06-06,491.63,496.0978,491.63,493.53,504.03421320543845,498.6113092025733,-1.4643122682390368,-6.2117952646480035,-4.747482996408967
2025-06-09,493.7,494.53,488.88,493.33,503.01476432873,497.65107116574177,-1.2232752190116534,-6.276577020173534,-5.05330180116188
2025-06-10,492.655,492.9,489.5,491.13,501.8828820117081,496.4654218628796,-1.1024006303405596,-6.431302589087579,-5.32890195874702
2025-06-11,491.05,492.25,486.67,488.14,500.5740361058311,494.9517087969015,-1.1110813500730092,-6.717753646338281,-5.6066722962652715
2025-06-12,486.235,490.44,483.78,490.34,499.59936600051384,494.11321628837396,-0.866763715177707,-6.6901269402374055,-5.8233632250596985
2025-06-13,486.27,491.0843,485.85,487.54,498.4508549528459,492.91808605412416,-0.7937919363844879,-6.815603145540308,-6.02181120915582
2025-06-16,489.73,491.85,488.5404,490.23,497.6679163859082,492.4293431351925,-0.4798735351500518,-6.621653128093385,-6.141779592943333
2025-06-17,489.11,489.4,483.25,483.48,496.31668625391694,490.8021898378848,-0.6327355977832356,-6.9326990901723775,-6.299963492389142
2025-06-18,484.1,486.7,482.75,485.14,495.25223994402006,489.7727007764512,-0.532004645089339,-6.964969298750816,-6.432964653661477
2025-06-20,484.95,486.68,483.4301,484.85,494.26155042554194,488.8776642716419,-0.4008388845365589,-6.9340132593321755,-6.533174374795617
2025-06-23,485.42,488.5,481.7201,487.77,493.6433075278713,488.676270767707,-0.05170480819348633,-6.597805385037475,-6.546100576843989
2025-06-24,489.43,497.7391,488.89,493.48,493.6277544299788,489.5496760826694,0.5939145283083391,-5.803707416458565,-6.397621944766904
2025-06-25,494.5,496,486.14,486.21,492.9213016271237,488.9424622494568,0.5618137218490062,-5.695354792455646,-6.257168514304652
2025-06-26,486.54,487.9764,484.25,485.05,492.1716538531119,488.23474184046466,0.4952592755319305,-5.63809441988974,-6.13335369542167
2025-06-27,485.77,489.68,484.4,485.68,491.5534011051965,487.7702433240165,0.5237036714459196,-5.478724106114271,-6.00242777756019
2025-06-30,485.9,487.65,483.44,485.77,491.00260099993966,487.40656271964986,0.5745452339378669,-5.284246235137857,-5.858791469075724
2025-07-01,485.78,491.09,483.8,489.61,490.8699723332787,487.80718767971354,0.8747664423276307,-4.765333416166186,-5.640099858493817
2025-07-02,489.43,489.93,478.62,480.48,489.8804511586807,486.47497173794744,0.4858470202595333,-5.0327910831694,-5.518638103428933
2025-07-03,480.89,486.549,480.36,485,489.41564628642544,486.2067950583206,0.5553791681319513,-4.8244141432639935,-5.379793311395945
2025-07-07,484.42,486.08,476.8,478.03,488.33129902105156,484.72010504771686,0.17408410954154885,-5.162188174469009,-5.336272284010557
2025-07-08,477.35,480,473.58,477.47,487.29688959047525,483.40190412995014,-0.061118138881901096,-5.412669957612934,-5.351551818731033
2025-07-09,477,479.4902,475.83,478.91,486.49813820090617,482.58519428814105,-0.06464792542828324,-5.432361725516387,-5.3677138000881035
2025-07-10,477.87,478.5499,475.5,478.27,485.71450599129605,481.80061350847905,-0.055378258909917655,-5.436936623725501,-5.381558364815583
2025-07-11,476.25,476.85,471.3971,475.86,484.7759816111726,480.72050196148285,-0.15140312111675946,-5.570812266211533,-5.4194091450947735
2025-07-14,474.32,478.13,473.46,476.31,483.9696976482038,479.9185925139405,-0.12552717522686585,-5.576318114128355,-5.4507909389014895
2025-07-15,475.3,475.72,470,470.13,482.65163120551773,478.13884842049674,-0.44742763356184856,-6.0100754808538,-5.562647847291951
2025-07-16,471.2,472.9186,468.88,471.31,481.5714758526113,476.89723961677004,-0.4997152667949569,-6.187291930785648,-5.687576663990691
2025-07-17,470.065,474.1499,467.65,473.4,480.7932400571245,476.2613778682664,-0.32106077413822565,-6.088902631663473,-5.767841857525247
2025-07-18,474,478.6404,473.5,473.8,480.1272171945412,475.81385461949066,-0.11414168418750226,-5.910518962759625,-5.796377278572122
2025-07-21,473.035,478.35,472,474.41,479.5827203188706,475.5586083250378,0.11330792854653193,-5.654742367888957,-5.768050296435489
2025-07-22,475.5,483.14,475,478.13,479.44436600278766,476.02613408412185,0.5399170734605372,-5.093153954609818,-5.633071028070355
2025-07-23,480.25,484.45,479.2,482.63,479.7477597168079,477.22683697791786,1.1175391960224896,-4.2361470330422435,-5.353686229064733
2025-07-24,482.67,486.17,480.6,480.6,479.82892545806425,477.8401393455692,1.3402569786145575,-3.678365005796536,-5.0186219844110935
2025-07-25,481.67,484.93,479.6601,484.07,480.232837319201,478.97284128273844,1.6767947966027883,-2.922628488657608,-4.5994232852603965
2025-07-28,484.35,486.8963,481.1001,481.7,480.37256709832474,479.46868832224055,1.6905140279781765,-2.4862807502876763,-4.176794778265853
2025-07-29,482.57,485.0001,476.28,476.56,480.00946546991287,478.939835900015,1.3205496863206987,-2.526107670364979,-3.846657356685678
2025-07-30,475.13,479.41,473.88,476,479.62761161563543,478.4053202818304,1.0187691568290993,-2.5731959106493036,-3.591965067478403
2025-07-31,472.61,477.7,471.88,471.88,478.8897438427178,477.2188984124067,0.5460318897126095,-2.909425205337641,-3.4554570950502503
2025-08-01,473.47,475.96,470.62,472.84,478.313577762459,476.4227350646964,0.31387313520500637,-3.063115676043992,-3.3769888112489985
2025-08-04,468.05,468.87,455.185,459.11,476.48466559460576,473.2749650529334,-0.693522384690886,-4.243891792112606,-3.5503694074217202
2025-08-05,460.6,467.5762,460.38,464.19,475.31374506178616,471.62315322512734,-0.9320210182949316,-4.715395680290385,-3.7833746619954534
2025-08-06,465,469.55,463,468.91,474.7038645797113,471.12985263874054,-0.6969375816507402,-4.6545466390588786,-3.9576090574081384
2025-08-07,469.2,472.7,461.37,461.47,473.4434965245007,469.37351579533316,-0.951779870688287,-5.147333895768497,-4.19555402508021
2025-08-08,462.94,465.83,462.55,465.4,472.677449236453,468.65105837799985,-0.7725627227889866,-5.161257428566444,-4.388694705777457
2025-08-11,466.46,468.494,463.504,464.73,471.9205493091718,467.93813867290896,-0.6224808148241863,-5.16679572430769,-4.544314909483504
2025-08-12,465.53,472.4726,465.06,470.39,471.7747827082983,468.38393164147095,-0.09314328076328593,-4.660744010437611,-4.567600729674325
2025-08-13,471.7,479.6,471.5,477.31,472.30194625988895,470.0068531612035,0.7267781328959702,-3.6591280635543626,-4.385906196450333
2025-08-14,478.345,479.22,474.42,479.22,472.9608085208519,471.6819707682574,1.3644672872788401,-2.680322087351783,-4.044789374630623
2025-08-15,482.35,482.48,476.29,477.2,473.3645410426755,472.6852488103924,1.600594757014231,-2.0440459283628343,-3.644640685377065
2025-08-18,477.97,479,474.66,478.52,473.8555371338493,473.74611266304834,1.7821558681422252,-1.4169458501992835,-3.1991017183415087
2025-08-19,479.77,485.8999,479.77,485.31,474.946438359197,475.8486376334032,2.2650188367263917,-0.3678281724335193,-2.632847009159911
2025-08-20,487,492.2178,485.829,488.68,476.25439661070203,478.1816126091481,2.6880006513191526,0.7271538049890296,-1.960846846330123
2025-08-21,487.24,489.049,483.68,488.59,477.4292159811114,480.07404668021206,2.824341098995497,1.5695795274142483,-1.2547615715812488
2025-08-22,491.5,493.14,486.57,489,478.53119541148175,481.6969472838099,2.799344686734327,2.24441928683666,-0.554925399897667
2025-08-25,489.01,489.02,481.83,486.18,479.2596529913406,482.51204777766264,2.462024482592765,2.5226052033432893,0.06058072075052434
2025-08-26,485.02,492.79,484.5267,492.21,480.4930193731177,484.27531181808763,2.5058035318883394,3.192835135610949,0.6870316037226093
2025-08-27,491.08,497.21,490.6,495.72,481.94320800424936,486.356164214799,2.619621494071697,3.9615584713122303,1.3419369772405334
2025-08-28,498.03,500.14,496.07,499.86,483.6495691467018,488.81140708483554,2.8056064452461804,4.848945033798259,2.0433385885520785
2025-08-29,500.85,506.72,500.85,502.98,485.49056256130166,491.3875148875927,2.9555860668487384,5.7378211721130015,2.782235105264263
2025-09-02,504.24,505.9,497.62,501.14,486.98098517451103,493.1606939989395,2.7518640747852148,6.222065198745781,3.4702011239605666
2025-09-03,499.55,502.11,496.59,501.49,488.3627961102719,494.6751132718596,2.470616835962719,6.558472168913966,4.087855332951246
2025-09-04,502.9,507.38,501.26,506.91,490.1291964807222,496.8996381315215,2.4734462394154235,7.179663132220526,4.706216892805102
2025-09-05,506,507.661,497.75,499.77,491.047368244463,497.4215221076085,1.8469937149065228,7.014959036438256,5.167965321531733
2025-09-08,499,499.65,493.46,493.78,491.30761888784747,496.7594271789524,0.9281397867722081,6.328140054996993,5.400000268224785
2025-09-09,492.45,496.85,491.7201,492.72,491.44213137471917,496.02498587368837,0.1866878291526195,5.633360054665559,5.446672225512939
2025-09-10,490,491.7,486.2701,490.08,491.31240457712687,494.94407935119955,-0.5059612815436125,4.814220623583424,5.320181905127036
2025-09-11,489.33,497.24,489.03,496.91,491.84550890311476,495.3015194691633,-0.5262054378659915,4.662425107794547,5.188630545660539
2025-09-12,495.745,497.6256,493.34,493.74,492.02593662662764,495.0176068384063,-0.7609152728526585,4.237486454594716,4.998401727447375
2025-09-15,493.6,495.27,489.5,491.54,491.9796569479012,494.3853146859688,-1.0541067492184322,3.680768290924334,4.734875040142766
2025-09-16,491.27,491.92,487.2,490.99,491.88540390524395,493.76798474306537,-1.260882135951543,3.1587723702033372,4.41965450615488
2025-09-17,490.935,495.99,490.3001,492.33,491.9277463904588,493.5065329715989,-1.2791648943546159,2.8206983882116106,4.0998632825662265
2025-09-18,489.64,494.88,488,490.5,491.79177054374844,492.9598906131264,-1.3777322313823852,2.377697993338245,3.75543022472063
2025-09-19,491.87,494.5,488.88,492.85,491.8925543014867,492.93991050164885,-1.2515553590398811,2.190986025920779,3.44254138496066
2025-09-22,490.57,494.71,489.23,493.71,492.06564436801176,493.07992677407634,-1.083363341690049,2.088337207848099,3.171700549538148
2025-09-23,493.765,499.28,493.5223,494.1,492.2593925234392,493.2653946333352,-0.9251790466884615,2.015226741177571,2.9404057878660326
2025-09-24,493.3,497.16,493.11,497.09,492.71945037834973,493.96077742727425,-0.6135250841863513,2.1734994326330934,2.7870245168194447
2025-09-25,496.15,499,494.73,494.96,492.9328360566021,494.1424542586789,-0.5473648139707747,2.102818499355976,2.650183313326751
2025-09-26,496.94,502.1,496.65,500.03,493.60875643216383,495.2129171207373,-0.1778087301478548,2.4279224006419327,2.6057311307897875
2025-09-29,500,500.25,495.02,499.25,494.1460177243387,495.94693218969417,-0.010390839956309073,2.5927425808444013,2.6031334208007104
2025-09-30,497.64,503.78,497,502.74,494.9644922267826,497.18203542793157,0.2940795314133928,2.9707328350674516,2.6766533036540587
2025-10-01,502.5,502.8661,495.9,498.2,495.2726358242319,497.36711989558034,0.15536479566308525,2.870859298232915,2.71549450256983
2025-10-02,496.96,499.61,493.22,495.92,495.33428955525744,497.104007187293,-0.10998431121294416,2.5780141135536496,2.687998424766594
2025-10-03,495.9,502.5499,495.0501,498.75,495.6595953118996,497.4032786077852,-0.11443641134306137,2.5449529105877673,2.6593893219308287
2025-10-06,499.5,504.97,498.0201,500.02,496.0748719488615,497.8790461336424,-0.054424667440136965,2.5913584876306572,2.645783155070794
2025-10-07,500.16,504.46,498.61,502.3,496.6677412870652,498.6828559275256,0.10742573553223522,2.7800653244860882,2.672639588953853
2025-10-08,502.71,503.5,498.56,499.84,496.96986116448755,498.8932457588846,0.021881600020802416,2.699991588979856,2.6781099889590534
2025-10-09,499.98,501.221,494.51,496.74,496.94796962501255,498.50174652999647,-0.25513345188112657,2.359193174107645,2.6143266259887716
2025-10-10,497.25,497.99,489.06,489.13,496.2034010892971,496.79779261545167,-0.9248733410747643,1.4582349496453162,2.3831082907200805
2025-10-13,488.15,493.8,487.82,491.93,495.796410509364,495.9127394126423,-1.139206824485421,0.959099760113304,2.098306584598725
2025-10-14,490,497.06,489.9501,495.97,495.8129428418055,495.9231504285255,-0.9751342941450225,0.8793887169174468,1.8545230110624693
2025-10-15,493.9,496.7292,490.35,496.39,495.8679006663955,496.0080321687936,-0.8112825731998561,0.8404197945626493,1.6517023677625053
2025-10-16,495.595,495.9999,485.8,488.81,495.1957196505483,494.69929904719476,-1.1648508627213419,0.195638789360828,1.3604896520821699
2025-10-17,490,493.45,489.25,492.42,494.93136539811513,494.2848810386139,-1.107418767870346,-0.02378380775576261,1.0836349601145834
2025-10-20,492.36,494.415,490.3201,494.08,494.850282979247,494.2476299406841,-0.9173106928741646,-0.06300340597812237,0.8543072868960422
2025-10-21,493.7,495.7,491.25,491.29,494.5112084097949,493.7098790423779,-0.9359075306804903,-0.3155771264545706,0.6203304042259197
2025-10-22,491.73,492.98,488.1901,491.81,494.25395046600494,493.36444648921827,-0.8709720977642592,-0.4683847179794043,0.40258737978485487
2025-10-23,492.19,492.45,488.1132,490.16,493.8640504216235,492.78181985481496,-0.893583487436223,-0.7143919795104239,0.1791915079257991
2025-10-24,490.91,492.98,489.4,492.1,493.69604561956413,492.657852608485,-0.7387401324059784,-0.7442336575816739,-0.005493525175695513
2025-10-27,491.92,492.3,484.55,488.07,493.1602317510342,491.8236975887604,-0.8600964406011591,-1.0806140759271443,-0.22051763532598528
2025-10-28,484.96,485.67,481.11,481.44,492.0440192033166,489.93575257262216,-1.3121732407801385,-1.8607341863011584,-0.5485609455210199
2025-10-29,477.32,478.8,473.72,475.76,490.4931602315722,487.3583430139636,-1.884223136459262,-2.9038398660950975,-1.0196167296358354
2025-10-30,474.84,480.9088,474.84,478.52,489.35285925713674,485.7513715568793,-1.9585664350453669,-3.467824773442544,-1.5092583383971772
2025-10-31,476.8,478.71,475.31,477.54,488.22782504217133,484.258394910174,-1.951273775789591,-3.948350558134166,-1.997076782344575
2025-11-03,479.51,479.99,473.15,475.68,487.03279408577407,482.6986867446878,-1.944907769481031,-4.428211494195864,-2.483303724714833
2025-11-04,475.5,488.79,475.5,487.66,487.092527982367,483.60074370019913,-1.051786982400083,-3.7980374527149365,-2.7462504703148536
2025-11-05,487.335,493.89,487.335,488.77,487.2522872221416,484.5406084819811,-0.34098511590728586,-3.172481865198961,-2.831496749291675
2025-11-06,490,494.03,486.75,493.15,487.8139741533662,486.10595239434815,0.4277423096164634,-2.2968188622710954,-2.724561171887559
2025-11-07,494.93,500.16,493.35,499.06,488.88502423399797,488.46123377719397,1.2891445058225606,-1.113130539609358,-2.4022750454319186
2025-11-10,497.08,501.28,495.13,496.98,489.65597430695055,490.0101003631587,1.6506359713598253,-0.33898008123213685,-1.9896160525919622
2025-11-11,498.59,499.69,494.2,497.07,490.3620719920029,491.29371847894805,1.814565293050617,0.2785905637213091,-1.535974729329308
2025-11-12,497.16,504.45,496.9879,502.4,491.5085413260978,493.3130423918666,2.176341841522694,1.1844525725740596,-0.9918892689486345
2025-11-13,504.82,514.2599,504.82,513.11,493.5658231045647,496.912489229709,2.98153898237875,2.735034459024803,-0.246504523353947
2025-11-14,514.7,516.55,506.35,508.94,495.0300304279395,499.09930936976195,3.06605142735683,3.5860597608420903,0.5200083334852605
2025-11-17,510.73,511.26,502.84,503.26,495.81383705385,499.85579857525977,2.591069561159228,3.7588452849342957,1.1677757237750677
2025-11-18,503.39,506.64,500.6,504.37,496.62870971538814,500.6765624706671,2.2177231998917915,3.939929723639807,1.7222065237480155
2025-11-19,503.685,504.25,495.55,501.26,497.06978498058925,500.7826420214549,1.6532862562084558,3.7888143440085855,2.1355280878001297
2025-11-20,501.11,506.45,500.81,501.12,497.45551974434267,500.8439798357358,1.1844364425174794,3.616073640946979,2.4316371984294998
2025-11-21,503.275,507.842,502.49,504.04,498.0826131020243,501.4250744110566,0.992659153089277,3.6724611397910962,2.6798019867018192
2025-11-24,501.895,509.2,497.1652,507.81,499.0090309018315,502.5859699726827,1.036581379731751,3.9755287113665077,2.9389473316347567
2025-11-25,508.93,512.355,506.86,508.57,499.91959938737136,503.67397543219494,1.031479274355815,4.228296424579526,3.1968171502237106
2025-11-26,509.25,512.7,507.65,511.23,500.9967803980979,505.04779808088676,1.1148197395650508,4.590341824680024,3.4755220851149735
2025-11-28,511.89,516.85,511.56,513.81,502.21708702685044,506.6409257025437,1.2415791369030904,5.027496006243837,3.7859168693407463
2025-12-01,513.645,514.49,508.18,508.55,502.8202215957218,506.98803012026303,0.8857474483374341,4.893101179762539,4.007353731425105
2025-12-02,507.59,508.11,503.105,506.65,503.18496239612927,506.926570098397,0.4584988543932873,4.580477299416714,4.1219784450234265
2025-12-03,507.52,509.5999,503.6,503.6,503.2244897869741,506.32173917141574,-0.06555072000167872,4.040040045021328,4.105590765023007
2025-12-04,504.38,506.4958,500.7,503.23,503.22501456916706,505.7596047766129,-0.45162098657415095,3.5410645318053184,3.9926855183794694
2025-12-05,503.86,505.76,500.54,504.34,503.3312036578178,505.5014948172287,-0.6354905767501879,3.1983222974417345,3.8338128741919224
2025-12-08,502.1,502.97,490.62,497.23,502.75013664278754,503.9975866686417,-1.2061187375021531,2.326164452314231,3.532283189816384
2025-12-09,497.625,499.215,490.83,491.43,501.6720283910935,501.71257091070686,-1.902896278250911,1.1536628420027455,3.0565591202536564
2025-12-10,490.86,495.88,488.92,490.43,500.60135902051314,499.6611943814874,-2.331553704546369,0.1421169895706953,2.473670694117064
2025-12-11,491.83,498.145,491.83,495.85,500.14884863760716,498.9682499484897,-2.1546642226162502,-0.2196595841532485,1.9350046384630015
2025-12-12,496.71,500,494.5,499.52,500.08895829116835,499.0685681396734,-1.714272505016017,-0.20783599280701992,1.506436512208997
2025-12-15,500.42,506.62,500.275,506.38,500.6881051205809,500.3979193870055,-0.9243232311548051,0.3510324732654908,1.2753557044202959
2025-12-16,507.05,508.1,499.455,499.84,500.6073332043351,500.29647949845906,-0.8097384748910856,0.2631826108064388,1.0729210856975244
2025-12-17,499.9,505.19,499.5,504.27,500.956158613446,501.0189377714665,-0.4225405066809186,0.5447454523463762,0.9672859590272948
2025-12-18,502.23,505.43,501.01,503.39,501.18795303121306,501.45003999483623,-0.2226801555120128,0.6889357646372787,0.9116159201492915
2025-12-19,503.05,503.82,494.53,494.53,500.5538622663356,500.191850904866,-0.6594738273806714,0.08727363592345228,0.7467474633041237
2025-12-22,496.34,500.31,495.55,499.73,500.4753991933513,500.1078780130722,-0.5736330332777404,0.029706171706948226,0.6033392049846886
2025-12-23,500.48,502.33,498.155,500.51,500.4786945082702,500.18099110160455,-0.4454816456452447,0.0464871479281328,0.49196879357337747
2025-12-24,500.29,501.5099,499.25,501.34,500.56072360272066,500.3917199922219,-0.2933224792076884,0.125315694563767,0.4186381737714554
2025-12-26,500.45,501.56,496.83,498.3,500.34541659293774,500.0114072663634,-0.38039795477002364,-0.05685926969107413,0.3235386850789495
2025-12-29,499.2,501.5,497.21,501.05,500.4125197745627,500.2002423088428,-0.24248515148854488,0.020432245718268405,0.2629173972068133
2025-12-30,500.98,505.11,500.33,503.71,500.72656551031866,500.8383800708714,0.024025412153201642,0.29294916239831537,0.2689237502451137
2025-12-31,503.92,505.89,502.484,502.65,500.9097497474312,501.1677655125311,0.11971116832637091,0.4185627106530774,0.29885154232670647
2026-01-02,500.96,501.88,492.91,496.85,500.5231069143425,500.38271723752547,-0.19945733331051466,0.04952987568856315,0.2489872089990778
2026-01-05,494.94,503.4259,494.5011,498.52,500.3323348272623,500.0440413761572,-0.28474455409685406,-0.1069434836219898,0.1778010704748643
2026-01-06,496.8,500.67,496.06,499.05,500.21020770085636,499.8633065804923,-0.2910717683507816,-0.1860386399636127,0.1050331283871689
2026-01-07,497.88,499.15,493.09,496.12,499.8206641102986,499.18270538403914,-0.4677224025646004,-0.4796198748185816,-0.011897472253981217
2026-01-08,494.965,504.08,494.11,499.77,499.81583895693683,499.2894862233047,-0.3208818766633015,-0.41299981808310804,-0.09211794141980659
2026-01-09,498.94,500.28,496.41,499.1,499.74766381818097,499.25503418270387,-0.2539419346648696,-0.40954535975089357,-0.15560342508602398
2026-01-12,497.4,500.02,495.1,498.67,499.6450291688304,499.14866433130317,-0.22469620874532295,-0.43647368601767766,-0.2117774772723547
2026-01-13,497.62,498,493.34,495.24,499.2255025813227,498.437998089248,-0.4115504598265786,-0.726215552055578,-0.31466509222899935
2026-01-14,494.17,497.62,492,493.15,498.6468832878634,497.47654389120294,-0.6376031050742823,-1.1116689735718523,-0.47406586849757
2026-01-15,492.95,495.63,490.75,492.62,498.072894403305,496.5935359109842,-0.7753657091823287,-1.443273004975481,-0.6679072957931522
2026-01-16,491.67,495.1589,490.9,493.29,497.6173806506093,495.992893018078,-0.7722196707443381,-1.6331818842235748,-0.8609622134792367
2026-01-20,490.8,490.97,482.72,485.39,496.4528682076941,494.0650942875184,-1.2260770796298885,-2.3935585630165974,-1.1674814833867089
2026-01-21,484,488,481.57,483.83,495.2506902831518,492.2041680534241,-1.5351849740538115,-3.086462700953973,-1.5512777269001616
2026-01-22,483.26,485.88,481.72,484.49,494.22586263713737,490.8015920437106,-1.5921885197078882,-3.541513376535022,-1.9493248568271337
2026-01-23,482.26,483.42,478.44,478.97,492.7729233383624,488.6503934903087,-1.8789539662589267,-4.298017314650792,-2.4190633483918655
2026-01-26,478.47,484.8948,477.0759,483.47,491.88693063947073,487.708503764798,-1.6509614948835125,-4.482765216996256,-2.8318037221127437
2026-01-27,482.6,483.5,474.67,474.67,490.24722295952114,485.3378667166529,-1.9572925287318825,-5.278419383027597,-3.321126854295714
2026-01-28,473.01,476.88,471.91,473.49,488.6512969633763,483.18370913180695,-2.0917171412225675,-5.935773280823923,-3.844056139601356
2026-01-29,473.73,477.32,473.08,476.79,487.52164963353096,482.0212165623875,-1.8206767984953052,-6.119902137720487,-4.299225339225182
2026-01-30,476.3,481.5,476.13,480.53,486.85577823986137,481.75008627831704,-1.2774777968491033,-5.896072585286561,-4.618594788437457
2026-02-02,481.295,488.07,478.55,487.29,486.8971326932079,482.75734331862304,-0.3965294346063768,-5.114256581695429,-4.717727147089052
2026-02-03,483.95,496.04,482.2001,493.74,487.5488343414738,484.7541899879643,0.6310532097265211,-3.928910634930901,-4.559963844657422
2026-02-04,495.8,512.13,495.67,503.83,489.09942154704777,488.2225190810617,1.9275337994620179,-2.1505465953298994,-4.078080394791917
2026-02-05,505.91,506.6287,497.61,503.89,490.50804806637655,491.0711519754141,2.6801063495903628,-0.727947457803964,-3.4080538073943267
2026-02-06,504.18,509.66,502.89,508.09,492.1825196791026,494.1654879798843,3.310413404802434,0.7299629486087156,-2.5804504561937183
2026-02-09,507.32,507.61,497.2901,498.08,492.74418447156904,494.87721743808714,2.9166509744836744,1.0653632619108748,-1.8512877125727996
2026-02-10,497.9,501.3299,497.3,500.3,493.46378595046724,495.8631779038895,2.675505698357166,1.4930944103736579,-1.182411287983508
2026-02-11,499.35,503.3099,497.2801,500.02,494.088187288518,496.61896373954596,2.3770169534111307,1.7888599037804056,-0.5881570496307252
2026-02-12,501.205,507.71,499.88,500.01,494.6521694515163,497.23551578690126,2.0700467731488303,1.9994014168053127,-0.07064535634351765
2026-02-13,500.15,502.38,495.5,497.55,494.92815331327665,497.2926947347374,1.6127811459598083,1.9453310761062426,0.3325499301464344
2026-02-17,500.015,506.09,499.21,503.41,495.73594823582175,498.40493205569425,1.6125709726159303,2.3482636459163473,0.735692673300417
2026-02-18,504.74,505.27,497.68,499.07,496.0534769752673,498.5258535001135,1.2442297743641713,2.290979891255631,1.04675011689146
2026-02-19,497.87,500.5,495.68,496.94,496.1379077395276,498.23751650009285,0.8026614215501577,2.050076893829157,1.2474154722789994
2026-02-20,496.65,498.34,491.805,498.2,496.3342974786202,498.2306953182578,0.5528559022142323,1.9384853500467898,1.3856294478325575
2026-02-23,496.5,503.55,493.73,494.09,496.12055486160875,497.4778416240291,0.09237790481334907,1.5011018288492437,1.4087239240358946
2026-02-24,493.49,495.22,488.26,494.51,495.9671686843127,496.9382340560238,-0.18712303374414718,1.1748201318557108,1.361943165599858
2026-02-25,495.62,497.2299,490.9,493.99,495.77886690485434,496.40219150038314,-0.39810126961786274,0.8643165785775295,1.2624178481953923
2026-02-26,494.65,503.72,494.45,502.67,496.4351652948682,497.54179304576803,0.0329588852383651,1.3036164547433486,1.2706575695049835
2026-02-27,502.94,506.52,501.16,504.95,497.2461019334522,498.8887397647193,0.435331211043416,1.8148215833092536,1.3794903722658376
2026-03-02,495.225,495.75,477.91,480.17,495.61980651121866,495.4853325347703,-0.9292686516270943,0.21790455773196982,1.147173209359064
2026-03-03,477.075,483.4799,472.52,481.36,494.2617297006264,492.9170902557212,-1.6703751498251422,-0.9407957279223638,0.7295794219027785
2026-03-04,481,489.18,479.88,487.48,493.61585068151913,491.9285283910446,-1.6634098535199495,-1.3496828949971587,0.313726958522791
2026-03-05,493.75,500.86,492.51,500.4,494.26196014042205,493.46879595630924,-0.7501814198315843,-0.6239998162666893,0.1261816035648949
2026-03-06,499.245,500.701,491.88,498.98,494.7112972699057,494.47083305516213,-0.23023323634167248,-0.16160994186219568,0.06862329447947679
2026-03-09,494.9,498.82,490.21,497.2,494.9483165775337,494.96704522695086,-0.006491648381174914,0.06050873400300816,0.06700038238418307
2026-03-10,495.13,498.67,492.31,494.14,494.87133404634005,494.81667336750525,-0.061807333686354514,-0.010258784723760073,0.05154854896259444
2026-03-11,493.09,493.8,489.2501,493.57,494.74739747049813,494.5900054825043,-0.1300841176863127,-0.11105659814529645,0.01902751954101626
2026-03-12,492.35,493.4,489.0216,491.89,494.4752643780697,494.0990953947762,-0.27344660423074485,-0.32278073574741484,-0.04933413151666997
2026-03-13,493.32,494.45,489.77,490.03,494.0519058658726,493.35925986845325,-0.46721999540191317,-0.6333591257690614,-0.16613913036714825
2026-03-16,492.77,496.63,491.08,492.21,493.876486259599,493.15030352873447,-0.4235437929093061,-0.6955688715037809,-0.2720250785944748
2026-03-17,494.84,496.96,491.41,492.58,493.75301137773243,493.04661197805547,-0.3478729935092413,-0.7068663204810264,-0.3589933269717851
2026-03-18,491.14,491.38,483.8,484.47,492.86891505604365,491.4872279820454,-0.796496305204732,-1.3546137084777001,-0.5581174032729681
2026-03-19,483.9,484.25,478.81,481.48,491.7842564792776,489.6677319853099,-1.2216576182154584,-2.085189426042291,-0.8635318078268327
2026-03-20,481.63,485.12,479.66,480.94,490.7514701479178,488.08087162434447,-1.4506880652301093,-2.6768918893644695,-1.2262038241343602
2026-03-23,483.5,485.98,479,479.98,489.7256158481161,486.6079858744637,-1.5682783378961165,-3.186551746504506,-1.6182734086083894
2026-03-24,478,483.5,477.5496,479.33,488.73555719591457,485.28471571547027,-1.5864978924877953,-3.6013957742181333,-2.014897881730338
2026-03-25,482.63,483.23,475.73,476.19,487.5407422248751,483.6311310399302,-1.6967687402566383,-4.135858807051136,-2.4390900667944977
2026-03-26,476.435,478.38,474.5,475.27,486.3721001082203,482.1109253963065,-1.71341248234972,-4.580855669731648,-2.8674431873819275
2026-03-27,474.19,474.8,467.21,468.49,484.66904295505645,479.634393506069,-2.040566372337249,-5.418151152803489,-3.3775847804662398
2026-03-30,470.68,477.69,470.65,474.66,483.7158007688606,478.72995832314734,-1.7141024499690474,-5.520212842927549,-3.8061103929585016
2026-03-31,477.78,479.81,474.77,479.2,483.2857245051596,478.8154204462115,-1.095193329576193,-5.175102054928743,-4.07990872535255
2026-04-01,478.98,481.0992,477.2501,478.5,482.8299412189539,478.758071274173,-0.6573378547278388,-4.901581043762349,-4.24424318903451
2026-04-02,477.82,479.77,475.68,477.35,482.30804205524396,478.5020583152325,-0.3831361476095223,-4.723163373546413,-4.340027225936891
2026-04-06,475.66,479.5,475.35,476.38,481.7434666214112,478.1162295306448,-0.21352313391992261,-4.606931143336794,-4.393408009416872
2026-04-07,475.71,479.75,474.32,478.08,481.39456503841967,478.1096423432548,0.052524143305070936,-4.327752830285533,-4.380276973590604
2026-04-08,483.75,483.75,477.6801,479.75,481.23793979666544,478.40788918993576,0.36303366771582546,-3.926484888945822,-4.289518556661648
2026-04-09,478.21,487.95,477.2901,485.2,481.6152788636497,479.64281842812926,0.9255371869913462,-3.132597072922465,-4.058134259913811
2026-04-10,484.02,484.86,478.92,479.9,481.4519189718735,479.68957871392394,0.9283489238337643,-2.8976981051216057,-3.82604702895537
2026-04-13,478.9,481.105,477.4,480.19,481.33173621264746,479.7805644023014,0.9348341443450847,-2.6575043485240144,-3.592338492869099
2026-04-14,479.81,480.49,476,477.54,480.9706184781096,479.37318905642843,0.7535272595408591,-2.650429418443025,-3.403956677983884
2026-04-15,478,478.77,473.74,474.09,480.31532148019437,478.4126092279869,0.4112487556578679,-2.8898957334115494,-3.3011444890694173
2026-04-16,474.015,476.2599,464.01,475.12,479.8205289582711,477.81395300471655,0.2709849790386576,-2.9624132652710955,-3.233398244309753
2026-04-17,475.49,479.69,474.15,474.58,479.3214309622453,477.2259615493135,0.16388161696246417,-3.028546223106673,-3.1924278400691373
2026-04-20,474.38,476.04,471.3701,472.08,478.6317708706029,476.29033217671105,-0.04227904491975121,-3.2452766462188265,-3.2029976012990753
2026-04-21,472.54,474.19,468.06,468.5,477.6668403114979,474.8739081445818,-0.36854633512891644,-3.663680520210221,-3.2951341850813045
2026-04-22,468.86,470.99,464.62,465.4,476.49856980564095,473.15137939102146,-0.7215181923578977,-4.197031925528677,-3.475513733170779
2026-04-23,466.72,473,466.72,470.55,475.9320393479609,472.67840131992665,-0.5445843744229872,-4.156244201199513,-3.611659826776526
2026-04-24,468.8,470.28,466.58,469.32,475.30232131482177,472.0677828981218,-0.450706585588982,-4.175043058762753,-3.7243364731737714
2026-04-27,469.8,475.5,469.35,472.81,475.06495738007686,472.2027314620996,-0.11156131085257925,-3.8637881117394954,-3.752226800886916
2026-04-28,476.79,479.77,475.665,478.16,475.35972334387907,473.2858711962633,0.48248944220879375,-3.149114998125924,-3.631604440334718
2026-04-29,476.45,477.97,474.51,475.38,475.3616544539858,473.6666218878518,0.6852315907727009,-2.775064951868842,-3.460296542641543
2026-04-30,473.46,477.55,470.89,473.6,475.1938778393205,473.6545088173333,0.6943368909159964,-2.5923754289965473,-3.2867123199125436
2026-05-01,475.075,479.1,473,473.01,474.98588947367097,473.53732539599997,0.6559575366777874,-2.4667653990653093,-3.122722935743097
2026-05-04,473.03,479.87,465.79,468.52,474.3700904761785,472.62508441490905,0.33944368137037895,-2.698418334030123,-3.037862015400502
2026-05-05,468.53,469.662,464.34,465.52,473.5272247165425,471.3332508849256,-0.040492653260881806,-3.088477831976604,-3.0479851787157224
2026-05-06,466.01,470.63,465.64,469.83,473.17510807687177,471.0599325422118,0.02633533469645677,-3.0150660103451514,-3.041401345041608
2026-05-07,469.255,477.19,468.97,475.08,473.3565263552649,471.7908538981733,0.42961189166608316,-2.5043864804590044,-2.9339983721250875
2026-05-08,474.85,478.88,474.48,475.94,473.6025714642873,472.5452440985054,0.7414887535391803,-2.0071374302011122,-2.7486261837402926
2026-05-11,476.4,480.4,475.9,479.55,474.16899322959324,473.81883608059536,1.153537529422164,-1.3067042719625874,-2.4602418013847513
2026-05-12,481.68,489.4188,478.9001,484.96,475.1967081601082,475.84450224775986,1.7190144921495496,-0.31147368619781446,-2.030488178347364
2026-05-13,482.47,487.1399,480.8064,485.52,476.17987881152646,477.60368365725805,2.0375803819364213,0.5164872990731624,-1.5210930828632587
2026-05-14,487.1,487.1,481.5001,484.06,476.93036654376203,478.7775593559384,2.051131705556451,1.042821549082305,-1.008310156474146
2026-05-15,486.7,488.3,481.76,482.7,477.47985544435613,479.49073038213146,1.8745022477641389,1.3348176532310276,-0.5396845945331112
2026-05-18,481.13,489.36,481,488.38,478.51796444965555,481.1069612217439,2.032934352121206,2.0014833456183965,-0.03145100650280974
2026-05-19,487,488.13,480.11,480.46,478.70292021635504,480.98933190869957,1.520517583176323,1.869195972467594,0.34867838929127104
2026-05-20,482,482.72,477.62,480.9,478.9121659100355,480.97308974348147,1.1445375730792717,1.7793503556403607,0.634812782561089
2026-05-21,479.99,480.5,475.5,479.98,479.01386439479404,480.79252797193936,0.7843823181784011,1.6152906802840903,0.8309083621056892
2026-05-22,479.65,487.189253,479.49,486.38,479.7154011190994,481.8084319770413,0.9183831800262277,1.9788873371384739,1.0605041571122462
2026-05-26,485.5,487.78,483.21,483.62,480.0872676791852,482.13780798121564,0.7684239942464406,2.021034149920297,1.2526101556738563
2026-05-27,482.665,486.25,479.02,479.92,480.0713374240247,481.73457016644915,0.3866052624405998,1.735866733724606,1.3492614712840063
2026-05-28,479.36,481.81,477,477.42,479.8188290979271,480.95010286345837,-0.04482292711585134,1.293232812389192,1.3380557395050434
2026-05-29,476.91,477.29,472.27,474.48,479.3103691838388,479.7737205246478,-0.512706796659693,0.6971722436804271,1.20987904034012
2026-06-01,473.05,473.39,467.96,470.29,478.4512864044256,478.04940770198453,-1.05751665184543,-0.11201677446666736,0.9454998773787626
2026-06-02,470,473.88,468.2082,471.51,477.79021150876605,476.8604244834419,-1.2743185360463352,-0.6473982926791564,0.6269202433671788
2026-06-03,470.885,480.59,470.41,475.37,477.55971517459784,476.58943821372515,-1.1027832033959823,-0.7515587608777992,0.3512244425181832
2026-06-04,481.595,482.94,474.65,478.63,477.6616470627314,476.9604494475933,-0.7326149244514987,-0.5645442130461902,0.1680707114053085
2026-06-05,480.99,491,479.35,488.13,478.65863305675697,478.9912768207582,0.14253980404189237,0.34624546645767396,0.20370566241578159
2026-06-08,486.13,490.7599,484.9199,487,479.45304895611343,480.44740830789306,0.6096265554790794,0.9657388567646308,0.35611230128555144
2026-06-09,486.44,490.79,484.6,487.77,480.2451395317217,481.7787886155489,0.9163228441720755,1.501515856500646,0.5851930123285704
2026-06-10,488.13,490.3,483.11,483.68,480.5722691001292,482.1244634127218,0.7941696405830755,1.5779050630574147,0.7837354224743392
2026-06-11,482.88,486.47,481.06,485.79,481.06919585249784,482.79092461040875,0.8034847986222963,1.7880914207522096,0.9846066221299133
2026-06-12,486.67,489.99,484.51,489.25,481.84832005702185,483.9653019539708,0.9790360045572271,2.208401627826447,1.22936562326922
2026-06-15,487.56,497.11,487.56,495.52,483.150384813496,486.06615614415796,1.426674274720674,3.0127084666700625,1.5860341919493885
2026-06-16,497,499.79,492.43,494.95,484.27415768840115,487.6814004815838,1.5816210079595912,3.5630604518988775,1.9814394439392864
2026-06-17,493.24,494.7681,487.9,491.28,484.9413807656963,488.335691303114,1.3435522003969202,3.6608796944354367,2.3173274940385165
2026-06-18,492.75,493.57,485.77,489.46,485.3717254546776,488.5401110661842,0.9866292769438636,3.550614090218346,2.5639848132744825
2026-06-22,488.75,492.4775,487.36,488.69,485.6877516018511,488.56736359960524,0.6386812049840085,3.362336319504493,2.7236551145204846
2026-06-23,490.92,494.3399,490,492.81,486.3660609731034,489.33875203604066,0.6252111013676527,3.5051689912300503,2.8799578898623976
2026-06-24,492.99,498.5,491.5036,494.81,487.1702456423316,490.33352439312415,0.6853730036231345,3.7366741443913156,3.051301140768181
2026-06-25,493.08,495.9964,486.5,487.81,487.2311746287762,489.87470177619247,0.21261115627009453,3.3170650861057993,3.104453929835705
2026-06-26,490.24,498.66,489.2801,498.66,488.3196341879404,491.47202872597563,0.5692666996646452,3.8160373044165112,3.246770604751866
2026-06-29,497.79,500.02,495,496,489.0510975986127,492.2952962303437,0.563614410028646,3.9512886172876733,3.3876742072590273
2026-06-30,496.5,500.58,494.79,500.39,490.13099306541153,493.7670605520994,0.7798008307475222,4.36242524569343,3.582624414945908
2026-07-01,501.825,503.83,499.08,499.74,491.0461365829914,494.85304954262676,0.8002802585098636,4.582974738083237,3.7826944795733737
2026-07-02,502.2,507.93,500.33,507.78,492.6398378608017,497.2034041712401,1.2497722671038378,5.344909813453171,4.095137546349333
2026-07-06,506.5,508,504.1025,506.58,493.9674723502492,498.90823977646914,1.3520742386925706,5.785230344715046,4.433156106022476
2026-07-07,508.97,512.58,503.7501,504,494.92295117403495,499.83401436256565,1.1402513561236365,5.858470301177022,4.718218945053385
2026-07-08,504.56,504.9069,494.34,494.79,494.91028915746017,498.91692084209916,0.31693523150250513,5.1143879844315165,4.797452752929011
2026-07-09,494.61,497.85,493.2,495.45,494.961690190083,498.28657159808114,-0.217335436547768,4.525783457244302,4.74311889379207
2026-07-10,496.15,497.3,490.7,493.71,494.8424816005513,497.4544676711573,-0.6950977026409735,3.8742467654908523,4.569344468131826
2026-07-13,495.85,501.5,493.81,496.85,495.0336738290702,497.3445644582196,-0.7993820419855711,3.570116915649862,4.369498957635433
2026-07-14,493.955,497.08,491,491.09,494.65808584534926,496.2073709203615,-1.2302661495288856,2.8316662707243268,4.061932420253212
2026-07-15,490.1,492.75,487.57,488.35,494.0573157648398,494.77875802575034,-1.6477356374291716,2.002262873466748,3.6499985108959194
2026-07-16,489.925,493.15,486.17,493.12,493.96804759675985,494.47716565743207,-1.551886483139259,1.7101404069718456,3.2620268901111045
2026-07-17,495.51,502.99,490.48,490.91,493.676804968497,493.8285900833535,-1.581233949848106,1.2854844528009721,2.866718402649078
2026-07-20,490.49,492.25,488.91,491.25,493.445680685783,493.3597555227438,-1.521174795680674,0.9652499080482357,2.48642470372891
2026-07-21,489,491.2,487.38,489.65,493.08418728713696,492.68525451860853,-1.5285649064913702,0.575718570614697,2.1042834771060672
2026-07-22,490.5,492.315,487.81,489.39,492.73235992645726,492.086117333407,-1.488843929926294,0.24322856469819953,1.7320724946244936
2026-07-23,488.4,491,486.06,490.85,492.55308755250894,491.861368727333,-1.3085171174699928,0.09642609778700262,1.4049432152569954
2026-07-24,491.43,497.2899,490.25,494.93,492.77946016655574,492.41930168599976,-0.8793296661509002,0.30578113256837014,1.1851107987192704
2026-07-27,497.25,498.77,493.97,497.18,493.19855919831235,493.2848831976362,-0.4314420576281395,0.6458082266840961,1.0772502843122356
2026-07-28,500.33,513.44,499.5,512.37,495.024410703235,496.7549044344296,0.8314713521312624,2.1165894744763136,1.2851181223450512
2026-07-29,511.44,513.357,507.2,509.16,496.3706573029269,499.0103763554424,1.3628830309812792,2.98872191107165,1.625838880090371
2026-07-30,505.98,509.91,501.27,509.68,497.6382137502672,500.9503079271802,1.6428797180486634,3.6794385276512003,2.036558809602537
2026-07-31,508.99,513.03,506.7,511.54,498.9621933930989,502.8757064858747,1.8323876842937254,4.327043414969694,2.4946557306759685
2026-08-03,514.93,520.665,510.825,513.14,500.31246068899424,504.7419416702611,1.9344757778685029,4.912750453011597,2.978274675143094
2026-08-04,512.07,517.77,508.81,517.22,501.9227025281376,507.01067954839544,2.1302779069659694,5.641122058850556,3.5108441518845863
2026-08-05,519,519.7677,512.2,518.85,503.53482609688643,509.16328326686903,2.213345296217333,6.2775257721562525,4.06418047593892
2026-08-06,524.105,525.44,517.2135,524.61,505.54198551623057,511.97177721834737,2.4799204946843183,7.164081094294318,4.684160599609999
2026-08-07,520.26,521.99,517.43,521.8,507.0903678480181,513.7587268150115,2.2949709010711414,7.552874225948926,5.257903324877785
2026-08-10,524.6,537.74,523,529.42,509.2169994815402,516.606231030464,2.4970972092927486,8.379274836493721,5.8821776272009725
2026-08-11,528.76,530.3,515.65,516.38,509.8991900071078,516.5650981158342,1.6070750746794165,7.891021470550243,6.283946395870826
2026-08-12,513.98,514.38,507.96,510,509.90879095881184,515.3714439129552,0.5005346773694344,6.909614742582619,6.4090800652131845
2026-08-13,511.29,512.01,505.56,506.93,509.62509658178215,513.8366359287816,-0.47361284878580445,5.817064004230929,6.290676853016733
2026-08-14,507.235,509.17,503.77,504.03,509.09223024066006,512.0536112144576,-1.3017842028203965,4.6634465994912375,5.965230802311634