time,close,HOX2026-HOZ2026 · NYMEX: close
1999-12-21,0.76643387,
1999-12-22,0.74727257,
1999-12-23,0.7739108,
1999-12-27,0.74259949,
1999-12-28,0.7341871,
1999-12-29,0.7528811,
1999-12-30,0.75007642,
1999-12-31,0.76877042,
2000-01-03,0.83700159,
2000-01-04,0.76643387,
2000-01-05,0.77765011,
2000-01-06,0.71035271,
2000-01-07,0.74400141,
2000-01-10,0.73091595,
2000-01-11,0.69352878,
2000-01-12,0.65193585,
2000-01-13,0.72343818,
2000-01-14,0.75101103,
2000-01-18,0.77718196,
2000-01-19,0.79681058,
2000-01-20,0.84868513,
2000-01-21,0.83232851,
2000-01-24,0.79447404,
2000-01-25,0.83933813,
2000-01-26,0.82391612,
2000-01-27,0.8225142,
2000-01-28,0.75989072,
2000-01-31,0.77578004,
2000-02-01,0.74960911,
2000-02-02,0.73886102,
2000-02-03,0.77250888,
2000-02-04,0.8075595,
2000-02-07,0.8528909,
2000-02-08,0.85896674,
2000-02-09,0.84214198,
2000-02-10,0.84868513,
2000-02-11,0.8131672,
2000-02-14,0.86597636,
2000-02-15,0.88981075,
2000-02-16,0.85335821,
2000-02-17,0.85896674,
2000-02-18,0.8318612,
2000-02-22,0.85102167,
2000-02-23,0.86924752,
2000-02-24,0.86141969,
2000-02-25,0.82531805,
2000-02-28,0.84681589,
2000-02-29,0.85709667,
2000-03-01,0.97439855,
2000-03-02,0.91224322,
2000-03-03,0.95710731,
2000-03-06,0.93981607,
2000-03-07,0.91878553,
2000-03-08,0.91224322,
2000-03-09,0.91411245,
2000-03-10,0.94028338,
2000-03-13,0.90710199,
2000-03-14,0.85429282,
2000-03-15,0.86924752,
2000-03-16,0.90897122,
2000-03-17,0.93467484,
2000-03-20,0.91972015,
2000-03-21,1.00898186,
2000-03-22,1.07814765,
2000-03-23,1.0566498,
2000-03-24,1.03702202,
2000-03-27,1.04356517,
2000-03-28,1.04029318,
2000-03-29,1.01645879,
2000-03-30,0.94028338,
2000-03-31,1.01552417,
2000-04-03,0.99683101,
2000-04-04,0.95196692,
2000-04-05,0.97486585,
2000-04-06,0.93607677,
2000-04-07,0.98514747,
2000-04-10,0.93467484,
2000-04-11,0.89308191,
2000-04-12,0.81690566,
2000-04-13,0.85102167,
2000-04-14,0.83653428,
2000-04-17,0.9262633,
2000-04-18,0.94869492,
2000-04-19,0.90570007,
2000-04-20,0.88887614,
2000-04-24,0.90102699,
2000-04-25,0.95944385,
2000-04-26,0.90710199,
2000-04-27,0.94776031,
2000-04-28,0.92766522,
2000-05-01,0.92953445,
2000-05-02,0.88139837,
2000-05-03,0.86036867,
2000-05-04,0.82765459,
2000-05-05,0.84588128,
2000-05-08,0.82344881,
2000-05-09,0.78839819,
2000-05-10,0.74259949,
2000-05-11,0.76877042,
2000-05-12,0.80475565,
2000-05-15,0.75521764,
2000-05-16,0.79026743,
2000-05-17,0.75802149,
2000-05-18,0.75334841,
2000-05-19,0.70287578,
2000-05-22,0.67249908,
2000-05-23,0.64165423,
2000-05-24,0.65567432,
2000-05-25,0.6525204,
2000-05-26,0.64586084,
2000-05-30,0.6547397,
2000-05-31,0.62810146,
2000-06-01,0.66642324,
2000-06-02,0.69212686,
2000-06-05,0.68277986,
2000-06-06,0.6944634,
2000-06-07,0.72203625,
2000-06-08,0.70895079,
2000-06-09,0.71596125,
2000-06-12,0.68184524,
2000-06-13,0.70661425,
2000-06-14,0.67623755,
2000-06-15,0.69072494,
2000-06-16,0.68184524,
2000-06-19,0.72250356,
2000-06-20,0.75708687,
2000-06-21,0.8318612,
2000-06-22,0.8038202,
2000-06-23,0.77297619,
2000-06-26,0.80942873,
2000-06-27,0.7739108,
2000-06-28,0.81410181,
2000-06-29,0.76643387,
2000-06-30,0.7832578,
2000-07-03,0.79727788,
2000-07-05,0.77204157,
2000-07-06,0.77484542,
2000-07-07,0.81410181,
2000-07-10,0.85429282,
2000-07-11,0.85148898,
2000-07-12,0.88046375,
2000-07-13,0.84494666,
2000-07-14,0.86270521,
2000-07-17,0.87205221,
2000-07-18,0.85616206,
2000-07-19,0.78793089,
2000-07-20,0.82438343,
2000-07-21,0.80101635,
2000-07-24,0.7281121,
2000-07-25,0.74867449,
2000-07-26,0.74867449,
2000-07-27,0.77765011,
2000-07-28,0.72250356,
2000-07-31,0.75989072,
2000-08-01,0.73745826,
2000-08-02,0.70661425,
2000-08-03,0.71783048,
2000-08-04,0.70848348,
2000-08-07,0.71689586,
2000-08-08,0.69913732,
2000-08-09,0.71035271,
2000-08-10,0.71128817,
2000-08-11,0.7131574,
2000-08-14,0.7038104,
2000-08-15,0.6982027,
2000-08-16,0.72530825,
2000-08-17,0.76923772,
2000-08-18,0.74773988,
2000-08-21,0.75521764,
2000-08-22,0.77297619,
2000-08-23,0.81223258,
2000-08-24,0.83910447,
2000-08-25,0.84961974,
2000-08-28,0.8683129,
2000-08-29,0.88513767,
2000-08-30,0.88981075,
2000-08-31,0.9113086,
2000-09-01,0.94869492,
2000-09-05,0.93374023,
2000-09-06,0.87392144,
2000-09-07,0.92719791,
2000-09-08,0.88046375,
2000-09-11,0.87392144,
2000-09-12,0.86363982,
2000-09-13,0.86737829,
2000-09-14,0.85032071,
2000-09-15,0.82601901,
2000-09-18,0.90710199,
2000-09-19,0.89635307,
2000-09-20,0.91294418,
2000-09-21,0.84775051,
2000-09-22,0.78045396,
2000-09-25,0.80008173,
2000-09-26,0.76923772,
2000-09-27,0.73185056,
2000-09-28,0.80008173,
2000-09-29,0.38508617,
2000-10-02,0.36265371,
2000-10-03,0.33367893,
2000-10-04,0.35330754,
2000-10-05,0.32994046,
2000-10-06,0.3318097,
2000-10-09,0.32526654,
2000-10-10,0.31218108,
2000-10-11,0.29348792,
2000-10-12,0.29909645,
2000-10-13,0.32994046,
2000-10-16,0.32152808,
2000-10-17,0.30096569,
2000-10-18,0.30096569,
2000-10-19,0.2832063,
2000-10-20,0.29161869,
2000-10-23,0.30470415,
2000-10-24,0.28227169,
2000-10-25,0.27666399,
2000-10-26,0.27666399,
2000-10-27,0.2775986,
2000-10-30,0.28881484,
2000-10-31,0.2925533,
2000-11-01,0.30657338,
2000-11-02,0.33367893,
2000-11-03,0.33274431,
2000-11-06,0.32059346,
2000-11-07,0.31872423,
2000-11-08,0.30003107,
2000-11-09,0.3019003,
2000-11-10,0.28507553,
2000-11-13,0.28974945,
2000-11-14,0.30283492,
2000-11-15,0.29722638,
2000-11-16,0.28414092,
2000-11-17,0.27666399,
2000-11-20,0.2832063,
2000-11-21,0.28133707,
2000-11-22,0.27666399,
2000-11-24,0.28881484,
2000-11-27,0.27946784,
2000-11-28,0.26965353,
2000-11-29,0.26264391,
2000-11-30,0.24675459,
2000-12-01,0.25516614,
2000-12-04,0.24955844,
2000-12-05,0.25423152,
2000-12-06,0.21404051,
2000-12-07,0.21404051,
2000-12-08,0.22525675,
2000-12-11,0.22712598,
2000-12-12,0.22992983,
2000-12-13,0.22432213,
2000-12-14,0.21590975,
2000-12-15,0.21030205,
2000-12-18,0.2131059,
2000-12-19,0.20936743,
2000-12-20,0.21497513,
2000-12-21,0.21030205,
2000-12-22,0.22432213,
2000-12-26,0.21964905,
2000-12-27,0.22151828,
2000-12-28,0.22151828,
2000-12-29,0.2224529,
2001-01-02,0.2224529,
2001-01-03,0.24488452,
2001-01-04,0.25516614,
2001-01-05,0.24488452,
2001-01-08,0.24768921,
2001-01-09,0.25703537,
2001-01-10,0.24768921,
2001-01-11,0.26918622,
2001-01-12,0.25703537,
2001-01-16,0.25610076,
2001-01-17,0.25142768,
2001-01-18,0.27946784,
2001-01-19,0.29161869,
2001-01-22,0.28788022,
2001-01-23,0.30657338,
2001-01-24,0.30657338,
2001-01-25,0.298161,
2001-01-26,0.2925533,
2001-01-29,0.32433193,
2001-01-30,0.32526654,
2001-01-31,0.32339731,
2001-02-01,0.31592038,
2001-02-02,0.30844261,
2001-02-05,0.3019003,
2001-02-06,0.31592038,
2001-02-07,0.31031185,
2001-02-08,0.31031185,
2001-02-09,0.28601099,
2001-02-12,0.29442253,
2001-02-13,0.28601099,
2001-02-14,0.29161869,
2001-02-15,0.30003107,
2001-02-16,0.28414092,
2001-02-20,0.27386014,
2001-02-21,0.28227169,
2001-02-22,0.28133707,
2001-02-23,0.28133707,
2001-02-26,0.29161869,
2001-02-27,0.28974945,
2001-02-28,0.27292552,
2001-03-01,0.28040245,
2001-03-02,0.28788022,
2001-03-05,0.30470415,
2001-03-06,0.32152808,
2001-03-07,0.31778961,
2001-03-08,0.31124646,
2001-03-09,0.30283492,
2001-03-12,0.27853322,
2001-03-13,0.2925533,
2001-03-14,0.30563877,
2001-03-15,0.29442253,
2001-03-16,0.29348792,
2001-03-19,0.307508,
2001-03-20,0.29442253,
2001-03-21,0.30096569,
2001-03-22,0.32339731,
2001-03-23,0.34396054,
2001-03-26,0.32571543,
2001-03-27,0.34201594,
2001-03-28,0.33154757,
2001-03-29,0.33693166,
2001-03-30,0.33005268,
2001-04-02,0.32287389,
2001-04-03,0.30268501,
2001-04-04,0.29161869,
2001-04-05,0.31210654,
2001-04-06,0.3079192,
2001-04-09,0.30717134,
2001-04-10,0.3296038,
2001-04-11,0.3260144,
2001-04-12,0.33528687,
2001-04-16,0.32063115,
2001-04-17,0.30507766,
2001-04-18,0.34082003,
2001-04-19,0.38463729,
2001-04-20,0.37446789,
2001-04-23,0.36265371,
2001-04-24,0.35936412,
2001-04-25,0.36968259,
2001-04-26,0.36923371,
2001-04-27,0.39181608,
2001-04-30,0.3811978,
2001-05-01,0.3877778,
2001-05-02,0.39764822,
2001-05-03,0.37327198,
2001-05-04,0.38508617,
2001-05-07,0.37327198,
2001-05-08,0.36743985,
2001-05-09,0.35861626,
2001-05-10,0.34396054,
2001-05-11,0.34171696,
2001-05-14,0.34829696,
2001-05-15,0.34665217,
2001-05-16,0.36041347,
2001-05-17,0.35218533,
2001-05-18,0.35188636,
2001-05-21,0.35233524,
2001-05-22,0.35143747,
2001-05-23,0.34740003,
2001-05-24,0.34695115,
2001-05-25,0.34037115,
2001-05-29,0.3210792,
2001-05-30,0.29580603,
2001-05-31,0.29834859,
2001-06-01,0.31240552,
2001-06-04,0.30896603,
2001-06-05,0.31315338,
2001-06-06,0.31001287,
2001-06-07,0.32392073,
2001-06-08,0.31883645,
2001-06-11,0.29969441,
2001-06-12,0.30373185,
2001-06-13,0.3061245,
2001-06-14,0.29730175,
2001-06-15,0.30567645,
2001-06-18,0.30403082,
2001-06-19,0.30193715,
2001-06-20,0.32407064,
2001-06-21,0.33633371,
2001-06-22,0.33289338,
2001-06-25,0.35876617,
2001-06-26,0.35517678,
2001-06-27,0.34904482,
2001-06-28,0.35203626,
2001-06-29,0.34769901,
2001-07-02,0.35741952,
2001-07-03,0.35652259,
2001-07-05,0.34680208,
2001-07-06,0.32945389,
2001-07-09,0.33947422,
2001-07-10,0.31614482,
2001-07-11,0.33708073,
2001-07-12,0.36429933,
2001-07-13,0.37162719,
2001-07-16,0.35831729,
2001-07-17,0.37536566,
2001-07-18,0.3109098,
2001-07-19,0.29849766,
2001-07-20,0.29879664,
2001-07-23,0.29221664,
2001-07-24,0.28548757,
2001-07-25,0.2762151,
2001-07-26,0.2780098,
2001-07-27,0.28354296,
2001-07-30,0.28309408,
2001-07-31,0.28100041,
2001-08-01,0.28503869,
2001-08-02,0.29640399,
2001-08-03,0.29161869,
2001-08-06,0.28608552,
2001-08-07,0.28788022,
2001-08-08,0.2826452,
2001-08-09,0.28488878,
2001-08-10,0.28444073,
2001-08-13,0.28548757,
2001-08-14,0.28010348,
2001-08-15,0.27576622,
2001-08-16,0.27890673,
2001-08-17,0.27023306,
2001-08-20,0.27098092,
2001-08-21,0.26799031,
2001-08-22,0.27232673,
2001-08-23,0.26634469,
2001-08-24,0.27771083,
2001-08-27,0.28294501,
2001-08-28,0.27516827,
2001-08-29,0.2666445,
2001-08-30,0.2666445,
2001-08-31,0.27741185,
2001-09-04,0.27292552,
2001-09-05,0.27741185,
2001-09-06,0.26499887,
2001-09-07,0.25841887,
2001-09-10,0.25976469,
2001-09-17,0.25408245,
2001-09-18,0.24346418,
2001-09-19,0.2545305,
2001-09-20,0.23449153,
2001-09-21,0.23523939,
2001-09-24,0.24600673,
2001-09-25,0.23239785,
2001-09-26,0.22656487,
2001-09-27,0.23194897,
2001-09-28,0.23194897,
2001-10-01,0.23239785,
2001-10-02,0.22506999,
2001-10-03,0.22402315,
2001-10-04,0.23748213,
2001-10-05,0.2413705,
2001-10-08,0.24226743,
2001-10-09,0.23927683,
2001-10-10,0.2515399,
2001-10-11,0.26529869,
2001-10-12,0.26933613,
2001-10-15,0.26903715,
2001-10-16,0.26933613,
2001-10-17,0.25408245,
2001-10-18,0.26918622,
2001-10-19,0.27367255,
2001-10-22,0.28444073,
2001-10-23,0.2712799,
2001-10-24,0.2833939,
2001-10-25,0.28698245,
2001-10-26,0.27920655,
2001-10-29,0.26365306,
2001-10-30,0.26320501,
2001-10-31,0.26260622,
2001-11-01,0.2780098,
2001-11-02,0.27771083,
2001-11-05,0.28518859,
2001-11-06,0.29266552,
2001-11-07,0.2929645,
2001-11-08,0.2798045,
2001-11-09,0.2798045,
2001-11-12,0.28040245,
2001-11-13,0.28967492,
2001-11-14,0.29326348,
2001-11-15,0.29087082,
2001-11-16,0.28369287,
2001-11-19,0.29909645,
2001-11-20,0.29206757,
2001-11-21,0.29431031,
2001-11-23,0.29670296,
2001-11-26,0.31958431,
2001-11-27,0.31405115,
2001-11-28,0.30702227,
2001-11-29,0.30537664,
2001-11-30,0.31853747,
2001-12-03,0.31479817,
2001-12-04,0.33498706,
2001-12-05,0.35532585,
2001-12-06,0.34067013,
2001-12-07,0.33708073,
2001-12-10,0.33708073,
2001-12-11,0.32571543,
2001-12-12,0.32137901,
2001-12-13,0.31405115,
2001-12-14,0.30492859,
2001-12-17,0.30836808,
2001-12-18,0.31420022,
2001-12-19,0.32332278,
2001-12-20,0.30911594,
2001-12-21,0.31405115,
2001-12-24,0.31943441,
2001-12-26,0.32137901,
2001-12-27,0.33005268,
2001-12-28,0.33543594,
2001-12-31,0.32751013,
2002-01-02,0.34844687,
2002-01-03,0.35263422,
2002-01-04,0.35427901,
2002-01-07,0.34246482,
2002-01-08,0.3381284,
2002-01-09,0.32377166,
2002-01-10,0.31749064,
2002-01-11,0.31479817,
2002-01-14,0.31629389,
2002-01-15,0.32451952,
2002-01-16,0.31076073,
2002-01-17,0.3361838,
2002-01-18,0.33154757,
2002-01-22,0.32631422,
2002-01-23,0.34425952,
2002-01-24,0.34710106,
2002-01-25,0.34769901,
2002-01-28,0.34799799,
2002-01-29,0.34500738,
2002-01-30,0.36026105,
2002-01-31,0.36968259,
2002-02-01,0.36504636,
2002-02-04,0.37910412,
2002-02-05,0.38059984,
2002-02-06,0.36893473,
2002-02-07,0.36340157,
2002-02-08,0.35936412,
2002-02-11,0.37357096,
2002-02-12,0.36953352,
2002-02-13,0.37401984,
2002-02-14,0.36788789,
2002-02-15,0.35741952,
2002-02-19,0.33827747,
2002-02-20,0.34590431,
2002-02-21,0.32152808,
2002-02-22,0.34007217,
2002-02-25,0.35607371,
2002-02-26,0.35398003,
2002-02-27,0.32840789,
2002-02-28,0.32451952,
2002-03-01,0.35069045,
2002-03-04,0.36325166,
2002-03-05,0.35188636,
2002-03-06,0.35996208,
2002-03-07,0.36459831,
2002-03-08,0.36878566,
2002-03-11,0.37476771,
2002-03-12,0.36968259,
2002-03-13,0.3662431,
2002-03-14,0.36534533,
2002-03-15,0.37312208,
2002-03-18,0.36998157,
2002-03-19,0.37162719,
2002-03-20,0.37267403,
2002-03-21,0.36295268,
2002-03-22,0.36026105,
2002-03-25,0.34919473,
2002-03-26,0.35083952,
2002-03-27,0.35098943,
2002-03-28,0.35398003,
2002-04-01,0.36579422,
2002-04-02,0.35996208,
2002-04-03,0.35517678,
2002-04-04,0.37237422,
2002-04-05,0.36998157,
2002-04-08,0.36728994,
2002-04-09,0.36041096,
2002-04-10,0.36878566,
2002-04-11,0.37177626,
2002-04-12,0.37476771,
2002-04-15,0.37386994,
2002-04-16,0.3849371,
2002-04-17,0.39047026,
2002-04-18,0.38000189,
2002-04-19,0.37357096,
2002-04-22,0.36684105,
2002-04-23,0.36265371,
2002-04-24,0.35547575,
2002-04-25,0.36070994,
2002-04-26,0.34410961,
2002-04-29,0.35831729,
2002-04-30,0.36295268,
2002-05-01,0.35861626,
2002-05-02,0.35427901,
2002-05-03,0.35158738,
2002-05-06,0.33872636,
2002-05-07,0.33603473,
2002-05-08,0.3644484,
2002-05-09,0.36175678,
2002-05-10,0.34874585,
2002-05-13,0.35801831,
2002-05-14,0.3829925,
2002-05-15,0.37805729,
2002-05-16,0.37701045,
2002-05-17,0.37401984,
2002-05-20,0.36998157,
2002-05-21,0.35083952,
2002-05-22,0.36370054,
2002-05-23,0.37656157,
2002-05-24,0.36115798,
2002-05-28,0.35861626,
2002-05-29,0.35861626,
2002-05-30,0.36190585,
2002-05-31,0.34844687,
2002-06-03,0.34261473,
2002-06-04,0.34067013,
2002-06-05,0.33977319,
2002-06-06,0.3313985,
2002-06-07,0.32003236,
2002-06-10,0.3212291,
2002-06-11,0.30597543,
2002-06-12,0.30044227,
2002-06-13,0.29221664,
2002-06-14,0.30059134,
2002-06-17,0.30717134,
2002-06-18,0.3013392,
2002-06-19,0.25602622,
2002-06-20,0.25587631,
2002-06-21,0.25198878,
2002-06-24,0.2582698,
2002-06-25,0.2563252,
2002-06-26,0.24750162,
2002-06-27,0.25512929,
2002-06-28,0.26499887,
2002-07-01,0.25512929,
2002-07-02,0.25333459,
2002-07-03,0.26245715,
2002-07-05,0.28025338,
2002-07-08,0.26933613,
2002-07-09,0.26215734,
2002-07-10,0.25901766,
2002-07-11,0.27367255,
2002-07-12,0.26170929,
2002-07-15,0.27262571,
2002-07-16,0.26709255,
2002-07-17,0.23374366,
2002-07-18,0.22417222,
2002-07-19,0.22372418,
2002-07-22,0.22312539,
2002-07-23,0.21639632,
2002-07-24,0.22731273,
2002-07-25,0.21475069,
2002-07-26,0.21445171,
2002-07-29,0.22462111,
2002-07-30,0.23075222,
2002-07-31,0.2282105,
2002-08-01,0.22133069,
2002-08-02,0.2160965,
2002-08-05,0.20921753,
2002-08-06,0.22043376,
2002-08-07,0.22480033,
2002-08-08,0.22880846,
2002-08-09,0.22432213,
2002-08-12,0.22417222,
2002-08-13,0.21819018,
2002-08-14,0.22686469,
2002-08-15,0.23344469,
2002-08-16,0.23643529,
2002-08-19,0.23897785,
2002-08-20,0.23793101,
2002-08-21,0.24107152,
2002-08-22,0.23882794,
2002-08-23,0.23523939,
2002-08-26,0.23224794,
2002-08-27,0.22207855,
2002-08-28,0.2198358,
2002-08-29,0.2198358,
2002-08-30,0.22058367,
2002-09-03,0.21011529,
2002-09-04,0.21654539,
2002-09-05,0.21205906,
2002-09-06,0.21504967,
2002-09-09,0.2149006,
2002-09-10,0.21430264,
2002-09-11,0.21370385,
2002-09-12,0.21146111,
2002-09-13,0.21190915,
2002-09-16,0.21684436,
2002-09-17,0.22133069,
2002-09-18,0.22462111,
2002-09-19,0.21804111,
2002-09-20,0.22237753,
2002-09-23,0.22207855,
2002-09-24,0.21893804,
2002-09-25,0.22327529,
2002-09-26,0.2198358,
2002-09-27,0.22013478,
2002-09-30,0.21684436,
2002-10-01,0.21699427,
2002-10-02,0.21190915,
2002-10-03,0.21385376,
2002-10-04,0.20981548,
2002-10-07,0.20592794,
2002-10-08,0.20470105,
2002-10-09,0.20337031,
2002-10-10,0.21114706,
2002-10-11,0.21699427,
2002-10-14,0.22088264,
2002-10-15,0.22671478,
2002-10-16,0.21774213,
2002-10-17,0.21101222,
2002-10-18,0.21445171,
2002-10-21,0.21774213,
2002-10-22,0.2198358,
2002-10-23,0.22252743,
2002-10-24,0.2196859,
2002-10-25,0.23060315,
2002-10-28,0.23344469,
2002-10-29,0.23090213,
2002-10-30,0.23897785,
2002-10-31,0.24032366,
2002-11-01,0.24466092,
2002-11-04,0.25258673,
2002-11-05,0.2527358,
2002-11-06,0.25752194,
2002-11-07,0.23927683,
2002-11-08,0.23688418,
2002-11-11,0.22671478,
2002-11-12,0.23389273,
2002-11-13,0.23314571,
2002-11-14,0.24376315,
2002-11-15,0.23852897,
2002-11-18,0.23404264,
2002-11-19,0.22835957,
2002-11-20,0.23224794,
2002-11-21,0.24451101,
2002-11-22,0.2394259,
2002-11-25,0.23882794,
2002-11-26,0.23045325,
2002-11-27,0.23508948,
2002-11-29,0.23179906,
2002-12-02,0.22701376,
2002-12-03,0.22671478,
2002-12-04,0.22387325,
2002-12-05,0.21878897,
2002-12-06,0.22357427,
2002-12-09,0.22058367,
2002-12-10,0.22850948,
2002-12-11,0.23164999,
2002-12-12,0.22716366,
2002-12-13,0.22118162,
2002-12-16,0.22207855,
2002-12-17,0.22551804,
2002-12-18,0.2178912,
2002-12-19,0.21235804,
2002-12-20,0.21146111,
2002-12-23,0.21669529,
2002-12-24,0.21475069,
2002-12-26,0.21534948,
2002-12-27,0.21026436,
2002-12-30,0.21041427,
2002-12-31,0.21430264,
2003-01-02,0.22133069,
2003-01-03,0.22282641,
2003-01-06,0.22282641,
2003-01-07,0.22207855,
2003-01-08,0.21759222,
2003-01-09,0.21953683,
2003-01-10,0.22013478,
2003-01-13,0.21878897,
2003-01-14,0.21848999,
2003-01-15,0.21579753,
2003-01-16,0.21863906,
2003-01-17,0.21086232,
2003-01-21,0.20966641,
2003-01-22,0.20757274,
2003-01-23,0.21190915,
2003-01-24,0.20637599,
2003-01-27,0.2113112,
2003-01-28,0.21804111,
2003-01-29,0.22327529,
2003-01-30,0.21415274,
2003-01-31,0.21475069,
2003-02-03,0.21923701,
2003-02-04,0.21834008,
2003-02-05,0.2160965,
2003-02-06,0.21579753,
2003-02-07,0.21161018,
2003-02-10,0.21460162,
2003-02-11,0.21460162,
2003-02-12,0.21519957,
2003-02-13,0.21744315,
2003-02-14,0.21938692,
2003-02-18,0.22835957,
2003-02-19,0.22207855,
2003-02-20,0.22088264,
2003-02-21,0.22432213,
2003-02-24,0.22043376,
2003-02-25,0.22462111,
2003-02-26,0.21684436,
2003-02-27,0.22222846,
2003-02-28,0.2244712,
2003-03-03,0.21908794,
2003-03-04,0.21774213,
2003-03-05,0.21863906,
2003-03-06,0.21774213,
2003-03-07,0.21729325,
2003-03-10,0.2149006,
2003-03-11,0.21280692,
2003-03-12,0.21265701,
2003-03-13,0.22013478,
2003-03-14,0.22103171,
2003-03-17,0.2244712,
2003-03-18,0.22432213,
2003-03-19,0.22357427,
2003-03-20,0.22297632,
2003-03-21,0.22432213,
2003-03-24,0.2149006,
2003-03-25,0.21759222,
2003-03-26,0.21549855,
2003-03-27,0.21669529,
2003-03-28,0.2178912,
2003-03-31,0.21146111,
2003-04-01,0.21176008,
2003-04-02,0.21834008,
2003-04-03,0.21624641,
2003-04-04,0.21549855,
2003-04-07,0.21669529,
2003-04-08,0.2160965,
2003-04-09,0.21220897,
2003-04-10,0.2149006,
2003-04-11,0.19740334,
2003-04-14,0.20308641,
2003-04-15,0.20024488,
2003-04-16,0.19800129,
2003-04-17,0.1962066,
2003-04-21,0.19650641,
2003-04-22,0.20203957,
2003-04-23,0.20308641,
2003-04-24,0.20099274,
2003-04-25,0.19964692,
2003-04-28,0.20727376,
2003-04-29,0.21026436,
2003-04-30,0.21265701,
2003-05-01,0.21475069,
2003-05-02,0.2160965,
2003-05-05,0.24062264,
2003-05-06,0.26170929,
2003-05-07,0.26395204,
2003-05-08,0.26918622,
2003-05-09,0.27367255,
2003-05-12,0.27756092,
2003-05-13,0.27920655,
2003-05-14,0.27741185,
2003-05-15,0.28010348,
2003-05-16,0.28115031,
2003-05-19,0.27068194,
2003-05-20,0.26604571,
2003-05-21,0.26694348,
2003-05-22,0.27277562,
2003-05-23,0.27397236,
2003-05-27,0.28234706,
2003-05-28,0.27337357,
2003-05-29,0.27068194,
2003-05-30,0.26843836,
2003-06-02,0.26096143,
2003-06-03,0.25886776,
2003-06-04,0.26320501,
2003-06-05,0.26380297,
2003-06-06,0.25647511,
2003-06-09,0.25109101,
2003-06-10,0.25692315,
2003-06-11,0.26096143,
2003-06-12,0.26574673,
2003-06-13,0.26051255,
2003-06-16,0.2732245,
2003-06-17,0.27202776,
2003-06-18,0.28593562,
2003-06-19,0.28623459,
2003-06-20,0.28713236,
2003-06-23,0.28503869,
2003-06-24,0.28085134,
2003-06-25,0.28548757,
2003-06-26,0.28847817,
2003-06-27,0.28010348,
2003-06-30,0.28503869,
2003-07-01,0.28548757,
2003-07-02,0.2881792,
2003-07-03,0.28608552,
2003-07-07,0.29715185,
2003-07-08,0.30507766,
2003-07-09,0.29745082,
2003-07-10,0.29281543,
2003-07-11,0.29685287,
2003-07-14,0.29760073,
2003-07-15,0.29326348,
2003-07-16,0.29715185,
2003-07-17,0.31255543,
2003-07-18,0.3119424,
2003-07-21,0.30821817,
2003-07-22,0.31105971,
2003-07-23,0.3109098,
2003-07-24,0.30672245,
2003-07-25,0.32212603,
2003-07-28,0.31390124,
2003-07-29,0.3098638,
2003-07-30,0.30328296,
2003-07-31,0.31524706,
2003-08-01,0.31001287,
2003-08-04,0.31719166,
2003-08-05,0.30477868,
2003-08-06,0.29356245,
2003-08-07,0.29804878,
2003-08-08,0.29371236,
2003-08-11,0.29401134,
2003-08-12,0.29460929,
2003-08-13,0.30178808,
2003-08-14,0.29864757,
2003-08-15,0.2947592,
2003-08-18,0.30418073,
2003-08-19,0.30388175,
2003-08-20,0.31420022,
2003-08-21,0.32421971,
2003-08-22,0.31225645,
2003-08-25,0.31195748,
2003-08-26,0.31479817,
2003-08-27,0.3212291,
2003-08-28,0.33184738,
2003-08-29,0.3381284,
2003-09-02,0.34171696,
2003-09-03,0.34321268,
2003-09-04,0.34141799,
2003-09-05,0.33648278,
2003-09-08,0.34007217,
2003-09-09,0.33453901,
2003-09-10,0.33169747,
2003-09-11,0.33738054,
2003-09-12,0.34545626,
2003-09-15,0.33214636,
2003-09-16,0.3343891,
2003-09-17,0.33080054,
2003-09-18,0.34216585,
2003-09-19,0.33767952,
2003-09-22,0.33020175,
2003-09-23,0.33543594,
2003-09-24,0.31883645,
2003-09-25,0.30552655,
2003-09-26,0.30941492,
2003-09-29,0.31853747,
2003-09-30,0.3098638,
2003-10-01,0.3109098,
2003-10-02,0.30762022,
2003-10-03,0.32436961,
2003-10-06,0.33334226,
2003-10-07,0.34725012,
2003-10-08,0.34485747,
2003-10-09,0.35069045,
2003-10-10,0.35412994,
2003-10-13,0.36414943,
2003-10-14,0.36714003,
2003-10-15,0.37117831,
2003-10-16,0.34769901,
2003-10-17,0.34022208,
2003-10-20,0.34725012,
2003-10-21,0.34665217,
2003-10-22,0.34037115,
2003-10-23,0.34381064,
2003-10-24,0.3379785,
2003-10-27,0.3379785,
2003-10-28,0.35472789,
2003-10-29,0.35427901,
2003-10-30,0.34530636,
2003-10-31,0.34231575,
2003-11-03,0.34620329,
2003-11-04,0.34261473,
2003-11-05,0.34440943,
2003-11-06,0.34575524,
2003-11-07,0.33648278,
2003-11-10,0.32751013,
2003-11-11,0.32212603,
2003-11-12,0.33394106,
2003-11-13,0.33528687,
2003-11-14,0.32093013,
2003-11-17,0.31599492,
2003-11-18,0.30522757,
2003-11-19,0.3053758,
2003-11-20,0.30470415,
2003-11-21,0.30328296,
2003-11-24,0.31629389,
2003-11-25,0.30926501,
2003-11-26,0.3098638,
2003-11-28,0.3127045,
2003-12-01,0.32466859,
2003-12-02,0.32212603,
2003-12-03,0.3144992,
2003-12-04,0.31629389,
2003-12-05,0.31180757,
2003-12-08,0.31479817,
2003-12-09,0.30582552,
2003-12-10,0.30477868,
2003-12-11,0.31719166,
2003-12-12,0.31240552,
2003-12-15,0.30163817,
2003-12-16,0.30089031,
2003-12-17,0.29730175,
2003-12-18,0.29969441,
2003-12-19,0.29460929,
2003-12-22,0.29685287,
2003-12-23,0.29625492,
2003-12-24,0.30522757,
2003-12-26,0.31076073,
2003-12-29,0.31629389,
2003-12-30,0.3182385,
2003-12-31,0.31958431,
2004-01-02,0.3182385,
2004-01-05,0.33154757,
2004-01-06,0.33035166,
2004-01-07,0.33782859,
2004-01-08,0.3493438,
2004-01-09,0.34396054,
2004-01-12,0.3548778,
2004-01-13,0.36070994,
2004-01-14,0.36190585,
2004-01-15,0.34171696,
2004-01-16,0.33977319,
2004-01-20,0.33992226,
2004-01-21,0.3381284,
2004-01-22,0.33169747,
2004-01-23,0.33738054,
2004-01-26,0.34410961,
2004-01-27,0.34500738,
2004-01-28,0.33678175,
2004-01-29,0.3391744,
2004-01-30,0.33738054,
2004-02-02,0.33379115,
2004-02-03,0.33289338,
2004-02-04,0.32586534,
2004-02-05,0.33528687,
2004-02-06,0.33962329,
2004-02-09,0.33898095,
2004-02-10,0.34366157,
2004-02-11,0.35592464,
2004-02-12,0.3548778,
2004-02-13,0.34396054,
2004-02-17,0.34635319,
2004-02-18,0.34784892,
2004-02-19,0.33603473,
2004-02-20,0.33498706,
2004-02-23,0.33184738,
2004-02-24,0.3343891,
2004-02-25,0.34111901,
2004-02-26,0.3445585,
2004-02-27,0.3577185,
2004-03-01,0.35921422,
2004-03-02,0.35607371,
2004-03-03,0.3577185,
2004-03-04,0.37626259,
2004-03-05,0.3998918,
2004-03-08,0.38882463,
2004-03-09,0.40527505,
2004-03-10,0.41394873,
2004-03-11,0.40602291,
2004-03-12,0.41215403,
2004-03-15,0.39555454,
2004-03-16,0.38613301,
2004-03-17,0.39166617,
2004-03-18,0.38388943,
2004-03-19,0.38673096,
2004-03-22,0.38673096,
2004-03-23,0.37820719,
2004-03-24,0.3813477,
2004-03-25,0.40183556,
2004-03-26,0.40437729,
2004-03-29,0.41738821,
2004-03-30,0.41753812,
2004-03-31,0.40437729,
2004-04-01,0.40542496,
2004-04-02,0.4112571,
2004-04-05,0.42352017,
2004-04-06,0.41619231,
2004-04-07,0.40841556,
2004-04-08,0.41170598,
2004-04-12,0.41933282,
2004-04-13,0.40273249,
2004-04-14,0.39839608,
2004-04-15,0.43817589,
2004-04-16,0.43638119,
2004-04-19,0.42396905,
2004-04-20,0.41469659,
2004-04-21,0.41469659,
2004-04-22,0.41544445,
2004-04-23,0.4142477,
2004-04-26,0.40572394,
2004-04-27,0.4028824,
2004-04-28,0.39555454,
2004-04-29,0.40033984,
2004-04-30,0.38553505,
2004-05-03,0.38987147,
2004-05-04,0.39091831,
2004-05-05,0.39854515,
2004-05-06,0.39749831,
2004-05-07,0.39884496,
2004-05-10,0.39301198,
2004-05-11,0.40587301,
2004-05-12,0.40826649,
2004-05-13,0.40662087,
2004-05-14,0.4046771,
2004-05-17,0.39839608,
2004-05-18,0.4046771,
2004-05-19,0.39585352,
2004-05-20,0.39944291,
2004-05-21,0.40542496,
2004-05-24,0.40886445,
2004-05-25,0.42486598,
2004-05-26,0.42636087,
2004-05-27,0.42127659,
2004-05-28,0.4196318,
2004-06-01,0.4196318,
2004-06-02,0.43249282,
2004-06-03,0.42471607,
2004-06-04,0.43039914,
2004-06-07,0.44580273,
2004-06-08,0.45387845,
2004-06-09,0.45163486,
2004-06-10,0.45971059,
2004-06-14,0.45043896,
2004-06-15,0.45896272,
2004-06-16,0.48961998,
2004-06-17,0.49066682,
2004-06-18,0.49216254,
2004-06-21,0.48348886,
2004-06-22,0.49350835,
2004-06-23,0.50397672,
2004-06-24,0.49619998,
2004-06-25,0.50397672,
2004-06-28,0.48588151,
2004-06-29,0.48603142,
2004-06-30,0.48662937,
2004-07-01,0.48303998,
2004-07-02,0.46479486,
2004-07-06,0.4628511,
2004-07-07,0.4544764,
2004-07-08,0.45073793,
2004-07-09,0.44909231,
2004-07-12,0.43578324,
2004-07-13,0.43697914,
2004-07-14,0.44236324,
2004-07-15,0.49246151,
2004-07-16,0.48154426,
2004-07-19,0.47810477,
2004-07-20,0.48154426,
2004-07-21,0.47287058,
2004-07-22,0.47376835,
2004-07-23,0.45911263,
2004-07-26,0.46748733,
2004-07-27,0.48498375,
2004-07-28,0.4825911,
2004-07-29,0.4881251,
2004-07-30,0.48363793,
2004-08-02,0.47227263,
2004-08-03,0.46793538,
2004-08-04,0.47541314,
2004-08-05,0.4694311,
2004-08-06,0.44535384,
2004-08-09,0.45313059,
2004-08-10,0.4713757,
2004-08-11,0.46374803,
2004-08-12,0.45417742,
2004-08-13,0.46120631,
2004-08-16,0.46030854,
2004-08-17,0.46165435,
2004-08-18,0.47466528,
2004-08-19,0.4592617,
2004-08-20,0.46060752,
2004-08-23,0.46479486,
2004-08-24,0.47780579,
2004-08-25,0.49425621,
2004-08-26,0.51833347,
2004-08-27,0.51369723,
2004-08-30,0.51025775,
2004-08-31,0.51579091,
2004-09-01,0.53627961,
2004-09-02,0.53328816,
2004-09-03,0.52685807,
2004-09-07,0.53478388,
2004-09-08,0.54360747,
2004-09-09,0.53388612,
2004-09-10,0.53642867,
2004-09-13,0.53224133,
2004-09-14,0.53074644,
2004-09-15,0.52640919,
2004-09-16,0.54360747,
2004-09-17,0.55542165,
2004-09-20,0.56394542,
2004-09-21,0.56843174,
2004-09-22,0.55213123,
2004-09-23,0.55736542,
2004-09-24,0.55766439,
2004-09-27,0.56125379,
2004-09-28,0.56888063,
2004-09-29,0.57845123,
2004-09-30,0.57949891,
2004-10-01,0.57830216,
2004-10-04,0.58009686,
2004-10-05,0.58877053,
2004-10-06,0.60776351,
2004-10-07,0.592509,
2004-10-08,0.5841343,
2004-10-11,0.57710542,
2004-10-12,0.57261909,
2004-10-13,0.5944536,
2004-10-14,0.67266658,
2004-10-15,0.68044332,
2004-10-18,0.71409202,
2004-10-19,0.70915681,
2004-10-20,0.70990467,
2004-10-21,0.71693355,
2004-10-22,0.7090069,
2004-10-25,0.71110057,
2004-10-26,0.7173816,
2004-10-27,0.7522262,
2004-10-28,0.7804908,
2004-10-29,0.78363132,
2004-11-01,0.78437918,
2004-11-02,0.80008173,
2004-11-03,0.82715043,
2004-11-04,0.81428857,
2004-11-05,0.81832685,
2004-11-08,0.81324173,
2004-11-09,0.80830736,
2004-11-10,0.81877573,
2004-11-11,0.82700052,
2004-11-12,0.82999113,
2004-11-15,0.82610359,
2004-11-16,0.8215419,
2004-11-17,0.82101848,
2004-11-18,0.82834634,
2004-11-19,0.82505676,
2004-11-22,0.9174774,
2004-11-23,0.91628066,
2004-11-24,0.95785517,
2004-11-26,0.9653321,
2004-11-29,1.02350693,
2004-11-30,1.00271926,
2004-12-01,1.01378558,
2004-12-02,0.97520252,
2004-12-03,0.93736647,
2004-12-06,0.98372712,
2004-12-07,0.94050782,
2004-12-08,0.94633996,
2004-12-09,0.95695824,
2004-12-10,0.97430559,
2004-12-13,0.97071619,
2004-12-14,0.97639926,
2004-12-15,0.97595038,
2004-12-16,0.99592989,
2004-12-17,0.97191294,
2004-12-20,0.93796526,
2004-12-21,0.95247108,
2004-12-22,0.95336884,
2004-12-23,0.95725638,
2004-12-27,0.94454526,
2004-12-28,0.95979894,
2004-12-29,0.96368731,
2004-12-30,0.9690714,
2004-12-31,0.96308935,
2005-01-03,0.94648903,
2005-01-04,0.95621038,
2005-01-05,0.96458508,
2005-01-06,0.9653321,
2005-01-07,1.0356201,
2005-01-10,1.03128368,
2005-01-11,0.96548201,
2005-01-12,0.97894182,
2005-01-13,1.04384489,
2005-01-14,1.04982693,
2005-01-18,1.05655684,
2005-01-19,1.04504163,
2005-01-20,1.0537153,
2005-01-21,1.05416419,
2005-01-24,1.05820163,
2005-01-25,1.07749358,
2005-01-26,1.08048419,
2005-01-27,1.08631716,
2005-01-28,1.10635614,
2005-01-31,1.15002432,
2005-02-01,1.15944586,
2005-02-02,1.19085097,
2005-02-03,1.16363321,
2005-02-04,1.17903679,
2005-02-07,1.18053167,
2005-02-08,1.20984311,
2005-02-09,1.17754107,
2005-02-10,1.171858,
2005-02-11,1.21447934,
2005-02-14,1.26562446,
2005-02-15,1.32215366,
2005-02-16,1.34787655,
2005-02-17,1.31318101,
2005-02-18,1.29822632,
2005-02-22,1.27549488,
2005-02-23,1.31946204,
2005-02-24,1.32993041,
2005-02-25,1.33082818,
2005-02-28,1.34174459,
2005-03-01,1.33097725,
2005-03-02,1.31964126,
2005-03-03,1.2499219,
2005-03-04,1.28043009,
2005-03-07,1.27863539,
2005-03-08,1.2122366,
2005-03-09,1.17694311,
2005-03-10,1.19129986,
2005-03-11,1.20445986,
2005-03-14,1.20595558,
2005-03-15,1.22509762,
2005-03-16,1.23167678,
2005-03-17,1.26368069,
2005-03-18,1.28491725,
2005-03-21,1.3070499,
2005-03-22,1.28102804,
2005-03-23,1.27265334,
2005-03-24,1.27115846,
2005-03-28,1.27205539,
2005-03-29,1.24872599,
2005-03-30,1.28013111,
2005-03-31,1.24633334,
2005-04-01,1.22300395,
2005-04-04,1.22898599,
2005-04-05,1.25291334,
2005-04-06,1.26607334,
2005-04-07,1.30286255,
2005-04-08,1.30824664,
2005-04-11,1.25381027,
2005-04-12,1.27594376,
2005-04-13,1.22748944,
2005-04-14,1.11443186,
2005-04-15,1.0573047,
2005-04-18,1.06538042,
2005-04-19,1.10934758,
2005-04-20,1.06209,
2005-04-21,1.11203837,
2005-04-22,1.06179102,
2005-04-25,1.10605716,
2005-04-26,1.08242879,
2005-04-27,1.07525,
2005-04-28,1.06298693,
2005-04-29,1.07854042,
2005-05-02,1.08960674,
2005-05-03,1.08302674,
2005-05-04,1.11114144,
2005-05-05,1.09708367,
2005-05-06,1.11383391,
2005-05-09,1.10575819,
2005-05-10,1.08930777,
2005-05-11,1.06508061,
2005-05-12,1.02081447,
2005-05-13,1.03995651,
2005-05-16,1.06328675,
2005-05-17,1.05760368,
2005-05-18,1.07196042,
2005-05-19,1.12310553,
2005-05-20,1.12310553,
2005-05-23,1.18920534,
2005-05-24,1.18741148,
2005-05-25,1.18980414,
2005-05-26,1.21851762,
2005-05-27,1.21313353,
2005-05-31,1.18918441,
2005-06-01,1.20535679,
2005-06-02,1.19758004,
2005-06-03,1.1437433,
2005-06-06,1.13417186,
2005-06-07,1.09289633,
2005-06-08,1.10426246,
2005-06-09,1.12609614,
2005-06-10,1.07106265,
2005-06-13,1.07375428,
2005-06-14,1.07674572,
2005-06-15,1.11054349,
2005-06-16,1.13596656,
2005-06-17,1.14583697,
2005-06-20,1.12490023,
2005-06-21,1.132378,
2005-06-22,1.15301493,
2005-06-23,1.16318432,
2005-06-24,1.12938656,
2005-06-27,1.10964656,
2005-06-28,1.11592758,
2005-06-29,1.08781205,
2005-06-30,1.10097288,
2005-07-01,1.09170042,
2005-07-05,1.13596656,
2005-07-06,1.11832023,
2005-07-07,1.12549818,
2005-07-08,1.14404228,
2005-07-11,1.13955595,
2005-07-12,1.1437433,
2005-07-13,1.14703372,
2005-07-14,1.2188166,
2005-07-15,1.24274395,
2005-07-18,1.24095009,
2005-07-19,1.29179539,
2005-07-20,1.30495622,
2005-07-21,1.29478683,
2005-07-22,1.31602255,
2005-07-25,1.31033948,
2005-07-26,1.30495622,
2005-07-27,1.31572357,
2005-07-28,1.3100405,
2005-07-29,1.27564395,
2005-08-01,1.27863539,
2005-08-02,1.29179539,
2005-08-03,1.29269315,
2005-08-04,1.27743948,
2005-08-05,1.28581418,
2005-08-08,1.27564395,
2005-08-09,1.31063929,
2005-08-10,1.29747846,
2005-08-11,1.31602255,
2005-08-12,1.37883278,
2005-08-15,1.42608952,
2005-08-16,1.3833191,
2005-08-17,1.41023789,
2005-08-18,1.38481483,
2005-08-19,1.37075706,
2005-08-22,1.3719538,
2005-08-23,1.36806543,
2005-08-24,1.36896236,
2005-08-25,1.37763603,
2005-08-26,1.36806543,
2005-08-29,1.37105603,
2005-08-30,1.39289055,
2005-08-31,1.40246115,
2005-09-01,1.38361808,
2005-09-02,1.38242217,
2005-09-06,1.45958831,
2005-09-07,1.45599891,
2005-09-08,1.48889975,
2005-09-09,1.53466161,
2005-09-12,1.53735324,
2005-09-13,1.52000673,
2005-09-14,1.48381547,
2005-09-15,1.49159222,
2005-09-16,1.531671,
2005-09-19,1.57444142,
2005-09-20,1.59089184,
2005-09-21,1.55858979,
2005-09-22,1.55230793,
2005-09-23,1.59119082,
2005-09-26,1.61033286,
2005-09-27,1.59836961,
2005-09-28,1.52778263,
2005-09-29,1.56546877,
2005-09-30,1.60345389,
2005-10-03,1.628279,
2005-10-04,1.60764123,
2005-10-05,1.57863212,
2005-10-06,1.54632673,
2005-10-07,1.53436263,
2005-10-10,1.50654691,
2005-10-11,1.54303631,
2005-10-12,1.47304812,
2005-10-13,1.60734226,
2005-10-14,1.615119,
2005-10-17,1.59836961,
2005-10-18,1.5615804,
2005-10-19,1.6432337,
2005-10-20,1.67912514,
2005-10-21,1.66476839,
2005-10-24,1.69856616,
2005-10-25,1.67792923,
2005-10-26,1.70574495,
2005-10-27,1.65729146,
2005-10-28,1.62917593,
2005-10-31,1.72249435,
2005-11-01,1.71980188,
2005-11-02,1.79308048,
2005-11-03,1.84990615,
2005-11-04,1.82897192,
2005-11-07,1.80145518,
2005-11-08,1.79158476,
2005-11-09,1.79786662,
2005-11-10,1.82986885,
2005-11-11,1.84063704,
2005-11-14,1.83794541,
2005-11-15,1.86276969,
2005-11-16,1.94262913,
2005-11-17,1.92976727,
2005-11-18,1.93096401,
2005-11-21,1.9429281,
2005-11-22,1.98958689,
2005-11-23,2.00723322,
2005-11-25,2.07393182,
2005-11-28,2.08350326,
2005-11-29,2.03684447,
2005-11-30,2.02846977,
2005-12-01,2.1415307,
2005-12-02,2.17233451,
2005-12-05,2.14810819,
2005-12-06,2.21480595,
2005-12-07,2.21181535,
2005-12-08,2.21570372,
2005-12-09,2.22319572,
2005-12-12,2.240528,
2005-12-13,2.24262167,
2005-12-14,2.15379042,
2005-12-15,2.1588747,
2005-12-16,2.12687163,
2005-12-19,2.13494735,
2005-12-20,2.15678186,
2005-12-21,2.19835553,
2005-12-22,2.21390902,
2005-12-23,2.19387005,
2005-12-27,2.22019005,
2005-12-28,2.20045005,
2005-12-29,2.13704103,
2005-12-30,2.15020103,
2006-01-03,2.2357427,
2006-01-04,2.2423227,
2006-01-05,2.22467637,
2006-01-06,2.28210251,
2006-01-09,2.27462558,
2006-01-10,2.41849032,
2006-01-11,2.50941524,
2006-01-12,2.52111051,
2006-01-13,2.55995989,
2006-01-17,2.53364575,
2006-01-18,2.46724613,
2006-01-19,2.36390571,
2006-01-20,2.27579217,
2006-01-23,2.32307906,
2006-01-24,2.27432576,
2006-01-25,2.21929228,
2006-01-26,2.16336186,
2006-01-27,2.15438837,
2006-01-30,2.24322046,
2006-01-31,2.25847414,
2006-02-01,2.25578251,
2006-02-02,2.15648289,
2006-02-03,2.14891551,
2006-02-06,2.01291629,
2006-02-07,2.02188977,
2006-02-08,2.05808019,
2006-02-09,1.94262913,
2006-02-10,2.01321526,
2006-02-13,1.93545034,
2006-02-14,2.02323475,
2006-02-15,2.07034242,
2006-02-16,2.11072103,
2006-02-17,2.10234549,
2006-02-21,2.06615508,
2006-02-22,2.13315349,
2006-02-23,2.14601368,
2006-02-24,2.13734084,
2006-02-27,2.12328307,
2006-02-28,2.04850875,
2006-03-01,2.06675387,
2006-03-02,2.08200754,
2006-03-03,2.02547833,
2006-03-06,1.95848075,
2006-03-07,1.98330587,
2006-03-08,1.96386485,
2006-03-09,1.91212094,
2006-03-10,1.88998745,
2006-03-13,1.9644628,
2006-03-14,2.01351508,
2006-03-15,1.98091322,
2006-03-16,1.92348624,
2006-03-17,1.93395462,
2006-03-20,1.91391564,
2006-03-21,1.84871276,
2006-03-22,1.84452541,
2006-03-23,1.79936151,
2006-03-24,1.7933803,
2006-03-27,1.77992048,
2006-03-28,1.75599313,
2006-03-29,1.86426541,
2006-03-30,1.87682746,
2006-03-31,1.87593053,
2006-04-03,1.87383601,
2006-04-04,1.82957071,
2006-04-05,2.01022466,
2006-04-06,2.13076084,
2006-04-07,2.0873908,
2006-04-10,2.05389284,
2006-04-11,2.03355405,
2006-04-12,1.99526996,
2006-04-13,1.98806102,
2006-04-17,1.93847109,
2006-04-18,1.98061424,
2006-04-19,1.96356503,
2006-04-20,2.02278671,
2006-04-21,2.00513954,
2006-04-24,1.96655647,
2006-04-25,1.97911852,
2006-04-26,2.03833936,
2006-04-27,2.07452977,
2006-04-28,2.10533693,
2006-05-01,2.08170856,
2006-05-02,2.14212614,
2006-05-03,2.1277694,
2006-05-04,2.12747042,
2006-05-05,2.15020103,
2006-05-08,2.15020103,
2006-05-09,2.12447898,
2006-05-10,2.11161796,
2006-05-11,2.03833936,
2006-05-12,2.02488038,
2006-05-15,2.02757201,
2006-05-16,1.94352606,
2006-05-17,1.95190075,
2006-05-18,1.88968848,
2006-05-19,1.92946829,
2006-05-22,1.89567052,
2006-05-23,1.88879155,
2006-05-24,1.89447462,
2006-05-25,1.92408503,
2006-05-26,1.90072549,
2006-05-30,1.8310656,
2006-05-31,1.78769723,
2006-06-01,1.85948011,
2006-06-02,1.84422643,
2006-06-05,1.7945762,
2006-06-06,1.78629195,
2006-06-07,1.75165588,
2006-06-08,1.81730681,
2006-06-09,1.7718456,
2006-06-12,1.70484718,
2006-06-13,1.744627,
2006-06-14,1.7230923,
2006-06-15,1.77603211,
2006-06-16,1.72159658,
2006-06-19,1.71082923,
2006-06-20,1.71890495,
2006-06-21,1.73057007,
2006-06-22,1.78201416,
2006-06-23,1.75958169,
2006-06-26,1.76436783,
2006-06-27,1.71770821,
2006-06-28,1.67553574,
2006-06-29,1.76376904,
2006-06-30,1.7129229,
2006-07-03,1.73326169,
2006-07-05,1.70489241,
2006-07-06,1.66805881,
2006-07-07,1.65699165,
2006-07-10,1.6450284,
2006-07-11,1.66446942,
2006-07-12,1.58401286,
2006-07-13,1.56277714,
2006-07-14,1.51551956,
2006-07-17,1.5663657,
2006-07-18,1.58221733,
2006-07-19,1.61810961,
2006-07-20,1.8095309,
2006-07-21,1.8161109,
2006-07-24,1.83704764,
2006-07-25,1.85224186,
2006-07-26,1.91032624,
2006-07-27,1.89626848,
2006-07-28,1.96177117,
2006-07-31,2.03265712,
2006-08-01,2.00932689,
2006-08-02,2.03863833,
2006-08-03,2.08140959,
2006-08-04,2.04282568,
2006-08-07,2.01022466,
2006-08-08,1.93754401,
2006-08-09,1.90195155,
2006-08-10,1.91630829,
2006-08-11,1.90374624,
2006-08-14,1.91241992,
2006-08-15,1.98749322,
2006-08-16,2.03325508,
2006-08-17,2.02158996,
2006-08-18,2.0311614,
2006-08-21,1.9907828,
2006-08-22,2.02248773,
2006-08-23,2.01321526,
2006-08-24,2.02816996,
2006-08-25,2.05628549,
2006-08-28,2.00334485,
2006-08-29,1.98839015,
2006-08-30,2.00274773,
2006-08-31,2.0293667,
2006-09-01,2.04521833,
2006-09-05,2.13793879,
2006-09-06,2.09456959,
2006-09-07,2.17741879,
2006-09-08,2.16904409,
2006-09-11,2.16844614,
2006-09-12,2.17233451,
2006-09-13,2.21929228,
2006-09-14,2.21839535,
2006-09-15,2.21630167,
2006-09-18,2.21002065,
2006-09-19,2.20643126,
2006-09-20,2.25099637,
2006-09-21,2.23275125,
2006-09-22,2.18340084,
2006-09-25,2.26565209,
2006-09-26,2.32128437,
2006-09-27,2.28539293,
2006-09-28,2.30333823,
2006-09-29,2.3024413,
2006-10-02,2.23903311,
2006-10-03,2.21570372,
2006-10-04,2.25458576,
2006-10-05,2.23813535,
2006-10-06,2.21989107,
2006-10-09,2.2321533,
2006-10-10,2.207628,
2006-10-11,2.19028065,
2006-10-12,2.25099637,
2006-10-13,2.24381842,
2006-10-16,2.25518372,
2006-10-17,2.22198391,
2006-10-18,2.2291627,
2006-10-19,2.3625599,
2006-10-20,2.39127255,
2006-10-23,2.43643645,
2006-10-24,2.42417339,
2006-10-25,2.44301645,
2006-10-26,2.45827013,
2006-10-27,2.40503134,
2006-10-30,2.40533032,
2006-10-31,2.42507032,
2006-11-01,2.36764418,
2006-11-02,2.36226009,
2006-11-03,2.34162232,
2006-11-06,2.3840946,
2006-11-07,2.40802194,
2006-11-08,2.46604687,
2006-11-09,2.49266669,
2006-11-10,2.48608585,
2006-11-13,2.52287506,
2006-11-14,2.54231608,
2006-11-15,2.51390241,
2006-11-16,2.56056119,
2006-11-17,2.56773998,
2006-11-20,2.58628324,
2006-11-21,2.64999124,
2006-11-22,2.70113635,
2006-11-24,2.74061719,
2006-11-27,2.67810593,
2006-11-28,2.74600044,
2006-11-29,2.74570146,
2006-11-30,2.74151412,
2006-12-01,2.73134556,
2006-12-04,2.72536268,
2006-12-05,2.72984984,
2006-12-06,2.68677961,
2006-12-07,2.60333161,
2006-12-08,2.639821,
2006-12-11,2.65447756,
2006-12-12,2.57641282,
2006-12-13,2.66345021,
2006-12-14,2.64849552,
2006-12-15,2.6236704,
2006-12-18,2.55637385,
2006-12-19,2.58149794,
2006-12-20,2.53513729,
2006-12-21,2.47950585,
2006-12-22,2.4585691,
2006-12-26,2.43793134,
2006-12-27,2.43823115,
2006-12-28,2.41878929,
2006-12-29,2.53753078,
2007-01-03,2.50642464,
2007-01-04,2.56205691,
2007-01-05,2.5438118,
2007-01-08,2.55637385,
2007-01-09,2.76873188,
2007-01-10,2.90123132,
2007-01-11,2.86533988,
2007-01-12,2.83004639,
2007-01-16,2.90422276,
2007-01-17,2.83991681,
2007-01-18,2.664049,
2007-01-19,2.64699979,
2007-01-22,2.59585384,
2007-01-23,2.56325282,
2007-01-24,2.59316222,
2007-01-25,2.57970324,
2007-01-26,2.55368222,
2007-01-29,2.57043161,
2007-01-30,2.5587665,
2007-01-31,2.56415059,
2007-02-01,2.53454017,
2007-02-02,2.53483915,
2007-02-05,2.51061199,
2007-02-06,2.51689301,
2007-02-07,2.5767118,
2007-02-08,2.57760957,
2007-02-09,2.49057301,
2007-02-12,2.53872752,
2007-02-13,2.53334343,
2007-02-14,2.55128957,
2007-02-15,2.54859794,
2007-02-16,2.5372318,
2007-02-20,2.56923487,
2007-02-21,2.66793654,
2007-02-22,2.67720817,
2007-02-23,2.664049,
2007-02-26,2.65148612,
2007-02-27,2.51031301,
2007-02-28,2.5306518,
2007-03-01,2.6039304,
2007-03-02,2.55457915,
2007-03-05,2.58179356,
2007-03-06,2.63772817,
2007-03-07,2.6236704,
2007-03-08,2.6320451,
2007-03-09,2.63114817,
2007-03-12,2.68797635,
2007-03-13,2.64400835,
2007-03-14,2.69186472,
2007-03-15,2.6790037,
2007-03-16,2.67960165,
2007-03-19,2.72566249,
2007-03-20,2.73613086,
2007-03-21,2.80761476,
2007-03-22,2.81030639,
2007-03-23,2.79714639,
2007-03-26,2.8668356,
2007-03-27,2.85517132,
2007-03-28,2.7887717,
2007-03-29,2.80402537,
2007-03-30,2.77890128,
2007-04-02,2.80103393,
2007-04-03,2.82645783,
2007-04-04,2.81957802,
2007-04-05,2.83184109,
2007-04-09,2.80103393,
2007-04-10,2.81898007,
2007-04-11,2.76932984,
2007-04-12,2.75736658,
2007-04-13,2.69904268,
2007-04-16,2.73463514,
2007-04-17,2.70233309,
2007-04-18,2.70382798,
2007-04-19,2.69993961,
2007-04-20,2.72087635,
2007-04-23,2.79684658,
2007-04-24,2.7887717,
2007-04-25,2.85182144,
2007-04-26,2.9562648,
2007-04-27,2.98856769,
2007-04-30,2.98497829,
2007-05-01,2.97510787,
2007-05-02,3.00262545,
2007-05-03,3.00292359,
2007-05-04,3.0151875,
2007-05-07,3.1082061,
2007-05-08,3.14230284,
2007-05-09,3.19673838,
2007-05-10,3.21049717,
2007-05-11,3.25237065,
2007-05-14,3.27091391,
2007-05-15,3.21588042,
2007-05-16,3.21049717,
2007-05-17,3.2733074,
2007-05-18,3.29065474,
2007-05-21,3.34927763,
2007-05-22,3.39593641,
2007-05-23,3.37649539,
2007-05-24,3.31069372,
2007-05-25,3.39832907,
2007-05-29,3.42016358,
2007-05-30,3.5523632,
2007-05-31,3.62477418,
2007-06-01,3.54129687,
2007-06-04,3.62893222,
2007-06-05,3.66901101,
2007-06-06,3.69802347,
2007-06-07,3.71085434,
2007-06-08,3.72344654,
2007-06-11,3.59483548,
2007-06-12,3.60051771,
2007-06-13,3.51437808,
2007-06-14,3.55176524,
2007-06-15,3.6041071,
2007-06-18,3.74139268,
2007-06-19,3.69862142,
2007-06-20,3.63551222,
2007-06-21,3.70579938,
2007-06-22,3.67888143,
2007-06-25,3.65914059,
2007-06-26,3.57868403,
2007-06-27,3.64568161,
2007-06-28,3.6059018,
2007-06-29,3.65016794,
2007-07-02,3.62683854,
2007-07-03,3.80360412,
2007-07-05,3.97050011,
2007-07-06,3.9570403,
2007-07-09,3.89812095,
2007-07-10,3.95853602,
2007-07-11,3.95973276,
2007-07-12,4.0099776,
2007-07-13,4.11944996,
2007-07-16,4.13051629,
2007-07-17,4.1547401,
2007-07-18,4.13111424,
2007-07-19,4.18734447,
2007-07-20,4.29950512,
2007-07-23,4.29801024,
2007-07-24,4.0345029,
2007-07-25,4.1053922,
2007-07-26,4.36680251,
2007-07-27,4.30249656,
2007-07-30,4.23011489,
2007-07-31,3.94088886,
2007-08-01,4.03779667,
2007-08-02,4.08236178,
2007-08-03,3.94357797,
2007-08-06,4.0452736,
2007-08-07,4.03869695,
2007-08-08,4.00818541,
2007-08-09,3.78027472,
2007-08-10,3.73870021,
2007-08-13,3.82214821,
2007-08-14,3.70968775,
2007-08-15,3.58616096,
2007-08-16,3.50091911,
2007-08-17,3.65076589,
2007-08-20,3.65555203,
2007-08-21,3.81556821,
2007-08-22,3.96332132,
2007-08-23,3.92025193,
2007-08-24,4.04676932,
2007-08-27,3.95554541,
2007-08-28,3.79313658,
2007-08-29,4.01027992,
2007-08-30,4.07518383,
2007-08-31,4.14188159,
2007-09-04,4.31176819,
2007-09-05,4.09043666,
2007-09-06,4.03809564,
2007-09-07,3.94118867,
2007-09-10,4.08894178,
2007-09-11,4.05245239,
2007-09-12,4.09312913,
2007-09-13,4.1035975,
2007-09-14,4.15175201,
2007-09-17,4.13978792,
2007-09-18,4.21486122,
2007-09-19,4.21037154,
2007-09-20,4.1966161,
2007-09-21,4.31146921,
2007-09-24,4.434996,
2007-09-25,4.58155236,
2007-09-26,4.56929013,
2007-09-27,4.62103404,
2007-09-28,4.59022688,
2007-10-01,4.67603737,
2007-10-02,4.73917673,
2007-10-03,4.72332761,
2007-10-04,4.67307692,
2007-10-05,4.8289024,
2007-10-08,5.02212174,
2007-10-09,5.02062602,
2007-10-10,4.98862211,
2007-10-11,4.85223514,
2007-10-12,5.00249145,
2007-10-15,4.99430518,
2007-10-16,5.07207095,
2007-10-17,5.16688425,
2007-10-18,5.18931587,
2007-10-19,5.0971942,
2007-10-22,5.21503876,
2007-10-23,5.56797195,
2007-10-24,5.56109214,
2007-10-25,5.46687763,
2007-10-26,5.52430377,
2007-10-29,5.53596888,
2007-10-30,5.59309604,
2007-10-31,5.68132934,
2007-11-01,5.60625604,
2007-11-02,5.61911706,
2007-11-05,5.5685699,
2007-11-06,5.73636283,
2007-11-07,5.57215595,
2007-11-08,5.24812718,
2007-11-09,4.94615151,
2007-11-12,4.59890055,
2007-11-13,5.08343625,
2007-11-14,4.96828416,
2007-11-15,4.91414761,
2007-11-16,4.97665886,
2007-11-19,4.90367923,
2007-11-20,5.05023644,
2007-11-21,5.03857216,
2007-11-23,5.13069299,
2007-11-26,5.16066017,
2007-11-27,5.22849773,
2007-11-28,5.39030861,
2007-11-29,5.5120407,
2007-11-30,5.45012823,
2007-12-03,5.34963187,
2007-12-04,5.37804554,
2007-12-05,5.54823111,
2007-12-06,5.68141309,
2007-12-07,5.81143613,
2007-12-10,5.8087445,
2007-12-11,5.6391686,
2007-12-12,5.70854711,
2007-12-13,5.73755957,
2007-12-14,5.69448934,
2007-12-17,5.51533028,
2007-12-18,5.47285884,
2007-12-19,5.47704619,
2007-12-20,5.59937707,
2007-12-21,5.79977101,
2007-12-24,5.94602924,
2007-12-26,5.95051556,
2007-12-27,5.93915026,
2007-12-28,5.9768364,
2007-12-31,5.92449454,
2008-01-02,5.82758673,
2008-01-03,5.83027836,
2008-01-04,5.38522433,
2008-01-07,5.31314164,
2008-01-08,5.12201932,
2008-01-09,5.36578247,
2008-01-10,5.32450777,
2008-01-11,5.16508955,
2008-01-14,5.34723922,
2008-01-15,5.05591867,
2008-01-16,4.77476919,
2008-01-17,4.81215635,
2008-01-18,4.82621328,
2008-01-22,4.65513078,
2008-01-23,4.15958905,
2008-01-24,4.0557428,
2008-01-25,3.888547,
2008-01-28,3.888547,
2008-01-29,3.93430886,
2008-01-30,3.9534509,
2008-01-31,4.04856401,
2008-02-01,4.0004095,
2008-02-04,3.93759927,
2008-02-05,3.86910598,
2008-02-06,3.64897203,
2008-02-07,3.62624059,
2008-02-08,3.75305696,
2008-02-11,3.87179844,
2008-02-12,3.73451286,
2008-02-13,3.87030272,
2008-02-14,3.81227863,
2008-02-15,3.72763389,
2008-02-19,3.65435529,
2008-02-20,3.70340756,
2008-02-21,3.63521324,
2008-02-22,3.5730018,
2008-02-25,3.5813765,
2008-02-26,3.56372934,
2008-02-27,3.67768552,
2008-02-28,3.88555639,
2008-02-29,3.739299,
2008-03-03,3.64089631,
2008-03-04,3.72733491,
2008-03-05,3.72344319,
2008-03-06,3.61696813,
2008-03-07,3.65644896,
2008-03-10,3.57988078,
2008-03-11,3.80899072,
2008-03-12,3.76950738,
2008-03-13,3.82663454,
2008-03-14,3.78685472,
2008-03-17,3.79044412,
2008-03-18,3.97259379,
2008-03-19,3.87837844,
2008-03-20,3.98605276,
2008-03-24,4.17328671,
2008-03-25,4.21665591,
2008-03-26,4.33868698,
2008-03-27,4.19482224,
2008-03-28,4.27737247,
2008-03-31,4.29202819,
2008-04-01,4.47238651,
2008-04-02,4.41136763,
2008-04-03,4.5345946,
2008-04-04,4.57856176,
2008-04-07,4.66260771,
2008-04-08,4.57138381,
2008-04-09,4.52951032,
2008-04-10,4.62252892,
2008-04-11,4.40089926,
2008-04-14,4.4200413,
2008-04-15,4.4379866,
2008-04-16,4.59710585,
2008-04-17,4.62073506,
2008-04-18,4.81664184,
2008-04-21,5.02959867,
2008-04-22,4.79151859,
2008-04-23,4.87197514,
2008-04-24,5.05292806,
2008-04-25,5.07655727,
2008-04-28,5.15163057,
2008-04-29,5.23567568,
2008-04-30,5.20277569,
2008-05-01,5.38372861,
2008-05-02,5.41184331,
2008-05-05,5.5252007,
2008-05-06,5.58292665,
2008-05-07,5.46119456,
2008-05-08,5.53507111,
2008-05-09,5.4869166,
2008-05-12,5.62779074,
2008-05-13,5.68162832,
2008-05-14,5.57096255,
2008-05-15,5.67474934,
2008-05-16,5.61164265,
2008-05-19,5.49140377,
2008-05-20,5.56019521,
2008-05-21,5.32959205,
2008-05-22,5.29549531,
2008-05-23,5.41872312,
2008-05-27,5.57604683,
2008-05-28,5.59339502,
2008-05-29,5.58382358,
2008-05-30,5.6454379,
2008-06-02,5.56617725,
2008-06-03,5.54434358,
2008-06-04,5.53895949,
2008-06-05,5.66577585,
2008-06-06,5.55241846,
2008-06-09,5.43188312,
2008-06-10,5.55241846,
2008-06-11,5.40795577,
2008-06-12,5.18213792,
2008-06-13,5.15551811,
2008-06-16,5.28921429,
2008-06-17,5.42649903,
2008-06-18,5.34634145,
2008-06-19,5.41064656,
2008-06-20,5.24225652,
2008-06-23,5.17914732,
2008-06-24,5.18183894,
2008-06-25,5.30566471,
2008-06-26,5.03258927,
2008-06-27,5.08732462,
2008-06-30,5.00806397,
2008-07-01,5.22460936,
2008-07-02,5.03019662,
2008-07-03,5.08822155,
2008-07-07,5.2389661,
2008-07-08,5.37026963,
2008-07-09,5.21174834,
2008-07-10,5.28293326,
2008-07-11,5.16179913,
2008-07-14,5.20068201,
2008-07-15,5.07386481,
2008-07-16,5.16867894,
2008-07-17,5.13876871,
2008-07-18,4.93957067,
2008-07-21,4.97366742,
2008-07-22,4.84595412,
2008-07-23,4.97277049,
2008-07-24,4.75652408,
2008-07-25,4.84894472,
2008-07-28,4.61804259,
2008-07-29,4.69820017,
2008-07-30,4.78194715,
2008-07-31,4.75413143,
2008-08-01,4.68563813,
2008-08-04,4.58304892,
2008-08-05,4.80467859,
2008-08-06,4.91085802,
2008-08-07,4.89231393,
2008-08-08,5.07117318,
2008-08-11,5.19111057,
2008-08-12,5.28592387,
2008-08-13,5.36279187,
2008-08-14,5.36339066,
2008-08-15,5.25631429,
2008-08-18,5.24584508,
2008-08-19,5.19021364,
2008-08-20,5.25930489,
2008-08-21,5.21294424,
2008-08-22,5.28771857,
2008-08-25,5.1609022,
2008-08-26,5.19350322,
2008-08-27,5.22431038,
2008-08-28,5.19649466,
2008-08-29,5.07057523,
2008-09-02,4.97067681,
2008-09-03,4.99370807,
2008-09-04,4.82202594,
2008-09-05,4.7909198,
2008-09-08,4.72332426,
2008-09-09,4.53668827,
2008-09-10,4.5345946,
2008-09-11,4.56570074,
2008-09-12,4.454736,
2008-09-15,4.19811182,
2008-09-16,4.18375508,
2008-09-17,3.82334495,
2008-09-18,4.0105789,
2008-09-19,4.21456224,
2008-09-22,3.91965314,
2008-09-23,3.7937337,
2008-09-24,3.84966495,
2008-09-25,3.94597397,
2008-09-26,3.83560802,
2008-09-29,3.14828489,
2008-09-30,3.39952581,
2008-10-01,3.26373595,
2008-10-02,2.99395178,
2008-10-03,2.90332583,
2008-10-06,2.93532806,
2008-10-07,2.66674063,
2008-10-08,2.68558286,
2008-10-09,2.65417859,
2008-10-10,2.89524927,
2008-10-13,3.2978327,
2008-10-14,3.1129914,
2008-10-15,2.92964583,
2008-10-16,3.04748955,
2008-10-17,2.91319541,
2008-10-20,2.94430155,
2008-10-21,2.73642984,
2008-10-22,2.89734295,
2008-10-23,2.93802053,
2008-10-24,2.88268723,
2008-10-27,2.75437514,
2008-10-28,2.98826871,
2008-10-29,3.12704917,
2008-10-30,3.32116209,
2008-10-31,3.2179741,
2008-11-03,3.19913186,
2008-11-04,3.31966721,
2008-11-05,3.08966201,
2008-11-06,2.96404239,
2008-11-07,2.9383195,
2008-11-10,2.86773253,
2008-11-11,2.83453272,
2008-11-12,2.69545328,
2008-11-13,2.88448192,
2008-11-14,2.69904268,
2008-11-17,2.63623245,
2008-11-18,2.68917226,
2008-11-19,2.58089915,
2008-11-20,2.40742399,
2008-11-21,2.46993524,
2008-11-24,2.78009802,
2008-11-25,2.71579207,
2008-11-26,2.84141253,
2008-11-28,2.77172332,
2008-12-01,2.65986082,
2008-12-02,2.76574128,
2008-12-03,2.86833048,
2008-12-04,2.73403719,
2008-12-05,2.81150314,
2008-12-08,2.98258564,
2008-12-09,2.99275504,
2008-12-10,2.93742257,
2008-12-11,2.84141253,
2008-12-12,2.93921643,
2008-12-15,2.83393476,
2008-12-16,2.85427355,
2008-12-17,2.66674063,
2008-12-18,2.67481551,
2008-12-19,2.69186472,
2008-12-22,2.56444957,
2008-12-23,2.58359161,
2008-12-24,2.54351198,
2008-12-26,2.56654324,
2008-12-29,2.59047059,
2008-12-30,2.58089915,
2008-12-31,2.55278529,
2009-01-02,2.71429635,
2009-01-05,2.82885048,
2009-01-06,2.7821917,
2009-01-07,2.72207309,
2009-01-08,2.77262025,
2009-01-09,2.70921207,
2009-01-12,2.6517851,
2009-01-13,2.62337142,
2009-01-14,2.5521865,
2009-01-15,2.49386259,
2009-01-16,2.46245748,
2009-01-20,2.33893069,
2009-01-21,2.47741217,
2009-01-22,2.64281245,
2009-01-23,2.64281245,
2009-01-26,2.68109654,
2009-01-27,2.7136984,
2009-01-28,2.81748435,
2009-01-29,2.78159291,
2009-01-30,2.69575226,
2009-02-02,2.73702779,
2009-02-03,2.78099495,
2009-02-04,2.79804332,
2009-02-05,2.88508072,
2009-02-06,2.98258564,
2009-02-09,3.0660328,
2009-02-10,2.92605643,
2009-02-11,2.89584806,
2009-02-12,2.96912666,
2009-02-13,2.96583625,
2009-02-17,2.82735476,
2009-02-18,2.82256946,
2009-02-19,2.71100677,
2009-02-20,2.72775616,
2009-02-23,2.60063998,
2009-02-24,2.69934165,
2009-02-25,2.72655942,
2009-02-26,2.66763756,
2009-02-27,2.67122696,
2009-03-02,2.6302504,
2009-03-03,2.64311142,
2009-03-04,2.7268584,
2009-03-05,2.65716919,
2009-03-06,2.55128957,
2009-03-09,2.48578687,
2009-03-10,2.65081363,
2009-03-11,2.77202146,
2009-03-12,2.8817903,
2009-03-13,2.86922825,
2009-03-16,2.85397458,
2009-03-17,2.98079094,
2009-03-18,3.03642322,
2009-03-19,3.03941382,
2009-03-20,3.03851689,
2009-03-23,3.22006777,
2009-03-24,3.18540322,
2009-03-25,3.1850741,
2009-03-26,3.28616842,
2009-03-27,3.19584145,
2009-03-30,3.12525447,
2009-03-31,3.14409754,
2009-04-01,3.25087493,
2009-04-02,3.3711113,
2009-04-03,3.46921502,
2009-04-06,3.54279259,
2009-04-07,3.4396046,
2009-04-08,3.47908543,
2009-04-09,3.57629138,
2009-04-13,3.59573241,
2009-04-14,3.53860525,
2009-04-15,3.51856543,
2009-04-16,3.63252161,
2009-04-17,3.69144347,
2009-04-20,3.6041071,
2009-04-21,3.64179324,
2009-04-22,3.63431547,
2009-04-23,3.75066431,
2009-04-24,3.70579938,
2009-04-27,3.73062449,
2009-04-28,3.70585968,
2009-04-29,3.74288756,
2009-04-30,3.76352533,
2009-05-01,3.80569863,
2009-05-04,3.95016132,
2009-05-05,3.96930337,
2009-05-06,3.96302234,
2009-05-07,3.86013332,
2009-05-08,3.8640217,
2009-05-11,3.87538784,
2009-05-12,3.72135287,
2009-05-13,3.57389873,
2009-05-14,3.6773857,
2009-05-15,3.66153324,
2009-05-18,3.78805063,
2009-05-19,3.81197882,
2009-05-20,3.76472207,
2009-05-21,3.71417407,
2009-05-22,3.66392673,
2009-05-26,3.91157825,
2009-05-27,3.97947276,
2009-05-28,4.03989034,
2009-05-29,4.06202299,
2009-06-01,4.16790345,
2009-06-02,4.1720908,
2009-06-03,4.21575898,
2009-06-04,4.29920698,
2009-06-05,4.3270227,
2009-06-08,4.30249656,
2009-06-09,4.2686988,
2009-06-10,4.19482224,
2009-06-11,4.18584875,
2009-06-12,4.09671852,
2009-06-15,4.07039769,
2009-06-16,4.07817443,
2009-06-17,4.05514401,
2009-06-18,4.06411666,
2009-06-19,4.17179182,
2009-06-22,4.10868262,
2009-06-23,4.00818541,
2009-06-24,4.07428606,
2009-06-25,4.18315712,
2009-06-26,4.2603241,
2009-06-29,4.24626633,
2009-06-30,4.26002428,
2009-07-01,4.27198838,
2009-07-02,4.18794243,
2009-07-06,4.14576996,
2009-07-07,4.04975992,
2009-07-08,4.10419545,
2009-07-09,4.07847341,
2009-07-10,4.14307834,
2009-07-13,4.25733266,
2009-07-14,4.25523898,
2009-07-15,4.39312251,
2009-07-16,4.41226456,
2009-07-17,4.53878195,
2009-07-20,4.57344733,
2009-07-21,4.53160399,
2009-07-22,4.68803162,
2009-07-23,4.72033366,
2009-07-24,4.78511781,
2009-07-27,4.78852798,
2009-07-28,4.78553654,
2009-07-29,4.78643347,
2009-07-30,4.8689837,
2009-07-31,4.88692984,
2009-08-03,4.97785477,
2009-08-04,4.95153477,
2009-08-05,4.93837477,
2009-08-06,4.90248333,
2009-08-07,4.95033802,
2009-08-10,4.92670965,
2009-08-11,4.87018044,
2009-08-12,4.94435681,
2009-08-13,5.03737541,
2009-08-14,4.98832397,
2009-08-17,4.77327347,
2009-08-18,4.90517495,
2009-08-19,4.92312109,
2009-08-20,4.97486416,
2009-08-21,5.06130276,
2009-08-24,5.05651746,
2009-08-25,5.06668685,
2009-08-26,5.00716704,
2009-08-27,5.06818258,
2009-08-28,5.08612788,
2009-08-31,5.03109439,
2009-09-01,4.94399754,
2009-09-02,4.9404676,
2009-09-03,4.98144416,
2009-09-04,5.09390462,
2009-09-08,5.1722675,
2009-09-09,5.11872974,
2009-09-10,5.16120118,
2009-09-11,5.14923708,
2009-09-14,5.19589671,
2009-09-15,5.2389661,
2009-09-16,5.43965986,
2009-09-17,5.51981744,
2009-09-18,5.53387521,
2009-09-21,5.50396498,
2009-09-22,5.51772377,
2009-09-23,5.54823111,
2009-09-24,5.49798377,
2009-09-25,5.45461456,
2009-09-28,5.56772908,
2009-09-29,5.54464256,
2009-09-30,5.54374563,
2009-10-01,5.4094473,
2009-10-02,5.53028497,
2009-10-05,5.56390436,
2009-10-06,5.6831232,
2009-10-07,5.69030199,
2009-10-08,5.66099055,
2009-10-09,5.69688199,
2009-10-12,5.70705139,
2009-10-13,5.68342301,
2009-10-14,5.72140813,
2009-10-15,5.69957362,
2009-10-16,5.62450116,
2009-10-19,5.67863771,
2009-10-20,5.94483249,
2009-10-21,6.12907583,
2009-10-22,6.13745053,
2009-10-23,6.09976439,
2009-10-26,6.05609621,
2009-10-27,5.90325882,
2009-10-28,5.7546071,
2009-10-29,5.87275063,
2009-10-30,5.63796013,
2009-11-02,5.66218729,
2009-11-03,5.6454379,
2009-11-04,5.70705139,
2009-11-05,5.80336376,
2009-11-06,5.81263203,
2009-11-09,6.02558886,
2009-11-10,6.07105091,
2009-11-11,6.07912663,
2009-11-12,6.04144133,
2009-11-13,6.11501807,
2009-11-16,6.18022095,
2009-11-17,6.19128811,
2009-11-18,6.16018197,
2009-11-19,5.99717435,
2009-11-20,5.97952803,
2009-11-23,6.15778932,
2009-11-24,6.11471909,
2009-11-25,6.10724216,
2009-11-27,5.999567,
2009-11-30,5.97922905,
2009-12-01,5.89129473,
2009-12-02,5.86916124,
2009-12-03,5.87663901,
2009-12-04,5.78212469,
2009-12-07,5.65141995,
2009-12-08,5.67893669,
2009-12-09,5.91611984,
2009-12-10,5.87514329,
2009-12-11,5.82250245,
2009-12-14,5.8915937,
2009-12-15,5.80754775,
2009-12-16,5.8332698,
2009-12-17,5.7384565,
2009-12-18,5.84523389,
2009-12-21,5.92898086,
2009-12-22,5.99268802,
2009-12-23,6.04473091,
2009-12-24,6.2523028,
2009-12-28,6.3291708,
2009-12-29,6.25409834,
2009-12-30,6.33006857,
2009-12-31,6.30291026,
2010-01-04,6.40095368,
2010-01-05,6.41202084,
2010-01-06,6.31002876,
2010-01-07,6.29836448,
2010-01-08,6.34023796,
2010-01-11,6.28430671,
2010-01-12,6.21282281,
2010-01-13,6.30045731,
2010-01-14,6.26396792,
2010-01-15,6.1592842,
2010-01-19,6.43176084,
2010-01-20,6.33261113,
2010-01-21,6.22335148,
2010-01-22,5.91462412,
2010-01-25,6.07389244,
2010-01-26,6.15958402,
2010-01-27,6.21772787,
2010-01-28,5.96068496,
2010-01-29,5.74452816,
2010-02-01,5.82429715,
2010-02-02,5.85809491,
2010-02-03,5.95889026,
2010-02-04,5.74413957,
2010-02-05,5.84613166,
2010-02-08,5.80605203,
2010-02-09,5.86796533,
2010-02-10,5.83584251,
2010-02-11,5.94214086,
2010-02-12,5.99328598,
2010-02-16,6.08361295,
2010-02-17,6.05818988,
2010-02-18,6.06949572,
2010-02-19,6.03186988,
2010-02-22,5.99436296,
2010-02-23,5.89395704,
2010-02-24,6.00154175,
2010-02-25,6.0417403,
2010-02-26,6.12010318,
2010-03-01,6.25080792,
2010-03-02,6.24662057,
2010-03-03,6.26097732,
2010-03-04,6.30225285,
2010-03-05,6.54870763,
2010-03-08,6.552596,
2010-03-09,6.67043972,
2010-03-10,6.72487525,
2010-03-11,6.74461525,
2010-03-12,6.77751608,
2010-03-15,6.69496586,
2010-03-16,6.71321013,
2010-03-17,6.70334055,
2010-03-18,6.71919218,
2010-03-19,6.64740595,
2010-03-22,6.72218362,
2010-03-23,6.83015692,
2010-03-24,6.86036613,
2010-03-25,6.77901097,
2010-03-26,6.90612715,
2010-03-29,6.9506931,
2010-03-30,7.05403017,
2010-03-31,7.028757,
2010-04-01,7.05776947,
2010-04-05,7.13314174,
2010-04-06,7.16454602,
2010-04-07,7.19625095,
2010-04-08,7.17680909,
2010-04-09,7.23184258,
2010-04-12,7.24679727,
2010-04-13,7.25098462,
2010-04-14,7.34849039,
2010-04-15,7.44509838,
2010-04-16,7.3996355,
2010-04-19,7.38976592,
2010-04-20,7.31558955,
2010-04-21,7.75316665,
2010-04-22,7.96999677,
2010-04-23,8.10042012,
2010-04-26,8.0606378,
2010-04-27,7.83751325,
2010-04-28,7.82435492,
2010-04-29,8.0349124,
2010-04-30,7.80910125,
2010-05-03,7.9664258,
2010-05-04,7.73701437,
2010-05-05,7.65640958,
2010-05-06,7.36523978,
2010-05-07,7.05447905,
2010-05-10,7.5967407,
2010-05-11,7.67241195,
2010-05-12,7.83901065,
2010-05-13,7.72744879,
2010-05-14,7.59165559,
2010-05-17,7.60361968,
2010-05-18,7.5479874,
2010-05-19,7.42775103,
2010-05-20,7.11130723,
2010-05-21,7.24769504,
2010-05-24,7.38049345,
2010-05-25,7.33443262,
2010-05-26,7.30120266,
2010-05-27,7.57759866,
2010-05-28,7.68317511,
2010-06-01,7.80132451,
2010-06-02,7.89463873,
2010-06-03,7.86981864,
2010-06-04,7.65581163,
2010-06-07,7.50551596,
2010-06-08,7.45736145,
2010-06-09,7.27401588,
2010-06-10,7.4926541,
2010-06-11,7.58238312,
2010-06-14,7.60541354,
2010-06-15,7.76722274,
2010-06-16,7.99334124,
2010-06-17,8.1315271,
2010-06-18,8.1974435,
2010-06-21,8.0806751,
2010-06-22,8.19074793,
2010-06-23,8.10460412,
2010-06-24,8.0456831,
2010-06-25,7.97688999,
2010-06-28,8.02474803,
2010-06-29,7.66194107,
2010-06-30,7.52316229,
2010-07-01,7.43193838,
2010-07-02,7.38587755,
2010-07-06,7.43642471,
2010-07-07,7.73656884,
2010-07-08,7.71937223,
2010-07-09,7.76513493,
2010-07-12,7.69528995,
2010-07-13,7.53117855,
2010-07-14,7.55896495,
2010-07-15,7.52076963,
2010-07-16,7.47440982,
2010-07-19,7.34520081,
2010-07-20,7.53392963,
2010-07-21,7.60421763,
2010-07-22,7.74730268,
2010-07-23,7.77470051,
2010-07-26,7.75496302,
2010-07-27,7.89853046,
2010-07-28,7.80520869,
2010-07-29,7.71997102,
2010-07-30,7.69424563,
2010-08-02,7.83183269,
2010-08-03,7.83422032,
2010-08-04,7.86562711,
2010-08-05,7.82734134,
2010-08-06,7.77922033,
2010-08-09,7.82883874,
2010-08-10,7.75884721,
2010-08-11,7.4830835,
2010-08-12,7.53093903,
2010-08-13,7.45048247,
2010-08-16,7.40681429,
2010-08-17,7.53632312,
2010-08-18,7.56922396,
2010-08-19,7.47381187,
2010-08-20,7.46663308,
2010-08-23,7.3517808,
2010-08-24,7.17621114,
2010-08-25,7.26474341,
2010-08-26,7.18667951,
2010-08-27,7.2267583,
2010-08-30,7.25307913,
2010-08-31,7.27102527,
2010-09-01,7.48727085,
2010-09-02,7.54230433,
2010-09-03,7.73970851,
2010-09-07,7.7109967,
2010-09-08,7.86383074,
2010-09-09,7.86832125,
2010-09-10,7.87848562,
2010-09-13,7.98706189,
2010-09-14,8.01757008,
2010-09-15,8.08217249,
2010-09-16,8.27210142,
2010-09-17,8.23621081,
2010-09-20,8.47129611,
2010-09-21,8.48744838,
2010-09-22,8.60648801,
2010-09-23,8.64148,
2010-09-24,8.7431773,
2010-09-27,8.70860153,
2010-09-28,8.57987238,
2010-09-29,8.59512606,
2010-09-30,8.48684959,
2010-10-01,8.45006206,
2010-10-04,8.33400886,
2010-10-05,8.6420788,
2010-10-06,8.64955656,
2010-10-07,8.65045433,
2010-10-08,8.79551916,
2010-10-11,8.83410391,
2010-10-12,8.92921451,
2010-10-13,8.97706501,
2010-10-14,9.04197394,
2010-10-15,9.41374853,
2010-10-18,9.51125429,
2010-10-19,9.25672296,
2010-10-20,9.28782993,
2010-10-21,9.25762072,
2010-10-22,9.19630454,
2010-10-25,9.23728445,
2010-10-26,9.2136544,
2010-10-27,9.20707524,
2010-10-28,9.12960678,
2010-10-29,9.00219162,
2010-11-01,9.09790101,
2010-11-02,9.25283793,
2010-11-03,9.35572528,
2010-11-04,9.51933002,
2010-11-05,9.48522909,
2010-11-08,9.52980174,
2010-11-09,9.45382983,
2010-11-10,9.51215206,
2010-11-11,9.47102644,
2010-11-12,9.21305561,
2010-11-15,9.18329277,
2010-11-16,9.02044008,
2010-11-17,8.98783571,
2010-11-18,9.22501719,
2010-11-19,9.17417189,
2010-11-22,9.37247635,
2010-11-23,9.23399152,
2010-11-24,9.41539081,
2010-11-26,9.44425672,
2010-11-29,9.47745988,
2010-11-30,9.30636984,
2010-12-01,9.46339541,
2010-12-02,9.51573727,
2010-12-03,9.49450239,
2010-12-06,9.5755569,
2010-12-07,9.51753364,
2010-12-08,9.60128229,
2010-12-09,9.56382227,
2010-12-10,9.58782415,
2010-12-13,9.62101978,
2010-12-14,9.57974843,
2010-12-15,9.58184378,
2010-12-16,9.60846024,
2010-12-17,9.58932155,
2010-12-20,9.63717206,
2010-12-21,9.69684512,
2010-12-22,9.72540368,
2010-12-23,9.67875075,
2010-12-27,9.71104777,
2010-12-28,9.73467782,
2010-12-29,9.72929624,
2010-12-30,9.68053959,
2010-12-31,9.64764378,
2011-01-03,9.85731019,
2011-01-04,9.90875344,
2011-01-05,9.98980795,
2011-01-06,9.98173139,
2011-01-07,10.05321948,
2011-01-10,10.24269533,
2011-01-11,10.21831324,
2011-01-12,10.3014631,
2011-01-13,10.33914924,
2011-01-14,10.42289788,
2011-01-18,10.18870366,
2011-01-19,10.13457297,
2011-01-20,9.9503246,
2011-01-21,9.77206498,
2011-01-24,10.09299427,
2011-01-25,10.21113529,
2011-01-26,10.28441975,
2011-01-27,10.26527352,
2011-01-28,10.05262069,
2011-01-31,10.14892887,
2011-02-01,10.31971156,
2011-02-02,10.29847668,
2011-02-03,10.27215249,
2011-02-04,10.36367789,
2011-02-07,10.52458765,
2011-02-08,10.62388978,
2011-02-09,10.71242122,
2011-02-10,10.6041523,
2011-02-11,10.67324522,
2011-02-14,10.7429294,
2011-02-15,10.76446326,
2011-02-16,10.86107042,
2011-02-17,10.71661276,
2011-02-18,10.48511267,
2011-02-22,10.12769399,
2011-02-23,10.24763222,
2011-02-24,10.25540142,
2011-02-25,10.41332477,
2011-02-28,10.56436997,
2011-03-01,10.44772551,
2011-03-02,10.53177314,
2011-03-03,10.75429889,
2011-03-04,10.76745722,
2011-03-07,10.62868011,
2011-03-08,10.64064085,
2011-03-09,10.54223732,
2011-03-10,10.36875965,
2011-03-11,10.52788141,
2011-03-14,10.57484085,
2011-03-15,10.33167231,
2011-03-16,9.87046851,
2011-03-17,10.00894664,
2011-03-18,9.890206,
2011-03-21,10.14833008,
2011-03-22,10.20515492,
2011-03-23,10.14503631,
2011-03-24,10.31791519,
2011-03-25,10.51442328,
2011-03-28,10.48151993,
2011-03-29,10.49707342,
2011-03-30,10.4273817,
2011-03-31,10.42372279,
2011-04-01,10.30565463,
2011-04-04,10.20485594,
2011-04-05,10.13606199,
2011-04-06,10.11064311,
2011-04-07,10.11184069,
2011-04-08,10.02151372,
2011-04-11,9.89409856,
2011-04-12,9.94194907,
2011-04-13,10.05351176,
2011-04-14,9.94254786,
2011-04-15,9.79419763,
2011-04-18,9.92550451,
2011-04-19,10.10526153,
2011-04-20,10.2413445,
2011-04-21,10.48917943,
2011-04-25,10.55836029,
2011-04-26,10.48092114,
2011-04-27,10.47284458,
2011-04-28,10.37115482,
2011-04-29,10.47224579,
2011-05-02,10.35709872,
2011-05-03,10.41452235,
2011-05-04,10.45550226,
2011-05-05,10.37115482,
2011-05-06,10.36846068,
2011-05-09,10.39658123,
2011-05-10,10.45190951,
2011-05-11,10.38551072,
2011-05-12,10.36577324,
2011-05-13,10.18421985,
2011-05-16,9.96887204,
2011-05-17,10.05381074,
2011-05-18,10.16538013,
2011-05-19,10.18511845,
2011-05-20,10.0262965,
2011-05-23,10.00176869,
2011-05-24,9.93566972,
2011-05-25,10.07295697,
2011-05-26,10.01971734,
2011-05-27,10.09179669,
2011-05-31,10.40345937,
2011-06-01,10.33406747,
2011-06-02,10.35177493,
2011-06-03,10.27215249,
2011-06-06,10.11064311,
2011-06-07,9.9311859,
2011-06-08,9.93716628,
2011-06-09,9.91473381,
2011-06-10,9.74753717,
2011-06-13,9.76847977,
2011-06-14,9.94314665,
2011-06-15,9.77296275,
2011-06-16,9.72540368,
2011-06-17,9.57884983,
2011-06-20,9.43109839,
2011-06-21,9.72959522,
2011-06-22,9.64914034,
2011-06-23,9.90695707,
2011-06-24,9.76100201,
2011-06-27,9.9311859,
2011-06-28,10.02749409,
2011-06-29,9.99100469,
2011-06-30,10.03975381,
2011-07-01,10.26677091,
2011-07-05,10.45131072,
2011-07-06,10.52100244,
2011-07-07,10.68370857,
2011-07-08,10.75878187,
2011-07-11,10.58800002,
2011-07-12,10.58052225,
2011-07-13,10.70823638,
2011-07-14,10.70075945,
2011-07-15,10.91460986,
2011-07-18,11.18021088,
2011-07-19,11.27143729,
2011-07-20,11.57202276,
2011-07-21,11.58369123,
2011-07-22,11.76344825,
2011-07-25,11.91897726,
2011-07-26,12.06583009,
2011-07-27,11.7422142,
2011-07-28,11.71918295,
2011-07-29,11.67910164,
2011-08-01,11.8666354,
2011-08-02,11.63214137,
2011-08-03,11.74161541,
2011-08-04,11.28699078,
2011-08-05,11.17482929,
2011-08-08,10.56436997,
2011-08-09,11.18649106,
2011-08-10,10.87782149,
2011-08-11,11.17721692,
2011-08-12,11.27562129,
2011-08-15,11.46763802,
2011-08-16,11.38000519,
2011-08-17,11.37880761,
2011-08-18,10.94841182,
2011-08-19,10.64871657,
2011-08-22,10.66097713,
2011-08-23,11.1742305,
2011-08-24,11.25139245,
2011-08-25,11.17781571,
2011-08-26,11.47272817,
2011-08-29,11.66384713,
2011-08-30,11.66444592,
2011-08-31,11.51011533,
2011-09-01,11.39645728,
2011-09-02,11.18768864,
2011-09-06,11.35787254,
2011-09-07,11.48319235,
2011-09-08,11.4894717,
2011-09-09,11.29027617,
2011-09-12,11.36385291,
2011-09-13,11.50383514,
2011-09-14,11.64380983,
2011-09-15,11.75327634,
2011-09-16,11.97879605,
2011-09-19,12.31168608,
2011-09-20,12.36612413,
2011-09-21,12.32694059,
2011-09-22,12.01827856,
2011-09-23,12.09245409,
2011-09-26,12.05865214,
2011-09-27,11.9417087,
2011-09-28,11.87441215,
2011-09-29,11.68179578,
2011-09-30,11.4051318,
2011-10-03,11.20414074,
2011-10-04,11.14132716,
2011-10-05,11.31330743,
2011-10-06,11.28699078,
2011-10-07,11.06057246,
2011-10-10,11.62915495,
2011-10-11,11.9725167,
2011-10-12,12.02934154,
2011-10-13,12.21597753,
2011-10-14,12.62185305,
2011-10-17,12.56173444,
2011-10-18,12.629031,
2011-10-19,11.92257001,
2011-10-20,11.82356685,
2011-10-21,11.75058974,
2011-10-24,12.13642042,
2011-10-25,11.89714359,
2011-10-26,11.98179,
2011-10-27,12.10411586,
2011-10-28,12.1118926,
2011-10-31,12.10681,
2011-11-01,11.85945745,
2011-11-02,11.88637289,
2011-11-03,12.05566572,
2011-11-04,11.97101931,
2011-11-07,11.9557648,
2011-11-08,12.15017753,
2011-11-09,11.82266908,
2011-11-10,11.52177626,
2011-11-11,11.50383514,
2011-11-14,11.34351664,
2011-11-15,11.62975374,
2011-11-16,11.50831895,
2011-11-17,11.28818082,
2011-11-18,11.21430511,
2011-11-21,11.03694325,
2011-11-22,11.26126538,
2011-11-23,10.97652484,
2011-11-25,10.87423628,
2011-11-28,11.24960362,
2011-11-29,11.16226222,
2011-11-30,11.43144928,
2011-12-01,11.60283076,
2011-12-02,11.65577058,
2011-12-05,11.75477373,
2011-12-06,11.69315774,
2011-12-07,11.63753048,
2011-12-08,11.68448322,
2011-12-09,11.77302136,
2011-12-12,11.71978174,
2011-12-13,11.62915495,
2011-12-14,11.37133068,
2011-12-15,11.33394352,
2011-12-16,11.39615747,
2011-12-19,11.43174826,
2011-12-20,11.84270638,
2011-12-21,11.85751452,
2011-12-22,11.92047382,
2011-12-23,12.06344247,
2011-12-27,12.15915186,
2011-12-28,12.04279967,
2011-12-29,12.11698191,
2011-12-30,12.11338916,
2012-01-03,12.29972534,
2012-01-04,12.36582431,
2012-01-05,12.5031124,
2012-01-06,12.63381379,
2012-01-09,12.61377649,
2012-01-10,12.65894039,
2012-01-11,12.6383043,
2012-01-12,12.60360458,
2012-01-13,12.55635203,
2012-01-17,12.7026069,
2012-01-18,12.83451341,
2012-01-19,12.79383248,
2012-01-20,12.57100775,
2012-01-23,12.7836321,
2012-01-24,12.57429398,
2012-01-25,13.35942101,
2012-01-26,13.29870362,
2012-01-27,13.37796846,
2012-01-30,13.54934994,
2012-01-31,13.65313505,
2012-02-01,13.64446054,
2012-02-02,13.61246249,
2012-02-03,13.74884444,
2012-02-06,13.8771582,
2012-02-07,14.02252201,
2012-02-08,14.25730749,
2012-02-09,14.75051686,
2012-02-10,14.75799379,
2012-02-13,15.03256997,
2012-02-14,15.23774503,
2012-02-15,14.88510997,
2012-02-16,15.02090067,
2012-02-17,15.01821322,
2012-02-21,15.39896214,
2012-02-22,15.34482391,
2012-02-23,15.44501711,
2012-02-24,15.6250731,
2012-02-27,15.72527301,
2012-02-28,16.01389774,
2012-02-29,16.22416378,
2012-03-01,16.28488117,
2012-03-02,16.30611521,
2012-03-05,15.94660118,
2012-03-06,15.85986696,
2012-03-07,15.87272547,
2012-03-08,16.21070564,
2012-03-09,16.30581624,
2012-03-12,16.51010107,
2012-03-13,16.99164868,
2012-03-14,17.63410604,
2012-03-15,17.51386884,
2012-03-16,17.51416865,
2012-03-19,17.97866538,
2012-03-20,18.12402249,
2012-03-21,18.02053635,
2012-03-22,17.92602454,
2012-03-23,17.82762017,
2012-03-26,18.15453067,
2012-03-27,18.3788528,
2012-03-28,18.47277252,
2012-03-29,18.24067365,
2012-03-30,17.93230389,
2012-04-02,18.50297419,
2012-04-03,18.82271344,
2012-04-04,18.67286665,
2012-04-05,18.95311501,
2012-04-09,19.02938673,
2012-04-10,18.79638925,
2012-04-11,18.72939251,
2012-04-12,18.62680414,
2012-04-13,18.10218881,
2012-04-16,17.35145498,
2012-04-17,18.23588332,
2012-04-18,18.19521076,
2012-04-19,17.57009572,
2012-04-20,17.13760374,
2012-04-23,17.09931881,
2012-04-24,16.75775343,
2012-04-25,18.24485848,
2012-04-26,18.17606453,
2012-04-27,18.03549105,
2012-04-30,17.46660958,
2012-05-01,17.41127377,
2012-05-02,17.52642921,
2012-05-03,17.40200717,
2012-05-04,16.90640347,
2012-05-07,17.03292002,
2012-05-08,16.9940363,
2012-05-09,17.0239457,
2012-05-10,17.06402784,
2012-05-11,16.95006998,
2012-05-14,16.69613827,
2012-05-15,16.54509307,
2012-05-16,16.33288493,
2012-05-17,15.85568212,
2012-05-18,15.86345216,
2012-05-21,16.78766282,
2012-05-22,16.65875111,
2012-05-23,17.06522542,
2012-05-24,16.90849882,
2012-05-25,16.81787203,
2012-05-29,17.11636969,
2012-05-30,17.32274233,
2012-05-31,17.27967462,
2012-06-01,16.77898831,
2012-06-04,16.87769166,
2012-06-05,16.83402431,
2012-06-06,17.09214086,
2012-06-07,17.0999176,
2012-06-08,17.35714308,
2012-06-11,17.08346551,
2012-06-12,17.23271434,
2012-06-13,17.11307592,
2012-06-14,17.09423621,
2012-06-15,17.17199695,
2012-06-18,17.520448,
2012-06-19,17.56919711,
2012-06-20,17.51927973,
2012-06-21,17.27787824,
2012-06-22,17.4103827,
2012-06-25,17.07135151,
2012-06-26,17.10903765,
2012-06-27,17.18306746,
2012-06-28,17.02006151,
2012-06-29,17.46720838,
2012-07-02,17.72203869,
2012-07-03,17.92811236,
2012-07-05,18.24306211,
2012-07-06,18.12162732,
2012-07-09,18.36120313,
2012-07-10,18.19131904,
2012-07-11,18.07825979,
2012-07-12,17.91285868,
2012-07-13,18.09441207,
2012-07-16,18.15243449,
2012-07-17,18.15333309,
2012-07-18,18.13299681,
2012-07-19,18.37407001,
2012-07-20,18.07437477,
2012-07-23,18.06031784,
2012-07-24,17.97327626,
2012-07-25,17.19712355,
2012-07-26,17.19442941,
2012-07-27,17.50190056,
2012-07-30,17.79711199,
2012-07-31,18.26758992,
2012-08-01,18.14944807,
2012-08-02,18.17875867,
2012-08-03,18.41534136,
2012-08-06,18.62022498,
2012-08-07,18.5712933,
2012-08-08,18.5397701,
2012-08-09,18.64550027,
2012-08-10,18.67463562,
2012-08-13,18.92395348,
2012-08-14,18.97471514,
2012-08-15,18.94888686,
2012-08-16,19.11439676,
2012-08-17,19.4679445,
2012-08-20,19.97978664,
2012-08-21,19.70680456,
2012-08-22,20.0915348,
2012-08-23,19.90408991,
2012-08-24,19.9218734,
2012-08-27,20.29608779,
2012-08-28,20.26965815,
2012-08-29,20.22958727,
2012-08-30,19.94127846,
2012-08-31,19.98249235,
2012-09-04,20.27476174,
2012-09-05,20.13238198,
2012-09-06,20.31381325,
2012-09-07,20.43906891,
2012-09-10,19.90739782,
2012-09-11,19.84281913,
2012-09-12,20.11916716,
2012-09-13,20.51536701,
2012-09-14,20.76468403,
2012-09-17,21.02003654,
2012-09-18,21.08398442,
2012-09-19,21.08969694,
2012-09-20,20.98756384,
2012-09-21,21.0294674,
2012-09-24,20.74996538,
2012-09-25,20.23180937,
2012-09-26,19.98068826,
2012-09-27,20.46550612,
2012-09-28,20.03851319,
2012-10-01,19.80676686,
2012-10-02,19.86444545,
2012-10-03,20.1690272,
2012-10-04,20.02935399,
2012-10-05,19.60251497,
2012-10-08,19.16936123,
2012-10-09,19.09967812,
2012-10-10,19.25166537,
2012-10-11,18.86688383,
2012-10-12,18.91536536,
2012-10-15,19.0669346,
2012-10-16,19.51847992,
2012-10-17,19.36291477,
2012-10-18,19.00324997,
2012-10-19,18.3183889,
2012-10-22,19.04500718,
2012-10-23,18.42398466,
2012-10-24,18.52835499,
2012-10-25,18.30931801,
2012-10-26,18.14296452,
2012-10-31,17.88223676,
2012-11-01,17.91887441,
2012-11-02,17.3259317,
2012-11-05,17.56086062,
2012-11-06,17.50764893,
2012-11-07,16.8378294,
2012-11-08,16.2267226,
2012-11-09,16.50765584,
2012-11-12,16.38001491,
2012-11-13,16.38206296,
2012-11-14,16.20046628,
2012-11-15,15.86070048,
2012-11-16,15.92279692,
2012-11-19,17.07102455,
2012-11-20,16.92568113,
2012-11-21,16.9494171,
2012-11-23,17.2451362,
2012-11-26,17.78919626,
2012-11-27,17.64586372,
2012-11-28,17.59033897,
2012-11-29,17.78406852,
2012-11-30,17.66095122,
2012-12-03,17.68840816,
2012-12-04,17.37626153,
2012-12-05,16.25817257,
2012-12-06,16.51321786,
2012-12-07,16.09093424,
2012-12-10,15.98745764,
2012-12-11,16.33649798,
2012-12-12,16.26444178,
2012-12-13,15.98350855,
2012-12-14,15.38314305,
2012-12-17,15.65580972,
2012-12-18,16.11054537,
2012-12-19,15.88151984,
2012-12-20,15.74332264,
2012-12-21,15.67089722,
2012-12-24,15.69618106,
2012-12-26,15.47987137,
2012-12-27,15.54204892,
2012-12-28,15.37696171,
2012-12-31,16.05843067,
2013-01-02,16.56710011,
2013-01-03,16.35786229,
2013-01-04,15.90233919,
2013-01-07,15.80879278,
2013-01-08,15.85134483,
2013-01-09,15.60360714,
2013-01-10,15.79702746,
2013-01-11,15.70016648,
2013-01-14,15.14041482,
2013-01-15,14.6627391,
2013-01-16,15.27137792,
2013-01-17,15.16847586,
2013-01-18,15.08760814,
2013-01-22,15.23154479,
2013-01-23,15.5102086,
2013-01-24,13.59393525,
2013-01-25,13.27347051,
2013-01-28,13.57372,
2013-01-29,13.82839691,
2013-01-30,13.78494673,
2013-01-31,13.74450864,
2013-02-01,13.68808491,
2013-02-04,13.34697825,
2013-02-05,13.81554165,
2013-02-06,13.80063834,
2013-02-07,14.21098078,
2013-02-08,14.41615464,
2013-02-11,14.56639117,
2013-02-12,14.20126636,
2013-02-13,14.17425703,
2013-02-14,14.16151211,
2013-02-15,13.96634927,
2013-02-19,13.96119249,
2013-02-20,13.62308467,
2013-02-21,13.53840325,
2013-02-22,13.68257114,
2013-02-25,13.43945913,
2013-02-26,13.62672279,
2013-02-27,13.49318119,
2013-02-28,13.39696247,
2013-03-01,13.06522753,
2013-03-04,12.74897141,
2013-03-05,13.08568636,
2013-03-06,12.91930389,
2013-03-07,13.06862856,
2013-03-08,13.10316654,
2013-03-11,13.28983023,
2013-03-12,13.00331054,
2013-03-13,13.00088767,
2013-03-14,13.12684113,
2013-03-15,13.46555659,
2013-03-18,13.83159241,
2013-03-19,13.79426103,
2013-03-20,13.72111778,
2013-03-21,13.7408432,
2013-03-22,14.01946371,
2013-03-25,14.07015528,
2013-03-26,13.99597438,
2013-03-27,13.72111778,
2013-03-28,13.43520572,
2013-04-01,13.01787835,
2013-04-02,13.04465057,
2013-04-03,13.11136231,
2013-04-04,12.98176223,
2013-04-05,12.84457485,
2013-04-08,12.93593169,
2013-04-09,12.95930289,
2013-04-10,13.22365898,
2013-04-11,13.18238609,
2013-04-12,13.04489447,
2013-04-15,12.74290277,
2013-04-16,12.93684356,
2013-04-17,12.22541601,
2013-04-18,11.89914123,
2013-04-19,11.8530073,
2013-04-22,12.10006168,
2013-04-23,12.32647961,
2013-04-24,12.30620604,
2013-04-25,12.39476948,
2013-04-26,12.66262433,
2013-04-29,13.05460889,
2013-04-30,13.4388515,
2013-05-01,13.33292601,
2013-05-02,13.52201256,
2013-05-03,13.6573779,
2013-05-06,13.9830442,
2013-05-07,13.92076348,
2013-05-08,14.07804681,
2013-05-09,13.95522592,
2013-05-10,13.83912684,
2013-05-13,13.8932045,
2013-05-14,13.56080248,
2013-05-15,13.10221726,
2013-05-16,13.27721193,
2013-05-17,13.23694818,
2013-05-20,13.53238337,
2013-05-21,13.43247807,
2013-05-22,13.48423573,
2013-05-23,13.50824668,
2013-05-24,13.60020821,
2013-05-28,13.48683119,
2013-05-29,13.5940994,
2013-05-30,13.79666285,
2013-05-31,13.74029514,
2013-06-03,13.77038495,
2013-06-04,13.72730931,
2013-06-05,13.59899261,
2013-06-06,13.3958175,
2013-06-07,13.49819934,
2013-06-10,13.40895217,
2013-06-11,13.36954644,
2013-06-12,13.20425607,
2013-06-13,13.31959379,
2013-06-14,13.13887783,
2013-06-17,13.19845265,
2013-06-18,13.19142594,
2013-06-19,12.9234851,
2013-06-20,12.7352206,
2013-06-21,12.63324082,
2013-06-24,12.29839305,
2013-06-25,12.30113735,
2013-06-26,12.16182632,
2013-06-27,12.03075676,
2013-06-28,12.11477538,
2013-07-01,12.50247751,
2013-07-02,12.78569507,
2013-07-03,12.85627191,
2013-07-05,12.75300211,
2013-07-08,12.68059801,
2013-07-09,12.90362911,
2013-07-10,12.85413156,
2013-07-11,13.05449478,
2013-07-12,13.03072251,
2013-07-15,13.05913392,
2013-07-16,13.14330824,
2013-07-17,13.1468216,
2013-07-18,13.19106066,
2013-07-19,12.98305992,
2013-07-22,13.0246137,
2013-07-23,12.80097095,
2013-07-24,13.45845057,
2013-07-25,13.3970408,
2013-07-26,13.4731148,
2013-07-29,13.68086917,
2013-07-30,13.8498226,
2013-07-31,13.82568591,
2013-08-01,13.95235415,
2013-08-02,14.13151147,
2013-08-05,14.34262265,
2013-08-06,14.21430594,
2013-08-07,14.20605592,
2013-08-08,14.17776384,
2013-08-09,13.97601739,
2013-08-12,14.37305286,
2013-08-13,15.05609125,
2013-08-14,15.33071986,
2013-08-15,15.31257208,
2013-08-16,15.44850861,
2013-08-19,15.61488347,
2013-08-20,15.40975891,
2013-08-21,15.44943258,
2013-08-22,15.46788002,
2013-08-23,15.40821926,
2013-08-26,15.46818743,
2013-08-27,15.02595346,
2013-08-28,15.09686799,
2013-08-29,15.12159289,
2013-08-30,14.98369648,
2013-09-03,15.02564518,
2013-09-04,15.33659087,
2013-09-05,15.23138543,
2013-09-06,15.32210795,
2013-09-09,15.5665979,
2013-09-10,15.21200713,
2013-09-11,14.3838115,
2013-09-12,14.53696495,
2013-09-13,14.29739191,
2013-09-16,13.84285878,
2013-09-17,14.00277708,
2013-09-18,14.29062708,
2013-09-19,14.52497407,
2013-09-20,14.3745839,
2013-09-23,15.08899233,
2013-09-24,15.04163761,
2013-09-25,14.80883027,
2013-09-26,14.95306355,
2013-09-27,14.84634859,
2013-09-30,14.66182682,
2013-10-01,15.0065743,
2013-10-02,15.05578298,
2013-10-03,14.8666431,
2013-10-04,14.8549605,
2013-10-07,15.00011688,
2013-10-08,14.7906825,
2013-10-09,14.96437846,
2013-10-10,15.05817857,
2013-10-11,15.15579251,
2013-10-14,15.25506666,
2013-10-15,15.33625331,
2013-10-16,15.41110999,
2013-10-17,15.51524163,
2013-10-18,15.65024731,
2013-10-21,16.03381251,
2013-10-22,15.98784676,
2013-10-23,16.14446099,
2013-10-24,16.35819832,
2013-10-25,16.17515506,
2013-10-28,16.29564769,
2013-10-29,15.88976007,
2013-10-30,16.14249423,
2013-10-31,16.07502067,
2013-11-01,15.99284633,
2013-11-04,16.1995114,
2013-11-05,16.15950104,
2013-11-06,16.11375063,
2013-11-07,15.8530449,
2013-11-08,16.10261477,
2013-11-11,16.05584364,
2013-11-12,16.08560134,
2013-11-13,16.10490396,
2013-11-14,16.33770724,
2013-11-15,16.23968016,
2013-11-18,16.04288284,
2013-11-19,16.07137252,
2013-11-20,15.93062608,
2013-11-21,16.12043197,
2013-11-22,16.07910535,
2013-11-25,16.20098224,
2013-11-26,16.49979778,
2013-11-27,16.88831947,
2013-11-29,17.20105461,
2013-12-02,17.05133763,
2013-12-03,17.5181819,
2013-12-04,17.47728835,
2013-12-05,17.56702568,
2013-12-06,17.32324071,
2013-12-09,17.52152344,
2013-12-10,17.49430178,
2013-12-11,17.36469119,
2013-12-12,17.33932652,
2013-12-13,17.15032439,
2013-12-16,17.24528883,
2013-12-17,17.16764703,
2013-12-18,17.03710795,
2013-12-19,16.84191991,
2013-12-20,16.98297557,
2013-12-23,17.63473902,
2013-12-24,17.55988009,
2013-12-26,17.44326235,
2013-12-27,17.32540604,
2013-12-30,17.15310814,
2013-12-31,17.35417462,
2014-01-02,17.11011075,
2014-01-03,16.73427183,
2014-01-06,16.8255249,
2014-01-07,16.70511696,
2014-01-08,16.81098601,
2014-01-09,16.59627882,
2014-01-10,16.4855681,
2014-01-13,16.57187208,
2014-01-14,16.90162066,
2014-01-15,17.24095817,
2014-01-16,17.14475603,
2014-01-17,16.72468288,
2014-01-21,16.98452161,
2014-01-22,17.05999895,
2014-01-23,17.20445764,
2014-01-24,16.89172163,
2014-01-27,17.0287567,
2014-01-28,15.66769352,
2014-01-29,15.48982726,
2014-01-30,15.45988334,
2014-01-31,15.48518739,
2014-02-03,15.5139551,
2014-02-04,15.73853013,
2014-02-05,15.85607636,
2014-02-06,15.9484981,
2014-02-07,16.17161698,
2014-02-10,16.4613297,
2014-02-11,16.67822477,
2014-02-12,16.67698053,
2014-02-13,16.941798,
2014-02-14,16.92810613,
2014-02-18,16.99034252,
2014-02-19,16.72210252,
2014-02-20,16.52854567,
2014-02-21,16.34494709,
2014-02-24,16.41651964,
2014-02-25,16.24567888,
2014-02-26,16.09911125,
2014-02-27,16.42025323,
2014-02-28,16.37575423,
2014-03-03,16.42305451,
2014-03-04,16.53134608,
2014-03-05,16.56619874,
2014-03-06,16.51609804,
2014-03-07,16.5064517,
2014-03-10,16.52138867,
2014-03-11,16.68227029,
2014-03-12,16.69845238,
2014-03-13,16.51298657,
2014-03-14,16.32752076,
2014-03-17,16.39131332,
2014-03-18,16.53632478,
2014-03-19,16.5319682,
2014-03-20,16.45230548,
2014-03-21,16.58206889,
2014-03-24,16.77873722,
2014-03-25,16.95922432,
2014-03-26,16.7970976,
2014-03-27,16.72490293,
2014-03-28,16.70623149,
2014-03-31,16.7024979,
2014-04-01,16.85528934,
2014-04-02,16.88329519,
2014-04-03,16.76629046,
2014-04-04,16.54939453,
2014-04-07,16.28955576,
2014-04-08,16.28862258,
2014-04-09,16.50271723,
2014-04-10,16.28986769,
2014-04-11,16.16943869,
2014-04-14,16.23385424,
2014-04-15,16.11809026,
2014-04-16,16.15076812,
2014-04-17,16.33529987,
2014-04-21,16.52916779,
2014-04-22,16.54562957,
2014-04-23,16.32938799,
2014-04-24,17.66810213,
2014-04-25,17.79786555,
2014-04-28,18.48713873,
2014-04-29,18.43237039,
2014-04-30,18.36266508,
2014-05-01,18.40591984,
2014-05-02,18.44014951,
2014-05-05,18.70092233,
2014-05-06,18.49709614,
2014-05-07,18.43237039,
2014-05-08,18.3995135,
2014-05-09,18.32292546,
2014-05-12,18.55096787,
2014-05-13,18.58006942,
2014-05-14,18.58351194,
2014-05-15,18.42548619,
2014-05-16,18.69741574,
2014-05-19,18.91896389,
2014-05-20,18.92271921,
2014-05-21,18.97278694,
2014-05-22,19.00282776,
2014-05-23,19.21749173,
2014-05-27,19.57735239,
2014-05-28,19.52665907,
2014-05-29,19.88245161,
2014-05-30,19.80797605,
2014-06-02,19.67185487,
2014-06-03,19.950043,
2014-06-04,20.1778506,
2014-06-05,20.25701987,
2014-06-06,20.20131916,
2014-06-09,20.52458866,
2014-06-10,20.64506384,
2014-06-11,20.55963599,
2014-06-12,20.21573413,
2014-06-13,19.9944979,
2014-06-16,20.19602001,
2014-06-17,20.16973452,
2014-06-18,20.19163909,
2014-06-19,20.12154445,
2014-06-20,19.91345096,
2014-06-23,19.8959273,
2014-06-24,19.77545213,
2014-06-25,19.79297579,
2014-06-26,19.91126051,
2014-06-27,20.14782994,
2014-06-30,20.35592342,
2014-07-01,20.48516042,
2014-07-02,20.47639859,
2014-07-03,20.59687377,
2014-07-07,21.02138447,
2014-07-08,20.88601418,
2014-07-09,20.89477602,
2014-07-10,20.81701477,
2014-07-11,20.85753823,
2014-07-14,21.12696453,
2014-07-15,20.87944281,
2014-07-16,20.7611581,
2014-07-17,20.39094884,
2014-07-18,20.68449208,
2014-07-21,20.5769406,
2014-07-22,20.74801535,
2014-07-23,21.2890584,
2014-07-24,21.25401108,
2014-07-25,21.39441942,
2014-07-28,21.68991216,
2014-07-29,21.54972287,
2014-07-30,21.49934234,
2014-07-31,20.94077563,
2014-08-01,21.05686988,
2014-08-04,20.93858517,
2014-08-05,20.83563366,
2014-08-06,20.80058633,
2014-08-07,20.79838493,
2014-08-08,20.85562011,
2014-08-11,21.13078926,
2014-08-12,21.12638656,
2014-08-13,21.40595841,
2014-08-14,21.46319359,
2014-08-15,21.56885855,
2014-08-18,21.82861822,
2014-08-19,22.13020361,
2014-08-20,22.13900902,
2014-08-21,22.14121038,
2014-08-22,22.30411051,
2014-08-25,22.35254028,
2014-08-26,22.20923219,
2014-08-27,22.48242012,
2014-08-28,22.50883636,
2014-08-29,22.56387019,
2014-09-02,22.73997844,
2014-09-03,21.78018845,
2014-09-04,21.59967749,
2014-09-05,21.78679251,
2014-09-08,21.65250997,
2014-09-09,21.5710599,
2014-09-10,22.23366721,
2014-09-11,22.3283254,
2014-09-12,22.37895652,
2014-09-15,22.37235246,
2014-09-16,22.20284827,
2014-09-17,22.36134569,
2014-09-18,22.40757411,
2014-09-19,22.2248618,
2014-09-22,22.24687533,
2014-09-23,22.59468913,
2014-09-24,22.3987687,
2014-09-25,21.54464366,
2014-09-26,22.17863338,
2014-09-29,22.03774678,
2014-09-30,22.17863338,
2014-10-01,21.83302093,
2014-10-02,21.99151836,
2014-10-03,21.92988047,
2014-10-06,21.92988047,
2014-10-07,21.73836274,
2014-10-08,22.18964015,
2014-10-09,22.23806992,
2014-10-10,22.17423067,
2014-10-13,21.97170618,
2014-10-14,21.73836274,
2014-10-15,21.47199901,
2014-10-16,21.1902258,
2014-10-17,21.5006166,
2014-10-20,21.96069941,
2014-10-21,22.55726613,
2014-10-22,22.67173649,
2014-10-23,23.07678548,
2014-10-24,23.16263826,
2014-10-27,23.13842337,
2014-10-28,23.49724394,
2014-10-29,23.62932513,
2014-10-30,23.55007642,
2014-10-31,23.77461444,
2014-11-03,24.08280389,
2014-11-04,23.90669563,
2014-11-05,23.96393082,
2014-11-06,24.03246863,
2014-11-07,24.10100649,
2014-11-10,24.06121031,
2014-11-11,24.2535585,
2014-11-12,24.59624779,
2014-11-13,24.94335888,
2014-11-14,25.2440411,
2014-11-17,25.20203403,
2014-11-18,25.52924703,
2014-11-19,25.35237514,
2014-11-20,25.71496252,
2014-11-21,25.7503369,
2014-11-24,26.22678557,
2014-11-25,26.00016845,
2014-11-26,26.30969427,
2014-11-28,26.29421798,
2014-12-01,25.44081109,
2014-12-02,25.34353154,
2014-12-03,25.63094837,
2014-12-04,25.53366883,
2014-12-05,25.42533479,
2014-12-08,24.85050114,
2014-12-09,25.23077571,
2014-12-10,24.7510107,
2014-12-11,24.67805104,
2014-12-12,24.26019119,
2014-12-15,23.92745094,
2014-12-16,23.60023794,
2014-12-17,24.18944243,
2014-12-18,24.90577361,
2014-12-19,24.71342542,
2014-12-22,24.96988967,
2014-12-23,24.88145372,
2014-12-24,24.76427609,
2014-12-26,25.20203403,
2014-12-29,25.18434684,
2014-12-30,24.87703192,
2014-12-31,24.40389961,
2015-01-02,24.17175524,
2015-01-05,23.49079845,
2015-01-06,23.49300935,
2015-01-07,23.82243325,
2015-01-08,24.73774531,
2015-01-09,24.76427609,
2015-01-12,24.15406806,
2015-01-13,24.36852523,
2015-01-14,24.27566748,
2015-01-15,23.61681968,
2015-01-16,23.43331509,
2015-01-20,24.03689043,
2015-01-21,24.22039502,
2015-01-22,24.85050114,
2015-01-23,24.97873326,
2015-01-26,25.00526405,
2015-01-27,24.12974817,
2015-01-28,25.49387265,
2015-01-29,26.28758528,
2015-01-30,25.90288891,
2015-02-02,26.22789101,
2015-02-03,26.23231281,
2015-02-04,26.43350459,
2015-02-05,26.62217263,
2015-02-06,26.39799059,
2015-02-09,26.5733409,
2015-02-10,27.08385447,
2015-02-11,27.71866699,
2015-02-12,28.06936761,
2015-02-13,28.20698431,
2015-02-17,28.37345612,
2015-02-18,28.56989287,
2015-02-19,28.51107282,
2015-02-20,28.74302355,
2015-02-23,29.52100183,
2015-02-24,29.33677303,
2015-02-25,28.58654005,
2015-02-26,28.94722898,
2015-02-27,28.51329245,
2015-03-02,28.65312877,
2015-03-03,28.71305863,
2015-03-04,28.53104944,
2015-03-05,28.05826949,
2015-03-06,28.10044235,
2015-03-09,28.22030205,
2015-03-10,27.63654089,
2015-03-11,27.1326862,
2015-03-12,27.62322315,
2015-03-13,27.43233546,
2015-03-16,27.73420436,
2015-03-17,28.19810581,
2015-03-18,28.51551207,
2015-03-19,28.29909871,
2015-03-20,27.94506865,
2015-03-23,28.23583942,
2015-03-24,28.12041897,
2015-03-25,27.38572336,
2015-03-26,27.57661104,
2015-03-27,27.35686824,
2015-03-30,28.04939099,
2015-03-31,27.6187839,
2015-04-01,27.57883066,
2015-04-02,27.81633045,
2015-04-06,28.26691416,
2015-04-07,27.96948452,
2015-04-08,27.87847993,
2015-04-09,28.09156385,
2015-04-10,28.21142356,
2015-04-13,28.15593295,
2015-04-14,28.03385362,
2015-04-15,28.14039558,
2015-04-16,28.00499851,
2015-04-17,27.68981187,
2015-04-20,28.32240477,
2015-04-21,28.1692507,
2015-04-22,28.54880644,
2015-04-23,28.78186698,
2015-04-24,28.91726405,
2015-04-27,29.44331499,
2015-04-28,28.97941353,
2015-04-29,28.55324568,
2015-04-30,27.77859684,
2015-05-01,28.62205403,
2015-05-04,28.56656343,
2015-05-05,27.92287241,
2015-05-06,27.7475221,
2015-05-07,27.91914714,
2015-05-08,28.44516652,
2015-05-11,28.15541009,
2015-05-12,28.05399533,
2015-05-13,28.08631432,
2015-05-14,28.74160965,
2015-05-15,28.70148952,
2015-05-18,29.01799271,
2015-05-19,28.99124596,
2015-05-20,28.98901707,
2015-05-21,29.28546019,
2015-05-22,29.54178319,
2015-05-26,28.89094566,
2015-05-27,29.43145286,
2015-05-28,29.37238712,
2015-05-29,29.03805277,
2015-06-01,29.09488961,
2015-06-02,28.96672811,
2015-06-03,29.00239044,
2015-06-04,28.83299437,
2015-06-05,28.67474278,
2015-06-08,28.48528664,
2015-06-09,28.40058861,
2015-06-10,28.72600738,
2015-06-11,28.6613694,
2015-06-12,28.34486622,
2015-06-15,28.28914383,
2015-06-16,28.44070873,
2015-06-17,28.37384186,
2015-06-18,28.50311781,
2015-06-19,28.21781916,
2015-06-22,28.44293763,
2015-06-23,28.31366168,
2015-06-24,28.55438241,
2015-06-25,28.41841977,
2015-06-26,28.2512526,
2015-06-29,27.75643776,
2015-06-30,27.95592392,
2015-07-01,28.21781916,
2015-07-02,28.18215683,
2015-07-06,28.08408542,
2015-07-07,28.01498966,
2015-07-08,27.31957421,
2015-07-09,26.76235029,
2015-07-10,27.4778258,
2015-07-13,28.00830297,
2015-07-14,27.99715849,
2015-07-15,28.26685487,
2015-07-16,28.64353824,
2015-07-17,28.89094566,
2015-07-20,29.43702509,
2015-07-21,29.14281087,
2015-07-22,27.91023156,
2015-07-23,27.89685819,
2015-07-24,27.74975107,
2015-07-27,27.36415212,
2015-07-28,27.50011476,
2015-07-29,27.41318783,
2015-07-30,27.2749963,
2015-07-31,27.03650446,
2015-08-03,26.3990403,
2015-08-04,25.55205994,
2015-08-05,25.72145601,
2015-08-06,25.77743074,
2015-08-07,25.86475114,
2015-08-10,26.80512471,
2015-08-11,25.41023725,
2015-08-12,25.80205957,
2015-08-13,25.78190871,
2015-08-14,25.96326647,
2015-08-17,26.23194463,
2015-08-18,26.08417164,
2015-08-19,25.75056292,
2015-08-20,25.22216254,
2015-08-21,23.67950208,
2015-08-24,23.08841013,
2015-08-25,23.22722718,
2015-08-26,24.55942307,
2015-08-27,25.28261512,
2015-08-28,25.36545756,
2015-08-31,25.24679137,
2015-09-01,24.11834308,
2015-09-02,25.15275401,
2015-09-03,24.71167403,
2015-09-04,24.46538571,
2015-09-08,25.14603706,
2015-09-09,24.66241636,
2015-09-10,25.20425066,
2015-09-11,25.57144415,
2015-09-14,25.81773246,
2015-09-15,26.03491398,
2015-09-16,26.06402078,
2015-09-17,25.50651359,
2015-09-18,25.40128131,
2015-09-21,25.79534262,
2015-09-22,25.39008639,
2015-09-23,25.59607298,
2015-09-24,25.74832394,
2015-09-25,25.68339338,
2015-09-28,25.17514386,
2015-09-29,24.41836703,
2015-09-30,24.69600113,
2015-10-01,24.53479424,
2015-10-02,24.71391301,
2015-10-05,24.8034724,
2015-10-06,24.92213859,
2015-10-07,24.8034724,
2015-10-08,24.51688236,
2015-10-09,25.10349635,
2015-10-12,24.98706914,
2015-10-13,25.02960985,
2015-10-14,24.67585027,
2015-10-15,25.04528275,
2015-10-16,24.861686,
2015-10-19,25.01617594,
2015-10-20,25.47292882,
2015-10-21,25.47068984,
2015-10-22,25.86027317,
2015-10-23,26.66182969,
2015-10-26,25.81101551,
2015-10-27,25.64756963,
2015-10-28,26.7043704,
2015-10-29,26.98648247,
2015-10-30,26.75586705,
2015-11-02,27.13201648,
2015-11-03,27.44323535,
2015-11-04,27.31561322,
2015-11-05,27.18969323,
2015-11-06,27.22117319,
2015-11-09,27.11099333,
2015-11-10,26.2565372,
2015-11-11,26.10813167,
2015-11-12,26.02043749,
2015-11-13,25.26042125,
2015-11-16,25.67303362,
2015-11-17,25.56397803,
2015-11-18,26.37346278,
2015-11-19,26.70849952,
2015-11-20,26.8254251,
2015-11-23,26.47689694,
2015-11-24,26.73098521,
2015-11-25,26.53985687,
2015-11-27,26.49038835,
2015-11-30,26.60056822,
2015-12-01,26.38470562,
2015-12-02,26.14635734,
2015-12-03,25.90351191,
2015-12-04,26.76471374,
2015-12-07,26.59607108,
2015-12-08,26.58482824,
2015-12-09,25.9979518,
2015-12-10,26.12162308,
2015-12-11,25.44930103,
2015-12-14,25.29190121,
2015-12-15,24.84443603,
2015-12-16,25.03556438,
2015-12-17,24.50490215,
2015-12-18,23.84157438,
2015-12-21,24.13388831,
2015-12-22,24.11140262,
2015-12-23,24.42170511,
2015-12-24,24.29128812,
2015-12-28,24.01921131,
2015-12-29,24.4509365,
2015-12-30,24.13163974,
2015-12-31,23.66843458,
2016-01-04,23.6886717,
2016-01-05,23.09504955,
2016-01-06,22.64308724,
2016-01-07,21.68744552,
2016-01-08,21.80212253,
2016-01-11,22.15514782,
2016-01-12,22.47669315,
2016-01-13,21.89881098,
2016-01-14,22.37775612,
2016-01-15,21.84034819,
2016-01-19,21.73466546,
2016-01-20,21.76389686,
2016-01-21,21.65371699,
2016-01-22,22.80498418,
2016-01-25,22.35976757,
2016-01-26,22.48343885,
2016-01-27,21.00612919,
2016-01-28,21.1567833,
2016-01-29,21.88756814,
2016-02-01,21.68294838,
2016-02-02,21.24447748,
2016-02-03,21.66495983,
2016-02-04,21.83903913,
2016-02-05,21.25576044,
2016-02-08,21.47957668,
2016-02-09,21.47505514,
2016-02-10,21.31227969,
2016-02-11,21.1834158,
2016-02-12,21.24897813,
2016-02-16,21.84808221,
2016-02-17,22.18267618,
2016-02-18,21.76217294,
2016-02-19,21.712436,
2016-02-22,21.90234069,
2016-02-23,21.40723204,
2016-02-24,21.72600062,
2016-02-25,21.87521145,
2016-02-26,21.909123,
2016-02-29,21.85938606,
2016-03-01,22.72752177,
2016-03-02,22.77725872,
2016-03-03,22.94681647,
2016-03-04,23.28819276,
2016-03-07,23.03046497,
2016-03-08,22.84056028,
2016-03-09,22.86090721,
2016-03-10,22.87221106,
2016-03-11,23.118635,
2016-03-14,23.17741502,
2016-03-15,23.64313366,
2016-03-16,23.95738071,
2016-03-17,23.91894762,
2016-03-18,23.94607686,
2016-03-21,23.94381609,
2016-03-22,24.12693846,
2016-03-23,23.99355303,
2016-03-24,23.8895576,
2016-03-28,23.78104064,
2016-03-29,24.34397239,
2016-03-30,24.76899717,
2016-03-31,24.64013328,
2016-04-01,24.86621029,
2016-04-04,25.12167731,
2016-04-05,24.82551642,
2016-04-06,25.08550498,
2016-04-07,24.53839862,
2016-04-08,24.56552786,
2016-04-11,24.64691559,
2016-04-12,24.96794494,
2016-04-13,25.32966816,
2016-04-14,25.34323278,
2016-04-15,24.8345595,
2016-04-18,24.29875699,
2016-04-19,24.1698931,
2016-04-20,24.21963004,
2016-04-21,23.95738071,
2016-04-22,23.89181837,
2016-04-25,23.75617217,
2016-04-26,23.59113595,
2016-04-27,22.11485308,
2016-04-28,21.43888282,
2016-04-29,21.19245888,
2016-05-02,21.16985118,
2016-05-03,21.51800977,
2016-05-04,21.29419353,
2016-05-05,21.20776126,
2016-05-06,21.08948546,
2016-05-09,21.1054072,
2016-05-10,21.24870289,
2016-05-11,21.04172023,
2016-05-12,20.54814621,
2016-05-13,20.58908783,
2016-05-16,21.35333148,
2016-05-17,21.26462463,
2016-05-18,21.50799984,
2016-05-19,21.42611659,
2016-05-20,21.65811913,
2016-05-23,21.93333782,
2016-05-24,22.26769442,
2016-05-25,22.65891438,
2016-05-26,22.83860262,
2016-05-27,22.82495541,
2016-05-31,22.71350321,
2016-06-01,22.39506836,
2016-06-02,22.22675279,
2016-06-03,22.27224349,
2016-06-06,22.43373545,
2016-06-07,22.52471684,
2016-06-08,22.50424602,
2016-06-09,22.66573799,
2016-06-10,22.47922614,
2016-06-13,22.14032048,
2016-06-14,22.16761489,
2016-06-15,22.09482978,
2016-06-16,22.18808571,
2016-06-17,21.68313901,
2016-06-20,21.63082471,
2016-06-21,21.81506202,
2016-06-22,21.73317877,
2016-06-23,21.85827818,
2016-06-24,21.24415382,
2016-06-27,20.9348171,
2016-06-28,21.28736998,
2016-06-29,21.47160728,
2016-06-30,21.74455144,
2016-07-01,21.81051295,
2016-07-05,21.60580483,
2016-07-06,21.7286297,
2016-07-07,21.82188562,
2016-07-08,21.99020119,
2016-07-11,22.05843723,
2016-07-12,22.15851675,
2016-07-13,22.03341735,
2016-07-14,22.470128,
2016-07-15,22.46785347,
2016-07-18,22.70667961,
2016-07-19,22.71577775,
2016-07-20,22.73624856,
2016-07-21,22.61569822,
2016-07-22,22.44055905,
2016-07-25,22.14032048,
2016-07-26,21.98792665,
2016-07-27,23.41633443,
2016-07-28,23.73249475,
2016-07-29,23.7029258,
2016-08-01,24.12144017,
2016-08-02,23.76433823,
2016-08-03,24.06230227,
2016-08-04,24.21094786,
2016-08-05,24.57913173,
2016-08-08,24.78266194,
2016-08-09,24.88328362,
2016-08-10,24.69804826,
2016-08-11,24.68204027,
2016-08-12,24.73921167,
2016-08-15,25.036503,
2016-08-16,25.01363443,
2016-08-17,24.97704473,
2016-08-18,24.94502874,
2016-08-19,25.00906072,
2016-08-22,24.81467793,
2016-08-23,24.89243105,
2016-08-24,24.70490883,
2016-08-25,24.59971344,
2016-08-26,24.45564149,
2016-08-29,24.42819921,
2016-08-30,24.240677,
2016-08-31,24.26354556,
2016-09-01,24.40761751,
2016-09-02,24.63630314,
2016-09-06,24.62944257,
2016-09-07,24.78037509,
2016-09-08,24.13090789,
2016-09-09,23.58434923,
2016-09-12,24.11261304,
2016-09-13,24.68661398,
2016-09-14,25.56019309,
2016-09-15,26.4291985,
2016-09-16,26.28055283,
2016-09-19,25.97411409,
2016-09-20,25.97182723,
2016-09-21,25.96725352,
2016-09-22,26.21194714,
2016-09-23,25.77515759,
2016-09-26,25.81403414,
2016-09-27,25.86205813,
2016-09-28,26.05872777,
2016-09-29,25.6539542,
2016-09-30,25.8529107,
2016-10-03,25.73170732,
2016-10-04,25.84147642,
2016-10-05,25.8529107,
2016-10-06,26.04500663,
2016-10-07,26.08388319,
2016-10-10,26.5389676,
2016-10-11,26.59613901,
2016-10-12,26.83397206,
2016-10-13,26.75164524,
2016-10-14,26.9002909,
2016-10-17,26.88199605,
2016-10-18,26.8637012,
2016-10-19,26.78366122,
2016-10-20,26.76994009,
2016-10-21,26.6647447,
2016-10-24,26.90486461,
2016-10-25,27.04207599,
2016-10-26,26.43377221,
2016-10-27,26.17993116,
2016-10-28,26.00613008,
2016-10-31,25.96496666,
2016-11-01,25.49616112,
2016-11-02,25.51902968,
2016-11-03,25.24549646,
2016-11-04,25.0179353,
2016-11-07,25.37881511,
2016-11-08,25.52822395,
2016-11-09,25.4868492,
2016-11-10,24.77658257,
2016-11-11,24.92369281,
2016-11-14,24.29847428,
2016-11-15,24.62027794,
2016-11-16,25.28227402,
2016-11-17,25.27307963,
2016-11-18,25.2983642,
2016-11-21,25.68222999,
2016-11-22,25.69832017,
2016-11-23,25.56730011,
2016-11-25,25.69602157,
2016-11-28,25.64545243,
2016-11-29,25.62016785,
2016-11-30,25.40409969,
2016-12-01,25.16734414,
2016-12-02,25.26158664,
2016-12-05,25.07999744,
2016-12-06,25.27307963,
2016-12-07,25.52132816,
2016-12-08,25.77187529,
2016-12-09,26.19251863,
2016-12-12,26.04310979,
2016-12-13,26.47754472,
2016-12-14,26.47754472,
2016-12-15,26.62235637,
2016-12-16,26.65683533,
2016-12-19,26.81084136,
2016-12-20,26.88209789,
2016-12-21,26.90738246,
2016-12-22,26.73039045,
2016-12-23,26.78325819,
2016-12-27,26.95335441,
2016-12-28,26.83842453,
2016-12-29,26.83152874,
2016-12-30,26.62235637,
2017-01-03,26.69821008,
2017-01-04,26.66832832,
2017-01-05,26.80394557,
2017-01-06,27.10276325,
2017-01-09,27.35101178,
2017-01-10,27.37859495,
2017-01-11,27.52570519,
2017-01-12,27.41077531,
2017-01-13,27.36250477,
2017-01-17,27.58317013,
2017-01-18,27.58087153,
2017-01-19,27.53260098,
2017-01-20,27.58317013,
2017-01-23,27.60155891,
2017-01-24,27.57627433,
2017-01-25,28.01530646,
2017-01-26,28.02909804,
2017-01-27,28.03139664,
2017-01-30,27.95784152,
2017-01-31,27.89348079,
2017-02-01,29.59444295,
2017-02-02,29.5438738,
2017-02-03,29.67029667,
2017-02-06,29.94842696,
2017-02-07,30.23345306,
2017-02-08,30.35068153,
2017-02-09,30.56999493,
2017-02-10,30.50073803,
2017-02-13,30.77083993,
2017-02-14,31.17022138,
2017-02-15,31.28334098,
2017-02-16,31.24524969,
2017-02-17,31.33182081,
2017-02-21,31.55806001,
2017-02-22,31.65271111,
2017-02-23,31.51881444,
2017-02-24,31.54882576,
2017-02-27,31.61115697,
2017-02-28,31.62500835,
2017-03-01,32.27140606,
2017-03-02,32.07979531,
2017-03-03,32.2690975,
2017-03-06,32.16752072,
2017-03-07,32.20907486,
2017-03-08,32.08902957,
2017-03-09,32.01515554,
2017-03-10,32.12134945,
2017-03-13,32.13520083,
2017-03-14,32.086721,
2017-03-15,32.4260798,
2017-03-16,32.47917676,
2017-03-17,32.31757733,
2017-03-20,32.65693613,
2017-03-21,32.28294888,
2017-03-22,32.64770188,
2017-03-23,32.53227371,
2017-03-24,32.46763394,
2017-03-27,32.52303946,
2017-03-28,33.19713994,
2017-03-29,33.27101396,
2017-03-30,33.22715126,
2017-03-31,33.16482005,
2017-04-03,33.17405431,
2017-04-04,33.42107058,
2017-04-05,33.24792833,
2017-04-06,33.16482005,
2017-04-07,33.09094603,
2017-04-10,33.05170045,
2017-04-11,32.69618171,
2017-04-12,32.73542728,
2017-04-13,32.56228504,
2017-04-17,32.74235297,
2017-04-18,32.59691349,
2017-04-19,32.4768682,
2017-04-20,32.88317533,
2017-04-21,32.84392976,
2017-04-24,33.16020293,
2017-04-25,33.36566506,
2017-04-26,33.16943718,
2017-04-27,33.19483138,
2017-04-28,33.16251149,
2017-05-01,33.83892053,
2017-05-02,34.05361692,
2017-05-03,33.94973157,
2017-05-04,33.82737771,
2017-05-05,34.38835859,
2017-05-08,35.32332672,
2017-05-09,35.54956592,
2017-05-10,35.3810408,
2017-05-11,35.68702891,
2017-05-12,36.18541872,
2017-05-15,36.09269504,
2017-05-16,36.03937892,
2017-05-17,34.82933481,
2017-05-18,35.36017791,
2017-05-19,35.48071871,
2017-05-22,35.69630128,
2017-05-23,35.65225753,
2017-05-24,35.54562529,
2017-05-25,35.66848417,
2017-05-26,35.60821377,
2017-05-30,35.62212233,
2017-05-31,35.41117594,
2017-06-01,35.50853581,
2017-06-02,36.03474273,
2017-06-05,35.68239272,
2017-06-06,35.80293352,
2017-06-07,36.016198,
2017-06-08,35.92811049,
2017-06-09,34.5349371,
2017-06-12,33.70969629,
2017-06-13,33.98091307,
2017-06-14,33.64942589,
2017-06-15,33.44775188,
2017-06-16,32.97949726,
2017-06-19,33.92296077,
2017-06-20,33.61465451,
2017-06-21,33.81401044,
2017-06-22,33.75837623,
2017-06-23,33.90905222,
2017-06-26,33.80241998,
2017-06-27,33.31793871,
2017-06-28,33.80473807,
2017-06-29,33.30634825,
2017-06-30,33.38516339,
2017-07-03,33.26462259,
2017-07-05,33.40139003,
2017-07-06,33.0861295,
2017-07-07,33.42225286,
2017-07-10,33.62624497,
2017-07-11,33.7351953,
2017-07-12,33.78387524,
2017-07-13,34.25444795,
2017-07-14,34.54884565,
2017-07-17,34.66938645,
2017-07-18,34.78992724,
2017-07-19,35.0078279,
2017-07-20,34.85019764,
2017-07-21,34.83397099,
2017-07-24,35.25586377,
2017-07-25,35.40653976,
2017-07-26,35.57344239,
2017-07-27,34.90119566,
2017-07-28,34.65547789,
2017-07-31,34.4769848,
2017-08-01,34.78297296,
2017-08-02,36.42650031,
2017-08-03,36.06255984,
2017-08-04,36.2526434,
2017-08-07,36.8136217,
2017-08-08,37.10801941,
2017-08-09,37.33519244,
2017-08-10,36.14599585,
2017-08-11,36.64867001,
2017-08-14,37.20021528,
2017-08-15,37.60747444,
2017-08-16,37.45620675,
2017-08-17,36.73710343,
2017-08-18,36.6533244,
2017-08-21,36.58583574,
2017-08-22,37.18392491,
2017-08-23,37.23046881,
2017-08-24,37.06523796,
2017-08-25,37.20254247,
2017-08-28,37.5772209,
2017-08-29,37.91233701,
2017-08-30,38.0147336,
2017-08-31,38.16600129,
2017-09-01,38.17763726,
2017-09-05,37.71917981,
2017-09-06,37.67961749,
2017-09-07,37.5283498,
2017-09-08,36.91629746,
2017-09-11,37.58420249,
2017-09-12,37.43526199,
2017-09-13,37.15367137,
2017-09-14,36.83484563,
2017-09-15,37.20719686,
2017-09-18,36.92560624,
2017-09-19,36.93956941,
2017-09-20,36.32053549,
2017-09-21,35.69684718,
2017-09-22,35.3477679,
2017-09-25,35.03592374,
2017-09-26,35.6386673,
2017-09-27,35.89233157,
2017-09-28,35.67124803,
2017-09-29,35.86673243,
2017-10-02,35.79458938,
2017-10-03,35.95051145,
2017-10-04,35.71779193,
2017-10-05,36.16228622,
2017-10-06,36.14134146,
2017-10-09,36.26701,
2017-10-10,36.28097317,
2017-10-11,36.43224086,
2017-10-12,36.30424512,
2017-10-13,36.53463745,
2017-10-16,37.20719686,
2017-10-17,37.34450138,
2017-10-18,37.17927052,
2017-10-19,36.29959073,
2017-10-20,36.362425,
2017-10-23,36.34380744,
2017-10-24,36.5602366,
2017-10-25,36.39966013,
2017-10-26,36.63237965,
2017-10-27,37.94491774,
2017-10-30,38.79899838,
2017-10-31,39.33890767,
2017-11-01,38.8385607,
2017-11-02,39.12247851,
2017-11-03,40.14411721,
2017-11-06,40.55137637,
2017-11-07,40.6816993,
2017-11-08,41.01448821,
2017-11-09,40.93070918,
2017-11-10,40.79524673,
2017-11-13,40.63175745,
2017-11-14,40.01750486,
2017-11-15,39.48966804,
2017-11-16,39.9614514,
2017-11-17,39.73957309,
2017-11-20,39.69986855,
2017-11-21,40.43790587,
2017-11-22,40.862978,
2017-11-24,40.86531356,
2017-11-27,40.65978418,
2017-11-28,40.42155694,
2017-11-29,39.58309049,
2017-11-30,40.13661848,
2017-12-01,39.94977359,
2017-12-04,39.65782845,
2017-12-05,39.62045947,
2017-12-06,39.47331911,
2017-12-07,39.54572151,
2017-12-08,39.55739932,
2017-12-11,40.3281345,
2017-12-12,40.10158507,
2017-12-13,40.23471205,
2017-12-14,40.22303425,
2017-12-15,40.63175745,
2017-12-18,41.20396993,
2017-12-19,40.76488443,
2017-12-20,40.72050877,
2017-12-21,40.87465581,
2017-12-22,40.87465581,
2017-12-26,39.83766666,
2017-12-27,39.84467334,
2017-12-28,39.95678027,
2017-12-29,39.52470146,
2018-01-02,40.23237649,
2018-01-03,40.22536981,
2018-01-04,40.4122147,
2018-01-05,40.87232025,
2018-01-08,40.72050877,
2018-01-09,40.71583765,
2018-01-10,40.70649541,
2018-01-11,40.93771596,
2018-01-12,41.36045253,
2018-01-16,41.15025203,
2018-01-17,41.82990032,
2018-01-18,41.8672693,
2018-01-19,41.68042441,
2018-01-22,41.33943248,
2018-01-23,41.34877472,
2018-01-24,40.69014648,
2018-01-25,39.96378696,
2018-01-26,40.0572094,
2018-01-29,39.22808519,
2018-01-30,38.99686464,
2018-01-31,39.10430045,
2018-02-01,39.18604509,
2018-02-02,37.48575657,
2018-02-05,36.54919655,
2018-02-06,38.07665354,
2018-02-07,37.2615427,
2018-02-08,36.23623135,
2018-02-09,36.67945227,
2018-02-12,38.15685493,
2018-02-13,38.53910355,
2018-02-14,39.24966388,
2018-02-15,40.56760085,
2018-02-16,40.43627617,
2018-02-20,40.30026132,
2018-02-21,40.1173448,
2018-02-22,40.45269175,
2018-02-23,41.15621683,
2018-02-26,41.96996083,
2018-02-27,41.83394598,
2018-02-28,41.77062873,
2018-03-01,41.03896265,
2018-03-02,41.32271776,
2018-03-05,41.46576786,
2018-03-06,41.43059161,
2018-03-07,41.0459979,
2018-03-08,41.49390886,
2018-03-09,42.20681427,
2018-03-12,42.61485881,
2018-03-13,42.20446919,
2018-03-14,41.8456714,
2018-03-15,41.89491816,
2018-03-16,41.74717789,
2018-03-19,41.10931516,
2018-03-20,41.09524466,
2018-03-21,40.16424647,
2018-03-22,39.59673625,
2018-03-23,38.67980857,
2018-03-26,40.51600901,
2018-03-27,39.47713698,
2018-03-28,39.04095144,
2018-03-29,39.3458123,
2018-04-02,39.08785311,
2018-04-03,39.4888624,
2018-04-04,40.24397932,
2018-04-05,40.52304426,
2018-04-06,39.48651732,
2018-04-09,39.87814628,
2018-04-10,40.62857302,
2018-04-11,40.43862125,
2018-04-12,40.83728546,
2018-04-13,40.97564539,
2018-04-16,41.2312595,
2018-04-17,41.79876973,
2018-04-18,41.70496639,
2018-04-19,40.52304426,
2018-04-20,38.86272509,
2018-04-23,38.75016108,
2018-04-24,38.21079185,
2018-04-25,38.37729279,
2018-04-26,38.51096255,
2018-04-27,38.06539667,
2018-04-30,38.75485124,
2018-05-01,39.65536334,
2018-05-02,41.40714077,
2018-05-03,41.48218345,
2018-05-04,43.10967145,
2018-05-07,43.42156757,
2018-05-08,43.63028001,
2018-05-09,43.93748595,
2018-05-10,44.56596835,
2018-05-11,44.3964714,
2018-05-14,44.29288983,
2018-05-15,43.89033421,
2018-05-16,44.29995221,
2018-05-17,44.01981116,
2018-05-18,43.85973056,
2018-05-21,44.17047526,
2018-05-22,44.05983131,
2018-05-23,44.34232649,
2018-05-24,44.29288983,
2018-05-25,44.39411727,
2018-05-29,44.23403667,
2018-05-30,44.13987161,
2018-05-31,43.99156164,
2018-06-01,44.78490227,
2018-06-04,45.15920838,
2018-06-05,45.5076191,
2018-06-06,45.66534558,
2018-06-07,45.542931,
2018-06-08,45.12860474,
2018-06-11,45.01796079,
2018-06-12,45.26514407,
2018-06-13,44.89319209,
2018-06-14,44.91673335,
2018-06-15,44.45532456,
2018-06-18,44.4317833,
2018-06-19,43.71377472,
2018-06-20,43.90445896,
2018-06-21,43.65962981,
2018-06-22,43.53250698,
2018-06-25,42.8851222,
2018-06-26,43.41715478,
2018-06-27,43.35359337,
2018-06-28,43.66904632,
2018-06-29,43.57723538,
2018-07-02,44.06453957,
2018-07-03,43.29709433,
2018-07-05,43.64550505,
2018-07-06,44.25051556,
2018-07-09,44.86494257,
2018-07-10,44.81079766,
2018-07-11,44.22932842,
2018-07-12,44.97087826,
2018-07-13,45.04150206,
2018-07-16,44.94262874,
2018-07-17,45.06975157,
2018-07-18,44.82256829,
2018-07-19,45.17097901,
2018-07-20,45.06739745,
2018-07-23,45.1074176,
2018-07-24,45.43464118,
2018-07-25,45.8630922,
2018-07-26,45.71949049,
2018-07-27,44.95910763,
2018-07-30,44.7072161,
2018-07-31,44.7966729,
2018-08-01,47.43564869,
2018-08-02,48.82222919,
2018-08-03,48.96347678,
2018-08-06,49.21772244,
2018-08-07,48.75631365,
2018-08-08,48.78927142,
2018-08-09,49.17299404,
2018-08-10,49.02652634,
2018-08-13,49.34308561,
2018-08-14,49.55097528,
2018-08-15,49.66673203,
2018-08-16,50.39434587,
2018-08-17,51.40072086,
2018-08-20,50.89989575,
2018-08-21,50.80067568,
2018-08-22,50.80303806,
2018-08-23,50.9069829,
2018-08-24,51.06526253,
2018-08-27,51.48576664,
2018-08-28,51.90154598,
2018-08-29,52.67640747,
2018-08-30,53.16069591,
2018-08-31,53.77491539,
2018-09-04,53.94736932,
2018-09-05,53.59537431,
2018-09-06,52.70475607,
2018-09-07,52.2795272,
2018-09-10,51.57789956,
2018-09-11,52.88193476,
2018-09-12,52.2251924,
2018-09-13,53.48670471,
2018-09-14,52.87957238,
2018-09-17,51.47159234,
2018-09-18,51.55663812,
2018-09-19,51.58734909,
2018-09-20,51.9795046,
2018-09-21,51.41961993,
2018-09-24,52.15904568,
2018-09-25,52.48977925,
2018-09-26,52.07163753,
2018-09-27,53.14179685,
2018-09-28,53.32842508,
2018-10-01,53.68750723,
2018-10-02,54.16470852,
2018-10-03,54.82381327,
2018-10-04,53.85996116,
2018-10-05,52.9858796,
2018-10-08,52.8630357,
2018-10-09,53.59537431,
2018-10-10,51.11251019,
2018-10-11,50.66129511,
2018-10-12,52.47088019,
2018-10-15,51.34874845,
2018-10-16,52.48032972,
2018-10-17,52.25354099,
2018-10-18,51.03218918,
2018-10-19,51.80941306,
2018-10-22,52.12597233,
2018-10-23,52.61734791,
2018-10-24,50.81248759,
2018-10-25,51.9251698,
2018-10-26,51.09833589,
2018-10-29,50.13920855,
2018-10-30,50.38962111,
2018-10-31,51.70310584,
2018-11-01,52.4968664,
2018-11-02,49.01471443,
2018-11-05,47.62327107,
2018-11-06,48.13827048,
2018-11-07,49.59822293,
2018-11-08,49.42516737,
2018-11-09,48.47217599,
2018-11-12,46.0304319,
2018-11-13,45.57053059,
2018-11-14,44.28328104,
2018-11-15,45.37613931,
2018-11-16,45.87871188,
2018-11-19,44.06044226,
2018-11-20,41.95532697,
2018-11-21,41.90791447,
2018-11-23,40.8435037,
2018-11-26,41.3958594,
2018-11-27,41.30577563,
2018-11-28,42.8940946,
2018-11-29,42.56457768,
2018-11-30,42.33462702,
2018-12-03,43.81389723,
2018-12-04,41.88657884,
2018-12-06,41.41956565,
2018-12-07,39.94266607,
2018-12-10,40.20580548,
2018-12-11,39.97585483,
2018-12-12,40.08727422,
2018-12-13,40.5258399,
2018-12-14,39.22910785,
2018-12-17,38.86403155,
2018-12-18,39.36897474,
2018-12-19,38.14099083,
2018-12-20,37.17851695,
2018-12-21,35.7324355,
2018-12-24,34.80789162,
2018-12-26,37.25911821,
2018-12-27,37.01731442,
2018-12-28,37.03627943,
2018-12-31,37.39424385,
2019-01-02,37.43691511,
2019-01-03,33.70792147,
2019-01-04,35.14689104,
2019-01-07,35.06866041,
2019-01-08,35.73717675,
2019-01-09,36.34405683,
2019-01-10,36.46021747,
2019-01-11,36.10225305,
2019-01-14,35.55937985,
2019-01-15,36.28716182,
2019-01-16,36.73046876,
2019-01-17,36.94856629,
2019-01-18,37.17614632,
2019-01-22,36.34168621,
2019-01-23,36.48866498,
2019-01-24,36.19944869,
2019-01-25,37.3989851,
2019-01-28,37.0528738,
2019-01-29,36.6688325,
2019-01-30,39.17458347,
2019-01-31,39.45668788,
2019-02-01,39.47565288,
2019-02-04,40.59695866,
2019-02-05,41.29155188,
2019-02-06,41.30577563,
2019-02-07,40.52346928,
2019-02-08,40.57108495,
2019-02-11,40.33776729,
2019-02-12,40.68536299,
2019-02-13,40.51632673,
2019-02-14,40.66393586,
2019-02-15,40.57346575,
2019-02-19,40.69488616,
2019-02-20,40.95677334,
2019-02-21,40.72583647,
2019-02-22,41.18056783,
2019-02-25,41.48054769,
2019-02-26,41.50435561,
2019-02-27,41.63291841,
2019-02-28,41.2234221,
2019-03-01,41.65672633,
2019-03-04,41.86623607,
2019-03-05,41.79005071,
2019-03-06,41.54959067,
2019-03-07,41.06867058,
2019-03-08,41.16628308,
2019-03-11,42.59237778,
2019-03-12,43.07091708,
2019-03-13,43.26138048,
2019-03-14,43.74230056,
2019-03-15,44.31130997,
2019-03-18,44.76366054,
2019-03-19,44.40892246,
2019-03-20,44.79699164,
2019-03-21,46.44688084,
2019-03-22,45.48504067,
2019-03-25,44.9350776,
2019-03-26,44.47082306,
2019-03-27,44.8707962,
2019-03-28,44.93031602,
2019-03-29,45.22315349,
2019-04-01,45.53027573,
2019-04-02,46.19213604,
2019-04-03,46.50878144,
2019-04-04,46.58972839,
2019-04-05,46.9016122,
2019-04-08,47.63965788,
2019-04-09,47.49681033,
2019-04-10,47.76345909,
2019-04-11,47.36586674,
2019-04-12,47.3468204,
2019-04-15,47.43252893,
2019-04-16,47.43729052,
2019-04-17,48.36103801,
2019-04-18,48.53483586,
2019-04-22,48.69434895,
2019-04-23,49.39668274,
2019-04-24,49.32049738,
2019-04-25,48.87290839,
2019-04-26,48.63959073,
2019-04-29,48.71339529,
2019-04-30,47.77536305,
2019-05-01,50.12044366,
2019-05-02,49.79427509,
2019-05-03,50.41328114,
2019-05-06,49.63476199,
2019-05-07,48.29675661,
2019-05-08,48.30627978,
2019-05-09,47.78726701,
2019-05-10,47.12524787,
2019-05-13,44.38635275,
2019-05-14,45.08900124,
2019-05-15,45.62913239,
2019-05-16,45.42837568,
2019-05-17,45.17025991,
2019-05-20,43.75779305,
2019-05-21,44.5966693,
2019-05-22,43.68370426,
2019-05-23,42.93803648,
2019-05-24,42.77312918,
2019-05-28,42.59627208,
2019-05-29,42.39312541,
2019-05-30,42.6130018,
2019-05-31,41.84104445,
2019-06-03,41.41802138,
2019-06-04,42.93325656,
2019-06-05,43.6263452,
2019-06-06,44.26685471,
2019-06-07,45.4451054,
2019-06-10,46.02586589,
2019-06-11,46.55882715,
2019-06-12,46.41064958,
2019-06-13,46.40108974,
2019-06-14,46.06410526,
2019-06-17,46.33895076,
2019-06-18,47.4287729,
2019-06-19,47.29015517,
2019-06-20,47.67015895,
2019-06-21,47.50764161,
2019-06-24,47.45984239,
2019-06-25,46.74046418,
2019-06-26,47.75141761,
2019-06-27,47.73707785,
2019-06-28,47.30210498,
2019-07-01,48.16966076,
2019-07-02,48.45167614,
2019-07-03,48.85318956,
2019-07-05,48.81017027,
2019-07-08,47.80399675,
2019-07-09,48.09557198,
2019-07-10,48.57117418,
2019-07-11,48.21745998,
2019-07-12,48.58790391,
2019-07-15,49.04438643,
2019-07-16,48.87469921,
2019-07-17,48.59985371,
2019-07-18,49.15193467,
2019-07-19,48.41821669,
2019-07-22,49.52476856,
2019-07-23,49.91194221,
2019-07-24,49.87131288,
2019-07-25,49.47696934,
2019-07-26,49.64904652,
2019-07-29,50.11269893,
2019-07-30,49.89760245,
2019-07-31,50.91572577,
2019-08-01,49.81395382,
2019-08-02,48.75998109,
2019-08-05,46.20750291,
2019-08-06,47.08222858,
2019-08-07,47.56978059,
2019-08-08,48.6189734,
2019-08-09,48.21833369,
2019-08-12,48.09598257,
2019-08-13,50.13276875,
2019-08-14,48.64056498,
2019-08-15,48.39826179,
2019-08-16,49.54020551,
2019-08-19,50.46383646,
2019-08-20,50.46623551,
2019-08-21,51.01321695,
2019-08-22,50.97003421,
2019-08-23,48.61417552,
2019-08-26,49.53780647,
2019-08-27,48.97882982,
2019-08-28,49.3074985,
2019-08-29,50.14236491,
2019-08-30,50.07759079,
2019-09-03,49.3482822,
2019-09-04,50.18554766,
2019-09-05,51.1667556,
2019-09-06,51.16195752,
2019-09-09,51.38027029,
2019-09-10,51.98722777,
2019-09-11,53.64016732,
2019-09-12,53.51901572,
2019-09-13,52.47903127,
2019-09-16,52.75492103,
2019-09-17,52.94684434,
2019-09-18,53.44344592,
2019-09-19,53.00921942,
2019-09-20,52.23432904,
2019-09-23,52.47183414,
2019-09-24,52.22233383,
2019-09-25,53.02601271,
2019-09-26,52.75252199,
2019-09-27,52.49582456,
2019-09-30,53.73133089,
2019-10-01,53.88007146,
2019-10-02,52.52941114,
2019-10-03,52.97563284,
2019-10-04,54.46063949,
2019-10-07,54.47263469,
2019-10-08,53.83448967,
2019-10-09,54.46543757,
2019-10-10,55.19954425,
2019-10-11,56.6677576,
2019-10-14,56.58619019,
2019-10-15,56.45424291,
2019-10-16,56.22633398,
2019-10-17,56.44464675,
2019-10-18,56.71573843,
2019-10-21,57.69934542,
2019-10-22,57.56739814,
2019-10-23,58.33988948,
2019-10-24,58.43585113,
2019-10-25,59.15556356,
2019-10-28,59.7481268,
2019-10-29,58.36627893,
2019-10-30,58.35908181,
2019-10-31,59.67855459,
2019-11-01,61.37227784,
2019-11-04,61.7753168,
2019-11-05,61.68655227,
2019-11-06,61.71294173,
2019-11-07,62.42518974,
2019-11-08,62.59603307,
2019-11-11,63.09171935,
2019-11-12,63.03396949,
2019-11-13,63.63793675,
2019-11-14,63.19759409,
2019-11-15,63.94834224,
2019-11-18,64.27077894,
2019-11-19,64.07587317,
2019-11-20,63.32993751,
2019-11-21,63.04600071,
2019-11-22,62.9906571,
2019-11-25,64.09512312,
2019-11-26,63.59462436,
2019-11-27,64.448841,
2019-11-29,64.3068726,
2019-12-02,63.56334319,
2019-12-03,62.43000223,
2019-12-04,62.98103212,
2019-12-05,63.90502984,
2019-12-06,65.13943305,
2019-12-09,64.22746655,
2019-12-10,64.60284062,
2019-12-11,65.15387051,
2019-12-12,65.31990135,
2019-12-13,66.20780541,
2019-12-16,67.34114637,
2019-12-17,67.47348979,
2019-12-18,67.31227144,
2019-12-19,67.37964627,
2019-12-20,67.24008412,
2019-12-23,68.33733141,
2019-12-24,68.4023,
2019-12-26,69.75942165,
2019-12-27,69.73295297,
2019-12-30,70.14682694,
2019-12-31,70.65935693,
2020-01-02,72.27154045,
2020-01-03,71.56891719,
2020-01-06,72.13919703,
2020-01-07,71.79991662,
2020-01-08,72.95491377,
2020-01-09,74.50453494,
2020-01-10,74.67297203,
2020-01-13,76.26831184,
2020-01-14,75.23843938,
2020-01-15,74.91600268,
2020-01-16,75.85443786,
2020-01-17,76.69421704,
2020-01-21,76.17446832,
2020-01-22,76.4463739,
2020-01-23,76.81452925,
2020-01-24,76.59315479,
2020-01-27,74.34091035,
2020-01-28,76.44396766,
2020-01-29,78.04411996,
2020-01-30,77.93102649,
2020-01-31,74.47566002,
2020-02-03,74.27112927,
2020-02-04,76.72309197,
2020-02-05,77.34871543,
2020-02-06,78.2534632,
2020-02-07,77.18979104,
2020-02-10,77.55640818,
2020-02-11,77.08848893,
2020-02-12,78.91916267,
2020-02-13,78.35717719,
2020-02-14,78.37647282,
2020-02-18,76.94135969,
2020-02-19,78.05568283,
2020-02-20,77.25491382,
2020-02-21,75.50624655,
2020-02-24,71.91966969,
2020-02-25,69.4835953,
2020-02-26,70.58585866,
2020-02-27,65.97178904,
2020-02-28,65.93319776,
2020-03-02,72.07162285,
2020-03-03,69.7826777,
2020-03-04,73.0195211,
2020-03-05,70.65098144,
2020-03-06,69.71273101,
2020-03-09,64.19900222,
2020-03-10,68.82271967,
2020-03-11,66.43247241,
2020-03-12,59.87195522,
2020-03-13,67.04510894,
2020-03-16,58.4199584,
2020-03-17,60.98869032,
2020-03-18,59.49569026,
2020-03-19,59.0398308,
2020-03-20,55.29165296,
2020-03-23,54.11703095,
2020-03-24,59.54634132,
2020-03-25,59.21831546,
2020-03-26,62.33456112,
2020-03-27,59.75376943,
2020-03-30,61.45902151,
2020-03-31,61.33359986,
2020-04-01,58.10640427,
2020-04-02,59.07601012,
2020-04-03,58.22700201,
2020-04-06,63.30657893,
2020-04-07,62.57334465,
2020-04-08,64.17488267,
2020-04-09,64.637978,
2020-04-13,65.90666625,
2020-04-14,69.23516395,
2020-04-15,68.60323178,
2020-04-16,69.14833357,
2020-04-17,68.21008314,
2020-04-20,66.79426564,
2020-04-21,64.72963229,
2020-04-22,66.59407339,
2020-04-23,66.33599422,
2020-04-24,68.25108637,
2020-04-27,68.29932546,
2020-04-28,67.19223819,
2020-04-29,69.39917688,
2020-04-30,70.86323347,
2020-05-01,69.72237883,
2020-05-04,70.70886836,
2020-05-05,71.77012849,
2020-05-06,72.51059863,
2020-05-07,73.26071659,
2020-05-08,75.00444373,
2020-05-11,76.18466392,
2020-05-12,75.31400968,
2020-05-13,74.40465971,
2020-05-14,74.86175318,
2020-05-15,74.41917061,
2020-05-18,76.1725715,
2020-05-19,75.73240741,
2020-05-20,77.20526416,
2020-05-21,76.62966497,
2020-05-22,77.1230357,
2020-05-26,76.60064316,
2020-05-27,76.93439395,
2020-05-28,76.96825273,
2020-05-29,76.89327972,
2020-06-01,77.83890696,
2020-06-02,78.19926107,
2020-06-03,78.62975122,
2020-06-04,77.95257571,
2020-06-05,80.172744,
2020-06-08,80.64676686,
2020-06-09,83.1934305,
2020-06-10,85.33378882,
2020-06-11,81.23687696,
2020-06-12,81.93823731,
2020-06-15,82.9515821,
2020-06-16,85.14998404,
2020-06-17,85.03147832,
2020-06-18,85.0653371,
2020-06-19,84.57922182,
2020-06-22,86.79213466,
2020-06-23,88.64469339,
2020-06-24,87.07993426,
2020-06-25,88.2359696,
2020-06-26,85.52484906,
2020-06-29,87.4959135,
2020-06-30,88.22629566,
2020-07-01,88.05942027,
2020-07-02,88.05942027,
2020-07-06,90.41502367,
2020-07-07,90.13447953,
2020-07-08,92.23372362,
2020-07-09,92.56263744,
2020-07-10,92.79239342,
2020-07-13,92.36432176,
2020-07-14,93.89280363,
2020-07-15,94.53853886,
2020-07-16,93.37524806,
2020-07-17,93.18660631,
2020-07-20,95.1504153,
2020-07-21,93.8371785,
2020-07-22,94.10079326,
2020-07-23,89.81765812,
2020-07-24,89.5951576,
2020-07-27,91.71858653,
2020-07-28,90.21187101,
2020-07-29,91.94108706,
2020-07-30,93.05358969,
2020-07-31,102.79524317,
2020-08-03,105.38543952,
2020-08-04,106.08921836,
2020-08-05,106.47375731,
2020-08-06,110.18854871,
2020-08-07,107.68332688,
2020-08-10,109.24848447,
2020-08-11,105.9994499,
2020-08-12,109.52226591,
2020-08-13,111.46054156,
2020-08-14,111.36120494,
2020-08-17,111.07046359,
2020-08-18,111.99599021,
2020-08-19,112.1365152,
2020-08-20,114.62477657,
2020-08-21,120.53167163,
2020-08-24,121.97326415,
2020-08-25,120.97262934,
2020-08-26,122.6177408,
2020-08-27,121.15191984,
2020-08-28,120.95566943,
2020-08-31,125.05754529,
2020-09-01,130.03891372,
2020-09-02,127.34471056,
2020-09-03,117.14938061,
2020-09-04,117.22691164,
2020-09-08,109.33812972,
2020-09-09,113.69924994,
2020-09-10,109.98745206,
2020-09-11,108.5434367,
2020-09-14,111.79489411,
2020-09-15,111.97418461,
2020-09-16,108.66942462,
2020-09-17,106.93466791,
2020-09-18,103.54268551,
2020-09-21,106.68269207,
2020-09-22,108.35930051,
2020-09-23,103.8140441,
2020-09-24,104.88009571,
2020-09-25,108.81479529,
2020-09-28,111.41208467,
2020-09-29,110.56893476,
2020-09-30,112.23585182,
2020-10-01,113.1856069,
2020-10-02,109.53195729,
2020-10-05,112.90455693,
2020-10-06,109.66763658,
2020-10-07,111.52838121,
2020-10-08,111.42177605,
2020-10-09,113.3600517,
2020-10-12,120.56074576,
2020-10-13,117.36259093,
2020-10-14,117.44981334,
2020-10-15,116.98462718,
2020-10-16,115.34678425,
2020-10-19,112.40060526,
2020-10-20,113.88338613,
2020-10-21,113.26313792,
2020-10-22,112.17770356,
2020-10-23,111.4896157,
2020-10-26,111.49930708,
2020-10-27,113.00147071,
2020-10-28,107.76812644,
2020-10-29,111.76097429,
2020-10-30,105.50034392,
2020-11-02,105.41312152,
2020-11-03,107.03158169,
2020-11-04,111.40239329,
2020-11-05,115.35647563,
2020-11-06,115.22541574,
2020-11-09,112.9245965,
2020-11-10,112.58481307,
2020-11-11,116.00206358,
2020-11-12,115.73023684,
2020-11-13,115.77877733,
2020-11-16,116.78841953,
2020-11-17,115.9049826,
2020-11-18,114.58468127,
2020-11-19,115.17687525,
2020-11-20,113.9148225,
2020-11-23,110.52669629,
2020-11-24,111.80816523,
2020-11-25,112.64306166,
2020-11-27,113.18671515,
2020-11-30,115.57490727,
2020-12-01,119.13777925,
2020-12-02,119.48727078,
2020-12-03,119.35135741,
2020-12-04,118.68149865,
2020-12-07,120.13771335,
2020-12-08,120.74932353,
2020-12-09,118.22521804,
2020-12-10,119.64260035,
2020-12-11,118.83682821,
2020-12-14,118.22521804,
2020-12-15,124.14715785,
2020-12-16,124.07920116,
2020-12-17,124.94322189,
2020-12-18,122.95791584,
2020-12-21,124.48694128,
2020-12-22,128.03039707,
2020-12-23,127.13725205,
2020-12-24,128.11776995,
2020-12-28,132.69999223,
2020-12-29,130.93311838,
2020-12-30,129.81668711,
2020-12-31,128.81675301,
2021-01-04,125.63249685,
2021-01-05,127.18579254,
2021-01-06,122.9045213,
2021-01-07,127.09841965,
2021-01-08,128.19543473,
2021-01-11,125.21504863,
2021-01-12,125.04030287,
2021-01-13,127.06929536,
2021-01-14,125.14709195,
2021-01-15,123.42875859,
2021-01-19,124.09861736,
2021-01-20,128.17601854,
2021-01-21,132.87473799,
2021-01-22,135.01051956,
2021-01-25,138.74813731,
2021-01-26,138.98113167,
2021-01-27,137.91324088,
2021-01-28,133.08831615,
2021-01-29,128.10806185,
2021-02-01,130.22442723,
2021-02-02,131.04961556,
2021-02-03,130.03026527,
2021-02-04,133.37955909,
2021-02-05,132.966348,
2021-02-08,133.11218708,
2021-02-09,132.23715262,
2021-02-10,131.6343511,
2021-02-11,131.38156336,
2021-02-12,131.61490589,
2021-02-16,129.49537796,
2021-02-17,127.21056576,
2021-02-18,126.11191137,
2021-02-19,126.26747306,
2021-02-22,122.50482486,
2021-02-23,122.36870839,
2021-02-24,121.87285553,
2021-02-25,117.63379968,
2021-02-26,117.89631002,
2021-03-01,124.24517119,
2021-03-02,121.64923561,
2021-03-03,118.67411844,
2021-03-04,116.79765564,
2021-03-05,118.05187171,
2021-03-08,113.1322335,
2021-03-09,117.72616443,
2021-03-10,116.65181656,
2021-03-11,118.57689238,
2021-03-12,117.67269011,
2021-03-15,120.55058123,
2021-03-16,122.08675284,
2021-03-17,121.29922183,
2021-03-18,117.18655985,
2021-03-19,116.66153917,
2021-03-22,119.96722492,
2021-03-23,119.14080348,
2021-03-24,116.75876522,
2021-03-25,117.24489548,
2021-03-26,117.847697,
2021-03-29,118.02270389,
2021-03-30,116.57403572,
2021-03-31,118.76162188,
2021-04-01,119.58804332,
2021-04-05,122.40759881,
2021-04-06,122.70899957,
2021-04-07,124.35211984,
2021-04-08,126.74388071,
2021-04-09,129.30578716,
2021-04-12,127.59946996,
2021-04-13,130.700981,
2021-04-14,128.36755577,
2021-04-15,130.76903924,
2021-04-16,130.43847066,
2021-04-19,131.09960781,
2021-04-20,129.41759712,
2021-04-21,129.79677872,
2021-04-22,128.28005232,
2021-04-23,130.59403235,
2021-04-26,130.98293655,
2021-04-27,130.66209058,
2021-04-28,129.87455957,
2021-04-29,129.77733351,
2021-04-30,127.81336727,
2021-05-03,128.86340863,
2021-05-04,124.30350682,
2021-05-05,124.54657194,
2021-05-06,126.14107919,
2021-05-07,126.81307857,
2021-05-10,123.54073432,
2021-05-11,122.62525707,
2021-05-12,119.56717346,
2021-05-13,121.70977981,
2021-05-14,124.12508151,
2021-05-17,122.97586538,
2021-05-18,121.59291037,
2021-05-19,121.43708445,
2021-05-20,123.98873383,
2021-05-21,122.15777932,
2021-05-24,123.78421232,
2021-05-25,123.58942992,
2021-05-26,123.54073432,
2021-05-27,122.01169252,
2021-05-28,121.3591715,
2021-06-01,121.03778054,
2021-06-02,121.79743188,
2021-06-03,120.31708568,
2021-06-04,122.60577883,
2021-06-07,122.61551795,
2021-06-08,123.43360401,
2021-06-09,123.81342968,
2021-06-10,122.82003946,
2021-06-11,124.02769031,
2021-06-14,127.0760348,
2021-06-15,126.25794874,
2021-06-16,126.75464385,
2021-06-17,128.35185949,
2021-06-18,127.05655656,
2021-06-21,128.8485546,
2021-06-22,130.48472672,
2021-06-23,130.21203137,
2021-06-24,129.9295969,
2021-06-25,129.6374233,
2021-06-28,131.2638563,
2021-06-29,132.77341987,
2021-06-30,133.38698442,
2021-07-01,133.68889713,
2021-07-02,136.30872035,
2021-07-06,138.31497902,
2021-07-07,140.79845456,
2021-07-08,139.50315163,
2021-07-09,141.32436703,
2021-07-12,140.73028072,
2021-07-13,141.84054038,
2021-07-14,145.25897142,
2021-07-15,144.60645039,
2021-07-16,142.57097436,
2021-07-19,138.73376117,
2021-07-20,142.33723549,
2021-07-21,141.6068015,
2021-07-22,142.97027827,
2021-07-23,144.68436335,
2021-07-26,145.1031455,
2021-07-27,142.94106091,
2021-07-28,141.19775847,
2021-07-29,141.84054038,
2021-07-30,142.05480101,
2021-08-02,141.72367094,
2021-08-03,143.51566898,
2021-08-04,143.11636507,
2021-08-05,143.22349539,
2021-08-06,142.54073588,
2021-08-09,142.49196733,
2021-08-10,142.01403548,
2021-08-11,142.26763197,
2021-08-12,145.22300647,
2021-08-13,145.42783441,
2021-08-16,147.39808407,
2021-08-17,146.49098893,
2021-08-18,142.75531753,
2021-08-19,143.08694371,
2021-08-20,144.54024668,
2021-08-23,146.02281079,
2021-08-24,145.93502739,
2021-08-25,144.70605978,
2021-08-26,143.90625545,
2021-08-27,144.94014884,
2021-08-30,149.34882632,
2021-08-31,148.09059757,
2021-09-01,148.75384993,
2021-09-02,149.86577301,
2021-09-03,150.49976424,
2021-09-07,152.83090123,
2021-09-08,151.28981485,
2021-09-09,150.27542889,
2021-09-10,145.30103616,
2021-09-13,145.86675141,
2021-09-14,144.47197071,
2021-09-15,145.35955843,
2021-09-16,145.12546936,
2021-09-17,142.46270619,
2021-09-20,139.41954829,
2021-09-21,139.89748014,
2021-09-22,142.25787826,
2021-09-23,143.21374196,
2021-09-24,143.30152536,
2021-09-27,141.78970012,
2021-09-28,138.41491603,
2021-09-29,139.31225747,
2021-09-30,138.01501387,
2021-10-01,139.13669066,
2021-10-04,135.71313802,
2021-10-05,137.63461913,
2021-10-06,138.50269943,
2021-10-07,139.76092818,
2021-10-08,139.38053344,
2021-10-11,139.29275004,
2021-10-12,138.02476758,
2021-10-13,137.43954491,
2021-10-14,140.21935261,
2021-10-15,141.27275342,
2021-10-18,142.94063804,
2021-10-19,145.09620822,
2021-10-20,145.58389379,
2021-10-21,145.79847543,
2021-10-22,145.02793225,
2021-10-25,144.97916369,
2021-10-26,145.64241605,
2021-10-27,145.18399163,
2021-10-28,148.8123722,
2021-10-29,146.11059419,
2021-11-01,145.29128245,
2021-11-02,146.32517584,
2021-11-03,147.75897139,
2021-11-04,147.24202469,
2021-11-05,147.76949385,
2021-11-08,146.94898635,
2021-11-09,147.31040036,
2021-11-10,144.48746384,
2021-11-11,144.43862411,
2021-11-12,146.50942876,
2021-11-15,146.5191967,
2021-11-16,147.49599135,
2021-11-17,149.92821001,
2021-11-18,154.20657056,
2021-11-19,156.8243802,
2021-11-22,157.28347369,
2021-11-23,157.6644236,
2021-11-24,158.18212476,
2021-11-26,153.17116823,
2021-11-29,156.52157386,
2021-11-30,161.46415477,
2021-12-01,160.9464536,
2021-12-02,159.95989101,
2021-12-03,158.0844453,
2021-12-06,161.48369066,
2021-12-07,167.20770728,
2021-12-08,171.01720639,
2021-12-09,170.50927318,
2021-12-10,175.28579899,
2021-12-13,171.66189086,
2021-12-14,170.28461041,
2021-12-15,175.13927979,
2021-12-16,168.26264549,
2021-12-17,167.16863549,
2021-12-20,165.81089094,
2021-12-21,168.97570558,
2021-12-22,171.56421139,
2021-12-23,172.18935996,
2021-12-27,176.14537828,
2021-12-28,175.12951185,
2021-12-29,175.21742336,
2021-12-30,174.06480568,
2021-12-31,173.44942506,
2022-01-03,177.78639328,
2022-01-04,175.52999765,
2022-01-05,170.86091925,
2022-01-06,168.00867889,
2022-01-07,168.17473398,
2022-01-10,168.19426987,
2022-01-11,171.01720639,
2022-01-12,171.45676398,
2022-01-13,168.19426987,
2022-01-14,169.05384916,
2022-01-18,165.85973067,
2022-01-19,162.37257379,
2022-01-20,160.692487,
2022-01-21,158.64121824,
2022-01-24,157.86955047,
2022-01-25,156.07224833,
2022-01-26,155.98433681,
2022-01-27,155.52524333,
2022-01-28,166.37743183,
2022-01-31,170.724168,
2022-02-01,170.55811291,
2022-02-02,171.75957032,
2022-02-03,168.88779407,
2022-02-04,168.60416242,
2022-02-07,167.89019387,
2022-02-08,170.99057785,
2022-02-09,172.40873456,
2022-02-10,168.34009186,
2022-02-11,164.93651575,
2022-02-14,165.17124514,
2022-02-15,168.99537806,
2022-02-16,168.76064868,
2022-02-17,165.17124514,
2022-02-18,163.62594334,
2022-02-22,160.71138679,
2022-02-23,156.55472057,
2022-02-24,159.16608499,
2022-02-25,161.22974752,
2022-02-28,161.49381808,
2022-03-01,159.61598299,
2022-03-02,162.9021944,
2022-03-03,162.57944149,
2022-03-04,159.58664181,
2022-03-07,155.80163045,
2022-03-08,153.9824777,
2022-03-09,159.37147321,
2022-03-10,155.03875994,
2022-03-11,151.33199171,
2022-03-14,147.31225096,
2022-03-15,151.68408579,
2022-03-16,156.08526179,
2022-03-17,157.09264208,
2022-03-18,160.37885349,
2022-03-21,161.74810825,
2022-03-22,165.11256279,
2022-03-23,166.47203716,
2022-03-24,170.24726813,
2022-03-25,170.88299355,
2022-03-28,171.74366797,
2022-03-29,175.02987938,
2022-03-30,173.86601284,
2022-03-31,170.77540925,
2022-04-01,170.48199751,
2022-04-04,174.52129904,
2022-04-05,171.21552685,
2022-04-06,168.05646052,
2022-04-07,168.35965264,
2022-04-08,166.35467246,
2022-04-11,162.10998272,
2022-04-12,163.97803742,
2022-04-13,166.65786459,
2022-04-14,161.66008473,
2022-04-18,161.44491612,
2022-04-19,163.72374725,
2022-04-20,163.5574806,
2022-04-21,162.76526892,
2022-04-22,158.23694784,
2022-04-25,159.30301047,
2022-04-26,153.35653267,
2022-04-27,153.13158368,
2022-04-28,160.04632019,
2022-04-29,154.18786592,
2022-05-02,154.49105804,
2022-05-03,155.97767749,
2022-05-04,162.37405328,
2022-05-05,153.3271915,
2022-05-06,154.05200422,
2022-05-09,148.93913887,
2022-05-10,151.33885537,
2022-05-11,143.49325164,
2022-05-12,139.63411573,
2022-05-13,144.09073208,
2022-05-16,142.55295457,
2022-05-17,146.17701621,
2022-05-18,137.92982728,
2022-05-19,134.53104514,
2022-05-20,134.76611941,
2022-05-23,140.1728276,
2022-05-24,137.47926826,
2022-05-25,137.63598444,
2022-05-26,140.8290766,
2022-05-27,146.56880666,
2022-05-31,145.78522577,
2022-06-01,145.65789387,
2022-06-02,148.10658417,
2022-06-03,142.39623839,
2022-06-06,143.14064024,
2022-06-07,145.65789387,
2022-06-08,144.92328678,
2022-06-09,139.71247382,
2022-06-10,134.3155604,
2022-06-13,129.17331076,
2022-06-14,130.03524975,
2022-06-15,132.65045099,
2022-06-16,127.39066422,
2022-06-17,128.8598784,
2022-06-21,133.08142048,
2022-06-22,132.5720929,
2022-06-23,135.43216317,
2022-06-24,138.75258722,
2022-06-27,138.75258722,
2022-06-28,134.61919799,
2022-06-29,136.37246025,
2022-06-30,133.91397519,
2022-07-01,136.07861741,
2022-07-05,138.65463961,
2022-07-06,139.98672713,
2022-07-07,143.34633023,
2022-07-08,144.02216875,
2022-07-11,141.89670557,
2022-07-12,142.86638693,
2022-07-13,142.50398076,
2022-07-14,145.4228196,
2022-07-15,147.08792901,
2022-07-18,144.05155303,
2022-07-19,147.90089419,
2022-07-20,149.89902547,
2022-07-21,152.16161531,
2022-07-22,150.9274754,
2022-07-25,149.81087262,
2022-07-26,148.48857986,
2022-07-27,153.57206092,
2022-07-28,154.12056755,
2022-07-29,159.17466433,
2022-08-01,158.19518821,
2022-08-02,156.72597403,
2022-08-03,162.72036789,
2022-08-04,162.40693553,
2022-08-05,162.18134312,
2022-08-08,161.71054152,
2022-08-09,161.75958335,
2022-08-10,165.99679776,
2022-08-11,165.26117026,
2022-08-12,168.80199063,
2022-08-15,169.8711026,
2022-08-16,169.71416873,
2022-08-17,171.20504047,
2022-08-18,170.8127058,
2022-08-19,168.23310536,
2022-08-22,164.35880052,
2022-08-23,164.02531606,
2022-08-24,164.31956706,
2022-08-25,166.77165873,
2022-08-26,160.48449568,
2022-08-29,158.28742155,
2022-08-30,155.86475498,
2022-08-31,154.20714101,
2022-09-01,154.93296014,
2022-09-02,152.8241613,
2022-09-06,151.56869037,
2022-09-07,152.9712868,
2022-09-08,151.5000318,
2022-09-09,154.35426651,
2022-09-12,160.29813672,
2022-09-13,150.89191307,
2022-09-14,152.33374297,
2022-09-15,149.45008316,
2022-09-16,147.81208593,
2022-09-19,151.51964853,
2022-09-20,153.89327327,
2022-09-21,150.77421267,
2022-09-22,149.81299273,
2022-09-23,147.54726003,
2022-09-26,147.8807445,
2022-09-27,148.8517728,
2022-09-28,146.96856639,
2022-09-29,139.74960851,
2022-09-30,135.55162757,
2022-10-03,139.72018341,
2022-10-04,143.30023725,
2022-10-05,143.59448825,
2022-10-06,142.64307669,
2022-10-07,137.40540888,
2022-10-10,137.72908498,
2022-10-11,136.31668017,
2022-10-12,135.68894471,
2022-10-13,140.24983521,
2022-10-14,135.72817817,
2022-10-17,139.68094995,
2022-10-18,140.99527108,
2022-10-19,141.10316312,
2022-10-20,140.64216988,
2022-10-21,144.44781616,
2022-10-24,146.58604009,
2022-10-25,149.42065806,
2022-10-26,146.48795643,
2022-10-27,142.02514958,
2022-10-28,152.75550274,
2022-10-31,150.40149473,
2022-11-01,147.76304409,
2022-11-02,142.25074202,
2022-11-03,136.21859651,
2022-11-04,135.95333185,
2022-11-07,136.48386226,
2022-11-08,137.05369123,
2022-11-09,132.50488413,
2022-11-10,144.29444897,
2022-11-11,147.07482134,
2022-11-14,145.67972284,
2022-11-15,147.40885901,
2022-11-16,146.18077934,
2022-11-17,148.07693435,
2022-11-18,148.63693868,
2022-11-21,145.41445763,
2022-11-22,147.54640394,
2022-11-23,148.42079666,
2022-11-25,145.512704,
2022-11-28,141.69092007,
2022-11-29,138.69440567,
2022-11-30,145.4341069,0.01980000000000004
2022-12-01,145.70919675,0.01980000000000004
2022-12-02,145.21796488,0.01980000000000004
2022-12-05,144.05865767,0.01980000000000004
2022-12-06,140.40389257,0.01980000000000004
2022-12-07,138.46843901,0.01980000000000004
2022-12-08,140.148452,0.01980000000000004
2022-12-09,139.66704477,0.01980000000000004
2022-12-12,141.95618528,0.01980000000000004
2022-12-13,142.91899974,0.01980000000000004
2022-12-14,140.69863169,0.01980000000000004
2022-12-15,134.10630002,0.01980000000000004
2022-12-16,132.15119719,0.019799999999999596
2022-12-19,130.04872479,0.01980000000000004
2022-12-20,129.97995233,0.01980000000000004
2022-12-21,133.0747131,0.01980000000000004
2022-12-22,129.91117987,0.01980000000000004
2022-12-23,129.54766828,0.01980000000000004
2022-12-27,127.74975965,0.01980000000000004
2022-12-28,123.82972934,0.01980000000000004
2022-12-29,127.33712488,0.01980000000000004
2022-12-30,127.65151327,0.019799999999999596
2023-01-03,122.87673951,0.01980000000000004
2023-01-04,124.14411773,0.019799999999999596
2023-01-05,122.82761633,0.01980000000000004
2023-01-06,127.34694951,0.01980000000000004
2023-01-09,127.8676553,0.01980000000000004
2023-01-10,128.43748426,0.01980000000000004
2023-01-11,131.14908417,0.01980000000000004
2023-01-12,131.07048708,0.01980000000000004
2023-01-13,132.39681312,0.01980000000000004
2023-01-17,133.55612033,0.01980000000000004
2023-01-18,132.8389218,0.019799999999999596
2023-01-19,132.89786963,0.01980000000000004
2023-01-20,135.45227534,0.01980000000000004
2023-01-23,138.63545785,0.01980000000000004
2023-01-24,140.03055635,0.01980000000000004
2023-01-25,139.37230565,0.01980000000000004
2023-01-26,141.4354795,0.01980000000000004
2023-01-27,143.37093306,0.01980000000000004
2023-01-30,140.49231431,0.01980000000000004
2023-01-31,141.75969253,0.01980000000000004
2023-02-01,142.87970119,0.01980000000000004
2023-02-02,148.17518073,0.01980000000000004
2023-02-03,151.79064728,0.01980000000000004
2023-02-06,149.06922273,0.01980000000000004
2023-02-07,151.93801684,0.01980000000000004
2023-02-08,149.25589084,0.019799999999999596
2023-02-09,148.22430391,0.01980000000000004
2023-02-10,148.58837032,0.01980000000000004
2023-02-13,151.38282746,0.01980000000000004
2023-02-14,150.743251,0.01980000000000004
2023-02-15,152.83909385,0.01980000000000004
2023-02-16,151.24507253,0.019799999999999596
2023-02-17,150.10367454,0.01980000000000004
2023-02-21,146.09894196,0.01980000000000004
2023-02-22,146.52204639,0.01980000000000004
2023-02-23,147.00418864,0.01980000000000004
2023-02-24,144.35732607,0.01980000000000004
2023-02-27,145.54792224,0.01980000000000004
2023-02-28,145.04610072,0.01980000000000004
2023-03-01,142.97977678,0.01980000000000004
2023-03-02,143.57015505,0.01980000000000004
2023-03-03,148.6080496,0.01980000000000004
2023-03-06,151.36314818,0.01980000000000004
2023-03-07,149.16890895,0.01980000000000004
2023-03-08,150.41854295,0.01980000000000004
2023-03-09,148.17510553,0.01980000000000004
2023-03-10,146.11862124,0.01980000000000004
2023-03-13,148.05702988,0.01980000000000004
2023-03-14,150.14303309,0.01980000000000004
2023-03-15,150.5366186,0.019299999999999873
2023-03-16,153.35075501,0.019299999999999873
2023-03-17,152.5143858,0.019300000000000317
2023-03-20,154.87589887,0.019300000000000317
2023-03-21,156.72575078,0.019300000000000317
2023-03-22,155.2990033,0.019300000000000317
2023-03-23,156.38136345,0.018000000000000238
2023-03-24,157.68019564,0.01750000000000007
2023-03-27,155.741787,0.01750000000000007
2023-03-28,155.12188982,0.01750000000000007
2023-03-29,158.19185681,0.01750000000000007
2023-03-30,159.75635922,0.017499999999999627
2023-03-31,162.25562722,0.017499999999999627
2023-04-03,163.50526122,0.01750000000000007
2023-04-04,162.97392078,0.01750000000000007
2023-04-05,161.13390851,0.01750000000000007
2023-04-06,162.01947591,0.01750000000000007
2023-04-10,159.43165117,0.01750000000000007
2023-04-11,158.22137572,0.01750000000000007
2023-04-12,157.53260108,0.01750000000000007
2023-04-13,162.90504331,0.01750000000000007
2023-04-14,162.56065599,0.017499999999999627
2023-04-17,162.58033526,0.01750000000000007
2023-04-18,163.80045035,0.01750000000000007
2023-04-19,164.94184833,0.01750000000000007
2023-04-20,163.97756383,0.017000000000000348
2023-04-21,162.37370287,0.016999999999999904
2023-04-24,162.67873164,0.016999999999999904
2023-04-25,161.14374815,0.016999999999999904
2023-04-26,161.13390851,0.016999999999999904
2023-04-27,165.70934008,0.01529999999999987
2023-04-28,166.95897408,0.01529999999999987
2023-05-01,166.87041734,0.01529999999999987
2023-05-02,165.83725537,0.014600000000000168
2023-05-03,164.76473485,0.014600000000000168
2023-05-04,163.13135498,0.014599999999999724
2023-05-05,170.78659318,0.014600000000000168
2023-05-08,170.71771572,0.014599999999999724
2023-05-09,169.01545838,0.014600000000000168
2023-05-10,170.77183373,0.014600000000000168
2023-05-11,170.96370666,0.014600000000000168
2023-05-12,170.0375005,0.014600000000000168
2023-05-15,169.5448381,0.014599999999999724
2023-05-16,169.5448381,0.014600000000000168
2023-05-17,170.15573948,0.014599999999999724
2023-05-18,172.481106,0.014599999999999724
2023-05-19,172.58949173,0.014600000000000168
2023-05-22,171.64357993,0.014599999999999724
2023-05-23,169.04232246,0.014599999999999724
2023-05-24,169.3182134,0.014599999999999724
2023-05-25,170.45133692,0.014600000000000168
2023-05-26,172.85552943,0.014600000000000168
2023-05-30,174.6980868,0.014599999999999724
2023-05-31,174.64882056,0.014600000000000168
2023-06-01,177.44714299,0.014599999999999724
2023-06-02,178.29452232,0.014600000000000168
2023-06-05,176.94462734,0.014600000000000168
2023-06-06,176.58005717,0.014600000000000168
2023-06-07,175.2104557,0.014599999999999724
2023-06-08,177.92009889,0.014600000000000168
2023-06-09,178.30437556,0.014600000000000168
2023-06-12,181.09284474,0.014599999999999724
2023-06-13,180.61988884,0.014599999999999724
2023-06-14,181.25049671,0.01130000000000031
2023-06-15,183.2802658,0.011299999999999866
2023-06-16,182.20626177,0.011299999999999866
2023-06-20,182.294941,0.011299999999999866
2023-06-21,181.26034996,0.012199999999999989
2023-06-22,184.25573735,0.012199999999999989
2023-06-23,183.94043341,0.012199999999999989
2023-06-26,182.55112545,0.012199999999999989
2023-06-27,185.30018164,0.012199999999999989
2023-06-28,186.47271815,0.012199999999999989
2023-06-29,186.80772858,0.012199999999999989
2023-06-30,191.1234512,0.012199999999999989
2023-07-03,189.63561075,0.012199999999999989
2023-07-05,188.52219373,0.012299999999999756
2023-07-06,188.99514963,0.0123000000000002
2023-07-07,187.88173261,0.0123000000000002
2023-07-10,185.84211027,0.012599999999999945
2023-07-11,185.31988813,0.0129999999999999
2023-07-12,186.98508704,0.0129999999999999
2023-07-13,187.74378714,0.0129999999999999
2023-07-14,187.89158586,0.0129999999999999
2023-07-17,191.14315769,0.0129999999999999
2023-07-18,190.88697324,0.0129999999999999
2023-07-19,192.23686822,0.0129999999999999
2023-07-20,190.29577836,0.0129999999999999
2023-07-21,189.12324185,0.0129999999999999
2023-07-24,189.92135494,0.015899999999999803
2023-07-25,190.77858752,0.015899999999999803
2023-07-26,191.64567334,0.016100000000000225
2023-07-27,190.3844576,0.01650000000000018
2023-07-28,192.95615532,0.01650000000000018
2023-07-31,193.5670567,0.016900000000000137
2023-08-01,192.73445724,0.016900000000000137
2023-08-02,189.75384972,0.016899999999999693
2023-08-03,188.36454176,0.018199999999999772
2023-08-04,179.31926011,0.018200000000000216
2023-08-07,176.22534024,0.018200000000000216
2023-08-08,177.1613988,0.020300000000000207
2023-08-09,175.57502587,0.020299999999999763
2023-08-10,175.35825442,0.020300000000000207
2023-08-11,175.41745341,0.020300000000000207
2023-08-14,177.06516783,0.020299999999999763
2023-08-15,175.08199059,0.020299999999999763
2023-08-16,174.21373389,0.020300000000000207
2023-08-17,171.67802966,0.020300000000000207
2023-08-18,172.16149077,0.020300000000000207
2023-08-21,173.49347549,0.020300000000000207
2023-08-22,174.86492641,0.020300000000000207
2023-08-23,178.7030157,0.020299999999999763
2023-08-24,174.02626937,0.020299999999999763
2023-08-25,176.22651079,0.020299999999999763
2023-08-28,177.78542623,0.020299999999999763
2023-08-29,181.66298173,0.020299999999999763
2023-08-30,185.14587509,0.020299999999999763
2023-08-31,185.36293926,0.020300000000000207
2023-09-01,186.93172126,0.020299999999999763
2023-09-05,187.16851854,0.020299999999999763
2023-09-06,180.46912876,0.020300000000000207
2023-09-07,175.19052268,0.020300000000000207
2023-09-08,175.80224899,0.020300000000000207
2023-09-11,176.96650229,0.020299999999999763
2023-09-12,173.94733694,0.020299999999999763
2023-09-13,171.88522728,0.020299999999999763
2023-09-14,173.39480995,0.020299999999999763
2023-09-15,172.67455155,0.020300000000000207
2023-09-18,175.59505137,0.020300000000000207
2023-09-19,176.68037224,0.020299999999999763
2023-09-20,173.14814612,0.020300000000000207
2023-09-21,171.60896378,0.020300000000000207
2023-09-22,172.45748738,0.020300000000000207
2023-09-25,173.73027277,0.020300000000000207
2023-09-26,169.66525276,0.020299999999999763
2023-09-27,168.15567008,0.020299999999999763
2023-09-28,168.41220047,0.020299999999999763
2023-09-29,168.92526125,0.020300000000000207
2023-10-02,171.43136582,0.020300000000000207
2023-10-03,170.09938111,0.020300000000000207
2023-10-04,171.34256684,0.020299999999999763
2023-10-05,172.57588602,0.020300000000000207
2023-10-06,175.1214568,0.020299999999999763
2023-10-09,176.60143982,0.020299999999999763
2023-10-10,176.00944661,0.020299999999999763
2023-10-11,177.40063064,0.020300000000000207
2023-10-12,178.29848701,0.020300000000000207
2023-10-13,176.46330807,0.020300000000000207
2023-10-16,176.33504287,0.020300000000000207
2023-10-17,174.78599399,0.020300000000000207
2023-10-18,173.49347549,0.020299999999999763
2023-10-19,173.11854646,0.020299999999999763
2023-10-20,170.57297567,0.020299999999999763
2023-10-23,170.69137431,0.020299999999999763
2023-10-24,171.12550266,0.009999999999999787
2023-10-25,168.81672916,0.007800000000000029
2023-10-26,164.66291017,0.007800000000000029
2023-10-27,165.97516177,0.007800000000000029
2023-10-30,168.01753833,0.007800000000000029
2023-10-31,168.4911329,0.006099999999999994
2023-11-01,171.64843,0.006099999999999994
2023-11-02,175.20038923,0.006099999999999994
2023-11-03,174.29266631,0.006099999999999994
2023-11-06,176.8382371,0.006099999999999994
2023-11-07,179.39367444,0.006099999999999994
2023-11-08,180.44939565,0.006099999999999994
2023-11-09,179.97580109,0.006099999999999994
2023-11-10,184.15485213,0.006099999999999994
2023-11-13,182.57412378,0.006099999999999994
2023-11-14,185.18232555,0.006099999999999994
2023-11-15,185.74546003,0.006099999999999994
2023-11-16,187.42498389,0.006099999999999994
2023-11-17,187.40522479,0.006099999999999994
2023-11-20,189.14402597,0.006099999999999994
2023-11-21,188.34378224,0.006099999999999994
2023-11-22,189.00571224,0.006099999999999994
2023-11-24,187.68185225,0.006099999999999994
2023-11-27,187.50402031,0.006099999999999994
2023-11-28,188.10667299,0.006099999999999994
2023-11-29,187.08907912,0.005999999999999783
2023-11-30,187.66209314,0.005999999999999783
2023-12-01,188.93655537,0.005999999999999783
2023-12-04,187.14835643,0.005999999999999783
2023-12-05,191.09029774,0.006000000000000227
2023-12-06,190.003547,0.005999999999999783
2023-12-07,191.93005967,0.005999999999999783
2023-12-08,193.35271518,0.006000000000000227
2023-12-11,190.85318849,0.005999999999999783
2023-12-12,192.36475997,0.0054000000000002935
2023-12-13,195.57561442,0.00550000000000006
2023-12-14,195.7238077,0.00649999999999995
2023-12-15,195.19031188,0.006600000000000161
2023-12-18,193.53054712,0.007299999999999862
2023-12-19,194.5679001,0.007599999999999607
2023-12-20,192.48331459,0.007600000000000051
2023-12-21,192.33512131,0.008099999999999774
2023-12-22,191.26812968,0.008099999999999774
2023-12-26,190.72475431,0.008799999999999919
2023-12-27,190.82354983,0.008799999999999919
2023-12-28,191.24837058,0.008799999999999919
2023-12-29,190.2110176,0.008799999999999919
2024-01-02,183.40400617,0.00849999999999973
2024-01-03,182.03074842,0.008500000000000174
2024-01-04,179.71893321,0.008500000000000174
2024-01-05,178.99772591,0.008500000000000174
2024-01-08,183.32496975,0.008199999999999985
2024-01-09,182.91002856,0.008199999999999985
2024-01-10,183.94738153,0.008100000000000218
2024-01-11,183.35460841,0.008099999999999774
2024-01-12,183.68063363,0.00790000000000024
2024-01-16,181.41821618,0.007899999999999796
2024-01-17,180.47965873,0.00790000000000024
2024-01-18,186.35799226,0.007899999999999796
2024-01-19,189.25270104,0.00790000000000024
2024-01-22,191.55463669,0.008199999999999985
2024-01-23,192.82909892,0.008199999999999985
2024-01-24,192.15728937,0.00820000000000043
2024-01-25,191.83126415,0.008799999999999919
2024-01-26,190.10234253,0.008799999999999919
2024-01-29,189.42065343,0.008599999999999941
2024-01-30,185.77509868,0.008600000000000385
2024-01-31,182.1789417,0.008599999999999941
2024-02-01,184.60931153,0.006799999999999695
2024-02-02,183.61147676,0.006299999999999972
2024-02-05,185.41943481,0.006199999999999761
2024-02-06,187.01992225,0.006200000000000205
2024-02-07,187.12859733,0.006299999999999972
2024-02-08,186.05172614,0.006600000000000161
2024-02-09,186.81342304,0.006600000000000161
2024-02-12,185.131756,0.006699999999999928
2024-02-13,183.04451045,0.006699999999999928
2024-02-14,182.1641083,0.006699999999999928
2024-02-15,181.87723569,0.006400000000000183
2024-02-16,180.34395104,0.006299999999999972
2024-02-20,179.60203911,0.006299999999999972
2024-02-21,180.3538432,0.006299999999999972
2024-02-22,182.3817358,0.007400000000000073
2024-02-23,180.55168638,0.00649999999999995
2024-02-26,179.20635275,0.006500000000000394
2024-02-27,180.66050013,0.006699999999999928
2024-02-28,179.46354889,0.006699999999999928
2024-02-29,178.80077423,0.006700000000000372
2024-03-01,177.7225289,0.007000000000000117
2024-03-04,173.21170439,0.007000000000000117
2024-03-05,168.2854092,0.006999999999999673
2024-03-06,167.2961933,0.007000000000000117
2024-03-07,167.17748739,0.007000000000000117
2024-03-08,168.8888309,0.007000000000000117
2024-03-11,170.88704702,0.007000000000000117
2024-03-12,171.36187065,0.007199999999999651
2024-03-13,169.28451726,0.00749999999999984
2024-03-14,171.134351,0.007600000000000051
2024-03-15,170.75844895,0.008100000000000218
2024-03-18,171.84658644,0.008599999999999941
2024-03-19,174.18113597,0.008599999999999941
2024-03-20,176.74320516,0.008599999999999941
2024-03-21,169.52192908,0.008599999999999941
2024-03-22,170.42211555,0.008599999999999941
2024-03-25,169.00753681,0.008699999999999708
2024-03-26,167.87983068,0.008700000000000152
2024-03-27,171.44100793,0.008699999999999708
2024-03-28,169.63074282,0.008700000000000152
2024-04-01,168.19637977,0.008699999999999708
2024-04-02,167.01921284,0.009100000000000108
2024-04-03,167.82047772,0.009100000000000108
2024-04-04,166.99942853,0.009100000000000108
2024-04-05,167.75123261,0.009399999999999853
2024-04-08,166.63341864,0.009400000000000297
2024-04-09,167.84026204,0.009399999999999853
2024-04-10,165.97064399,0.009399999999999853
2024-04-11,173.15235144,0.009500000000000064
2024-04-12,174.64606745,0.009500000000000064
2024-04-15,170.82769407,0.009500000000000064
2024-04-16,167.55338943,0.009500000000000064
2024-04-17,166.18827149,0.009000000000000341
2024-04-18,165.23862422,0.00990000000000002
2024-04-19,163.22062378,0.010099999999999998
2024-04-22,164.05156514,0.010099999999999998
2024-04-23,165.100134,0.010099999999999998
2024-04-24,167.19727171,0.010099999999999998
2024-04-25,168.05788954,0.010099999999999998
2024-04-26,167.47425216,0.010099999999999998
2024-04-29,171.62895895,0.010099999999999998
2024-04-30,168.49314454,0.010099999999999998
2024-05-01,167.47425216,0.010000000000000231
2024-05-02,171.16402747,0.010000000000000231
2024-05-03,181.40241206,0.009299999999999642
2024-05-06,179.7504215,0.009299999999999642
2024-05-07,180.43298047,0.009300000000000086
2024-05-08,180.76931388,0.009399999999999853
2024-05-09,182.57957898,0.009300000000000086
2024-05-10,181.32157088,0.009299999999999642
2024-05-13,184.52107196,0.009300000000000086
2024-05-14,185.66021322,0.009100000000000108
2024-05-15,187.92859015,0.009099999999999664
2024-05-16,188.04745706,0.009100000000000108
2024-05-17,188.07717379,0.009300000000000086
2024-05-20,189.2361262,0.009299999999999642
2024-05-21,190.53375667,0.008999999999999897
2024-05-22,189.09744813,0.008800000000000363
2024-05-23,185.11540653,0.008399999999999963
2024-05-24,188.18613513,0.00849999999999973
2024-05-28,188.1960407,0.009100000000000108
2024-05-29,188.49320799,0.009099999999999664
2024-05-30,189.4837656,0.008599999999999941
2024-05-31,190.43470091,0.008199999999999985
2024-06-03,192.19789346,0.007300000000000306
2024-06-04,192.51487189,0.007299999999999862
2024-06-05,194.02051946,0.007700000000000262
2024-06-06,192.64364438,0.008199999999999985
2024-06-07,195.03088823,0.008199999999999985
2024-06-10,191.29648603,0.00890000000000013
2024-06-11,205.19400932,0.00890000000000013
2024-06-12,211.05811039,0.008999999999999897
2024-06-13,212.21706279,0.008999999999999897
2024-06-14,210.48358697,0.008999999999999897
2024-06-17,214.62411779,0.009199999999999875
2024-06-18,212.26659067,0.009399999999999853
2024-06-20,207.70012008,0.009500000000000064
2024-06-21,205.53079891,0.009500000000000064
2024-06-24,206.17466136,0.009600000000000275
2024-06-25,207.09587994,0.009599999999999831
2024-06-26,211.23641076,0.009600000000000275
2024-06-27,212.07838473,0.009700000000000042
2024-06-28,208.63124424,0.009700000000000042
2024-07-01,214.7033624,0.009799999999999809
2024-07-02,218.19012519,0.00990000000000002
2024-07-03,219.45803894,0.00990000000000002
2024-07-05,224.2028099,0.00990000000000002
2024-07-08,225.66883516,0.00990000000000002
2024-07-09,226.52071471,0.009100000000000108
2024-07-10,230.78011244,0.009100000000000108
2024-07-11,225.42119576,0.009100000000000108
2024-07-12,228.36315187,0.009000000000000341
2024-07-15,232.18670425,0.008999999999999897
2024-07-16,232.60273845,0.008999999999999897
2024-07-17,226.71882623,0.009500000000000064
2024-07-18,222.06320546,0.009500000000000064
2024-07-19,222.19197795,0.00890000000000013
2024-07-22,221.84528278,0.00890000000000013
2024-07-23,222.88536827,0.007600000000000051
2024-07-24,216.47646053,0.007600000000000051
2024-07-25,215.43637503,0.007600000000000051
2024-07-26,215.90193711,0.007600000000000051
2024-07-29,216.17929324,0.007600000000000051
2024-07-30,216.7340055,0.007299999999999862
2024-07-31,219.98303447,0.008299999999999752
2024-08-01,216.29816015,0.007300000000000306
2024-08-02,217.78399657,0.006600000000000161
2024-08-05,207.29399146,0.006599999999999717
2024-08-06,205.27325393,0.006600000000000161
2024-08-07,207.83879815,0.007200000000000095
2024-08-08,211.29584421,0.007599999999999607
2024-08-09,214.19817802,0.007299999999999862
2024-08-12,215.72540179,0.008000000000000007
2024-08-13,219.43437528,0.007899999999999796
2024-08-14,219.88064214,0.00790000000000024
2024-08-15,222.85575456,0.008099999999999774
2024-08-16,224.17472107,0.008099999999999774
2024-08-19,224.01604841,0.006899999999999906
2024-08-20,224.63090497,0.006600000000000161
2024-08-21,224.52181752,0.006099999999999994
2024-08-22,222.66733078,0.00649999999999995
2024-08-23,224.95816734,0.007000000000000117
2024-08-26,225.29534675,0.007700000000000262
2024-08-27,226.13829527,0.007400000000000073
2024-08-28,224.61107089,0.006800000000000139
2024-08-29,227.88369456,0.006999999999999673
2024-08-30,227.10024829,0.007200000000000095
2024-09-03,220.92193149,0.0047000000000001485
2024-09-04,219.01785954,0.0046000000000003816
2024-09-05,220.53516687,0.0047999999999999154
2024-09-06,218.98810841,0.00550000000000006
2024-09-09,219.07736179,0.005700000000000038
2024-09-10,218.28399847,0.004999999999999893
2024-09-11,220.81284403,0.007299999999999862
2024-09-12,220.92193149,0.007899999999999796
2024-09-13,220.65417137,0.007899999999999796
2024-09-16,214.52543978,0.008000000000000007
2024-09-17,214.99154072,0.007799999999999585
2024-09-18,218.85918687,0.007800000000000029
2024-09-19,226.97132675,0.008100000000000218
2024-09-20,226.30688497,0.008100000000000218
2024-09-23,224.59123681,0.007200000000000095
2024-09-24,225.48377054,0.007800000000000029
2024-09-25,224.49206639,0.007000000000000117
2024-09-26,225.63252616,0.006199999999999761
2024-09-27,225.90028628,0.00550000000000006
2024-09-30,231.06706485,0.0054000000000002935
2024-10-01,224.33339373,0.00550000000000006
2024-10-02,224.89866509,0.006399999999999739
2024-10-03,223.7978735,0.006799999999999695
2024-10-04,224.91849918,0.00649999999999995
2024-10-07,219.85089102,0.007400000000000073
2024-10-08,223.89704391,0.00649999999999995
2024-10-09,227.63576852,0.00649999999999995
2024-10-10,227.13991645,0.006400000000000183
2024-10-11,225.66227728,0.006400000000000183
2024-10-14,229.38116781,0.0051000000000001044
2024-10-15,231.91001337,0.005300000000000082
2024-10-16,229.8571858,0.0051000000000001044
2024-10-17,230.22411633,0.005600000000000271
2024-10-18,233.05047313,0.0046000000000003816
2024-10-21,234.51819526,0.0049000000000001265
2024-10-22,233.90333869,0.0047999999999999154
2024-10-23,228.84564757,0.0048000000000003595
2024-10-24,228.65722379,0.004100000000000215
2024-10-25,229.49025527,0.005600000000000271
2024-10-28,231.46374651,0.0044999999999997264
2024-10-29,231.73150662,0.004200000000000426
2024-10-30,228.19112284,0.0042999999999997485
2024-10-31,224.03588249,0.0040999999999997705
2024-11-01,221.06077007,0.0040999999999997705
2024-11-04,220.16823634,0.0052000000000003155
2024-11-05,221.5962903,0.005199999999999871
2024-11-06,220.87234628,0.0049000000000001265
2024-11-07,225.59285799,0.004699999999999704
2024-11-08,225.3248038,0.0034000000000000696
2024-11-11,222.61447284,0.0036000000000000476
2024-11-12,222.61447284,0.0036999999999998145
2024-11-13,223.49806059,0.0041999999999999815
2024-11-14,226.57572578,0.0041999999999999815
2024-11-15,223.37892516,0.0038999999999997925
2024-11-18,226.37716673,0.0041999999999999815
2024-11-19,226.63529349,0.0041999999999999815
2024-11-20,227.35010605,0.0038000000000000256
2024-11-21,226.87356435,0.0039000000000002366
2024-11-22,228.2138379,0.0039999999999995595
2024-11-25,231.19222356,0.0040000000000000036
2024-11-26,233.3664451,0.0040000000000000036
2024-11-27,233.23738172,0.0038000000000000256
2024-11-29,235.62009026,0.0038000000000000256
2024-12-02,237.86380746,0.0038000000000000256
2024-12-03,240.90176085,0.0038000000000000256
2024-12-04,241.25916713,0.0032999999999998586
2024-12-05,241.28895098,0.0033000000000003027
2024-12-06,241.09039194,0.0032000000000000917
2024-12-09,244.97222126,0.0034000000000000696
2024-12-10,245.98487239,0.0034999999999998366
2024-12-11,244.7140945,0.0039000000000002366
2024-12-12,246.17350348,0.0038000000000000256
2024-12-13,246.34227867,0.004100000000000215
2024-12-16,249.23131277,0.0038999999999997925
2024-12-17,251.65373311,0.0040000000000000036
2024-12-18,246.26285505,0.0039000000000002366
2024-12-19,247.99031874,0.0040000000000000036
2024-12-20,252.65645628,0.0041999999999999815
2024-12-23,253.43083656,0.0038999999999997925
2024-12-24,256.33972656,0.0034000000000000696
2024-12-26,257.15381864,0.0033999999999996255
2024-12-27,253.74853103,0.0038000000000000256
2024-12-30,250.38295522,0.0038000000000000256
2024-12-31,248.61577973,0.0038000000000000256
2025-01-02,242.09311511,0.0036999999999998145
2025-01-03,241.60664545,0.0042999999999997485
2025-01-06,243.23482962,0.0042999999999997485
2025-01-07,240.46493095,0.0043000000000001926
2025-01-08,240.95140061,0.0042999999999997485
2025-01-10,235.14354855,0.00550000000000006
2025-01-13,232.71120026,0.005699999999999594
2025-01-14,231.59926961,0.00550000000000006
2025-01-15,236.15619968,0.006099999999999994
2025-01-16,226.61543759,0.005800000000000249
2025-01-17,228.32304537,0.005800000000000249
2025-01-21,221.03592843,0.0043999999999999595
2025-01-22,222.21735475,0.0047999999999999154
2025-01-23,222.04857956,0.0041999999999999815
2025-01-24,221.17491977,0.0041999999999999815
2025-01-27,228.20390994,0.0037000000000002586
2025-01-28,236.54338982,0.0040000000000000036
2025-01-29,237.63546456,0.0037000000000002586
2025-01-30,235.87821702,0.0038000000000000256
2025-01-31,234.29967261,0.0038000000000000256
2025-02-03,226.36723878,0.0040999999999997705
2025-02-04,231.1227279,0.0043000000000001926
2025-02-05,230.79510548,0.0036000000000000476
2025-02-06,231.53970189,0.0036000000000000476
2025-02-07,225.9899766,0.0036000000000000476
2025-02-10,226.25832523,0.0036000000000000476
2025-02-11,231.19794252,0.004899999999999682
2025-02-12,235.42196133,0.0041999999999999815
2025-02-13,240.05347372,0.0038999999999997925
2025-02-14,243.10470614,0.0036999999999998145
2025-02-18,242.97550085,0.0036000000000000476
2025-02-19,243.37305557,0.0042999999999997485
2025-02-20,244.32718687,0.0043000000000001926
2025-02-21,244.04889858,0.0043999999999999595
2025-02-24,245.58942308,0.0043999999999999595
2025-02-25,245.52978988,0.0047000000000001485
2025-02-26,238.89062619,0.004699999999999704
2025-02-27,235.84933265,0.006299999999999972
2025-02-28,240.36157863,0.005800000000000249
2025-03-03,236.57487,0.005600000000000271
2025-03-04,234.48770776,0.005700000000000038
2025-03-05,234.29886927,0.005600000000000271
2025-03-06,233.89137569,0.005600000000000271
2025-03-07,237.60851225,0.006000000000000227
2025-03-10,226.08936448,0.006099999999999994
2025-03-11,219.48995627,0.006099999999999994
2025-03-12,215.6535533,0.006099999999999994
2025-03-13,208.39817981,0.0047999999999999154
2025-03-14,212.18488844,0.0048000000000003595
2025-03-17,212.6917707,0.00550000000000006
2025-03-18,211.38977902,0.0045000000000001705
2025-03-19,213.92419031,0.0044999999999997264
2025-03-20,212.79115938,0.0048000000000003595
2025-03-21,216.93566725,0.0043999999999999595
2025-03-24,219.38062872,0.004999999999999893
2025-03-25,222.38216679,0.004699999999999704
2025-03-26,220.17573814,0.005599999999999827
2025-03-27,222.48155547,0.005399999999999849
2025-03-28,216.56792914,0.0052000000000003155
2025-03-31,220.77207021,0.005700000000000038
2025-04-01,221.8255902,0.0040999999999997705
2025-04-02,222.52131094,0.0040999999999997705
2025-04-03,201.94785462,0.0030000000000001137
2025-04-04,187.22839142,0.002300000000000413
2025-04-07,180.35069491,0.0020999999999999908
2025-04-08,171.36595843,0.0016000000000002679
2025-04-09,197.634386,0.0015000000000000568
2025-04-10,189.25592045,0.0005999999999999339
2025-04-11,196.93866525,0.001100000000000101
2025-04-14,201.28195048,0.001100000000000101
2025-04-15,200.9042735,0.00039999999999995595
2025-04-16,193.08238455,0.001100000000000101
2025-04-17,195.77581772,0.0011999999999998678
2025-04-21,191.97917023,-0.0009000000000001229
2025-04-22,198.51894523,-0.000700000000000145
2025-04-23,203.34923498,-0.00140000000000029
2025-04-24,207.09618813,-0.0010999999999996568
2025-04-25,208.0006251,-0.0009000000000001229
2025-04-28,208.85536773,-0.0006999999999997009
2025-04-29,209.91882659,-0.000700000000000145
2025-04-30,211.20094053,-0.0013000000000000789
2025-05-01,212.01592769,-0.0012999999999996348
2025-05-02,204.09465006,-0.0012999999999996348
2025-05-05,197.67414147,-0.001000000000000334
2025-05-06,197.29646449,-0.0017000000000000348
2025-05-07,195.05028037,-0.0019999999999997797
2025-05-08,196.28269998,-0.0019000000000000128
2025-05-09,197.31634223,-0.0019000000000000128
2025-05-12,209.77612324,-0.0016000000000002679
2025-05-13,211.90583008,-0.0013000000000000789
2025-05-14,211.30871601,-0.0009999999999998899
2025-05-15,210.43294872,-0.0005999999999999339
2025-05-16,210.24386259,-0.0004999999999997229
2025-05-19,207.77579112,-0.0002999999999997449
2025-05-20,205.86502611,0.00009999999999976694
2025-05-21,201.11796929,-0.000300000000000189
2025-05-22,200.39148051,-0.000300000000000189
2025-05-23,194.33077274,0
2025-05-27,199.24701188,-0.0002999999999997449
2025-05-28,199.4560018,0.00009999999999976694
2025-05-29,198.98826245,0
2025-05-30,199.88393355,-0.0005999999999999339
2025-06-02,200.72984514,0.00009999999999976694
2025-06-03,202.29229362,0.00009999999999976694
2025-06-04,201.84445807,-0.00019999999999997797
2025-06-05,199.66499173,-0.0002999999999997449
2025-06-06,202.93916719,-0.00010000000000021103
2025-06-09,200.48104762,0.00019999999999997797
2025-06-10,201.69517955,0.000500000000000167
2025-06-11,197.82389002,0.0009999999999998899
2025-06-12,198.24186987,0.0010999999999996568
2025-06-13,195.50509707,0.0021999999999997577
2025-06-16,197.46562158,0.0017000000000000348
2025-06-17,194.69899308,0.0034000000000000696
2025-06-18,195.63447178,0.0045999999999999375
2025-06-20,200.03321207,0.0045999999999999375
2025-06-23,200.53080712,0.0034999999999998366
2025-06-24,199.33657899,0.00019999999999997797
2025-06-25,200.59051853,-0.00010000000000021103
2025-06-26,200.03321207,-0.0006999999999997009
2025-06-27,200.11282728,-0.00019999999999997797
2025-06-30,204.18315483,-0.00039999999999995595
2025-07-01,206.82040862,0.0006999999999997009
2025-07-02,211.41818692,0.0006999999999997009
2025-07-03,212.52284795,0.00039999999999995595
2025-07-07,208.94016355,0.0007999999999999119
2025-07-08,208.99987496,0.0029999999999996696
2025-07-09,210.12443978,0.0028000000000001357
2025-07-10,211.38833122,0.0026000000000001577
2025-07-11,210.14434358,0.0028000000000001357
2025-07-14,207.6165607,0.0015000000000000568
2025-07-15,208.10420386,0.0011999999999998678
2025-07-16,209.14915347,0.0015999999999998238
2025-07-17,209.00982686,0.0015999999999998238
2025-07-18,210.16424739,0.0013000000000000789
2025-07-21,211.45799453,0.0016000000000002679
2025-07-22,213.36875954,0.0015000000000000568
2025-07-23,213.11996201,0.0020999999999999908
2025-07-24,212.73183787,0.0015000000000000568
2025-07-25,212.85126068,0.0015000000000000568
2025-07-28,213.020443,0.0018000000000002458
2025-07-29,210.2538145,0.0030000000000001137
2025-07-30,208.04449245,0.0034999999999998366
2025-07-31,206.57161109,0.0038999999999997925
2025-08-01,201.40657442,0.0034999999999998366
2025-08-04,202.37190883,0.0040999999999997705
2025-08-05,201.94397708,0.0040999999999997705
2025-08-06,212.22429091,0.0036000000000000476
2025-08-07,218.97167986,0.0037000000000002586
2025-08-08,228.24685168,0.0041999999999999815
2025-08-11,226.34388162,0.004100000000000215
2025-08-12,228.80479098,0.0017999999999998018
2025-08-13,232.47124702,0.0038999999999997925
2025-08-14,231.92327125,0.0034000000000000696
2025-08-15,230.73765096,0.0026999999999999247
2025-08-18,230.04022725,0.0018000000000002458
2025-08-19,229.71144179,0.0019999999999997797
2025-08-20,225.17818771,0.0027999999999996916
2025-08-21,224.07227298,0.0032999999999998586
2025-08-22,226.92174698,0.0031000000000003247
2025-08-25,226.32395523,0.0032999999999998586
2025-08-26,228.46604232,0.0032999999999998586
2025-08-27,229.64169942,0.0031000000000003247
2025-08-28,231.70408095,0.0041999999999999815
2025-08-29,231.28562672,0.0033000000000003027
2025-09-02,228.87453335,0.0036999999999998145
2025-09-03,237.59232965,0.0028000000000001357
2025-09-04,238.8975083,0.0028000000000001357
2025-09-05,238.80783954,0.0017999999999998018
2025-09-08,237.0045011,0.002000000000000224
2025-09-09,233.48749299,0.0020999999999999908
2025-09-10,225.95531699,0.0024999999999999467
2025-09-11,229.18339242,0.0022999999999999687
2025-09-12,233.20852351,0.0036000000000000476
2025-09-15,235.828844,0.0033999999999996255
2025-09-16,237.27350739,0.0036999999999998145
2025-09-17,238.11041583,0.0036000000000000476
2025-09-18,237.0045011,0.0038000000000000256
2025-09-19,244.59645628,0.0039000000000002366
2025-09-22,255.13751741,0.0037000000000002586
2025-09-23,253.49359011,0.0047000000000001485
2025-09-24,251.3813926,0.0049000000000001265
2025-09-25,255.92460988,0.0049000000000001265
2025-09-26,254.51979927,0.0035000000000002807
2025-09-29,253.49359011,0.0026999999999999247
2025-09-30,253.69285402,0.002200000000000202
2025-10-01,254.50983608,0.0019000000000000128
2025-10-02,256.18365297,0.0013000000000000789
2025-10-03,257.07037739,0.000700000000000145
2025-10-06,255.74527235,0.00019999999999997797
2025-10-07,255.53604524,0.0005999999999999339
2025-10-08,257.11023017,0.000700000000000145
2025-10-09,253.10502547,0.000300000000000189
2025-10-10,244.36730278,-0.001200000000000312
2025-10-13,246.74850657,-0.0008999999999996788
2025-10-14,246.85810172,-0.0009000000000001229
2025-10-15,248.42232346,-0.0013000000000000789
2025-10-16,246.53927946,-0.0007999999999999119
2025-10-17,251.36146621,-0.0016000000000002679
2025-10-20,261.27484601,-0.001100000000000101
2025-10-21,261.80289538,-0.0011999999999998678
2025-10-22,257.49879481,-0.0012999999999996348
2025-10-23,258.62463593,0.0013999999999998458
2025-10-24,261.85271136,0.002000000000000224
2025-10-27,267.82066563,0.002300000000000413
2025-10-28,268.00996635,0.001100000000000101
2025-10-29,268.70739006,0.001000000000000334
2025-10-30,270.40113334,0.0013000000000000789
2025-10-31,269.37492417,0.0015000000000000568
2025-11-03,268.05978233,0.001200000000000312
2025-11-04,269.04613871,0.0009999999999998899
2025-11-05,269.14577067,0.0013000000000000789
2025-11-06,268.77713243,0.0014999999999996128
2025-11-07,267.48191698,0.0028000000000001357
2025-11-10,268.69860493,0.0027999999999996916
2025-11-11,274.50280595,0.0041999999999999815
2025-11-12,272.72763794,0.0034000000000000696
2025-11-13,272.20904954,0.0034999999999998366
2025-11-14,271.67051542,0.004699999999999704
2025-11-17,266.7339527,0.0045000000000001705
2025-11-18,266.71400699,0.006199999999999761
2025-11-19,267.83096664,0.005900000000000016
2025-11-20,265.52723737,0.0040000000000000036
2025-11-21,270.75301286,0.0038000000000000256
2025-11-24,275.17098717,0.0034000000000000696
2025-11-25,276.21813684,0.0028000000000001357
2025-11-26,276.79656237,0.0028999999999999027
2025-11-28,278.09303339,0.0028000000000001357
2025-12-01,282.33149633,0.0031999999999996476
2025-12-02,285.41310821,0.0044999999999997264
2025-12-03,283.378646,0.0043999999999999595
2025-12-04,279.93801138,0.0043000000000001926
2025-12-05,278.02322341,0.005900000000000016
2025-12-08,277.13563941,0.0052000000000003155
2025-12-09,276.42756677,0.0040000000000000036
2025-12-10,278.02322341,0.0043999999999999595
2025-12-11,277.27525936,0.0038999999999997925
2025-12-12,277.52458071,0.0025999999999997137
2025-12-15,273.3659006,0.00140000000000029
2025-12-16,273.8645433,-0.00039999999999995595
2025-12-17,271.10206274,-0.000300000000000189
2025-12-18,271.45111263,-0.000500000000000167
2025-12-19,272.92709502,-0.0005999999999999339
2025-12-22,270.23442445,-0.000300000000000189
2025-12-23,271.62065115,-0.00019999999999997797
2025-12-24,273.06671498,0.00019999999999997797
2025-12-26,272.65782797,-0.001000000000000334
2025-12-29,273.01685071,-0.00040000000000040004
2025-12-30,272.33869664,-0.00019999999999997797
2025-12-31,271.12200845,-0.0004999999999997229
2026-01-02,270.27431586,-0.0009999999999998899
2026-01-05,266.53449562,-0.00040000000000040004
2026-01-06,261.64779717,-0.0016000000000002679
2026-01-07,259.62330781,-0.0026000000000001577
2026-01-08,258.33680964,-0.0013000000000000789
2026-01-09,258.66591382,-0.0007999999999999119
2026-01-12,259.54352498,0.00009999999999976694
2026-01-13,260.34135329,0.0019999999999997797
2026-01-14,259.25431221,0.0028000000000001357
2026-01-15,257.50906276,0.0028000000000001357
2026-01-16,254.83633789,0.0030000000000001137
2026-01-20,246.03030783,0.0040999999999997705
2026-01-21,246.97772895,0.0043999999999999595
2026-01-22,247.67582873,0.0023999999999997357
2026-01-23,247.36667026,0.0032000000000000917
2026-01-26,254.71666365,0.0030999999999998806
2026-01-27,257.56889989,0.0034999999999998366
2026-01-28,255.74386761,0.005900000000000016
2026-01-29,257.57887274,0.007899999999999796
2026-01-30,258.77561522,0.009600000000000275
2026-02-02,269.27703047,0.006299999999999972
2026-02-03,268.7484692,0.007800000000000029
2026-02-04,275.73943985,0.00949999999999962
2026-02-05,275.16101432,0.007600000000000051
2026-02-06,277.36501505,0.007899999999999796
2026-02-09,274.13078732,0.008199999999999985
2026-02-10,273.19246185,0.006699999999999928
2026-02-11,275.00921967,0.008000000000000007
2026-02-12,261.26374978,0.006500000000000394
2026-02-13,255.32434921,0.006400000000000183
2026-02-17,263.40991974,0.006699999999999928
2026-02-18,263.87908247,0.010099999999999998
2026-02-19,260.11579841,0.013000000000000345
2026-02-20,264.10867274,0.012599999999999945
2026-02-23,265.70582248,0.01429999999999998
2026-02-24,271.65520523,0.012199999999999989
2026-02-25,273.74148207,0.012100000000000222
2026-02-26,272.46376229,0.01130000000000031
2026-02-27,263.70938531,0.014799999999999702
2026-03-02,264.24842335,0.03689999999999971
2026-03-03,263.28015132,0.046699999999999964
2026-03-04,262.05234246,0.042300000000000004
2026-03-05,259.82631502,0.05480000000000018
2026-03-06,257.00135643,0.06099999999999994
2026-03-09,259.4170454,0.07620000000000005
2026-03-10,260.36535306,0.05650000000000022
2026-03-11,260.34538869,0.0625
2026-03-12,255.30438484,0.08000000000000007
2026-03-13,249.67443203,0.0822999999999996
2026-03-16,252.36962221,0.06839999999999957
2026-03-17,253.77711041,0.06550000000000011
2026-03-18,249.49475269,0.06960000000000033
2026-03-19,248.51649847,0.07459999999999978
2026-03-20,247.54822645,0.07879999999999976
2026-03-23,251.04199149,0.07200000000000006
2026-03-24,251.19172428,0.07410000000000005
2026-03-25,252.16997849,0.06840000000000002
2026-03-26,252.43949751,0.08029999999999982
2026-03-27,248.3567835,0.08990000000000009
2026-03-30,246.19064918,0.09140000000000015
2026-03-31,253.33789423,0.08910000000000018
2026-04-01,255.17461642,0.08869999999999978
2026-04-02,255.46409981,0.09220000000000006
2026-04-06,258.39886245,0.08929999999999971
2026-04-07,253.04841084,0.10440000000000005
2026-04-08,258.43879119,0.0783999999999998
2026-04-09,260.02595874,0.0895999999999999
2026-04-10,260.01597655,0.0804999999999998
2026-04-13,258.73825677,0.08470000000000022
2026-04-14,258.36891589,0.07520000000000016
2026-04-15,265.95537712,0.07879999999999976
2026-04-16,262.93077482,0.08150000000000013
2026-04-17,269.74860774,0.07060000000000022
2026-04-20,272.56358414,0.07519999999999971
2026-04-21,265.69584029,0.08909999999999973
2026-04-22,272.68337037,0.09810000000000008
2026-04-23,272.94290721,0.09840000000000027
2026-04-24,270.57712916,0.09529999999999994
2026-04-27,267.13327505,0.09830000000000005
2026-04-28,270.22775266,0.10530000000000017
2026-04-29,269.73862555,0.11799999999999988
2026-04-30,270.86661255,0.11039999999999983
2026-05-01,279.6409539,0.10329999999999995
2026-05-04,276.33685039,0.10709999999999997
2026-05-05,283.67375697,0.10210000000000008
2026-05-06,286.99782486,0.08659999999999979
2026-05-07,286.92794956,0.08640000000000025
2026-05-08,292.79747483,0.08389999999999986
2026-05-11,292.42779472,0.08879999999999999
2026-05-12,294.54596789,0.09699999999999998
2026-05-13,298.61246073,0.09220000000000006
2026-05-14,297.95302946,0.09269999999999978
2026-05-15,299.97128881,0.10809999999999986
2026-05-18,297.58334829,0.11059999999999981
2026-05-19,298.71237456,0.11859999999999982
2026-05-20,301.98954815,0.10449999999999982
2026-05-21,304.72718707,0.09240000000000004
2026-05-22,308.55388672,0.09310000000000018
2026-05-26,308.06430896,0.08010000000000028
2026-05-27,310.58213745,0.0686
2026-05-28,312.24070701,0.06850000000000023
2026-05-29,311.79109478,0.07120000000000015
2026-06-01,306.04604961,0.07859999999999978
2026-06-02,314.92838901,0.08000000000000007
2026-06-03,309.99264586,0.08619999999999983
2026-06-04,310.96181,0.07509999999999994
2026-06-05,307.07516205,0.07060000000000022
2026-06-08,301.28015997,0.0697000000000001
2026-06-09,290.29963016,0.06540000000000035
2026-06-10,291.3287426,0.06999999999999984
2026-06-11,295.37525267,0.06509999999999971
2026-06-12,290.87913037,0.060499999999999776
2026-06-15,296.16457192,0.050200000000000244
2026-06-16,298.9821419,0.04320000000000013
2026-06-17,295.69497693,0.04800000000000004
2026-06-18,297.7532018,0.04459999999999997
2026-06-22,296.75406351,0.04459999999999997
2026-06-23,294.04639875,0.05180000000000007
2026-06-24,292.82745003,0.058699999999999974
2026-06-25,274.91290049,0.0687000000000002
2026-06-26,283.53546394,0.06440000000000001
2026-06-29,281.49722182,0.07000000000000028
2026-06-30,289.11065559,0.07220000000000004
2026-07-01,294.12632981,0.0726
2026-07-02,308.36405044,0.06570000000000009
2026-07-06,312.39057775,0.07739999999999991
2026-07-07,310.39230117,0.07310000000000016
2026-07-08,313.1199487,0.10460000000000003
2026-07-09,315.94751006,0.09850000000000003
2026-07-10,315.0482856,0.09899999999999975
2026-07-13,317.0365708,0.11640000000000006
2026-07-14,314.58868199,0.14469999999999983
2026-07-15,327.21778998,0.13569999999999993
2026-07-16,332.97282653,0.14910000000000023
2026-07-17,333.4524129,0.14529999999999976
2026-07-20,326.30857413,0.15629999999999988
2026-07-21,327.45758316,0.16489999999999982
2026-07-22,325.60917733,0.16920000000000002
2026-07-23,321.38282236,0.18869999999999987
2026-07-24,332.73303334,0.16630000000000011
2026-07-27,336.61968128,0.16369999999999996
2026-07-28,339.78694966,0.1753
2026-07-29,337.8985783,0.19309999999999983
2026-07-30,333.14268003,0.18050000000000033
2026-07-31,308.64380916,0.17110000000000003
2026-08-03,303.15853995,0.14279999999999982
2026-08-04,309.11340416,0.1311
2026-08-05,310.73200819,0.12549999999999972
2026-08-06,312.14079318,0.13329999999999975
2026-08-07,313.06000041,0.1318999999999999
2026-08-10,308.26,0.15989999999999993
2026-08-11,304.91,0.1676000000000002
2026-08-12,302.25,0.16620000000000035
2026-08-13,305.26,0.1578999999999997
2026-08-14,305.93,0.15890000000000004
2026-08-17,305.59,0.16880000000000006
2026-08-18,310.03,0.16669999999999963
2026-08-19,316.83,0.1642999999999999
2026-08-20,311.3,0.1532
2026-08-21,309.35,0.15840000000000032
2026-08-24,310.34,0.13600000000000012
2026-08-25,309.9,0.13870000000000005
2026-08-26,313.45,0.1508999999999996
2026-08-27,314.58,0.14970000000000017
2026-08-28,319.7,0.1615000000000002
2026-08-31,316.85,0.17639999999999922
2026-09-01,325.13,0.1968999999999994
2026-09-02,324.96,0.19920000000000027
2026-09-03,328.21,0.18510000000000026
2026-09-04,319.97,0.17459999999999987
2026-09-08,316.22,0.16680000000000028
2026-09-09,315.34,0.19010000000000016
2026-09-10,326.57,0.21879999999999988
2026-09-11,332.82,0.21419999999999995